process,temperature_c,vdd_v,sample_index,rndseed,mismatch_seed,process_seed,valid,lower_bound,cmc_op1_vout,cmc_op1_vinp,cmc_offset,cmc_op_parity,cmc_npts,cmc_dm_vderr,cmc_dm_vcerr,cmc_cm_vcerr,cmc_cm_leak,cmc_det_min,cmc_acm_min,cmc_cmrr_spread,cmc_acm_spread,cmc_ad_spread,cmc_acm_re0,cmc_acm_im0,cmc_cmrr_dc,cmc_ad_dc,cmc_acm_dc,cmc_cmrr_1k,cmc_ad_1k,cmc_acm_1k,cmc_cmrr_10k,cmc_ad_10k,cmc_acm_10k,cmc_cmrr_100k,cmc_ad_100k,cmc_acm_100k,cmc_cmrr_1m,cmc_ad_1m,cmc_acm_1m,cmc_cmrr_fu,cmc_ad_fu,cmc_acm_fu,cmc_fu_hz
typical,27,3.30,0,1240223581,1073930998,250201949,1,0,1.651141,1.65,0.00114122,0.0,201.0,1.006151e-13,5.030757e-14,3.40291e-19,6.805819e-19,1.0,6.798561e-05,2.221725e-10,8.098696e-05,8.098686e-05,0.4276222,-0.000185512,103.3957,96.01685,0.4276214,103.3956,83.04222,0.09601285,103.3935,63.26457,0.00985261,103.1889,43.26679,0.001009014,95.50826,23.2611,0.0002441418,64.25519,0.0,0.0006130516,13151700.0
typical,27,3.30,1,1176304945,1947764510,250201949,1,0,1.647644,1.65,-0.00235553,0.0,201.0,1.002907e-13,5.014535e-14,1.808801e-18,3.617602e-18,1.0,7.588823e-05,4.150991e-11,7.884972e-05,7.88497e-05,2.273006,-0.000973325,88.8568,95.98879,2.273002,88.8568,83.12439,0.5168679,88.85664,63.3526,0.05306375,88.84109,43.35488,0.005317282,87.48597,23.34919,0.0006210991,63.91162,0.0,0.0006376921,13265050.0
typical,27,3.30,2,1017889434,874458741,250201949,1,0,1.651475,1.65,0.001474799,0.0,201.0,1.003967e-13,5.019834e-14,1.747368e-18,3.494736e-18,1.0,7.3478e-05,4.303047e-11,8.034198e-05,8.034196e-05,2.195808,-0.000949116,89.1661,95.99797,2.195803,89.1661,83.05631,0.4948922,89.16592,63.28039,0.05078359,89.14871,43.28264,0.005089747,87.6717,23.27695,0.0006029236,63.961,0.0,0.0006340625,13172550.0
typical,27,3.30,3,1361313330,1101914347,250201949,1,0,1.648094,1.65,-0.00190585,0.0,201.0,1.005583e-13,5.027914e-14,1.15863e-18,2.31726e-18,1.0,7.355899e-05,6.404832e-11,7.914896e-05,7.914893e-05,1.455977,-0.000624607,92.74886,96.01194,1.455974,92.74886,83.13193,0.3304864,92.74853,63.3593,0.03392645,92.71588,43.36158,0.003406317,90.2351,23.35585,0.0004529369,64.06866,0.0,0.0006262906,13267220.0
typical,27,3.30,4,1232209559,927740409,250201949,1,0,1.659709,1.65,0.009708925,0.0,201.0,1.001552e-13,5.007758e-14,2.955002e-18,5.910004e-18,1.0,7.112803e-05,2.565059e-11,7.971906e-05,7.971905e-05,3.713365,-0.0015989,84.58171,95.97705,3.713358,84.58171,83.06747,0.8400168,84.58163,63.29326,0.08621469,84.57373,43.29552,0.008631561,83.83608,23.28984,0.0009390484,63.57877,0.0,0.000662541,13192020.0
typical,27,3.30,5,619397391,59473658,250201949,1,0,1.646268,1.65,-0.00373206,0.0,201.0,1.004081e-13,5.020404e-14,3.699754e-19,7.399509e-19,1.0,7.070109e-05,2.069811e-10,8.02104e-05,8.021052e-05,-0.464925,0.0002008895,102.6513,95.99895,0.4649239,102.6513,83.06405,0.1048665,102.6506,63.28848,0.01076198,102.5842,43.29073,0.001084748,98.19526,23.28507,0.0001796762,64.43613,0.0,0.0006004893,13188720.0
typical,27,3.30,6,646426993,2098686427,250201949,1,0,1.651217,1.65,0.001217095,0.0,201.0,1.002798e-13,5.013992e-14,8.963404e-19,1.792681e-18,1.0,6.870577e-05,8.438406e-11,7.9667e-05,7.966704e-05,-1.12637,0.0004849248,94.95421,95.98785,1.126372,94.95421,83.08096,0.254881,94.95427,63.30689,0.0261596,94.96007,43.30916,0.002614896,95.37574,23.30352,0.0002491088,64.35353,0.0,0.0006063077,13216430.0
typical,27,3.30,7,1107893449,307414235,250201949,1,0,1.64931,1.65,-0.000689632,0.0,201.0,9.933754e-14,4.966877e-14,2.661467e-18,5.322934e-18,1.0,8.068746e-05,2.751221e-11,7.566993e-05,7.566992e-05,3.344498,-0.001403,85.41925,95.90585,3.344492,85.41925,83.21079,0.7754914,85.41914,63.44832,0.07970012,85.40887,43.45071,0.007981633,84.47499,23.44516,0.0008881953,63.56161,0.0,0.0006638361,13415560.0
typical,27,3.30,8,38296370,1478913752,250201949,1,0,1.650239,1.65,0.0002394945,0.0,201.0,1.003226e-13,5.016129e-14,6.896229e-19,1.379246e-18,1.0,7.337235e-05,1.109868e-10,8.085517e-05,8.085512e-05,0.8666057,-0.000375734,97.23514,95.99155,0.866604,97.23513,83.02365,0.1947267,97.23453,63.24634,0.01997977,97.17461,43.24857,0.002012323,93.31007,23.24296,0.0003137937,64.18455,0.0,0.0006180389,13142730.0
typical,27,3.30,9,1470414224,1384402118,250201949,1,0,1.65181,1.65,0.001809712,0.0,201.0,1.001419e-13,5.007094e-14,2.022769e-18,4.045538e-18,1.0,7.422736e-05,3.700507e-11,7.809966e-05,7.809964e-05,2.541886,-0.00108328,87.87279,95.9759,2.541881,87.87279,83.15084,0.5806344,87.87265,63.38119,0.05962481,87.85863,43.3835,0.0059737,86.62273,23.37782,0.0006882631,63.80388,0.0,0.0006456298,13304480.0
typical,27,3.30,10,156066993,35629529,250201949,1,0,1.646836,1.65,-0.00316375,0.0,201.0,9.958469e-14,4.979235e-14,1.170534e-18,2.341069e-18,1.0,7.687369e-05,6.330936e-11,7.625241e-05,7.625244e-05,-1.47094,0.000619532,92.57557,95.92743,1.470934,92.57557,83.20085,0.3398318,92.57562,63.43662,0.03491804,92.58111,43.43899,0.003490549,93.05297,23.43346,0.0003303882,64.34319,0.0,0.0006070651,13405210.0
typical,27,3.30,11,1050221736,511027610,250201949,1,0,1.659354,1.65,0.009354278,0.0,201.0,1.004301e-13,5.021506e-14,8.254613e-20,1.650923e-19,1.0,6.687517e-05,9.03114e-10,8.04683e-05,8.046794e-05,0.1037305,-4.48199e-05,115.6827,96.00086,0.1037303,115.6826,83.05274,0.02336185,115.668,63.27648,0.002401185,114.4075,43.27872,0.0002776893,99.64127,23.27306,0.0001519111,64.08509,0.0,0.0006252527,13172160.0
typical,27,3.30,12,457791525,1265091155,250201949,1,0,1.651127,1.65,0.001127384,0.0,201.0,1.004782e-13,5.02391e-14,9.414752e-19,1.88295e-18,1.0,6.631164e-05,8.103029e-11,8.044836e-05,8.044841e-05,-1.18309,0.0005118381,94.54466,96.00502,1.18309,94.54466,83.0579,0.2664784,94.54469,63.2817,0.02734324,94.54806,43.28394,0.00273397,94.72363,23.27827,0.0002677518,64.43615,0.0,0.0006005478,13179560.0
typical,27,3.30,13,71279637,1738843984,250201949,1,0,1.645698,1.65,-0.00430208,0.0,201.0,1.01706e-13,5.0853e-14,9.10879e-19,1.821758e-18,1.0,6.646828e-05,8.560619e-11,8.561666e-05,8.56167e-05,-1.14464,0.0005108676,94.93712,96.11051,1.144642,94.93712,82.9063,0.2502991,94.93713,63.11692,0.02564421,94.93842,43.11902,0.002564659,94.89148,23.11318,0.0002576825,64.79715,0.0,0.0005759658,12935340.0
typical,27,3.30,14,836028248,1427378972,250201949,1,0,1.660305,1.65,0.01030473,0.0,201.0,1.008502e-13,5.042511e-14,1.797944e-18,3.595888e-18,1.0,6.216907e-05,4.236256e-11,8.131317e-05,8.131315e-05,2.259363,-0.000982494,88.95741,96.03712,2.259359,88.95741,83.04591,0.5063199,88.95727,63.26739,0.05194045,88.94313,43.2696,0.005203833,87.6889,23.2638,0.0006008207,63.8431,0.0,0.0006427506,13135080.0
typical,27,3.30,15,659141813,1083457665,250201949,1,0,1.656788,1.65,0.006788461,0.0,201.0,9.969794e-14,4.984897e-14,2.943065e-18,5.886129e-18,1.0,7.281071e-05,2.488321e-11,7.616572e-05,7.616571e-05,3.698364,-0.00155654,84.57713,95.9373,3.698357,84.57713,83.2154,0.8548966,84.57704,63.45143,0.08784548,84.56875,43.4538,0.008795344,83.79837,23.44815,0.0009604814,63.45705,0.0,0.0006718834,13400210.0
typical,27,3.30,16,791643591,1959375119,250201949,1,0,1.650272,1.65,0.0002717583,0.0,201.0,9.972258e-14,4.986129e-14,4.828759e-19,9.657517e-19,1.0,7.208107e-05,1.509761e-10,7.632349e-05,7.632342e-05,0.6067997,-0.000255577,100.2786,95.93945,0.6067986,100.2785,83.20904,0.1401279,100.2773,63.4446,0.01440005,100.156,43.44697,0.001460657,94.27008,23.44136,0.0002874512,64.038,0.0,0.000628576,13400270.0
typical,27,3.30,17,836568595,752948778,250201949,1,0,1.650227,1.65,0.0002273094,0.0,201.0,1.006369e-13,5.031843e-14,1.18337e-18,2.36674e-18,1.0,7.38011e-05,6.451728e-11,8.148386e-05,8.148383e-05,1.487066,-0.000647301,92.57213,96.01872,1.487063,92.57213,83.01887,0.3329177,92.57185,63.23989,0.03415087,92.54419,43.2421,0.003426852,90.35236,23.23641,0.0004407606,64.13752,0.0,0.0006213462,13120300.0
typical,27,3.30,18,1507189368,721805540,250201949,1,0,1.651305,1.65,0.001305186,0.0,201.0,9.99742e-14,4.99871e-14,1.553933e-18,3.107866e-18,1.0,7.42694e-05,4.84448e-11,7.832062e-05,7.832064e-05,-1.95273,0.0008335049,90.14851,95.96134,1.952726,90.14851,83.12465,0.4454584,90.14858,63.35437,0.04573928,90.15537,43.35667,0.004571564,90.82265,23.35111,0.0004230804,64.44053,0.0,0.0006003494,13292230.0
typical,27,3.30,19,1999060859,1640584463,250201949,1,0,1.64241,1.65,-0.00759041,0.0,201.0,9.949703e-14,4.974852e-14,1.714471e-18,3.428942e-18,1.0,8.301601e-05,4.249046e-11,7.57751e-05,7.577508e-05,2.154468,-0.000904376,89.253,95.91978,2.154464,89.253,83.21901,0.49923,89.2528,63.45623,0.05130638,89.23325,43.45861,0.005143612,87.59508,23.45302,0.0006207216,63.86008,0.0,0.0006414566,13417660.0
typical,27,3.30,20,603942917,1621753667,250201949,1,0,1.646667,1.65,-0.00333256,0.0,201.0,1.004529e-13,5.022647e-14,3.492862e-18,6.985724e-18,1.0,7.132701e-05,2.13447e-11,7.969368e-05,7.969366e-05,4.38926,-0.00188962,83.15502,96.00283,4.389251,83.15502,83.09457,0.9930639,83.15495,63.32042,0.1019234,83.14744,43.32269,0.0102038,82.44797,23.31692,0.001105218,63.63325,0.0,0.0006583224,13210030.0
typical,27,3.30,21,1488406660,900096576,250201949,1,0,1.656068,1.65,0.006067689,0.0,201.0,9.962288e-14,4.981144e-14,3.12761e-18,6.25522e-18,1.0,7.496301e-05,2.344791e-11,7.617128e-05,7.617126e-05,3.930271,-0.0016542,84.04233,95.93076,3.930263,84.04233,83.20856,0.9084717,84.04225,63.44457,0.0933504,84.03437,43.44694,0.009346067,83.30022,23.44133,0.001016379,63.40554,0.0,0.0006758637,13398480.0
typical,27,3.30,22,676375798,528310817,250201949,1,0,1.644278,1.65,-0.00572164,0.0,201.0,1.004254e-13,5.021268e-14,8.557847e-19,1.711569e-18,1.0,7.165357e-05,8.894574e-11,8.013609e-05,8.013614e-05,-1.07541,0.0004643641,95.36898,96.00045,1.075409,95.36898,83.06936,0.2426718,95.36894,63.29401,0.02490309,95.36549,43.29626,0.002491944,94.86262,23.29062,0.0002638759,64.54961,0.0,0.0005927298,13199010.0
typical,27,3.30,23,1634805477,1004828102,250201949,1,0,1.644723,1.65,-0.00527653,0.0,201.0,9.999223e-14,4.999611e-14,1.206565e-20,2.41313e-20,1.0,7.590801e-05,1.078521e-08,7.85289e-05,7.853694e-05,0.01516214,-6.4023e-06,132.3477,95.96291,0.01516211,132.3361,83.11487,0.003458902,131.3175,63.34396,0.0003993224,117.9084,43.34626,0.0001870223,97.73717,23.34069,0.0001906233,64.28107,0.0,0.0006112859,13276870.0
typical,27,3.30,24,1925699274,13891714,250201949,1,0,1.643478,1.65,-0.00652241,0.0,201.0,1.000885e-13,5.004423e-14,9.782654e-19,1.956531e-18,1.0,7.449675e-05,7.565859e-11,7.738324e-05,7.73832e-05,1.229325,-0.000521446,94.17795,95.97126,1.229322,94.17794,83.18413,0.2820393,94.17753,63.41655,0.02897018,94.13659,43.41888,0.002911485,91.19697,23.41318,0.000408141,64.06165,0.0,0.0006268159,13344610.0
typical,27,3.30,25,1825502289,183684824,250201949,1,0,1.655988,1.65,0.005987567,0.0,201.0,1.003497e-13,5.017487e-14,2.08662e-18,4.17324e-18,1.0,6.609015e-05,3.588241e-11,7.858303e-05,7.858301e-05,2.622124,-0.00112094,87.62086,95.99391,2.622119,87.62086,83.14345,0.5972136,87.62074,63.37242,0.06131742,87.60897,43.37471,0.006141675,86.54537,23.36895,0.0006937115,63.72063,0.0,0.0006518738,13277140.0
typical,27,3.30,26,925911572,824042751,250201949,1,0,1.653571,1.65,0.00357066,0.0,201.0,1.000252e-13,5.001261e-14,8.415225e-19,1.683045e-18,1.0,7.332315e-05,8.982681e-11,7.944368e-05,7.944363e-05,1.057488,-0.000454494,95.48028,95.96577,1.057486,95.48027,83.07045,0.2396123,95.47984,63.297,0.02459563,95.43716,43.29927,0.002472325,92.37975,23.2937,0.0003513157,64.01472,0.0,0.000630254,13216090.0
typical,27,3.30,27,1257653615,1050021693,250201949,1,0,1.643868,1.65,-0.00613218,0.0,201.0,9.968903e-14,4.984451e-14,1.259613e-18,2.519227e-18,1.0,8.040464e-05,5.871925e-11,7.612742e-05,7.612739e-05,1.582877,-0.000665964,91.9476,95.93653,1.582874,91.9476,83.21669,0.3659776,91.94731,63.45284,0.03760768,91.9183,43.45521,0.003774379,89.65806,23.44963,0.0004893038,63.9778,0.0,0.0006328657,13414920.0
typical,27,3.30,28,1692545665,19230282,250201949,1,0,1.654259,1.65,0.00425939,0.0,201.0,1.007432e-13,5.03716e-14,2.408865e-18,4.81773e-18,1.0,7.40322e-05,3.174705e-11,8.170444e-05,8.170442e-05,3.027069,-0.00131951,86.40747,96.0279,3.027063,86.40747,83.01689,0.6768166,86.40736,63.23733,0.06942221,86.3966,43.23953,0.006952588,85.41896,23.23379,0.0007775733,63.84762,0.0,0.0006423505,13107030.0
typical,27,3.30,29,332491932,271725178,250201949,1,0,1.642351,1.65,-0.00764948,0.0,201.0,9.956806e-14,4.978403e-14,3.86609e-19,7.73218e-19,1.0,7.886059e-05,1.938787e-10,7.60327e-05,7.603281e-05,-0.485827,0.0002043855,102.1964,95.92598,0.4858263,102.1964,83.21125,0.1123945,102.1956,63.44769,0.01155061,102.1201,43.45007,0.001165458,97.46895,23.44454,0.0001989664,64.29792,0.0,0.0006101274,13420340.0
typical,27,3.30,30,1596758933,1086476062,250201949,1,0,1.65187,1.65,0.001869666,0.0,201.0,1.010152e-13,5.050762e-14,3.959415e-19,7.918829e-19,1.0,6.70609e-05,1.978151e-10,8.414016e-05,8.414027e-05,-0.497555,0.0002201793,102.1145,96.05132,0.4975537,102.1145,82.91901,0.1097046,102.1141,63.13323,0.01124492,102.0735,43.13537,0.001130038,98.76087,23.12969,0.000165364,64.51682,0.0,0.0005948667,12983770.0
typical,27,3.30,31,1265465123,119873425,250201949,1,0,1.648352,1.65,-0.00164845,0.0,201.0,1.003818e-13,5.01909e-14,1.461493e-18,2.922987e-18,1.0,7.642148e-05,5.169909e-11,8.016648e-05,8.016646e-05,1.836567,-0.000792947,90.71656,95.99668,1.836563,90.71656,83.06404,0.4143562,90.71632,63.2886,0.04252203,90.692,43.29084,0.004265227,88.72841,23.28516,0.0005343647,64.01585,0.0,0.0006300729,13184500.0
typical,27,3.30,32,1219229149,792117429,250201949,1,0,1.651008,1.65,0.001008188,0.0,201.0,1.004585e-13,5.022927e-14,1.64223e-18,3.284459e-18,1.0,7.22853e-05,4.618528e-11,8.030957e-05,8.030955e-05,2.063687,-0.000891829,89.71046,96.00332,2.063683,89.71046,83.06332,0.4652038,89.71028,63.28749,0.04773761,89.69257,43.28974,0.00478474,88.17589,23.28404,0.0005693869,63.96878,0.0,0.000633514,13179740.0
typical,27,3.30,33,445740475,1097197290,250201949,1,0,1.644614,1.65,-0.00538565,0.0,201.0,1.008595e-13,5.042975e-14,1.10011e-18,2.20022e-18,1.0,7.863653e-05,6.943424e-11,8.223294e-05,8.223291e-05,1.382439,-0.000604499,93.22501,96.03792,1.382436,93.22501,83.0003,0.3081517,93.22465,63.21936,0.03160354,93.18856,43.22155,0.003174311,90.51363,23.21582,0.0004316278,64.26948,0.0,0.0006119457,13086130.0
typical,27,3.30,34,223262441,915260607,250201949,1,0,1.648205,1.65,-0.0017953,0.0,201.0,9.939387e-14,4.969693e-14,7.749462e-19,1.549892e-18,1.0,7.500339e-05,9.502799e-11,7.445006e-05,7.445012e-05,-0.973826,0.0004053102,96.14116,95.91077,0.9738243,96.14116,83.28246,0.2275439,96.14114,63.52379,0.0233955,96.13897,43.52621,0.002340788,95.71836,23.52066,0.000245536,64.1757,0.0,0.0006188107,13513000.0
typical,27,3.30,35,1520564827,253705639,250201949,1,0,1.651977,1.65,0.001976849,0.0,201.0,9.964849e-14,4.982425e-14,6.50861e-19,1.301722e-18,1.0,7.213429e-05,1.135021e-10,7.632464e-05,7.632459e-05,0.817896,-0.000344528,97.67905,95.933,0.8178945,97.67904,83.20252,0.1888748,97.67837,63.43808,0.01940822,97.61117,43.44044,0.001956428,93.45146,23.43486,0.000315624,63.92784,0.0,0.0006366029,13395820.0
typical,27,3.30,36,708153438,1234628106,250201949,1,0,1.641242,1.65,-0.00875847,0.0,201.0,1.007773e-13,5.038864e-14,1.060125e-18,2.120251e-18,1.0,6.985711e-05,7.169376e-11,8.061233e-05,8.061237e-05,-1.33219,0.0005769344,93.53951,96.03083,1.33219,93.53951,83.07532,0.2997718,93.5395,63.29867,0.03075803,93.53884,43.30091,0.00307683,93.3555,23.29516,0.0003140385,64.69204,0.0,0.00058309,13185320.0
typical,27,3.30,37,1631478709,1011456613,250201949,1,0,1.657756,1.65,0.007755686,0.0,201.0,1.003743e-13,5.018715e-14,2.343964e-18,4.687927e-18,1.0,6.829182e-05,3.218759e-11,7.925571e-05,7.92557e-05,2.945512,-0.00126457,86.61283,95.99603,2.945506,86.61283,83.11047,0.6681623,86.61273,63.33754,0.06858687,86.60199,43.33982,0.006868968,85.62485,23.33409,0.000768178,63.69971,0.0,0.0006534151,13238920.0
typical,27,3.30,38,308731844,241074240,250201949,1,0,1.653271,1.65,0.00327124,0.0,201.0,1.002211e-13,5.011054e-14,1.336155e-18,2.672311e-18,1.0,7.078626e-05,5.556444e-11,7.885275e-05,7.885272e-05,1.679062,-0.000718981,91.48144,95.98276,1.679059,91.48144,83.1182,0.3818017,91.48119,63.3464,0.03919769,91.45642,43.34869,0.003932,89.45506,23.34301,0.0004947636,63.93187,0.0,0.0006362352,13259820.0
typical,27,3.30,39,668529239,759231298,250201949,1,0,1.650086,1.65,8.613818e-05,0.0,201.0,1.001608e-13,5.00804e-14,1.422678e-18,2.845355e-18,1.0,7.430062e-05,5.303491e-11,7.915277e-05,7.91528e-05,-1.78779,0.0007671488,90.93122,95.97754,1.787786,90.93123,83.09733,0.4057935,90.9313,63.32469,0.04165523,90.93845,43.32697,0.004163184,91.63433,23.3214,0.0003840199,64.458,0.0,0.0005991253,13253160.0
typical,27,3.30,40,814492074,2030664242,250201949,1,0,1.653573,1.65,0.003573369,0.0,201.0,9.891789e-14,4.945894e-14,1.192104e-18,2.384209e-18,1.0,7.769584e-05,6.070877e-11,7.319639e-05,7.319635e-05,1.498042,-0.000618032,92.35861,95.86908,1.49804,92.35861,83.31047,0.3528524,92.35836,63.55581,0.03629715,92.33323,43.55828,0.003641265,90.29877,23.55277,0.0004599392,63.64002,0.0,0.0006579925,13563610.0
typical,27,3.30,41,1638113562,1420022354,250201949,1,0,1.649497,1.65,-0.000503444,0.0,201.0,9.926494e-14,4.963247e-14,4.519568e-18,9.039136e-18,1.0,8.678003e-05,1.624301e-11,7.473878e-05,7.473877e-05,5.679457,-0.00236787,80.81338,95.8995,5.679446,80.81338,83.2553,1.324635,80.81333,63.49572,0.1361819,80.80843,43.49813,0.01362966,80.33993,23.49255,0.001437577,63.17181,0.0,0.0006942196,13470330.0
typical,27,3.30,42,101709034,616939250,250201949,1,0,1.64646,1.65,-0.0035396,0.0,201.0,1.004715e-13,5.023573e-14,1.411876e-18,2.823752e-18,1.0,6.690712e-05,5.390177e-11,8.028264e-05,8.028266e-05,-1.77422,0.000766751,91.02432,96.00443,1.774212,91.02432,83.06582,0.4000136,91.02437,63.29006,0.04104729,91.02934,43.29231,0.004103443,91.47617,23.28664,0.0003895147,64.60661,0.0,0.0005889152,13189680.0
typical,27,3.30,43,207594318,254300838,250201949,1,0,1.661187,1.65,0.01118664,0.0,201.0,9.929135e-14,4.964567e-14,9.987069e-19,1.997414e-18,1.0,7.467785e-05,7.386802e-11,7.658768e-05,7.658764e-05,1.255012,-0.00052962,93.92887,95.90181,1.25501,93.92886,83.15719,0.2893452,93.92855,63.39196,0.02972832,93.89745,43.39432,0.002984305,91.47913,23.38881,0.0003939889,63.73255,0.0,0.0006510782,13351350.0
typical,27,3.30,44,316642865,1618104325,250201949,1,0,1.652179,1.65,0.002179429,0.0,201.0,1.002053e-13,5.010264e-14,2.338133e-19,4.676266e-19,1.0,6.977144e-05,3.1973e-10,7.948924e-05,7.94891e-05,0.2938184,-0.000126259,106.6198,95.98139,0.2938179,106.6198,83.08372,0.0665574,106.6161,63.31014,0.006834457,106.258,43.31241,0.0007123906,96.50682,23.30677,0.0002187751,64.19039,0.0,0.0006176762,13221020.0
typical,27,3.30,45,1871650928,188656520,250201949,1,0,1.64622,1.65,-0.00377999,0.0,201.0,1.004206e-13,5.021029e-14,2.405919e-19,4.811838e-19,1.0,7.081501e-05,3.095835e-10,7.938331e-05,7.938318e-05,0.3023367,-0.000129832,106.3902,96.00004,0.3023361,106.3902,83.10785,0.06853034,106.3864,63.33457,0.007037312,106.0256,43.33684,0.0007337729,96.26685,23.33116,0.0002255356,64.26624,0.0,0.0006122988,13243000.0
typical,27,3.30,46,1269973935,533462943,250201949,1,0,1.649879,1.65,-0.000121269,0.0,201.0,1.006113e-13,5.030565e-14,2.546871e-18,5.093742e-18,1.0,7.704781e-05,2.975753e-11,8.045495e-05,8.045494e-05,3.200492,-0.00138439,85.9122,96.01652,3.200486,85.9122,83.06906,0.7208476,85.91209,63.29284,0.07396692,85.90159,43.29508,0.007407552,84.9468,23.28933,0.0008262789,63.83855,0.0,0.0006430095,13177200.0
typical,27,3.30,47,1547146965,962118494,250201949,1,0,1.646741,1.65,-0.00325897,0.0,201.0,1.002601e-13,5.013005e-14,1.121128e-18,2.242255e-18,1.0,7.069053e-05,6.765788e-11,7.936149e-05,7.936153e-05,-1.40885,0.0006053681,93.00886,95.98614,1.408848,93.00886,83.09508,0.3193826,93.00889,63.32186,0.03278299,93.01196,43.32413,0.003278,93.21182,23.31852,0.0003201364,64.54319,0.0,0.0005932124,13239230.0
typical,27,3.30,48,2127136982,207271067,250201949,1,0,1.637264,1.65,-0.0127361,0.0,201.0,9.959849e-14,4.979925e-14,1.3261e-19,2.652199e-19,1.0,8.187106e-05,5.326086e-10,7.579351e-05,7.579336e-05,0.1666426,-6.98731e-05,111.4929,95.92864,0.1666423,111.4928,83.22687,0.03861043,111.4777,63.46404,0.003974809,110.1854,43.46642,0.00046137,95.7284,23.46086,0.0002435695,64.26299,0.0,0.0006125032,13434420.0
typical,27,3.30,49,797781918,651454522,250201949,1,0,1.65307,1.65,0.003069766,0.0,201.0,1.000359e-13,5.001793e-14,6.388287e-19,1.277657e-18,1.0,6.802244e-05,1.161027e-10,7.809873e-05,7.809867e-05,0.8027758,-0.000342065,97.87483,95.9667,0.8027742,97.87482,83.14169,0.1833765,97.87411,63.37204,0.018832,97.80385,43.37435,0.001898999,93.52397,23.3687,0.0003106248,64.01156,0.0,0.0006304949,13297610.0
typical,27,3.30,50,1837152529,1947990628,250201949,1,0,1.649562,1.65,-0.000438088,0.0,201.0,9.945379e-14,4.97269e-14,1.147435e-18,2.29487e-18,1.0,7.876416e-05,6.41478e-11,7.535637e-05,7.535641e-05,-1.44191,0.0006037214,92.73727,95.91601,1.441907,92.73727,83.238,0.3349939,92.73734,63.4765,0.03443167,92.74475,43.4789,0.003441179,93.42958,23.47337,0.0003178258,64.22446,0.0,0.0006154259,13455750.0
typical,27,3.30,51,484443211,679492702,250201949,1,0,1.639632,1.65,-0.0103684,0.0,201.0,9.976967e-14,4.988483e-14,5.111811e-19,1.022362e-18,1.0,7.721267e-05,1.432454e-10,7.594519e-05,7.594513e-05,0.6423691,-0.00026989,99.78787,95.94355,0.6423679,99.78786,83.23357,0.1486912,99.78671,63.47027,0.01528191,99.67327,43.47264,0.001548705,94.01002,23.46701,0.0002970638,64.13924,0.0,0.000621277,13427500.0
typical,27,3.30,52,1898551616,1699302485,250201949,1,0,1.655233,1.65,0.005233312,0.0,201.0,1.005946e-13,5.029731e-14,3.572805e-19,7.145609e-19,1.0,6.632322e-05,2.171276e-10,8.207325e-05,8.207338e-05,-0.448972,0.0001962383,102.9707,96.01508,0.448971,102.9707,82.98548,0.1001702,102.97,63.20495,0.01027422,102.897,43.20715,0.001036347,98.23999,23.2015,0.0001770418,64.3577,0.0,0.000605904,13084300.0
typical,27,3.30,53,999506190,569648528,250201949,1,0,1.647927,1.65,-0.00207266,0.0,201.0,1.007946e-13,5.03973e-14,5.320702e-20,1.06414e-19,1.0,6.582096e-05,1.774382e-09,8.086785e-05,8.086905e-05,-0.0668619,2.907144e-05,119.5288,96.03233,0.06686178,119.5283,83.06371,0.01502352,119.4797,63.28637,0.001550008,116.2295,43.28859,0.0002254008,98.52021,23.28283,0.000173034,64.34096,0.0,0.0006070751,13167080.0
typical,27,3.30,54,419729752,1173820391,250201949,1,0,1.644851,1.65,-0.00514864,0.0,201.0,1.000729e-13,5.003646e-14,7.37606e-19,1.475212e-18,1.0,7.235446e-05,9.860912e-11,7.65771e-05,7.657706e-05,0.9269031,-0.00039109,96.62924,95.96991,0.9269014,96.62923,83.22586,0.2137132,96.62858,63.46066,0.02195856,96.56392,43.46302,0.002212864,92.53351,23.45731,0.0003517139,64.06845,0.0,0.0006263393,13400680.0
typical,27,3.30,55,339099918,314145000,250201949,1,0,1.64833,1.65,-0.00166975,0.0,201.0,1.01498e-13,5.074901e-14,7.306061e-19,1.461212e-18,1.0,7.28324e-05,1.059277e-10,8.495834e-05,8.495829e-05,0.9181066,-0.000408033,96.83489,96.09273,0.9181047,96.83488,82.92044,0.2015014,96.83422,63.13265,0.02065005,96.76924,43.13476,0.00208102,92.71725,23.12894,0.000331577,64.43253,0.0,0.0006005503,12957680.0
typical,27,3.30,56,1628366315,108830387,250201949,1,0,1.653606,1.65,0.003606058,0.0,201.0,1.004239e-13,5.021195e-14,3.182386e-18,6.364772e-18,1.0,7.534139e-05,2.340528e-11,7.925929e-05,7.925928e-05,3.999104,-0.00171696,83.96108,96.00032,3.999096,83.96108,83.11457,0.9071405,83.96101,63.34164,0.09311754,83.95344,43.34391,0.009322314,83.24587,23.33814,0.001010679,63.60442,0.0,0.0006605592,13235290.0
typical,27,3.30,57,967787496,2128231202,250201949,1,0,1.649677,1.65,-0.000323249,0.0,201.0,9.936618e-14,4.968309e-14,1.910769e-18,3.821537e-18,1.0,7.903877e-05,3.828404e-11,7.562242e-05,7.56224e-05,2.401143,-0.00100692,88.30001,95.90835,2.401138,88.30001,83.21587,0.5569204,88.29985,63.45355,0.05723811,88.28391,43.45594,0.005735901,86.90461,23.45041,0.0006718774,63.70832,0.0,0.0006527674,13426230.0
typical,27,3.30,58,1514455246,154609773,250201949,1,0,1.642905,1.65,-0.00709462,0.0,201.0,9.989786e-14,4.994893e-14,1.341348e-18,2.682696e-18,1.0,8.12739e-05,5.492495e-11,7.749535e-05,7.749532e-05,1.685587,-0.000715529,91.41969,95.9547,1.685584,91.41969,83.16162,0.3864528,91.41943,63.39371,0.03969302,91.39335,43.39604,0.003982307,89.31395,23.39043,0.0005056201,64.01819,0.0,0.0006299295,13333290.0
typical,27,3.30,59,586101932,267392036,250201949,1,0,1.649093,1.65,-0.000907009,0.0,201.0,1.002188e-13,5.010942e-14,1.192548e-18,2.385096e-18,1.0,7.20324e-05,6.279777e-11,7.854628e-05,7.854625e-05,1.4986,-0.000640452,92.46887,95.98257,1.498597,92.46887,83.13404,0.3413961,92.46859,63.36311,0.03505306,92.44087,43.3654,0.003517441,90.24755,23.35972,0.0004524893,64.0018,0.0,0.0006311522,13280100.0
typical,27,3.30,60,746728261,1494732345,250201949,1,0,1.6573,1.65,0.007299871,0.0,201.0,1.009437e-13,5.047184e-14,2.460073e-18,4.920147e-18,1.0,6.782005e-05,3.086598e-11,8.186512e-05,8.186511e-05,3.091419,-0.00134889,86.24202,96.04516,3.091413,86.24202,83.02605,0.6905599,86.24192,63.24607,0.07082837,86.23201,43.24826,0.007092722,85.32204,23.24243,0.0007870812,63.79014,0.0,0.0006466235,13102080.0
typical,27,3.30,61,509954177,1549845650,250201949,1,0,1.652425,1.65,0.00242513,0.0,201.0,9.961228e-14,4.980614e-14,1.030416e-18,2.060833e-18,1.0,7.42971e-05,7.221956e-11,7.615446e-05,7.61545e-05,-1.29486,0.0005450351,93.6854,95.92984,1.294857,93.6854,83.20854,0.2993345,93.68543,63.44461,0.03075804,93.68828,43.44698,0.003075635,93.84341,23.44143,0.0003019262,64.2264,0.0,0.000615254,13411740.0
typical,27,3.30,62,503365714,1192498500,250201949,1,0,1.637597,1.65,-0.0124032,0.0,201.0,1.003749e-13,5.018747e-14,4.06282e-19,8.12564e-19,1.0,7.471708e-05,1.852527e-10,7.778503e-05,7.778514e-05,-0.510549,0.0002172547,101.8354,95.99609,0.5105481,101.8353,83.18764,0.1168463,101.8343,63.41889,0.01200133,101.7317,43.42121,0.001214718,96.28408,23.41549,0.0002272847,64.4761,0.0,0.0005977026,13344200.0
typical,27,3.30,63,2125293398,747389274,250201949,1,0,1.645931,1.65,-0.00406852,0.0,201.0,9.99911e-14,4.999555e-14,1.481119e-18,2.962239e-18,1.0,7.553155e-05,4.978062e-11,7.76406e-05,7.764058e-05,1.86123,-0.000790843,90.56683,95.96281,1.861226,90.56682,83.16202,0.4263436,90.56661,63.39369,0.04378789,90.54512,43.39601,0.004390809,88.76565,23.39035,0.000538561,63.94849,0.0,0.0006350056,13322720.0
typical,27,3.30,64,271887338,1939369981,250201949,1,0,1.645887,1.65,-0.00411297,0.0,201.0,1.003366e-13,5.016831e-14,9.717778e-19,1.943556e-18,1.0,7.519751e-05,7.680967e-11,7.962744e-05,7.96274e-05,1.221172,-0.000525448,94.25725,95.99277,1.22117,94.25725,83.08793,0.2763976,94.25684,63.31397,0.02836983,94.21614,43.31624,0.002851051,91.28566,23.31058,0.0003992512,64.13783,0.0,0.0006213419,13222330.0
typical,27,3.30,65,1092535461,1664168257,250201949,1,0,1.651634,1.65,0.001633977,0.0,201.0,9.983866e-14,4.991933e-14,9.215266e-19,1.843053e-18,1.0,7.070265e-05,8.019185e-11,7.708089e-05,7.708085e-05,1.158024,-0.000490244,94.67522,95.94956,1.158022,94.67521,83.17854,0.2661743,94.6748,63.41184,0.02734337,94.63378,43.41418,0.002748022,91.6784,23.40855,0.0003859292,63.94766,0.0,0.0006351228,13353200.0
typical,27,3.30,66,1411384989,233001782,250201949,1,0,1.65032,1.65,0.0003197529,0.0,201.0,1.001317e-13,5.006584e-14,7.510022e-19,1.502004e-18,1.0,7.038343e-05,1.008402e-10,7.892633e-05,7.892639e-05,-0.943737,0.0004044221,96.47801,95.97501,0.9437354,96.47801,83.1066,0.2145012,96.47799,63.3346,0.02202067,96.47605,43.33688,0.002203138,96.05174,23.33128,0.0002311943,64.34446,0.0,0.0006069199,13259690.0
typical,27,3.30,67,1718318705,1170092607,250201949,1,0,1.645499,1.65,-0.00450137,0.0,201.0,1.003463e-13,5.017314e-14,1.109892e-18,2.219784e-18,1.0,7.034202e-05,6.799894e-11,7.970901e-05,7.970904e-05,-1.39473,0.0006006176,93.10381,95.99361,1.394728,93.10381,83.08455,0.3155271,93.10382,63.31036,0.03238372,93.10505,43.31262,0.003238758,93.1154,23.30698,0.0003232802,64.57123,0.0,0.0005912824,13220740.0
typical,27,3.30,68,940786361,944324734,250201949,1,0,1.649404,1.65,-0.000595867,0.0,201.0,1.003137e-13,5.015687e-14,3.264607e-19,6.529215e-19,1.0,7.01232e-05,2.257536e-10,7.886657e-05,7.886647e-05,0.4102426,-0.000175616,103.73,95.99079,0.4102419,103.73,83.12551,0.09327755,103.7275,63.35367,0.009578792,103.4835,43.35596,0.000985423,95.20399,23.35029,0.0002554554,64.20615,0.0,0.0006165304,13270860.0
typical,27,3.30,69,615770257,1153576611,250201949,1,0,1.653566,1.65,0.003566044,0.0,201.0,1.005176e-13,5.02588e-14,2.771932e-18,5.543864e-18,1.0,7.846276e-05,2.718537e-11,8.08881e-05,8.088809e-05,3.483313,-0.00151078,85.16859,96.00842,3.483306,85.16859,83.03883,0.7825502,85.16849,63.26144,0.0802874,85.15894,43.26367,0.008039641,84.28292,23.25795,0.0008886927,63.75481,0.0,0.0006492226,13142760.0
typical,27,3.30,70,1301661084,407380223,250201949,1,0,1.645168,1.65,-0.00483184,0.0,201.0,1.001317e-13,5.006587e-14,1.559848e-18,3.119697e-18,1.0,7.237413e-05,4.851586e-11,7.918193e-05,7.918196e-05,-1.96016,0.0008412787,90.12919,95.97502,1.96016,90.12919,83.09329,0.4448413,90.12923,63.32057,0.04566323,90.13394,43.32285,0.004565049,90.56723,23.31726,0.0004340119,64.62154,0.0,0.0005879297,13244080.0
typical,27,3.30,71,1225661513,1055877490,250201949,1,0,1.654683,1.65,0.004683008,0.0,201.0,1.00932e-13,5.046599e-14,3.366098e-19,6.732196e-19,1.0,6.510279e-05,2.312817e-10,8.312007e-05,8.31202e-05,-0.422996,0.0001860601,103.5174,96.04416,0.4229955,103.5174,82.96224,0.09380806,103.5167,63.17901,0.009618668,103.4455,43.18118,0.0009700228,98.7939,23.17548,0.0001656072,64.41807,0.0,0.0006016912,13040090.0
typical,27,3.30,72,1771429235,1344603700,250201949,1,0,1.649823,1.65,-0.000177036,0.0,201.0,1.001651e-13,5.008257e-14,1.905547e-18,3.811093e-18,1.0,7.593079e-05,3.952039e-11,7.864257e-05,7.864255e-05,2.394581,-0.00102404,88.39334,95.97791,2.394576,88.39334,83.12434,0.5451927,88.3932,63.35314,0.05597536,88.37903,43.35543,0.005608151,87.12908,23.34978,0.000647195,63.87814,0.0,0.000640155,13274240.0
typical,27,3.30,73,842743174,1267501672,250201949,1,0,1.647585,1.65,-0.00241536,0.0,201.0,1.007629e-13,5.038145e-14,1.415082e-18,2.830165e-18,1.0,7.663261e-05,5.395862e-11,8.234304e-05,8.234301e-05,1.778245,-0.000778132,91.02978,96.02959,1.778241,91.02978,82.98646,0.3961266,91.02956,63.20523,0.04062409,91.00763,43.20742,0.004073704,89.19318,23.20172,0.0005016804,64.15468,0.0,0.000620088,13074290.0
typical,27,3.30,74,1419680100,2021965827,250201949,1,0,1.64979,1.65,-0.00021037,0.0,201.0,1.005782e-13,5.028911e-14,1.4787e-19,2.9574e-19,1.0,6.927223e-05,5.071854e-10,8.134469e-05,8.13445e-05,0.1858189,-8.0746e-05,110.6319,96.01366,0.1858185,110.6318,83.02086,0.04163455,110.6227,63.24225,0.004275397,109.7999,43.24447,0.0004701392,96.91117,23.23879,0.0002071958,64.35015,0.0,0.0006063969,13125310.0
typical,27,3.30,75,1317080470,1520240822,250201949,1,0,1.655397,1.65,0.00539703,0.0,201.0,1.005773e-13,5.028863e-14,3.968228e-19,7.936455e-19,1.0,6.271108e-05,1.920029e-10,7.973871e-05,7.973882e-05,-0.498662,0.0002148281,102.0575,96.01358,0.4986612,102.0575,83.10298,0.1127914,102.0569,63.32871,0.01157686,102.0006,43.33097,0.001165517,98.03348,23.32525,0.0001839029,64.26977,0.0,0.0006121116,13229530.0
typical,27,3.30,76,209321794,437728266,250201949,1,0,1.653605,1.65,0.003605058,0.0,201.0,1.003525e-13,5.017625e-14,6.940704e-19,1.388141e-18,1.0,7.013281e-05,1.100062e-10,8.06147e-05,8.061476e-05,-0.872195,0.0003777343,97.18189,95.99414,0.8721929,97.18189,83.03851,0.1962596,97.18193,63.26185,0.02013706,97.18588,43.26409,0.00201331,97.27248,23.25848,0.0001992049,64.34037,0.0,0.0006071994,13164030.0
typical,27,3.30,77,1874252428,716118916,250201949,1,0,1.646958,1.65,-0.00304194,0.0,201.0,1.005577e-13,5.027884e-14,1.098604e-18,2.197208e-18,1.0,7.090641e-05,7.001688e-11,8.144444e-05,8.144448e-05,-1.38055,0.0006009378,93.21088,96.01188,1.380544,93.21088,83.01402,0.3091414,93.21092,63.23515,0.03171111,93.21499,43.23736,0.003170435,93.51313,23.23174,0.0003061474,64.63311,0.0,0.0005870762,13127540.0
typical,27,3.30,78,897078023,198578317,250201949,1,0,1.651029,1.65,0.00102889,0.0,201.0,1.010235e-13,5.051173e-14,1.837738e-19,3.675475e-19,1.0,7.108383e-05,4.169891e-10,8.448576e-05,8.448559e-05,0.2309369,-0.000102291,108.7822,96.05202,0.2309364,108.7821,82.9028,0.05081995,108.7759,63.11616,0.0052121,108.1957,43.11829,0.0005573543,96.62866,23.11261,0.0002109588,64.44887,0.0,0.0005994737,12962520.0
typical,27,3.30,79,1643104486,1209688986,250201949,1,0,1.650387,1.65,0.0003874881,0.0,201.0,9.902672e-14,4.951336e-14,3.628713e-18,7.257426e-18,1.0,7.914935e-05,1.969624e-11,7.239745e-05,7.239744e-05,4.559975,-0.00187109,82.6994,95.87863,4.559967,82.6994,83.36503,1.079646,82.69933,63.61299,0.1110921,82.69259,43.61549,0.01112103,82.05964,23.60987,0.001195396,63.22989,0.0,0.0006896034,13615170.0
typical,27,3.30,80,947371594,372350356,250201949,1,0,1.654255,1.65,0.004254586,0.0,201.0,1.006e-13,5.029998e-14,6.876729e-19,1.375346e-18,1.0,6.431198e-05,1.09651e-10,8.010743e-05,8.010738e-05,0.8641553,-0.000372936,97.28372,96.01554,0.8641536,97.28371,83.08593,0.1950343,97.28312,63.31065,0.02001597,97.22434,43.3129,0.002015711,93.40298,23.30716,0.0003127586,64.07525,0.0,0.0006258802,13201980.0
typical,27,3.30,81,2028604092,1671613535,250201949,1,0,1.654269,1.65,0.004269234,0.0,201.0,1.006923e-13,5.034616e-14,2.034526e-18,4.069051e-18,1.0,7.248194e-05,3.75735e-11,8.162169e-05,8.162167e-05,2.55666,-0.00111388,87.87006,96.02351,2.556655,87.87006,83.01668,0.5719141,87.86993,63.23734,0.05866384,87.85649,43.23954,0.005876959,86.66354,23.23381,0.0006737729,63.91453,0.0,0.0006374432,13108530.0
typical,27,3.30,82,662063131,1461717428,250201949,1,0,1.649409,1.65,-0.00059065,0.0,201.0,9.981259e-14,4.990629e-14,2.782046e-19,5.564092e-19,1.0,7.231292e-05,2.640093e-10,7.64947e-05,7.649458e-05,0.3496022,-0.000147392,105.0758,95.94729,0.3496015,105.0758,83.20767,0.08064799,105.0734,63.44271,0.008288307,104.8398,43.44507,0.0008516532,96.63456,23.43947,0.0002188999,64.0501,0.0,0.0006277523,13398000.0
typical,27,3.30,83,60986515,1575711927,250201949,1,0,1.640688,1.65,-0.00931203,0.0,201.0,9.958625e-14,4.979313e-14,2.78333e-18,5.566659e-18,1.0,8.13401e-05,2.603429e-11,7.52058e-05,7.520579e-05,3.497635,-0.00146272,85.05209,95.92757,3.497629,85.05209,83.25778,0.8133632,85.05199,63.49675,0.08360611,85.04143,43.49915,0.008373093,84.08639,23.4935,0.0009340181,63.63711,0.0,0.0006580493,13458220.0
typical,27,3.30,84,1260484565,1227923477,250201949,1,0,1.653925,1.65,0.003925111,0.0,201.0,1.003805e-13,5.019023e-14,7.507446e-20,1.501489e-19,1.0,6.666348e-05,1.197719e-09,8.035807e-05,8.035886e-05,-0.0943413,4.086015e-05,116.5025,95.99656,0.09434116,116.5023,83.05404,0.02126117,116.4784,63.27808,0.002187692,114.5738,43.28032,0.0002724741,98.52922,23.27466,0.0001726919,64.23997,0.0,0.0006141829,13174760.0
typical,27,3.30,85,1113242874,120154511,250201949,1,0,1.655434,1.65,0.005434438,0.0,201.0,1.002081e-13,5.010405e-14,1.141806e-18,2.283612e-18,1.0,6.831941e-05,6.538414e-11,7.941455e-05,7.941452e-05,1.434836,-0.000616579,92.84561,95.98164,1.434833,92.84561,83.08783,0.3251705,92.84531,63.31446,0.03337779,92.81556,43.31673,0.003350107,90.49554,23.31108,0.0004372975,63.95282,0.0,0.0006347243,13223050.0
typical,27,3.30,86,435622782,928605546,250201949,1,0,1.656658,1.65,0.006657706,0.0,201.0,1.00326e-13,5.016301e-14,2.183576e-19,4.367153e-19,1.0,6.89371e-05,3.452101e-10,8.073751e-05,8.073735e-05,0.2743963,-0.000118849,107.2243,95.99185,0.2743958,107.2243,83.02995,0.06169983,107.2215,63.25297,0.006332501,106.9486,43.2552,0.000653629,98.0499,23.24957,0.0001819632,64.10088,0.0,0.0006240946,13148480.0
typical,27,3.30,87,1019572392,58874105,250201949,1,0,1.63618,1.65,-0.0138201,0.0,201.0,9.949062e-14,4.974531e-14,2.875956e-19,5.751913e-19,1.0,7.836608e-05,2.602576e-10,7.420031e-05,7.420047e-05,-0.361403,0.0001502358,104.7594,95.91922,0.3614027,104.7594,83.30471,0.08457981,104.7568,63.54682,0.00869962,104.5079,43.54925,0.0008955019,96.12943,23.54364,0.0002348069,64.27854,0.0,0.0006114122,13531600.0
typical,27,3.30,88,610332930,1212305476,250201949,1,0,1.656354,1.65,0.006354416,0.0,201.0,1.00148e-13,5.007402e-14,1.924644e-18,3.849287e-18,1.0,7.031527e-05,3.917933e-11,7.919642e-05,7.91964e-05,2.418579,-0.00103794,88.30524,95.97643,2.418574,88.30524,83.09395,0.5488271,88.30509,63.32119,0.05633845,88.2903,43.32347,0.005644925,86.99363,23.31781,0.0006549513,63.78542,0.0,0.0006470138,13230220.0
typical,27,3.30,89,1588055191,1033719776,250201949,1,0,1.651128,1.65,0.001127702,0.0,201.0,1.014824e-13,5.074121e-14,9.258084e-19,1.851617e-18,1.0,6.358575e-05,8.505197e-11,8.612965e-05,8.612969e-05,-1.16341,0.0005207919,94.77679,96.0914,1.163403,94.77679,82.86248,0.2536789,94.77682,63.07187,0.02598679,94.77892,43.07396,0.002598675,94.81373,23.0682,0.0002586567,64.71848,0.0,0.0005811799,12892340.0
typical,27,3.30,90,340966819,558790171,250201949,1,0,1.645931,1.65,-0.00406915,0.0,201.0,1.007288e-13,5.036442e-14,4.44352e-20,8.88704e-20,1.0,7.021927e-05,1.673669e-09,8.092377e-05,8.092377e-05,0.05583892,-2.41471e-05,121.0879,96.02666,0.05583881,121.087,83.05525,0.01254326,120.9995,63.27776,0.001299904,116.2338,43.27999,0.0002250665,97.61118,23.27427,0.000191935,64.37933,0.0,0.0006043816,13163440.0
typical,27,3.30,91,1775073255,1623649699,250201949,1,0,1.64613,1.65,-0.0038699,0.0,201.0,1.0026e-13,5.013002e-14,9.141552e-19,1.82831e-18,1.0,7.398515e-05,8.211032e-11,7.88893e-05,7.888926e-05,1.148761,-0.000491988,94.78156,95.98614,1.148759,94.78155,83.11967,0.2611594,94.7811,63.34777,0.02681224,94.7362,43.35005,0.00269583,91.59097,23.34438,0.0003869642,64.12306,0.0,0.000622407,13263430.0
typical,27,3.30,92,116870257,745977231,250201949,1,0,1.638545,1.65,-0.011455,0.0,201.0,1.011887e-13,5.059437e-14,2.699048e-18,5.398097e-18,1.0,7.008456e-05,2.854961e-11,8.334892e-05,8.334893e-05,-3.39172,0.001493435,85.45783,96.06622,3.391717,85.45783,82.97295,0.7512011,85.45788,63.18915,0.07701297,85.46251,43.19131,0.007699102,85.9303,23.18562,0.0007290651,65.18349,0.0,0.0005511376,13054660.0
typical,27,3.30,93,557225235,1825767549,250201949,1,0,1.640066,1.65,-0.00993414,0.0,201.0,1.005078e-13,5.025392e-14,1.478877e-18,2.957753e-18,1.0,7.814941e-05,5.044853e-11,8.019633e-05,8.01963e-05,1.858411,-0.00080253,90.62476,96.00758,1.858408,90.62476,83.0734,0.4192106,90.62452,63.29788,0.04301976,90.60092,43.30013,0.004314796,88.68499,23.2944,0.0005376137,64.14929,0.0,0.0006204616,13187550.0
typical,27,3.30,94,1885297475,1649262184,250201949,1,0,1.64232,1.65,-0.00768019,0.0,201.0,1.005683e-13,5.028413e-14,1.04638e-18,2.092761e-18,1.0,6.714612e-05,7.153744e-11,7.903138e-05,7.903141e-05,-1.31492,0.0005638449,93.63483,96.0128,1.314918,93.63483,83.13891,0.2986787,93.63482,63.36661,0.03066125,93.63367,43.36889,0.003067335,93.40147,23.36315,0.0003148359,64.56322,0.0,0.0005918169,13273670.0
typical,27,3.30,95,1475463468,1761634840,250201949,1,0,1.650561,1.65,0.0005606634,0.0,201.0,1.002055e-13,5.010273e-14,9.56642e-19,1.913284e-18,1.0,7.26107e-05,7.887024e-11,7.970921e-05,7.970917e-05,1.202152,-0.000517523,94.38224,95.98141,1.202149,94.38224,83.07234,0.2719602,94.38179,63.29816,0.02791376,94.33744,43.30042,0.002806395,91.22426,23.29478,0.0004013526,64.07692,0.0,0.0006257056,13204120.0
typical,27,3.30,96,2121431237,385421631,250201949,1,0,1.648578,1.65,-0.00142204,0.0,201.0,1.005111e-13,5.025554e-14,2.337218e-19,4.674436e-19,1.0,7.322128e-05,3.248601e-10,8.186022e-05,8.186008e-05,0.2937034,-0.000128079,106.6497,96.00786,0.2937029,106.6497,82.989,0.06560954,106.6459,63.20903,0.006732195,106.2849,43.21123,0.0007019647,96.50404,23.2056,0.0002163109,64.35317,0.0,0.0006061741,13092310.0
typical,27,3.30,97,1414413312,1629196673,250201949,1,0,1.653675,1.65,0.003674703,0.0,201.0,1.01064e-13,5.053202e-14,1.127223e-18,2.254446e-18,1.0,6.995409e-05,6.870948e-11,8.389282e-05,8.389278e-05,1.41651,-0.000625635,93.03114,96.05551,1.416507,93.03114,82.93538,0.3127608,93.03084,63.15021,0.03206039,93.0012,43.15236,0.003217793,90.68419,23.14663,0.0004198773,64.19317,0.0,0.0006173444,12998090.0
typical,27,3.30,98,1330403132,1545762894,250201949,1,0,1.643426,1.65,-0.00657394,0.0,201.0,1.009984e-13,5.049918e-14,1.254274e-18,2.508548e-18,1.0,6.877781e-05,6.151879e-11,8.28113e-05,8.281133e-05,-1.57617,0.0006918136,92.09784,96.04987,1.576164,92.09784,82.98332,0.3501661,92.09788,63.20089,0.03590461,92.10232,43.20306,0.003589525,92.47037,23.19735,0.0003438343,64.76998,0.0,0.000577877,13066220.0
typical,27,3.30,99,100352184,1174405861,250201949,1,0,1.652884,1.65,0.002883958,0.0,201.0,1.007047e-13,5.035234e-14,4.651163e-19,9.302326e-19,1.0,6.90908e-05,1.649028e-10,8.248377e-05,8.248369e-05,0.5844824,-0.000255931,100.6892,96.02457,0.5844812,100.6892,82.97439,0.1300954,100.6881,63.1928,0.01334249,100.5807,43.19498,0.001351176,95.03371,23.18933,0.0002557294,64.25529,0.0,0.0006130235,13065160.0
typical,27,3.30,100,776146996,1658587438,250201949,1,0,1.647751,1.65,-0.00224892,0.0,201.0,1.003955e-13,5.019776e-14,1.993497e-19,3.986995e-19,1.0,6.785831e-05,3.873737e-10,7.908655e-05,7.908678e-05,-0.25051,0.0001075155,108.0214,95.99787,0.2505098,108.0213,83.1211,0.05688367,108.0185,63.34864,0.005841278,107.7412,43.35092,0.0006032343,98.74678,23.34524,0.0001697942,64.30153,0.0,0.00060987,13261710.0
typical,27,3.30,101,634305501,251946914,250201949,1,0,1.637171,1.65,-0.0128291,0.0,201.0,1.008072e-13,5.040359e-14,7.890509e-19,1.578102e-18,1.0,7.545339e-05,9.696066e-11,8.131268e-05,8.131273e-05,-0.991551,0.000431298,96.10713,96.03341,0.9915486,96.10713,83.04223,0.2222055,96.10701,63.2637,0.02279472,96.09556,43.26592,0.002283063,94.91502,23.26019,0.0002613719,64.72027,0.0,0.0005811552,13144710.0
typical,27,3.30,102,2140510230,753845569,250201949,1,0,1.643385,1.65,-0.00661515,0.0,201.0,1.007559e-13,5.037797e-14,1.242222e-18,2.484444e-18,1.0,6.912657e-05,6.129142e-11,8.079324e-05,8.079327e-05,-1.56102,0.0006767703,92.16083,96.02899,1.561019,92.16083,83.06424,0.3508896,92.16087,63.2871,0.03600078,92.16443,43.28933,0.003599525,92.43844,23.28362,0.0003485452,64.687,0.0,0.0005834607,13177330.0
typical,27,3.30,103,1073390287,1745657164,250201949,1,0,1.645335,1.65,-0.00466548,0.0,201.0,1.007527e-13,5.037634e-14,2.813596e-18,5.627191e-18,1.0,6.783674e-05,2.704326e-11,8.1423e-05,8.142301e-05,-3.53567,0.00153872,85.0593,96.02871,3.535661,85.0593,83.03194,0.7918299,85.05935,63.25312,0.08122481,85.06403,43.25533,0.008120174,85.53812,23.24968,0.0007683829,64.99152,0.0,0.0005635235,13143220.0
typical,27,3.30,104,2035304040,1419838590,250201949,1,0,1.650173,1.65,0.0001727203,0.0,201.0,1.002072e-13,5.010358e-14,1.059024e-18,2.118049e-18,1.0,7.176615e-05,7.011636e-11,7.871044e-05,7.87104e-05,1.330809,-0.000569325,93.49926,95.98156,1.330807,93.49925,83.12443,0.3028719,93.4989,63.35304,0.03109615,93.46407,43.35533,0.003122934,90.85165,23.34966,0.0004215999,64.04161,0.0,0.0006282673,13270140.0
typical,27,3.30,105,45540415,1569537150,250201949,1,0,1.65325,1.65,0.00325024,0.0,201.0,1.006145e-13,5.030726e-14,9.059137e-19,1.811827e-18,1.0,6.410129e-05,8.371615e-11,8.0295e-05,8.029504e-05,-1.1384,0.0004920302,94.89088,96.01679,1.138403,94.89088,83.07754,0.2566453,94.89094,63.30175,0.02633545,94.89716,43.304,0.002632339,95.36349,23.29829,0.0002493101,64.40492,0.0,0.0006027257,13196010.0
typical,27,3.30,106,1494318629,1444120260,250201949,1,0,1.652101,1.65,0.00210053,0.0,201.0,1.01088e-13,5.054402e-14,6.129717e-19,1.225943e-18,1.0,6.512446e-05,1.269456e-10,8.384963e-05,8.384969e-05,-0.770283,0.0003402385,98.32459,96.05758,0.7702814,98.32459,82.93957,0.1701175,98.32454,63.15451,0.01743807,98.31968,43.15665,0.001745214,97.51804,23.15093,0.0001912688,64.54073,0.0,0.0005932598,13003890.0
typical,27,3.30,107,1942782985,605904101,250201949,1,0,1.659168,1.65,0.009168215,0.0,201.0,1.001986e-13,5.00993e-14,2.073478e-18,4.146956e-18,1.0,7.055545e-05,3.669243e-11,8.006347e-05,8.006345e-05,2.605609,-0.00112433,87.66264,95.98081,2.605604,87.66264,83.05347,0.5882221,87.66253,63.27831,0.06036555,87.65099,43.28056,0.006046146,86.60403,23.27495,0.0006816256,63.71767,0.0,0.0006521003,13184250.0
typical,27,3.30,108,723015751,387991322,250201949,1,0,1.640483,1.65,-0.00951685,0.0,201.0,1.004982e-13,5.024908e-14,1.058667e-18,2.117333e-18,1.0,7.249993e-05,7.207746e-11,8.049427e-05,8.04943e-05,-1.33036,0.0005757156,93.52738,96.00674,1.330357,93.52738,83.05727,0.2995676,93.52738,63.28094,0.03073817,93.52782,43.28318,0.003074454,93.45047,23.27754,0.0003099942,64.67159,0.0,0.000584474,13181210.0
typical,27,3.30,109,882663314,1481627484,250201949,1,0,1.647074,1.65,-0.00292593,0.0,201.0,1.003732e-13,5.018662e-14,1.031694e-18,2.063388e-18,1.0,6.806813e-05,7.378276e-11,8.005146e-05,8.00515e-05,-1.29646,0.0005595059,93.74074,95.99594,1.296462,93.74074,83.06921,0.2927005,93.74074,63.29408,0.03003775,93.74038,43.29634,0.003004678,93.57693,23.29068,0.000305976,64.55204,0.0,0.0005925738,13195820.0
typical,27,3.30,110,357900009,1472357459,250201949,1,0,1.647471,1.65,-0.00252916,0.0,201.0,1.007738e-13,5.038692e-14,7.52361e-19,1.504722e-18,1.0,6.699814e-05,1.017497e-10,8.181039e-05,8.181044e-05,-0.945445,0.0004124858,96.51783,96.03054,0.9454428,96.51783,83.01418,0.21126,96.51783,63.23434,0.02166833,96.5178,43.23654,0.002167389,96.26674,23.23083,0.0002229486,64.52604,0.0,0.0005943239,13110010.0
typical,27,3.30,111,1254802414,834909530,250201949,1,0,1.648093,1.65,-0.00190738,0.0,201.0,1.006487e-13,5.032433e-14,2.393805e-19,4.78761e-19,1.0,6.915442e-05,3.218759e-10,8.14972e-05,8.149738e-05,-0.300814,0.0001310415,106.4538,96.01974,0.3008138,106.4538,83.0192,0.06733977,106.4519,63.24019,0.006908956,106.2726,43.2424,0.0007054921,98.80097,23.23669,0.0001666426,64.44231,0.0,0.0006000339,13117240.0
typical,27,3.30,112,914822755,1576301215,250201949,1,0,1.647155,1.65,-0.00284505,0.0,201.0,1.006147e-13,5.030733e-14,1.880893e-18,3.761785e-18,1.0,6.418012e-05,4.024514e-11,7.974808e-05,7.97481e-05,-2.3636,0.00101803,88.54535,96.01681,2.363595,88.54535,83.10573,0.5345878,88.5454,63.33143,0.05486581,88.55056,43.33369,0.00548475,89.05371,23.32799,0.0005172661,64.67778,0.0,0.0005841673,13235840.0
typical,27,3.30,113,1021247041,1152237904,250201949,1,0,1.643638,1.65,-0.00636214,0.0,201.0,9.931895e-14,4.965947e-14,3.319761e-19,6.639522e-19,1.0,7.921976e-05,2.178382e-10,7.568515e-05,7.568505e-05,0.4171735,-0.000174939,103.4979,95.90422,0.4171727,103.4979,83.20834,0.09672147,103.4953,63.44583,0.009943252,103.2409,43.44822,0.001024153,94.83189,23.44271,0.0002694888,64.10089,0.0,0.000624038,13420220.0
typical,27,3.30,114,479665842,121848307,250201949,1,0,1.646982,1.65,-0.00301768,0.0,201.0,1.002872e-13,5.01436e-14,2.747395e-19,5.49479e-19,1.0,6.87744e-05,2.753637e-10,7.798684e-05,7.7987e-05,-0.345248,0.0001471203,105.2259,95.98849,0.3452472,105.2259,83.16938,0.07891788,105.2242,63.40005,0.008105727,105.0608,43.40236,0.0008261839,97.99666,23.39668,0.0001862091,64.2938,0.0,0.0006104106,13327970.0
typical,27,3.30,115,1979798181,849093393,250201949,1,0,1.657019,1.65,0.007018503,0.0,201.0,1.00545e-13,5.027252e-14,1.688891e-18,3.377781e-18,1.0,6.3652e-05,4.467893e-11,7.951019e-05,7.951017e-05,2.122323,-0.000912601,89.47458,96.01079,2.122318,89.47458,83.11203,0.480698,89.47442,63.33839,0.04933993,89.45843,43.34066,0.004944373,88.06534,23.33489,0.0005800663,63.83919,0.0,0.0006430544,13233260.0
typical,27,3.30,116,2117712289,1851728359,250201949,1,0,1.64842,1.65,-0.00158045,0.0,201.0,9.995866e-14,4.997933e-14,3.086242e-19,6.172484e-19,1.0,7.002426e-05,2.433609e-10,7.697015e-05,7.697029e-05,-0.387829,0.0001641728,104.1872,95.95999,0.3878279,104.1872,83.19487,0.08920389,104.186,63.42851,0.009164798,104.0725,43.43085,0.0009287854,98.16366,23.42521,0.0001832641,64.20639,0.0,0.000616595,13373560.0
typical,27,3.30,117,1919254044,1022994566,250201949,1,0,1.643794,1.65,-0.00620635,0.0,201.0,9.993323e-14,4.996662e-14,1.447394e-18,2.894788e-18,1.0,7.866533e-05,5.117329e-11,7.696964e-05,7.696962e-05,1.818849,-0.000769481,90.76186,95.95778,1.818846,90.76186,83.1927,0.4183521,90.76163,63.42633,0.04297693,90.73813,43.42868,0.004310497,88.82738,23.42303,0.0005367625,63.95069,0.0,0.0006348343,13367720.0
typical,27,3.30,118,1332419948,2135393777,250201949,1,0,1.643679,1.65,-0.00632139,0.0,201.0,9.970178e-14,4.985089e-14,4.627696e-20,9.255392e-20,1.0,7.696046e-05,1.564786e-09,7.657143e-05,7.65716e-05,0.05815334,-2.44526e-05,120.6462,95.93764,0.05815323,120.6451,83.19388,0.01341031,120.5419,63.4287,0.001394253,115.2908,43.43105,0.0002552782,96.53423,23.42549,0.0002210868,64.23851,0.0,0.0006142595,13386700.0
typical,27,3.30,119,467765202,186039349,250201949,1,0,1.6554,1.65,0.005399521,0.0,201.0,1.001443e-13,5.007216e-14,9.630341e-19,1.926068e-18,1.0,7.190222e-05,7.925394e-11,8.063197e-05,8.063202e-05,-1.21018,0.0005241543,94.31909,95.97611,1.210182,94.31909,83.01959,0.2722858,94.31913,63.24289,0.02793752,94.32278,43.24513,0.002793297,94.53408,23.23958,0.0002724426,64.39902,0.0,0.0006031179,13150850.0
typical,27,3.30,120,1846824126,1717937603,250201949,1,0,1.658042,1.65,0.008041708,0.0,201.0,1.006614e-13,5.033071e-14,1.909776e-19,3.819552e-19,1.0,6.443137e-05,4.025935e-10,8.1414e-05,8.141424e-05,-0.23999,0.0001044962,108.417,96.02084,0.2399891,108.417,83.02451,0.05374969,108.4149,63.24572,0.005514921,108.2132,43.24793,0.0005645953,100.1287,23.24223,0.0001431123,64.24503,0.0,0.0006138393,13126630.0
typical,27,3.30,121,2126434687,809721325,250201949,1,0,1.657541,1.65,0.007540888,0.0,201.0,9.950711e-14,4.975355e-14,2.848571e-18,5.697141e-18,1.0,7.272851e-05,2.575007e-11,7.596243e-05,7.596241e-05,3.57962,-0.00150455,84.84394,95.92066,3.579613,84.84394,83.20974,0.8284954,84.84386,63.44639,0.08513866,84.83531,43.44877,0.008524575,84.04363,23.44317,0.0009332044,63.44776,0.0,0.0006726126,13402890.0
typical,27,3.30,122,1895268951,1841585418,250201949,1,0,1.65459,1.65,0.004590382,0.0,201.0,1.006051e-13,5.030256e-14,1.292982e-18,2.585964e-18,1.0,6.871827e-05,5.901768e-11,8.133937e-05,8.133935e-05,1.624809,-0.000706647,91.79995,96.01598,1.624806,91.79995,83.02345,0.3640616,91.79973,63.24485,0.03734704,91.77752,43.24707,0.003745221,89.93364,23.24137,0.0004627925,64.01624,0.0,0.0006300935,13124690.0
typical,27,3.30,123,464750382,290246678,250201949,1,0,1.647444,1.65,-0.00255649,0.0,201.0,9.973202e-14,4.986601e-14,6.326224e-19,1.265245e-18,1.0,6.914902e-05,1.152074e-10,7.510814e-05,7.510808e-05,0.7949768,-0.000332187,97.9332,95.94027,0.7949753,97.93319,83.27583,0.184983,97.93243,63.5151,0.01901661,97.85713,43.5175,0.00191875,93.40022,23.51181,0.0003203167,63.96537,0.0,0.0006338335,13475940.0
typical,27,3.30,124,168915960,1901688109,250201949,1,0,1.6475,1.65,-0.00250019,0.0,201.0,9.997048e-14,4.998524e-14,8.496936e-19,1.699387e-18,1.0,7.095192e-05,8.698464e-11,7.688706e-05,7.688702e-05,1.067756,-0.000451449,95.39159,95.96102,1.067754,95.39158,83.20035,0.2457188,95.39109,63.43423,0.02524394,95.34173,43.43658,0.002539467,91.9774,23.43089,0.0003738301,64.02678,0.0,0.0006293541,13370590.0
typical,27,3.30,125,1057371930,1805080684,250201949,1,0,1.646157,1.65,-0.00384327,0.0,201.0,1.000429e-13,5.002146e-14,1.33351e-18,2.66702e-18,1.0,7.119401e-05,5.617551e-11,7.819561e-05,7.819564e-05,-1.67574,0.0007147282,91.4832,95.96731,1.675735,91.4832,83.1372,0.3825602,91.48324,63.36727,0.03928272,91.48658,43.36957,0.003927803,91.75093,23.36399,0.0003807613,64.51804,0.0,0.0005949536,13303370.0
typical,27,3.30,126,5712560,1833690655,250201949,1,0,1.656025,1.65,0.006025267,0.0,201.0,9.959757e-14,4.979878e-14,1.854143e-18,3.708287e-18,1.0,7.256348e-05,4.017409e-11,7.695407e-05,7.695405e-05,2.329985,-0.000985651,88.58151,95.92856,2.329981,88.58151,83.16431,0.5359694,88.58135,63.39799,0.05505949,88.56518,43.40033,0.005517694,87.167,23.39476,0.000647721,63.69421,0.0,0.0006538471,13345070.0
typical,27,3.30,127,44534954,347163123,250201949,1,0,1.652442,1.65,0.002442424,0.0,201.0,1.005521e-13,5.027607e-14,1.248028e-18,2.496056e-18,1.0,7.161785e-05,6.119194e-11,8.127498e-05,8.127494e-05,1.568318,-0.000681802,92.10274,96.01141,1.568315,92.10274,83.02214,0.3515362,92.10249,63.24372,0.03606294,92.07797,43.24593,0.003617412,90.08374,23.24027,0.0004548061,64.06033,0.0,0.0006268999,13129860.0
typical,27,3.30,128,129202832,503557099,250201949,1,0,1.645011,1.65,-0.00498918,0.0,201.0,9.989175e-14,4.994587e-14,1.539287e-19,3.078574e-19,1.0,7.358781e-05,4.742162e-10,7.746346e-05,7.746329e-05,0.1934325,-8.20232e-05,110.2236,95.95417,0.1934322,110.2235,83.16279,0.0443572,110.2146,63.39498,0.004560564,109.405,43.39731,0.0005007412,96.60471,23.39169,0.0002184486,64.20846,0.0,0.0006163964,13333870.0
typical,27,3.30,129,1075252088,1064741940,250201949,1,0,1.652904,1.65,0.002904098,0.0,201.0,1.004563e-13,5.022813e-14,5.293305e-19,1.058661e-18,1.0,7.078868e-05,1.438991e-10,8.101516e-05,8.101508e-05,0.6651763,-0.000288673,99.5444,96.00312,0.665175,99.54439,83.02706,0.1493253,99.54355,63.24933,0.01532106,99.46032,43.25155,0.001547254,94.67375,23.24593,0.0002682929,64.17241,0.0,0.000618927,13144340.0
typical,27,3.30,130,1659276464,978529187,250201949,1,0,1.661982,1.65,0.01198227,0.0,201.0,1.006544e-13,5.032722e-14,9.219123e-19,1.843825e-18,1.0,6.302156e-05,8.303402e-11,8.136933e-05,8.136929e-05,1.158509,-0.000503926,94.74227,96.02024,1.158507,94.74226,83.02619,0.2595351,94.74192,63.24751,0.02662437,94.70812,43.24972,0.002673502,92.12105,23.24403,0.0003598726,63.96858,0.0,0.0006335995,13128800.0
typical,27,3.30,131,882993829,1344218175,250201949,1,0,1.646082,1.65,-0.00391768,0.0,201.0,9.997272e-14,4.998636e-14,6.712563e-19,1.342513e-18,1.0,7.345062e-05,1.116263e-10,7.796483e-05,7.79649e-05,-0.843526,0.0003592772,97.43926,95.96121,0.8435239,97.43926,83.14327,0.1928414,97.43921,63.374,0.01980339,97.4338,43.37631,0.001982101,96.65922,23.37073,0.0002165587,64.34573,0.0,0.00060683,13313740.0
typical,27,3.30,132,1193978177,557043035,250201949,1,0,1.644313,1.65,-0.00568717,0.0,201.0,1.009143e-13,5.045716e-14,6.177718e-19,1.235544e-18,1.0,6.683601e-05,1.237623e-10,8.117536e-05,8.117542e-05,-0.776315,0.0003374044,98.24189,96.04264,0.7763135,98.24189,83.05842,0.1741111,98.2417,63.28026,0.01786192,98.22231,43.28248,0.001790641,96.38088,23.2767,0.0002212032,64.55475,0.0,0.0005923389,13156130.0
typical,27,3.30,133,1219140548,496725995,250201949,1,0,1.650437,1.65,0.0004372398,0.0,201.0,1.009469e-13,5.047343e-14,1.355099e-18,2.710198e-18,1.0,7.72839e-05,5.711343e-11,8.373577e-05,8.373574e-05,1.702868,-0.000751418,91.42183,96.04544,1.702864,91.42183,82.93304,0.3763228,91.42159,63.14827,0.03857748,91.3977,43.15042,0.003869331,89.45236,23.14473,0.000483747,64.21005,0.0,0.0006161255,13001240.0
typical,27,3.30,134,811395693,1081910121,250201949,1,0,1.65104,1.65,0.001039875,0.0,201.0,1.005914e-13,5.029571e-14,1.060392e-18,2.120784e-18,1.0,6.84723e-05,7.123901e-11,8.01758e-05,8.017577e-05,1.332528,-0.00057535,93.52129,96.0148,1.332525,93.52129,83.08168,0.3006211,93.52096,63.30621,0.03085051,93.48884,43.30846,0.003097284,91.02384,23.30271,0.0004110963,64.07962,0.0,0.0006255267,13195680.0
typical,27,3.30,135,1565515174,1573062532,250201949,1,0,1.65266,1.65,0.002660136,0.0,201.0,9.987189e-14,4.993594e-14,1.595306e-18,3.190613e-18,1.0,7.355812e-05,4.664003e-11,7.846143e-05,7.846141e-05,2.004721,-0.000856312,89.91138,95.95245,2.004717,89.91138,83.10837,0.4569296,89.91119,63.33768,0.04691638,89.89192,43.33998,0.004703305,88.26539,23.33439,0.0005668261,63.84777,0.0,0.0006424103,13264820.0
typical,27,3.30,136,1408954321,1672307529,250201949,1,0,1.650568,1.65,0.0005675559,0.0,201.0,9.957374e-14,4.978687e-14,9.773243e-19,1.954649e-18,1.0,7.275688e-05,7.503331e-11,7.657634e-05,7.65763e-05,1.228142,-0.000518226,94.14152,95.92648,1.22814,94.14152,83.18247,0.2831701,94.14113,63.41727,0.02909422,94.10284,43.41963,0.002923069,91.2959,23.41405,0.0004035593,63.9011,0.0,0.0006385299,13370170.0
typical,27,3.30,137,1226614105,30594168,250201949,1,0,1.657137,1.65,0.007137483,0.0,201.0,1.007672e-13,5.03836e-14,1.838078e-19,3.676157e-19,1.0,6.136656e-05,4.188507e-10,8.115046e-05,8.11507e-05,-0.23098,0.0001004174,108.7585,96.02996,0.2309793,108.7585,83.04701,0.05181155,108.7557,63.26891,0.005316914,108.4883,43.27113,0.0005484581,99.50544,23.26539,0.0001541691,64.24787,0.0,0.0006136349,13147420.0
typical,27,3.30,138,1058929177,1308354816,250201949,1,0,1.648504,1.65,-0.00149576,0.0,201.0,9.940682e-14,4.970341e-14,7.239704e-19,1.447941e-18,1.0,7.746009e-05,1.020481e-10,7.567383e-05,7.567389e-05,-0.909768,0.0003817472,96.73331,95.9119,0.9097664,96.73331,83.21663,0.2109434,96.73331,63.45415,0.02167915,96.73321,43.45654,0.002168534,96.46668,23.45101,0.0002234686,64.17547,0.0,0.0006188538,13428370.0
typical,27,3.30,139,53733599,1054411946,250201949,1,0,1.658368,1.65,0.008368037,0.0,201.0,9.9849e-14,4.99245e-14,1.633574e-18,3.267148e-18,1.0,6.860872e-05,4.534684e-11,7.695333e-05,7.69533e-05,2.05281,-0.0008684,89.7035,95.95046,2.052806,89.7035,83.18625,0.4722126,89.70333,63.41993,0.04850985,89.68695,43.42228,0.004861456,88.26339,23.41664,0.0005723509,63.70611,0.0,0.0006529999,13362370.0
typical,27,3.30,140,673831711,865096016,250201949,1,0,1.646195,1.65,-0.00380473,0.0,201.0,1.001388e-13,5.00694e-14,9.935523e-19,1.987105e-18,1.0,7.030728e-05,7.520384e-11,7.814667e-05,7.814671e-05,-1.24853,0.0005323643,94.04763,95.97563,1.248532,94.04763,83.1481,0.285117,94.04767,63.37831,0.02927735,94.05126,43.38061,0.002927304,94.27285,23.37499,0.000285172,64.40584,0.0,0.0006026757,13310440.0
typical,27,3.30,141,857021063,1358284948,250201949,1,0,1.649733,1.65,-0.000266506,0.0,201.0,9.997878e-14,4.998939e-14,1.033016e-18,2.066032e-18,1.0,7.199976e-05,7.230483e-11,7.792555e-05,7.792551e-05,1.298126,-0.000552574,93.69542,95.96174,1.298124,93.69541,83.14587,0.2968404,93.69509,63.37672,0.03048467,93.66277,43.37903,0.003060646,91.18436,23.3734,0.0004068665,63.97258,0.0,0.0006333047,13307560.0
typical,27,3.30,142,79409913,578866209,250201949,1,0,1.649298,1.65,-0.000701612,0.0,201.0,1.000561e-13,5.002803e-14,5.718346e-19,1.143669e-18,1.0,7.414586e-05,1.303277e-10,7.938248e-05,7.938242e-05,0.7185885,-0.000308682,98.83886,95.96845,0.7185871,98.83885,83.07631,0.1628819,98.83787,63.30303,0.01672083,98.74069,43.3053,0.001691339,93.55301,23.29971,0.0003071389,64.17818,0.0,0.0006184916,13220470.0
typical,27,3.30,143,1983545063,1095231384,250201949,1,0,1.648831,1.65,-0.00116948,0.0,201.0,9.998041e-14,4.999021e-14,1.263975e-18,2.52795e-18,1.0,7.606478e-05,5.985612e-11,7.939496e-05,7.939499e-05,-1.58836,0.0006826203,91.94293,95.96188,1.588355,91.94293,83.06908,0.3600044,91.943,63.29577,0.03695203,91.95036,43.29804,0.003693041,92.64692,23.29251,0.0003406272,64.44856,0.0,0.0005997558,13221840.0
typical,27,3.30,144,853220683,2090868806,250201949,1,0,1.64819,1.65,-0.00180983,0.0,201.0,1.005516e-13,5.027578e-14,1.136392e-18,2.272785e-18,1.0,6.663951e-05,6.718892e-11,8.070554e-05,8.070558e-05,-1.42803,0.0006187817,92.91661,96.01136,1.42803,92.91661,83.05108,0.3211616,92.91665,63.27418,0.03295161,92.92037,43.27641,0.003294596,93.18999,23.27074,0.0003191811,64.57342,0.0,0.0005911356,13167210.0
typical,27,3.30,145,271673838,2147329308,250201949,1,0,1.638279,1.65,-0.0117208,0.0,201.0,9.982203e-14,4.991102e-14,2.195442e-19,4.390883e-19,1.0,7.566485e-05,3.27347e-10,7.542425e-05,7.542414e-05,0.2758873,-0.00011546,107.1335,95.94811,0.2758868,107.1334,83.26641,0.06406916,107.1277,63.5047,0.006589442,106.5922,43.5071,0.0007010414,95.41472,23.50143,0.0002537088,64.1919,0.0,0.0006175259,13465200.0
typical,27,3.30,146,1095731603,1183634964,250201949,1,0,1.642192,1.65,-0.00780792,0.0,201.0,1.003238e-13,5.016192e-14,1.248537e-19,2.497074e-19,1.0,6.961304e-05,6.556178e-10,7.785609e-05,7.78565e-05,-0.156896,6.685195e-05,112.0795,95.99166,0.1568955,112.0793,83.17945,0.03589265,112.0678,63.41049,0.003690933,111.0427,43.41281,0.0004154389,97.32536,23.40706,0.0002014118,64.3273,0.0,0.0006080292,13329830.0
typical,27,3.30,147,959207314,487127855,250201949,1,0,1.650292,1.65,0.0002919304,0.0,201.0,9.908023e-14,4.954012e-14,1.291872e-18,2.583745e-18,1.0,7.866961e-05,5.675815e-11,7.427451e-05,7.427448e-05,1.623415,-0.000674671,91.67475,95.88332,1.623412,91.67475,83.26471,0.3797504,91.67451,63.50659,0.03904847,91.65052,43.50902,0.00391674,89.69733,23.50353,0.0004901283,63.7261,0.0,0.0006514976,13502600.0
typical,27,3.30,148,289540357,1945965975,250201949,1,0,1.650624,1.65,0.0006239427,0.0,201.0,1.006552e-13,5.032761e-14,1.374613e-18,2.749225e-18,1.0,7.051122e-05,5.547918e-11,8.144944e-05,8.144942e-05,1.727389,-0.000751769,91.27252,96.02031,1.727386,91.27252,83.02219,0.3867976,91.2723,63.24331,0.03967803,91.25098,43.24552,0.00397857,89.47257,23.23978,0.0004879336,64.06884,0.0,0.0006262722,13116450.0
typical,27,3.30,149,536925388,2074942125,250201949,1,0,1.650197,1.65,0.0001973256,0.0,201.0,1.002397e-13,5.011986e-14,1.652072e-18,3.304145e-18,1.0,7.41025e-05,4.556e-11,7.896864e-05,7.896862e-05,2.076055,-0.000889652,89.63961,95.98438,2.076051,89.63961,83.11376,0.4717453,89.63944,63.34164,0.04842952,89.62194,43.34392,0.004853993,88.12114,23.33827,0.0005765756,63.91331,0.0,0.0006375821,13257150.0
typical,27,3.30,150,164522721,742843649,250201949,1,0,1.639609,1.65,-0.0103911,0.0,201.0,1.001709e-13,5.008545e-14,1.455068e-18,2.910136e-18,1.0,8.204855e-05,5.117329e-11,7.807901e-05,7.807899e-05,1.828492,-0.000779115,90.73657,95.97841,1.828489,90.73656,83.15445,0.4177286,90.73633,63.38485,0.04289693,90.71281,43.38716,0.004302467,88.80154,23.38145,0.0005357916,64.09183,0.0,0.0006245941,13303360.0
typical,27,3.30,151,247125088,2090793989,250201949,1,0,1.652611,1.65,0.002611377,0.0,201.0,1.000024e-13,5.000118e-14,1.151053e-18,2.302106e-18,1.0,7.040706e-05,6.478729e-11,7.807702e-05,7.807699e-05,1.446456,-0.000616323,92.7577,95.96379,1.446453,92.7577,83.13993,0.3304544,92.75743,63.37034,0.03393481,92.7308,43.37265,0.003404804,90.59783,23.36702,0.0004349701,63.91247,0.0,0.0006377018,13300340.0
typical,27,3.30,152,418177316,1282252564,250201949,1,0,1.65009,1.65,8.998981e-05,0.0,201.0,1.002769e-13,5.013847e-14,1.294813e-18,2.589626e-18,1.0,7.157962e-05,5.81224e-11,7.908447e-05,7.908444e-05,1.62711,-0.00069776,91.75928,95.9876,1.627107,91.75928,83.11095,0.3694738,91.75904,63.3385,0.03792918,91.73468,43.34078,0.003804567,89.7563,23.33512,0.0004774642,63.97351,0.0,0.0006332054,13251660.0
typical,27,3.30,153,918161026,2076665065,250201949,1,0,1.647545,1.65,-0.0024545,0.0,201.0,1.002753e-13,5.013765e-14,1.199951e-18,2.399901e-18,1.0,7.344836e-05,6.397727e-11,8.112005e-05,8.112009e-05,-1.5079,0.0006550575,92.42001,95.98746,1.5079,92.42001,83.00606,0.3383003,92.42006,63.22805,0.03470556,92.42525,43.23027,0.003469371,92.86542,23.22471,0.000329583,64.59473,0.0,0.0005896923,13129220.0
typical,27,3.30,154,841102576,1916996193,250201949,1,0,1.652851,1.65,0.002850953,0.0,201.0,1.006429e-13,5.032144e-14,3.368538e-19,6.737076e-19,1.0,6.496354e-05,2.238778e-10,8.100934e-05,8.100924e-05,0.423303,-0.000183667,103.4862,96.01924,0.4233021,103.4862,83.04348,0.09503058,103.4843,63.26576,0.009751583,103.2933,43.26799,0.0009970922,95.83151,23.26225,0.0002352542,64.19448,0.0,0.0006173592,13145750.0
typical,27,3.30,155,557433351,892240817,250201949,1,0,1.649,1.65,-0.000999702,0.0,201.0,1.008934e-13,5.044668e-14,1.055311e-18,2.110622e-18,1.0,6.714756e-05,7.3058e-11,8.227491e-05,8.227495e-05,-1.32614,0.0005801941,93.58904,96.04083,1.32614,93.58904,83.00111,0.2955311,93.58908,63.22006,0.0303074,93.59299,43.22225,0.00303014,93.8622,23.21655,0.0002935741,64.6417,0.0,0.0005864759,13093570.0
typical,27,3.30,156,1385174125,1178463143,250201949,1,0,1.647399,1.65,-0.00260084,0.0,201.0,9.928189e-14,4.964095e-14,8.600491e-19,1.720098e-18,1.0,7.719423e-05,8.425616e-11,7.456733e-05,7.456728e-05,1.08077,-0.000450007,95.22634,95.90098,1.080768,95.22633,83.26622,0.2523448,95.22586,63.50717,0.0259457,95.17923,43.50959,0.002609266,91.94397,23.50406,0.0003784467,63.897,0.0,0.0006388244,13495490.0
typical,27,3.30,157,1659133833,1485076331,250201949,1,0,1.650493,1.65,0.0004929242,0.0,201.0,1.000491e-13,5.002454e-14,8.915556e-19,1.783111e-18,1.0,7.122146e-05,8.446932e-11,7.847138e-05,7.847142e-05,-1.12036,0.0004787096,94.98069,95.96784,1.12036,94.98069,83.12324,0.255345,94.98072,63.35252,0.02621741,94.9838,43.35482,0.002621505,95.11414,23.34923,0.0002580801,64.34882,0.0,0.0006066382,13283490.0
typical,27,3.30,158,71049949,891875144,250201949,1,0,1.651535,1.65,0.001535286,0.0,201.0,1.011269e-13,5.056347e-14,3.290324e-18,6.580648e-18,1.0,6.510131e-05,2.35616e-11,8.408923e-05,8.408924e-05,-4.13474,0.001828637,83.73196,96.06092,4.134735,83.73196,82.93112,0.9119222,83.73201,63.14546,0.09347008,83.73666,43.1476,0.009344313,84.21141,23.14192,0.0008841489,65.07775,0.0,0.0005579229,12999510.0
typical,27,3.30,159,1307609289,224023924,250201949,1,0,1.643836,1.65,-0.00616363,0.0,201.0,9.963009e-14,4.981504e-14,1.003581e-18,2.007163e-18,1.0,7.666829e-05,7.345591e-11,7.601572e-05,7.601568e-05,1.261137,-0.000530197,93.91616,95.93139,1.261135,93.91616,83.21759,0.2917909,93.91578,63.45408,0.02998576,93.87797,43.45645,0.003012481,91.10285,23.45083,0.0004143799,64.01306,0.0,0.000630336,13408670.0
typical,27,3.30,160,1185448135,76908601,250201949,1,0,1.647418,1.65,-0.00258225,0.0,201.0,9.982719e-14,4.99136e-14,1.65394e-18,3.30788e-18,1.0,7.382607e-05,4.53042e-11,7.737316e-05,7.737318e-05,-2.0784,0.0008817689,89.59398,95.94856,2.078398,89.59398,83.16196,0.476869,89.59404,63.39441,0.04898,89.59956,43.39675,0.004896203,90.13091,23.39119,0.0004602715,64.50217,0.0,0.0005961006,13344750.0
typical,27,3.30,161,1246896576,394931640,250201949,1,0,1.643777,1.65,-0.00622327,0.0,201.0,9.78544e-14,4.89272e-14,1.800629e-18,3.601258e-18,1.0,8.618799e-05,3.86251e-11,6.852837e-05,6.852835e-05,2.262737,-0.000903273,88.68252,95.77519,2.262734,88.68252,83.48639,0.5497859,88.68235,63.74794,0.05666035,88.66581,43.75058,0.005678565,87.24164,23.74518,0.0006686164,63.44206,0.0,0.0006729875,13832640.0
typical,27,3.30,162,1604228771,730940353,250201949,1,0,1.654859,1.65,0.00485929,0.0,201.0,1.001098e-13,5.005489e-14,2.044358e-18,4.088716e-18,1.0,7.457473e-05,3.657874e-11,7.916954e-05,7.916952e-05,2.569016,-0.00110231,87.77779,95.97311,2.569011,87.77779,83.09203,0.5830585,87.77764,63.31935,0.05985288,87.76311,43.32162,0.005996883,86.48928,23.31601,0.0006939632,63.78505,0.0,0.0006470202,13236580.0
typical,27,3.30,163,822201932,527043833,250201949,1,0,1.648493,1.65,-0.00150656,0.0,201.0,9.998991e-14,4.999495e-14,1.352728e-18,2.705456e-18,1.0,7.417254e-05,5.512391e-11,7.764867e-05,7.764864e-05,1.699888,-0.000722333,91.35431,95.9627,1.699885,91.35431,83.16149,0.3893667,91.3541,63.39313,0.03999002,91.33316,43.39546,0.004009729,89.57976,23.38982,0.0004903462,63.90604,0.0,0.0006381583,13327540.0
typical,27,3.30,164,1458699217,1592731909,250201949,1,0,1.648123,1.65,-0.00187676,0.0,201.0,1.005045e-13,5.025226e-14,6.663296e-19,1.332659e-18,1.0,7.398353e-05,1.142126e-10,8.189217e-05,8.189211e-05,0.8373344,-0.000365362,97.54933,96.00729,0.8373328,97.54932,82.98681,0.1870142,97.5487,63.20676,0.01918242,97.48646,43.20896,0.001932524,93.52016,23.20333,0.000304901,64.25022,0.0,0.0006133708,13088040.0
typical,27,3.30,165,60841246,2023230328,250201949,1,0,1.647089,1.65,-0.00291124,0.0,201.0,9.998283e-14,4.999142e-14,2.283994e-18,4.567987e-18,1.0,7.921196e-05,3.214495e-11,7.703903e-05,7.703901e-05,2.870151,-0.00121484,86.80401,95.96209,2.870146,86.80401,83.1933,0.6598795,86.80389,63.42673,0.06778637,86.79145,43.42907,0.006790176,85.68222,23.42339,0.0007710072,63.75792,0.0,0.0006490238,13360940.0
typical,27,3.30,166,737507412,1832010321,250201949,1,0,1.649978,1.65,-2.16524e-05,0.0,201.0,1.00131e-13,5.00655e-14,2.637187e-19,5.274374e-19,1.0,7.164864e-05,2.960974e-10,7.917906e-05,7.917924e-05,-0.331399,0.0001422947,105.568,95.97495,0.3313981,105.5679,83.09337,0.07520931,105.5662,63.32065,0.007721841,105.3994,43.32293,0.0007873659,98.23406,23.31734,0.0001795413,64.30045,0.0,0.0006099443,13243060.0
typical,27,3.30,167,1166089538,1743707485,250201949,1,0,1.658584,1.65,0.008583675,0.0,201.0,1.004903e-13,5.024517e-14,1.419735e-18,2.83947e-18,1.0,6.523793e-05,5.353229e-11,8.04877e-05,8.048767e-05,1.784091,-0.000771855,90.97774,96.00607,1.784088,90.97774,83.05694,0.4017538,90.97754,63.28063,0.04122437,90.958,43.28287,0.004132788,89.30026,23.27717,0.0004998566,63.85989,0.0,0.000641544,13172350.0
typical,27,3.30,168,1546259650,1305055608,250201949,1,0,1.650406,1.65,0.0004060136,0.0,201.0,9.968547e-14,4.984274e-14,9.521832e-20,1.904366e-19,1.0,7.735539e-05,7.647145e-10,7.756342e-05,7.756316e-05,0.1196549,-5.07462e-05,114.3776,95.93622,0.1196546,114.3774,83.13953,0.02742237,114.3583,63.37143,0.002822635,112.7772,43.37376,0.0003387099,97.47749,23.36825,0.0001970326,64.14111,0.0,0.0006212194,13323770.0
typical,27,3.30,169,1536012865,1012861954,250201949,1,0,1.651871,1.65,0.001870746,0.0,201.0,9.936807e-14,4.968404e-14,6.953115e-19,1.390623e-18,1.0,7.480557e-05,1.064961e-10,7.617503e-05,7.617497e-05,0.8737542,-0.000367696,97.08075,95.90852,0.8737525,97.08074,83.18611,0.2019614,97.08008,63.42212,0.02075402,97.01377,43.42449,0.002091877,92.90488,23.41897,0.0003355094,63.9323,0.0,0.000636261,13388150.0
typical,27,3.30,170,1151032206,471679861,250201949,1,0,1.64593,1.65,-0.00406969,0.0,201.0,1.00283e-13,5.01415e-14,4.127091e-19,8.254183e-19,1.0,7.08125e-05,1.78332e-10,7.772477e-05,7.772469e-05,0.5186256,-0.00022043,101.6911,95.98813,0.5186246,101.6911,83.18288,0.1187385,101.6896,63.41431,0.01219648,101.5485,43.41663,0.001239949,95.14734,23.41092,0.0002589278,64.17781,0.0,0.0006185566,13340740.0
typical,27,3.30,171,752332550,1173747224,250201949,1,0,1.654029,1.65,0.004028524,0.0,201.0,9.983457e-14,4.991728e-14,1.701516e-18,3.403033e-18,1.0,7.590348e-05,4.430945e-11,7.862924e-05,7.862927e-05,-2.13819,0.0009144552,89.3483,95.9492,2.138185,89.3483,83.09632,0.4868568,89.34836,63.32516,0.04998499,89.35514,43.32745,0.004995922,90.03073,23.32192,0.0004619124,64.43996,0.0,0.0006004033,13259600.0
typical,27,3.30,172,1829950160,1964976845,250201949,1,0,1.649552,1.65,-0.000448461,0.0,201.0,1.012145e-13,5.060723e-14,3.481095e-18,6.962191e-18,1.0,6.344579e-05,2.192735e-11,8.229576e-05,8.229575e-05,4.374473,-0.00191376,83.24993,96.06843,4.374465,83.24993,83.02766,0.9747351,83.24986,63.24656,0.099962,83.24279,43.24875,0.01000686,82.57954,23.24284,0.001079357,63.76785,0.0,0.000648201,13089500.0
typical,27,3.30,173,424930421,948075911,250201949,1,0,1.654502,1.65,0.004502048,0.0,201.0,9.95768e-14,4.97884e-14,6.586652e-19,1.31733e-18,1.0,7.357561e-05,1.121521e-10,7.577305e-05,7.577311e-05,-0.827703,0.0003475431,97.56927,95.92674,0.8277015,97.56927,83.22608,0.1917964,97.56927,63.4633,0.01971069,97.56885,43.46569,0.001971705,97.21399,23.46011,0.0002052607,64.09167,0.0,0.0006248513,13429930.0
typical,27,3.30,174,1635276156,235557147,250201949,1,0,1.649821,1.65,-0.000179376,0.0,201.0,9.940186e-14,4.970093e-14,4.409731e-20,8.819461e-20,1.0,7.575752e-05,2.519485e-09,7.634938e-05,7.635126e-05,-0.0554143,2.343454e-05,121.039,95.91147,0.05541421,121.0381,83.17956,0.01279593,120.9478,63.41504,0.001328508,116.0893,43.4174,0.0002324915,97.43577,23.41189,0.0001989784,64.11341,0.0,0.0006231999,13380330.0
typical,27,3.30,175,2030085200,1563192925,250201949,1,0,1.644797,1.65,-0.0052026,0.0,201.0,1.006727e-13,5.033635e-14,1.185599e-18,2.371198e-18,1.0,7.359869e-05,6.347989e-11,7.979661e-05,7.979658e-05,1.489867,-0.000641769,92.55888,96.02181,1.489864,92.55888,83.10823,0.3368742,92.5586,63.3338,0.03457486,92.5307,43.33606,0.003469512,90.32635,23.3303,0.0004468863,64.12664,0.0,0.0006221372,13226740.0
typical,27,3.30,176,1457399798,1816077703,250201949,1,0,1.647673,1.65,-0.00232723,0.0,201.0,9.982082e-14,4.991041e-14,2.613526e-20,5.227052e-20,1.0,7.123006e-05,3.084821e-09,7.692905e-05,7.693018e-05,0.03284253,-1.38121e-05,125.6193,95.948,0.03284247,125.6166,83.18503,0.007558241,125.36,63.41878,0.0007997197,117.0726,43.42113,0.0002076945,97.41634,23.4155,0.000199507,64.1715,0.0,0.0006190404,13362760.0
typical,27,3.30,177,231885450,1734941217,250201949,1,0,1.651862,1.65,0.001862261,0.0,201.0,9.824471e-14,4.912236e-14,2.142167e-18,4.284334e-18,1.0,8.328657e-05,3.321077e-11,7.035225e-05,7.035224e-05,2.691927,-0.00108884,87.20852,95.80977,2.691922,87.20852,83.41354,0.6460281,87.2084,63.66851,0.06652816,87.19671,43.67108,0.006663749,86.14249,23.66565,0.0007518967,63.35498,0.0,0.0006798204,13724060.0
typical,27,3.30,178,1373071475,824949184,250201949,1,0,1.653768,1.65,0.003767614,0.0,201.0,1.006787e-13,5.033935e-14,3.692073e-19,7.384145e-19,1.0,6.51513e-05,2.067679e-10,8.060958e-05,8.060969e-05,-0.46396,0.0002009569,102.6927,96.02233,0.4639586,102.6927,83.06696,0.1044025,102.6925,63.29032,0.01071256,102.663,43.29255,0.001075167,99.8254,23.28686,0.0001489611,64.277,0.0,0.0006116187,13184260.0
typical,27,3.30,179,2043033202,1176837868,250201949,1,0,1.653509,1.65,0.003508652,0.0,201.0,1.005965e-13,5.029823e-14,3.649055e-21,7.29811e-21,1.0,6.744501e-05,9.693451e-08,8.09903e-05,8.108295e-05,-0.00458554,2.054584e-06,142.7874,96.01523,0.004585529,142.7061,83.03572,0.001038673,138.1788,63.25781,0.0001794524,119.9947,43.26003,0.000145635,99.47678,23.25436,0.0001544823,64.25332,0.0,0.0006132452,13146340.0
typical,27,3.30,180,264946204,1140944664,250201949,1,0,1.654525,1.65,0.004525114,0.0,201.0,9.917395e-14,4.958697e-14,2.138537e-18,4.277074e-18,1.0,7.411507e-05,3.409184e-11,7.354467e-05,7.354465e-05,2.687365,-0.00111139,87.30502,95.89153,2.68736,87.30502,83.31345,0.6315703,87.3049,63.55766,0.06495881,87.29305,43.56012,0.006506587,86.2258,23.55454,0.0007352541,63.50052,0.0,0.0006685718,13552900.0
typical,27,3.30,181,828241299,414321072,250201949,1,0,1.642621,1.65,-0.0073789,0.0,201.0,1.006564e-13,5.03282e-14,1.107809e-18,2.215618e-18,1.0,8.253215e-05,6.866685e-11,8.132684e-05,8.132681e-05,1.392114,-0.00060537,93.14693,96.02041,1.392111,93.14693,83.02851,0.3119458,93.14658,63.24995,0.03200134,93.11233,43.25216,0.003213599,90.53814,23.24647,0.0004319331,64.27367,0.0,0.0006116662,13131750.0
typical,27,3.30,182,1921119351,1766655288,250201949,1,0,1.649013,1.65,-0.000987008,0.0,201.0,1.01288e-13,5.0644e-14,8.471845e-19,1.694369e-18,1.0,6.978971e-05,9.036683e-11,8.332822e-05,8.332818e-05,1.064603,-0.000468603,95.531,96.07474,1.064601,95.531,82.9825,0.235817,95.53055,63.19875,0.02417744,95.48572,43.20091,0.002430857,92.32545,23.19506,0.0003495271,64.28035,0.0,0.0006112076,13038640.0
typical,27,3.30,183,871971801,1323472347,250201949,1,0,1.6506,1.65,0.0006004594,0.0,201.0,9.981123e-14,4.990561e-14,8.344309e-19,1.668862e-18,1.0,7.255375e-05,8.908785e-11,7.728401e-05,7.728396e-05,1.048577,-0.000444486,95.53518,95.94717,1.048575,95.53518,83.16532,0.2407173,95.53469,63.39803,0.02472675,95.48643,43.40037,0.00248712,92.16682,23.39477,0.0003642484,63.95994,0.0,0.0006342323,13341900.0
typical,27,3.30,184,764771432,1267565384,250201949,1,0,1.658349,1.65,0.008348655,0.0,201.0,1.001116e-13,5.005581e-14,1.544698e-18,3.089396e-18,1.0,7.089645e-05,4.901324e-11,8.027864e-05,8.027861e-05,1.941124,-0.000838701,90.21222,95.97327,1.941121,90.21222,83.03486,0.4376554,90.21203,63.25912,0.04491117,90.19338,43.26136,0.004501937,88.60511,23.25576,0.0005401723,63.88011,0.0,0.0006400305,13160900.0
typical,27,3.30,185,863610712,1527372697,250201949,1,0,1.657021,1.65,0.007021077,0.0,201.0,1.00692e-13,5.0346e-14,5.703806e-19,1.140761e-18,1.0,6.704408e-05,1.345342e-10,8.318146e-05,8.318139e-05,0.7167614,-0.000315194,98.916,96.02348,0.71676,98.916,82.93852,0.1589008,98.91519,63.15514,0.01629287,98.83556,43.15731,0.001644704,94.18756,23.15166,0.0002806757,64.20634,0.0,0.0006164604,13017380.0
typical,27,3.30,186,259361855,620639255,250201949,1,0,1.64589,1.65,-0.00410981,0.0,201.0,1.009069e-13,5.045343e-14,1.048935e-19,2.09787e-19,1.0,7.18184e-05,8.368346e-10,8.166132e-05,8.166187e-05,-0.131813,5.753095e-05,113.6428,96.04199,0.1318128,113.6427,83.03314,0.02947968,113.6267,63.25369,0.003029345,112.2681,43.25589,0.0003543137,97.51037,23.25015,0.0001936373,64.49788,0.0,0.0005961761,13128950.0
typical,27,3.30,187,1284427952,827524825,250201949,1,0,1.649384,1.65,-0.000616366,0.0,201.0,1.008011e-13,5.040054e-14,4.997459e-19,9.994917e-19,1.0,6.631172e-05,1.536762e-10,8.122333e-05,8.122341e-05,-0.627999,0.000273037,100.0737,96.03288,0.6279979,100.0737,83.04623,0.1408075,100.0734,63.26794,0.01444536,100.0396,43.27016,0.001450535,97.2461,23.26445,0.0001999482,64.46546,0.0,0.0005984567,13151800.0
typical,27,3.30,188,322862487,434851808,250201949,1,0,1.653688,1.65,0.003688088,0.0,201.0,1.006918e-13,5.034589e-14,1.382924e-18,2.765849e-18,1.0,6.440941e-05,5.512391e-11,8.100058e-05,8.100061e-05,-1.73783,0.0007543723,91.22331,96.02346,1.73783,91.22331,83.04814,0.3901587,91.22338,63.27045,0.04002703,91.22994,43.27267,0.004000707,91.84956,23.26698,0.000372281,64.52195,0.0,0.0005946872,13159880.0
typical,27,3.30,189,46893759,1804424633,250201949,1,0,1.646397,1.65,-0.0036035,0.0,201.0,9.970238e-14,4.985119e-14,4.679982e-19,9.359965e-19,1.0,7.484992e-05,1.576268e-10,7.659602e-05,7.659595e-05,0.5881039,-0.000248146,100.5486,95.93769,0.5881028,100.5486,83.19263,0.1355816,100.5474,63.42737,0.01393153,100.4267,43.42973,0.001413028,94.54791,23.42414,0.0002778507,64.09345,0.0,0.0006245853,13381050.0
typical,27,3.30,190,1222278986,1665251116,250201949,1,0,1.648914,1.65,-0.00108615,0.0,201.0,9.991495e-14,4.995747e-14,1.221797e-18,2.443594e-18,1.0,7.360441e-05,6.099299e-11,7.755674e-05,7.755671e-05,1.535355,-0.00065201,92.23203,95.95619,1.535352,92.23203,83.15985,0.3518772,92.23174,63.39176,0.03614107,92.20336,43.39409,0.003626906,89.9746,23.38845,0.0004684819,63.95307,0.0,0.0006346935,13326350.0
typical,27,3.30,191,932708066,249059815,250201949,1,0,1.65564,1.65,0.005639606,0.0,201.0,1.005892e-13,5.02946e-14,1.086719e-18,2.173438e-18,1.0,6.474656e-05,6.990319e-11,8.069276e-05,8.06928e-05,-1.36561,0.0005916743,93.30808,96.01461,1.365608,93.30809,83.05499,0.3071461,93.30817,63.27812,0.03151357,93.31648,43.28035,0.003149153,94.08188,23.27466,0.0002881635,64.36396,0.0,0.000605592,13169650.0
typical,27,3.30,192,1633585117,834097274,250201949,1,0,1.651566,1.65,0.001565941,0.0,201.0,1.004185e-13,5.020924e-14,7.640789e-19,1.528158e-18,1.0,6.695136e-05,9.850964e-11,7.955937e-05,7.955932e-05,0.9601699,-0.000412964,96.35291,95.99985,0.960168,96.3529,83.09854,0.2174111,96.35243,63.32477,0.02231603,96.30531,43.32704,0.002244328,93.01571,23.32133,0.0003275525,64.04549,0.0,0.0006280345,13227220.0
typical,27,3.30,193,1129716523,1152775787,250201949,1,0,1.651944,1.65,0.001943539,0.0,201.0,1.001329e-13,5.006645e-14,5.411e-19,1.0822e-18,1.0,6.787774e-05,1.385132e-10,7.889468e-05,7.889461e-05,0.6799663,-0.000291196,99.32539,95.97512,0.679965,99.32538,83.10837,0.1545786,99.32444,63.33645,0.01587086,99.23172,43.33874,0.001604541,94.15917,23.33307,0.0002875379,64.1011,0.0,0.0006240297,13249390.0
typical,27,3.30,194,1360005800,1058830500,250201949,1,0,1.639204,1.65,-0.0107962,0.0,201.0,1.002173e-13,5.010865e-14,2.00045e-18,4.000901e-18,1.0,7.270005e-05,3.726086e-11,7.800762e-05,7.800764e-05,-2.51384,0.001070861,87.9757,95.98244,2.513835,87.9757,83.16223,0.5745486,87.97574,63.39284,0.0590004,87.98026,43.39516,0.005898542,88.41926,23.38953,0.0005604203,64.76922,0.0,0.000578067,13329900.0
typical,27,3.30,195,1840173252,944794745,250201949,1,0,1.654194,1.65,0.00419402,0.0,201.0,9.970915e-14,4.985458e-14,6.457504e-19,1.291501e-18,1.0,7.272375e-05,1.155911e-10,7.643065e-05,7.643072e-05,-0.811474,0.0003422086,97.75281,95.93828,0.8114723,97.75281,83.2021,0.1872684,97.75277,63.43733,0.01924103,97.74868,43.43969,0.001925533,97.05967,23.43412,0.000208316,64.15562,0.0,0.0006202625,13396580.0
typical,27,3.30,196,1002604530,355825807,250201949,1,0,1.652343,1.65,0.002343044,0.0,201.0,1.003395e-13,5.016974e-14,1.052865e-19,2.105729e-19,1.0,6.741185e-05,7.850929e-10,7.974152e-05,7.974201e-05,-0.132307,5.705144e-05,113.5614,95.99302,0.1323066,113.5613,83.08225,0.02992602,113.5504,63.30798,0.003075253,112.5766,43.31024,0.0003440969,98.87847,23.30457,0.0001664582,64.22287,0.0,0.0006154089,13212480.0
typical,27,3.30,197,843857223,1088669250,250201949,1,0,1.647202,1.65,-0.00279787,0.0,201.0,1.010637e-13,5.053183e-14,8.368778e-19,1.673756e-18,1.0,7.436907e-05,9.158896e-11,8.296732e-05,8.296728e-05,1.051652,-0.000461892,95.61806,96.05548,1.051649,95.61805,82.98116,0.2334293,95.61756,63.19833,0.02393527,95.56886,43.2005,0.002407588,92.22743,23.19473,0.0003534803,64.3195,0.0,0.0006084565,13052190.0
typical,27,3.30,198,1482912764,927568146,250201949,1,0,1.648489,1.65,-0.00151088,0.0,201.0,1.009521e-13,5.047605e-14,5.095585e-19,1.019117e-18,1.0,6.447812e-05,1.502656e-10,8.128932e-05,8.12894e-05,-0.64033,0.000278501,99.91782,96.04589,0.6403289,99.91782,83.05589,0.1435169,99.91764,63.27742,0.01472276,99.89913,43.27964,0.001475792,97.99301,23.27387,0.000183672,64.46263,0.0,0.000598669,13154080.0
typical,27,3.30,199,377570197,575609174,250201949,1,0,1.643579,1.65,-0.00642061,0.0,201.0,1.012443e-13,5.062213e-14,2.408912e-18,4.817823e-18,1.0,6.414315e-05,3.20739e-11,8.386957e-05,8.386958e-05,-3.02713,0.001337062,86.45039,96.07099,3.027121,86.45039,82.952,0.6684675,86.45044,63.16689,0.06852079,86.45542,43.16903,0.006849846,86.95499,23.16329,0.0006462713,65.0588,0.0,0.0005590494,13016260.0
typical,27,3.30,200,426875772,1345742411,250201949,1,0,1.655844,1.65,0.005844031,0.0,201.0,1.005458e-13,5.027288e-14,2.855867e-18,5.711735e-18,1.0,7.364013e-05,2.614797e-11,7.977579e-05,7.977578e-05,3.588789,-0.00154579,84.91192,96.01086,3.588782,84.91191,83.09835,0.8115619,84.91182,63.32398,0.08329286,84.90263,43.32624,0.008340279,84.0569,23.32047,0.0009187104,63.64603,0.0,0.0006574088,13214630.0
typical,27,3.30,201,805223504,488692311,250201949,1,0,1.646349,1.65,-0.00365116,0.0,201.0,9.970537e-14,4.985268e-14,3.90975e-19,7.8195e-19,1.0,7.409307e-05,1.88038e-10,7.643219e-05,7.64321e-05,0.4913137,-0.000207066,102.1108,95.93795,0.4913128,102.1108,83.20169,0.1133825,102.109,63.43692,0.01165194,101.9314,43.43929,0.001189588,94.77865,23.4337,0.0002708647,64.08363,0.0,0.0006252868,13394030.0
typical,27,3.30,202,1551389456,2049639239,250201949,1,0,1.648276,1.65,-0.00172415,0.0,201.0,1.007489e-13,5.037443e-14,1.550145e-18,3.100289e-18,1.0,7.146145e-05,4.865797e-11,8.011705e-05,8.011702e-05,1.947969,-0.000840808,90.23676,96.02838,1.947966,90.23676,83.09828,0.4396189,90.23657,63.32298,0.04511496,90.21763,43.32523,0.004522511,88.61204,23.31943,0.0005437124,64.0187,0.0,0.0006298915,13207390.0
typical,27,3.30,203,261911386,1134853987,250201949,1,0,1.650108,1.65,0.0001076872,0.0,201.0,9.987824e-14,4.993912e-14,2.698848e-18,5.397696e-18,1.0,7.942784e-05,2.737011e-11,7.756071e-05,7.75607e-05,3.391473,-0.00144038,85.34525,95.953,3.391466,85.34525,83.15645,0.7772485,85.34515,63.38835,0.07982884,85.33554,43.39067,0.007993859,84.45518,23.38505,0.0008840837,63.64863,0.0,0.0006572298,13323270.0
typical,27,3.30,204,2127904446,1210232173,250201949,1,0,1.646843,1.65,-0.00315676,0.0,201.0,9.949929e-14,4.974964e-14,6.343686e-19,1.268737e-18,1.0,7.389511e-05,1.160032e-10,7.573547e-05,7.573541e-05,0.797171,-0.000334493,97.88897,95.91998,0.7971696,97.88896,83.22136,0.1847652,97.88822,63.4587,0.01898996,97.81457,43.46108,0.001915692,93.41626,23.45551,0.0003176597,63.99108,0.0,0.0006319737,13423890.0
typical,27,3.30,205,1685049997,1534820871,250201949,1,0,1.640142,1.65,-0.00985848,0.0,201.0,9.931715e-14,4.965857e-14,2.521085e-18,5.042169e-18,1.0,8.635403e-05,2.862066e-11,7.417824e-05,7.417823e-05,3.168088,-0.00131582,85.88814,95.90407,3.168083,85.88814,83.29078,0.7415358,85.88802,63.53296,0.07625123,85.87677,43.53539,0.007637152,84.86341,23.52979,0.0008576679,63.64847,0.0,0.0006572146,13514510.0
typical,27,3.30,206,1933604930,507335699,250201949,1,0,1.644935,1.65,-0.00506539,0.0,201.0,9.995557e-14,4.997778e-14,3.01011e-19,6.020221e-19,1.0,7.485897e-05,2.548859e-10,7.818645e-05,7.81866e-05,-0.378262,0.0001613929,104.4039,95.95972,0.3782609,104.4039,83.13009,0.0863596,104.4022,63.36018,0.008869459,104.2417,43.36249,0.0009037345,97.29382,23.35691,0.0002009806,64.34131,0.0,0.0006070699,13295150.0
typical,27,3.30,207,119490077,1895033443,250201949,1,0,1.653845,1.65,0.003844968,0.0,201.0,1.000617e-13,5.003086e-14,1.535054e-18,3.070107e-18,1.0,7.170114e-05,4.840217e-11,7.849788e-05,7.849786e-05,1.929005,-0.000824161,90.26229,95.96894,1.929002,90.26229,83.12295,0.4395752,90.26209,63.35216,0.04513396,90.24223,43.35445,0.004524924,88.57275,23.34882,0.0005480286,63.86008,0.0,0.0006415086,13275230.0
typical,27,3.30,208,1508114165,983789171,250201949,1,0,1.651626,1.65,0.001625752,0.0,201.0,1.005323e-13,5.026616e-14,7.199328e-19,1.439866e-18,1.0,6.971363e-05,1.059703e-10,8.160864e-05,8.160858e-05,0.9046943,-0.000394088,96.87968,96.00969,0.9046925,96.87967,83.00353,0.2023918,96.87921,63.22422,0.02076112,96.83298,43.22643,0.002087722,93.56734,23.22077,0.0003038585,64.15102,0.0,0.0006204388,13105000.0
typical,27,3.30,209,1335277004,1139865467,250201949,1,0,1.646204,1.65,-0.00379583,0.0,201.0,9.997156e-14,4.998578e-14,9.74743e-19,1.949486e-18,1.0,6.770481e-05,7.636913e-11,7.687354e-05,7.687358e-05,-1.2249,0.0005180252,94.19913,95.96111,1.224896,94.19913,83.20116,0.2819044,94.19912,63.43508,0.02895997,94.19852,43.43743,0.002896979,93.99999,23.43177,0.0002962027,64.36934,0.0,0.000605188,13376760.0
typical,27,3.30,210,673238654,563548331,250201949,1,0,1.653028,1.65,0.003028311,0.0,201.0,1.001763e-13,5.008817e-14,1.013703e-18,2.027406e-18,1.0,6.74299e-05,7.378276e-11,7.822915e-05,7.822911e-05,1.273857,-0.0005433,93.87649,95.97888,1.273855,93.87648,83.14701,0.2907545,93.87616,63.37699,0.02985665,93.84427,43.37929,0.002997443,91.38534,23.37361,0.0003975697,63.9339,0.0,0.0006361392,13298190.0
typical,27,3.30,211,1794037357,719844404,250201949,1,0,1.654933,1.65,0.004933061,0.0,201.0,1.001424e-13,5.00712e-14,1.735851e-18,3.471702e-18,1.0,6.678376e-05,4.249046e-11,7.78419e-05,7.784187e-05,2.181335,-0.000928075,89.20151,95.97594,2.181331,89.20151,83.1645,0.499056,89.20134,63.39558,0.05125216,89.1844,43.3979,0.00513659,87.72623,23.39217,0.0006071514,63.77968,0.0,0.0006474572,13312810.0
typical,27,3.30,212,448635473,1811679217,250201949,1,0,1.651459,1.65,0.001458968,0.0,201.0,1.008735e-13,5.043677e-14,1.988262e-18,3.976524e-18,1.0,6.534489e-05,3.883827e-11,8.314054e-05,8.314056e-05,-2.49852,0.001098783,88.08547,96.03913,2.498519,88.08547,82.95619,0.5540335,88.08553,63.17292,0.05680277,88.09131,43.17509,0.005677913,88.66759,23.16943,0.0005309965,64.7903,0.0,0.0005765879,13039280.0
typical,27,3.30,213,2034192746,1864594076,250201949,1,0,1.646768,1.65,-0.00323207,0.0,201.0,1.001049e-13,5.005243e-14,6.564286e-19,1.312857e-18,1.0,7.068629e-05,1.122089e-10,7.690073e-05,7.690068e-05,0.8248925,-0.000348775,97.64475,95.97268,0.8248909,97.64475,83.21129,0.1898135,97.64397,63.44513,0.01950104,97.5673,43.44747,0.001967925,93.07097,23.44176,0.0003300193,64.07794,0.0,0.0006256673,13379620.0
typical,27,3.30,214,1341351956,194646637,250201949,1,0,1.649914,1.65,-8.60791e-05,0.0,201.0,9.960547e-14,4.980274e-14,1.120348e-18,2.240695e-18,1.0,7.619282e-05,6.656364e-11,7.709325e-05,7.709321e-05,1.40787,-0.000596084,92.95801,95.92925,1.407868,92.95801,83.15756,0.3235772,92.95771,63.39084,0.03323963,92.92847,43.39318,0.003336073,90.63759,23.38763,0.0004340122,63.92043,0.0,0.0006371118,13342050.0
typical,27,3.30,215,881001694,1831086068,250201949,1,0,1.651352,1.65,0.001352408,0.0,201.0,1.006004e-13,5.030021e-14,1.623308e-18,3.246617e-18,1.0,7.1483e-05,4.67395e-11,8.05337e-05,8.053367e-05,2.039909,-0.000882787,89.82338,96.01558,2.039905,89.82337,83.06409,0.459236,89.8232,63.28765,0.04712188,89.80606,43.28989,0.004722711,88.32842,23.28418,0.0005594839,63.96633,0.0,0.0006337022,13176860.0
typical,27,3.30,216,1396270632,143954345,250201949,1,0,1.644958,1.65,-0.00504217,0.0,201.0,1.00467e-13,5.02335e-14,6.400822e-19,1.280164e-18,1.0,7.457477e-05,1.165859e-10,7.933672e-05,7.933666e-05,0.804351,-0.000345441,97.89515,96.00405,0.8043495,97.89515,83.11428,0.1823714,97.89442,63.34113,0.01872127,97.8225,43.3434,0.001888186,93.4865,23.33771,0.0003108572,64.21817,0.0,0.0006156605,13250880.0
typical,27,3.30,217,1379634599,1021546502,250201949,1,0,1.653113,1.65,0.003113066,0.0,201.0,1.007853e-13,5.039267e-14,8.539771e-19,1.707954e-18,1.0,6.619296e-05,8.893153e-11,8.105634e-05,8.10563e-05,1.073139,-0.000465881,95.41842,96.03153,1.073137,95.41842,83.05337,0.2408505,95.418,63.27553,0.0247102,95.37671,43.27775,0.002483431,92.38964,23.272,0.00035004,64.1206,0.0,0.0006226001,13154090.0
typical,27,3.30,218,429932393,1715588543,250201949,1,0,1.648851,1.65,-0.00114868,0.0,201.0,9.957254e-14,4.978627e-14,1.079105e-18,2.158209e-18,1.0,7.308481e-05,6.818368e-11,7.545426e-05,7.545423e-05,1.356043,-0.000567996,93.28092,95.92637,1.35604,93.28092,83.24304,0.3148517,93.28059,63.48124,0.03236176,93.24819,43.48363,0.003249168,90.77352,23.47801,0.0004317423,63.89658,0.0,0.0006388469,13445050.0
typical,27,3.30,219,1023354541,1943634688,250201949,1,0,1.646513,1.65,-0.00348715,0.0,201.0,1.004527e-13,5.022633e-14,5.383697e-19,1.076739e-18,1.0,7.180843e-05,1.427907e-10,8.101057e-05,8.101065e-05,-0.676535,0.0002937441,99.39702,96.00281,0.676534,99.39701,83.02698,0.1518791,99.3968,63.24926,0.01558199,99.37489,43.25148,0.001562534,97.29728,23.24587,0.0001983486,64.48388,0.0,0.0005972007,13145980.0
typical,27,3.30,220,68074094,246288031,250201949,1,0,1.646587,1.65,-0.00341285,0.0,201.0,1.005008e-13,5.025038e-14,1.713449e-18,3.426899e-18,1.0,7.755345e-05,4.345679e-11,7.969854e-05,7.969852e-05,2.153184,-0.000926952,89.34536,96.00697,2.15318,89.34536,83.09845,0.4871409,89.34518,63.3243,0.04999839,89.32684,43.32656,0.00501171,87.7705,23.32083,0.0005991239,63.98139,0.0,0.0006325736,13222460.0
typical,27,3.30,221,1423568338,181355093,250201949,1,0,1.644942,1.65,-0.00505848,0.0,201.0,1.000642e-13,5.003212e-14,1.215307e-18,2.430613e-18,1.0,7.283798e-05,6.008349e-11,7.661724e-05,7.661722e-05,1.527199,-0.000644603,92.29126,95.96916,1.527196,92.29126,83.22295,0.3520341,92.29096,63.45763,0.03616875,92.26158,43.45999,0.003630115,89.97418,23.45429,0.0004720687,63.95248,0.0,0.0006347253,13398480.0
typical,27,3.30,222,1861619863,412399900,250201949,1,0,1.650366,1.65,0.0003658022,0.0,201.0,9.979807e-14,4.989904e-14,1.234956e-18,2.469912e-18,1.0,7.314542e-05,6.012613e-11,7.687225e-05,7.687222e-05,1.551891,-0.000656123,92.12881,95.94602,1.551888,92.12881,83.18615,0.3571634,92.12854,63.42007,0.03669243,92.10191,43.42242,0.003681507,89.9789,23.4168,0.0004697803,63.9085,0.0,0.0006379666,13365010.0
typical,27,3.30,223,618346022,663114699,250201949,1,0,1.654847,1.65,0.004846637,0.0,201.0,1.008912e-13,5.044562e-14,1.458599e-18,2.917198e-18,1.0,6.393403e-05,5.282175e-11,8.227609e-05,8.227612e-05,-1.83293,0.0008018906,90.77775,96.04065,1.832926,90.77775,83.00087,0.4084658,90.77781,63.21981,0.041889,90.78397,43.222,0.004186987,91.3663,23.21632,0.000391292,64.60729,0.0,0.0005888475,13095160.0
typical,27,3.30,224,952218845,201616051,250201949,1,0,1.663005,1.65,0.01300458,0.0,201.0,1.003945e-13,5.019726e-14,4.118277e-19,8.236553e-19,1.0,6.883745e-05,1.859917e-10,8.181987e-05,8.181977e-05,0.5175179,-0.000225707,101.7193,95.99778,0.5175169,101.7193,82.98095,0.1156334,101.7184,63.20109,0.0118614,101.628,43.20329,0.001198854,96.49114,23.19769,0.000216435,64.00174,0.0,0.0006312315,13087040.0
typical,27,3.30,225,1977350218,227669920,250201949,1,0,1.651374,1.65,0.001374174,0.0,201.0,1.006224e-13,5.031121e-14,4.330566e-19,8.661132e-19,1.0,6.725932e-05,1.778631e-10,8.142571e-05,8.142581e-05,-0.544195,0.0002369024,101.3024,96.01747,0.5441939,101.3024,83.02056,0.1218731,101.302,63.24173,0.01250224,101.2598,43.24395,0.001256634,97.95591,23.23827,0.0001837037,64.41966,0.0,0.0006016172,13125410.0
typical,27,3.30,226,1172834404,789532542,250201949,1,0,1.650078,1.65,7.838993e-05,0.0,201.0,1.005977e-13,5.029883e-14,2.10612e-18,4.212239e-18,1.0,7.455429e-05,3.552714e-11,8.013966e-05,8.013964e-05,2.646628,-0.00114256,87.5615,96.01534,2.646623,87.56149,83.08407,0.5972125,87.56136,63.30871,0.06128683,87.54823,43.31095,0.006139546,86.38068,23.30518,0.0007018186,63.9055,0.0,0.0006381063,13192510.0
typical,27,3.30,227,1473752179,819060384,250201949,1,0,1.654003,1.65,0.004002654,0.0,201.0,1.026326e-13,5.131631e-14,6.799807e-19,1.359961e-18,1.0,6.125022e-05,1.181917e-10,9.058502e-05,9.058507e-05,-0.854489,0.0003922916,97.55518,96.18929,0.854487,97.55518,82.7515,0.1818931,97.55515,62.95083,0.01861162,97.55195,42.95281,0.00186227,96.94214,22.94683,0.0001996341,64.86533,0.0,0.0005712502,12697530.0
typical,27,3.30,228,99191204,2125105241,250201949,1,0,1.65516,1.65,0.005160281,0.0,201.0,9.990489e-14,4.995244e-14,1.010933e-19,2.021866e-19,1.0,7.19124e-05,8.061392e-10,7.824008e-05,7.824059e-05,-0.127038,5.425736e-05,113.8767,95.95532,0.1270373,113.8766,83.12284,0.02899428,113.8673,63.35278,0.002980398,113.0245,43.35509,0.0003284967,99.74255,23.3495,0.0001514773,64.10043,0.0,0.0006241742,13285630.0
typical,27,3.30,229,1832465841,2070954373,250201949,1,0,1.65806,1.65,0.008060309,0.0,201.0,9.974052e-14,4.987026e-14,4.053595e-18,8.10719e-18,1.0,7.61423e-05,1.818989e-11,7.708425e-05,7.708424e-05,5.093898,-0.0021568,81.80002,95.94101,5.093888,81.80002,83.16981,1.170818,81.79997,63.40311,0.1202699,81.79429,43.40545,0.01203811,81.25436,23.3998,0.001280183,63.24679,0.0,0.0006882851,13338650.0
typical,27,3.30,230,1381785211,455556081,250201949,1,0,1.653128,1.65,0.003127719,0.0,201.0,1.003076e-13,5.015381e-14,1.32108e-18,2.64216e-18,1.0,6.9073e-05,5.715606e-11,7.974167e-05,7.974165e-05,1.660118,-0.000714869,91.58749,95.99026,1.660115,91.58749,83.07951,0.3754923,91.58725,63.30524,0.0385389,91.56338,43.3075,0.003865504,89.6162,23.30182,0.0004833713,63.93885,0.0,0.000635731,13206140.0
typical,27,3.30,231,616644083,1312374007,250201949,1,0,1.647609,1.65,-0.00239095,0.0,201.0,9.996576e-14,4.998288e-14,2.654303e-19,5.308605e-19,1.0,7.182184e-05,2.747527e-10,7.671962e-05,7.671951e-05,0.3335495,-0.000140821,105.4974,95.96061,0.3335489,105.4974,83.20891,0.07683804,105.4944,63.44329,0.007896685,105.2048,43.44564,0.0008166646,96.2534,23.44,0.0002287337,64.09526,0.0,0.0006244817,13392340.0
typical,27,3.30,232,1446201977,1811674497,250201949,1,0,1.651891,1.65,0.001890515,0.0,201.0,1.004264e-13,5.021319e-14,4.236269e-19,8.472538e-19,1.0,6.628202e-05,1.783462e-10,7.901014e-05,7.901024e-05,-0.532345,0.0002282757,101.4767,96.00054,0.5323442,101.4767,83.12775,0.1209354,101.4764,63.35551,0.01241527,101.4473,43.35779,0.001246019,98.77756,23.35211,0.0001693274,64.26709,0.0,0.0006123271,13269870.0
typical,27,3.30,233,400725029,414697080,250201949,1,0,1.646009,1.65,-0.00399052,0.0,201.0,1.002743e-13,5.013714e-14,1.238561e-19,2.477122e-19,1.0,7.201976e-05,6.990746e-10,7.987029e-05,7.987074e-05,-0.155642,6.716848e-05,112.1448,95.98737,0.1556418,112.1447,83.06996,0.03517722,112.1334,63.29533,0.003614921,111.1235,43.29759,0.0004061677,97.4453,23.29194,0.0001960343,64.39346,0.0,0.0006034092,13200220.0
typical,27,3.30,234,695592339,575614819,250201949,1,0,1.650857,1.65,0.0008573624,0.0,201.0,1.012087e-13,5.060435e-14,8.574412e-19,1.714882e-18,1.0,6.362189e-05,9.019629e-11,8.381113e-05,8.381118e-05,-1.07749,0.0004758051,95.41967,96.06794,1.07749,95.41967,82.95182,0.2380168,95.41967,63.16686,0.0243983,95.41946,43.16901,0.002440491,95.20505,23.16326,0.0002499831,64.62201,0.0,0.0005877461,13015840.0
typical,27,3.30,235,185098406,1837634661,250201949,1,0,1.641843,1.65,-0.0081572,0.0,201.0,1.013715e-13,5.068575e-14,6.160311e-19,1.232062e-18,1.0,7.450128e-05,1.267608e-10,8.477134e-05,8.47714e-05,-0.774128,0.0003438235,98.30566,96.0819,0.7741259,98.30566,82.91871,0.1700797,98.30547,63.13137,0.01742991,98.28622,43.13349,0.001747285,96.44945,23.12773,0.0002157316,64.78172,0.0,0.0005769793,12966290.0
typical,27,3.30,236,1950678968,967864568,250201949,1,0,1.645573,1.65,-0.00442662,0.0,201.0,1.005019e-13,5.025097e-14,1.034744e-19,2.069487e-19,1.0,7.577531e-05,7.262884e-10,8.225474e-05,8.225449e-05,0.1300297,-5.68004e-05,113.7262,96.00707,0.1300295,113.7261,82.96837,0.0289811,113.7105,63.18737,0.002977458,112.3777,43.18957,0.0003472095,97.66404,23.18397,0.0001887977,64.42444,0.0,0.000601229,13070110.0
typical,27,3.30,237,783845757,750177576,250201949,1,0,1.655877,1.65,0.005876621,0.0,201.0,1.012039e-13,5.060197e-14,3.037847e-19,6.075693e-19,1.0,6.30433e-05,2.544311e-10,8.44146e-05,8.441448e-05,0.3817471,-0.000169083,104.432,96.06753,0.3817463,104.432,82.92178,0.08404046,104.43,63.13532,0.008615244,104.23,43.13745,0.0008818019,96.55976,23.1317,0.0002131067,64.32722,0.0,0.0006079423,12974040.0
typical,27,3.30,238,1835270591,1823807400,250201949,1,0,1.655358,1.65,0.005357904,0.0,201.0,1.007854e-13,5.039272e-14,2.541618e-20,5.083236e-20,1.0,6.509957e-05,3.061146e-09,8.228535e-05,8.22862e-05,0.03193891,-1.38968e-05,125.9452,96.03154,0.03193885,125.9426,82.99125,0.007119192,125.7003,63.21017,0.0007507464,117.617,43.21236,0.0001904449,97.93726,23.20665,0.0001834295,64.34349,0.0,0.0006068621,13077820.0
typical,27,3.30,239,1039382938,1534844243,250201949,1,0,1.651468,1.65,0.00146839,0.0,201.0,1.012087e-13,5.060437e-14,1.18072e-18,2.361439e-18,1.0,7.015357e-05,6.515677e-11,8.350602e-05,8.350599e-05,1.483736,-0.000653816,92.64082,96.06794,1.483733,92.64082,82.9669,0.3283248,92.64054,63.1827,0.03365953,92.61226,43.18485,0.003377767,90.3819,23.17903,0.0004363713,64.20248,0.0,0.0006166828,13021750.0
typical,27,3.30,240,731191044,680488370,250201949,1,0,1.649412,1.65,-0.000587869,0.0,201.0,1.009905e-13,5.049523e-14,3.076632e-19,6.153264e-19,1.0,6.369438e-05,2.495e-10,8.156629e-05,8.156643e-05,-0.386621,0.0001684812,104.3035,96.04919,0.3866202,104.3035,83.04515,0.08651343,104.3021,63.26595,0.008875548,104.1613,43.26816,0.0009022844,97.61457,23.26237,0.0001915975,64.44347,0.0,0.0005999428,13134970.0
typical,27,3.30,241,163212621,1547358056,250201949,1,0,1.649158,1.65,-0.000841525,0.0,201.0,9.980339e-14,4.99017e-14,1.031173e-18,2.062346e-18,1.0,7.354767e-05,7.247536e-11,7.680091e-05,7.680095e-05,-1.29581,0.000547742,93.69568,95.94649,1.295807,93.69568,83.19043,0.2983579,93.69572,63.42456,0.03065084,93.69955,43.42691,0.00306456,93.95952,23.42134,0.000297229,64.34152,0.0,0.0006071614,13380580.0
typical,27,3.30,242,967706662,833848927,250201949,1,0,1.643489,1.65,-0.0065111,0.0,201.0,1.00693e-13,5.034649e-14,9.897571e-19,1.979514e-18,1.0,6.686305e-05,7.656809e-11,7.988739e-05,7.988743e-05,-1.24377,0.000536214,94.12881,96.02356,1.243763,94.12881,83.10529,0.2810762,94.12881,63.33062,0.02884632,94.12838,43.33287,0.002885524,93.94899,23.32713,0.0002943791,64.58855,0.0,0.0005900923,13227990.0
typical,27,3.30,243,148975756,91765281,250201949,1,0,1.660215,1.65,0.01021476,0.0,201.0,9.975277e-14,4.987638e-14,1.580593e-18,3.161185e-18,1.0,6.982311e-05,4.729372e-11,7.715636e-05,7.715633e-05,1.986231,-0.000841343,89.9815,95.94208,1.986228,89.9815,83.16703,0.4563276,89.98133,63.40012,0.04687479,89.96459,43.40246,0.004697786,88.51269,23.39686,0.000554892,63.69349,0.0,0.00065396,13343690.0
typical,27,3.30,244,1964420222,435451220,250201949,1,0,1.654028,1.65,0.004027681,0.0,201.0,1.006365e-13,5.031825e-14,2.361166e-18,4.722333e-18,1.0,7.524681e-05,3.255707e-11,8.234274e-05,8.234272e-05,2.967129,-0.00129842,86.57198,96.01869,2.967123,86.57198,82.97557,0.6609666,86.57187,63.19434,0.06778345,86.56097,43.19653,0.006788566,85.57102,23.19084,0.0007603107,63.86417,0.0,0.0006411249,13061790.0
typical,27,3.30,245,1654126175,2006729673,250201949,1,0,1.643463,1.65,-0.00653715,0.0,201.0,1.003316e-13,5.016578e-14,6.471941e-19,1.294388e-18,1.0,7.64795e-05,1.159464e-10,7.933523e-05,7.933517e-05,0.813288,-0.000349271,97.78746,95.99233,0.8132865,97.78745,83.10264,0.1843994,97.78668,63.32949,0.01892956,97.71013,43.33177,0.001910213,93.21391,23.3261,0.0003203388,64.23726,0.0,0.0006142954,13240390.0
typical,27,3.30,246,95073595,1903663530,250201949,1,0,1.653428,1.65,0.003428408,0.0,201.0,1.000079e-13,5.000395e-14,5.696873e-19,1.139375e-18,1.0,6.779404e-05,1.319904e-10,7.77327e-05,7.773277e-05,-0.71589,0.0003044719,98.86735,95.96427,0.7158888,98.86735,83.15859,0.1638936,98.86722,63.39,0.01683213,98.85362,43.39232,0.001686301,97.35437,23.38668,0.0002002699,64.22713,0.0,0.0006151604,13323490.0
typical,27,3.30,247,1978420997,1068358151,250201949,1,0,1.645348,1.65,-0.00465194,0.0,201.0,9.94597e-14,4.972985e-14,1.720934e-18,3.441868e-18,1.0,7.640859e-05,4.192202e-11,7.424209e-05,7.424207e-05,2.16259,-0.000898567,89.21706,95.91652,2.162586,89.21706,83.2997,0.5059789,89.21688,63.54168,0.05202835,89.19958,43.54412,0.005214667,87.71763,23.53849,0.0006180775,63.74231,0.0,0.000650226,13521790.0
typical,27,3.30,248,1016018634,1087688040,250201949,1,0,1.649948,1.65,-5.18764e-05,0.0,201.0,9.928198e-14,4.964099e-14,3.705326e-18,7.410652e-18,1.0,8.240326e-05,1.96394e-11,7.507088e-05,7.507086e-05,4.65625,-0.00194556,82.54028,95.90099,4.656241,82.54028,83.23858,1.083715,82.54022,63.47796,0.1114005,82.53385,43.48037,0.01115131,81.93308,23.47477,0.00119422,63.33768,0.0,0.0006811242,13443580.0
typical,27,3.30,249,1377061815,1094696426,250201949,1,0,1.657251,1.65,0.007250716,0.0,201.0,9.900138e-14,4.950069e-14,1.88402e-18,3.76804e-18,1.0,7.580736e-05,3.83551e-11,7.469116e-05,7.469114e-05,2.367529,-0.000986707,88.39051,95.87641,2.367525,88.39051,83.23483,0.5523516,88.39037,63.47539,0.05678728,88.37596,43.47781,0.005689738,87.10723,23.47231,0.0006580426,63.55399,0.0,0.0006645009,13459680.0
typical,27,3.30,250,894132982,293953875,250201949,1,0,1.65296,1.65,0.00295983,0.0,201.0,1.005404e-13,5.027022e-14,1.703793e-18,3.407586e-18,1.0,7.074585e-05,4.469314e-11,8.114662e-05,8.11466e-05,2.14105,-0.000930076,89.39788,96.0104,2.141045,89.39788,83.02765,0.4802734,89.39771,63.24956,0.04927115,89.38109,43.25178,0.004937812,87.9437,23.24605,0.0005822607,63.96519,0.0,0.000633764,13124760.0
typical,27,3.30,251,211607550,909116503,250201949,1,0,1.65681,1.65,0.006810345,0.0,201.0,9.930214e-14,4.965107e-14,2.811257e-18,5.622515e-18,1.0,7.716104e-05,2.624745e-11,7.591211e-05,7.59121e-05,3.53273,-0.00148435,84.94056,95.90275,3.532724,84.94056,83.19456,0.8178994,84.94048,63.43136,0.08405123,84.93216,43.43374,0.008415477,84.15903,23.4282,0.0009193034,63.46835,0.0,0.0006710339,13397010.0
typical,27,3.30,252,596781695,925312897,250201949,1,0,1.648157,1.65,-0.0018427,0.0,201.0,1.005829e-13,5.029146e-14,5.229347e-20,1.045869e-19,1.0,6.955035e-05,1.396003e-09,8.009516e-05,8.009499e-05,0.06571391,-2.82877e-05,119.6609,96.01406,0.06571378,119.6603,83.0851,0.01483332,119.6007,63.30985,0.001532696,115.8642,43.3121,0.0002357191,97.83501,23.30641,0.0001877457,64.30039,0.0,0.0006099169,13209370.0
typical,27,3.30,253,1728092154,1397479694,250201949,1,0,1.655898,1.65,0.00589765,0.0,201.0,1.000353e-13,5.001765e-14,1.926927e-18,3.853854e-18,1.0,7.043077e-05,3.8753e-11,7.769347e-05,7.769345e-05,2.421448,-0.00102927,88.28516,95.96665,2.421443,88.28516,83.16306,0.5544914,88.28502,63.39457,0.05694786,88.27149,43.39689,0.005705191,87.0687,23.39123,0.0006548263,63.73832,0.0,0.0006505529,13323620.0
typical,27,3.30,254,666229233,228113604,250201949,1,0,1.651788,1.65,0.001788285,0.0,201.0,1.003311e-13,5.016556e-14,8.209021e-19,1.641804e-18,1.0,6.780074e-05,9.136158e-11,7.91951e-05,7.919506e-05,1.031576,-0.000442655,95.72228,95.99229,1.031574,95.72228,83.10989,0.2340886,95.7218,63.33713,0.0240307,95.67404,43.3394,0.002416954,92.37249,23.33368,0.0003532318,64.06986,0.0,0.0006262531,13239500.0
typical,27,3.30,255,2128598740,1815569855,250201949,1,0,1.648598,1.65,-0.00140188,0.0,201.0,9.992777e-14,4.996388e-14,2.121291e-18,4.242583e-18,1.0,7.529073e-05,3.481659e-11,7.626782e-05,7.626781e-05,2.665693,-0.00112265,87.44112,95.9573,2.665689,87.44112,83.22989,0.6157987,87.44099,63.46562,0.06327489,87.42848,43.46798,0.006338337,86.30942,23.46231,0.0007205177,63.72002,0.0,0.0006518931,13414820.0
typical,27,3.30,256,1784168897,957379257,250201949,1,0,1.646047,1.65,-0.00395317,0.0,201.0,1.003101e-13,5.015507e-14,2.551327e-19,5.102655e-19,1.0,7.35019e-05,3.119851e-10,7.966714e-05,7.966733e-05,-0.320609,0.0001381022,105.871,95.99048,0.3206086,105.8709,83.08357,0.07254901,105.8681,63.3095,0.007448527,105.5922,43.31177,0.0007690943,96.78877,23.30616,0.0002117723,64.39345,0.0,0.0006034087,13224280.0
typical,27,3.30,257,327126137,651159823,250201949,1,0,1.657424,1.65,0.007424032,0.0,201.0,9.991197e-14,4.995598e-14,2.830225e-18,5.66045e-18,1.0,7.405225e-05,2.668799e-11,7.898395e-05,7.898394e-05,3.556566,-0.00152431,84.93533,95.95593,3.556559,84.93533,83.08452,0.8080895,84.93525,63.31235,0.08295743,84.92692,43.31464,0.008305883,84.15247,23.30902,0.0009074593,63.58549,0.0,0.0006620393,13226900.0
typical,27,3.30,258,1805421651,583926847,250201949,1,0,1.655584,1.65,0.005583793,0.0,201.0,9.933718e-14,4.966859e-14,5.974141e-19,1.194828e-18,1.0,7.791876e-05,1.216307e-10,7.639482e-05,7.639476e-05,0.7507328,-0.000316384,98.39613,95.90582,0.7507314,98.39612,83.17157,0.1732895,98.39545,63.40691,0.01780629,98.32845,43.40928,0.001794903,94.14951,23.4038,0.0002902114,63.8613,0.0,0.0006415289,13376190.0
typical,27,3.30,259,1780925438,259100471,250201949,1,0,1.650904,1.65,0.0009044729,0.0,201.0,1.003382e-13,5.01691e-14,2.810749e-19,5.621498e-19,1.0,6.919453e-05,2.735732e-10,8.030002e-05,8.030018e-05,-0.353209,0.0001527194,105.0323,95.99291,0.3532084,105.0323,83.05339,0.07962621,105.031,63.27759,0.008171985,104.9091,43.27983,0.0008289697,98.70963,23.2742,0.0001691331,64.33684,0.0,0.0006073908,13179500.0
typical,27,3.30,260,2100358415,1037761128,250201949,1,0,1.653612,1.65,0.003612278,0.0,201.0,9.954361e-14,4.977181e-14,7.058006e-19,1.411601e-18,1.0,7.553624e-05,1.044356e-10,7.544348e-05,7.544354e-05,-0.886935,0.0003715954,96.96603,95.92385,0.8869336,96.96603,83.2411,0.205946,96.96606,63.47933,0.02116719,96.96952,43.48172,0.002116461,97.02989,23.47615,0.0002100453,64.09921,0.0,0.0006243163,13452540.0
typical,27,3.30,261,667149435,996212176,250201949,1,0,1.649548,1.65,-0.000451516,0.0,201.0,1.010442e-13,5.05221e-14,5.163114e-19,1.032623e-18,1.0,6.771802e-05,1.477503e-10,8.239099e-05,8.239092e-05,0.648816,-0.000283945,99.81139,96.05381,0.6488147,99.81138,83.00827,0.1444922,99.8104,63.22692,0.01481924,99.71304,43.22911,0.001499006,94.4853,23.22332,0.0002734645,64.31332,0.0,0.0006089318,13085570.0
typical,27,3.30,262,1197181637,2099875960,250201949,1,0,1.649056,1.65,-0.000944186,0.0,201.0,9.935822e-14,4.967911e-14,1.087658e-18,2.175316e-18,1.0,7.805539e-05,6.737366e-11,7.598651e-05,7.598647e-05,1.366791,-0.000574507,93.19363,95.90766,1.366789,93.19363,83.19544,0.3162936,93.19327,63.43201,0.03250401,93.15803,43.43439,0.003264508,90.52892,23.42888,0.0004415683,63.90438,0.0,0.0006382643,13402530.0
typical,27,3.30,263,1131977013,938187697,250201949,1,0,1.659181,1.65,0.009181138,0.0,201.0,1.000398e-13,5.001988e-14,2.359491e-18,4.718982e-18,1.0,6.973242e-05,3.166178e-11,7.799027e-05,7.799025e-05,2.965024,-0.00126275,86.52649,95.96703,2.965018,86.52649,83.14775,0.6777402,86.52639,63.37841,0.06959871,86.51642,43.38072,0.006969718,85.60097,23.37508,0.0007739372,63.6055,0.0,0.0006605613,13307930.0
typical,27,3.30,264,63208793,2129613992,250201949,1,0,1.651736,1.65,0.001735629,0.0,201.0,1.006758e-13,5.03379e-14,1.582947e-18,3.165894e-18,1.0,6.871064e-05,4.781953e-11,8.034084e-05,8.034081e-05,1.98919,-0.000859804,90.04857,96.02208,1.989186,90.04857,83.08048,0.4483277,90.04839,63.30457,0.04600539,90.03064,43.30681,0.004611144,88.50747,23.30104,0.000549134,63.96883,0.0,0.0006335225,13188750.0
typical,27,3.30,265,371450317,655244558,250201949,1,0,1.652588,1.65,0.002587642,0.0,201.0,1.007091e-13,5.035455e-14,7.284035e-19,1.456807e-18,1.0,6.86528e-05,1.045208e-10,8.154094e-05,8.154089e-05,0.9153388,-0.000398554,96.79333,96.02495,0.915337,96.79333,83.02221,0.2048538,96.79283,63.24308,0.02101419,96.74329,43.24529,0.002113976,93.33069,23.2396,0.0003129286,64.16044,0.0,0.0006197606,13123240.0
typical,27,3.30,266,492645360,629805546,250201949,1,0,1.654892,1.65,0.00489241,0.0,201.0,9.981745e-14,4.990873e-14,1.8281e-18,3.656201e-18,1.0,6.766974e-05,4.035883e-11,7.5982e-05,7.598198e-05,2.297259,-0.000965662,88.72353,95.94771,2.297254,88.72353,83.23573,0.5316309,88.72338,63.47232,0.05463197,88.70908,43.4747,0.0054737,87.44533,23.46901,0.0006326797,63.65945,0.0,0.0006564933,13419890.0
typical,27,3.30,267,1392278226,1583417641,250201949,1,0,1.648153,1.65,-0.00184653,0.0,201.0,9.999017e-14,4.999509e-14,1.006059e-18,2.012118e-18,1.0,7.480118e-05,7.338485e-11,7.780093e-05,7.780089e-05,1.264251,-0.000537712,93.92608,95.96273,1.264249,93.92607,83.15345,0.2893136,93.92569,63.38465,0.02971311,93.88801,43.38697,0.002985027,91.11769,23.38135,0.0004103772,64.02882,0.0,0.0006291993,13319300.0
typical,27,3.30,268,1168170519,610923339,250201949,1,0,1.649317,1.65,-0.000682856,0.0,201.0,1.002317e-13,5.011584e-14,2.596662e-19,5.193325e-19,1.0,6.780861e-05,3.022791e-10,7.871435e-05,7.871453e-05,-0.326306,0.0001397075,105.7112,95.98368,0.3263056,105.7112,83.12634,0.07426064,105.7088,63.35493,0.00762621,105.4742,43.35722,0.0007837059,97.22047,23.35156,0.0002025602,64.31806,0.0,0.0006086864,13272750.0
typical,27,3.30,269,142833248,522598358,250201949,1,0,1.64654,1.65,-0.00345969,0.0,201.0,1.007396e-13,5.036981e-14,5.558133e-19,1.111627e-18,1.0,6.721794e-05,1.383569e-10,8.178177e-05,8.178184e-05,-0.698456,0.0003046955,99.14483,96.02759,0.6984542,99.14482,83.01267,0.1560961,99.14467,63.23291,0.01601075,99.12962,43.23511,0.001604259,97.51037,23.2294,0.0001931751,64.5049,0.0,0.0005957491,13107740.0
typical,27,3.30,270,623469307,417626282,250201949,1,0,1.650603,1.65,0.0006028979,0.0,201.0,9.980047e-14,4.990024e-14,8.846842e-19,1.769368e-18,1.0,7.215411e-05,8.404299e-11,7.697534e-05,7.69753e-05,1.111727,-0.000470323,95.02629,95.94623,1.111725,95.02628,83.18085,0.2556986,95.02587,63.41447,0.02626817,94.98476,43.41681,0.002639991,92.01792,23.41121,0.0003712482,63.94877,0.0,0.0006350543,13361960.0
typical,27,3.30,271,1312684732,900616029,250201949,1,0,1.650409,1.65,0.0004091707,0.0,201.0,1.000367e-13,5.001836e-14,1.682211e-18,3.364423e-18,1.0,7.5753e-05,4.474998e-11,7.838698e-05,7.838696e-05,2.113929,-0.000902544,89.46498,95.96677,2.113925,89.46498,83.1266,0.482038,89.46481,63.35612,0.04949549,89.44823,43.35842,0.004960321,88.0138,23.35283,0.0005847245,63.8807,0.0,0.0006399867,13286960.0
typical,27,3.30,272,1073850619,295067186,250201949,1,0,1.654321,1.65,0.004321374,0.0,201.0,1.004617e-13,5.023083e-14,7.825531e-19,1.565106e-18,1.0,6.597472e-05,9.620749e-11,8.036889e-05,8.036884e-05,0.9833852,-0.000425089,96.14913,96.00359,0.9833833,96.14913,83.06055,0.2216008,96.14861,63.28456,0.02274038,96.09691,43.2868,0.002288204,92.60615,23.2811,0.0003417808,64.07562,0.0,0.000625833,13176090.0
typical,27,3.30,273,348043982,400351849,250201949,1,0,1.649294,1.65,-0.00070649,0.0,201.0,9.991084e-14,4.995542e-14,1.868551e-18,3.737103e-18,1.0,7.538563e-05,3.932143e-11,7.706299e-05,7.706297e-05,2.348091,-0.000994017,88.54155,95.95583,2.348086,88.54155,83.18577,0.5397726,88.5414,63.41913,0.05544808,88.52598,43.42147,0.005556154,87.18316,23.41582,0.0006480865,63.80158,0.0,0.0006458133,13358730.0
typical,27,3.30,274,970461754,430160934,250201949,1,0,1.654066,1.65,0.004066228,0.0,201.0,9.970026e-14,4.985013e-14,2.012733e-19,4.025466e-19,1.0,7.222147e-05,3.689138e-10,7.811416e-05,7.811399e-05,0.2529275,-0.000107734,107.8776,95.93751,0.252927,107.8776,83.1117,0.05777063,107.8729,63.342,0.005935474,107.43,43.34431,0.0006247614,96.86169,23.33875,0.0002107915,64.09665,0.0,0.0006243972,13275840.0
typical,27,3.30,275,993109450,722606308,250201949,1,0,1.649658,1.65,-0.000341725,0.0,201.0,1.008847e-13,5.044233e-14,1.759016e-18,3.518031e-18,1.0,6.468955e-05,4.3201e-11,8.116507e-05,8.116509e-05,-2.21044,0.0009604777,89.15051,96.04008,2.21044,89.15051,83.05639,0.495786,89.15058,63.27826,0.05086093,89.15724,43.28048,0.00508349,89.82413,23.27477,0.0004704699,64.65298,0.0,0.0005858287,13165240.0
typical,27,3.30,276,2051558670,1877194514,250201949,1,0,1.64879,1.65,-0.00120993,0.0,201.0,9.968145e-14,4.984073e-14,1.815693e-18,3.631386e-18,1.0,7.761561e-05,4.092726e-11,7.667166e-05,7.667164e-05,2.281667,-0.000963437,88.77084,95.93587,2.281663,88.77084,83.18674,0.5257693,88.77067,63.42126,0.05401686,88.75429,43.42361,0.00541335,87.34003,23.41803,0.0006366488,63.79986,0.0,0.0006459413,13373170.0
typical,27,3.30,277,181154851,1223186686,250201949,1,0,1.654005,1.65,0.004004821,0.0,201.0,9.950382e-14,4.975191e-14,2.240976e-18,4.481953e-18,1.0,7.067779e-05,3.261391e-11,7.432856e-05,7.432855e-05,2.816094,-0.00117083,86.92745,95.92038,2.816089,86.92745,83.29878,0.6585162,86.92735,63.54048,0.06771063,86.9171,43.54291,0.006780948,85.978,23.53726,0.0007550282,63.47535,0.0,0.0006705302,13516040.0
typical,27,3.30,278,192958660,923731562,250201949,1,0,1.651635,1.65,0.001635185,0.0,201.0,9.868354e-14,4.934177e-14,1.462803e-18,2.925607e-18,1.0,7.941987e-05,4.941114e-11,7.22408e-05,7.224078e-05,1.838213,-0.000753413,90.56058,95.84848,1.83821,90.56057,83.34375,0.4356713,90.56037,63.59224,0.04483259,90.53971,43.59475,0.00449523,88.81451,23.58927,0.0005479468,63.5706,0.0,0.0006632206,13617080.0
typical,27,3.30,279,694206904,1111892749,250201949,1,0,1.649852,1.65,-0.000148257,0.0,201.0,1.00941e-13,5.04705e-14,1.911171e-18,3.822342e-18,1.0,6.300245e-05,4.017409e-11,8.249713e-05,8.249715e-05,-2.40165,0.001052088,88.43476,96.04493,2.401643,88.43476,82.99407,0.5345221,88.43482,63.21245,0.05481274,88.44066,43.21463,0.005478968,89.02022,23.20891,0.0005121942,64.76858,0.0,0.0005780459,13079330.0
typical,27,3.30,280,1435335012,2129398645,250201949,1,0,1.651702,1.65,0.001702136,0.0,201.0,9.986481e-14,4.99324e-14,7.487425e-20,1.497485e-19,1.0,7.435725e-05,1.146091e-09,7.829029e-05,7.829103e-05,-0.0940898,4.021473e-05,116.481,95.95183,0.09408958,116.4808,83.1167,0.02146812,116.4633,63.3465,0.002208823,114.9905,43.3488,0.0002617677,99.68861,23.34325,0.0001523112,64.12691,0.0,0.0006222726,13283330.0
typical,27,3.30,281,1955702207,926606991,250201949,1,0,1.653127,1.65,0.003127034,0.0,201.0,1.003851e-13,5.019254e-14,1.482758e-18,2.965515e-18,1.0,6.991965e-05,5.091749e-11,7.989056e-05,7.989053e-05,1.863288,-0.000803113,90.59138,95.99696,1.863284,90.59138,83.07853,0.4210732,90.59117,63.30385,0.04321493,90.57036,43.3061,0.004332982,88.8339,23.3004,0.0005288409,63.93152,0.0,0.0006362494,13201000.0
typical,27,3.30,282,218242019,481176989,250201949,1,0,1.644946,1.65,-0.00505404,0.0,201.0,9.974551e-14,4.987275e-14,9.503818e-20,1.900764e-19,1.0,7.394864e-05,9.223555e-10,7.644119e-05,7.64418e-05,-0.119429,5.043908e-05,114.3993,95.94145,0.1194283,114.3991,83.20467,0.02755987,114.3812,63.43987,0.0028375,112.8789,43.44223,0.0003374159,97.74812,23.43664,0.000192498,64.20114,0.0,0.0006169392,13397600.0
typical,27,3.30,283,29312116,630834926,250201949,1,0,1.654393,1.65,0.004392526,0.0,201.0,1.014448e-13,5.07224e-14,9.677279e-19,1.935456e-18,1.0,6.067731e-05,8.125767e-11,8.642375e-05,8.64238e-05,-1.21608,0.0005452841,94.38893,96.08818,1.21608,94.38893,82.84516,0.264735,94.38901,63.05385,0.02711702,94.39713,43.05593,0.002709818,95.09324,23.05018,0.0002499467,64.63361,0.0,0.0005868874,12870010.0
typical,27,3.30,284,1394526585,1383670840,250201949,1,0,1.64701,1.65,-0.00298963,0.0,201.0,9.991185e-14,4.995593e-14,4.824019e-19,9.648038e-19,1.0,7.162793e-05,1.550831e-10,7.680666e-05,7.680675e-05,-0.606204,0.0002562977,100.3036,95.95592,0.606203,100.3036,83.19955,0.1395725,100.3032,63.43367,0.01433913,100.2691,43.43602,0.00143994,97.44973,23.43041,0.0001990829,64.26536,0.0,0.0006124386,13384870.0
typical,27,3.30,285,1230622049,1178164787,250201949,1,0,1.645985,1.65,-0.00401491,0.0,201.0,9.999079e-14,4.99954e-14,6.80589e-19,1.361178e-18,1.0,7.510868e-05,1.099778e-10,7.828686e-05,7.828681e-05,0.8552534,-0.000364866,97.3209,95.96278,0.8552517,97.3209,83.12788,0.1951412,97.32022,63.35768,0.02003888,97.25286,43.35999,0.002020023,93.10013,23.35439,0.0003256215,64.13197,0.0,0.0006217997,13288770.0
typical,27,3.30,286,1088007659,960866250,250201949,1,0,1.654143,1.65,0.004142524,0.0,201.0,1.001357e-13,5.006783e-14,1.384407e-19,2.768814e-19,1.0,6.746365e-05,5.33376e-10,7.850548e-05,7.850526e-05,0.1739697,-7.42683e-05,111.1659,95.97536,0.1739694,111.1658,83.12898,0.03964224,111.1574,63.35816,0.004074154,110.3895,43.36046,0.0004451938,97.69058,23.35481,0.0001919604,64.09207,0.0,0.000624738,13280710.0
typical,27,3.30,287,1187475530,1067889611,250201949,1,0,1.654197,1.65,0.00419705,0.0,201.0,1.009958e-13,5.049789e-14,1.128916e-18,2.257831e-18,1.0,6.567541e-05,6.879475e-11,8.406362e-05,8.406366e-05,-1.41864,0.0006273462,93.01223,96.04964,1.418634,93.01224,82.9211,0.3129273,93.01233,63.13551,0.03207443,93.02214,43.13765,0.003204615,93.97674,23.13198,0.0002869209,64.53356,0.0,0.0005938013,12988710.0
typical,27,3.30,288,1962943537,2110311269,250201949,1,0,1.648168,1.65,-0.00183156,0.0,201.0,1.008531e-13,5.042657e-14,9.685248e-20,1.93705e-19,1.0,6.716775e-05,8.610073e-10,8.183363e-05,8.183417e-05,-0.121708,5.316975e-05,114.331,96.03737,0.1217082,114.3308,83.01981,0.02719246,114.318,63.23991,0.002793166,113.1914,43.24211,0.0003180792,98.95538,23.23638,0.0001637004,64.39695,0.0,0.0006031661,13111700.0
typical,27,3.30,289,1576046865,2049636423,250201949,1,0,1.652107,1.65,0.002107363,0.0,201.0,1.007723e-13,5.038615e-14,5.933104e-19,1.186621e-18,1.0,6.871886e-05,1.286509e-10,8.174242e-05,8.174236e-05,0.7455759,-0.000325017,98.58058,96.0304,0.7455744,98.58058,83.01748,0.1666653,98.57981,63.23782,0.01709623,98.50417,43.24002,0.001725014,94.00955,23.23432,0.0002892266,64.23639,0.0,0.0006143589,13114770.0
typical,27,3.30,290,499961535,2026221968,250201949,1,0,1.650002,1.65,2.202161e-06,0.0,201.0,1.00247e-13,5.01235e-14,4.109082e-19,8.218165e-19,1.0,6.909287e-05,1.789715e-10,7.837025e-05,7.837017e-05,0.5163625,-0.000220371,101.7259,95.98501,0.5163615,101.7259,83.14572,0.117758,101.7243,63.37529,0.01209348,101.5627,43.37759,0.001232377,94.72908,23.37191,0.0002704839,64.13907,0.0,0.0006213076,13296440.0
typical,27,3.30,291,174616302,165784217,250201949,1,0,1.650417,1.65,0.0004170703,0.0,201.0,1.007316e-13,5.036579e-14,1.276875e-18,2.553751e-18,1.0,7.049474e-05,5.921663e-11,8.045452e-05,8.045449e-05,1.604569,-0.000694033,91.91974,96.02689,1.604566,91.91974,83.07947,0.3613984,91.9195,63.30324,0.03708403,91.89594,43.30548,0.003719436,89.9655,23.29971,0.0004642062,64.06991,0.0,0.0006262147,13187650.0
typical,27,3.30,292,1992159627,594118212,250201949,1,0,1.649081,1.65,-0.00091941,0.0,201.0,9.930457e-14,4.965229e-14,1.506037e-18,3.012074e-18,1.0,7.236789e-05,4.826006e-11,7.395299e-05,7.395297e-05,1.892542,-0.000784813,90.36207,95.90297,1.892539,90.36207,83.30216,0.4436133,90.36185,63.54506,0.04562055,90.33989,43.5475,0.004574889,88.53166,23.54187,0.0005630028,63.71451,0.0,0.000652317,13524270.0
typical,27,3.30,293,1221270502,1123319406,250201949,1,0,1.66242,1.65,0.01241977,0.0,201.0,1.012498e-13,5.062491e-14,1.495365e-19,2.99073e-19,1.0,5.917674e-05,5.15044e-10,8.465854e-05,8.465831e-05,0.1879131,-8.33274e-05,110.5923,96.07147,0.1879127,110.5923,82.9138,0.04131192,110.5871,63.12674,0.004236259,110.0951,43.12886,0.0004484226,98.90842,23.12311,0.0001624554,64.21493,0.0,0.000615875,12963230.0
typical,27,3.30,294,2052529397,2055426467,250201949,1,0,1.661585,1.65,0.01158516,0.0,201.0,1.005153e-13,5.025766e-14,7.364465e-19,1.472893e-18,1.0,6.319351e-05,1.031708e-10,8.05369e-05,8.053685e-05,0.9254459,-0.000400468,96.68122,96.00823,0.9254441,96.68122,83.05658,0.2083378,96.68073,63.28013,0.02137814,96.6327,43.28237,0.002150223,93.28821,23.27667,0.0003158078,63.99309,0.0,0.0006318344,13170210.0
typical,27,3.30,295,2014227445,1632511576,250201949,1,0,1.653129,1.65,0.003129064,0.0,201.0,1.000023e-13,5.000117e-14,7.520337e-19,1.504067e-18,1.0,6.792385e-05,9.842438e-11,7.685208e-05,7.685203e-05,0.9450335,-0.000399469,96.45486,95.96379,0.9450317,96.45485,83.20499,0.2175239,96.45431,63.43898,0.02234772,96.40059,43.44132,0.002249244,92.81672,23.43566,0.0003395835,63.9364,0.0,0.0006359654,13381440.0
typical,27,3.30,296,345760676,1339347509,250201949,1,0,1.657263,1.65,0.007263081,0.0,201.0,1.004132e-13,5.020658e-14,3.863102e-18,7.726205e-18,1.0,7.743862e-05,1.952571e-11,8.077162e-05,8.077161e-05,4.854518,-0.00210402,82.27649,95.99939,4.854508,82.27649,83.03575,1.091347,82.27643,63.25867,0.1119727,82.27027,43.2609,0.01120808,81.68799,23.25519,0.001197732,63.49353,0.0,0.0006690003,13140460.0
typical,27,3.30,297,46893688,1412404831,250201949,1,0,1.644122,1.65,-0.00587809,0.0,201.0,1.008929e-13,5.044647e-14,3.325312e-19,6.650624e-19,1.0,7.064865e-05,2.316227e-10,8.143742e-05,8.143755e-05,-0.417871,0.000181945,103.62,96.0408,0.4178702,103.62,83.04328,0.0935764,103.6189,63.26443,0.009600095,103.5161,43.26664,0.0009716923,97.9319,23.26089,0.0001846928,64.53279,0.0,0.0005938161,13141650.0
typical,27,3.30,298,1518448410,563809300,250201949,1,0,1.651108,1.65,0.001108086,0.0,201.0,1.00359e-13,5.01795e-14,8.206293e-19,1.641259e-18,1.0,6.833036e-05,9.103474e-11,7.867275e-05,7.867271e-05,1.031233,-0.000441047,95.72759,95.99471,1.031231,95.72758,83.13956,0.2347462,95.72711,63.36827,0.02410227,95.67976,43.37056,0.002424039,92.39784,23.36485,0.0003534681,64.03724,0.0,0.000628615,13281570.0
typical,27,3.30,299,1729627525,1981831931,250201949,1,0,1.651237,1.65,0.001237,0.0,201.0,9.910885e-14,4.955443e-14,2.032751e-18,4.065501e-18,1.0,7.824745e-05,3.598188e-11,7.38742e-05,7.387418e-05,2.55443,-0.00105878,87.73997,95.88583,2.554425,87.73997,83.2894,0.5990619,87.73985,63.53255,0.06160772,87.72802,43.535,0.006170906,86.65957,23.52946,0.0006974199,63.56889,0.0,0.0006633546,13526670.0
ff,27,3.30,0,1995730792,1338284299,558766540,1,0,1.654714,1.65,0.004713976,0.0,201.0,1.022893e-13,5.114466e-14,3.412628e-19,6.825256e-19,1.0,0.0001422879,2.055884e-10,7.822134e-05,7.822138e-05,-0.428843,0.0001829808,103.5142,96.16019,0.4288427,103.5142,83.32872,0.09788702,103.5136,63.55872,0.01005205,103.4543,43.56103,0.00101236,99.56122,23.55581,0.0001583906,68.39104,0.0,0.000380814,13622790.0
ff,27,3.30,1,401178685,77679007,558766540,1,0,1.652291,1.65,0.002290662,0.0,201.0,1.012779e-13,5.063894e-14,1.2668e-18,2.5336e-18,1.0,0.0002466351,5.435652e-11,7.490405e-05,7.490404e-05,1.591908,-0.000664382,92.03553,96.07387,1.591905,92.03553,83.4206,0.3708972,92.03536,63.6605,0.03812917,92.01789,43.66292,0.003821653,90.53458,23.65787,0.0004530695,67.71885,0.0,0.0004112979,13790970.0
ff,27,3.30,2,254508664,1796383430,558766540,1,0,1.647383,1.65,-0.00261657,0.0,201.0,1.010601e-13,5.053007e-14,2.505094e-19,5.010188e-19,1.0,0.0001698055,2.670077e-10,7.217164e-05,7.21717e-05,-0.314799,0.0001290481,106.0945,96.05518,0.3147989,106.0945,83.55438,0.07464383,106.0927,63.8031,0.007682771,105.9203,43.80561,0.0007839079,98.88934,23.80053,0.000176019,68.05781,0.0,0.0003955514,13971550.0
ff,27,3.30,3,458533381,1854614208,558766540,1,0,1.649389,1.65,-0.000610649,0.0,201.0,1.024152e-13,5.120761e-14,8.448701e-19,1.68974e-18,1.0,0.0002353959,8.503775e-11,7.92481e-05,7.924809e-05,1.061695,-0.000455736,95.65089,96.17087,1.061693,95.65089,83.28571,0.2408468,95.65051,63.5128,0.02472375,95.61322,43.51508,0.002483665,92.89975,23.50984,0.0003392379,68.19216,0.0,0.0003895198,13558760.0
ff,27,3.30,4,1346590650,3688412,558766540,1,0,1.65167,1.65,0.001669867,0.0,201.0,1.018188e-13,5.09094e-14,1.822088e-18,3.644177e-18,1.0,0.0002364719,3.811351e-11,7.546293e-05,7.546292e-05,2.289704,-0.000959194,88.92457,96.12014,2.2897,88.92457,83.43633,0.5316039,88.92446,63.6745,0.05463892,88.91372,43.6769,0.005472163,87.94569,23.67169,0.0006113644,67.62836,0.0,0.0004155792,13775380.0
ff,27,3.30,5,1261834439,1988447327,558766540,1,0,1.651779,1.65,0.001778705,0.0,201.0,1.019359e-13,5.096793e-14,1.044701e-18,2.089403e-18,1.0,0.0002370099,6.689049e-11,7.642938e-05,7.642938e-05,1.31281,-0.000553442,93.7661,96.13012,1.312808,93.76609,83.39401,0.3029672,93.76587,63.62925,0.03112928,93.74327,43.63161,0.003121887,91.90276,23.62642,0.0003856407,67.92735,0.0,0.0004015674,13719250.0
ff,27,3.30,6,1596113074,1093097533,558766540,1,0,1.64427,1.65,-0.00573012,0.0,201.0,1.009904e-13,5.049519e-14,1.072614e-18,2.145228e-18,1.0,0.0002473404,6.386358e-11,7.248397e-05,7.248396e-05,1.347887,-0.000553356,93.45613,96.04918,1.347884,93.45613,83.53068,0.3189537,93.45587,63.77836,0.03281896,93.42978,43.78086,0.003292713,91.37201,23.77581,0.0004170518,67.75236,0.0,0.00040967,13943870.0
ff,27,3.30,7,1751067358,1227725094,558766540,1,0,1.661274,1.65,0.01127383,0.0,201.0,1.015767e-13,5.078833e-14,1.141757e-18,2.283515e-18,1.0,0.0002383409,6.083667e-11,7.627801e-05,7.6278e-05,1.434775,-0.000604266,92.9638,96.09946,1.434772,92.9638,83.3715,0.3314247,92.9636,63.60719,0.03405489,92.94382,43.60957,0.003414188,91.29297,23.60448,0.0004126439,67.63755,0.0,0.0004151968,13712130.0
ff,27,3.30,8,1691115344,855566080,558766540,1,0,1.655459,1.65,0.005458553,0.0,201.0,9.974333e-14,4.987167e-14,1.405833e-18,2.811666e-18,1.0,0.0002443346,4.635581e-11,6.654037e-05,6.654036e-05,1.766622,-0.000694923,90.9984,95.94126,1.766619,90.9984,83.77266,0.4352241,90.99826,64.04178,0.04489274,90.98373,44.04451,0.004498201,89.7171,24.03954,0.0005201417,67.0552,0.0,0.000443911,14322290.0
ff,27,3.30,9,897052031,1578056629,558766540,1,0,1.644956,1.65,-0.00504407,0.0,201.0,1.016214e-13,5.081068e-14,5.944137e-19,1.188827e-18,1.0,0.0001653472,1.163869e-10,7.599377e-05,7.599379e-05,-0.746962,0.0003141115,98.63732,96.10328,0.7469609,98.63732,83.39066,0.1728491,98.63709,63.62722,0.01776259,98.61423,43.6296,0.001781428,96.70145,23.62449,0.0002218971,68.55247,0.0,0.0003737593,13733980.0
ff,27,3.30,10,893161525,857365023,558766540,1,0,1.648987,1.65,-0.0010129,0.0,201.0,1.014695e-13,5.073477e-14,7.095435e-19,1.419087e-18,1.0,0.0002424893,9.804069e-11,7.554322e-05,7.554321e-05,0.8916387,-0.000373673,97.08653,96.0903,0.8916371,97.08653,83.40212,0.206909,97.08605,63.64004,0.02126668,97.03829,43.64244,0.002138983,93.79134,23.63734,0.0003106707,67.98584,0.0,0.0003988675,13753800.0
ff,27,3.30,11,226030501,1129521986,558766540,1,0,1.64688,1.65,-0.00312049,0.0,201.0,1.024989e-13,5.124947e-14,4.368228e-20,8.736455e-20,1.0,0.0001669636,1.910848e-09,7.913495e-05,7.913592e-05,-0.0548928,2.362222e-05,121.3877,96.17797,0.05489266,121.387,83.29864,0.01246189,121.3163,63.52605,0.001289698,117.1419,43.52833,0.0002086035,99.03201,23.52309,0.0001677081,68.59309,0.0,0.0003720164,13575510.0
ff,27,3.30,12,1658585559,415035618,558766540,1,0,1.6518,1.65,0.001799947,0.0,201.0,1.017759e-13,5.088793e-14,1.682628e-18,3.365256e-18,1.0,0.0001178309,4.139622e-11,7.662584e-05,7.662585e-05,-2.11445,0.0008927082,89.61253,96.11648,2.114449,89.61253,83.36981,0.4873754,89.61256,63.60446,0.05007198,89.61575,43.60682,0.005006721,89.92721,23.60174,0.0004827545,68.71057,0.0,0.0003671537,13709480.0
ff,27,3.30,13,503108018,1417377012,558766540,1,0,1.648462,1.65,-0.00153775,0.0,201.0,1.009392e-13,5.046959e-14,5.028213e-19,1.005643e-18,1.0,0.0002287417,1.344489e-10,7.149811e-05,7.149809e-05,0.6318639,-0.000257599,100.0323,96.04478,0.6318628,100.0323,83.5824,0.1504888,100.0315,63.8334,0.01549148,99.95455,43.83593,0.001563396,95.49347,23.83088,0.0002611383,67.87769,0.0,0.0004037999,14015390.0
ff,27,3.30,14,1754066446,423070270,558766540,1,0,1.649118,1.65,-0.000881766,0.0,201.0,1.020755e-13,5.103776e-14,1.318106e-18,2.636212e-18,1.0,0.0001296858,5.340439e-11,7.824358e-05,7.824359e-05,-1.65638,0.0007066727,91.75882,96.14201,1.656378,91.75882,83.30938,0.3780313,91.75885,63.53931,0.03881711,91.76099,43.54162,0.003881787,91.95051,23.53651,0.0003795772,68.78786,0.0,0.0003638913,13618990.0
ff,27,3.30,15,2089799437,1562884647,558766540,1,0,1.650258,1.65,0.0002577854,0.0,201.0,1.013559e-13,5.067795e-14,1.874063e-18,3.748127e-18,1.0,0.0002395736,3.642242e-11,7.310884e-05,7.310884e-05,2.355018,-0.000971049,88.64069,96.08056,2.355013,88.64069,83.52686,0.5550196,88.64059,63.77248,0.05709453,88.63068,43.77496,0.005717602,87.72996,23.7698,0.0006338581,67.49937,0.0,0.0004217756,13913410.0
ff,27,3.30,16,1198036763,175460725,558766540,1,0,1.658297,1.65,0.008297065,0.0,201.0,1.013604e-13,5.068018e-14,2.401656e-18,4.803312e-18,1.0,0.0002384584,2.857803e-11,7.457405e-05,7.457404e-05,3.01801,-0.00125686,86.48655,96.08094,3.018004,86.48655,83.44581,0.704633,86.48648,63.68674,0.07244576,86.47968,43.68916,0.007252275,85.8425,23.68404,0.0007799682,67.23439,0.0,0.0004348536,13807890.0
ff,27,3.30,17,361112360,260854216,558766540,1,0,1.64204,1.65,-0.00796026,0.0,201.0,1.009851e-13,5.049254e-14,1.498383e-18,2.996766e-18,1.0,0.0002454641,4.553158e-11,7.18019e-05,7.180189e-05,1.882923,-0.00076939,90.55209,96.04873,1.88292,90.55209,83.56898,0.447553,90.55192,63.81894,0.04606286,90.53565,43.82146,0.004616264,89.14492,23.81636,0.0005414671,67.66574,0.0,0.0004137544,13985150.0
ff,27,3.30,18,553377496,1775083695,558766540,1,0,1.65173,1.65,0.001730072,0.0,201.0,1.011605e-13,5.058023e-14,3.094979e-19,6.189958e-19,1.0,0.0001991837,2.223288e-10,7.312678e-05,7.312676e-05,0.3889266,-0.000160331,104.2665,96.0638,0.3889259,104.2664,83.50909,0.09164997,104.2648,63.75466,0.009429586,104.1037,43.75713,0.0009608886,97.34057,23.75204,0.0002092057,67.85788,0.0,0.0004047791,13903890.0
ff,27,3.30,19,1743241051,1096203033,558766540,1,0,1.648554,1.65,-0.00144634,0.0,201.0,1.005089e-13,5.025443e-14,2.629117e-19,5.258234e-19,1.0,0.000180613,2.506226e-10,7.045605e-05,7.045611e-05,-0.330385,0.0001338186,105.6273,96.00767,0.330384,105.6273,83.60541,0.07923313,105.6255,63.86001,0.008160675,105.4505,43.86258,0.0008329213,98.38714,23.85761,0.0001877255,67.94891,0.0,0.0004004893,14067260.0
ff,27,3.30,20,1180429154,1161131121,558766540,1,0,1.65209,1.65,0.002089625,0.0,201.0,1.013942e-13,5.069712e-14,1.922724e-18,3.845447e-18,1.0,0.0002351668,3.545608e-11,7.299882e-05,7.299881e-05,2.416166,-0.000995512,88.42133,96.08385,2.416161,88.42133,83.53632,0.5698358,88.42123,63.78231,0.05862108,88.41147,43.78479,0.005870377,87.52325,23.77959,0.0006498558,67.46029,0.0,0.0004236737,13918270.0
ff,27,3.30,21,1108178055,241566642,558766540,1,0,1.658686,1.65,0.008686268,0.0,201.0,1.021554e-13,5.107772e-14,1.507403e-18,3.014806e-18,1.0,0.0002372658,4.709477e-11,7.881197e-05,7.881196e-05,1.894258,-0.000810941,90.60004,96.14881,1.894255,90.60004,83.28638,0.4308406,90.5999,63.51469,0.04423232,90.58558,43.51699,0.004431697,89.33657,23.51183,0.0005114025,67.7906,0.0,0.0004079295,13578170.0
ff,27,3.30,22,1429242640,922896719,558766540,1,0,1.656173,1.65,0.006172776,0.0,201.0,1.017734e-13,5.08867e-14,2.257384e-18,4.514768e-18,1.0,0.0002382083,3.080913e-11,7.638716e-05,7.638716e-05,2.836712,-0.00119563,87.05998,96.11627,2.836707,87.05998,83.38242,0.6548207,87.0599,63.61779,0.06728132,87.05251,43.62016,0.006735693,86.36387,23.615,0.0007287131,67.41684,0.0,0.0004258315,13711370.0
ff,27,3.30,23,1329603875,821264266,558766540,1,0,1.655658,1.65,0.005658326,0.0,201.0,1.012288e-13,5.061439e-14,2.765063e-18,5.530126e-18,1.0,0.0002455273,2.468425e-11,7.412489e-05,7.412489e-05,3.474681,-0.00144268,85.25138,96.06966,3.474675,85.25138,83.45933,0.8135746,85.25132,63.70168,0.08365998,85.24563,43.70412,0.008373838,84.70662,23.69904,0.0008904732,67.20469,0.0,0.0004363252,13837700.0
ff,27,3.30,24,1759145196,8538169,558766540,1,0,1.647413,1.65,-0.00258692,0.0,201.0,1.021108e-13,5.105539e-14,1.545893e-18,3.091787e-18,1.0,0.0002469082,4.565948e-11,7.850108e-05,7.850107e-05,1.942627,-0.000830006,90.37724,96.14501,1.942623,90.37724,83.29885,0.4426706,90.3771,63.52805,0.04545143,90.36322,43.53035,0.004553619,89.14869,23.52522,0.0005233914,68.02293,0.0,0.0003971489,13598590.0
ff,27,3.30,25,308281374,938104562,558766540,1,0,1.647554,1.65,-0.00244588,0.0,201.0,1.024172e-13,5.120859e-14,1.901935e-18,3.80387e-18,1.0,0.0001197114,3.723244e-11,7.831359e-05,7.83136e-05,-2.39004,0.001020106,88.60294,96.17104,2.390038,88.60294,83.33472,0.5452417,88.60297,63.56445,0.05598532,88.6059,43.56676,0.005598129,88.89438,23.56154,0.0005412,69.05901,0.0,0.000352762,13628920.0
ff,27,3.30,26,2129572229,576284426,558766540,1,0,1.643015,1.65,-0.00698502,0.0,201.0,1.019356e-13,5.096782e-14,4.885214e-19,9.770428e-19,1.0,0.0001677955,1.422649e-10,7.684542e-05,7.684545e-05,-0.613894,0.0002596099,100.3682,96.1301,0.6138929,100.3682,83.37166,0.1413093,100.3678,63.60566,0.01451747,100.3278,43.60802,0.001458857,97.40675,23.60286,0.0002040825,68.64931,0.0,0.0003696152,13696720.0
ff,27,3.30,27,1055417998,762831419,558766540,1,0,1.65493,1.65,0.004929964,0.0,201.0,1.020925e-13,5.104623e-14,5.411769e-19,1.082354e-18,1.0,0.0001479539,1.28253e-10,7.723791e-05,7.723794e-05,-0.680063,0.0002883094,99.49249,96.14345,0.6800617,99.49249,83.36406,0.1561632,99.49228,63.5969,0.01604098,99.47228,43.59924,0.001608231,97.71982,23.59409,0.0001966588,68.41536,0.0,0.0003797395,13685900.0
ff,27,3.30,28,33535112,1715627168,558766540,1,0,1.644435,1.65,-0.00556468,0.0,201.0,1.014746e-13,5.07373e-14,6.580383e-19,1.316077e-18,1.0,0.0001559238,1.04535e-10,7.477061e-05,7.477063e-05,-0.826915,0.000344912,97.74152,96.09073,0.8269138,97.74152,83.44478,0.1928248,97.74139,63.6851,0.01982373,97.72803,43.68752,0.001985976,96.48584,23.68243,0.0002289969,68.41274,0.0,0.0003798061,13814400.0
ff,27,3.30,29,719071787,914527730,558766540,1,0,1.650262,1.65,0.0002623252,0.0,201.0,1.020191e-13,5.100956e-14,1.547912e-18,3.095823e-18,1.0,0.0001193879,4.499157e-11,7.635161e-05,7.635161e-05,-1.94516,0.0008197688,90.35811,96.13721,1.94516,90.35811,83.40528,0.4491163,90.35814,63.64076,0.04614567,90.36127,43.64313,0.004614161,90.66351,23.63798,0.0004453727,68.71721,0.0,0.0003668425,13745110.0
ff,27,3.30,30,868777466,2065870523,558766540,1,0,1.642659,1.65,-0.00734119,0.0,201.0,1.021823e-13,5.109117e-14,1.978707e-19,3.957415e-19,1.0,0.0001886974,3.487486e-10,7.726069e-05,7.726078e-05,-0.248652,0.0001054874,108.2393,96.1511,0.2486512,108.2392,83.37049,0.05709026,108.2352,63.60326,0.005866822,107.8491,43.6056,0.0006135156,97.97145,23.60041,0.0001911826,68.58723,0.0,0.0003722302,13686090.0
ff,27,3.30,31,1168415783,839051434,558766540,1,0,1.646369,1.65,-0.00363073,0.0,201.0,1.010386e-13,5.051931e-14,3.350848e-19,6.701695e-19,1.0,0.0002080069,2.049347e-10,7.285789e-05,7.285788e-05,0.4210799,-0.000173269,103.5661,96.05333,0.4210792,103.566,83.51373,0.0993996,103.5645,63.76018,0.01022783,103.4142,43.76266,0.001040939,96.8953,23.75759,0.0002203509,67.97779,0.0,0.0003992174,13916390.0
ff,27,3.30,32,1047034589,139709440,558766540,1,0,1.641342,1.65,-0.00865761,0.0,201.0,1.020636e-13,5.10318e-14,2.671795e-18,5.343591e-18,1.0,0.0002440301,2.660272e-11,7.834697e-05,7.834696e-05,3.357477,-0.00143314,85.62075,96.141,3.357471,85.62075,83.30293,0.7657885,85.62068,63.53257,0.07863112,85.61309,43.53487,0.007872075,84.91091,23.52968,0.0008529793,67.73203,0.0,0.0004106064,13593370.0
ff,27,3.30,33,1832816665,1702713338,558766540,1,0,1.645416,1.65,-0.00458359,0.0,201.0,1.011607e-13,5.058037e-14,1.971809e-19,3.943617e-19,1.0,0.0001761047,3.404352e-10,7.309005e-05,7.309014e-05,-0.247785,0.0001022381,108.1823,96.06382,0.2477843,108.1823,83.51117,0.05840404,108.179,63.75685,0.006010222,107.864,43.75933,0.0006233983,98.71049,23.75429,0.0001787269,68.20253,0.0,0.000389034,13917240.0
ff,27,3.30,34,1105564609,636525621,558766540,1,0,1.65439,1.65,0.004390344,0.0,201.0,1.010762e-13,5.053808e-14,1.902491e-18,3.804981e-18,1.0,0.0002449839,3.58682e-11,7.347592e-05,7.347592e-05,2.39074,-0.000988255,88.48593,96.05656,2.390736,88.48592,83.48231,0.5621073,88.48583,63.72674,0.05781565,88.47655,43.7292,0.005789392,87.62668,23.72415,0.0006380775,67.37624,0.0,0.0004278115,13875240.0
ff,27,3.30,35,1711231137,1057280769,558766540,1,0,1.65176,1.65,0.001759534,0.0,201.0,1.01456e-13,5.072802e-14,9.14623e-19,1.829246e-18,1.0,0.0002427604,7.526069e-11,7.458204e-05,7.458202e-05,1.149349,-0.000478629,94.88012,96.08914,1.149347,94.88011,83.45356,0.268332,94.87983,63.69447,0.02758875,94.85136,43.6969,0.002768705,92.63794,23.69181,0.0003570204,67.82108,0.0,0.000406492,13826100.0
ff,27,3.30,36,1315105765,411343197,558766540,1,0,1.655001,1.65,0.005000948,0.0,201.0,1.013839e-13,5.069195e-14,8.577817e-19,1.715563e-18,1.0,0.0002428939,8.002132e-11,7.446611e-05,7.44661e-05,1.07792,-0.000448531,95.43124,96.08296,1.077918,95.43124,83.45377,0.251841,95.43093,63.69504,0.02589439,95.39975,43.69747,0.002599478,93.0231,23.6924,0.0003415587,67.80537,0.0,0.0004072305,13831190.0
ff,27,3.30,37,866765641,141337503,558766540,1,0,1.64899,1.65,-0.00101047,0.0,201.0,1.009294e-13,5.046472e-14,1.368657e-18,2.737313e-18,1.0,0.0002444986,4.952483e-11,7.208809e-05,7.208808e-05,1.719905,-0.000704181,91.33387,96.04394,1.719902,91.33387,83.54789,0.4080385,91.3337,63.79689,0.0419913,91.31761,43.7994,0.004208137,89.93536,23.79433,0.0004931157,67.56122,0.0,0.0004187815,13964410.0
ff,27,3.30,38,1698806713,780129821,558766540,1,0,1.645296,1.65,-0.00470377,0.0,201.0,1.015605e-13,5.078027e-14,8.22681e-19,1.645362e-18,1.0,0.0002361927,8.351719e-11,7.322664e-05,7.322663e-05,1.033811,-0.000426572,95.80927,96.09808,1.03381,95.80927,83.53778,0.2434588,95.8089,63.78302,0.02504412,95.77226,43.78549,0.002515715,93.09275,23.78029,0.0003422763,67.90059,0.0,0.0004027559,13918850.0
ff,27,3.30,39,2119850594,2078047439,558766540,1,0,1.652767,1.65,0.002767123,0.0,201.0,1.021672e-13,5.10836e-14,9.261351e-19,1.85227e-18,1.0,0.0002325538,7.571543e-11,7.675836e-05,7.675835e-05,1.163816,-0.000491676,94.83214,96.14981,1.163814,94.83214,83.39604,0.268037,94.83186,63.6303,0.02753733,94.80396,43.63265,0.00276334,92.62491,23.62741,0.0003549157,67.95822,0.0,0.0004001473,13711670.0
ff,27,3.30,40,1577492792,995021825,558766540,1,0,1.647252,1.65,-0.0027476,0.0,201.0,1.010115e-13,5.050573e-14,4.774065e-19,9.54813e-19,1.0,0.0002395907,1.43956e-10,7.290177e-05,7.290175e-05,0.5999267,-0.000246957,100.489,96.051,0.5999257,100.489,83.50893,0.1415776,100.488,63.75523,0.01456665,100.3894,43.75771,0.001473727,95.22422,23.75268,0.0002669457,67.95831,0.0,0.0004000956,13917300.0
ff,27,3.30,41,843483642,1019712712,558766540,1,0,1.649202,1.65,-0.000797992,0.0,201.0,1.020676e-13,5.103378e-14,5.485217e-19,1.097043e-18,1.0,0.0001616794,1.26775e-10,7.727309e-05,7.727312e-05,-0.689293,0.0002922938,99.37328,96.14134,0.6892915,99.37328,83.36007,0.1582485,99.37301,63.59281,0.01625512,99.34629,43.59515,0.001630958,97.17902,23.59,0.000209194,68.58498,0.0,0.0003723792,13681340.0
ff,27,3.30,42,619069706,256947290,558766540,1,0,1.645038,1.65,-0.0049616,0.0,201.0,1.014656e-13,5.073282e-14,1.983198e-18,3.966396e-18,1.0,0.0001607093,3.494449e-11,7.476763e-05,7.476764e-05,-2.49216,0.001039347,88.15846,96.08996,2.492156,88.15846,83.44418,0.5811469,88.15847,63.6845,0.059745,88.15978,43.68692,0.005975262,88.28081,23.68184,0.0005889135,68.85684,0.0,0.0003609344,13813990.0
ff,27,3.30,43,1287288796,1750083823,558766540,1,0,1.647227,1.65,-0.00277326,0.0,201.0,1.005008e-13,5.025042e-14,1.567965e-18,3.135929e-18,1.0,0.0002495532,4.325784e-11,7.162295e-05,7.162295e-05,1.970362,-0.000804119,90.11607,96.00698,1.970359,90.11607,83.53745,0.468888,90.11591,63.78802,0.048262,90.10078,43.79055,0.004836024,88.79392,23.78556,0.0005618001,67.48819,0.0,0.0004223032,13969040.0
ff,27,3.30,44,425565634,915389841,558766540,1,0,1.651485,1.65,0.001485259,0.0,201.0,1.008343e-13,5.041714e-14,1.058399e-18,2.116798e-18,1.0,0.0001418835,6.343726e-11,7.178834e-05,7.178835e-05,-1.33002,0.0005435412,93.55857,96.03575,1.330021,93.55857,83.55677,0.316162,93.55858,63.80678,0.03253944,93.55889,43.8093,0.003254772,93.54726,23.80428,0.0003257247,68.20417,0.0,0.0003889686,13986150.0
ff,27,3.30,45,1983840015,1502418612,558766540,1,0,1.642651,1.65,-0.00734852,0.0,201.0,1.02221e-13,5.11105e-14,2.269962e-18,4.539924e-18,1.0,0.0001224069,3.113598e-11,7.782148e-05,7.782148e-05,-2.85252,0.001213659,87.04983,96.15438,2.852513,87.04983,83.34402,0.6526935,87.04986,63.57516,0.06702939,87.05247,43.57748,0.006702711,87.31222,23.57232,0.0006501373,69.22738,0.0,0.000346008,13655360.0
ff,27,3.30,46,1717448852,853388521,558766540,1,0,1.649996,1.65,-3.86943e-06,0.0,201.0,1.008746e-13,5.043728e-14,8.14674e-19,1.629348e-18,1.0,0.000243874,8.382983e-11,7.220105e-05,7.220104e-05,1.023749,-0.00041945,95.83536,96.03922,1.023748,95.83535,83.53675,0.2426999,95.83498,63.78537,0.02497581,95.79758,43.78788,0.002509082,93.07655,23.78283,0.0003430156,67.72311,0.0,0.0004110628,13952870.0
ff,27,3.30,47,1325554505,106998548,558766540,1,0,1.644822,1.65,-0.00517778,0.0,201.0,1.014924e-13,5.074622e-14,3.43686e-20,6.873721e-20,1.0,0.0002077463,2.868433e-09,7.271333e-05,7.271529e-05,-0.0431889,1.784715e-05,123.3848,96.09226,0.04318879,123.3832,83.56069,0.01020649,123.2204,63.80761,0.001069946,116.5182,43.8101,0.0002315233,97.42328,23.80489,0.0002084877,68.15183,0.0,0.0003912753,13948990.0
ff,27,3.30,48,1989390036,1728888514,558766540,1,0,1.657289,1.65,0.007289414,0.0,201.0,1.020514e-13,5.102571e-14,2.978883e-19,5.957766e-19,1.0,0.0001900972,2.371792e-10,7.762846e-05,7.762843e-05,0.3743375,-0.000158997,104.6747,96.13996,0.3743368,104.6747,83.33982,0.08575434,104.673,63.57152,0.008809002,104.5056,43.57385,0.0008982843,97.60508,23.56868,0.0001986917,68.08959,0.0,0.0003942042,13648840.0
ff,27,3.30,49,429435131,1570039629,558766540,1,0,1.639469,1.65,-0.0105308,0.0,201.0,1.024266e-13,5.121332e-14,1.440371e-18,2.880742e-18,1.0,0.0001538804,4.90985e-11,7.851094e-05,7.851095e-05,-1.81002,0.000773546,91.01817,96.17184,1.81002,91.01817,83.32516,0.4124294,91.01817,63.55433,0.04234556,91.01845,43.55663,0.004235544,91.02465,23.55142,0.0004229981,69.18558,0.0,0.0003475727,13618080.0
ff,27,3.30,50,2042667535,2040997325,558766540,1,0,1.650912,1.65,0.0009117168,0.0,201.0,1.025905e-13,5.129523e-14,3.916185e-20,7.832369e-20,1.0,0.0001662617,2.242189e-09,7.986921e-05,7.987043e-05,-0.0492122,2.12829e-05,122.3443,96.18572,0.04921213,122.3434,83.26832,0.01112365,122.2553,63.49369,0.001153236,117.4732,43.49596,0.0002000499,99.02533,23.49073,0.000167213,68.48664,0.0,0.0003766131,13536790.0
ff,27,3.30,51,502916815,604024106,558766540,1,0,1.644262,1.65,-0.00573849,0.0,201.0,1.013024e-13,5.065119e-14,2.432837e-19,4.865674e-19,1.0,0.0001798743,2.766143e-10,7.34459e-05,7.344597e-05,-0.305719,0.0001264336,106.3695,96.07598,0.3057188,106.3695,83.5034,0.0718943,106.3673,63.74793,0.007396579,106.1526,43.75039,0.0007583841,98.38672,23.74529,0.0001853228,68.25482,0.0,0.0003867064,13894090.0
ff,27,3.30,52,158211346,589992943,558766540,1,0,1.653137,1.65,0.003137367,0.0,201.0,1.020019e-13,5.100094e-14,1.558806e-19,3.117611e-19,1.0,0.0001559157,4.419576e-10,7.698765e-05,7.698777e-05,-0.195885,8.295797e-05,110.2957,96.13574,0.1958849,110.2957,83.36969,0.04505061,110.2914,63.60328,0.004630151,109.8806,43.60562,0.0004855716,99.69858,23.60044,0.0001567087,68.27191,0.0,0.000386032,13688830.0
ff,27,3.30,53,1352983941,1879832330,558766540,1,0,1.642351,1.65,-0.00764891,0.0,201.0,1.026205e-13,5.131024e-14,1.986843e-18,3.973686e-18,1.0,0.000126136,3.602452e-11,8.013713e-05,8.013713e-05,-2.49674,0.001077983,88.24081,96.18826,2.496736,88.24081,83.25713,0.5633986,88.24084,63.48177,0.0578158,88.24335,43.48402,0.005781406,88.48936,23.47883,0.0005616595,69.36291,0.0,0.0003406584,13527510.0
ff,27,3.30,54,1092674675,290918264,558766540,1,0,1.646147,1.65,-0.00385304,0.0,201.0,1.013863e-13,5.069313e-14,8.666395e-20,1.733279e-19,1.0,0.0001731065,8.222116e-10,7.537159e-05,7.537163e-05,0.1089051,-4.55301e-05,115.3422,96.08316,0.1089049,115.342,83.40433,0.02529968,115.324,63.64278,0.002605784,113.8191,43.64518,0.0003099581,98.8729,23.64016,0.0001731262,68.19722,0.0,0.0003893241,13771670.0
ff,27,3.30,55,464656241,1832223108,558766540,1,0,1.654769,1.65,0.004769335,0.0,201.0,1.021792e-13,5.108959e-14,1.510033e-18,3.020066e-18,1.0,0.0001054536,4.659739e-11,7.808124e-05,7.808124e-05,-1.89756,0.0008087111,90.58692,96.15083,1.89756,90.58692,83.32675,0.4335023,90.58696,63.55714,0.0445153,90.59092,43.55946,0.004450685,90.98038,23.55432,0.0004253016,68.63522,0.0,0.0003703831,13637260.0
ff,27,3.30,56,244777645,290981154,558766540,1,0,1.648058,1.65,-0.00194241,0.0,201.0,1.0174e-13,5.087e-14,5.042622e-19,1.008524e-18,1.0,0.0001806416,1.371774e-10,7.562406e-05,7.562409e-05,-0.633675,0.0002658399,100.0761,96.11342,0.6336734,100.0761,83.42084,0.1469728,100.0757,63.65852,0.01510578,100.0311,43.66091,0.001518767,96.89356,23.65578,0.0002178266,68.41442,0.0,0.000379716,13770890.0
ff,27,3.30,57,552633977,2072310974,558766540,1,0,1.650334,1.65,0.0003336038,0.0,201.0,1.018092e-13,5.09046e-14,1.127189e-18,2.254378e-18,1.0,0.0001314404,6.187406e-11,7.702898e-05,7.702899e-05,-1.41647,0.0005996168,93.0952,96.11932,1.416465,93.0952,83.35107,0.3256816,93.09522,63.58453,0.03345534,93.0967,43.58688,0.003345867,93.20745,23.58181,0.0003301552,68.60027,0.0,0.0003717983,13686920.0
ff,27,3.30,58,1763639714,1826025152,558766540,1,0,1.652525,1.65,0.002524772,0.0,201.0,1.025167e-13,5.125835e-14,6.39035e-19,1.27807e-18,1.0,0.0001310048,1.107168e-10,7.852732e-05,7.852733e-05,-0.803035,0.000343254,98.0848,96.17947,0.8030336,98.0848,83.33194,0.1829603,98.08473,63.56106,0.01878522,98.07817,43.56336,0.001880441,97.36241,23.55811,0.0002040729,68.51523,0.0,0.0003754388,13620320.0
ff,27,3.30,59,96930632,1235263398,558766540,1,0,1.648061,1.65,-0.00193861,0.0,201.0,1.01687e-13,5.084348e-14,8.275735e-19,1.655147e-18,1.0,0.0002405667,8.385825e-11,7.528634e-05,7.528633e-05,1.03996,-0.000435104,95.76857,96.10889,1.039958,95.76857,83.4347,0.2417167,95.76821,63.67342,0.02484624,95.73211,43.67582,0.002495662,93.08117,23.67068,0.0003384351,67.97706,0.0,0.0003992597,13788300.0
ff,27,3.30,60,1706379655,1871572956,558766540,1,0,1.649199,1.65,-0.000801471,0.0,201.0,1.008706e-13,5.043531e-14,7.638028e-19,1.527606e-18,1.0,0.0002452059,8.905943e-11,7.181229e-05,7.181227e-05,0.9598229,-0.000392191,96.39507,96.03888,0.9598213,96.39507,83.55853,0.2281253,96.39463,63.80847,0.02347965,96.35177,43.81099,0.002360265,93.34742,23.80595,0.0003333699,67.77125,0.0,0.0004087793,13985150.0
ff,27,3.30,61,38100619,886475475,558766540,1,0,1.644687,1.65,-0.00531328,0.0,201.0,1.007264e-13,5.036319e-14,1.571924e-18,3.143848e-18,1.0,0.0002490887,4.335732e-11,7.218468e-05,7.218467e-05,1.975338,-0.000809301,90.11363,96.02645,1.975334,90.11363,83.52491,0.4683426,90.11347,63.77358,0.04819539,90.09761,43.77609,0.004829747,88.73746,23.77107,0.0005645214,67.60203,0.0,0.0004168041,13942780.0
ff,27,3.30,62,860004552,1711738557,558766540,1,0,1.65672,1.65,0.006720327,0.0,201.0,1.007064e-13,5.035319e-14,4.063317e-18,8.126634e-18,1.0,0.0002464424,1.666933e-11,7.207633e-05,7.207633e-05,5.106115,-0.00209057,81.86293,96.02472,5.106106,81.86293,83.52934,1.211492,81.86289,63.77838,0.1246736,81.85925,43.78089,0.01247619,81.50827,23.77584,0.00129831,66.64233,0.0,0.0004654744,13943260.0
ff,27,3.30,63,1019429858,470883533,558766540,1,0,1.648205,1.65,-0.00179503,0.0,201.0,1.01756e-13,5.087798e-14,6.824409e-19,1.364882e-18,1.0,0.0002339197,1.024887e-10,7.507226e-05,7.507225e-05,0.8575806,-0.000358268,97.4493,96.11478,0.857579,97.44929,83.45229,0.1995953,97.44872,63.69167,0.02051858,97.39239,43.69408,0.002065781,93.76127,23.68886,0.0003136025,68.04826,0.0,0.0003959897,13795660.0
ff,27,3.30,64,2052815423,665976845,558766540,1,0,1.64947,1.65,-0.000530381,0.0,201.0,1.013446e-13,5.067229e-14,2.491672e-18,4.983345e-18,1.0,0.0002456657,2.785328e-11,7.490521e-05,7.490521e-05,3.131128,-0.00130685,86.16559,96.07959,3.131122,86.16559,83.42626,0.7295135,86.16552,63.66615,0.07499491,86.1582,43.66857,0.007507901,85.47759,23.66347,0.0008115108,67.39042,0.0,0.0004270934,13787170.0
ff,27,3.30,65,865795315,1246661602,558766540,1,0,1.639542,1.65,-0.0104579,0.0,201.0,1.016527e-13,5.082636e-14,2.947308e-20,5.894615e-20,1.0,0.000197905,2.775863e-09,7.544604e-05,7.544779e-05,0.03703696,-1.54334e-05,124.7333,96.10596,0.03703689,124.7311,83.42298,0.008601868,124.5235,63.6612,0.0009054909,116.9886,43.66359,0.0002156511,97.69127,23.65847,0.0001987741,68.46836,0.0,0.0003773256,13774650.0
ff,27,3.30,66,689138024,1711731563,558766540,1,0,1.64414,1.65,-0.00586047,0.0,201.0,1.004101e-13,5.020503e-14,1.658097e-18,3.316193e-18,1.0,0.0002488051,4.017409e-11,6.907234e-05,6.907234e-05,2.083626,-0.000835068,89.62275,95.99913,2.083622,89.62275,83.67801,0.5043862,89.62261,63.93756,0.05196937,89.60894,43.94018,0.005206697,88.41275,23.93515,0.0005972005,67.41816,0.0,0.0004256953,14159600.0
ff,27,3.30,67,1629687555,1899269564,558766540,1,0,1.649829,1.65,-0.000170754,0.0,201.0,1.02588e-13,5.129399e-14,1.290856e-18,2.581711e-18,1.0,0.0001308328,5.532286e-11,8.006712e-05,8.006713e-05,-1.62214,0.0007000829,91.98378,96.18551,1.622134,91.98378,83.25798,0.366193,91.98379,63.48281,0.03757947,91.98571,43.48506,0.003758093,92.15026,23.47987,0.0003685367,68.87055,0.0,0.0003604593,13528960.0
ff,27,3.30,68,1602366258,1329825296,558766540,1,0,1.65482,1.65,0.004819798,0.0,201.0,1.009809e-13,5.049046e-14,2.651051e-20,5.302102e-20,1.0,0.0001640026,2.798345e-09,7.19795e-05,7.198074e-05,0.03331409,-1.35654e-05,125.5958,96.04837,0.03331403,125.5941,83.55842,0.007910726,125.4263,63.80779,0.0008299919,118.6218,43.8103,0.0001817286,99.42257,23.80521,0.0001656273,67.82058,0.0,0.0004065012,13974420.0
ff,27,3.30,69,1728241887,531706913,558766540,1,0,1.652751,1.65,0.002750868,0.0,201.0,1.029055e-13,5.145275e-14,7.809079e-20,1.561816e-19,1.0,0.0001553306,9.431602e-10,8.191072e-05,8.191107e-05,-0.0981318,4.290103e-05,116.3762,96.21235,0.09813159,116.376,83.19092,0.02191528,116.3566,63.41082,0.002252731,114.7588,43.41302,0.0002708393,99.57397,23.40776,0.0001554852,68.59812,0.0,0.0003718342,13420740.0
ff,27,3.30,70,1347765736,1887335071,558766540,1,0,1.659277,1.65,0.009277433,0.0,201.0,1.006296e-13,5.03148e-14,1.092719e-18,2.185438e-18,1.0,0.0002440101,6.17888e-11,7.232612e-05,7.23261e-05,1.373151,-0.000563137,93.26375,96.0181,1.373149,93.26375,83.50853,0.3252666,93.26356,63.75674,0.03347025,93.24516,43.75925,0.003355091,91.68678,23.75426,0.0004012124,67.38204,0.0,0.0004275464,13930040.0
ff,27,3.30,71,1194552968,1984492475,558766540,1,0,1.656081,1.65,0.006081104,0.0,201.0,1.023777e-13,5.118884e-14,1.18714e-18,2.37428e-18,1.0,0.0001065855,5.940137e-11,7.848182e-05,7.848183e-05,-1.4918,0.000637422,92.69347,96.16769,1.491802,92.69347,83.32254,0.3399801,92.69351,63.55179,0.03490713,92.69757,43.55409,0.003490007,93.08177,23.54892,0.0003337008,68.55944,0.0,0.0003736036,13622860.0
ff,27,3.30,72,925509659,1844487510,558766540,1,0,1.651816,1.65,0.001815777,0.0,201.0,1.019014e-13,5.095069e-14,2.617063e-19,5.234127e-19,1.0,0.0001348208,2.652598e-10,7.711815e-05,7.711821e-05,-0.32887,0.0001393415,105.7867,96.12718,0.3288693,105.7867,83.35417,0.07557411,105.7858,63.58737,0.007763908,105.6917,43.58971,0.0007850522,100.5038,23.58458,0.0001425737,68.29237,0.0,0.000385155,13678620.0
ff,27,3.30,73,1059619971,709033558,558766540,1,0,1.647734,1.65,-0.00226566,0.0,201.0,1.015785e-13,5.078925e-14,1.540329e-18,3.080658e-18,1.0,0.0002421128,4.493472e-11,7.529403e-05,7.529403e-05,1.935634,-0.000809953,90.36317,96.09962,1.935631,90.36317,83.42502,0.4498756,90.36304,63.66371,0.04624167,90.3501,43.66611,0.00463234,89.20667,23.66096,0.0005280983,67.76273,0.0,0.0004092157,13773900.0
ff,27,3.30,74,75887038,992740978,558766540,1,0,1.646712,1.65,-0.003288,0.0,201.0,1.008705e-13,5.043527e-14,5.978417e-19,1.195683e-18,1.0,0.0002390227,1.138858e-10,7.095635e-05,7.095634e-05,0.75127,-0.000305119,98.52296,96.03887,0.7512687,98.52296,83.60764,0.1795702,98.52226,63.8605,0.01848894,98.45306,43.86305,0.00186423,94.29529,23.85793,0.0003006991,67.80331,0.0,0.0004072561,14036610.0
ff,27,3.30,75,1922638378,1611901483,558766540,1,0,1.6477,1.65,-0.00229955,0.0,201.0,1.003564e-13,5.017819e-14,1.788793e-18,3.577587e-18,1.0,0.0002468445,3.733192e-11,6.93917e-05,6.939169e-05,2.247864,-0.000902985,88.9591,95.99448,2.24786,88.95909,83.6545,0.5429632,88.95898,63.91289,0.05593653,88.94776,43.9155,0.005602568,87.94199,23.91048,0.000628672,67.30559,0.0,0.0004312417,14124620.0
ff,27,3.30,76,1800419686,81145381,558766540,1,0,1.651429,1.65,0.001429267,0.0,201.0,1.006999e-13,5.034995e-14,4.949481e-19,9.898962e-19,1.0,0.0002178803,1.368363e-10,7.163748e-05,7.163746e-05,0.6219701,-0.000253817,100.1488,96.02416,0.621969,100.1488,83.55381,0.1479965,100.1481,63.80433,0.01523396,100.0777,43.80686,0.00153623,95.85,23.80182,0.0002497992,67.72649,0.0,0.0004109117,13981130.0
ff,27,3.30,77,748234642,90930140,558766540,1,0,1.647368,1.65,-0.00263248,0.0,201.0,1.022908e-13,5.114542e-14,6.461012e-19,1.292202e-18,1.0,0.0001677125,1.082867e-10,7.781637e-05,7.781639e-05,-0.811915,0.0003454901,97.97012,96.16032,0.8119131,97.97012,83.35022,0.1857825,97.96992,63.58138,0.01907976,97.94993,43.5837,0.001912884,96.23734,23.57849,0.0002328398,68.68149,0.0,0.000368267,13653680.0
ff,27,3.30,78,322520821,1938203468,558766540,1,0,1.653257,1.65,0.003257377,0.0,201.0,1.016824e-13,5.08412e-14,1.224146e-18,2.448293e-18,1.0,0.0002409752,5.684342e-11,7.658037e-05,7.658036e-05,1.538308,-0.000649157,92.36765,96.1085,1.538305,92.36765,83.36427,0.3546754,92.36747,63.59906,0.0364401,92.34958,43.60142,0.003652514,90.83497,23.59629,0.0004345767,67.87091,0.0,0.0004041817,13693800.0
ff,27,3.30,79,2002701638,363544113,558766540,1,0,1.653352,1.65,0.003352488,0.0,201.0,1.014608e-13,5.073038e-14,9.450296e-19,1.890059e-18,1.0,0.0002395827,7.304379e-11,7.490672e-05,7.490671e-05,1.187559,-0.000495619,94.59645,96.08954,1.187557,94.59645,83.43613,0.2766838,94.59618,63.67602,0.02844407,94.5693,43.67843,0.002854019,92.45252,23.67332,0.0003639485,67.78242,0.0,0.0004083129,13796530.0
ff,27,3.30,80,1478096131,1402957968,558766540,1,0,1.648905,1.65,-0.00109524,0.0,201.0,1.010247e-13,5.051237e-14,5.422964e-19,1.084593e-18,1.0,0.0002218718,1.258087e-10,7.298845e-05,7.298843e-05,0.6814698,-0.000280714,99.38322,96.05214,0.6814686,99.38321,83.5052,0.1607308,99.38259,63.75121,0.01653602,99.32106,43.75369,0.001665835,95.44708,23.74866,0.000260063,67.87426,0.0,0.0004040042,13910920.0
ff,27,3.30,81,2085455804,554740246,558766540,1,0,1.643178,1.65,-0.00682168,0.0,201.0,1.017752e-13,5.088759e-14,7.029054e-19,1.405811e-18,1.0,0.0002406709,9.983125e-11,7.551406e-05,7.551405e-05,0.883297,-0.0003701,97.1943,96.11642,0.8832954,97.19429,83.42983,0.2050108,97.19377,63.66784,0.02107189,97.14177,43.67024,0.002120427,93.70284,23.66506,0.0003148554,68.15907,0.0,0.000390975,13772990.0
ff,27,3.30,82,1124870882,142396555,558766540,1,0,1.641959,1.65,-0.00804107,0.0,201.0,1.0272e-13,5.136001e-14,1.572528e-18,3.145056e-18,1.0,0.0001394801,4.534684e-11,7.919835e-05,7.919835e-05,-1.9761,0.0008481972,90.28053,96.19668,1.976093,90.28053,83.3141,0.4484133,90.28055,63.54134,0.04602982,90.28221,43.54362,0.004603314,90.43136,23.53835,0.00045222,69.20683,0.0,0.0003467608,13590440.0
ff,27,3.30,83,448316130,67922568,558766540,1,0,1.649266,1.65,-0.000733813,0.0,201.0,1.008934e-13,5.044672e-14,2.051022e-18,4.102043e-18,1.0,0.0002436017,3.318235e-11,7.216044e-05,7.216043e-05,2.57739,-0.00105582,87.81725,96.04084,2.577385,87.81725,83.54068,0.611183,87.81716,63.78944,0.06289467,87.80788,43.79195,0.006298013,86.96033,23.78685,0.0006939466,67.4042,0.0,0.000426407,13948550.0
ff,27,3.30,84,894410535,1528676569,558766540,1,0,1.651402,1.65,0.001402105,0.0,201.0,1.022604e-13,5.11302e-14,1.117312e-19,2.234624e-19,1.0,0.0001771364,6.436665e-10,7.744018e-05,7.744019e-05,0.1404056,-5.95189e-05,113.2101,96.15773,0.1404053,113.2099,83.36758,0.0322019,113.1984,63.59983,0.003311854,112.1761,43.60216,0.0003726509,98.63079,23.59695,0.0001771364,68.28871,0.0,0.0003852632,13677000.0
ff,27,3.30,85,1483677864,699617523,558766540,1,0,1.646221,1.65,-0.00377924,0.0,201.0,1.026433e-13,5.132165e-14,1.893648e-18,3.787297e-18,1.0,0.0001359398,3.772982e-11,8.019855e-05,8.019856e-05,-2.37963,0.00102782,88.66002,96.19019,2.379624,88.66002,83.2559,0.5367768,88.66005,63.48037,0.05508283,88.66224,43.48262,0.005508322,88.87258,23.47742,0.000537331,69.22752,0.0,0.0003459867,13524280.0
ff,27,3.30,86,933728872,1774130453,558766540,1,0,1.65197,1.65,0.001970347,0.0,201.0,1.002844e-13,5.014218e-14,2.585068e-18,5.170136e-18,1.0,0.0002452867,2.559375e-11,6.860887e-05,6.860887e-05,3.248492,-0.00129759,85.75463,95.98825,3.248487,85.75462,83.69465,0.7888625,85.75456,63.9559,0.08129563,85.74766,43.95854,0.0081385,85.10339,23.95351,0.0008760036,66.9688,0.0,0.0004482995,14184680.0
ff,27,3.30,87,284990835,940729819,558766540,1,0,1.645657,1.65,-0.00434293,0.0,201.0,1.023181e-13,5.115904e-14,3.803478e-19,7.606956e-19,1.0,0.0002255096,1.879954e-10,7.780773e-05,7.780771e-05,0.4779591,-0.000203247,102.5748,96.16263,0.4779582,102.5748,83.35299,0.1093727,102.5733,63.58418,0.01123426,102.4234,43.5865,0.001143282,95.93788,23.58125,0.0002410843,68.39921,0.0,0.0003803505,13650710.0
ff,27,3.30,88,245299988,184998904,558766540,1,0,1.651644,1.65,0.001644349,0.0,201.0,1.01574e-13,5.078698e-14,1.187936e-19,2.375872e-19,1.0,0.0001813187,5.948664e-10,7.524524e-05,7.524523e-05,0.1492804,-6.23807e-05,112.6192,96.09923,0.1492802,112.6191,83.42729,0.03470647,112.6087,63.66613,0.003571667,111.6795,43.66854,0.0003976039,98.49027,23.66341,0.0001814081,68.13651,0.0,0.0003920452,13780810.0
ff,27,3.30,89,65441389,2121386171,558766540,1,0,1.642507,1.65,-0.00749336,0.0,201.0,1.009927e-13,5.049637e-14,5.3389e-19,1.06778e-18,1.0,0.0002432368,1.280398e-10,7.143498e-05,7.143497e-05,0.6709059,-0.000273385,99.51617,96.04938,0.6709048,99.51616,83.59063,0.1598539,99.51524,63.84184,0.0164562,99.42485,43.84437,0.001663322,94.52771,23.83927,0.0002921311,67.97498,0.0,0.0003992897,14014980.0
ff,27,3.30,90,927049112,1834530688,558766540,1,0,1.649918,1.65,-8.22916e-05,0.0,201.0,1.018873e-13,5.094365e-14,3.788607e-19,7.577214e-19,1.0,0.0002142646,1.860627e-10,7.683635e-05,7.683634e-05,0.4760904,-0.00020119,102.5722,96.12598,0.4760895,102.5722,83.36803,0.1095952,102.5709,63.60206,0.01126056,102.4392,43.60441,0.001143566,96.36138,23.59925,0.0002300878,68.14691,0.0,0.0003915756,13691390.0
ff,27,3.30,91,418798675,1051405011,558766540,1,0,1.652621,1.65,0.002620654,0.0,201.0,1.011397e-13,5.056986e-14,4.310058e-19,8.620116e-19,1.0,0.0002041155,1.578684e-10,7.182912e-05,7.18291e-05,0.5416178,-0.000221318,101.3882,96.06202,0.5416169,101.3882,83.58072,0.1287145,101.3873,63.83059,0.01324836,101.3062,43.83311,0.001337664,96.6712,23.82801,0.0002279507,67.69159,0.0,0.0004125612,14002490.0
ff,27,3.30,92,636487450,1719351965,558766540,1,0,1.644885,1.65,-0.00511521,0.0,201.0,1.016978e-13,5.08489e-14,5.790384e-19,1.158077e-18,1.0,0.0002439403,1.210481e-10,7.564663e-05,7.564661e-05,0.7276412,-0.000305135,98.87148,96.10981,0.7276398,98.87148,83.41601,0.1687434,98.87076,63.65362,0.01734376,98.79962,43.65601,0.001749119,94.56678,23.65088,0.0002845806,68.21469,0.0,0.0003884885,13763610.0
ff,27,3.30,93,1935553234,832294766,558766540,1,0,1.643281,1.65,-0.00671928,0.0,201.0,1.017522e-13,5.087611e-14,2.026279e-18,4.052558e-18,1.0,0.0001289415,3.457501e-11,7.705311e-05,7.705312e-05,-2.5463,0.001078018,87.99629,96.11446,2.546292,87.99629,83.34492,0.585371,87.99632,63.57831,0.06013114,87.99882,43.58065,0.006013005,88.24408,23.57559,0.0005842187,69.08084,0.0,0.0003518569,13680160.0
ff,27,3.30,94,963190923,1981994022,558766540,1,0,1.647989,1.65,-0.00201124,0.0,201.0,1.011085e-13,5.055424e-14,1.385861e-18,2.771722e-18,1.0,0.0002436286,4.966694e-11,7.342527e-05,7.342527e-05,1.741524,-0.000719613,91.24076,96.05933,1.741521,91.24076,83.48791,0.409598,91.24059,63.73251,0.04213044,91.22379,43.73497,0.004222398,89.79203,23.72989,0.0004976144,67.67586,0.0,0.0004133048,13875820.0
ff,27,3.30,95,632250167,20707710,558766540,1,0,1.651671,1.65,0.001671364,0.0,201.0,1.017633e-13,5.088165e-14,5.74281e-19,1.148562e-18,1.0,0.0002254722,1.209912e-10,7.531263e-05,7.531262e-05,0.7216628,-0.000301969,98.94873,96.1154,0.7216615,98.94873,83.43979,0.1677077,98.94814,63.67842,0.01723909,98.88947,43.68082,0.001736073,95.13929,23.67565,0.0002671887,68.00483,0.0,0.0003980088,13788670.0
ff,27,3.30,96,1296198532,1805290349,558766540,1,0,1.650833,1.65,0.0008330469,0.0,201.0,1.017648e-13,5.088241e-14,8.759857e-19,1.751971e-18,1.0,0.0002392871,7.966605e-11,7.650406e-05,7.650405e-05,1.100796,-0.000464273,95.28141,96.11553,1.100794,95.28141,83.37541,0.2539217,95.28108,63.61042,0.02608958,95.24837,43.61279,0.002619516,92.78657,23.60765,0.0003475795,67.97744,0.0,0.0003992586,13706930.0
ff,27,3.30,97,577979605,540951672,558766540,1,0,1.652915,1.65,0.00291461,0.0,201.0,1.011824e-13,5.059122e-14,1.787542e-18,3.575084e-18,1.0,0.0002376881,3.788614e-11,7.212754e-05,7.212754e-05,2.246292,-0.000919979,89.03638,96.06569,2.246288,89.03638,83.56739,0.5327834,89.03627,63.81626,0.05482761,89.02594,43.81877,0.005490873,88.09013,23.81362,0.0006111877,67.36459,0.0,0.0004283631,13973260.0
ff,27,3.30,98,2050812738,1083448905,558766540,1,0,1.642418,1.65,-0.00758203,0.0,201.0,1.016602e-13,5.083008e-14,5.630622e-19,1.126124e-18,1.0,0.0002427822,1.24416e-10,7.50708e-05,7.507079e-05,0.7075648,-0.000295572,99.11129,96.1066,0.7075635,99.11128,83.44419,0.1646818,99.11038,63.68358,0.0169301,99.02154,43.68598,0.00171089,94.17887,23.68084,0.0002986059,68.20546,0.0,0.0003888762,13799850.0
ff,27,3.30,99,346787487,1459661579,558766540,1,0,1.643868,1.65,-0.00613224,0.0,201.0,1.009912e-13,5.04956e-14,2.787647e-18,5.575293e-18,1.0,0.0002421425,2.441425e-11,7.160557e-05,7.160556e-05,3.50306,-0.00142951,85.16032,96.04925,3.503054,85.16032,83.58072,0.8337201,85.16025,63.83135,0.08581342,85.15357,43.83388,0.008590445,84.52924,23.82872,0.0009225159,67.20686,0.0,0.0004361837,13988490.0
ff,27,3.30,100,1537513566,1978415984,558766540,1,0,1.652053,1.65,0.002052753,0.0,201.0,1.012713e-13,5.063567e-14,5.335334e-19,1.067067e-18,1.0,0.0002321394,1.291625e-10,7.447508e-05,7.447507e-05,0.6704578,-0.000278969,99.5459,96.07331,0.6704566,99.54589,83.44363,0.1566343,99.54515,63.68487,0.01610593,99.47195,43.6873,0.001624678,95.15039,23.68225,0.0002670503,67.91377,0.0,0.0004021896,13822330.0
ff,27,3.30,101,1722795744,1633009179,558766540,1,0,1.649889,1.65,-0.000111484,0.0,201.0,1.014253e-13,5.071266e-14,1.538345e-18,3.076691e-18,1.0,0.0002417166,4.465051e-11,7.421952e-05,7.421951e-05,1.933142,-0.000803112,90.36125,96.08651,1.933138,90.36125,83.47094,0.4523601,90.36111,63.71299,0.04651508,90.34732,43.71542,0.004660205,89.13961,23.71029,0.0005352223,67.70376,0.0,0.0004119843,13841310.0
ff,27,3.30,102,1009061531,1459431232,558766540,1,0,1.64729,1.65,-0.00271031,0.0,201.0,1.018108e-13,5.090539e-14,4.688749e-19,9.377497e-19,1.0,0.000175453,1.472245e-10,7.61449e-05,7.614493e-05,-0.589206,0.0002480371,100.7141,96.11946,0.5892044,100.7141,83.39867,0.1362156,100.7136,63.63477,0.0139977,100.6644,43.63714,0.001408117,97.29432,23.63201,0.000207436,68.47611,0.0,0.0003770413,13738860.0
ff,27,3.30,103,219586647,1821436683,558766540,1,0,1.646687,1.65,-0.00331322,0.0,201.0,1.023615e-13,5.118076e-14,7.622862e-19,1.524572e-18,1.0,0.0001409095,9.271162e-11,7.86603e-05,7.866032e-05,-0.957917,0.0004097976,96.53977,96.16631,0.9579153,96.53977,83.31181,0.218073,96.53972,63.54056,0.02238937,96.53436,43.54285,0.002240912,95.95772,23.53768,0.0002393305,68.72999,0.0,0.0003662693,13608370.0
ff,27,3.30,104,660193000,1954939530,558766540,1,0,1.646,1.65,-0.00399965,0.0,201.0,1.014936e-13,5.074681e-14,8.308484e-19,1.661697e-18,1.0,0.0002410898,8.301981e-11,7.421594e-05,7.421593e-05,1.044075,-0.00043371,95.71774,96.09236,1.044073,95.71774,83.47698,0.2443219,95.71738,63.71904,0.02512367,95.68232,43.72148,0.002523237,93.08823,23.71634,0.0003399423,67.95236,0.0,0.0004003841,13846900.0
ff,27,3.30,105,535832393,1701413472,558766540,1,0,1.650471,1.65,0.0004708308,0.0,201.0,1.028875e-13,5.144374e-14,1.739012e-18,3.478023e-18,1.0,0.0001123274,4.156675e-11,8.214967e-05,8.214968e-05,-2.18531,0.0009552945,89.4206,96.21083,2.185302,89.4206,83.1774,0.4873486,89.42063,63.39667,0.04998065,89.4239,43.39887,0.004997448,89.74486,23.39367,0.0004813272,69.14508,0.0,0.0003493253,13415110.0
ff,27,3.30,106,1876919504,56923721,558766540,1,0,1.649819,1.65,-0.000181122,0.0,201.0,1.023612e-13,5.118059e-14,1.647089e-18,3.294179e-18,1.0,0.0002327628,4.317258e-11,7.79243e-05,7.79243e-05,2.069794,-0.000881087,89.84776,96.16629,2.06979,89.84776,83.35049,0.4732997,89.84763,63.58134,0.04860548,89.83458,43.58365,0.004869158,88.68417,23.57835,0.0005555321,67.8928,0.0,0.0004031319,13635870.0
ff,27,3.30,107,917833088,1003195017,558766540,1,0,1.652452,1.65,0.002451562,0.0,201.0,1.015544e-13,5.077718e-14,2.295803e-19,4.591607e-19,1.0,0.000197794,3.038565e-10,7.47691e-05,7.476907e-05,0.2884992,-0.000120238,106.8947,96.09755,0.2884986,106.8946,83.45169,0.06727476,106.8915,63.69201,0.006918715,106.5879,43.69443,0.0007166819,97.5954,23.68928,0.0002016945,68.04761,0.0,0.0003960598,13811180.0
ff,27,3.30,108,716562805,298945735,558766540,1,0,1.643978,1.65,-0.00602158,0.0,201.0,1.007771e-13,5.038857e-14,1.040586e-18,2.081173e-18,1.0,0.0002424131,6.512835e-11,7.065154e-05,7.065153e-05,1.307639,-0.000529994,93.70108,96.03082,1.307637,93.70108,83.61722,0.3131897,93.70077,63.87114,0.03224915,93.67087,43.87371,0.003236994,91.38264,23.86861,0.0004210157,67.68379,0.0,0.0004128853,14054980.0
ff,27,3.30,109,1970119093,1647051485,558766540,1,0,1.642108,1.65,-0.00789205,0.0,201.0,1.011049e-13,5.055244e-14,1.710007e-18,3.420014e-18,1.0,0.0002460803,3.964828e-11,7.213456e-05,7.213455e-05,2.148858,-0.000880107,89.41488,96.05902,2.148854,89.41488,83.56033,0.5096504,89.41476,63.80918,0.052447,89.40286,43.81169,0.005253413,88.34257,23.80656,0.0005931976,67.68231,0.0,0.0004129713,13968180.0
ff,27,3.30,110,1997220764,1672334740,558766540,1,0,1.648447,1.65,-0.00155315,0.0,201.0,1.022059e-13,5.110293e-14,3.5098e-18,7.0196e-18,1.0,6.888574e-05,2.022205e-11,7.918259e-05,7.91826e-05,-4.41054,0.001892837,83.26327,96.1531,4.410536,83.26327,83.27134,1.000929,83.2633,63.49861,0.1027462,83.26597,43.5009,0.01027416,83.5371,23.49582,0.0009952583,69.43693,0.0,0.0003380141,13573240.0
ff,27,3.30,111,399346062,450305293,558766540,1,0,1.651859,1.65,0.001859391,0.0,201.0,1.015178e-13,5.075889e-14,9.171233e-20,1.834247e-19,1.0,0.0001770593,7.775611e-10,7.534925e-05,7.534929e-05,0.1152491,-4.81777e-05,114.8617,96.09442,0.1152489,114.8615,83.41681,0.02677716,114.8447,63.65533,0.002757599,113.4257,43.65773,0.0003247904,98.69024,23.65262,0.0001770593,68.11351,0.0,0.0003930912,13771360.0
ff,27,3.30,112,1179286123,1299350319,558766540,1,0,1.650894,1.65,0.0008939354,0.0,201.0,1.014486e-13,5.072428e-14,1.276457e-18,2.552914e-18,1.0,0.0002354228,5.361755e-11,7.317184e-05,7.317183e-05,1.604043,-0.000661662,91.9842,96.0885,1.60404,91.98419,83.53127,0.3778797,91.98402,63.77668,0.03887165,91.96714,43.77916,0.003895836,90.5256,23.77397,0.0004596405,67.64151,0.0,0.0004149474,13912280.0
ff,27,3.30,113,865183810,917026394,558766540,1,0,1.655548,1.65,0.005547709,0.0,201.0,1.026362e-13,5.131809e-14,1.350419e-18,2.700839e-18,1.0,0.0001097249,5.273648e-11,7.98567e-05,7.985671e-05,-1.69699,0.0007314117,91.59604,96.18959,1.696984,91.59604,83.2729,0.3835688,91.59608,63.49831,0.03936514,91.59984,43.50057,0.003935832,91.96124,23.49534,0.0003773157,68.69986,0.0,0.000367644,13540890.0
ff,27,3.30,114,1324578916,401940441,558766540,1,0,1.651269,1.65,0.00126873,0.0,201.0,1.022788e-13,5.113942e-14,5.5684e-19,1.11368e-18,1.0,0.0001384752,1.266329e-10,7.869805e-05,7.869808e-05,-0.699746,0.0002994388,99.26051,96.1593,0.6997444,99.26051,83.30282,0.1592632,99.26036,63.53146,0.01635139,99.24576,43.53375,0.001638324,97.87357,23.52859,0.0001917569,68.54933,0.0,0.0003739609,13598150.0
ff,27,3.30,115,560523575,16288513,558766540,1,0,1.653926,1.65,0.003925958,0.0,201.0,1.013101e-13,5.065503e-14,2.554993e-18,5.109987e-18,1.0,0.000245196,2.690115e-11,7.452561e-05,7.452561e-05,3.210699,-0.00133667,85.94466,96.07663,3.210693,85.94466,83.44416,0.7498517,85.94459,63.68525,0.07709616,85.93821,43.68768,0.007717439,85.33821,23.68259,0.0008264544,67.26878,0.0,0.0004331256,13814960.0
ff,27,3.30,116,653126635,86129050,558766540,1,0,1.652889,1.65,0.002889351,0.0,201.0,1.017031e-13,5.085154e-14,5.874866e-19,1.174973e-18,1.0,0.0001304712,1.17609e-10,7.514956e-05,7.514958e-05,-0.738257,0.0003087077,98.74612,96.11026,0.7382561,98.74612,83.44355,0.17174,98.74604,63.68269,0.01765355,98.73823,43.6851,0.001767434,97.89979,23.67993,0.000194539,68.22876,0.0,0.0003879653,13795200.0
ff,27,3.30,117,1535231853,1348159504,558766540,1,0,1.651368,1.65,0.001368235,0.0,201.0,1.019425e-13,5.097126e-14,2.118128e-19,4.236255e-19,1.0,0.0002025228,3.36243e-10,7.781606e-05,7.781603e-05,0.2661718,-0.000113161,107.6275,96.13069,0.2661713,107.6274,83.32061,0.06090589,107.6233,63.55177,0.006257818,107.2307,43.55409,0.0006548898,97.29999,23.54896,0.0002053282,68.29382,0.0,0.0003850231,13630080.0
ff,27,3.30,118,1400771506,633630358,558766540,1,0,1.64471,1.65,-0.00529039,0.0,201.0,1.012614e-13,5.063071e-14,2.471906e-19,4.943812e-19,1.0,0.000207726,2.810339e-10,7.413605e-05,7.413603e-05,0.3106289,-0.000128913,106.2276,96.07246,0.3106283,106.2276,83.46151,0.07272687,106.2246,63.70382,0.007481007,105.9357,43.70627,0.0007736169,97.1406,23.7012,0.0002128287,68.17918,0.0,0.0003900862,13844100.0
ff,27,3.30,119,1572465439,1781821229,558766540,1,0,1.654235,1.65,0.004235481,0.0,201.0,1.019783e-13,5.098915e-14,1.928378e-20,3.856757e-20,1.0,0.0001729556,4.758249e-09,7.691781e-05,7.692102e-05,0.02423272,-1.01777e-05,128.4457,96.13374,0.02423267,128.4418,83.37125,0.005577926,128.0711,63.60503,0.0005979958,118.4404,43.60738,0.0001812799,98.7601,23.60221,0.0001746246,68.20561,0.0,0.0003889652,13691730.0
ff,27,3.30,120,1680442727,1286682436,558766540,1,0,1.642502,1.65,-0.0074982,0.0,201.0,1.017644e-13,5.088222e-14,8.193122e-19,1.638624e-18,1.0,0.0001669066,8.408563e-11,7.500641e-05,7.500642e-05,-1.02958,0.0004301094,95.86233,96.1155,1.029576,95.86233,83.45662,0.2397256,95.86224,63.6962,0.02464327,95.85282,43.69861,0.002467685,94.94921,23.69346,0.0002736606,68.63147,0.0,0.0003703544,13815090.0
ff,27,3.30,121,1889080914,1799318740,558766540,1,0,1.656092,1.65,0.006092304,0.0,201.0,1.01199e-13,5.059951e-14,3.009003e-18,6.018006e-18,1.0,0.00024576,2.279421e-11,7.462388e-05,7.462388e-05,3.781225,-0.00157523,84.51447,96.06711,3.781218,84.51447,83.42923,0.8825467,84.51442,63.67,0.09073589,84.50912,43.67243,0.009081665,84.00563,23.66735,0.0009618028,67.15743,0.0,0.0004387004,13796040.0
ff,27,3.30,122,605623139,305060105,558766540,1,0,1.651365,1.65,0.001364701,0.0,201.0,1.004496e-13,5.022479e-14,7.283054e-19,1.456611e-18,1.0,0.0002420274,9.178791e-11,7.041741e-05,7.041739e-05,0.9152155,-0.000370322,96.77209,96.00254,0.915214,96.77209,83.60253,0.2195443,96.77171,63.85727,0.02260883,96.73393,43.85984,0.002271411,93.98202,23.85487,0.0003116323,67.58416,0.0,0.0004176591,14063870.0
ff,27,3.30,123,2026472340,2123525367,558766540,1,0,1.650181,1.65,0.0001805967,0.0,201.0,1.00698e-13,5.034901e-14,4.58085e-19,9.1617e-19,1.0,0.0002242239,1.47736e-10,7.1165e-05,7.116498e-05,0.5756466,-0.000234127,100.8209,96.024,0.5756456,100.8209,83.58075,0.137402,100.82,63.83289,0.01414637,100.731,43.83544,0.00142963,95.85303,23.83036,0.0002505337,67.74647,0.0,0.0004099511,14009450.0
ff,27,3.30,124,1437245684,1788218511,558766540,1,0,1.650976,1.65,0.000975564,0.0,201.0,1.008668e-13,5.04334e-14,6.844468e-19,1.368894e-18,1.0,0.0001638725,9.809753e-11,7.186141e-05,7.186143e-05,-0.860101,0.0003517063,97.34757,96.03855,0.8600998,97.34757,83.5554,0.204358,97.34744,63.80517,0.02103229,97.3341,43.80769,0.002107072,96.09916,23.80264,0.0002427581,68.12726,0.0,0.0003924113,13978960.0
ff,27,3.30,125,1235660794,1987372600,558766540,1,0,1.648342,1.65,-0.00165774,0.0,201.0,1.00612e-13,5.030601e-14,1.94475e-18,3.889501e-18,1.0,0.0002421177,3.426237e-11,6.982502e-05,6.982501e-05,2.443846,-0.000984783,88.25512,96.01658,2.443841,88.25512,83.65114,0.5885739,88.25502,63.90797,0.0606244,88.24539,43.91057,0.006070979,87.36858,23.90547,0.0006711888,67.28,0.0,0.0004325193,14103380.0
ff,27,3.30,126,595131705,1201378702,558766540,1,0,1.643467,1.65,-0.00653302,0.0,201.0,1.010584e-13,5.052921e-14,5.22071e-19,1.044142e-18,1.0,0.0002405054,1.30882e-10,7.258643e-05,7.258642e-05,0.6560537,-0.000269485,99.71626,96.05503,0.6560526,99.71625,83.53074,0.1551402,99.71542,63.77808,0.01596367,99.63358,43.78058,0.001611943,95.01178,23.77552,0.0002742756,68.01191,0.0,0.0003976258,13942460.0
ff,27,3.30,127,729805175,1200669307,558766540,1,0,1.656834,1.65,0.006834027,0.0,201.0,1.016336e-13,5.081681e-14,4.158768e-19,8.317536e-19,1.0,0.0001472467,1.662102e-10,7.680213e-05,7.680217e-05,-0.522606,0.0002209446,101.7409,96.10433,0.5226053,101.7409,83.34821,0.1203283,101.7405,63.58234,0.01236215,101.7014,43.58469,0.001242118,98.78045,23.57962,0.0001737634,68.22468,0.0,0.0003881663,13682990.0
ff,27,3.30,128,1200751955,2006327800,558766540,1,0,1.652302,1.65,0.002302153,0.0,201.0,1.011563e-13,5.057814e-14,1.774809e-18,3.549618e-18,1.0,0.0002474794,3.866774e-11,7.456616e-05,7.456616e-05,2.230291,-0.00092874,89.09622,96.06344,2.230287,89.09622,83.42874,0.5207456,89.09612,63.66969,0.05354003,89.08567,43.67212,0.005361945,88.14038,23.66708,0.0005974962,67.52878,0.0,0.0004203784,13804580.0
ff,27,3.30,129,390833406,627061637,558766540,1,0,1.646511,1.65,-0.00348877,0.0,201.0,1.012647e-13,5.063233e-14,3.451834e-19,6.903667e-19,1.0,0.0002169988,1.997051e-10,7.339861e-05,7.339859e-05,0.4337702,-0.00017915,103.3276,96.07274,0.4337694,103.3275,83.50281,0.1020383,103.3259,63.74749,0.0104973,103.1687,43.74996,0.001069207,96.5115,23.74487,0.0002299685,68.03536,0.0,0.0003965803,13895170.0
ff,27,3.30,130,957859559,1443175245,558766540,1,0,1.655285,1.65,0.005284531,0.0,201.0,1.014364e-13,5.071819e-14,4.032788e-20,8.065576e-20,1.0,0.0001680064,1.826763e-09,7.536987e-05,7.537034e-05,0.05067751,-2.11501e-05,121.9912,96.08746,0.05067742,121.9904,83.40869,0.01177381,121.9104,63.64715,0.001221337,117.4021,43.64955,0.0002052928,99.0859,23.6445,0.0001690168,68.0363,0.0,0.0003966087,13772730.0
ff,27,3.30,131,1127766703,862485046,558766540,1,0,1.645269,1.65,-0.00473125,0.0,201.0,1.014081e-13,5.070404e-14,6.750951e-19,1.35019e-18,1.0,0.0001682194,1.008686e-10,7.379075e-05,7.379076e-05,-0.84835,0.0003515296,97.51355,96.08503,0.848348,97.51355,83.49324,0.1990602,97.51339,63.73666,0.02047216,97.49699,43.73911,0.002051662,96.03999,23.734,0.0002424938,68.41961,0.0,0.0003794679,13877570.0
ff,27,3.30,132,94920671,1562155912,558766540,1,0,1.651149,1.65,0.001149161,0.0,201.0,1.014788e-13,5.073941e-14,7.16096e-19,1.432192e-18,1.0,0.0001589145,9.580958e-11,7.506006e-05,7.506007e-05,-0.899873,0.0003760643,97.00748,96.09109,0.8998711,97.00748,83.42927,0.2094544,97.00737,63.66869,0.02153108,96.99629,43.6711,0.002156454,95.93941,23.66603,0.0002434058,68.35804,0.0,0.0003822143,13797810.0
ff,27,3.30,133,1673221897,1428361800,558766540,1,0,1.650092,1.65,9.166637e-05,0.0,201.0,1.01487e-13,5.074352e-14,3.556585e-19,7.11317e-19,1.0,0.0002046411,1.946034e-10,7.476321e-05,7.476319e-05,0.4469336,-0.000186303,103.0869,96.09179,0.4469328,103.0869,83.44625,0.1042236,103.0856,63.68659,0.01071641,102.9546,43.68901,0.00108823,96.88176,23.68393,0.0002188309,68.03102,0.0,0.0003968153,13816980.0
ff,27,3.30,134,1293549682,400785230,558766540,1,0,1.655318,1.65,0.00531761,0.0,201.0,1.013485e-13,5.067424e-14,7.032934e-19,1.406587e-18,1.0,0.0002358324,9.769963e-11,7.38727e-05,7.387269e-05,0.8837845,-0.000366272,97.15301,96.07993,0.8837829,97.15301,83.48358,0.2072662,97.1526,63.72673,0.02131604,97.11219,43.72918,0.002142149,94.21921,23.72407,0.0002987054,67.75058,0.0,0.0004098102,13862400.0
ff,27,3.30,135,1240629981,20474276,558766540,1,0,1.650157,1.65,0.0001566475,0.0,201.0,1.011925e-13,5.059627e-14,8.240461e-19,1.648092e-18,1.0,0.0002442024,8.36593e-11,7.442619e-05,7.442618e-05,1.035527,-0.000430775,95.76334,96.06655,1.035525,95.76334,83.43956,0.2419977,95.76302,63.68096,0.02488267,95.73136,43.68339,0.002498051,93.32406,23.67832,0.000329392,67.81862,0.0,0.0004066207,13811650.0
ff,27,3.30,136,1098589364,851690802,558766540,1,0,1.656736,1.65,0.00673579,0.0,201.0,1.016251e-13,5.081256e-14,1.612383e-18,3.224766e-18,1.0,0.0002430028,4.317258e-11,7.683261e-05,7.683261e-05,2.02618,-0.000856463,89.97006,96.1036,2.026177,89.97006,83.34585,0.4664335,89.96993,63.57989,0.04791791,89.95762,43.58224,0.004799891,88.86263,23.57716,0.0005441595,67.68078,0.0,0.0004131103,13676900.0
ff,27,3.30,137,855746590,425238948,558766540,1,0,1.657418,1.65,0.007417634,0.0,201.0,1.018772e-13,5.093858e-14,2.336144e-18,4.672287e-18,1.0,6.780621e-05,2.995648e-11,7.743707e-05,7.743708e-05,-2.93568,0.001245929,86.77095,96.12512,2.935679,86.77095,83.33513,0.6733007,86.77099,63.56739,0.06915447,86.7749,43.56973,0.006914193,87.17267,23.56465,0.0006600835,68.69183,0.0,0.0003680832,13662530.0
ff,27,3.30,138,451488215,1661083097,558766540,1,0,1.649909,1.65,-9.09792e-05,0.0,201.0,1.028e-13,5.140002e-14,2.651308e-18,5.302616e-18,1.0,0.0002353732,2.731326e-11,8.143176e-05,8.143175e-05,3.331732,-0.00144989,85.75006,96.20345,3.331725,85.75006,83.20623,0.7461194,85.74999,63.42739,0.07653675,85.74253,43.4296,0.007662205,85.05095,23.42432,0.0008292171,67.79734,0.0,0.0004075413,13438320.0
ff,27,3.30,139,1530243385,226345505,558766540,1,0,1.650531,1.65,0.0005313279,0.0,201.0,1.004078e-13,5.020388e-14,2.327016e-19,4.654032e-19,1.0,0.0001670374,2.818012e-10,6.981146e-05,6.981153e-05,-0.292421,0.0001179019,106.6788,95.99893,0.2924209,106.6787,83.63428,0.07043311,106.6768,63.89116,0.007256317,106.4902,43.89375,0.0007416097,99.1767,23.88875,0.0001720293,67.82646,0.0,0.0004061564,14101590.0
ff,27,3.30,140,549746533,499023661,558766540,1,0,1.651366,1.65,0.00136638,0.0,201.0,1.010574e-13,5.052871e-14,1.332543e-18,2.665086e-18,1.0,0.0002417232,5.128697e-11,7.269374e-05,7.269373e-05,1.674523,-0.000688468,91.57714,96.05495,1.67452,91.57714,83.5246,0.3957062,91.57696,63.77158,0.04071282,91.55909,43.77407,0.004080837,90.04971,23.76899,0.000485248,67.59605,0.0,0.0004171109,13927030.0
ff,27,3.30,141,347732601,1693671575,558766540,1,0,1.649926,1.65,-7.42187e-05,0.0,201.0,1.014257e-13,5.071284e-14,2.452944e-19,4.905889e-19,1.0,0.0002112215,2.852261e-10,7.416086e-05,7.416085e-05,0.3082461,-0.000127943,106.3086,96.08654,0.3082455,106.3086,83.47421,0.07215759,106.3054,63.71645,0.007422518,106.0016,43.71889,0.0007688907,97.02282,23.71376,0.0002160464,68.06448,0.0,0.000395269,13846960.0
ff,27,3.30,142,1709186389,401397503,558766540,1,0,1.645469,1.65,-0.00453069,0.0,201.0,1.018494e-13,5.092471e-14,8.006212e-20,1.601242e-19,1.0,0.0001999641,9.746088e-10,7.652137e-05,7.652182e-05,-0.100609,4.252967e-05,116.07,96.12275,0.1006088,116.0697,83.38167,0.02320581,116.0406,63.61663,0.002392222,113.8169,43.619,0.0003091033,97.59383,23.61385,0.0001999866,68.45453,0.0,0.0003779407,13712800.0
ff,27,3.30,143,878836048,735353328,558766540,1,0,1.643272,1.65,-0.00672819,0.0,201.0,1.010523e-13,5.052617e-14,3.983083e-19,7.966167e-19,1.0,0.0001684238,1.690523e-10,7.229409e-05,7.229412e-05,-0.500529,0.0002053179,102.0659,96.05451,0.5005282,102.0659,83.54676,0.1185882,102.0653,63.79507,0.01220358,102.005,43.79758,0.001229212,98.13122,23.7925,0.0001918952,68.23283,0.0,0.0003876694,13960880.0
ff,27,3.30,144,430023926,1405159709,558766540,1,0,1.640696,1.65,-0.0093038,0.0,201.0,1.013001e-13,5.065004e-14,1.949972e-18,3.899944e-18,1.0,0.0002425866,3.537082e-11,7.316724e-05,7.316724e-05,2.450407,-0.00101077,88.29103,96.07578,2.450403,88.29103,83.5188,0.5772829,88.29091,63.76423,0.05938356,88.2791,43.76671,0.00594813,87.22936,23.76154,0.0006708241,67.64223,0.0,0.0004148737,13899920.0
ff,27,3.30,145,1999406709,1453597344,558766540,1,0,1.65655,1.65,0.006550403,0.0,201.0,1.019001e-13,5.095005e-14,2.625885e-18,5.251771e-18,1.0,0.0002377541,2.681588e-11,7.714232e-05,7.714232e-05,3.299785,-0.00139766,85.75738,96.12707,3.299779,85.75738,83.35277,0.7581757,85.75731,63.5859,0.07788064,85.75061,43.58824,0.007796176,85.12346,23.58306,0.0008374906,67.38714,0.0,0.0004272659,13664310.0
ff,27,3.30,146,350628661,2043630750,558766540,1,0,1.657232,1.65,0.007231562,0.0,201.0,1.02152e-13,5.1076e-14,1.980454e-18,3.960907e-18,1.0,0.0002349265,3.549872e-11,7.754936e-05,7.754935e-05,2.488711,-0.00105688,88.22904,96.14852,2.488707,88.22904,83.35257,0.5703956,88.22895,63.5845,0.05858382,88.21944,43.58683,0.00586637,87.35249,23.58162,0.0006478233,67.58001,0.0,0.0004179124,13657960.0
ff,27,3.30,147,1338077056,1904396801,558766540,1,0,1.645221,1.65,-0.00477895,0.0,201.0,1.022342e-13,5.11171e-14,4.327959e-19,8.655918e-19,1.0,0.0002076743,1.631264e-10,7.709283e-05,7.709281e-05,0.5438673,-0.000230232,101.4457,96.15551,0.5438663,101.4457,83.38385,0.1249999,101.4447,63.61712,0.01284162,101.3525,43.61946,0.001298215,96.36738,23.61422,0.0002303255,68.28953,0.0,0.000385203,13694460.0
ff,27,3.30,148,1783162880,1318219924,558766540,1,0,1.653534,1.65,0.003534257,0.0,201.0,1.009783e-13,5.048913e-14,4.221266e-19,8.442532e-19,1.0,0.0002122384,1.613785e-10,7.2179e-05,7.217899e-05,0.5304599,-0.000217279,101.5551,96.04814,0.530459,101.5551,83.54692,0.1257742,101.5541,63.79562,0.01294416,101.4598,43.79813,0.001308927,96.40195,23.79304,0.0002341825,67.73131,0.0,0.0004106941,13958730.0
ff,27,3.30,149,2099378209,2003685322,558766540,1,0,1.648405,1.65,-0.0015951,0.0,201.0,1.007981e-13,5.039904e-14,1.023504e-18,2.047008e-18,1.0,0.0001381608,6.556888e-11,7.077436e-05,7.077437e-05,-1.28617,0.000521896,93.84665,96.03263,1.286171,93.84665,83.61192,0.3077961,93.84666,63.8654,0.0316911,93.84725,43.86796,0.003169829,93.86042,23.86289,0.0003163176,68.15645,0.0,0.0003910611,14053100.0
ff,27,3.30,150,1497412913,1652947654,558766540,1,0,1.648743,1.65,-0.00125671,0.0,201.0,1.013452e-13,5.067261e-14,2.282788e-18,4.565577e-18,1.0,0.0002362573,2.994227e-11,7.221291e-05,7.22129e-05,2.868637,-0.00117557,86.92615,96.07965,2.868632,86.92615,83.57651,0.6800138,86.92607,63.82509,0.06997631,86.91775,43.8276,0.007006358,86.15184,23.82238,0.0007647634,67.37307,0.0,0.0004279276,13969960.0
ff,27,3.30,151,2101330653,634856226,558766540,1,0,1.649434,1.65,-0.000566035,0.0,201.0,1.024536e-13,5.12268e-14,1.172488e-18,2.344976e-18,1.0,0.0002297841,6.038192e-11,7.790179e-05,7.790178e-05,1.473392,-0.000627095,92.80778,96.17413,1.473389,92.80778,83.35951,0.3369667,92.80756,63.59043,0.03460535,92.78636,43.59275,0.00346992,91.04379,23.58743,0.0004238204,68.03525,0.0,0.0003965981,13643620.0
ff,27,3.30,152,1200156796,595428231,558766540,1,0,1.655088,1.65,0.005087509,0.0,201.0,1.015626e-13,5.078129e-14,3.277215e-20,6.55443e-20,1.0,0.0001558277,2.654218e-09,7.614363e-05,7.614511e-05,-0.0411827,1.739706e-05,123.804,96.09826,0.04118262,123.8029,83.37746,0.009521995,123.6979,63.61356,0.0009903377,118.396,43.61593,0.0001823892,99.68014,23.61086,0.0001572302,68.12021,0.0,0.0003928203,13724340.0
ff,27,3.30,153,730302935,1120388411,558766540,1,0,1.651007,1.65,0.001007189,0.0,201.0,1.013447e-13,5.067236e-14,1.214578e-18,2.429156e-18,1.0,0.00013377,5.640288e-11,7.423327e-05,7.423328e-05,-1.52628,0.0006342674,92.40692,96.0796,1.526281,92.40692,83.46327,0.3571229,92.40693,63.70528,0.03672123,92.40872,43.70772,0.003672398,92.55664,23.70266,0.0003608287,68.462,0.0,0.0003776919,13846690.0
ff,27,3.30,154,211144535,1133136810,558766540,1,0,1.650404,1.65,0.0004036377,0.0,201.0,1.018499e-13,5.092497e-14,1.258299e-18,2.516598e-18,1.0,0.0001358162,5.518075e-11,7.630268e-05,7.630269e-05,-1.58122,0.0006661939,92.14294,96.1228,1.581222,92.14294,83.3935,0.3651978,92.14296,63.62912,0.03752394,92.14458,43.6315,0.003752715,92.27796,23.62638,0.0003693352,68.58422,0.0,0.0003724692,13735150.0
ff,27,3.30,155,292822008,284692665,558766540,1,0,1.647727,1.65,-0.00227287,0.0,201.0,1.01247e-13,5.06235e-14,2.380691e-18,4.761383e-18,1.0,0.000249078,2.890488e-11,7.475832e-05,7.475832e-05,2.991665,-0.00124741,86.55298,96.07122,2.99166,86.55298,83.42595,0.6976676,86.55291,63.66631,0.07172491,86.54544,43.66873,0.007180656,85.85222,23.66365,0.0007772691,67.50552,0.0,0.0004214763,13790980.0
ff,27,3.30,156,1888490206,1657109889,558766540,1,0,1.656733,1.65,0.006732503,0.0,201.0,1.016215e-13,5.081075e-14,3.953567e-20,7.907133e-20,1.0,0.000187057,1.912071e-09,7.535746e-05,7.535819e-05,0.04968198,-2.07233e-05,122.1793,96.10329,0.04968189,122.1783,83.42519,0.01154372,122.0749,63.66369,0.001200717,116.8201,43.66609,0.0002199382,98.18156,23.66094,0.0001879182,68.03587,0.0,0.0003966092,13773560.0
ff,27,3.30,157,1296291980,1059563389,558766540,1,0,1.648801,1.65,-0.00119943,0.0,201.0,1.013396e-13,5.06698e-14,9.282203e-19,1.856441e-18,1.0,0.0002376133,7.369749e-11,7.304374e-05,7.304373e-05,1.166436,-0.000480704,94.74196,96.07917,1.166434,94.74196,83.52912,0.275016,94.74166,63.77495,0.02829208,94.71153,43.77743,0.002839849,92.40239,23.77227,0.0003702492,67.80209,0.0,0.0004073479,13916770.0
ff,27,3.30,158,199370691,1157044637,558766540,1,0,1.646193,1.65,-0.00380706,0.0,201.0,1.021468e-13,5.107342e-14,2.764695e-18,5.52939e-18,1.0,0.0001052476,2.550848e-11,7.815303e-05,7.815304e-05,-3.47422,0.001481299,85.33096,96.14808,3.474211,85.33096,83.32021,0.7933465,85.33098,63.55041,0.08146502,85.33367,43.55272,0.008146148,85.60412,23.54763,0.000789179,69.37649,0.0,0.0003402028,13637520.0
ff,27,3.30,159,513534984,1924206149,558766540,1,0,1.656906,1.65,0.006905991,0.0,201.0,1.001882e-13,5.00941e-14,2.298773e-18,4.597547e-18,1.0,0.0002466726,2.872014e-11,6.924076e-05,6.924075e-05,2.888724,-0.0011592,86.76581,95.97991,2.888719,86.76581,83.64884,0.6984762,86.76574,63.90778,0.07196177,86.75883,43.91039,0.007204073,86.11187,23.9054,0.0007756688,66.94827,0.0,0.0004493523,14124460.0
ff,27,3.30,160,635412494,1704696409,558766540,1,0,1.643596,1.65,-0.00640433,0.0,201.0,1.01261e-13,5.063052e-14,1.122476e-18,2.244953e-18,1.0,0.0001752385,6.080825e-11,7.292351e-05,7.292352e-05,-1.41055,0.0005809983,93.0847,96.07243,1.410543,93.0847,83.52914,0.3328294,93.08467,63.77537,0.03424011,93.08092,43.77785,0.003426468,92.69031,23.77274,0.0003581969,68.53654,0.0,0.0003743789,13928370.0
ff,27,3.30,161,1867078195,1488480417,558766540,1,0,1.643537,1.65,-0.00646349,0.0,201.0,1.024045e-13,5.120224e-14,1.668041e-19,3.336081e-19,1.0,0.0001786162,4.162359e-10,7.824296e-05,7.824307e-05,-0.209612,8.949718e-05,109.7416,96.16996,0.2096118,109.7416,83.33736,0.04783966,109.7364,63.56729,0.00491523,109.247,43.5696,0.000520151,98.4685,23.56433,0.0001798007,68.62947,0.0,0.0003704447,13624140.0
ff,27,3.30,162,566900430,972901842,558766540,1,0,1.646267,1.65,-0.00373338,0.0,201.0,1.018221e-13,5.091106e-14,3.06144e-19,6.12288e-19,1.0,0.0002101696,2.306706e-10,7.688733e-05,7.688731e-05,0.3847119,-0.000162613,104.4177,96.12042,0.3847112,104.4177,83.35974,0.08853231,104.4157,63.59362,0.009096979,104.2174,43.59597,0.0009309546,96.76743,23.59085,0.0002193668,68.30831,0.0,0.0003843652,13686640.0
ff,27,3.30,163,1211685454,409629785,558766540,1,0,1.650504,1.65,0.0005040884,0.0,201.0,1.018199e-13,5.090997e-14,8.030448e-20,1.60609e-19,1.0,0.0001654648,8.940049e-10,7.57691e-05,7.576915e-05,0.1009136,-4.22982e-05,116.0413,96.12024,0.1009134,116.0411,83.41979,0.02338493,116.0218,63.65702,0.002408574,114.4313,43.65941,0.0002893372,99.27395,23.65424,0.0001655826,68.16542,0.0,0.0003907605,13760920.0
ff,27,3.30,164,1049637146,272400132,558766540,1,0,1.654827,1.65,0.004826827,0.0,201.0,1.025195e-13,5.125974e-14,8.432567e-19,1.686513e-18,1.0,0.0002346975,8.493828e-11,8.056977e-05,8.056976e-05,1.059668,-0.000458653,95.67633,96.17971,1.059666,95.67633,83.22638,0.2385077,95.67601,63.44984,0.02447325,95.64429,43.45208,0.002456912,93.23416,23.44687,0.0003240673,68.16558,0.0,0.000390748,13481690.0
ff,27,3.30,165,1338878579,1407560122,558766540,1,0,1.644616,1.65,-0.00538367,0.0,201.0,1.013937e-13,5.069685e-14,1.105793e-19,2.211586e-19,1.0,0.0001972918,6.374847e-10,7.314451e-05,7.314455e-05,0.1389581,-5.72387e-05,113.2261,96.0838,0.1389578,113.226,83.5281,0.03274197,113.212,63.7736,0.00337349,112.0011,43.77608,0.0003879251,97.86666,23.77093,0.0001973395,68.14412,0.0,0.0003916425,13918290.0
ff,27,3.30,166,1716998347,175460270,558766540,1,0,1.647061,1.65,-0.0029389,0.0,201.0,1.001056e-13,5.005281e-14,8.888926e-19,1.777785e-18,1.0,0.000255775,7.494805e-11,6.943761e-05,6.94376e-05,1.117015,-0.000448825,95.01158,95.97275,1.117013,95.01158,83.63007,0.269727,95.01126,63.88829,0.02778765,94.97889,43.8909,0.002789978,92.53983,23.88599,0.000369239,67.61763,0.0,0.0004160274,14116300.0
ff,27,3.30,167,1625280699,245750933,558766540,1,0,1.645824,1.65,-0.00417572,0.0,201.0,1.012048e-13,5.060238e-14,1.74139e-18,3.482781e-18,1.0,0.0002421632,3.939249e-11,7.281668e-05,7.281667e-05,2.188296,-0.000900486,89.2655,96.0676,2.188292,89.2655,83.53032,0.5167035,89.26538,63.7769,0.05315896,89.25336,43.77939,0.005324775,88.18511,23.77425,0.0006018067,67.59174,0.0,0.0004173069,13923310.0
ff,27,3.30,168,303626529,738095766,558766540,1,0,1.646469,1.65,-0.00353055,0.0,201.0,1.017837e-13,5.089185e-14,2.819784e-18,5.639569e-18,1.0,0.0001216695,2.452794e-11,7.575217e-05,7.575217e-05,-3.54345,0.001487435,85.12865,96.11715,3.543439,85.12865,83.41762,0.8211991,85.12867,63.6549,0.08439402,85.13106,43.65729,0.008439402,85.36992,23.65221,0.0008205676,69.23561,0.0,0.0003456639,13776240.0
ff,27,3.30,169,765599510,335059215,558766540,1,0,1.650318,1.65,0.0003180171,0.0,201.0,1.019217e-13,5.096085e-14,4.65021e-19,9.30042e-19,1.0,0.0002345158,1.522693e-10,7.726201e-05,7.726199e-05,0.5843626,-0.000247638,100.7953,96.12891,0.5843615,100.7953,83.34824,0.1341678,100.7942,63.58101,0.0137829,100.6882,43.58335,0.001395593,95.30584,23.57822,0.0002591905,68.20624,0.0,0.0003888918,13668280.0
ff,27,3.30,170,663645633,251350182,558766540,1,0,1.649071,1.65,-0.000929316,0.0,201.0,1.011767e-13,5.058834e-14,7.551146e-19,1.510229e-18,1.0,0.0001354558,9.060841e-11,7.422347e-05,7.422349e-05,-0.948905,0.0003943257,96.52075,96.06519,0.9489032,96.52075,83.4494,0.2220406,96.52072,63.69144,0.02283157,96.51758,43.69388,0.002284623,96.13625,23.68886,0.000238578,68.2958,0.0,0.0003849692,13837260.0
ff,27,3.30,171,382653418,217960264,558766540,1,0,1.644245,1.65,-0.00575544,0.0,201.0,1.01216e-13,5.060799e-14,8.968613e-19,1.793723e-18,1.0,0.0002443498,7.624124e-11,7.303639e-05,7.303638e-05,1.127029,-0.00046444,95.02988,96.06856,1.127027,95.02987,83.51893,0.2657375,95.02956,63.76479,0.02733765,94.99882,43.76727,0.002744243,92.6524,23.76216,0.0003593255,67.90363,0.0,0.000402617,13913390.0
ff,27,3.30,172,191020854,2118712408,558766540,1,0,1.651043,1.65,0.001043132,0.0,201.0,1.012931e-13,5.064656e-14,1.808248e-18,3.616496e-18,1.0,0.0002380803,3.805667e-11,7.354358e-05,7.354357e-05,2.272312,-0.000939719,88.94584,96.07518,2.272308,88.94584,83.49716,0.5340304,88.94572,63.74137,0.05492655,88.9344,43.74383,0.005501377,87.92044,23.73869,0.0006178917,67.47931,0.0,0.0004227536,13876500.0
ff,27,3.30,173,1794871810,419502724,558766540,1,0,1.645042,1.65,-0.00495837,0.0,201.0,1.01314e-13,5.065701e-14,2.907358e-18,5.814717e-18,1.0,0.0002421659,2.367528e-11,7.310249e-05,7.310249e-05,3.653494,-0.00150641,84.82282,96.07697,3.653488,84.82282,83.52363,0.8610739,84.82276,63.76927,0.088578,84.81634,43.77175,0.008866867,84.21569,23.76657,0.0009496076,67.24701,0.0,0.0004341759,13905430.0
ff,27,3.30,174,1508989195,796884756,558766540,1,0,1.650546,1.65,0.000545821,0.0,201.0,1.019285e-13,5.096424e-14,5.473412e-19,1.094682e-18,1.0,0.0001616395,1.272582e-10,7.748466e-05,7.748469e-05,-0.687809,0.0002920639,99.38015,96.12949,0.6878079,99.38015,83.33697,0.1577035,99.37988,63.5691,0.01619798,99.35317,43.57143,0.001625223,97.18282,23.56632,0.0002085332,68.46994,0.0,0.0003773534,13658200.0
ff,27,3.30,175,1833100823,1046515158,558766540,1,0,1.655211,1.65,0.005210522,0.0,201.0,1.003142e-13,5.015709e-14,3.613817e-18,7.227635e-18,1.0,0.0002451736,1.850253e-11,6.989723e-05,6.989722e-05,4.541257,-0.00183096,82.84732,95.99083,4.541249,82.84732,83.62116,1.09318,82.84728,63.87773,0.112596,82.84257,43.88033,0.01126906,82.3944,23.87529,0.00118589,66.67293,0.0,0.0004638273,14075690.0
ff,27,3.30,176,238215763,2037297366,558766540,1,0,1.642588,1.65,-0.00741175,0.0,201.0,1.020201e-13,5.101006e-14,1.729274e-18,3.458548e-18,1.0,0.0001335063,4.020251e-11,7.49641e-05,7.49641e-05,-2.17307,0.0009074586,89.39584,96.1373,2.173066,89.39584,83.48074,0.5061097,89.39587,63.72045,0.05202705,89.39818,43.72286,0.005202763,89.61941,23.7176,0.0005068853,68.93966,0.0,0.0003575162,13825560.0
ff,27,3.30,177,1664087042,413093943,558766540,1,0,1.640764,1.65,-0.00923621,0.0,201.0,1.014171e-13,5.070857e-14,1.977347e-18,3.954694e-18,1.0,0.0002446473,3.510081e-11,7.409964e-05,7.409964e-05,2.484807,-0.00103147,88.17997,96.08581,2.484803,88.17997,83.47687,0.5818957,88.17985,63.7193,0.05983736,88.16845,43.72174,0.005993284,87.15052,23.71659,0.0006734468,67.69226,0.0,0.0004124971,13843920.0
ff,27,3.30,178,1973940536,1500772735,558766540,1,0,1.649049,1.65,-0.0009508,0.0,201.0,1.0137e-13,5.068501e-14,1.569242e-18,3.138483e-18,1.0,0.0002408533,4.37268e-11,7.374683e-05,7.374683e-05,1.971967,-0.00081663,90.1838,96.08177,1.971964,90.18379,83.49242,0.4628407,90.18366,63.73598,0.047601,90.17033,43.73844,0.004768758,88.99767,23.73329,0.0005454832,67.64905,0.0,0.0004145822,13869300.0
ff,27,3.30,179,354006941,1066773960,558766540,1,0,1.657094,1.65,0.007093967,0.0,201.0,1.007658e-13,5.038289e-14,2.810945e-18,5.62189e-18,1.0,0.0002444584,2.410161e-11,7.247297e-05,7.247297e-05,3.532338,-0.00145018,85.06861,96.02984,3.532331,85.06861,83.51196,0.8359254,85.06855,63.75968,0.08601148,85.06246,43.76218,0.008609658,84.48897,23.75715,0.0009191981,67.05194,0.0,0.000444048,13923200.0
ff,27,3.30,180,320309810,2104174766,558766540,1,0,1.641931,1.65,-0.00806855,0.0,201.0,9.996603e-14,4.998301e-14,1.111936e-18,2.223872e-18,1.0,0.0002526226,5.925926e-11,6.734252e-05,6.734252e-05,1.3973,-0.000552917,93.05485,95.96063,1.397297,93.05485,83.74313,0.3423056,93.05459,64.00914,0.03529619,93.02801,44.01184,0.003541532,90.94332,24.00687,0.0004499635,67.52402,0.0,0.0004205632,14276080.0
ff,27,3.30,181,689639049,1082568610,558766540,1,0,1.652483,1.65,0.002483384,0.0,201.0,1.008231e-13,5.041154e-14,3.290998e-18,6.581996e-18,1.0,0.0002350781,2.044942e-11,7.007092e-05,7.007091e-05,4.13559,-0.00166947,83.70405,96.03478,4.135583,83.70405,83.65496,0.9943643,83.704,63.91091,0.1024108,83.69907,43.9135,0.01024995,83.22953,23.9083,0.001081281,66.83459,0.0,0.0004552757,14085660.0
ff,27,3.30,182,35905063,1195195358,558766540,1,0,1.656185,1.65,0.006184744,0.0,201.0,1.014701e-13,5.073504e-14,5.995514e-19,1.199103e-18,1.0,0.0002092686,1.154064e-10,7.523019e-05,7.523017e-05,0.7534186,-0.0003151,98.54963,96.09034,0.7534172,98.54963,83.41922,0.1751781,98.54919,63.65811,0.01800719,98.50605,43.66052,0.001810187,95.45556,23.65545,0.0002570362,67.80804,0.0,0.0004071557,13782440.0
ff,27,3.30,183,787139905,598892777,558766540,1,0,1.6502,1.65,0.0002001952,0.0,201.0,1.013909e-13,5.069546e-14,1.233679e-18,2.467358e-18,1.0,0.0001364576,5.545076e-11,7.377561e-05,7.377562e-05,-1.55029,0.0006422536,92.27534,96.08356,1.550284,92.27534,83.49261,0.3638009,92.27535,63.73608,0.03741418,92.27696,43.73853,0.003741785,92.40722,23.73343,0.0003683921,68.46427,0.0,0.0003775724,13877480.0
ff,27,3.30,184,33260554,1868906525,558766540,1,0,1.648177,1.65,-0.00182273,0.0,201.0,1.012865e-13,5.064327e-14,2.071109e-19,4.142219e-19,1.0,0.0002145193,3.358878e-10,7.249428e-05,7.249427e-05,0.2602633,-0.000106791,107.7664,96.07462,0.2602628,107.7663,83.55553,0.06158291,107.7618,63.80318,0.006339705,107.331,43.80568,0.0006663954,97.06157,23.80054,0.0002172445,67.97043,0.0,0.0003995326,13958340.0
ff,27,3.30,185,1525827320,532911391,558766540,1,0,1.648577,1.65,-0.00142335,0.0,201.0,1.011101e-13,5.055507e-14,1.142962e-18,2.285924e-18,1.0,0.000141636,5.933032e-11,7.274638e-05,7.274639e-05,-1.43629,0.0005908673,92.91466,96.05948,1.436286,92.91466,83.52616,0.339293,92.91467,63.77297,0.03490721,92.91548,43.77546,0.003491395,92.96,23.77039,0.0003471517,68.33133,0.0,0.0003833541,13932690.0
ff,27,3.30,186,1124239017,1550430322,558766540,1,0,1.646728,1.65,-0.00327239,0.0,201.0,1.002622e-13,5.01311e-14,5.707959e-19,1.141592e-18,1.0,0.0002467164,1.175806e-10,6.927056e-05,6.927054e-05,0.7172833,-0.000287829,98.87253,95.98633,0.7172821,98.87252,83.65349,0.1733998,98.87176,63.91232,0.01786603,98.79626,43.91494,0.001802745,94.40355,23.90993,0.0002987578,67.69411,0.0,0.0004123781,14128810.0
ff,27,3.30,187,709678970,374089429,558766540,1,0,1.653749,1.65,0.003749411,0.0,201.0,1.026329e-13,5.131646e-14,1.947686e-19,3.895373e-19,1.0,0.0001585008,3.637695e-10,8.144952e-05,8.144961e-05,-0.244753,0.0001065993,108.4148,96.18931,0.244753,108.4147,83.19119,0.05480541,108.4118,63.4123,0.005623763,108.1254,43.41452,0.0005813718,99.28985,23.40934,0.0001606847,68.53919,0.0,0.0003743715,13440350.0
ff,27,3.30,188,1233790115,900636963,558766540,1,0,1.651122,1.65,0.001122185,0.0,201.0,1.0157e-13,5.078499e-14,9.554633e-19,1.910927e-18,1.0,0.0002337568,7.220535e-11,7.412014e-05,7.412013e-05,1.200671,-0.000498455,94.51043,96.09889,1.200668,94.51043,83.48882,0.281138,94.51017,63.73118,0.02891019,94.48427,43.73362,0.002900467,92.42872,23.72842,0.0003672696,67.7508,0.0,0.0004097878,13851040.0
ff,27,3.30,189,2107457432,141776430,558766540,1,0,1.651667,1.65,0.001667324,0.0,201.0,1.006216e-13,5.03108e-14,3.198988e-19,6.397977e-19,1.0,0.0001719465,2.067253e-10,7.091797e-05,7.091802e-05,-0.401997,0.0001633377,103.933,96.01741,0.401996,103.933,83.58839,0.09611067,103.9319,63.84138,0.009896295,103.8301,43.84394,0.001001599,98.49625,23.83894,0.0001849843,67.96298,0.0,0.0003998599,14038330.0
ff,27,3.30,190,501960207,2117697469,558766540,1,0,1.65577,1.65,0.005769726,0.0,201.0,1.011773e-13,5.058867e-14,2.446769e-18,4.893538e-18,1.0,0.000239631,2.792433e-11,7.35101e-05,7.351009e-05,3.074701,-0.00127129,86.30921,96.06525,3.074695,86.3092,83.48909,0.7227604,86.30914,63.73341,0.07433851,86.30223,43.73587,0.007441876,85.65599,23.73074,0.0008011936,67.21948,0.0,0.000435584,13868450.0
ff,27,3.30,191,693344946,804725443,558766540,1,0,1.649004,1.65,-0.000995797,0.0,201.0,1.008585e-13,5.042925e-14,2.230644e-19,4.461288e-19,1.0,0.0001998863,3.069687e-10,7.22962e-05,7.229617e-05,0.280311,-0.000114874,107.085,96.03783,0.2803105,107.085,83.52997,0.06641219,107.0817,63.77827,0.006836412,106.7634,43.78078,0.0007093649,97.60011,23.77577,0.0002036024,67.97551,0.0,0.000399311,13952430.0
ff,27,3.30,192,723175588,1331761,558766540,1,0,1.657682,1.65,0.00768195,0.0,201.0,1.01019e-13,5.050951e-14,2.196922e-18,4.393843e-18,1.0,0.0002460033,3.083755e-11,7.311441e-05,7.31144e-05,2.760733,-0.0011384,87.23117,96.05164,2.760728,87.23117,83.49763,0.6506134,87.2311,63.74324,0.06692786,87.22383,43.74571,0.006700299,86.54506,23.74067,0.0007240697,67.25462,0.0,0.0004338354,13899540.0
ff,27,3.30,193,1737612310,249058936,558766540,1,0,1.646172,1.65,-0.00382832,0.0,201.0,1.01032e-13,5.051602e-14,1.258502e-18,2.517003e-18,1.0,0.0002466524,5.404388e-11,7.2651e-05,7.265099e-05,1.58148,-0.000650028,92.07151,96.05276,1.581477,92.07151,83.52483,0.3738231,92.07133,63.77195,0.03846192,92.05426,43.77445,0.003854867,90.59891,23.76937,0.0004555365,67.72623,0.0,0.0004109154,13929980.0
ff,27,3.30,194,1463724156,967831307,558766540,1,0,1.655676,1.65,0.005675967,0.0,201.0,1.011886e-13,5.05943e-14,1.018871e-18,2.037741e-18,1.0,0.000242272,6.683365e-11,7.325631e-05,7.32563e-05,1.280351,-0.000528437,93.91965,96.06621,1.280348,93.91965,83.50425,0.3014601,93.91944,63.74939,0.03100971,93.89812,43.75186,0.003109475,92.13934,23.74678,0.000380515,67.64177,0.0,0.0004149571,13898680.0
ff,27,3.30,195,1706978398,779589402,558766540,1,0,1.651172,1.65,0.001171602,0.0,201.0,1.008595e-13,5.042976e-14,1.917905e-18,3.835811e-18,1.0,0.0002499533,3.531397e-11,7.251634e-05,7.251633e-05,2.410111,-0.000989734,88.39719,96.03792,2.410107,88.39719,83.51759,0.5701902,88.3971,63.76516,0.05866824,88.3878,43.76766,0.005874797,87.53744,23.76264,0.0006475296,67.40992,0.0,0.0004261402,13931940.0
ff,27,3.30,196,136871865,494602954,558766540,1,0,1.646997,1.65,-0.00300256,0.0,201.0,1.022543e-13,5.112713e-14,9.638985e-19,1.927797e-18,1.0,0.000158223,7.287326e-11,7.818238e-05,7.818239e-05,-1.21127,0.0005165974,94.4924,96.15721,1.211268,94.4924,83.3278,0.2765475,94.49236,63.5579,0.02839732,94.48804,43.56022,0.002841901,94.03197,23.55505,0.0002993326,68.77489,0.0,0.0003643652,13632620.0
ff,27,3.30,197,285062206,1807113652,558766540,1,0,1.654147,1.65,0.004146551,0.0,201.0,1.016497e-13,5.082483e-14,7.894341e-19,1.578868e-18,1.0,0.0002366239,8.844836e-11,7.556444e-05,7.556443e-05,0.9920322,-0.000415811,96.1752,96.1057,0.9920304,96.1752,83.41637,0.2301752,96.17478,63.65423,0.0236577,96.13303,43.65662,0.002377823,93.18532,23.65148,0.0003336628,67.91518,0.0,0.0004021163,13762070.0
ff,27,3.30,198,1595795779,109722378,558766540,1,0,1.646728,1.65,-0.00327171,0.0,201.0,1.005595e-13,5.027975e-14,7.624063e-19,1.524813e-18,1.0,0.0002460059,8.832046e-11,6.994576e-05,6.994575e-05,0.9580681,-0.000386353,96.38413,96.01205,0.9580664,96.38413,83.63954,0.2305528,96.3837,63.89594,0.02374716,96.34137,43.89853,0.00238703,93.36357,23.89349,0.0003361211,67.66956,0.0,0.0004135537,14099900.0
ff,27,3.30,199,2108705034,1737409647,558766540,1,0,1.648281,1.65,-0.0017193,0.0,201.0,1.008661e-13,5.043306e-14,1.608658e-18,3.217315e-18,1.0,0.0002466497,4.207834e-11,7.212902e-05,7.212901e-05,2.021499,-0.000827913,89.92503,96.03849,2.021495,89.92503,83.54011,0.4794617,89.92491,63.78897,0.04934047,89.91258,43.79149,0.004942486,88.81689,23.78643,0.0005603725,67.51571,0.0,0.0004209798,13956860.0
ff,27,3.30,200,965471197,1737132361,558766540,1,0,1.646618,1.65,-0.00338241,0.0,201.0,1.013734e-13,5.068671e-14,7.069834e-19,1.413967e-18,1.0,0.0002372145,9.704593e-11,7.329194e-05,7.329193e-05,0.8884215,-0.000366742,97.1097,96.08206,0.8884199,97.10969,83.5181,0.209132,97.10929,63.76313,0.02151256,97.06877,43.7656,0.002161928,94.17365,23.76045,0.0003015366,67.88592,0.0,0.0004034569,13902530.0
ff,27,3.30,201,1096332268,110196549,558766540,1,0,1.650217,1.65,0.0002165767,0.0,201.0,1.006202e-13,5.031011e-14,5.557652e-19,1.11153e-18,1.0,0.0002179815,1.216591e-10,7.159915e-05,7.159913e-05,0.6983951,-0.00028494,99.13528,96.01729,0.6983939,99.13527,83.54912,0.1662236,99.13473,63.79978,0.0171101,99.08052,43.80231,0.001722224,95.51515,23.79732,0.0002594826,67.74361,0.0,0.0004101023,13984710.0
ff,27,3.30,202,853009861,460599249,558766540,1,0,1.649902,1.65,-9.81034e-05,0.0,201.0,1.006587e-13,5.032934e-14,3.411352e-19,6.822704e-19,1.0,0.0002173945,1.987814e-10,7.129737e-05,7.129735e-05,0.4286831,-0.000174496,103.3779,96.02061,0.4286824,103.3779,83.56975,0.1022335,103.3763,63.82143,0.01052585,103.2201,43.82397,0.001071996,96.58071,23.81894,0.0002300974,67.78572,0.0,0.0004081057,14005440.0
ff,27,3.30,203,1808759708,411808613,558766540,1,0,1.654448,1.65,0.004448453,0.0,201.0,1.017334e-13,5.086671e-14,1.613267e-18,3.226533e-18,1.0,0.0002294438,4.315837e-11,7.489599e-05,7.489598e-05,2.027291,-0.000846058,89.97455,96.11285,2.027287,89.97455,83.46003,0.4723608,89.97442,63.69995,0.04855977,89.96128,43.70237,0.004864683,88.803,23.69711,0.0005555273,67.57055,0.0,0.0004183571,13799880.0
ff,27,3.30,204,1503182696,969010566,558766540,1,0,1.6559,1.65,0.005899679,0.0,201.0,1.00851e-13,5.04255e-14,1.580768e-18,3.161536e-18,1.0,0.0002412382,4.283152e-11,7.165729e-05,7.165728e-05,1.986452,-0.000810892,90.07564,96.03719,1.986448,90.07564,83.5657,0.47261,90.07551,63.81615,0.04864432,90.06257,43.81868,0.004873105,88.91892,23.81361,0.0005555643,67.37003,0.0,0.0004280926,13988730.0
ff,27,3.30,205,34604844,2122971984,558766540,1,0,1.653384,1.65,0.003384358,0.0,201.0,1.016589e-13,5.082943e-14,3.524355e-19,7.04871e-19,1.0,0.0002074136,1.976019e-10,7.528592e-05,7.52859e-05,0.4428835,-0.000185257,103.1807,96.10649,0.4428827,103.1807,83.43233,0.1029394,103.1793,63.67104,0.01058249,103.0406,43.67345,0.001075583,96.78438,23.6683,0.0002209001,67.99665,0.0,0.0003983958,13783880.0
ff,27,3.30,206,1049627134,1911856906,558766540,1,0,1.64626,1.65,-0.00374008,0.0,201.0,1.031369e-13,5.156844e-14,1.471182e-18,2.942363e-18,1.0,0.0001491551,4.929746e-11,8.266674e-05,8.266675e-05,-1.84874,0.0008107303,90.89435,96.23186,1.848738,90.89435,83.17253,0.4110632,90.89436,63.39046,0.04215074,90.895,43.39265,0.004215823,90.93737,23.38737,0.0004192758,69.3048,0.0,0.0003428753,13392150.0
ff,27,3.30,207,1384025058,250404270,558766540,1,0,1.649505,1.65,-0.00049541,0.0,201.0,1.013861e-13,5.069306e-14,6.693511e-19,1.338702e-18,1.0,0.0002336914,1.028866e-10,7.289758e-05,7.289757e-05,0.8411314,-0.00034627,97.58589,96.08315,0.8411299,97.58588,83.54132,0.1985051,97.58533,63.78763,0.02042279,97.53058,43.79012,0.00205578,93.96506,23.78493,0.0003097372,67.86473,0.0,0.000404421,13927540.0
ff,27,3.30,208,1592783182,1474715747,558766540,1,0,1.653158,1.65,0.003158071,0.0,201.0,1.017296e-13,5.086481e-14,9.631893e-20,1.926379e-19,1.0,0.0001567716,7.400018e-10,7.661692e-05,7.66169e-05,0.1210379,-5.10344e-05,114.4541,96.11253,0.1210377,114.454,83.36634,0.02790084,114.4421,63.60102,0.002870429,113.3904,43.60338,0.0003240776,99.69294,23.59828,0.0001567716,68.1405,0.0,0.0003919124,13702440.0
ff,27,3.30,209,1438144163,879312295,558766540,1,0,1.646724,1.65,-0.00327612,0.0,201.0,1.013916e-13,5.069578e-14,1.70728e-18,3.414561e-18,1.0,0.0001197431,4.024514e-11,7.435904e-05,7.435905e-05,-2.14543,0.0008922891,89.45334,96.08362,2.145428,89.45334,83.46033,0.501591,89.45337,63.70194,0.05157374,89.45643,43.70438,0.005157002,89.75547,23.69933,0.0004979588,68.68263,0.0,0.0003682589,13845710.0
ff,27,3.30,210,955783576,658166603,558766540,1,0,1.65544,1.65,0.005440047,0.0,201.0,1.007524e-13,5.037619e-14,1.961667e-18,3.923334e-18,1.0,0.0002450891,3.471712e-11,7.27576e-05,7.275759e-05,2.465104,-0.001014,88.192,96.02869,2.465099,88.192,83.49474,0.5822868,88.1919,63.74151,0.05990741,88.18241,43.744,0.00599901,87.31648,23.73898,0.000662407,67.30147,0.0,0.0004314981,13900830.0
ff,27,3.30,211,9746573,777297279,558766540,1,0,1.651873,1.65,0.001873394,0.0,201.0,1.016475e-13,5.082376e-14,2.327108e-18,4.654217e-18,1.0,0.0002371704,2.981437e-11,7.457747e-05,7.457746e-05,2.924331,-0.00121785,86.785,96.10552,2.924325,86.785,83.47019,0.6827464,86.78492,63.71111,0.07019554,86.77682,43.71354,0.007028068,86.02892,23.70834,0.0007655458,67.40665,0.0,0.0004262952,13825580.0
ff,27,3.30,212,1519857403,1797432704,558766540,1,0,1.643786,1.65,-0.00621421,0.0,201.0,1.014187e-13,5.070937e-14,7.444353e-19,1.488871e-18,1.0,0.0001799965,9.239898e-11,7.385617e-05,7.385618e-05,-0.935485,0.0003878054,96.66523,96.08595,0.9354833,96.66522,83.49052,0.2194141,96.66506,63.73372,0.02256488,96.64897,43.73617,0.00226131,95.22698,23.73104,0.0002661969,68.44076,0.0,0.0003785415,13867780.0
ff,27,3.30,213,1580671486,495930112,558766540,1,0,1.657087,1.65,0.007086835,0.0,201.0,1.018331e-13,5.091656e-14,3.684136e-19,7.368272e-19,1.0,0.0001476193,1.874838e-10,7.661182e-05,7.661186e-05,-0.462962,0.0001954932,102.8105,96.12136,0.4629613,102.8105,83.37544,0.1067208,102.8099,63.61014,0.01096505,102.757,43.6125,0.001103513,99.15107,23.60737,0.0001670379,68.23086,0.0,0.0003878778,13707990.0
ff,27,3.30,214,2013306653,733855083,558766540,1,0,1.649596,1.65,-0.000403654,0.0,201.0,1.021023e-13,5.105116e-14,8.127198e-19,1.62544e-18,1.0,0.0002372014,8.641621e-11,7.716366e-05,7.716365e-05,1.021294,-0.000432592,95.9613,96.14429,1.021292,95.96129,83.36886,0.2346271,95.96094,63.60192,0.02410178,95.9255,43.60426,0.002420683,93.30861,23.59907,0.0003269816,68.09511,0.0,0.0003938961,13684280.0
ff,27,3.30,215,495730309,1829329696,558766540,1,0,1.651884,1.65,0.001884406,0.0,201.0,1.021743e-13,5.108715e-14,1.77595e-18,3.551899e-18,1.0,0.0001264608,3.950618e-11,7.770738e-05,7.770738e-05,-2.23172,0.0009488465,89.17762,96.15041,2.23172,89.17762,83.34609,0.5110028,89.17765,63.57756,0.05248023,89.1804,43.57989,0.005247767,89.44701,23.57474,0.0005086121,68.83057,0.0,0.0003621311,13662010.0
ff,27,3.30,216,196461281,1844907557,558766540,1,0,1.651362,1.65,0.00136225,0.0,201.0,1.019657e-13,5.098286e-14,8.296677e-19,1.659335e-18,1.0,0.0002393836,8.463985e-11,7.743689e-05,7.743687e-05,1.042591,-0.000442398,95.7704,96.13266,1.042589,95.7704,83.34269,0.2391192,95.77007,63.57495,0.02456089,95.73717,43.57728,0.002466071,93.26086,23.57213,0.0003277657,68.0624,0.0,0.0003953932,13656200.0
ff,27,3.30,217,936347986,654038966,558766540,1,0,1.652945,1.65,0.002945039,0.0,201.0,1.031829e-13,5.159146e-14,8.965361e-19,1.793072e-18,1.0,0.0002281641,8.185452e-11,8.253492e-05,8.253491e-05,1.126621,-0.000493536,95.2002,96.23574,1.126618,95.2002,83.18299,0.2506916,95.19984,63.40127,0.02570818,95.16464,43.40345,0.002581907,92.56674,23.39809,0.0003479907,68.33186,0.0,0.000383306,13390020.0
ff,27,3.30,218,493714714,1383896432,558766540,1,0,1.646741,1.65,-0.00325947,0.0,201.0,1.01668e-13,5.083402e-14,6.70857e-20,1.341714e-19,1.0,0.0001723991,1.103516e-09,7.460021e-05,7.460067e-05,-0.0843024,3.518831e-05,117.5905,96.10727,0.08430222,117.5902,83.47067,0.01967995,117.5604,63.71151,0.002030289,115.295,43.71394,0.0002636021,98.96585,23.70878,0.000172642,68.22814,0.0,0.000387917,13833960.0
ff,27,3.30,219,776273445,39603658,558766540,1,0,1.657293,1.65,0.007293158,0.0,201.0,1.026919e-13,5.134593e-14,3.466001e-19,6.932002e-19,1.0,0.0001925271,2.085301e-10,8.112451e-05,8.112449e-05,0.4355505,-0.000189128,103.4135,96.1943,0.4355497,103.4135,83.21268,0.09771407,103.4122,63.43465,0.01002588,103.2812,43.43688,0.00101809,97.19508,23.43161,0.0002050342,68.28134,0.0,0.000385619,13452240.0
ff,27,3.30,220,170242046,76320733,558766540,1,0,1.652243,1.65,0.002243042,0.0,201.0,1.019563e-13,5.097813e-14,1.181788e-18,2.363576e-18,1.0,0.0002393453,5.934453e-11,7.728766e-05,7.728766e-05,1.485078,-0.000629581,92.69689,96.13186,1.485076,92.69689,83.34982,0.3409153,92.6967,63.58252,0.03501795,92.67831,43.58485,0.003510164,91.12625,23.57969,0.0004194419,67.91983,0.0,0.0004019217,13664610.0
ff,27,3.30,221,1168925219,1156665612,558766540,1,0,1.651873,1.65,0.001873199,0.0,201.0,1.024916e-13,5.124578e-14,2.451551e-19,4.903102e-19,1.0,0.0001608009,2.936673e-10,8.01991e-05,8.019906e-05,0.308071,-0.000133,106.4043,96.17734,0.3080704,106.4043,83.24302,0.06949201,106.4025,63.46749,0.007132623,106.2244,43.46975,0.0007282238,99.06805,23.46457,0.0001658922,68.34583,0.0,0.0003827961,13511710.0
ff,27,3.30,222,2062622166,898449359,558766540,1,0,1.649151,1.65,-0.000849197,0.0,201.0,1.015436e-13,5.077181e-14,1.338199e-18,2.676399e-18,1.0,0.0002380793,5.194067e-11,7.456305e-05,7.456304e-05,1.681631,-0.000700227,91.58204,96.09663,1.681628,91.58203,83.4621,0.392648,91.58186,63.70307,0.04037016,91.56437,43.7055,0.004046284,90.08194,23.70032,0.0004796442,67.75255,0.0,0.0004096847,13820270.0
ff,27,3.30,223,507666224,1397172148,558766540,1,0,1.652425,1.65,0.002424852,0.0,201.0,1.013458e-13,5.067291e-14,8.338057e-19,1.667611e-18,1.0,0.0002351774,8.209611e-11,7.299415e-05,7.299414e-05,1.047791,-0.000431659,95.67422,96.0797,1.047789,95.67422,83.53244,0.2471218,95.67388,63.77844,0.02542306,95.64031,43.78092,0.00255288,93.12693,23.77574,0.0003407539,67.73593,0.0,0.0004104707,13918770.0
ff,27,3.30,224,2003741530,980466493,558766540,1,0,1.643925,1.65,-0.00607506,0.0,201.0,1.008711e-13,5.043555e-14,6.226378e-19,1.245276e-18,1.0,0.0002413767,1.094236e-10,7.097205e-05,7.097204e-05,0.7824297,-0.000317815,98.17003,96.03892,0.7824283,98.17002,83.60679,0.1869986,98.1694,63.85959,0.01925348,98.10806,43.86214,0.001939563,94.26138,23.85702,0.0003018436,67.84192,0.0,0.0004054514,14035480.0
ff,27,3.30,225,1343800808,220318845,558766540,1,0,1.649979,1.65,-2.09498e-05,0.0,201.0,1.01152e-13,5.057601e-14,1.674184e-19,3.348369e-19,1.0,0.0001597619,4.040572e-10,7.41738e-05,7.417392e-05,-0.210384,8.745172e-05,109.6028,96.06307,0.2103838,109.6028,83.45002,0.04924495,109.599,63.69222,0.005065933,109.2385,43.69466,0.0005282106,99.55162,23.68966,0.0001610281,68.1701,0.0,0.0003905325,13841230.0
ff,27,3.30,226,1761720271,464024662,558766540,1,0,1.646233,1.65,-0.00376684,0.0,201.0,1.027375e-13,5.136873e-14,1.267603e-18,2.535207e-18,1.0,0.0001328504,5.609024e-11,7.868158e-05,7.868158e-05,-1.59292,0.0006815,92.15431,96.19816,1.592914,92.15431,83.34254,0.3625865,92.15433,63.57123,0.03722589,92.15597,43.57352,0.003722868,92.29227,23.56821,0.0003662662,68.9084,0.0,0.0003588614,13620080.0
ff,27,3.30,227,1396228435,1940651205,558766540,1,0,1.655154,1.65,0.005154355,0.0,201.0,1.021715e-13,5.108573e-14,7.649509e-19,1.529902e-18,1.0,0.0002266866,9.150369e-11,7.653025e-05,7.653024e-05,0.9612657,-0.000405485,96.49332,96.15017,0.9612639,96.49332,83.40864,0.2217001,96.49291,63.64358,0.02277892,96.4527,43.64594,0.002289084,93.57891,23.64065,0.0003184834,67.97547,0.0,0.0003993529,13719470.0
ff,27,3.30,228,408426652,353469188,558766540,1,0,1.651273,1.65,0.001272794,0.0,201.0,1.008688e-13,5.043439e-14,2.765055e-18,5.53011e-18,1.0,0.0002456287,2.455636e-11,7.267979e-05,7.267979e-05,3.474671,-0.00142854,85.22046,96.03872,3.474665,85.22046,83.50915,0.8211733,85.2204,63.75619,0.08448687,85.21475,43.75868,0.008456612,84.67945,23.7536,0.0008988922,67.14329,0.0,0.000439411,13908730.0
ff,27,3.30,229,329623993,1439445283,558766540,1,0,1.650706,1.65,0.0007056951,0.0,201.0,1.019254e-13,5.096272e-14,5.367579e-19,1.073516e-18,1.0,0.0001230969,1.30072e-10,7.68559e-05,7.685592e-05,-0.67451,0.0002852371,99.54948,96.12923,0.6745086,99.54948,83.37023,0.1552521,99.5494,63.6042,0.01594925,99.54095,43.60656,0.00159691,98.626,23.60141,0.0001773253,68.34694,0.0,0.000382765,13697080.0
ff,27,3.30,230,97759059,816687160,558766540,1,0,1.646227,1.65,-0.00377312,0.0,201.0,1.015033e-13,5.075163e-14,1.18441e-18,2.36882e-18,1.0,0.0002383935,5.803713e-11,7.37279e-05,7.372789e-05,1.488374,-0.000616266,92.63896,96.09318,1.488371,92.63896,83.50489,0.3493788,92.63875,63.74851,0.03593253,92.61822,43.75096,0.003602774,90.92182,23.74578,0.0004377217,67.81456,0.0,0.0004067645,13877600.0
ff,27,3.30,231,1115819047,1088660172,558766540,1,0,1.646982,1.65,-0.00301849,0.0,201.0,1.021561e-13,5.107807e-14,1.037115e-18,2.07423e-18,1.0,0.0002382267,6.822631e-11,7.723856e-05,7.723855e-05,1.303277,-0.000552313,93.84815,96.14887,1.303275,93.84815,83.36944,0.2992711,93.84788,63.60228,0.03074117,93.82098,43.60462,0.003084481,91.71126,23.59941,0.0003930135,68.08782,0.0,0.0003942,13680440.0
ff,27,3.30,232,170379117,1848595108,558766540,1,0,1.643199,1.65,-0.00680078,0.0,201.0,1.007286e-13,5.036432e-14,4.238856e-19,8.477712e-19,1.0,0.0002425436,1.606821e-10,7.072604e-05,7.072602e-05,0.5326704,-0.000215961,101.4975,96.02664,0.5326695,101.4975,83.60873,0.1275154,101.4962,63.86238,0.01313139,101.3677,43.86495,0.001333105,95.38803,23.85987,0.0002652113,67.88944,0.0,0.0004032353,14048080.0
ff,27,3.30,233,1392010377,804735723,558766540,1,0,1.651392,1.65,0.001392246,0.0,201.0,1.02209e-13,5.110449e-14,6.688115e-19,1.337623e-18,1.0,0.0002300395,1.057145e-10,7.829176e-05,7.829174e-05,0.8404534,-0.000358576,97.66311,96.15336,0.8404518,97.6631,83.3182,0.1917586,97.66264,63.54799,0.01969099,97.61663,43.5503,0.001980083,94.44503,23.54513,0.0002851052,68.17798,0.0,0.0003901828,13618920.0
ff,27,3.30,234,1655334423,2040492967,558766540,1,0,1.640115,1.65,-0.00988482,0.0,201.0,1.019185e-13,5.095924e-14,6.604118e-19,1.320824e-18,1.0,0.0002379488,1.066809e-10,7.541089e-05,7.541088e-05,0.829898,-0.000347475,97.74816,96.12864,0.8298965,97.74816,83.44767,0.1927416,97.74748,63.686,0.01981188,97.68083,43.6884,0.001997001,93.63052,23.68315,0.0003181498,68.21733,0.0,0.0003883437,13783670.0
ff,27,3.30,235,1712131951,1456915012,558766540,1,0,1.645344,1.65,-0.0046558,0.0,201.0,9.982729e-14,4.991365e-14,8.7915e-19,1.7583e-18,1.0,0.0002492295,7.477752e-11,6.686245e-05,6.686244e-05,1.104772,-0.000435587,95.08313,95.94857,1.104771,95.08312,83.76027,0.2715547,95.08275,64.02813,0.02800715,95.04581,44.03085,0.002813533,92.35596,24.02588,0.0003832623,67.44008,0.0,0.0004246616,14303530.0
ff,27,3.30,236,1687469846,1438967090,558766540,1,0,1.644772,1.65,-0.00522838,0.0,201.0,1.015806e-13,5.07903e-14,2.404173e-18,4.808345e-18,1.0,0.0001155033,2.891909e-11,7.587666e-05,7.587666e-05,-3.02117,0.001269246,86.4963,96.0998,3.021167,86.4963,83.39352,0.6996178,86.49633,63.63043,0.07189602,86.49912,43.63281,0.007189266,86.77814,23.62777,0.0006957954,69.03767,0.0,0.0003536236,13753150.0
ff,27,3.30,237,1661012062,1115147914,558766540,1,0,1.647577,1.65,-0.00242347,0.0,201.0,1.01252e-13,5.062601e-14,7.872251e-19,1.57445e-18,1.0,0.0001599713,8.651568e-11,7.411661e-05,7.411663e-05,-0.989256,0.000410806,96.1655,96.07166,0.9892544,96.16549,83.46178,0.2316403,96.16541,63.70415,0.02381975,96.15698,43.7066,0.002384958,95.32726,23.70154,0.0002622493,68.4395,0.0,0.0003786263,13846720.0
ff,27,3.30,238,1853617978,436512488,558766540,1,0,1.650587,1.65,0.0005871334,0.0,201.0,1.014995e-13,5.074973e-14,1.443865e-18,2.88773e-18,1.0,0.0002395763,4.807532e-11,7.477185e-05,7.477184e-05,1.814414,-0.000756575,90.91814,96.09286,1.814411,90.91814,83.44684,0.4230921,90.91797,63.68715,0.04349696,90.9013,43.68957,0.00435927,89.47942,23.68444,0.0005131578,67.69419,0.0,0.0004124391,13807210.0
ff,27,3.30,239,924761596,174259659,558766540,1,0,1.656158,1.65,0.006158098,0.0,201.0,1.018276e-13,5.091382e-14,8.082841e-19,1.616568e-18,1.0,0.0002345678,8.643042e-11,7.638802e-05,7.6388e-05,1.01572,-0.000428063,95.98543,96.12089,1.015718,95.98543,83.38701,0.2344655,95.98507,63.62237,0.02409156,95.94956,43.62474,0.002419685,93.32617,23.61957,0.0003270922,67.87045,0.0,0.0004042173,13716450.0
ff,27,3.30,240,1920259497,1118212244,558766540,1,0,1.64714,1.65,-0.00285957,0.0,201.0,1.014567e-13,5.072836e-14,2.689953e-19,5.379905e-19,1.0,0.0001875145,2.585097e-10,7.456825e-05,7.456823e-05,0.3380294,-0.00014071,105.5101,96.0892,0.3380288,105.5101,83.45438,0.07892486,105.5081,63.69533,0.00811634,105.3146,43.69776,0.0008301484,97.91876,23.69265,0.0001943992,68.12986,0.0,0.000392333,13823510.0
ff,27,3.30,241,799574841,63683077,558766540,1,0,1.65429,1.65,0.004290062,0.0,201.0,1.00946e-13,5.047299e-14,2.183372e-18,4.366744e-18,1.0,0.0002444023,3.097966e-11,7.25002e-05,7.250019e-05,2.743706,-0.00112661,87.27863,96.04536,2.743701,87.27863,83.52594,0.6491812,87.27855,63.77357,0.06679611,87.27074,43.77607,0.006687538,86.54682,23.771,0.0007264553,67.28151,0.0,0.0004324812,13934170.0
ff,27,3.30,242,1457375741,1250990418,558766540,1,0,1.650432,1.65,0.0004324654,0.0,201.0,1.014316e-13,5.07158e-14,8.171497e-19,1.634299e-18,1.0,0.0002406292,8.441248e-11,7.447887e-05,7.447886e-05,1.026861,-0.000427315,95.85683,96.08705,1.026859,95.85683,83.45715,0.2398923,95.85648,63.69839,0.02466582,95.82113,43.70082,0.002477332,93.20965,23.69569,0.0003344276,67.90308,0.0,0.0004026716,13823590.0
ff,27,3.30,243,507267486,1910531687,558766540,1,0,1.649756,1.65,-0.00024383,0.0,201.0,1.018805e-13,5.094023e-14,4.827978e-19,9.655956e-19,1.0,0.0001630407,1.429896e-10,7.597571e-05,7.597574e-05,-0.606702,0.000255111,100.4659,96.1254,0.6067005,100.4659,83.41376,0.1404082,100.4655,63.65037,0.01442917,100.4287,43.65275,0.00144944,97.66884,23.64758,0.0001990385,68.40819,0.0,0.0003800115,13752960.0
ff,27,3.30,244,419682480,1320081902,558766540,1,0,1.653422,1.65,0.00342197,0.0,201.0,1.009665e-13,5.048327e-14,2.626468e-18,5.252936e-18,1.0,0.0002386965,2.580691e-11,7.14891e-05,7.14891e-05,3.300517,-0.00134577,85.67551,96.04713,3.300511,85.67551,83.58527,0.7861187,85.67544,63.8363,0.08091756,85.66886,43.83883,0.008100253,85.0519,23.83369,0.00086914,67.08819,0.0,0.0004421909,14000950.0
ff,27,3.30,245,2001575831,768323443,558766540,1,0,1.656383,1.65,0.006382872,0.0,201.0,1.017359e-13,5.086797e-14,7.916885e-19,1.583377e-18,1.0,0.0002383024,8.841994e-11,7.732462e-05,7.73246e-05,0.9948651,-0.000421841,96.1578,96.11307,0.9948632,96.1578,83.32906,0.22833,96.15746,63.56165,0.0234536,96.12392,43.56399,0.002355068,93.6055,23.55891,0.0003145361,67.90145,0.0,0.0004028031,13654190.0
ff,27,3.30,246,134260962,734692200,558766540,1,0,1.650892,1.65,0.0008924883,0.0,201.0,1.007016e-13,5.035081e-14,5.59261e-19,1.118522e-18,1.0,0.0001430814,1.197122e-10,7.111737e-05,7.11174e-05,-0.702788,0.0002858911,99.08784,96.02431,0.7027869,99.08784,83.5838,0.1678024,99.0877,63.8361,0.01727508,99.07422,43.83865,0.001730699,97.78792,23.83366,0.0002005797,67.9864,0.0,0.0003988005,14031250.0
ff,27,3.30,247,757676085,909080233,558766540,1,0,1.646739,1.65,-0.0032613,0.0,201.0,1.017134e-13,5.08567e-14,1.425258e-18,2.850516e-18,1.0,0.0001284477,4.871481e-11,7.596085e-05,7.596086e-05,-1.79103,0.0007528858,91.04909,96.11115,1.791029,91.04909,83.40031,0.4145346,91.04912,63.63696,0.04259829,91.05157,43.63934,0.004259794,91.27878,23.63427,0.000414739,68.75651,0.0,0.0003651641,13754900.0
ff,27,3.30,248,20480579,1635362073,558766540,1,0,1.648994,1.65,-0.00100649,0.0,201.0,1.018347e-13,5.091737e-14,2.839522e-18,5.679045e-18,1.0,0.0001072032,2.454215e-11,7.604827e-05,7.604828e-05,-3.56825,0.001500765,85.07241,96.1215,3.568243,85.07241,83.40594,0.8254223,85.07244,63.64233,0.08481922,85.07511,43.6447,0.008481636,85.3437,23.63958,0.0008218529,69.11906,0.0,0.0003503709,13750640.0
ff,27,3.30,249,360208246,796637909,558766540,1,0,1.642768,1.65,-0.00723219,0.0,201.0,1.016975e-13,5.084873e-14,2.096746e-18,4.193491e-18,1.0,0.0001360618,3.295497e-11,7.523869e-05,7.52387e-05,-2.63485,0.001102297,87.69469,96.10978,2.634843,87.69469,83.4382,0.6125981,87.69471,63.67706,0.06296767,87.69695,43.67947,0.006296887,87.91561,23.67437,0.0006136742,69.05912,0.0,0.0003526699,13800620.0
ff,27,3.30,250,1682157029,738983826,558766540,1,0,1.644168,1.65,-0.00583228,0.0,201.0,1.020212e-13,5.101058e-14,1.181604e-18,2.363209e-18,1.0,0.0002406278,5.989875e-11,7.714316e-05,7.714316e-05,1.484848,-0.000628877,92.70376,96.13739,1.484845,92.70376,83.36304,0.3411647,92.70352,63.59616,0.03504549,92.67983,43.59851,0.00351507,90.77681,23.5933,0.0004373453,68.09079,0.0,0.0003940474,13673050.0
ff,27,3.30,251,906706292,850307413,558766540,1,0,1.647955,1.65,-0.00204471,0.0,201.0,1.002996e-13,5.01498e-14,2.482312e-18,4.964624e-18,1.0,0.0002538255,2.69722e-11,7.026088e-05,7.026087e-05,3.119365,-0.00126093,86.10826,95.98957,3.11936,86.10826,83.59866,0.7490663,86.10819,63.85395,0.0771415,86.10126,43.85653,0.0077226,85.45406,23.85156,0.0008315243,67.14539,0.0,0.0004392807,14060220.0
ff,27,3.30,252,1529846897,748956080,558766540,1,0,1.650313,1.65,0.0003127566,0.0,201.0,1.01555e-13,5.07775e-14,8.131054e-19,1.626211e-18,1.0,0.0001462753,8.495249e-11,7.603827e-05,7.603828e-05,-1.02178,0.0004297688,95.91049,96.09761,1.021777,95.91049,83.38258,0.2363768,95.91044,63.619,0.02429003,95.90579,43.62138,0.00243097,95.39998,23.61632,0.0002575235,68.48412,0.0,0.0003767487,13733070.0
ff,27,3.30,253,1484850142,716808924,558766540,1,0,1.653354,1.65,0.003353966,0.0,201.0,1.018877e-13,5.094383e-14,5.78686e-19,1.157372e-18,1.0,0.0002297247,1.211617e-10,7.523223e-05,7.523221e-05,0.7271983,-0.000304114,98.89297,96.12601,0.727197,98.89296,83.45478,0.1690795,98.89226,63.69367,0.01738083,98.82199,43.69607,0.001752686,94.61768,23.69084,0.0002842219,67.95064,0.0,0.0004004794,13795250.0
ff,27,3.30,254,375960319,156466816,558766540,1,0,1.643845,1.65,-0.00615493,0.0,201.0,1.014936e-13,5.07468e-14,1.844763e-19,3.689526e-19,1.0,0.0002148877,3.823857e-10,7.382202e-05,7.382202e-05,0.2318198,-9.59775e-05,108.7894,96.09236,0.2318193,108.7893,83.49882,0.05438462,108.7834,63.74214,0.00559677,108.2296,43.74459,0.0005966941,97.02203,23.73941,0.0002167051,68.18834,0.0,0.0003896578,13869290.0
ff,27,3.30,255,238048702,1527897671,558766540,1,0,1.643766,1.65,-0.00623369,0.0,201.0,1.001785e-13,5.008927e-14,1.127706e-18,2.255412e-18,1.0,0.0002477683,5.879031e-11,6.828141e-05,6.82814e-05,1.417117,-0.000564658,92.95098,95.97908,1.417115,92.95097,83.70503,0.3449077,92.95072,63.96749,0.03554992,92.92562,43.97015,0.003566371,90.93208,23.96515,0.0004483872,67.51322,0.0,0.0004210745,14207890.0
ff,27,3.30,256,407788357,801908220,558766540,1,0,1.651489,1.65,0.001489316,0.0,201.0,1.022261e-13,5.111306e-14,2.619001e-18,5.238001e-18,1.0,0.0002342673,2.701483e-11,7.728471e-05,7.728471e-05,3.291133,-0.00139528,85.80793,96.15482,3.291127,85.80792,83.37293,0.7555277,85.80786,63.60564,0.0776049,85.80115,43.60798,0.007768577,85.17328,23.60269,0.0008345852,67.49151,0.0,0.0004221591,13670000.0
ff,27,3.30,257,587574997,1668644872,558766540,1,0,1.650908,1.65,0.0009081378,0.0,201.0,9.95657e-14,4.978285e-14,1.51509e-18,3.030181e-18,1.0,0.0002541994,4.281731e-11,6.701992e-05,6.701991e-05,1.903919,-0.000751628,90.33282,95.92578,1.903916,90.33282,83.72788,0.467469,90.33269,63.99513,0.04820832,90.31942,43.99784,0.004829711,89.15003,23.99294,0.0005522629,67.16308,0.0,0.0004384152,14273570.0
ff,27,3.30,258,993591119,1384084300,558766540,1,0,1.652845,1.65,0.002845082,0.0,201.0,1.018863e-13,5.094315e-14,1.026847e-18,2.053694e-18,1.0,0.0001147643,6.832579e-11,7.791297e-05,7.791298e-05,-1.29037,0.0005493621,93.9116,96.1259,1.290371,93.9116,83.31069,0.29509,93.91163,63.54157,0.0303038,93.91461,43.5439,0.00303015,94.17082,23.53884,0.0002940364,68.53419,0.0,0.0003746691,13634210.0
ff,27,3.30,259,1797660061,1215191949,558766540,1,0,1.645539,1.65,-0.00446076,0.0,201.0,1.020711e-13,5.103554e-14,1.817886e-18,3.635772e-18,1.0,0.0001304883,3.859668e-11,7.74223e-05,7.742231e-05,-2.28442,0.0009694693,88.96612,96.14164,2.284418,88.96612,83.35243,0.5239808,88.96615,63.58474,0.05381823,88.96862,43.58707,0.005381737,89.20772,23.58193,0.0005232513,69.02864,0.0,0.0003539606,13672060.0
ff,27,3.30,260,757564575,1645988849,558766540,1,0,1.648581,1.65,-0.0014194,0.0,201.0,1.017552e-13,5.087758e-14,1.067006e-18,2.134013e-18,1.0,0.0001388378,6.505729e-11,7.598739e-05,7.59874e-05,-1.34084,0.0005637576,93.56719,96.11471,1.340837,93.56719,83.40244,0.3102862,93.56719,63.63901,0.03188533,93.56744,43.64139,0.003189315,93.55049,23.63627,0.0003193661,68.59551,0.0,0.0003719642,13746400.0
ff,27,3.30,261,1124316947,910478448,558766540,1,0,1.64032,1.65,-0.00968003,0.0,201.0,1.016021e-13,5.080107e-14,2.637588e-19,5.275175e-19,1.0,0.0001800037,2.57387e-10,7.42416e-05,7.424166e-05,-0.331449,0.0001378086,105.6933,96.10164,0.3314484,105.6933,83.48484,0.07754916,105.6914,63.72682,0.007975724,105.5074,43.72926,0.0008148832,98.28353,23.72408,0.00018708,68.48993,0.0,0.0003763921,13849520.0
ff,27,3.30,262,1573844519,1426624269,558766540,1,0,1.658584,1.65,0.008583841,0.0,201.0,1.01893e-13,5.09465e-14,1.213232e-18,2.426464e-18,1.0,0.0002307779,5.729817e-11,7.594841e-05,7.59484e-05,1.524592,-0.000640714,92.46341,96.12647,1.52459,92.46341,83.41631,0.3528946,92.46324,63.653,0.03626502,92.44646,43.65538,0.003634511,91.00802,23.65016,0.0004286542,67.65944,0.0,0.0004141464,13745450.0
ff,27,3.30,263,1882410330,1459848403,558766540,1,0,1.646296,1.65,-0.00370411,0.0,201.0,1.004857e-13,5.024286e-14,1.244927e-18,2.489853e-18,1.0,0.0002515753,5.412915e-11,7.090171e-05,7.09017e-05,1.564421,-0.000635216,92.11861,96.00567,1.564418,92.11861,83.5776,0.374067,92.11841,63.83064,0.03851339,92.09845,43.8332,0.003861337,90.44284,23.82823,0.0004669492,67.56712,0.0,0.000418478,14029970.0
ff,27,3.30,264,846230562,1245949227,558766540,1,0,1.651358,1.65,0.001358075,0.0,201.0,1.021659e-13,5.108293e-14,2.446889e-18,4.893778e-18,1.0,0.000238111,2.889067e-11,7.767186e-05,7.767186e-05,3.074851,-0.00130684,86.39323,96.1497,3.074845,86.39323,83.34725,0.7042081,86.39316,63.57883,0.07232421,86.38573,43.58116,0.007240547,85.69562,23.57593,0.0007834569,67.59862,0.0,0.0004169902,13646540.0
ff,27,3.30,265,1475135317,68970443,558766540,1,0,1.657402,1.65,0.007402396,0.0,201.0,1.018768e-13,5.09384e-14,8.051105e-19,1.610221e-18,1.0,0.0002337055,8.661516e-11,7.629978e-05,7.629977e-05,1.011732,-0.000426142,96.0238,96.12509,1.01173,96.02379,83.39595,0.2336727,96.02347,63.63158,0.02401074,95.99143,43.63395,0.002410606,93.55828,23.62877,0.0003188046,67.83523,0.0,0.0004058707,13725290.0
ff,27,3.30,266,1316871272,228963753,558766540,1,0,1.64849,1.65,-0.00150991,0.0,201.0,1.024767e-13,5.123836e-14,2.340954e-18,4.681907e-18,1.0,0.0001167903,3.056755e-11,8.040657e-05,8.040657e-05,-2.94173,0.001272229,86.80405,96.17609,2.941723,86.80405,83.23111,0.6627553,86.80408,63.45502,0.06800599,86.80684,43.45727,0.006800195,87.08206,23.45212,0.0006584201,69.30021,0.0,0.0003431844,13501960.0
ff,27,3.30,267,1510786790,1554545589,558766540,1,0,1.646661,1.65,-0.00333885,0.0,201.0,1.018077e-13,5.090383e-14,2.016543e-18,4.033086e-18,1.0,0.0002492295,3.488765e-11,7.712533e-05,7.712533e-05,2.534063,-0.00107319,88.04286,96.11919,2.534058,88.04286,83.3458,0.5823001,88.04275,63.57897,0.05981511,88.03228,43.58132,0.005990344,87.08857,23.57621,0.000667394,67.79537,0.0,0.0004076509,13671430.0
ff,27,3.30,268,1199068367,1381941563,558766540,1,0,1.646659,1.65,-0.00334087,0.0,201.0,1.013097e-13,5.065484e-14,1.728278e-18,3.456555e-18,1.0,0.0001366526,3.954881e-11,7.400453e-05,7.400453e-05,-2.17182,0.0009011138,89.34015,96.0766,2.171814,89.34015,83.47294,0.508908,89.34017,63.71567,0.0523329,89.34244,43.71812,0.005233398,89.55833,23.71307,0.0005101957,68.72281,0.0,0.0003665335,13862130.0
ff,27,3.30,269,1814913893,1950177171,558766540,1,0,1.653039,1.65,0.003038696,0.0,201.0,1.014476e-13,5.07238e-14,2.354869e-18,4.709738e-18,1.0,0.0002422724,2.928857e-11,7.477104e-05,7.477103e-05,2.959216,-0.001234,86.6649,96.08842,2.959211,86.6649,83.44245,0.6900449,86.66483,63.68276,0.07094087,86.65791,43.68518,0.007101723,86.00987,23.68004,0.00076473,67.40483,0.0,0.0004264031,13799530.0
ff,27,3.30,270,1343526782,781708076,558766540,1,0,1.653425,1.65,0.003424525,0.0,201.0,1.015833e-13,5.079163e-14,4.020623e-19,8.041246e-19,1.0,0.0002137224,1.734861e-10,7.621348e-05,7.621346e-05,0.5052464,-0.00021265,102.03,96.10002,0.5052455,102.03,83.37554,0.1167559,102.0288,63.61143,0.01199861,101.9148,43.6138,0.001216041,96.2911,23.60874,0.0002322105,68.04694,0.0,0.0003961071,13722490.0
ff,27,3.30,271,455175358,625596430,558766540,1,0,1.647139,1.65,-0.00286143,0.0,201.0,1.014495e-13,5.072473e-14,2.478706e-19,4.957412e-19,1.0,0.0001937971,2.794849e-10,7.372619e-05,7.372616e-05,0.3114834,-0.000128917,106.2199,96.08858,0.3114828,106.2199,83.50038,0.07311819,106.2174,63.744,0.007521985,105.9728,43.74646,0.0007738947,97.75975,23.7413,0.0001991029,68.08046,0.0,0.0003945456,13877260.0
ff,27,3.30,272,867244296,152998838,558766540,1,0,1.650143,1.65,0.0001429105,0.0,201.0,1.0234e-13,5.117001e-14,1.753615e-18,3.507229e-18,1.0,0.0002425005,4.082779e-11,7.966411e-05,7.96641e-05,2.203657,-0.000948488,89.30163,96.16449,2.203653,89.30163,83.25775,0.4986621,89.3015,63.48369,0.05118109,89.28909,43.48596,0.005126764,88.19,23.48078,0.0005814854,67.95796,0.0,0.0004001173,13532290.0
ff,27,3.30,273,136493160,1450602760,558766540,1,0,1.646647,1.65,-0.00335256,0.0,201.0,1.022697e-13,5.113484e-14,1.268631e-18,2.537261e-18,1.0,0.0001382164,5.55076e-11,7.886761e-05,7.886762e-05,-1.59421,0.0006828603,92.10764,96.15852,1.594205,92.10764,83.29318,0.3624742,92.10765,63.52134,0.03721213,92.10875,43.52363,0.003721722,92.1902,23.51852,0.0003684816,68.93563,0.0,0.0003577428,13595170.0
ff,27,3.30,274,1888714734,1450745939,558766540,1,0,1.652405,1.65,0.002405494,0.0,201.0,1.016023e-13,5.080114e-14,3.499301e-19,6.998602e-19,1.0,0.0001395009,1.976588e-10,7.641217e-05,7.641221e-05,-0.439735,0.0001854429,103.2378,96.10165,0.4397343,103.2378,83.36646,0.1014918,103.2373,63.60175,0.01042849,103.1866,43.60412,0.001049247,99.65974,23.59906,0.0001573861,68.24525,0.0,0.0003872427,13711810.0
ff,27,3.30,275,441772789,1395475622,558766540,1,0,1.654983,1.65,0.004982804,0.0,201.0,1.011521e-13,5.057603e-14,1.468566e-18,2.937133e-18,1.0,0.0002391448,4.639844e-11,7.283864e-05,7.283863e-05,1.845455,-0.000759528,90.74102,96.06308,1.845452,90.74102,83.52456,0.4356894,90.7409,63.77107,0.04482379,90.72868,43.77356,0.004489976,89.63744,23.76843,0.0005088025,67.46343,0.0,0.0004235467,13918350.0
ff,27,3.30,276,49663216,1656133028,558766540,1,0,1.656144,1.65,0.006144484,0.0,201.0,1.008668e-13,5.04334e-14,1.784247e-18,3.568495e-18,1.0,0.000247913,3.808509e-11,7.329476e-05,7.329475e-05,2.242151,-0.000925684,89.02526,96.03855,2.242147,89.02526,83.47443,0.5277864,89.02516,63.71945,0.05428931,89.01481,43.72192,0.00543695,88.07726,23.71691,0.0006053162,67.3851,0.0,0.0004273773,13876200.0
ff,27,3.30,277,256919020,1191236450,558766540,1,0,1.650982,1.65,0.0009817163,0.0,201.0,1.009135e-13,5.045677e-14,2.112095e-19,4.22419e-19,1.0,0.0002076599,3.27617e-10,7.265079e-05,7.265077e-05,0.2654137,-0.000109027,107.5641,96.04257,0.2654132,107.5641,83.51465,0.06273766,107.56,63.76177,0.00645784,107.1728,43.76427,0.0006754189,97.29168,23.75925,0.0002105612,67.89283,0.0,0.0004031354,13928740.0
ff,27,3.30,278,1558924831,839271610,558766540,1,0,1.645456,1.65,-0.00454398,0.0,201.0,1.014239e-13,5.071196e-14,6.322828e-19,1.264566e-18,1.0,0.0002276337,1.087557e-10,7.388e-05,7.387998e-05,0.79455,-0.000329299,98.08398,96.08639,0.7945486,98.08398,83.48964,0.1863301,98.0835,63.73277,0.019163,98.03607,43.73522,0.001927337,94.79303,23.73012,0.0002798044,67.98489,0.0,0.0003988994,13873790.0
ff,27,3.30,279,886606221,442921781,558766540,1,0,1.648397,1.65,-0.00160318,0.0,201.0,1.02525e-13,5.12625e-14,1.664841e-18,3.329682e-18,1.0,0.0001410437,4.263256e-11,7.937915e-05,7.937916e-05,-2.0921,0.000899011,89.76854,96.18018,2.092097,89.76854,83.2882,0.4742236,89.76856,63.51493,0.04867643,89.77036,43.51721,0.004867909,89.936,23.512,0.0004773094,69.0596,0.0,0.0003527026,13568740.0
ff,27,3.30,280,337545951,924283694,558766540,1,0,1.653494,1.65,0.003493746,0.0,201.0,1.012931e-13,5.064654e-14,9.705309e-20,1.941062e-19,1.0,0.0001664071,7.229772e-10,7.41591e-05,7.41591e-05,0.1219605,-5.05882e-05,114.3508,96.07518,0.1219603,114.3507,83.46295,0.02855048,114.3378,63.70519,0.00294015,113.2111,43.70763,0.0003348322,99.27912,23.70256,0.0001664071,67.9495,0.0,0.0004005703,13845040.0
ff,27,3.30,281,1737334044,766089078,558766540,1,0,1.652539,1.65,0.002539351,0.0,201.0,1.016796e-13,5.083982e-14,6.235382e-19,1.247076e-18,1.0,0.0001396605,1.111289e-10,7.583259e-05,7.583261e-05,-0.783561,0.0003291381,98.22682,96.10826,0.7835598,98.22682,83.40437,0.1815004,98.22672,63.64141,0.01865239,98.21721,43.6438,0.001867795,97.256,23.63867,0.000208513,68.29677,0.0,0.0003849533,13748170.0
ff,27,3.30,282,26368182,802530044,558766540,1,0,1.647829,1.65,-0.00217096,0.0,201.0,1.0135e-13,5.067499e-14,2.525028e-19,5.050056e-19,1.0,0.0002065279,2.754206e-10,7.408255e-05,7.408254e-05,0.3173044,-0.000131638,106.0505,96.08005,0.3173038,106.0505,83.47207,0.07431512,106.0477,63.71455,0.007644375,105.7754,43.71699,0.0007890025,97.19023,23.71186,0.0002118761,68.05868,0.0,0.0003955384,13844010.0
ff,27,3.30,283,1615890295,421885655,558766540,1,0,1.652048,1.65,0.002048375,0.0,201.0,1.010366e-13,5.051828e-14,1.581349e-19,3.162697e-19,1.0,0.0001499642,4.274199e-10,7.406989e-05,7.407001e-05,-0.198718,8.254412e-05,110.0884,96.05315,0.1987178,110.0884,83.44586,0.04654508,110.0847,63.68838,0.004788316,109.7338,43.69083,0.0004987165,100.1134,23.68582,0.0001508766,68.04425,0.0,0.0003962434,13835620.0
ff,27,3.30,284,381640511,507015216,558766540,1,0,1.649518,1.65,-0.000482053,0.0,201.0,1.01358e-13,5.067898e-14,5.814678e-19,1.162936e-18,1.0,0.0001537423,1.173674e-10,7.416974e-05,7.416976e-05,-0.730694,0.0003035569,98.80604,96.08074,0.7306926,98.80604,83.46792,0.1710385,98.80587,63.71013,0.01758786,98.78824,43.71257,0.001762854,97.21545,23.70746,0.0002111545,68.28219,0.0,0.0003855449,13843400.0
ff,27,3.30,285,878800003,473326662,558766540,1,0,1.643461,1.65,-0.00653922,0.0,201.0,1.026664e-13,5.133321e-14,9.972632e-19,1.994526e-18,1.0,0.0001510893,7.119638e-11,7.975581e-05,7.975582e-05,-1.2532,0.0005398252,94.23177,96.19215,1.253195,94.23177,83.28067,0.2834294,94.23174,63.50636,0.02908913,94.22879,43.50862,0.002910659,93.90166,23.5034,0.0003020557,69.03208,0.0,0.0003537585,13553610.0
ff,27,3.30,286,170480514,1797750900,558766540,1,0,1.652058,1.65,0.002058246,0.0,201.0,1.018536e-13,5.092682e-14,9.957084e-20,1.991417e-19,1.0,0.0001514518,6.934187e-10,7.646095e-05,7.646118e-05,-0.125124,5.283087e-05,114.1763,96.12311,0.1251242,114.1762,83.38529,0.02887056,114.1659,63.62043,0.002969803,113.242,43.6228,0.0003303984,100.0122,23.61768,0.0001514518,68.22776,0.0,0.000387992,13722440.0
ff,27,3.30,287,961913907,702726801,558766540,1,0,1.651185,1.65,0.001184871,0.0,201.0,1.010006e-13,5.050032e-14,8.350846e-19,1.670169e-18,1.0,0.0002413873,8.132872e-11,7.222995e-05,7.222994e-05,1.049398,-0.000430051,95.63127,96.05007,1.049396,95.63127,83.54596,0.2487335,95.63093,63.79448,0.02559633,95.59701,43.79699,0.002570391,93.06489,23.7919,0.0003438352,67.72493,0.0,0.0004109783,13956140.0
ff,27,3.30,288,1567157754,536963925,558766540,1,0,1.65544,1.65,0.005440224,0.0,201.0,1.023864e-13,5.119322e-14,6.908456e-19,1.381691e-18,1.0,0.0002193898,1.030287e-10,7.869623e-05,7.869622e-05,0.8681421,-0.000371356,97.39663,96.16843,0.8681405,97.39663,83.31205,0.1975928,97.39625,63.54069,0.0202872,97.35874,43.54299,0.002038037,94.61195,23.53774,0.0002794404,68.04844,0.0,0.000396069,13593080.0
ff,27,3.30,289,1263914262,1441189409,558766540,1,0,1.650429,1.65,0.0004292856,0.0,201.0,1.00173e-13,5.008648e-14,4.254479e-18,8.508958e-18,1.0,0.0002443167,1.558931e-11,6.832446e-05,6.832445e-05,5.346336,-0.00213118,81.41748,95.97859,5.346327,81.41748,83.70197,1.300842,81.41744,63.96427,0.134073,81.41371,43.96693,0.01341717,81.05398,23.96184,0.001397633,66.46617,0.0,0.0004749999,14183790.0
ff,27,3.30,290,1868174503,2046042041,558766540,1,0,1.65222,1.65,0.002220159,0.0,201.0,1.015792e-13,5.078959e-14,3.866859e-19,7.733718e-19,1.0,0.0001523475,1.76712e-10,7.469092e-05,7.469096e-05,-0.485924,0.0002025994,102.3683,96.09968,0.4859229,102.3683,83.45811,0.1133676,102.3678,63.69867,0.01165581,102.3175,43.70109,0.001172677,98.84925,23.69595,0.000174717,68.22212,0.0,0.0003882223,13820380.0
ff,27,3.30,291,284353822,2085032593,558766540,1,0,1.642546,1.65,-0.00745413,0.0,201.0,1.016966e-13,5.084832e-14,4.292085e-19,8.584169e-19,1.0,0.000172386,1.598863e-10,7.496084e-05,7.496087e-05,-0.539359,0.000225286,101.4722,96.10971,0.5393583,101.4722,83.45333,0.1256199,101.4716,63.69305,0.01291436,101.4148,43.69546,0.001300263,97.7044,23.69032,0.0001992031,68.5128,0.0,0.0003754283,13812990.0
ff,27,3.30,292,1279629332,1850512072,558766540,1,0,1.650899,1.65,0.0008993669,0.0,201.0,1.016789e-13,5.083947e-14,8.171253e-19,1.634251e-18,1.0,0.0001559415,8.41851e-11,7.499617e-05,7.499618e-05,-1.02683,0.0004289275,95.87825,96.1082,1.026828,95.87825,83.44988,0.2391012,95.87818,63.68949,0.02457908,95.87165,43.69191,0.002460441,95.20317,23.68673,0.0002655696,68.41987,0.0,0.0003795063,13802900.0
ff,27,3.30,293,1683341882,1688710656,558766540,1,0,1.650568,1.65,0.000567917,0.0,201.0,1.010534e-13,5.052669e-14,5.137313e-19,1.027463e-18,1.0,0.0002270179,1.327152e-10,7.275391e-05,7.275389e-05,0.6455738,-0.000265492,99.8557,96.0546,0.6455726,99.85569,83.52086,0.152496,99.85495,63.76765,0.01569043,99.78159,43.77013,0.001582804,95.45048,23.76504,0.0002604525,67.87532,0.0,0.0004039464,13921910.0
ff,27,3.30,294,453709134,60231655,558766540,1,0,1.651358,1.65,0.001357627,0.0,201.0,1.025599e-13,5.127996e-14,4.10734e-19,8.21468e-19,1.0,0.0001580347,1.713687e-10,7.907885e-05,7.907889e-05,-0.516144,0.0002214286,101.9277,96.18313,0.5161425,101.9277,83.30677,0.1172066,101.9272,63.53434,0.01203252,101.8746,43.53662,0.001210884,98.32151,23.53139,0.0001821771,68.6007,0.0,0.0003717217,13587480.0
ff,27,3.30,295,164898672,1345068654,558766540,1,0,1.65834,1.65,0.008339689,0.0,201.0,1.020043e-13,5.100215e-14,5.016738e-20,1.003348e-19,1.0,0.0001565681,1.454254e-09,7.7051e-05,7.705118e-05,0.06304219,-2.66245e-05,120.1433,96.13595,0.06304208,120.1429,83.36651,0.01449378,120.0974,63.59991,0.001496671,116.9955,43.60225,0.000213963,99.65842,23.59711,0.0001573744,68.12651,0.0,0.0003925442,13690880.0
ff,27,3.30,296,1602467939,2014596089,558766540,1,0,1.648644,1.65,-0.00135556,0.0,201.0,1.011722e-13,5.058611e-14,1.720162e-18,3.440324e-18,1.0,0.0002452897,3.988987e-11,7.321979e-05,7.321979e-05,2.161619,-0.000891968,89.36924,96.06481,2.161615,89.36924,83.50489,0.5090757,89.36912,63.75015,0.05236626,89.35699,43.75262,0.005245435,88.27928,23.74753,0.0005934894,67.57088,0.0,0.0004183169,13899590.0
ff,27,3.30,297,172569479,1610500428,558766540,1,0,1.650558,1.65,0.0005576072,0.0,201.0,1.016295e-13,5.081474e-14,9.569553e-19,1.913911e-18,1.0,0.0002349624,7.217693e-11,7.454338e-05,7.454337e-05,1.202546,-0.000500652,94.50196,96.10398,1.202543,94.50196,83.47053,0.2808203,94.50168,63.71155,0.02887313,94.47384,43.71398,0.00289739,92.30169,23.70878,0.0003718384,67.88583,0.0,0.0004034639,13824850.0
ff,27,3.30,298,901269567,1821822483,558766540,1,0,1.64482,1.65,-0.00518046,0.0,201.0,1.021887e-13,5.109437e-14,4.71199e-19,9.423979e-19,1.0,0.0001744831,1.486455e-10,7.781822e-05,7.781824e-05,-0.592126,0.0002519897,100.7034,96.15164,0.5921249,100.7034,83.34145,0.1354889,100.7029,63.5726,0.0139151,100.6534,43.57492,0.001399831,97.27599,23.56972,0.0002063888,68.62983,0.0,0.0003704487,13642800.0
ff,27,3.30,299,2120433441,135510222,558766540,1,0,1.647284,1.65,-0.00271606,0.0,201.0,1.013822e-13,5.069109e-14,2.060627e-18,4.121254e-18,1.0,0.0002346032,3.32534e-11,7.228674e-05,7.228674e-05,2.58946,-0.0010617,87.81864,96.08281,2.589456,87.81864,83.57548,0.6135388,87.81855,63.82382,0.06313404,87.80908,43.82632,0.006322112,86.94668,23.82108,0.0006977822,67.45664,0.0,0.0004238353,13962270.0
ss,27,3.30,0,712513040,1757987474,280454172,1,0,1.66227,1.65,0.01227029,0.0,201.0,9.744319e-14,4.87216e-14,1.692132e-19,3.384264e-19,1.0,8.651107e-05,2.305735e-08,8.324491e-05,8.323716e-05,0.2126395,-9.34922e-05,109.1857,95.73861,0.2126391,109.1857,82.65088,0.04712592,109.1797,62.86737,0.004834858,108.6176,42.86952,0.0005159362,96.8126,22.86323,0.0002006926,61.81557,0.0,0.0008114599,12543450.0
ss,27,3.30,1,1419668468,828251435,280454172,1,0,1.657395,1.65,0.007395155,0.0,201.0,9.701742e-14,4.850871e-14,2.794017e-18,5.588033e-18,1.0,9.162764e-05,3.300414e-09,8.165114e-05,8.16523e-05,3.511065,-0.00153,84.79181,95.70057,3.511058,84.79181,82.6922,0.7852704,84.7917,62.91278,0.08054784,84.78012,42.91498,0.008067567,83.73014,22.90873,0.0009097649,61.45309,0.0,0.000845966,12603900.0
ss,27,3.30,2,1917699586,2132351872,280454172,1,0,1.645709,1.65,-0.00429093,0.0,201.0,9.630762e-14,4.815381e-14,2.716109e-18,5.432217e-18,1.0,9.15058e-05,4.568676e-09,7.487032e-05,7.487229e-05,3.413163,-0.00142423,84.97367,95.63679,3.413157,84.97367,82.98527,0.7953894,84.97354,63.22526,0.08176852,84.96069,43.22767,0.00819123,83.81276,23.22138,0.0009341809,61.2809,0.0,0.0008631667,12994640.0
ss,27,3.30,3,442684631,66758691,280454172,1,0,1.645307,1.65,-0.00469276,0.0,201.0,9.699897e-14,4.849948e-14,3.520944e-19,7.041887e-19,1.0,8.237999e-05,1.683695e-08,8.074052e-05,8.073706e-05,-0.442455,0.0001918202,102.7816,95.69892,0.442454,102.7816,82.73704,0.09948885,102.7806,62.96005,0.01020874,102.6875,42.96228,0.001032145,97.12461,22.95606,0.0001956917,62.0165,0.0,0.0007929415,12669920.0
ss,27,3.30,4,827674175,850404349,280454172,1,0,1.646045,1.65,-0.00395525,0.0,201.0,9.659885e-14,4.829942e-14,3.73907e-19,7.478139e-19,1.0,8.077622e-05,2.149153e-08,7.792582e-05,7.793319e-05,0.4698653,-0.000199952,102.2236,95.66302,0.4698644,102.2235,82.84675,0.1074386,102.2212,63.07757,0.01103619,101.9918,43.07988,0.001133456,93.8384,23.0737,0.0002895774,61.7616,0.0,0.0008167134,12825330.0
ss,27,3.30,5,1807735885,307422577,280454172,1,0,1.648195,1.65,-0.00180524,0.0,201.0,9.81901e-14,4.909505e-14,4.922358e-19,9.844716e-19,1.0,9.51304e-05,1.194654e-08,8.636183e-05,8.635324e-05,-0.618562,0.0002772978,99.97729,95.80493,0.6185604,99.97729,82.5653,0.1347102,99.97702,62.77416,0.0137993,99.94994,42.77623,0.00138457,97.1913,22.76984,0.0001900759,62.2251,0.0,0.0007742964,12419760.0
ss,27,3.30,6,1772338657,1781486790,280454172,1,0,1.646604,1.65,-0.00339641,0.0,201.0,9.680071e-14,4.840035e-14,1.253748e-19,2.507495e-19,1.0,8.166709e-05,5.555931e-08,7.856189e-05,7.860985e-05,0.1575506,-6.72782e-05,111.7328,95.68115,0.1575503,111.7326,82.82929,0.03587849,111.7168,63.05818,0.003690352,110.3713,43.06047,0.0004309799,95.54765,23.05425,0.0002373177,61.8427,0.0,0.0008091069,12795130.0
ss,27,3.30,7,1031596099,1770890021,280454172,1,0,1.658887,1.65,0.008887011,0.0,201.0,9.669761e-14,4.83488e-14,7.889302e-19,1.57786e-18,1.0,7.857562e-05,3.266791e-10,8.139355e-05,8.139365e-05,-0.991399,0.0004314187,95.74694,95.67189,0.9913969,95.74694,82.67661,0.2220665,95.74709,62.89787,0.02277922,95.76157,42.90008,0.002274706,96.88019,22.89397,0.0001998431,61.88583,0.0,0.0008048745,12609480.0
ss,27,3.30,8,1883006933,1814598314,280454172,1,0,1.649719,1.65,-0.000281104,0.0,201.0,9.705982e-14,4.852991e-14,1.019492e-18,2.038983e-18,1.0,8.719207e-05,6.74315e-09,8.054039e-05,8.053459e-05,1.281131,-0.000554384,93.55252,95.70437,1.281128,93.55251,82.75284,0.288414,93.55208,62.9764,0.02959485,93.50887,42.97863,0.002975009,90.39858,22.97235,0.0004252933,61.73551,0.0,0.0008190008,12680340.0
ss,27,3.30,9,601523545,678859345,280454172,1,0,1.656485,1.65,0.006485413,0.0,201.0,9.71471e-14,4.857355e-14,1.494312e-19,2.988624e-19,1.0,8.168161e-05,2.28828e-08,8.158902e-05,8.159861e-05,0.1877808,-8.17346e-05,110.2392,95.71218,0.1877804,110.2391,82.70651,0.04201179,110.2312,62.92723,0.004313218,109.5061,42.92944,0.0004689912,96.76764,22.92321,0.0002031321,61.80302,0.0,0.0008126065,12627450.0
ss,27,3.30,10,1997546472,199374536,280454172,1,0,1.648764,1.65,-0.00123566,0.0,201.0,9.654556e-14,4.827278e-14,3.491644e-19,6.983287e-19,1.0,7.59702e-05,1.33919e-08,7.890699e-05,7.891021e-05,-0.438773,0.0001880568,102.8134,95.65823,0.438772,102.8134,82.79066,0.09973809,102.8126,63.0187,0.01024008,102.7329,43.02098,0.001033728,97.53638,23.01486,0.0001878988,61.8758,0.0,0.0008060163,12761050.0
ss,27,3.30,11,1345832667,1859328183,280454172,1,0,1.646365,1.65,-0.00363486,0.0,201.0,9.662952e-14,4.831476e-14,2.588441e-19,5.176881e-19,1.0,8.020367e-05,3.181718e-08,7.803345e-05,7.805161e-05,-0.325273,0.0001386843,105.4208,95.66578,0.3252724,105.4208,82.84326,0.07432289,105.4182,63.07374,0.007634477,105.1604,43.07604,0.0007866489,96.35973,23.06985,0.000216524,61.86397,0.0,0.0008071662,12819030.0
ss,27,3.30,12,1361255952,1590418809,280454172,1,0,1.64205,1.65,-0.00795034,0.0,201.0,9.702781e-14,4.85139e-14,5.10415e-19,1.02083e-18,1.0,8.443554e-05,1.479886e-08,8.159441e-05,8.159483e-05,-0.641406,0.000279515,99.55886,95.7015,0.6414052,99.55885,82.69603,0.1435024,99.5584,62.91676,0.01472035,99.51344,42.91896,0.001480049,95.97664,22.91277,0.000222232,62.12008,0.0,0.0007834683,12619140.0
ss,27,3.30,13,2042113881,1359364075,280454172,1,0,1.65302,1.65,0.003019588,0.0,201.0,9.618441e-14,4.809221e-14,1.598375e-18,3.19675e-18,1.0,7.69047e-05,4.248477e-09,7.680288e-05,7.680374e-05,2.008577,-0.000848845,89.56792,95.62567,2.008573,89.56792,82.86947,0.4624635,89.56769,63.10359,0.04751113,89.5445,43.10594,0.0047651,87.62817,23.09982,0.0005937214,61.44486,0.0,0.0008470366,12869820.0
ss,27,3.30,14,672865999,529271832,280454172,1,0,1.64646,1.65,-0.00354015,0.0,201.0,9.629023e-14,4.814511e-14,5.293149e-19,1.05863e-18,1.0,7.493926e-05,1.129438e-08,7.738163e-05,7.738216e-05,-0.665157,0.0002822747,99.17676,95.63523,0.6651555,99.17676,82.84815,0.1526054,99.17648,63.08058,0.01567491,99.14843,43.0829,0.001572982,96.46721,23.07681,0.0002140325,61.86755,0.0,0.0008068843,12844520.0
ss,27,3.30,15,1373647908,826448932,280454172,1,0,1.651251,1.65,0.001251453,0.0,201.0,9.792472e-14,4.896236e-14,4.255133e-19,8.510266e-19,1.0,9.089916e-05,1.226314e-08,8.444548e-05,8.444996e-05,-0.534716,0.0002370648,101.219,95.78143,0.5347147,101.219,82.63394,0.1176923,101.2185,62.84739,0.01206264,101.1754,42.84952,0.001212566,97.48795,22.84316,0.0001852509,62.12349,0.0,0.0007832595,12510890.0
ss,27,3.30,16,2137513022,1481964925,280454172,1,0,1.648309,1.65,-0.00169132,0.0,201.0,9.701313e-14,4.850657e-14,1.275355e-18,2.55071e-18,1.0,8.66546e-05,4.970104e-09,8.137469e-05,8.137348e-05,1.602658,-0.000697144,91.60339,95.70019,1.602655,91.60339,82.70593,0.3590269,91.60307,62.92724,0.03683058,91.57161,42.92945,0.003697363,89.12174,22.92323,0.000489863,61.74868,0.0,0.0008176942,12627430.0
ss,27,3.30,17,1325135717,1221240069,280454172,1,0,1.653994,1.65,0.003994043,0.0,201.0,9.67542e-14,4.83771e-14,4.312376e-19,8.624752e-19,1.0,8.108422e-05,1.459316e-08,8.058517e-05,8.057813e-05,0.5419092,-0.000234517,100.9985,95.67698,0.5419081,100.9984,82.72322,0.1219659,100.9969,62.94666,0.01251671,100.8405,42.94889,0.001274728,93.9825,22.94272,0.0002805502,61.79538,0.0,0.0008133614,12659900.0
ss,27,3.30,18,1928912577,944130088,280454172,1,0,1.645071,1.65,-0.00492937,0.0,201.0,9.719707e-14,4.859854e-14,4.52841e-19,9.05682e-19,1.0,8.486363e-05,1.874238e-08,8.22804e-05,8.228472e-05,-0.569057,0.0002490411,100.6135,95.71664,0.5690556,100.6135,82.67643,0.1268073,100.6129,62.89535,0.01300531,100.5531,42.89754,0.001309852,96.2997,22.89133,0.0002135901,62.08491,0.0,0.0007866027,12588500.0
ss,27,3.30,19,1975376748,73193280,280454172,1,0,1.645588,1.65,-0.00441194,0.0,201.0,9.756558e-14,4.878279e-14,4.794186e-19,9.588371e-19,1.0,9.330432e-05,1.3668e-08,8.311348e-05,8.312275e-05,0.6024551,-0.000264808,100.151,95.74951,0.6024539,100.151,82.66747,0.1336049,100.1496,62.88424,0.01370043,100.0053,42.8864,0.001393331,93.45353,22.88008,0.0002960244,61.9904,0.0,0.0007952563,12558460.0
ss,27,3.30,20,1281602586,87807379,280454172,1,0,1.650658,1.65,0.0006580641,0.0,201.0,9.685891e-14,4.842946e-14,1.133201e-18,2.266401e-18,1.0,8.523742e-05,7.945729e-09,7.93885e-05,7.938968e-05,1.424022,-0.000611824,92.61606,95.68637,1.424019,92.61605,82.79385,0.3227677,92.61565,63.02055,0.03313179,92.57608,43.02282,0.003329177,89.67126,23.01659,0.0004648001,61.6545,0.0,0.0008267392,12744720.0
ss,27,3.30,21,804808264,1322948629,280454172,1,0,1.657036,1.65,0.007036126,0.0,201.0,9.712166e-14,4.856083e-14,3.455468e-19,6.910935e-19,1.0,8.438252e-05,1.696988e-08,8.172105e-05,8.172887e-05,0.4342269,-0.000189243,102.9556,95.7099,0.434226,102.9556,82.69766,0.0970744,102.9535,62.91803,0.009959292,102.7483,42.92023,0.001019986,94.88386,22.91398,0.0002520612,61.79668,0.0,0.0008131725,12610260.0
ss,27,3.30,22,1767979268,1320639130,280454172,1,0,1.647123,1.65,-0.00287684,0.0,201.0,9.82848e-14,4.91424e-14,1.646444e-18,3.292888e-18,1.0,9.451262e-05,3.314625e-09,8.691769e-05,8.691545e-05,-2.06898,0.0009303354,89.49819,95.81331,2.068978,89.49819,82.54682,0.4491914,89.49827,62.75436,0.04600495,89.50603,42.75642,0.004597479,90.23402,22.75003,0.0004224743,62.46298,0.0,0.0007534711,12396490.0
ss,27,3.30,23,1651653494,1746814657,280454172,1,0,1.648489,1.65,-0.00151114,0.0,201.0,9.777242e-14,4.888621e-14,1.105869e-18,2.211737e-18,1.0,8.817145e-05,2.276053e-09,8.32525e-05,8.325359e-05,-1.38968,0.0006115941,92.90966,95.76791,1.389673,92.90966,82.67937,0.3079537,92.90975,62.89581,0.03157206,92.91878,42.89796,0.003154707,93.65203,22.89159,0.0002897199,62.19004,0.0,0.0007771903,12564900.0
ss,27,3.30,24,390532778,186643909,280454172,1,0,1.650127,1.65,0.0001269545,0.0,201.0,9.735932e-14,4.867966e-14,8.55782e-19,1.711564e-18,1.0,9.024181e-05,7.68928e-09,8.200531e-05,8.200563e-05,1.075407,-0.000469579,95.09969,95.73113,1.075405,95.09968,82.70494,0.2400285,95.09912,62.92459,0.02461918,95.043,42.92678,0.0024785,91.30424,22.92047,0.0003809003,61.81457,0.0,0.0008114944,12608800.0
ss,27,3.30,25,1284826079,812655084,280454172,1,0,1.650107,1.65,0.0001074407,0.0,201.0,9.692135e-14,4.846068e-14,5.194926e-19,1.038985e-18,1.0,8.122575e-05,1.108768e-08,8.118788e-05,8.118923e-05,0.6528136,-0.000283599,99.3962,95.69197,0.6528123,99.39619,82.70705,0.1464007,99.39503,62.92886,0.01502074,99.28051,42.93107,0.001522397,93.45913,22.92491,0.0002973642,61.84132,0.0,0.0008090413,12638540.0
ss,27,3.30,26,1098817315,827574171,280454172,1,0,1.652715,1.65,0.00271459,0.0,201.0,9.781133e-14,4.890566e-14,2.56461e-18,5.129219e-18,1.0,9.24558e-05,4.342169e-09,8.476196e-05,8.476155e-05,3.222783,-0.00143085,85.60676,95.77136,3.222777,85.60676,82.60866,0.7081007,85.60662,62.82134,0.07256651,85.59274,42.82346,0.007270022,84.36138,22.81708,0.0008371147,61.64047,0.0,0.0008280146,12476110.0
ss,27,3.30,27,1573445484,919156595,280454172,1,0,1.649342,1.65,-0.000658398,0.0,201.0,9.724451e-14,4.862226e-14,2.21736e-18,4.434721e-18,1.0,9.031561e-05,5.1878e-09,8.214819e-05,8.214743e-05,2.786417,-0.00121787,86.81998,95.72088,2.786412,86.81998,82.68756,0.6214114,86.81981,62.90684,0.06373114,86.80304,42.90903,0.006387038,85.35148,22.90274,0.0007543328,61.64003,0.0,0.00082794,12589830.0
ss,27,3.30,28,709907902,685207046,280454172,1,0,1.658723,1.65,0.008722733,0.0,201.0,9.726995e-14,4.863497e-14,9.485634e-19,1.897127e-18,1.0,8.466457e-05,3.193477e-09,8.217964e-05,8.218128e-05,-1.192,0.0005212112,94.19765,95.72315,1.191998,94.19765,82.68813,0.2657812,94.19776,62.90732,0.027257,94.20935,42.90951,0.002722752,95.14244,22.90324,0.0002443658,61.97962,0.0,0.0007962043,12594640.0
ss,27,3.30,29,873044838,281768753,280454172,1,0,1.653236,1.65,0.003236137,0.0,201.0,9.7372e-14,4.8686e-14,1.01008e-19,2.02016e-19,1.0,8.519927e-05,4.277778e-08,8.378917e-05,8.377432e-05,-0.12693,5.610645e-05,113.661,95.73226,0.1269301,113.6608,82.61797,0.02804508,113.6474,62.8331,0.002879288,112.4761,42.83524,0.0003295789,97.78855,22.829,0.000178658,61.99043,0.0,0.000795346,12510820.0
ss,27,3.30,30,413901983,898001015,280454172,1,0,1.650898,1.65,0.0008983024,0.0,201.0,9.596112e-14,4.798056e-14,1.075509e-18,2.151019e-18,1.0,7.524873e-05,8.017935e-09,7.649129e-05,7.648926e-05,1.351525,-0.000569968,92.98902,95.60549,1.351522,92.98902,82.86615,0.3117861,92.98861,63.10122,0.03203541,92.9478,43.10357,0.003219501,89.97169,23.09749,0.0004531997,61.52303,0.0,0.0008394748,12872840.0
ss,27,3.30,31,367363031,731323293,280454172,1,0,1.651087,1.65,0.001087128,0.0,201.0,9.678613e-14,4.839306e-14,5.589697e-19,1.117939e-18,1.0,8.010284e-05,1.285959e-08,8.041619e-05,8.040859e-05,-0.702422,0.0003038526,98.7479,95.67984,0.7024207,98.7479,82.73477,0.15825,98.74772,62.95867,0.01623856,98.7302,42.96091,0.001627554,96.68824,22.95474,0.0002057431,61.95321,0.0,0.000798757,12677490.0
ss,27,3.30,32,1216589050,1433648710,280454172,1,0,1.652607,1.65,0.002606971,0.0,201.0,9.59147e-14,4.795735e-14,7.914537e-19,1.582907e-18,1.0,7.677267e-05,8.056716e-09,7.526904e-05,7.526971e-05,0.9945701,-0.000416058,95.64859,95.60129,0.9945682,95.64859,82.92801,0.2311911,95.648,63.16678,0.02376506,95.58935,43.16917,0.002393265,91.7284,23.16303,0.0003730196,61.48198,0.0,0.0008435335,12947130.0
ss,27,3.30,33,727597280,611611716,280454172,1,0,1.650692,1.65,0.0006918306,0.0,201.0,9.552652e-14,4.776326e-14,7.356154e-21,1.471231e-20,1.0,7.091748e-05,1.122207e-06,7.441623e-05,7.448621e-05,0.009244016,-3.76011e-06,136.2489,95.56606,0.009243999,136.2098,82.93576,0.002169194,133.4529,63.17697,0.0003063385,116.6359,43.17939,0.0002124095,96.20173,23.17338,0.0002231427,61.6214,0.0,0.0008301746,12983290.0
ss,27,3.30,34,1715299994,211826450,280454172,1,0,1.655605,1.65,0.005605414,0.0,201.0,9.69532e-14,4.84766e-14,1.12477e-18,2.24954e-18,1.0,8.178717e-05,5.861153e-09,8.017837e-05,8.017936e-05,-1.41343,0.0006104598,92.68937,95.69482,1.413425,92.68937,82.76152,0.3188655,92.68944,62.98604,0.03272126,92.6968,42.98828,0.003270198,93.24827,22.98206,0.0003066827,61.97834,0.0,0.0007964988,12702020.0
ss,27,3.30,35,660668103,2043060642,280454172,1,0,1.653844,1.65,0.003843916,0.0,201.0,9.659162e-14,4.829581e-14,2.302115e-18,4.604229e-18,1.0,8.399148e-05,2.394202e-09,7.71771e-05,7.717722e-05,2.892923,-0.00122559,86.43565,95.66237,2.892917,86.43565,82.88621,0.6645506,86.43551,63.11923,0.0682631,86.42191,43.12157,0.006838847,85.2046,23.1153,0.0007862035,61.34274,0.0,0.000857024,12864200.0
ss,27,3.30,36,836199740,2040802395,280454172,1,0,1.653376,1.65,0.00337601,0.0,201.0,9.696275e-14,4.848138e-14,6.313703e-19,1.262741e-18,1.0,8.433269e-05,9.668554e-09,8.115645e-05,8.115735e-05,0.7934033,-0.000344625,97.70582,95.69568,0.7934017,97.70581,82.71238,0.1779626,97.70495,62.93427,0.01825854,97.62019,42.93649,0.001844228,92.73074,22.93025,0.0003235753,61.78641,0.0,0.0008141644,12633810.0
ss,27,3.30,37,1464906819,1703682996,280454172,1,0,1.643089,1.65,-0.0069111,0.0,201.0,9.711043e-14,4.855522e-14,4.477642e-19,8.955285e-19,1.0,8.710586e-05,1.089018e-08,8.161424e-05,8.160836e-05,0.5626771,-0.000245056,100.7037,95.7089,0.562676,100.7037,82.70274,0.1258785,100.7021,62.92344,0.01291413,100.5468,42.92564,0.001315047,93.7362,22.9194,0.0002878459,61.96491,0.0,0.0007975858,12620260.0
ss,27,3.30,38,142007896,1855780477,280454172,1,0,1.654179,1.65,0.004178913,0.0,201.0,9.620413e-14,4.810206e-14,1.80703e-18,3.61406e-18,1.0,8.200006e-05,7.449401e-09,7.664286e-05,7.664187e-05,2.270781,-0.000958644,88.50397,95.62746,2.270777,88.50396,82.87993,0.523357,88.50375,63.11453,0.05376989,88.48219,43.11688,0.005391807,86.68633,23.11071,0.0006625506,61.39026,0.0,0.0008523599,12874540.0
ss,27,3.30,39,1896628971,1503596702,280454172,1,0,1.649338,1.65,-0.00066228,0.0,201.0,9.660911e-14,4.830455e-14,4.947019e-20,9.894039e-20,1.0,7.897556e-05,9.815366e-08,7.891557e-05,7.897371e-05,0.06216608,-2.65589e-05,119.7929,95.66394,0.06216596,119.792,82.79306,0.01412704,119.7086,63.02093,0.001464249,115.0776,43.0232,0.0002496191,96.33583,23.01703,0.0002158043,61.82019,0.0,0.0008111699,12755500.0
ss,27,3.30,40,1623030947,2129057059,280454172,1,0,1.648699,1.65,-0.00130072,0.0,201.0,9.671884e-14,4.835942e-14,2.565594e-18,5.131189e-18,1.0,8.91239e-05,3.838579e-09,8.011159e-05,8.010817e-05,3.224021,-0.00139155,85.50586,95.6738,3.224015,85.50586,82.74416,0.7276371,85.50573,62.96888,0.07467193,85.49254,42.97112,0.007480472,84.31449,22.96493,0.0008560956,61.51265,0.0,0.0008402618,12685440.0
ss,27,3.30,41,222330866,955513958,280454172,1,0,1.649568,1.65,-0.000431562,0.0,201.0,9.671071e-14,4.835536e-14,4.82191e-19,9.643819e-19,1.0,7.985937e-05,1.817358e-08,7.930164e-05,7.929901e-05,-0.605939,0.0002603209,100.0245,95.67307,0.6059379,100.0245,82.78526,0.1374162,100.024,63.01221,0.01410616,99.97714,43.01448,0.001418623,96.30207,23.00832,0.0002164274,61.91813,0.0,0.0008020751,12745470.0
ss,27,3.30,42,713391299,1504164678,280454172,1,0,1.658467,1.65,0.008466862,0.0,201.0,9.651387e-14,4.825693e-14,1.538239e-18,3.076478e-18,1.0,8.105992e-05,5.637773e-09,7.87132e-05,7.871571e-05,1.933008,-0.000827015,89.93072,95.65538,1.933004,89.93072,82.79797,0.439909,89.93047,63.02656,0.04516524,89.9064,43.02885,0.004530254,87.92633,23.02267,0.0005686134,61.49025,0.0,0.0008425325,12760900.0
ss,27,3.30,43,400301098,1867126684,280454172,1,0,1.654367,1.65,0.004366687,0.0,201.0,9.702989e-14,4.851495e-14,1.665325e-18,3.330651e-18,1.0,9.073546e-05,7.501399e-09,8.204942e-05,8.204794e-05,2.092709,-0.000914091,89.28753,95.70169,2.092705,89.28753,82.67337,0.4669734,89.28728,62.89291,0.04789403,89.26287,42.8951,0.004804093,87.27184,22.88886,0.0006037418,61.64,0.0,0.0008279534,12581230.0
ss,27,3.30,44,2126660430,2130278867,280454172,1,0,1.649592,1.65,-0.000408368,0.0,201.0,9.779462e-14,4.889731e-14,1.034174e-18,2.068347e-18,1.0,9.556524e-05,8.092798e-09,8.343114e-05,8.343101e-05,1.299581,-0.000572386,93.49383,95.76988,1.299578,93.49382,82.67255,0.2876975,93.49336,62.88854,0.02949572,93.44686,42.89069,0.00296614,90.18286,22.88428,0.0004315899,61.88242,0.0,0.000805209,12551080.0
ss,27,3.30,45,1974672513,1275322049,280454172,1,0,1.64397,1.65,-0.00603028,0.0,201.0,9.743087e-14,4.871543e-14,6.452662e-19,1.290532e-18,1.0,9.554872e-05,1.20336e-08,7.991777e-05,7.992701e-05,0.8108654,-0.000349521,97.55855,95.73751,0.8108639,97.55854,82.8172,0.1832031,97.5576,63.04241,0.01880359,97.46389,43.04466,0.001901246,92.31761,23.03825,0.0003435834,61.85087,0.0,0.000808266,12742730.0
ss,27,3.30,46,872017539,825703287,280454172,1,0,1.643492,1.65,-0.00650796,0.0,201.0,9.713286e-14,4.856643e-14,4.098673e-19,8.197345e-19,1.0,8.901965e-05,1.333235e-08,8.016126e-05,8.016714e-05,0.5150544,-0.000222316,101.4739,95.7109,0.5150534,101.4738,82.77823,0.1162035,101.472,63.00278,0.01192727,101.2881,43.00503,0.001218559,93.90136,22.99873,0.0002850156,61.91119,0.0,0.0008026471,12710860.0
ss,27,3.30,47,1960961068,1040848456,280454172,1,0,1.656746,1.65,0.006746097,0.0,201.0,9.673725e-14,4.836862e-14,1.132281e-19,2.264563e-19,1.0,7.750971e-05,5.980891e-08,8.184839e-05,8.184935e-05,-0.142287,6.216456e-05,112.6122,95.67545,0.1422864,112.6121,82.65713,0.03178729,112.5998,62.87719,0.003264909,111.517,42.87939,0.0003699291,97.22531,22.87331,0.000191602,61.90469,0.0,0.0008030962,12587270.0
ss,27,3.30,48,717206833,1841897136,280454172,1,0,1.65095,1.65,0.0009499181,0.0,201.0,9.761662e-14,4.880831e-14,1.268854e-18,2.537708e-18,1.0,8.628907e-05,4.420741e-09,8.436217e-05,8.436131e-05,-1.59449,0.0007063783,91.70164,95.75406,1.594486,91.70164,82.61091,0.3511264,91.70173,62.82458,0.03598676,91.71001,42.82671,0.003596126,92.41674,22.82043,0.0003312718,62.23038,0.0,0.0007737303,12495670.0
ss,27,3.30,49,1532927351,1278772473,280454172,1,0,1.654213,1.65,0.00421312,0.0,201.0,9.718499e-14,4.85925e-14,8.515116e-20,1.703023e-19,1.0,8.21637e-05,6.629682e-08,8.331667e-05,8.327013e-05,-0.107004,4.717147e-05,115.1276,95.71556,0.1070039,115.1274,82.6262,0.02371058,115.106,62.8426,0.002436843,113.3733,42.84476,0.0002975581,97.38061,22.83858,0.0001874556,61.97204,0.0,0.0007969948,12531600.0
ss,27,3.30,50,469071558,986576214,280454172,1,0,1.654322,1.65,0.004322004,0.0,201.0,9.761829e-14,4.880914e-14,4.4832e-19,8.9664e-19,1.0,8.710822e-05,7.926729e-09,8.373665e-05,8.373714e-05,-0.563376,0.0002487047,100.7383,95.7542,0.5633744,100.7383,82.64174,0.1245014,100.738,62.85696,0.01276283,100.7145,42.85911,0.001280064,98.01157,22.85279,0.0001746067,62.01689,0.0,0.0007929052,12527050.0
ss,27,3.30,51,1200221711,849075793,280454172,1,0,1.653825,1.65,0.003825274,0.0,201.0,9.626729e-14,4.813364e-14,2.085374e-18,4.170749e-18,1.0,8.186752e-05,4.595549e-09,7.706667e-05,7.706541e-05,2.620559,-0.00110938,87.26529,95.63316,2.620554,87.26529,82.86296,0.6023978,87.26513,63.09631,0.06188128,87.24847,43.09865,0.006201675,85.80064,23.09247,0.000732135,61.3911,0.0,0.0008522549,12849590.0
ss,27,3.30,52,1501228454,491254217,280454172,1,0,1.654995,1.65,0.004994688,0.0,201.0,9.543018e-14,4.771509e-14,2.129314e-18,4.258628e-18,1.0,7.085488e-05,2.100208e-09,7.425777e-05,7.425758e-05,2.675775,-0.00111195,87.00832,95.5573,2.67577,87.00832,82.93962,0.6259865,87.00817,63.18155,0.0643678,86.9937,43.18398,0.006449317,85.70632,23.17795,0.0007474488,61.21716,0.0,0.0008696033,12986050.0
ss,27,3.30,53,513590643,1438957826,280454172,1,0,1.647936,1.65,-0.00206365,0.0,201.0,9.667352e-14,4.833676e-14,1.337584e-18,2.675169e-18,1.0,8.586848e-05,6.322693e-09,7.849195e-05,7.849592e-05,1.680858,-0.000718113,91.15913,95.66973,1.680855,91.15912,82.82384,0.3830328,91.15882,63.05305,0.03932891,91.12806,43.05535,0.003947882,88.72978,23.04911,0.0005199561,61.63935,0.0,0.0008282139,12784750.0
ss,27,3.30,54,69286945,1827421242,280454172,1,0,1.650726,1.65,0.0007261902,0.0,201.0,9.636863e-14,4.818431e-14,2.149133e-18,4.298267e-18,1.0,8.619637e-05,5.286211e-09,7.633978e-05,7.634072e-05,2.700681,-0.00113791,87.01285,95.64229,2.700676,87.01284,82.91095,0.623599,87.01268,63.14646,0.06407509,86.99587,43.14882,0.006421661,85.54091,23.14257,0.0007587227,61.38749,0.0,0.0008526309,12901770.0
ss,27,3.30,55,1530897223,1969028097,280454172,1,0,1.659031,1.65,0.009030546,0.0,201.0,9.730286e-14,4.865143e-14,2.788818e-19,5.577636e-19,1.0,8.328987e-05,6.605518e-09,8.380858e-05,8.38064e-05,-0.350453,0.0001547927,104.8335,95.72609,0.3504525,104.8335,82.61021,0.07741687,104.8328,62.82526,0.007936383,104.7639,42.82741,0.000800158,99.43147,22.82118,0.0001477357,61.93686,0.0,0.0008002864,12504640.0
ss,27,3.30,56,48952819,1028901772,280454172,1,0,1.658237,1.65,0.00823686,0.0,201.0,9.624395e-14,4.812198e-14,4.398362e-19,8.796725e-19,1.0,7.94808e-05,1.574817e-08,7.654743e-05,7.655098e-05,0.5527145,-0.00023314,100.781,95.63105,0.5527135,100.781,82.8884,0.1274583,100.7795,63.12328,0.01309745,100.633,43.12563,0.001332396,93.98757,23.11946,0.0002861504,61.53541,0.0,0.000838331,12886380.0
ss,27,3.30,57,598961705,1163224341,280454172,1,0,1.647969,1.65,-0.00203136,0.0,201.0,9.743606e-14,4.871803e-14,1.790971e-19,3.581943e-19,1.0,9.140149e-05,6.573924e-08,8.326987e-05,8.32724e-05,0.2250601,-9.89482e-05,108.692,95.73797,0.2250596,108.6919,82.6485,0.04986879,108.6822,62.86489,0.005118404,107.8052,42.86705,0.0005663628,94.61927,22.86078,0.0002582709,62.00764,0.0,0.0007937046,12543370.0
ss,27,3.30,58,536701667,333118805,280454172,1,0,1.651041,1.65,0.001040882,0.0,201.0,9.62828e-14,4.81414e-14,5.635867e-19,1.127173e-18,1.0,7.776764e-05,1.034881e-08,7.664478e-05,7.663856e-05,-0.708224,0.0002990949,98.63116,95.63456,0.7082226,98.63116,82.8872,0.1632308,98.63099,63.12182,0.01677033,98.61406,43.12417,0.00168076,96.63528,23.118,0.0002109289,61.79503,0.0,0.0008136965,12885330.0
ss,27,3.30,59,1905231084,1689372654,280454172,1,0,1.653513,1.65,0.00351307,0.0,201.0,9.726542e-14,4.863271e-14,1.221094e-18,2.442188e-18,1.0,8.780756e-05,7.94158e-09,8.347235e-05,8.346826e-05,1.534472,-0.000676013,92.00359,95.72275,1.534469,92.00358,82.62357,0.3396248,92.00323,62.83947,0.03481866,91.96791,42.84162,0.003496919,89.29556,22.83541,0.000475327,61.78542,0.0,0.0008142913,12522560.0
ss,27,3.30,60,1522240354,543612146,280454172,1,0,1.647024,1.65,-0.00297648,0.0,201.0,9.651195e-14,4.825598e-14,5.01844e-19,1.003688e-18,1.0,7.522676e-05,6.846633e-09,7.809176e-05,7.809344e-05,-0.630636,0.0002688477,99.65965,95.6552,0.6306346,99.65965,82.83048,0.1440594,99.65946,63.06084,0.01479344,99.64063,43.06314,0.001482947,97.41232,23.05702,0.0001915292,61.89691,0.0,0.0008041328,12814140.0
ss,27,3.30,61,1156515773,1372227260,280454172,1,0,1.653863,1.65,0.003863331,0.0,201.0,9.612238e-14,4.806119e-14,1.65685e-18,3.313699e-18,1.0,7.897081e-05,6.355819e-09,7.691237e-05,7.691121e-05,2.082059,-0.000880512,89.25023,95.62007,2.082055,89.25023,82.85811,0.4790649,89.24999,63.09192,0.04921487,89.22673,43.09426,0.004936016,87.31034,23.08813,0.0006150206,61.43706,0.0,0.0008477764,12853060.0
ss,27,3.30,62,1831150086,513169693,280454172,1,0,1.647138,1.65,-0.00286219,0.0,201.0,9.665921e-14,4.832961e-14,7.145983e-19,1.429197e-18,1.0,8.561254e-05,1.08071e-08,7.846732e-05,7.846292e-05,0.8979908,-0.000383526,96.60303,95.66845,0.897989,96.60302,82.82429,0.2046744,96.60223,63.05359,0.02101687,96.52455,43.05589,0.002121128,91.92358,23.04962,0.0003599993,61.71663,0.0,0.0008208957,12780080.0
ss,27,3.30,63,1405468116,235989370,280454172,1,0,1.644073,1.65,-0.0059272,0.0,201.0,9.734236e-14,4.867118e-14,1.192689e-18,2.385379e-18,1.0,8.376306e-05,3.382652e-09,8.188049e-05,8.188278e-05,-1.49878,0.0006541562,92.21489,95.72962,1.498775,92.21489,82.70961,0.3347619,92.21497,62.92958,0.0343345,92.22266,42.93178,0.003431278,92.8427,22.92551,0.0003192571,62.19652,0.0,0.000776616,12622660.0
ss,27,3.30,64,1111779476,1243979806,280454172,1,0,1.64603,1.65,-0.00396955,0.0,201.0,9.819083e-14,4.909542e-14,1.754087e-18,3.508174e-18,1.0,9.108893e-05,3.088687e-09,8.72674e-05,8.726856e-05,-2.20425,0.0009931636,88.9398,95.805,2.204246,88.9398,82.52173,0.4776355,88.93988,62.72845,0.04891349,88.94782,42.7305,0.004888034,89.71259,22.72418,0.0004472799,62.51116,0.0,0.0007493459,12376260.0
ss,27,3.30,65,1460328144,902385226,280454172,1,0,1.653241,1.65,0.003241154,0.0,201.0,9.57667e-14,4.788335e-14,1.499433e-18,2.998865e-18,1.0,7.347776e-05,3.609173e-09,7.630361e-05,7.630363e-05,1.884243,-0.000793707,90.08515,95.58787,1.884239,90.08515,82.85853,0.43518,90.08491,63.09415,0.04471586,90.06161,43.09651,0.004484817,88.12855,23.09044,0.0005598798,61.42219,0.0,0.0008492638,12867050.0
ss,27,3.30,66,697521796,72935359,280454172,1,0,1.65691,1.65,0.006909666,0.0,201.0,9.816764e-14,4.908382e-14,8.422475e-19,1.684495e-18,1.0,8.967129e-05,1.380116e-09,8.74213e-05,8.742066e-05,-1.0584,0.0004773152,95.30997,95.80295,1.058397,95.30997,82.51247,0.2291526,95.31013,62.71884,0.02346581,95.32565,42.72089,0.002342943,96.63525,22.71452,0.0002013554,62.21114,0.0,0.0007756738,12358200.0
ss,27,3.30,67,404249614,958829910,280454172,1,0,1.655872,1.65,0.005872116,0.0,201.0,9.742128e-14,4.871064e-14,3.758991e-19,7.517983e-19,1.0,8.913916e-05,1.824006e-08,8.155679e-05,8.15688e-05,0.4723688,-0.000205666,102.251,95.73666,0.4723678,102.251,82.7325,0.1056997,102.2491,62.9533,0.01084455,102.0572,42.9555,0.001108961,94.4662,22.94915,0.0002655507,61.81891,0.0,0.0008111325,12638580.0
ss,27,3.30,68,1638841411,146094233,280454172,1,0,1.650755,1.65,0.0007548896,0.0,201.0,9.736483e-14,4.868241e-14,6.061419e-19,1.212284e-18,1.0,8.967772e-05,8.382827e-09,8.154755e-05,8.155107e-05,0.7617003,-0.000331654,98.09596,95.73162,0.7616988,98.09595,82.72836,0.1704593,98.09505,62.94921,0.01748671,98.00592,42.95141,0.001767155,92.96212,22.94507,0.0003156075,61.82531,0.0,0.000810528,12635020.0
ss,27,3.30,69,713520815,2004673065,280454172,1,0,1.651201,1.65,0.001201402,0.0,201.0,9.727988e-14,4.863994e-14,3.066553e-18,6.133105e-18,1.0,8.965907e-05,3.924441e-09,8.154515e-05,8.154518e-05,3.853544,-0.00167814,84.00685,95.72404,3.853536,84.00685,82.72108,0.8624054,84.00674,62.94194,0.08846264,83.99591,42.94414,0.008859553,83.00911,22.93779,0.0009918224,61.47516,0.0,0.0008438344,12623210.0
ss,27,3.30,70,377245274,801650852,280454172,1,0,1.642963,1.65,-0.00703712,0.0,201.0,9.693597e-14,4.846799e-14,2.093284e-18,4.186568e-18,1.0,8.830138e-05,6.104699e-09,7.794451e-05,7.794666e-05,2.630498,-0.00111993,87.29254,95.69328,2.630493,87.29254,82.8763,0.6014343,87.29235,63.10708,0.06176418,87.27376,43.10939,0.006191295,85.69238,23.10305,0.0007422211,61.55103,0.0,0.0008366748,12835880.0
ss,27,3.30,71,113591158,1541683890,280454172,1,0,1.649507,1.65,-0.000492609,0.0,201.0,9.659789e-14,4.829895e-14,1.210277e-18,2.420555e-18,1.0,8.060774e-05,5.87896e-09,7.948134e-05,7.947977e-05,1.520879,-0.000653819,92.02105,95.66293,1.520876,92.02105,82.76574,0.3445359,92.02071,62.99219,0.03536505,91.98619,42.99445,0.003551513,89.35948,22.98831,0.0004802216,61.67549,0.0,0.0008247225,12723000.0
ss,27,3.30,72,1944853938,1024586032,280454172,1,0,1.654886,1.65,0.00488576,0.0,201.0,9.618784e-14,4.809392e-14,1.193189e-18,2.386378e-18,1.0,7.661494e-05,5.916547e-09,7.704687e-05,7.70412e-05,1.499405,-0.000634625,92.10762,95.62598,1.499402,92.10762,82.85708,0.3447253,92.10728,63.0905,0.03541287,92.07391,43.09284,0.003555874,89.50694,23.08672,0.0004775176,61.50201,0.0,0.0008414926,12853390.0
ss,27,3.30,73,737203615,1244341895,280454172,1,0,1.651234,1.65,0.001234187,0.0,201.0,9.657673e-14,4.828836e-14,1.718401e-19,3.436802e-19,1.0,7.848527e-05,4.343423e-08,7.844129e-05,7.84652e-05,-0.215941,9.233577e-05,108.9744,95.66103,0.2159403,108.9743,82.81675,0.04921783,108.9689,63.04605,0.005056562,108.4632,43.04835,0.0005361129,97.06297,23.04218,0.0001990492,61.81228,0.0,0.000811955,12788230.0
ss,27,3.30,74,650771241,1055616738,280454172,1,0,1.651564,1.65,0.001564253,0.0,201.0,9.648963e-14,4.824482e-14,5.919192e-19,1.183838e-18,1.0,7.876465e-05,1.371825e-08,7.847623e-05,7.848625e-05,0.7438276,-0.000317719,98.22376,95.65319,0.7438262,98.22375,82.80781,0.169513,98.22275,63.03705,0.01740664,98.1239,43.03934,0.001761052,92.78886,23.03319,0.0003252494,61.67287,0.0,0.0008250517,12779410.0
ss,27,3.30,75,1874069049,554611768,280454172,1,0,1.650499,1.65,0.0004988472,0.0,201.0,9.772383e-14,4.886191e-14,1.261341e-18,2.522682e-18,1.0,9.749809e-05,4.129987e-09,8.36864e-05,8.368784e-05,1.585048,-0.000699222,91.76276,95.76359,1.585044,91.76276,82.65356,0.3503807,91.76244,62.86891,0.03591892,91.73091,42.87105,0.003605843,89.27253,22.86465,0.000478196,61.82876,0.0,0.000810231,12528220.0
ss,27,3.30,76,1541549497,1481238945,280454172,1,0,1.644454,1.65,-0.00554561,0.0,201.0,9.695286e-14,4.847643e-14,1.291975e-18,2.58395e-18,1.0,9.298817e-05,7.823061e-09,7.920787e-05,7.921546e-05,1.623543,-0.000696786,91.48553,95.69479,1.62354,91.48553,82.81132,0.3683747,91.48517,63.03851,0.03781523,91.44983,43.04078,0.003797933,88.79248,23.03448,0.000515347,61.69669,0.0,0.0008227307,12755530.0
ss,27,3.30,77,1052361106,556518097,280454172,1,0,1.655949,1.65,0.005949423,0.0,201.0,9.821763e-14,4.910882e-14,2.071011e-18,4.142021e-18,1.0,8.781775e-05,1.454055e-10,8.746949e-05,8.746953e-05,-2.60251,0.001173918,87.49954,95.80737,2.602503,87.49954,82.51458,0.5633156,87.49964,62.72084,0.0576846,87.50916,42.72289,0.0057635,88.4943,22.71655,0.0005141766,62.40975,0.0,0.0007582065,12365600.0
ss,27,3.30,78,94530019,1524324836,280454172,1,0,1.646069,1.65,-0.00393126,0.0,201.0,9.61444e-14,4.80722e-14,3.905806e-19,7.811613e-19,1.0,7.534903e-05,2.043488e-08,7.743901e-05,7.743607e-05,0.4908181,-0.000208207,101.8037,95.62206,0.4908172,101.8036,82.83212,0.1125704,101.8015,63.06439,0.01156492,101.5954,43.06672,0.001184586,93.81815,23.06063,0.0002898171,61.75153,0.0,0.0008176652,12825910.0
ss,27,3.30,79,1135624666,1402291998,280454172,1,0,1.648921,1.65,-0.00107851,0.0,201.0,9.672222e-14,4.836111e-14,8.6475e-19,1.7295e-18,1.0,8.282875e-05,9.411636e-09,7.86307e-05,7.86264e-05,1.086677,-0.000464617,94.95211,95.67411,1.086675,94.95211,82.82138,0.2474364,94.95154,63.05022,0.02540588,94.8947,43.05251,0.00255794,91.13461,23.04629,0.0003940798,61.68401,0.0,0.0008239854,12784250.0
ss,27,3.30,80,1744970127,645336529,280454172,1,0,1.653533,1.65,0.003533406,0.0,201.0,9.782218e-14,4.891109e-14,5.471246e-19,1.094249e-18,1.0,9.035187e-05,9.836285e-09,8.611884e-05,8.611609e-05,-0.687537,0.0003077833,99.02642,95.77233,0.6875355,99.02642,82.54406,0.1499278,99.0263,62.75349,0.01535888,99.01362,42.75557,0.0015385,97.22264,22.74925,0.0001889427,62.17987,0.0,0.0007783658,12406270.0
ss,27,3.30,81,1376046860,204983377,280454172,1,0,1.658221,1.65,0.008221496,0.0,201.0,9.718228e-14,4.859114e-14,1.340174e-18,2.680348e-18,1.0,8.497379e-05,2.148354e-09,8.176109e-05,8.176042e-05,-1.68411,0.0007344751,91.18792,95.71532,1.684109,91.18792,82.70149,0.376425,91.18803,62.92178,0.0386089,91.19926,42.92398,0.003856879,92.28641,22.91771,0.0003400674,62.00043,0.0,0.0007943334,12612930.0
ss,27,3.30,82,359471759,1862815291,280454172,1,0,1.65246,1.65,0.002459504,0.0,201.0,9.656177e-14,4.828088e-14,2.136807e-19,4.273613e-19,1.0,7.845655e-05,2.564829e-08,7.930909e-05,7.931013e-05,0.268519,-0.000115248,107.0802,95.65968,0.2685185,107.0801,82.7713,0.06089159,107.0752,62.99822,0.006253892,106.607,43.00048,0.0006601971,95.66756,22.99433,0.0002324548,61.76645,0.0,0.0008161704,12729310.0
ss,27,3.30,83,495367475,217447436,280454172,1,0,1.645661,1.65,-0.00433908,0.0,201.0,9.798672e-14,4.899336e-14,1.799854e-18,3.599709e-18,1.0,8.962691e-05,3.893362e-09,8.560748e-05,8.56072e-05,-2.26176,0.001009334,88.698,95.78692,2.261759,88.698,82.58318,0.4946054,88.69807,62.79381,0.05067423,88.70511,42.79591,0.005064537,89.37152,22.78961,0.0004687102,62.4679,0.0,0.0007529453,12456610.0
ss,27,3.30,84,742312930,2009590887,280454172,1,0,1.647474,1.65,-0.00252647,0.0,201.0,9.585573e-14,4.792786e-14,1.165617e-18,2.331234e-18,1.0,7.459853e-05,7.772442e-09,7.588538e-05,7.589105e-05,1.464757,-0.000615301,92.28064,95.59594,1.464755,92.28064,82.88889,0.339166,92.28025,63.12575,0.03485578,92.24166,43.12812,0.003502059,89.39666,23.12207,0.0004855904,61.53642,0.0,0.0008381961,12908350.0
ss,27,3.30,85,227761222,1845971919,280454172,1,0,1.653234,1.65,0.003234009,0.0,201.0,9.722628e-14,4.861314e-14,1.808829e-18,3.617658e-18,1.0,9.332167e-05,6.245628e-09,8.193399e-05,8.193355e-05,2.273041,-0.000992179,88.58712,95.71925,2.273037,88.58712,82.69669,0.5075495,88.58691,62.91653,0.05205722,88.56567,42.91872,0.005219786,86.78815,22.91243,0.0006400497,61.63421,0.0,0.0008285085,12601620.0
ss,27,3.30,86,2019428896,461363103,280454172,1,0,1.651035,1.65,0.001034592,0.0,201.0,9.65289e-14,4.826445e-14,7.442605e-19,1.488521e-18,1.0,8.241332e-05,8.645117e-09,7.759745e-05,7.759796e-05,0.9352653,-0.000397244,96.23805,95.65673,0.9352635,96.23804,82.8582,0.214293,96.23734,63.08999,0.02201065,96.16741,43.09231,0.002219448,91.85312,23.08608,0.0003644583,61.65267,0.0,0.0008270159,12832840.0
ss,27,3.30,87,1630834618,556309232,280454172,1,0,1.656014,1.65,0.006013938,0.0,201.0,9.711877e-14,4.855939e-14,2.44757e-18,4.89514e-18,1.0,9.055521e-05,4.111286e-09,8.249707e-05,8.250043e-05,3.075707,-0.00134722,85.95076,95.70964,3.075701,85.95076,82.65862,0.6845311,85.95062,62.87699,0.07019698,85.93694,42.87917,0.007032524,84.71733,22.87294,0.0008086871,61.54222,0.0,0.0008373457,12564140.0
ss,27,3.30,88,393549448,11770577,280454172,1,0,1.654672,1.65,0.004672252,0.0,201.0,9.789071e-14,4.894535e-14,1.680657e-18,3.361314e-18,1.0,9.581783e-05,2.916011e-09,8.461103e-05,8.46125e-05,2.111976,-0.000936838,89.28465,95.77841,2.111972,89.28465,82.62298,0.4644261,89.28444,62.83603,0.04759696,89.2642,42.83815,0.004771965,87.54144,22.83175,0.0005814539,61.73795,0.0,0.0008187912,12490770.0
ss,27,3.30,89,1152533091,1718851302,280454172,1,0,1.65295,1.65,0.002949576,0.0,201.0,9.737691e-14,4.868846e-14,5.888762e-19,1.177752e-18,1.0,8.882958e-05,1.060761e-08,8.293356e-05,8.292761e-05,0.7400037,-0.000324912,98.34804,95.7327,0.7400022,98.34803,82.66036,0.164292,98.34706,62.87763,0.01684723,98.25104,42.87979,0.001703875,92.9856,22.8735,0.0003121724,61.86389,0.0,0.0008069304,12554520.0
ss,27,3.30,90,100843060,217992775,280454172,1,0,1.657129,1.65,0.007128901,0.0,201.0,9.737445e-14,4.868722e-14,4.755434e-19,9.510868e-19,1.0,8.531364e-05,1.674131e-08,8.248155e-05,8.248423e-05,-0.597585,0.0002618297,100.2045,95.73248,0.5975842,100.2045,82.68227,0.1330114,100.2042,62.90068,0.01364036,100.1711,42.90286,0.001369579,97.0761,22.8966,0.000195445,61.95304,0.0,0.0007986382,12587240.0
ss,27,3.30,91,895253896,1341009608,280454172,1,0,1.652741,1.65,0.002740564,0.0,201.0,9.690722e-14,4.845361e-14,1.478008e-18,2.956016e-18,1.0,8.578817e-05,5.919617e-09,8.144301e-05,8.143879e-05,1.85732,-0.000808255,90.31299,95.6907,1.857316,90.31298,82.69313,0.4159176,90.31272,62.91427,0.04266557,90.28639,42.91648,0.004280597,88.16048,22.91027,0.0005463737,61.65511,0.0,0.0008265325,12613640.0
ss,27,3.30,92,860656139,718537203,280454172,1,0,1.651135,1.65,0.001135442,0.0,201.0,9.670532e-14,4.835266e-14,1.292781e-18,2.585561e-18,1.0,8.486473e-05,9.7439e-09,7.969867e-05,7.97001e-05,1.624556,-0.000699353,91.45791,95.67259,1.624553,91.45791,82.76399,0.3675396,91.45756,62.98983,0.03772363,91.42276,42.99209,0.003788489,88.79341,22.9859,0.0005124184,61.65269,0.0,0.0008268723,12713300.0
ss,27,3.30,93,2072446047,1467406980,280454172,1,0,1.650111,1.65,0.0001109453,0.0,201.0,9.672125e-14,4.836063e-14,8.529611e-19,1.705922e-18,1.0,8.326616e-05,9.594373e-09,7.973463e-05,7.973228e-05,1.071863,-0.000461495,95.07125,95.67402,1.07186,95.07125,82.76376,0.2424518,95.07067,62.98951,0.02488524,95.01336,42.99176,0.002505648,91.227,22.98556,0.0003871931,61.70928,0.0,0.0008215141,12709000.0
ss,27,3.30,94,479185364,1558890468,280454172,1,0,1.639803,1.65,-0.0101965,0.0,201.0,9.753685e-14,4.876842e-14,9.742319e-20,1.948464e-19,1.0,9.247992e-05,9.523652e-08,8.148665e-05,8.155507e-05,0.1224256,-5.32195e-05,113.9895,95.74695,0.1224253,113.9892,82.74349,0.02739771,113.9577,62.96433,0.002820518,111.5965,42.96653,0.0003702559,94.92465,22.96017,0.000252218,62.05843,0.0,0.0007890842,12650940.0
ss,27,3.30,95,98173779,1358563439,280454172,1,0,1.643093,1.65,-0.00690685,0.0,201.0,9.692699e-14,4.84635e-14,5.961376e-19,1.192275e-18,1.0,8.194135e-05,1.060208e-08,7.969611e-05,7.970253e-05,-0.749129,0.0003226333,98.20136,95.69248,0.7491271,98.20136,82.78375,0.1694804,98.20113,63.00958,0.01739493,98.17785,43.01184,0.001744615,95.87073,23.00563,0.0002273762,62.04613,0.0,0.0007903312,12734910.0
ss,27,3.30,96,684456195,1162251167,280454172,1,0,1.654409,1.65,0.004408608,0.0,201.0,9.60221e-14,4.801105e-14,2.560933e-18,5.121866e-18,1.0,7.749608e-05,3.353634e-09,7.656098e-05,7.656176e-05,3.218163,-0.00135794,85.45886,95.611,3.218157,85.45886,82.86777,0.7420716,85.45873,63.10262,0.07624202,85.44618,43.10497,0.007637298,84.31656,23.09887,0.0008691917,61.29402,0.0,0.0008618338,12871830.0
ss,27,3.30,97,1012872666,523862782,280454172,1,0,1.65071,1.65,0.0007099615,0.0,201.0,9.735699e-14,4.86785e-14,1.656491e-18,3.312983e-18,1.0,9.395163e-05,7.937317e-09,8.245991e-05,8.246319e-05,2.081608,-0.000911534,89.36296,95.73092,2.081604,89.36296,82.68177,0.4633834,89.3627,62.90023,0.04752001,89.33688,42.90241,0.004767343,87.25897,22.8961,0.000605141,61.72693,0.0,0.0008197097,12579830.0
ss,27,3.30,98,450562188,2012274449,280454172,1,0,1.656777,1.65,0.006777044,0.0,201.0,9.657618e-14,4.828809e-14,9.702259e-19,1.940452e-18,1.0,7.806097e-05,6.983157e-09,8.080576e-05,8.080074e-05,1.219222,-0.000528466,93.93934,95.66098,1.219219,93.93934,82.69585,0.2740472,93.9389,62.91869,0.02811834,93.89489,42.92091,0.002826839,90.73083,22.91482,0.0004066297,61.67658,0.0,0.000824527,12637150.0
ss,27,3.30,99,593864299,1443182199,280454172,1,0,1.659207,1.65,0.009206958,0.0,201.0,9.718895e-14,4.859448e-14,1.79017e-18,3.580341e-18,1.0,8.754525e-05,4.029246e-09,8.29209e-05,8.292188e-05,2.249595,-0.000987862,88.67385,95.71592,2.24959,88.67385,82.64386,0.4994599,88.67365,62.86115,0.05121235,88.65408,42.86331,0.005134067,86.98497,22.85707,0.0006217344,61.61147,0.0,0.0008307295,12543700.0
ss,27,3.30,100,1975442584,1391748950,280454172,1,0,1.646893,1.65,-0.00310714,0.0,201.0,9.660411e-14,4.830206e-14,4.800354e-19,9.600709e-19,1.0,7.774306e-05,1.349571e-08,8.084018e-05,8.083499e-05,0.6032303,-0.000261475,100.0538,95.66349,0.6032291,100.0538,82.69661,0.1355623,100.0524,62.91936,0.01391067,99.91151,42.92159,0.001414178,93.43575,22.91551,0.0002978435,61.8596,0.0,0.0008073437,12641110.0
ss,27,3.30,101,128958376,867616614,280454172,1,0,1.648589,1.65,-0.00141057,0.0,201.0,9.601115e-14,4.800558e-14,9.844332e-19,1.968866e-18,1.0,7.477168e-05,6.855217e-09,7.727406e-05,7.727658e-05,1.237075,-0.000524374,93.76211,95.61001,1.237073,93.7621,82.82856,0.2840029,93.76165,63.06129,0.02917309,93.71596,43.06362,0.00293348,90.48374,23.05756,0.0004252957,61.61557,0.0,0.0008305432,12825350.0
ss,27,3.30,102,1976675417,1390528663,280454172,1,0,1.653363,1.65,0.003362522,0.0,201.0,9.696519e-14,4.848259e-14,6.849803e-19,1.369961e-18,1.0,8.347551e-05,9.681045e-09,8.000496e-05,8.000045e-05,0.8607717,-0.000371218,96.99815,95.6959,0.86077,96.99815,82.7718,0.1943939,96.99737,62.99681,0.01995133,96.92075,42.99906,0.002013333,92.33423,22.99282,0.0003411377,61.71942,0.0,0.0008205663,12713480.0
ss,27,3.30,103,1923837708,1846044420,280454172,1,0,1.659209,1.65,0.009209291,0.0,201.0,9.77198e-14,4.88599e-14,7.046097e-20,1.409219e-19,1.0,8.768772e-05,7.340451e-08,8.4562e-05,8.45618e-05,0.08854387,-3.91931e-05,116.8201,95.76323,0.08854368,116.8197,82.61028,0.01947723,116.7856,62.82345,0.002003984,114.2694,42.82557,0.0002677996,97.08601,22.81928,0.0001934921,61.94278,0.0,0.0007997506,12491170.0
ss,27,3.30,104,2023852479,1932099080,280454172,1,0,1.654739,1.65,0.004738597,0.0,201.0,9.673785e-14,4.836893e-14,3.586773e-19,7.173545e-19,1.0,7.99544e-05,1.706211e-08,8.078758e-05,8.078078e-05,0.4507272,-0.00019529,102.5973,95.67551,0.4507263,102.5972,82.71139,0.101323,102.5951,62.93429,0.01039818,102.391,42.93652,0.001064814,94.57624,22.93036,0.0002616412,61.79672,0.0,0.0008132205,12647440.0
ss,27,3.30,105,903774503,1414816687,280454172,1,0,1.653406,1.65,0.003405511,0.0,201.0,9.741609e-14,4.870805e-14,3.723392e-19,7.446784e-19,1.0,8.83998e-05,1.77678e-08,8.25787e-05,8.257706e-05,0.4678953,-0.000204972,102.3332,95.73619,0.4678943,102.3332,82.68134,0.1040893,102.3312,62.89951,0.01067621,102.131,42.90169,0.00109278,94.39954,22.89538,0.0002659452,61.88347,0.0,0.0008050739,12579230.0
ss,27,3.30,106,1535873460,1145907635,280454172,1,0,1.652739,1.65,0.002739063,0.0,201.0,9.733267e-14,4.866634e-14,8.221557e-19,1.644311e-18,1.0,8.925385e-05,7.332972e-09,8.226763e-05,8.226577e-05,1.033151,-0.00045184,95.44549,95.72875,1.033149,95.44549,82.68949,0.2302503,95.44489,62.90846,0.0236145,95.38551,42.91065,0.002378246,91.49937,22.90435,0.0003717483,61.80569,0.0,0.0008122991,12590270.0
ss,27,3.30,107,1475239076,588749457,280454172,1,0,1.656564,1.65,0.006563645,0.0,201.0,9.693547e-14,4.846773e-14,2.433735e-18,4.867469e-18,1.0,9.444785e-05,4.700482e-09,7.973865e-05,7.97408e-05,3.058321,-0.00131699,85.98359,95.69323,3.058315,85.98359,82.78253,0.6917469,85.98344,63.00826,0.07099715,85.96876,43.01051,0.00711357,84.6753,23.00419,0.0008249828,61.43417,0.0,0.0008479128,12713920.0
ss,27,3.30,108,1789287536,695757248,280454172,1,0,1.643982,1.65,-0.0060176,0.0,201.0,9.651989e-14,4.825994e-14,1.816138e-18,3.632276e-18,1.0,9.016181e-05,5.961908e-09,7.686142e-05,7.685967e-05,2.282226,-0.000964839,88.48876,95.65592,2.282222,88.48876,82.89672,0.5252886,88.48854,63.13068,0.05396436,88.46649,43.13302,0.005411612,86.64048,23.12676,0.0006672891,61.537,0.0,0.0008380731,12880250.0
ss,27,3.30,109,839132215,1274894050,280454172,1,0,1.655518,1.65,0.005518236,0.0,201.0,9.671269e-14,4.835634e-14,1.901119e-18,3.802238e-18,1.0,8.366009e-05,3.668532e-09,7.950952e-05,7.950801e-05,2.389017,-0.00102727,88.10888,95.67325,2.389012,88.10888,82.77459,0.5411102,88.1087,63.00097,0.05554093,88.09088,43.00323,0.005566951,86.55047,22.997,0.0006642424,61.48776,0.0,0.0008427261,12720860.0
ss,27,3.30,110,243026807,1450713741,280454172,1,0,1.65425,1.65,0.004250333,0.0,201.0,9.701421e-14,4.850711e-14,6.524888e-19,1.304978e-18,1.0,8.207652e-05,6.114064e-09,8.099213e-05,8.099301e-05,0.8199416,-0.000355799,97.42465,95.70029,0.81994,97.42464,82.72535,0.1840923,97.42387,62.94768,0.0188882,97.34754,42.9499,0.001905979,92.74805,22.94368,0.000323431,61.76107,0.0,0.0008165712,12654640.0
ss,27,3.30,111,753948924,1990350104,280454172,1,0,1.651993,1.65,0.001992522,0.0,201.0,9.6765e-14,4.83825e-14,2.129513e-18,4.259026e-18,1.0,7.96781e-05,3.102301e-09,8.084873e-05,8.085182e-05,-2.67602,0.001160538,87.12816,95.67795,2.67602,87.12816,82.71021,0.6013153,87.12824,62.93291,0.06169269,87.13582,42.93514,0.006165463,87.89531,22.92902,0.0005645279,62.19848,0.0,0.0007765068,12652900.0
ss,27,3.30,112,286655619,1732860387,280454172,1,0,1.639168,1.65,-0.0108323,0.0,201.0,9.681694e-14,4.840847e-14,7.954347e-19,1.590869e-18,1.0,8.937208e-05,1.299017e-08,7.905981e-05,7.906853e-05,0.9995727,-0.000428555,95.68634,95.68261,0.9995708,95.68633,82.80679,0.2269984,95.68558,63.03438,0.02330452,95.6112,43.03666,0.002351111,91.1624,23.03042,0.0003921036,61.81181,0.0,0.0008119182,12760560.0
ss,27,3.30,113,316707941,367461669,280454172,1,0,1.655163,1.65,0.005162714,0.0,201.0,9.630783e-14,4.815391e-14,2.936087e-18,5.872175e-18,1.0,8.492592e-05,3.673335e-09,7.806697e-05,7.80678e-05,3.689596,-0.00157211,84.29725,95.63681,3.689589,84.29725,82.81344,0.8429647,84.29714,63.04387,0.08656386,84.28626,43.04618,0.008669538,83.29387,23.03999,0.0009711934,61.26772,0.0,0.0008643659,12781090.0
ss,27,3.30,114,764400278,1249400215,280454172,1,0,1.654209,1.65,0.004208843,0.0,201.0,9.737361e-14,4.86868e-14,3.884239e-19,7.768478e-19,1.0,8.74916e-05,1.368763e-08,8.207062e-05,8.207756e-05,0.4881079,-0.000213185,101.9621,95.73241,0.4881069,101.9621,82.70259,0.1088994,101.9603,62.92206,0.01117094,101.7812,42.92425,0.001140648,94.4302,22.91794,0.0002656972,61.85187,0.0,0.0008080158,12606520.0
ss,27,3.30,115,1918480896,1198209432,280454172,1,0,1.648402,1.65,-0.00159849,0.0,201.0,9.628965e-14,4.814483e-14,1.06633e-18,2.13266e-18,1.0,7.766843e-05,5.581825e-09,7.693718e-05,7.694016e-05,1.33999,-0.000566769,93.09316,95.63517,1.339988,93.09315,82.87167,0.308266,93.09275,63.10539,0.03166881,93.05287,43.10773,0.003182315,90.12138,23.10158,0.0004456666,61.58374,0.0,0.0008336244,12866610.0
ss,27,3.30,116,33169174,1144340629,280454172,1,0,1.644877,1.65,-0.00512279,0.0,201.0,9.641975e-14,4.820987e-14,3.457021e-19,6.914043e-19,1.0,7.533517e-05,1.896665e-08,7.918172e-05,7.918394e-05,-0.434422,0.0001865227,102.8887,95.6469,0.4344213,102.8887,82.76507,0.09858712,102.8876,62.99234,0.01012137,102.7781,42.99462,0.001025245,96.78707,22.98854,0.0002042083,61.96136,0.0,0.0007980773,12734340.0
ss,27,3.30,117,776341112,889930199,280454172,1,0,1.652405,1.65,0.002405393,0.0,201.0,9.771789e-14,4.885894e-14,1.125937e-18,2.251875e-18,1.0,9.404907e-05,2.908052e-09,8.299751e-05,8.299839e-05,1.414895,-0.000621583,92.7486,95.76306,1.414892,92.74859,82.6872,0.3140004,92.74825,62.90429,0.03219599,92.71401,42.90645,0.003233122,90.08102,22.90004,0.0004374726,61.80011,0.0,0.0008128523,12568350.0
ss,27,3.30,118,1150533482,1640451668,280454172,1,0,1.65681,1.65,0.006809736,0.0,201.0,9.699579e-14,4.84979e-14,1.061245e-18,2.122491e-18,1.0,8.048892e-05,2.572619e-09,8.237691e-05,8.237611e-05,-1.3336,0.0005838116,93.19814,95.69864,1.333598,93.19814,82.65384,0.2970195,93.19825,62.87253,0.03045888,93.20931,42.87471,0.003042777,94.1576,22.86856,0.0002726138,62.02569,0.0,0.0007920246,12570350.0
ss,27,3.30,119,1382949978,440212744,280454172,1,0,1.650704,1.65,0.0007036978,0.0,201.0,9.788462e-14,4.894231e-14,9.687725e-20,1.937545e-19,1.0,9.278839e-05,6.136986e-08,8.469919e-05,8.475123e-05,0.1217395,-5.39662e-05,114.0693,95.77787,0.1217393,114.069,82.61567,0.02675053,114.046,62.82838,0.00274865,112.2003,42.83049,0.000340024,96.18104,22.82414,0.0002148596,62.06064,0.0,0.0007889703,12488080.0
ss,27,3.30,120,708117592,2139748682,280454172,1,0,1.647376,1.65,-0.00262434,0.0,201.0,9.70545e-14,4.852725e-14,2.159957e-19,4.319914e-19,1.0,8.316614e-05,2.117682e-08,8.041374e-05,8.03994e-05,0.2714282,-0.000117293,107.0308,95.70389,0.2714277,107.0308,82.75929,0.06115423,107.0257,62.98322,0.00627879,106.5466,42.98545,0.0006636552,95.54156,22.97921,0.0002354413,61.86952,0.0,0.0008064978,12695700.0
ss,27,3.30,121,526788142,1821526680,280454172,1,0,1.645706,1.65,-0.00429365,0.0,201.0,9.631476e-14,4.815738e-14,1.239018e-18,2.478036e-18,1.0,8.058425e-05,5.907026e-09,7.743591e-05,7.743819e-05,1.556996,-0.000660691,91.7917,95.63744,1.556993,91.7917,82.84739,0.3570955,91.79136,63.07965,0.03667875,91.75733,43.08197,0.003683258,89.16473,23.07582,0.0004960831,61.63981,0.0,0.0008282174,12832880.0
ss,27,3.30,122,1849458383,1973044492,280454172,1,0,1.645121,1.65,-0.0048791,0.0,201.0,9.664575e-14,4.832288e-14,9.872629e-19,1.974526e-18,1.0,7.703494e-05,7.032511e-09,7.927351e-05,7.927619e-05,-1.24063,0.0005328208,93.7944,95.66724,1.240629,93.7944,82.78061,0.2813912,93.79442,63.00763,0.0288842,93.79644,43.0099,0.002888502,93.72862,23.00377,0.000290909,62.03019,0.0,0.0007918125,12745520.0
ss,27,3.30,123,2070807207,202125638,280454172,1,0,1.652876,1.65,0.002876191,0.0,201.0,9.676588e-14,4.838294e-14,9.323536e-19,1.864707e-18,1.0,7.86838e-05,3.052691e-09,7.939517e-05,7.939522e-05,-1.17163,0.0005035531,94.30223,95.67803,1.171628,94.30223,82.78522,0.2655519,94.30232,63.0119,0.02725707,94.31112,43.01417,0.002723657,94.91721,23.008,0.000253828,61.94105,0.0,0.0007999863,12744040.0
ss,27,3.30,124,386533694,869783947,280454172,1,0,1.648411,1.65,-0.00158888,0.0,201.0,9.669633e-14,4.834817e-14,1.518766e-19,3.037532e-19,1.0,8.148772e-05,3.884104e-08,7.890099e-05,7.889581e-05,0.1908538,-8.1671e-05,110.0578,95.67178,0.1908534,110.0577,82.80497,0.04338747,110.0475,63.03305,0.004459409,109.1332,43.03533,0.0004955693,95.6941,23.0291,0.0002326753,61.8088,0.0,0.0008122365,12761940.0
ss,27,3.30,125,537822341,1633516178,280454172,1,0,1.651126,1.65,0.001126202,0.0,201.0,9.572384e-14,4.786192e-14,9.497254e-19,1.899451e-18,1.0,7.324918e-05,9.249931e-09,7.508848e-05,7.508747e-05,1.19346,-0.000498662,94.04784,95.58398,1.193458,94.04784,82.92067,0.277742,94.04734,63.16,0.02855176,93.99774,43.1624,0.002872321,90.5785,23.15634,0.0004254925,61.48478,0.0,0.0008432457,12952250.0
ss,27,3.30,126,456769824,1159048207,280454172,1,0,1.653754,1.65,0.003754252,0.0,201.0,9.68081e-14,4.840405e-14,1.63286e-18,3.26572e-18,1.0,8.524724e-05,5.343125e-09,8.098009e-05,8.098127e-05,2.051913,-0.000890432,89.43865,95.68181,2.051909,89.43865,82.70748,0.4607245,89.43842,62.92984,0.0472684,89.41513,42.93206,0.004740739,87.49343,22.92587,0.0005910471,61.63067,0.0,0.0008288879,12637160.0
ss,27,3.30,127,661050,1702699013,280454172,1,0,1.642528,1.65,-0.00747157,0.0,201.0,9.570363e-14,4.785181e-14,2.059372e-19,4.118744e-19,1.0,7.158711e-05,2.729024e-08,7.385139e-05,7.385434e-05,0.2587883,-0.00010717,107.3233,95.58215,0.2587879,107.3232,82.98682,0.06069887,107.3171,63.23004,0.006246614,106.749,43.23248,0.0006670705,95.16121,23.2264,0.0002530811,61.63745,0.0,0.0008286595,13038770.0
ss,27,3.30,128,352855481,1254572434,280454172,1,0,1.646906,1.65,-0.00309373,0.0,201.0,9.606602e-14,4.803301e-14,1.904363e-18,3.808726e-18,1.0,8.033615e-05,5.481226e-09,7.581494e-05,7.581086e-05,2.393093,-0.00100479,88.0358,95.61498,2.393089,88.0358,82.91227,0.5544001,88.0356,63.14937,0.05697558,88.01565,43.15175,0.005712221,86.33344,23.14562,0.0006928014,61.43893,0.0,0.0008476229,12926100.0
ss,27,3.30,129,523492362,1978886366,280454172,1,0,1.644884,1.65,-0.00511604,0.0,201.0,9.654091e-14,4.827046e-14,7.931297e-19,1.586259e-18,1.0,7.880505e-05,9.737789e-09,7.862376e-05,7.861792e-05,-0.996676,0.0004262867,95.68674,95.65781,0.9966743,95.68674,82.80553,0.2269547,95.68669,63.03439,0.02330157,95.6811,43.03668,0.002332272,94.80354,23.03052,0.0002578395,61.97232,0.0,0.000797136,12775250.0
ss,27,3.30,130,717049560,1064226042,280454172,1,0,1.651174,1.65,0.001174346,0.0,201.0,9.689833e-14,4.844916e-14,2.076839e-18,4.153678e-18,1.0,9.124373e-05,5.082867e-09,8.127005e-05,8.126925e-05,2.609833,-0.00113457,87.35767,95.68991,2.609828,87.35767,82.70093,0.5850097,87.35749,62.92252,0.06001387,87.33948,42.92473,0.006015374,85.79537,22.91852,0.0007180544,61.60768,0.0,0.0008310645,12623210.0
ss,27,3.30,131,1853096515,1349765629,280454172,1,0,1.646578,1.65,-0.00342167,0.0,201.0,9.635215e-14,4.817607e-14,6.047277e-19,1.209455e-18,1.0,7.58703e-05,1.265158e-08,7.86351e-05,7.863946e-05,-0.759923,0.0003250894,98.02543,95.64081,0.7599217,98.02543,82.7874,0.1730208,98.02524,63.0162,0.0177643,98.0062,43.01849,0.001780797,95.96184,23.0124,0.0002251792,61.9209,0.0,0.0008018489,12762840.0
ss,27,3.30,132,1755217836,1542123144,280454172,1,0,1.649385,1.65,-0.000615183,0.0,201.0,9.687181e-14,4.843591e-14,1.287123e-18,2.574246e-18,1.0,7.971988e-05,3.946013e-09,8.065389e-05,8.06508e-05,-1.61745,0.0007006132,91.51095,95.68753,1.617444,91.51095,82.73005,0.3638776,91.51103,62.9533,0.03733477,91.51922,42.95553,0.003730914,92.228,22.94935,0.0003436116,62.08813,0.0,0.000786446,12668280.0
ss,27,3.30,133,37096242,1717190799,280454172,1,0,1.653792,1.65,0.00379229,0.0,201.0,9.761234e-14,4.880617e-14,7.373101e-19,1.47462e-18,1.0,8.983356e-05,7.904433e-09,8.51299e-05,8.51278e-05,0.9265312,-0.000412197,96.41649,95.75367,0.9265292,96.41648,82.57315,0.2031576,96.41582,62.78494,0.0208188,96.35024,42.78705,0.002098167,92.17854,22.78076,0.000338931,61.9288,0.0,0.0008010764,12448880.0
ss,27,3.30,134,1223163267,1888571977,280454172,1,0,1.644604,1.65,-0.00539561,0.0,201.0,9.795205e-14,4.897603e-14,2.941105e-19,5.88221e-19,1.0,9.516721e-05,1.717102e-08,8.452074e-05,8.452904e-05,0.3695901,-0.000163791,104.4295,95.78385,0.3695894,104.4294,82.6325,0.08131178,104.4263,62.84575,0.008336298,104.1229,42.84788,0.0008634714,94.87605,22.84149,0.0002501912,62.09711,0.0,0.0007856341,12503790.0
ss,27,3.30,135,1426170747,1133381759,280454172,1,0,1.652287,1.65,0.002287176,0.0,201.0,9.732586e-14,4.866293e-14,1.175292e-18,2.350584e-18,1.0,8.335536e-05,2.967923e-09,8.140765e-05,8.140713e-05,-1.47692,0.0006427352,92.34105,95.72814,1.476913,92.34105,82.73217,0.330793,92.34114,62.9534,0.03393226,92.35057,42.95561,0.003390407,93.16289,22.94933,0.0003085475,62.06933,0.0,0.00078812,12651030.0
ss,27,3.30,136,1898972171,1778766867,280454172,1,0,1.644434,1.65,-0.00556639,0.0,201.0,9.613517e-14,4.806759e-14,2.583319e-18,5.166639e-18,1.0,8.886915e-05,5.456002e-09,7.508263e-05,7.508466e-05,3.246295,-0.00135651,85.39348,95.62123,3.246289,85.39348,82.95806,0.7554906,85.39334,63.1974,0.07766102,85.37922,43.1998,0.007780887,84.13308,23.19356,0.0008974784,61.32878,0.0,0.0008584114,12967400.0
ss,27,3.30,137,1195285344,244232697,280454172,1,0,1.656028,1.65,0.006027734,0.0,201.0,9.635584e-14,4.817792e-14,1.590782e-18,3.181564e-18,1.0,7.981893e-05,4.730822e-09,7.791675e-05,7.791465e-05,1.999036,-0.000850904,89.62475,95.64114,1.999032,89.62474,82.82585,0.4571464,89.62452,63.05673,0.0469473,89.60159,43.05904,0.004708389,87.69993,23.05288,0.0005856625,61.45314,0.0,0.0008461773,12802950.0
ss,27,3.30,138,807067210,2094204903,280454172,1,0,1.649358,1.65,-0.000642436,0.0,201.0,9.701203e-14,4.850601e-14,1.369908e-18,2.739815e-18,1.0,8.959126e-05,6.701981e-09,8.055289e-05,8.055326e-05,1.721477,-0.000745042,90.98209,95.70009,1.721473,90.98208,82.74761,0.387504,90.98177,62.97112,0.0397619,90.95078,42.97335,0.003991427,88.54175,22.9671,0.000526341,61.71734,0.0,0.0008207041,12678600.0
ss,27,3.30,139,992759844,1438477386,280454172,1,0,1.645979,1.65,-0.00402104,0.0,201.0,9.786943e-14,4.893472e-14,1.154727e-18,2.309454e-18,1.0,9.100843e-05,8.360331e-09,8.397803e-05,8.39754e-05,1.451072,-0.000641193,92.54276,95.77652,1.45107,92.54275,82.65232,0.3202421,92.54232,62.86695,0.03282702,92.49922,42.86908,0.003299842,89.42232,22.86269,0.0004699142,61.91893,0.0,0.0008018598,12527000.0
ss,27,3.30,140,270581094,964868865,280454172,1,0,1.654188,1.65,0.004188013,0.0,201.0,9.601742e-14,4.800871e-14,2.644286e-18,5.288572e-18,1.0,8.014647e-05,2.786308e-09,7.577079e-05,7.577009e-05,3.322908,-0.00139487,85.18023,95.61058,3.322901,85.18023,82.91008,0.7700031,85.18011,63.14731,0.07913343,85.16834,43.14969,0.007926248,84.1008,23.14352,0.0008956449,61.24624,0.0,0.0008666136,12916070.0
ss,27,3.30,141,251077401,1757922202,280454172,1,0,1.644854,1.65,-0.00514605,0.0,201.0,9.689941e-14,4.84497e-14,9.469001e-19,1.8938e-18,1.0,8.693559e-05,8.341971e-09,7.934379e-05,7.934346e-05,1.18991,-0.000511074,94.17974,95.69,1.189907,94.17973,82.79988,0.2697786,94.17921,63.02671,0.02769331,94.1274,43.02898,0.002786626,90.60704,23.02272,0.0004176227,61.74827,0.0,0.0008178694,12748140.0
ss,27,3.30,142,828805869,1394881110,280454172,1,0,1.6519,1.65,0.001899704,0.0,201.0,9.774821e-14,4.88741e-14,8.178924e-20,1.635785e-19,1.0,8.959492e-05,7.154279e-08,8.392688e-05,8.390356e-05,-0.102779,4.548519e-05,115.5277,95.76576,0.1027792,115.5274,82.64509,0.02269259,115.5034,62.8599,0.00233252,113.5932,42.86204,0.0002906974,97.29141,22.8557,0.0001897644,62.01283,0.0,0.0007932643,12528410.0
ss,27,3.30,143,718482397,614892058,280454172,1,0,1.657617,1.65,0.007616982,0.0,201.0,9.72169e-14,4.860845e-14,2.236668e-18,4.473336e-18,1.0,8.936111e-05,3.524093e-09,8.179577e-05,8.179788e-05,2.81068,-0.00122588,86.7422,95.71842,2.810674,86.7422,82.70269,0.6280936,86.74205,62.92288,0.06442308,86.72731,42.92508,0.006454888,85.4212,22.91881,0.0007496878,61.52085,0.0,0.0008394046,12613590.0
ss,27,3.30,144,2019789338,818477747,280454172,1,0,1.65064,1.65,0.0006400922,0.0,201.0,9.709523e-14,4.854761e-14,2.814345e-19,5.628689e-19,1.0,8.540038e-05,4.257487e-08,8.146297e-05,8.145374e-05,-0.353661,0.000154032,104.7358,95.70754,0.3536603,104.7358,82.70921,0.07919011,104.7334,62.93031,0.008125397,104.5022,42.93251,0.0008346746,96.10522,22.92629,0.0002193075,61.97435,0.0,0.0007967386,12630890.0
ss,27,3.30,145,314761649,1761447155,280454172,1,0,1.643629,1.65,-0.0063712,0.0,201.0,9.684943e-14,4.842471e-14,8.360715e-19,1.672143e-18,1.0,8.05204e-05,6.640136e-09,7.907971e-05,7.908438e-05,-1.05064,0.00045069,95.25647,95.68552,1.050636,95.25647,82.80887,0.2385724,95.25646,63.03643,0.02449055,95.25472,43.0387,0.002450187,94.73979,23.03249,0.0002597974,62.03429,0.0,0.0007914622,12768180.0
ss,27,3.30,146,877110571,965406991,280454172,1,0,1.652102,1.65,0.002101792,0.0,201.0,9.611191e-14,4.805595e-14,1.794734e-18,3.589469e-18,1.0,7.941952e-05,6.276849e-09,7.616994e-05,7.616726e-05,2.25533,-0.000949169,88.55494,95.61913,2.255325,88.55494,82.89714,0.5213265,88.55472,63.13316,0.05357004,88.53335,43.13553,0.005371664,86.74941,23.12939,0.0006591722,61.41119,0.0,0.0008503295,12903460.0
ss,27,3.30,147,574437555,831945451,280454172,1,0,1.65486,1.65,0.004859762,0.0,201.0,9.649683e-14,4.824842e-14,6.751069e-19,1.350214e-18,1.0,7.688391e-05,4.382414e-09,8.049804e-05,8.049891e-05,-0.848364,0.0003671598,97.08221,95.65384,0.8483627,97.08221,82.70414,0.1910277,97.08227,62.92779,0.01960091,97.08814,42.93003,0.001959271,97.06351,22.92394,0.000196346,61.89784,0.0,0.0008038314,12651320.0
ss,27,3.30,148,479125597,1371441572,280454172,1,0,1.648337,1.65,-0.00166345,0.0,201.0,9.658497e-14,4.829248e-14,2.687992e-18,5.375985e-18,1.0,9.094139e-05,3.450452e-09,7.69583e-05,7.69606e-05,3.377831,-0.00142901,85.08903,95.66177,3.377825,85.08903,82.89717,0.7769753,85.0889,63.13083,0.07981723,85.07623,43.13317,0.007995524,83.9414,23.12689,0.0009104885,61.37126,0.0,0.0008541829,12876000.0
ss,27,3.30,149,211775021,1427917255,280454172,1,0,1.64542,1.65,-0.00457965,0.0,201.0,9.772988e-14,4.886494e-14,1.246217e-18,2.492434e-18,1.0,9.295588e-05,8.851373e-09,8.153965e-05,8.153737e-05,1.566043,-0.000681884,91.86807,95.76413,1.56604,91.86807,82.76156,0.3504892,91.86769,62.98244,0.03595322,91.82957,42.98465,0.003612049,89.01853,22.9782,0.0004988656,61.80856,0.0,0.0008121078,12660170.0
ss,27,3.30,150,481971998,975240734,280454172,1,0,1.648772,1.65,-0.00122829,0.0,201.0,9.771187e-14,4.885593e-14,4.788139e-19,9.576278e-19,1.0,8.815948e-05,9.548103e-09,8.352343e-05,8.351421e-05,-0.601695,0.0002652671,100.175,95.76253,0.6016941,100.175,82.66108,0.1331384,100.1747,62.87686,0.01364916,100.1481,42.87901,0.00136945,97.39101,22.87269,0.0001879681,62.09831,0.0,0.000785463,12550360.0
ss,27,3.30,151,520779460,1902651454,280454172,1,0,1.649168,1.65,-0.00083161,0.0,201.0,9.752436e-14,4.876218e-14,1.303043e-18,2.606087e-18,1.0,9.539309e-05,5.942752e-09,8.301829e-05,8.302177e-05,1.637452,-0.000719453,91.46249,95.74584,1.637449,91.46248,82.66881,0.3633429,91.46216,62.88584,0.03725499,91.42968,42.88801,0.003740387,88.92589,22.88166,0.0004986414,61.81633,0.0,0.0008113492,12556680.0
ss,27,3.30,152,868139723,898582652,280454172,1,0,1.657853,1.65,0.007852966,0.0,201.0,9.759335e-14,4.879668e-14,1.460419e-18,2.920838e-18,1.0,9.218031e-05,4.791701e-09,8.407394e-05,8.407657e-05,1.835217,-0.000811475,90.47825,95.75198,1.835213,90.47825,82.62281,0.4047883,90.478,62.83719,0.04149152,90.45268,42.83932,0.004162285,88.38436,22.833,0.0005277545,61.74868,0.0,0.0008177669,12503790.0
ss,27,3.30,153,1620622189,1240401270,280454172,1,0,1.652669,1.65,0.002668681,0.0,201.0,9.721824e-14,4.860912e-14,7.054285e-19,1.410857e-18,1.0,8.122221e-05,1.58883e-09,8.184796e-05,8.184782e-05,-0.886468,0.0003868451,96.7653,95.71854,0.8864658,96.7653,82.70029,0.1980385,96.76538,62.92036,0.0203118,96.77417,42.92255,0.00202964,97.09888,22.91631,0.000195376,61.98336,0.0,0.000795896,12615380.0
ss,27,3.30,154,677337844,1413938973,280454172,1,0,1.652331,1.65,0.002330969,0.0,201.0,9.707993e-14,4.853997e-14,3.370566e-19,6.741132e-19,1.0,8.367754e-05,2.40009e-08,8.241845e-05,8.239835e-05,0.4235578,-0.000185336,103.1679,95.70617,0.423557,103.1679,82.66026,0.09432302,103.1653,62.87889,0.009675627,102.9129,42.88107,0.0009963469,94.36619,22.87489,0.0002663391,61.90126,0.0,0.000803437,12573080.0
ss,27,3.30,155,606136486,1808220610,280454172,1,0,1.649089,1.65,-0.000910602,0.0,201.0,9.700037e-14,4.850019e-14,1.391864e-19,2.783727e-19,1.0,8.400926e-05,5.77746e-08,8.034744e-05,8.036803e-05,-0.174907,7.571154e-05,110.8429,95.69905,0.1749064,110.8428,82.75605,0.03941494,110.8331,62.98006,0.004049021,109.9516,42.9823,0.0004482657,96.54663,22.97606,0.0002096387,61.93187,0.0,0.0008007284,12691550.0
ss,27,3.30,156,222439289,1317468601,280454172,1,0,1.651794,1.65,0.001793744,0.0,201.0,9.685806e-14,4.842903e-14,2.872504e-19,5.745009e-19,1.0,8.009485e-05,1.476015e-08,8.055829e-05,8.056633e-05,0.3609695,-0.000156179,104.5369,95.6863,0.3609688,104.5369,82.73314,0.08124814,104.534,62.95661,0.008339309,104.2569,42.95885,0.0008611897,95.29225,22.95266,0.0002415575,61.82092,0.0,0.0008109921,12671390.0
ss,27,3.30,157,933521627,1922589024,280454172,1,0,1.647745,1.65,-0.00225496,0.0,201.0,9.781383e-14,4.890692e-14,1.538096e-18,3.076192e-18,1.0,8.694197e-05,2.208793e-09,8.552898e-05,8.552906e-05,-1.93283,0.0008621516,90.04774,95.77158,1.932824,90.04774,82.57161,0.4228572,90.04783,62.78244,0.04332418,90.05683,42.78453,0.004328975,90.91676,22.77824,0.000391809,62.38172,0.0,0.0007604725,12444860.0
ss,27,3.30,158,1958747508,915359157,280454172,1,0,1.654043,1.65,0.004043424,0.0,201.0,9.734542e-14,4.867271e-14,2.746344e-18,5.492688e-18,1.0,9.531107e-05,3.144024e-09,8.193281e-05,8.193262e-05,3.451158,-0.00150647,84.97061,95.72989,3.451151,84.97061,82.70737,0.7706163,84.97049,62.92722,0.07903805,84.95862,42.92941,0.007916609,83.88458,22.92305,0.0008952064,61.48066,0.0,0.0008432856,12604090.0
ss,27,3.30,159,1489643479,644529707,280454172,1,0,1.650548,1.65,0.0005478705,0.0,201.0,9.675767e-14,4.837884e-14,6.421713e-19,1.284343e-18,1.0,7.926893e-05,1.250031e-08,7.949841e-05,7.949029e-05,-0.806976,0.0003470747,97.54009,95.67729,0.8069747,97.54009,82.77955,0.1827987,97.53995,63.00597,0.01876296,97.5257,43.00824,0.001879866,95.83739,23.00207,0.0002281571,61.93825,0.0,0.0008002171,12737850.0
ss,27,3.30,160,2038299760,820198934,280454172,1,0,1.647499,1.65,-0.00250097,0.0,201.0,9.756453e-14,4.878226e-14,2.07468e-19,4.149359e-19,1.0,9.344022e-05,4.202229e-08,8.312235e-05,8.310484e-05,0.2607119,-0.000114527,107.4262,95.74942,0.2607114,107.4261,82.66826,0.05782367,107.4193,62.88508,0.005933232,106.7793,42.88724,0.000638846,94.76146,22.88091,0.0002546669,62.01101,0.0,0.0007933735,12558060.0
ss,27,3.30,161,2002261057,769793076,280454172,1,0,1.647981,1.65,-0.00201885,0.0,201.0,9.747684e-14,4.873842e-14,8.130361e-19,1.626072e-18,1.0,9.505859e-05,1.140182e-08,8.27904e-05,8.278253e-05,1.021691,-0.000448218,95.55523,95.74161,1.021689,95.55523,82.6765,0.2270197,95.55454,62.89414,0.02327984,95.48649,42.89631,0.00234688,91.26503,22.88998,0.0003812831,61.89752,0.0,0.000803786,12569370.0
ss,27,3.30,162,165674657,238412727,280454172,1,0,1.653894,1.65,0.003893681,0.0,201.0,9.644441e-14,4.82222e-14,4.152672e-19,8.305345e-19,1.0,7.881014e-05,7.626525e-09,7.795028e-05,7.795513e-05,0.5218402,-0.000222129,101.2984,95.64912,0.5218392,101.2984,82.83169,0.119307,101.2969,63.06245,0.01225401,101.1508,43.06476,0.001246518,94.47883,23.05857,0.0002685267,61.65435,0.0,0.0008268556,12805730.0
ss,27,3.30,163,322842765,115716952,280454172,1,0,1.659144,1.65,0.009144335,0.0,201.0,9.644629e-14,4.822315e-14,1.759662e-18,3.519324e-18,1.0,7.932627e-05,3.319542e-09,7.788493e-05,7.788378e-05,2.211256,-0.000941065,88.75653,95.64929,2.211252,88.75652,82.83563,0.5057726,88.75633,63.0666,0.05194135,88.73714,43.06891,0.005207011,87.09396,23.06274,0.0006286933,61.41059,0.0,0.0008503402,12813710.0
ss,27,3.30,164,961447678,256142101,280454172,1,0,1.64972,1.65,-0.000279663,0.0,201.0,9.74878e-14,4.87439e-14,8.104643e-19,1.620929e-18,1.0,9.449176e-05,9.379121e-09,8.312515e-05,8.312019e-05,1.01846,-0.000447716,95.58373,95.74259,1.018457,95.58372,82.66067,0.2258641,95.58307,62.87745,0.02315893,95.51891,42.8796,0.002333644,91.44119,22.87327,0.0003729101,61.88925,0.0,0.0008045832,12548460.0
ss,27,3.30,165,192064610,345368647,280454172,1,0,1.647638,1.65,-0.00236178,0.0,201.0,9.693892e-14,4.846946e-14,7.257768e-19,1.451554e-18,1.0,8.734359e-05,1.11535e-08,8.097429e-05,8.097187e-05,0.912038,-0.000395706,96.4933,95.69354,0.9120362,96.49329,82.71969,0.2047951,96.49252,62.94207,0.02101248,96.41587,42.94429,0.002120414,91.85261,22.93805,0.0003583209,61.82583,0.0,0.000810487,12643450.0
ss,27,3.30,166,1231949839,1941369344,280454172,1,0,1.654244,1.65,0.004244442,0.0,201.0,9.816858e-14,4.908429e-14,9.640635e-19,1.928127e-18,1.0,8.905373e-05,4.429097e-10,8.770445e-05,8.77047e-05,-1.21148,0.0005472333,94.13674,95.80303,1.211475,94.13674,82.49912,0.2618902,94.13687,62.70484,0.02681628,94.15026,42.70689,0.002678127,95.31073,22.70055,0.0002341482,62.25941,0.0,0.0007713952,12347190.0
ss,27,3.30,167,2094123255,528710974,280454172,1,0,1.654989,1.65,0.004988842,0.0,201.0,9.665095e-14,4.832548e-14,1.024955e-18,2.04991e-18,1.0,8.016187e-05,6.194284e-09,8.028927e-05,8.0289e-05,1.287997,-0.00055651,93.46943,95.6677,1.287994,93.46942,82.72876,0.2903803,93.46901,62.95299,0.02979881,93.42813,42.95523,0.002994713,90.43097,22.94908,0.0004225766,61.6572,0.0,0.0008264112,12671860.0
ss,27,3.30,168,700613188,1730622770,280454172,1,0,1.639642,1.65,-0.0103575,0.0,201.0,9.746641e-14,4.87332e-14,2.33335e-19,4.6667e-19,1.0,8.973276e-05,1.74429e-08,8.189029e-05,8.188983e-05,-0.293217,0.0001280561,106.3969,95.74068,0.2932168,106.3969,82.72032,0.06548959,106.394,62.94027,0.006719169,106.1117,42.94246,0.000694287,96.91065,22.93617,0.0002001134,62.12076,0.0,0.0007834234,12631780.0
ss,27,3.30,169,1827714730,944471417,280454172,1,0,1.649511,1.65,-0.000489104,0.0,201.0,9.701849e-14,4.850924e-14,7.36359e-19,1.472718e-18,1.0,8.690702e-05,1.192456e-08,8.113006e-05,8.112373e-05,0.925336,-0.000401851,96.3747,95.70067,0.9253342,96.37469,82.71908,0.2075963,96.37391,62.94106,0.02129892,96.2964,42.94328,0.002149531,91.70879,22.93705,0.0003642614,61.822,0.0,0.0008108435,12643600.0
ss,27,3.30,170,1351315447,294407326,280454172,1,0,1.65395,1.65,0.003950116,0.0,201.0,9.670219e-14,4.835109e-14,3.251174e-18,6.502347e-18,1.0,9.070928e-05,3.441741e-09,7.890884e-05,7.890726e-05,4.085545,-0.00175016,83.44732,95.67231,4.085537,83.44732,82.80489,0.9287068,83.44722,63.03294,0.0953424,83.43724,43.03522,0.009547706,82.52178,23.02896,0.00106013,61.31733,0.0,0.0008594091,12755050.0
ss,27,3.30,171,815464944,560712373,280454172,1,0,1.653162,1.65,0.00316225,0.0,201.0,9.840053e-14,4.920026e-14,2.551666e-19,5.103331e-19,1.0,9.649547e-05,2.665527e-08,8.767584e-05,8.768161e-05,-0.320652,0.0001448875,105.7029,95.82353,0.3206511,105.7029,82.52071,0.06932549,105.701,62.72648,0.007100294,105.5148,42.72853,0.0007255776,97.61663,22.72212,0.0001800009,62.19312,0.0,0.0007772196,12362290.0
ss,27,3.30,172,947207461,837233666,280454172,1,0,1.649096,1.65,-0.00090435,0.0,201.0,9.742593e-14,4.871296e-14,2.099707e-18,4.199414e-18,1.0,8.110594e-05,1.943903e-10,8.343297e-05,8.343297e-05,-2.63857,0.001162402,87.30972,95.73707,2.638564,87.30972,82.63964,0.584112,87.30981,62.85563,0.05988127,87.3187,42.85778,0.005983485,88.23161,22.85156,0.0005382665,62.3025,0.0,0.0007672615,12540800.0
ss,27,3.30,173,1990841135,1196518748,280454172,1,0,1.655246,1.65,0.005245728,0.0,201.0,9.711374e-14,4.855687e-14,1.305818e-18,2.611636e-18,1.0,8.932022e-05,5.682409e-09,8.072798e-05,8.072469e-05,1.640939,-0.000710942,91.40736,95.70919,1.640936,91.40736,82.74794,0.3690024,91.40704,62.97099,0.03786146,91.3754,42.97322,0.003800937,88.91956,22.96692,0.0005039275,61.67507,0.0,0.0008247018,12670560.0
ss,27,3.30,174,1671749029,514118633,280454172,1,0,1.648008,1.65,-0.00199153,0.0,201.0,9.745146e-14,4.872573e-14,4.986306e-20,9.972613e-20,1.0,9.061516e-05,1.290125e-07,8.205776e-05,8.212197e-05,-0.0626598,2.747325e-05,119.7996,95.73935,0.06265965,119.7988,82.7073,0.0139774,119.7191,62.92665,0.001446696,115.2163,42.92884,0.000243011,96.51713,22.9225,0.000209059,61.99555,0.0,0.0007947625,12607800.0
ss,27,3.30,175,1741611289,1654545618,280454172,1,0,1.65098,1.65,0.0009798929,0.0,201.0,9.827271e-14,4.913636e-14,3.893069e-19,7.786138e-19,1.0,9.805716e-05,1.591651e-08,8.601853e-05,8.601612e-05,-0.489217,0.0002189061,102.0222,95.81224,0.4892164,102.0222,82.58878,0.1067403,102.0215,62.79844,0.01093571,101.9511,42.80052,0.001102736,97.14293,22.79408,0.0001916714,62.19198,0.0,0.0007772163,12440100.0
ss,27,3.30,176,937292379,926842325,280454172,1,0,1.652396,1.65,0.0023956,0.0,201.0,9.677274e-14,4.838637e-14,9.938549e-19,1.98771e-18,1.0,8.228753e-05,8.853434e-09,8.112248e-05,8.112228e-05,1.248915,-0.000542408,93.748,95.67864,1.248912,93.748,82.69713,0.2801926,93.74753,62.91911,0.02874609,93.70147,42.92133,0.002890633,90.44838,22.91517,0.0004200873,61.73637,0.0,0.0008188571,12628370.0
ss,27,3.30,177,639064724,1346888003,280454172,1,0,1.652004,1.65,0.002003853,0.0,201.0,9.71399e-14,4.856995e-14,4.010361e-19,8.020721e-19,1.0,8.406579e-05,1.985049e-08,8.198783e-05,8.198754e-05,-0.503957,0.0002201581,101.6637,95.71153,0.5039558,101.6637,82.68625,0.1124938,101.663,62.90595,0.01153847,101.5938,42.90814,0.001163369,96.87864,22.90192,0.0002000616,61.99994,0.0,0.0007943508,12600320.0
ss,27,3.30,178,940286801,98413462,280454172,1,0,1.650216,1.65,0.0002162918,0.0,201.0,9.739706e-14,4.869853e-14,1.042199e-18,2.084397e-18,1.0,8.149819e-05,1.785494e-09,8.42649e-05,8.426549e-05,-1.30967,0.0005798723,93.39131,95.7345,1.309663,93.39131,82.59605,0.2885606,93.39142,62.80996,0.02957514,93.40228,42.81209,0.002954542,94.31583,22.80588,0.0002657681,62.17985,0.0,0.0007782547,12490130.0
ss,27,3.30,179,1076785424,1570818236,280454172,1,0,1.642744,1.65,-0.00725607,0.0,201.0,9.582734e-14,4.791367e-14,1.912774e-18,3.825547e-18,1.0,7.934133e-05,4.678469e-09,7.429782e-05,7.429397e-05,2.403662,-0.00099908,87.97592,95.59337,2.403658,87.97591,82.97368,0.5621967,87.97572,63.2155,0.05780814,87.95583,43.21792,0.005795685,86.27921,23.2118,0.0007024728,61.41273,0.0,0.0008502264,13011700.0
ss,27,3.30,180,978803037,1554248641,280454172,1,0,1.643806,1.65,-0.00619414,0.0,201.0,9.674268e-14,4.837134e-14,2.004466e-19,4.008932e-19,1.0,7.993213e-05,4.135768e-08,8.02496e-05,8.027343e-05,0.2518886,-0.000108747,107.6518,95.67594,0.2518881,107.6517,82.7378,0.05679424,107.6447,62.96207,0.005832713,106.9906,42.96431,0.0006290499,94.88612,22.95819,0.0002532814,61.92099,0.0,0.0008017206,12688350.0
ss,27,3.30,181,1798801468,1040811566,280454172,1,0,1.652691,1.65,0.002691336,0.0,201.0,9.731249e-14,4.865625e-14,1.720943e-18,3.441887e-18,1.0,9.166441e-05,2.871971e-09,8.136504e-05,8.136524e-05,2.162601,-0.000940701,89.02744,95.72695,2.162597,89.02744,82.73311,0.4844884,89.02723,62.95444,0.04970045,89.0069,42.95665,0.00498296,87.2836,22.95031,0.0006072054,61.6392,0.0,0.0008280803,12642380.0
ss,27,3.30,182,1739998909,549165011,280454172,1,0,1.653724,1.65,0.00372372,0.0,201.0,9.653388e-14,4.826694e-14,1.335446e-18,2.670893e-18,1.0,8.035075e-05,3.794881e-09,7.911347e-05,7.911265e-05,1.678171,-0.000719789,91.16047,95.65718,1.678168,91.16046,82.77906,0.3810041,91.16019,63.00653,0.03911263,91.13277,43.0088,0.003924655,88.92585,23.00263,0.0005056373,61.58861,0.0,0.0008330295,12736130.0
ss,27,3.30,183,155747104,317088973,280454172,1,0,1.651979,1.65,0.001978541,0.0,201.0,9.69178e-14,4.84589e-14,4.016825e-19,8.03365e-19,1.0,8.208953e-05,1.94284e-08,8.226831e-05,8.225877e-05,0.5047691,-0.000220703,101.6298,95.69165,0.5047681,101.6298,82.65274,0.1124986,101.6279,62.87173,0.01153958,101.4452,42.87392,0.001178789,94.05307,22.86776,0.0002758891,61.87493,0.0,0.0008058836,12569190.0
ss,27,3.30,184,463074445,2024036794,280454172,1,0,1.64517,1.65,-0.00483037,0.0,201.0,9.682005e-14,4.841003e-14,1.987139e-18,3.974278e-18,1.0,8.880503e-05,6.212304e-09,7.919077e-05,7.919161e-05,2.497112,-0.00107159,87.73414,95.68289,2.497108,87.73414,82.80066,0.5666644,87.73394,63.02791,0.05816995,87.7136,43.03018,0.005832157,86.00813,23.02392,0.0007092338,61.58618,0.0,0.0008332359,12749040.0
ss,27,3.30,185,830868646,649436804,280454172,1,0,1.652569,1.65,0.002569038,0.0,201.0,9.610293e-14,4.805147e-14,1.965193e-18,3.930385e-18,1.0,7.894647e-05,4.958238e-09,7.717704e-05,7.71793e-05,2.469534,-0.00104621,87.76603,95.61831,2.469529,87.76603,82.84204,0.5672843,87.76584,63.07506,0.05827212,87.74746,43.07739,0.00584113,86.17304,23.07127,0.0006996997,61.41784,0.0,0.0008496263,12833350.0
ss,27,3.30,186,1264503594,194920309,280454172,1,0,1.649968,1.65,-3.17562e-05,0.0,201.0,9.738994e-14,4.869497e-14,9.846699e-19,1.96934e-18,1.0,8.45856e-05,4.951104e-09,8.161518e-05,8.161442e-05,-1.23737,0.0005391912,93.88387,95.73386,1.23737,93.88387,82.7274,0.2768067,93.88393,62.94808,0.02839273,93.89045,42.95028,0.002837862,94.27651,22.94398,0.0002712525,62.10308,0.0,0.0007850443,12641480.0
ss,27,3.30,187,233667266,874877997,280454172,1,0,1.645492,1.65,-0.00450803,0.0,201.0,9.763062e-14,4.881531e-14,8.106956e-21,1.621391e-20,1.0,9.448899e-05,1.176883e-06,8.386747e-05,8.30852e-05,0.0101875,-4.37753e-06,135.594,95.7553,0.01018748,135.5513,82.67512,0.002270868,132.6105,62.89199,0.0003266427,115.6001,42.89415,0.0002315803,95.25823,22.88781,0.0002407016,62.05078,0.0,0.0007897381,12565570.0
ss,27,3.30,188,1911442544,226437372,280454172,1,0,1.654711,1.65,0.004710608,0.0,201.0,9.776301e-14,4.888151e-14,8.238014e-19,1.647603e-18,1.0,9.44276e-05,8.846285e-09,8.397888e-05,8.397735e-05,1.035219,-0.000457431,95.46644,95.76707,1.035217,95.46643,82.64278,0.2284636,95.46584,62.8574,0.02341952,95.40667,42.85953,0.002358539,91.52702,22.85316,0.0003683893,61.87673,0.0,0.0008057879,12519840.0
ss,27,3.30,189,1076087789,116967922,280454172,1,0,1.638337,1.65,-0.0116627,0.0,201.0,9.725968e-14,4.862984e-14,2.142497e-18,4.284995e-18,1.0,8.620971e-05,4.585331e-09,8.053629e-05,8.053264e-05,-2.69234,0.001165329,87.11965,95.72224,2.692336,87.11965,82.77081,0.6061188,87.1197,62.99437,0.06219184,87.12489,42.9966,0.006217068,87.61285,22.99032,0.0005873183,62.37692,0.0,0.0007607896,12702050.0
ss,27,3.30,190,446312117,1085673959,280454172,1,0,1.646371,1.65,-0.00362898,0.0,201.0,9.740605e-14,4.870303e-14,1.937364e-19,3.874728e-19,1.0,9.094567e-05,4.618923e-08,8.301876e-05,8.298887e-05,0.2434564,-0.000106864,108.0069,95.7353,0.2434559,108.0068,82.65991,0.05403247,107.9988,62.87702,0.005545149,107.2599,42.87919,0.0006038974,94.70824,22.87291,0.0002559962,62.01571,0.0,0.000792946,12557390.0
ss,27,3.30,191,1581343851,1806497505,280454172,1,0,1.643144,1.65,-0.00685634,0.0,201.0,9.723077e-14,4.861538e-14,1.518865e-18,3.037731e-18,1.0,9.173945e-05,8.044083e-09,7.903453e-05,7.902712e-05,1.908663,-0.000818188,90.10509,95.71965,1.908659,90.10509,82.84599,0.4335561,90.10479,63.0737,0.0445088,90.07485,43.07598,0.004467416,87.74361,23.06957,0.0005838454,61.68056,0.0,0.0008242677,12781630.0
ss,27,3.30,192,177632763,1771554362,280454172,1,0,1.644037,1.65,-0.00596258,0.0,201.0,9.690159e-14,4.845079e-14,2.314692e-18,4.629384e-18,1.0,8.791176e-05,3.714021e-09,7.973754e-05,7.973997e-05,2.908728,-0.00125257,86.41615,95.6902,2.908722,86.41615,82.77954,0.6579144,86.416,63.00527,0.0675248,86.40104,43.00752,0.006765878,85.08412,23.00124,0.0007867847,61.56892,0.0,0.0008348665,12716380.0
ss,27,3.30,193,627184426,275993272,280454172,1,0,1.650801,1.65,0.0008012632,0.0,201.0,9.634977e-14,4.817489e-14,5.018801e-19,1.00376e-18,1.0,7.851735e-05,1.586803e-08,7.803817e-05,7.804017e-05,0.6306812,-0.000268608,99.64441,95.64059,0.63068,99.6444,82.81868,0.1441166,99.64307,63.04919,0.01480152,99.51157,43.0515,0.00150313,93.27137,23.04536,0.0003081055,61.71449,0.0,0.0008211271,12796090.0
ss,27,3.30,194,1277767537,597824536,280454172,1,0,1.653107,1.65,0.003107305,0.0,201.0,9.694135e-14,4.847067e-14,8.925266e-19,1.785053e-18,1.0,8.050804e-05,5.485063e-09,8.144151e-05,8.144216e-05,-1.12158,0.0004882225,94.69716,95.69376,1.12158,94.69716,82.69602,0.2511556,94.69723,62.91715,0.02576296,94.70455,42.91935,0.002574782,95.10346,22.91318,0.0002457459,61.99884,0.0,0.0007944926,12622880.0
ss,27,3.30,195,1364541827,1066716636,280454172,1,0,1.649283,1.65,-0.000717153,0.0,201.0,9.668251e-14,4.834126e-14,6.818237e-20,1.363647e-19,1.0,7.957003e-05,1.012546e-07,7.91211e-05,7.905555e-05,-0.0856805,3.682755e-05,117.0129,95.67054,0.08568032,117.0125,82.79539,0.01946008,116.9716,63.02303,0.002007111,114.0964,43.0253,0.0002795405,96.61635,23.01912,0.0002089962,61.86462,0.0,0.000807033,12756020.0
ss,27,3.30,196,254265516,1782048079,280454172,1,0,1.648439,1.65,-0.0015607,0.0,201.0,9.659469e-14,4.829735e-14,1.247872e-18,2.495743e-18,1.0,7.660747e-05,4.643042e-09,7.946745e-05,7.946661e-05,-1.56812,0.0006742494,91.75507,95.66265,1.568119,91.75507,82.76614,0.3552658,91.75514,62.99262,0.03646484,91.76202,42.99489,0.003644545,92.31151,22.98877,0.0003418716,62.05807,0.0,0.0007892645,12729060.0
ss,27,3.30,197,326281800,1780063982,280454172,1,0,1.652998,1.65,0.002997807,0.0,201.0,9.757226e-14,4.878613e-14,5.861681e-19,1.172336e-18,1.0,9.13554e-05,1.007095e-08,8.245704e-05,8.244699e-05,0.7366005,-0.000322481,98.40548,95.75011,0.736599,98.40547,82.70176,0.1639888,98.40454,62.92027,0.01681847,98.31167,42.92244,0.001700351,93.13769,22.91607,0.0003082611,61.85864,0.0,0.0008073667,12593240.0
ss,27,3.30,198,1151691631,1390852097,280454172,1,0,1.650551,1.65,0.0005510974,0.0,201.0,9.669692e-14,4.834846e-14,1.158157e-18,2.316313e-18,1.0,7.56182e-05,1.975408e-09,8.114986e-05,8.114957e-05,-1.45538,0.0006323607,92.41231,95.67183,1.45538,92.41231,82.68893,0.326461,92.41241,62.91084,0.03349051,92.42236,42.91306,0.00334607,93.29119,22.90697,0.0003025444,62.04651,0.0,0.0007901574,12628680.0
ss,27,3.30,199,223108376,495111567,280454172,1,0,1.642908,1.65,-0.00709243,0.0,201.0,9.655299e-14,4.827649e-14,8.522254e-19,1.704451e-18,1.0,8.391081e-05,1.059954e-08,7.693838e-05,7.693848e-05,1.070938,-0.000452934,95.06362,95.6589,1.070936,95.06362,82.89548,0.246373,95.06297,63.12921,0.02531115,94.99845,43.13155,0.002550674,90.93301,23.12533,0.00040702,61.6833,0.0,0.0008241312,12885590.0
ss,27,3.30,200,540799313,891795948,280454172,1,0,1.64716,1.65,-0.0028396,0.0,201.0,9.594104e-14,4.797052e-14,2.636785e-18,5.273571e-18,1.0,8.496032e-05,4.260201e-09,7.425206e-05,7.425196e-05,3.313482,-0.00137689,85.19799,95.60367,3.313476,85.19799,82.9863,0.7752032,85.19786,63.22825,0.07971122,85.18481,43.23068,0.00798534,84.02036,23.22448,0.0009124435,61.2692,0.0,0.00086435,13014850.0
ss,27,3.30,201,2038479388,739946545,280454172,1,0,1.644255,1.65,-0.00574497,0.0,201.0,9.771458e-14,4.885729e-14,1.667687e-18,3.335374e-18,1.0,8.716927e-05,4.214456e-09,8.454933e-05,8.455128e-05,-2.09568,0.0009294396,89.3363,95.76277,2.095673,89.3363,82.61033,0.4610005,89.33637,62.82353,0.04724525,89.34305,42.82565,0.004722045,89.95267,22.81939,0.0004398818,62.40142,0.0,0.0007586472,12497210.0
ss,27,3.30,202,1379428444,1291311871,280454172,1,0,1.650372,1.65,0.0003721324,0.0,201.0,9.761192e-14,4.880596e-14,1.207344e-18,2.414687e-18,1.0,8.484518e-05,4.4042e-09,8.546394e-05,8.546361e-05,-1.51719,0.0006765149,92.13284,95.75364,1.51719,92.13284,82.55683,0.3320469,92.13292,62.76781,0.03402079,92.14125,42.76991,0.003399642,92.82901,22.76368,0.0003138583,62.26755,0.0,0.0007705326,12436700.0
ss,27,3.30,203,166245103,2121424736,280454172,1,0,1.644723,1.65,-0.00527663,0.0,201.0,9.723309e-14,4.861654e-14,3.887222e-19,7.774444e-19,1.0,8.504555e-05,1.581915e-08,8.148589e-05,8.148084e-05,-0.488483,0.0002127419,101.9429,95.71986,0.4884817,101.9429,82.72016,0.1093613,101.9421,62.94119,0.01121903,101.862,42.94339,0.001132585,96.78294,22.93715,0.0002031002,62.07368,0.0,0.0007876976,12641640.0
ss,27,3.30,204,744740926,1831238485,280454172,1,0,1.645437,1.65,-0.00456323,0.0,201.0,9.64811e-14,4.824055e-14,1.060919e-18,2.121837e-18,1.0,8.13165e-05,6.508529e-09,7.755568e-05,7.755419e-05,1.33319,-0.000566136,93.1546,95.65243,1.333187,93.1546,82.85622,0.3055491,93.15418,63.08814,0.03138324,93.11293,43.09046,0.003154108,90.11211,23.08426,0.0004452538,61.63506,0.0,0.0008286832,12836280.0
ss,27,3.30,205,66100082,565489464,280454172,1,0,1.650849,1.65,0.0008489562,0.0,201.0,9.830278e-14,4.915139e-14,1.27867e-18,2.557339e-18,1.0,9.306001e-05,2.844601e-09,8.705929e-05,8.706013e-05,-1.60682,0.0007231332,91.69555,95.81489,1.60682,91.69555,82.54152,0.348577,91.69565,62.74873,0.03569884,91.70517,42.75079,0.003566816,92.55919,22.74439,0.0003230426,62.36407,0.0,0.0007620998,12388800.0
ss,27,3.30,206,1318226986,181456170,280454172,1,0,1.660306,1.65,0.01030552,0.0,201.0,9.715551e-14,4.857775e-14,2.270493e-19,4.540986e-19,1.0,8.444221e-05,1.619905e-08,8.163248e-05,8.163535e-05,0.2853186,-0.000124255,106.6063,95.71293,0.285318,106.6063,82.70541,0.06381975,106.6026,62.92603,0.006548963,106.2447,42.92823,0.0006826135,96.21904,22.92195,0.0002163446,61.75445,0.0,0.0008171466,12616790.0
ss,27,3.30,207,1498303314,1667553611,280454172,1,0,1.647611,1.65,-0.00238878,0.0,201.0,9.660059e-14,4.830029e-14,2.349375e-18,4.69875e-18,1.0,8.996608e-05,4.257501e-09,7.865667e-05,7.865788e-05,2.952311,-0.00126268,86.25995,95.66318,2.952306,86.25995,82.8088,0.6721135,86.25979,63.03755,0.06900618,86.24429,43.03984,0.006914769,84.88902,23.03363,0.0008076636,61.49033,0.0,0.0008424932,12769560.0
ss,27,3.30,208,2085263883,1137185001,280454172,1,0,1.65065,1.65,0.000649762,0.0,201.0,9.668359e-14,4.83418e-14,2.634649e-19,5.269299e-19,1.0,7.899799e-05,2.066531e-08,7.928363e-05,7.929206e-05,-0.33108,0.000142263,105.272,95.67064,0.3310792,105.272,82.78319,0.07508622,105.2703,63.01016,0.007708942,105.1012,43.01243,0.0007862494,97.56903,23.00624,0.0001870081,61.85498,0.0,0.0008079186,12739350.0
ss,27,3.30,209,210957683,43424222,280454172,1,0,1.651808,1.65,0.001807559,0.0,201.0,9.733374e-14,4.866687e-14,7.285185e-19,1.457037e-18,1.0,9.127441e-05,1.33431e-08,8.235791e-05,8.237125e-05,0.9154833,-0.000400615,96.49586,95.72885,0.9154815,96.49585,82.6843,0.2039024,96.49502,62.903,0.02091215,96.41339,42.90518,0.002111492,91.68105,22.89888,0.0003638242,61.84244,0.0,0.0008088753,12584870.0
ss,27,3.30,210,798862431,942826044,280454172,1,0,1.648274,1.65,-0.00172577,0.0,201.0,9.634557e-14,4.817279e-14,1.942536e-18,3.885071e-18,1.0,8.485762e-05,5.179871e-09,7.607289e-05,7.607384e-05,2.441062,-0.00102672,87.88866,95.64022,2.441058,87.88865,82.92327,0.564587,87.88847,63.15958,0.05801708,87.86968,43.16195,0.005815852,86.26809,23.15571,0.0006988457,61.42896,0.0,0.000848595,12920470.0
ss,27,3.30,211,459719947,1037679736,280454172,1,0,1.654884,1.65,0.00488419,0.0,201.0,9.749619e-14,4.874809e-14,3.105047e-19,6.210095e-19,1.0,8.729217e-05,1.569013e-08,8.397923e-05,8.398505e-05,0.3901918,-0.000172373,103.9178,95.74333,0.390191,103.9178,82.61866,0.08610826,103.9151,62.83326,0.008828889,103.6603,42.8354,0.0009093967,95.01466,22.82912,0.0002458801,61.91888,0.0,0.0008019207,12506360.0
ss,27,3.30,212,996262628,940127449,280454172,1,0,1.65542,1.65,0.005419928,0.0,201.0,9.687371e-14,4.843685e-14,8.389502e-19,1.6779e-18,1.0,8.264087e-05,7.678025e-09,8.059269e-05,8.059483e-05,1.054256,-0.000456369,95.2288,95.6877,1.054254,95.22879,82.73309,0.2372547,95.22824,62.95648,0.02434513,95.1738,42.95871,0.002450449,91.49736,22.9525,0.0003739013,61.68544,0.0,0.0008237247,12666540.0
ss,27,3.30,213,334671987,1069796126,280454172,1,0,1.65141,1.65,0.001409717,0.0,201.0,9.762945e-14,4.881472e-14,9.263962e-20,1.852792e-19,1.0,9.088759e-05,8.818476e-08,8.447292e-05,8.451462e-05,0.1164144,-5.15254e-05,114.4351,95.7552,0.1164141,114.4348,82.60455,0.02561458,114.4074,62.81784,0.002633441,112.2844,42.81996,0.0003363412,95.83648,22.81366,0.0002232847,62.02755,0.0,0.0007919857,12484090.0
ss,27,3.30,214,1941670447,1591543834,280454172,1,0,1.6522,1.65,0.002200048,0.0,201.0,9.856751e-14,4.928376e-14,1.604307e-18,3.208615e-18,1.0,9.219685e-05,1.812907e-09,9.073203e-05,9.073345e-05,-2.01603,0.0009262098,89.74833,95.83825,2.016028,89.74833,82.39368,0.4288129,89.74843,62.59269,0.04387461,89.7585,42.59467,0.00438337,90.75513,22.58834,0.0003905354,62.56094,0.0,0.00074528,12217190.0
ss,27,3.30,215,251606128,662881157,280454172,1,0,1.647309,1.65,-0.00269059,0.0,201.0,9.83877e-14,4.919385e-14,1.020868e-18,2.041735e-18,1.0,9.816676e-05,8.289078e-09,8.842763e-05,8.842607e-05,-1.28286,0.000581881,93.65883,95.82239,1.282857,93.65883,82.48457,0.2762404,93.65884,62.68865,0.02828072,93.66011,42.69068,0.002828319,93.51835,22.68431,0.000287275,62.45123,0.0,0.0007545452,12323760.0
ss,27,3.30,216,1031867227,905326360,280454172,1,0,1.65174,1.65,0.001739816,0.0,201.0,9.636231e-14,4.818115e-14,8.588537e-19,1.717707e-18,1.0,7.726997e-05,5.055327e-09,7.892735e-05,7.892862e-05,1.079267,-0.000462345,94.97916,95.64172,1.079265,94.97915,82.7732,0.2453026,94.97865,63.00119,0.02518413,94.92819,43.00347,0.002533751,91.43602,22.99734,0.0003785004,61.67855,0.0,0.0008244653,12738430.0
ss,27,3.30,217,112807794,2132695255,280454172,1,0,1.648458,1.65,-0.00154237,0.0,201.0,9.598565e-14,4.799283e-14,1.401487e-18,2.802974e-18,1.0,7.677072e-05,5.012538e-09,7.590821e-05,7.590829e-05,1.76116,-0.000739921,90.69175,95.60771,1.761157,90.69174,82.89972,0.4077545,90.69146,63.13653,0.04190379,90.66362,43.1389,0.004204983,88.44339,23.13277,0.0005425869,61.50077,0.0,0.0008416388,12910120.0
ss,27,3.30,218,856990683,1633598919,280454172,1,0,1.649973,1.65,-2.74571e-05,0.0,201.0,9.716628e-14,4.858314e-14,1.06548e-18,2.130959e-18,1.0,8.838115e-05,8.80145e-09,8.229665e-05,8.229289e-05,1.338921,-0.000585678,93.17881,95.71389,1.338919,93.1788,82.67327,0.2983481,93.17835,62.89217,0.03059785,93.13359,42.89436,0.003076368,89.95863,22.88814,0.0004430728,61.79322,0.0,0.0008134745,12583390.0
ss,27,3.30,219,1802825504,597145747,280454172,1,0,1.646542,1.65,-0.00345834,0.0,201.0,9.716534e-14,4.858267e-14,1.221256e-18,2.442512e-18,1.0,9.129301e-05,7.124328e-09,8.173601e-05,8.173898e-05,1.534675,-0.000669059,91.99349,95.71381,1.534672,91.99349,82.70105,0.3430664,91.99313,62.9214,0.03518954,91.95729,42.9236,0.003534397,89.26065,22.91734,0.0004817638,61.79426,0.0,0.0008133954,12612320.0
ss,27,3.30,220,710102622,1504278981,280454172,1,0,1.646115,1.65,-0.00388547,0.0,201.0,9.688432e-14,4.844216e-14,3.552022e-18,7.104045e-18,1.0,8.378102e-05,4.250438e-09,7.96731e-05,7.967645e-05,4.463603,-0.0019214,82.69496,95.68865,4.463594,82.69496,82.78128,1.009988,82.69486,63.00718,0.1036612,82.68491,43.00944,0.0103807,81.77567,23.00314,0.001151791,61.35689,0.0,0.0008554597,12716540.0
ss,27,3.30,221,28256325,96147390,280454172,1,0,1.649511,1.65,-0.000489327,0.0,201.0,9.721243e-14,4.860622e-14,1.454279e-18,2.908557e-18,1.0,9.198788e-05,5.918494e-09,8.080973e-05,8.080621e-05,1.8275,-0.000792175,90.48088,95.71802,1.827497,90.48088,82.7526,0.4107581,90.4806,62.97543,0.04214459,90.45207,42.97765,0.004229407,88.19354,22.97135,0.0005481385,61.67073,0.0,0.0008251136,12674550.0
ss,27,3.30,222,649904816,1165708525,280454172,1,0,1.647526,1.65,-0.0024738,0.0,201.0,9.672719e-14,4.836359e-14,8.056517e-19,1.611303e-18,1.0,8.338251e-05,8.257047e-09,7.857493e-05,7.85719e-05,1.012412,-0.00043271,95.56742,95.67455,1.01241,95.56742,82.82468,0.230602,95.5668,63.05368,0.02367794,95.50525,43.05597,0.002385261,91.53317,23.04973,0.0003765548,61.70179,0.0,0.0008223059,12786300.0
ss,27,3.30,223,798183708,668314981,280454172,1,0,1.645818,1.65,-0.00418206,0.0,201.0,9.731729e-14,4.865864e-14,1.111765e-18,2.223529e-18,1.0,9.33828e-05,8.906795e-09,8.074041e-05,8.074035e-05,1.397085,-0.000605328,92.82294,95.72738,1.397082,92.82294,82.76533,0.3141373,92.8225,62.98833,0.03223232,92.77923,42.99056,0.003240161,89.68843,22.98421,0.0004621568,61.79921,0.0,0.0008130128,12684170.0
ss,27,3.30,224,1448726299,1086739060,280454172,1,0,1.649884,1.65,-0.000115766,0.0,201.0,9.611686e-14,4.805843e-14,2.409229e-18,4.818458e-18,1.0,8.058718e-05,3.889198e-09,7.675938e-05,7.675823e-05,3.027527,-0.00127912,85.99783,95.61957,3.027521,85.99783,82.8658,0.6972664,85.99769,63.10006,0.07163393,85.98373,43.10241,0.007176851,84.74454,23.09628,0.000827155,61.37584,0.0,0.000853747,12862880.0
ss,27,3.30,225,638655097,999994645,280454172,1,0,1.647706,1.65,-0.00229373,0.0,201.0,9.660417e-14,4.830209e-14,6.515802e-19,1.30316e-18,1.0,7.957053e-05,7.243514e-09,7.716071e-05,7.716017e-05,-0.8188,0.0003469521,97.39996,95.6635,0.8187983,97.39996,82.88825,0.1881111,97.39991,63.12132,0.01932283,97.39462,43.12365,0.001933978,96.37849,23.11742,0.0002172433,61.84552,0.0,0.0008089735,12873210.0
ss,27,3.30,226,1905694978,357935352,280454172,1,0,1.654911,1.65,0.00491075,0.0,201.0,9.623949e-14,4.811975e-14,2.038687e-18,4.077373e-18,1.0,8.186992e-05,5.355815e-09,7.653892e-05,7.653847e-05,2.561889,-0.00108083,87.45946,95.63065,2.561884,87.45946,82.88867,0.5908275,87.45928,63.12358,0.06070371,87.44175,43.12594,0.006084284,85.93013,23.11974,0.0007235702,61.35322,0.0,0.0008560022,12882360.0
ss,27,3.30,227,1048717688,970054296,280454172,1,0,1.649123,1.65,-0.000876748,0.0,201.0,9.658177e-14,4.829089e-14,1.083648e-18,2.167296e-18,1.0,7.525647e-05,2.455081e-09,7.876814e-05,7.876867e-05,-1.36175,0.0005829412,92.97954,95.66148,1.36175,92.97954,82.80131,0.3098052,92.97963,63.02975,0.03180579,92.98868,43.03204,0.0031781,93.72347,23.02592,0.000291825,61.97238,0.0,0.0007971574,12776370.0
ss,27,3.30,228,1923918181,1363823551,280454172,1,0,1.646491,1.65,-0.0035091,0.0,201.0,9.664166e-14,4.832083e-14,1.125473e-18,2.250946e-18,1.0,8.382994e-05,7.010158e-09,7.874929e-05,7.874336e-05,1.414311,-0.000605173,92.65599,95.66687,1.414308,92.65598,82.80802,0.3218117,92.65558,63.03653,0.03304055,92.61608,43.03882,0.003319992,89.71534,23.03263,0.0004633022,61.69268,0.0,0.0008231405,12771840.0
ss,27,3.30,229,999599193,7718848,280454172,1,0,1.645786,1.65,-0.00421376,0.0,201.0,9.717137e-14,4.858569e-14,2.563401e-19,5.126802e-19,1.0,8.497239e-05,2.340076e-08,8.124105e-05,8.124289e-05,-0.322126,0.0001401161,105.5538,95.71435,0.3221258,105.5538,82.72671,0.07221787,105.5515,62.94837,0.007410423,105.3265,42.95058,0.0007606835,96.92175,22.94433,0.0002000456,62.00889,0.0,0.0007936049,12649400.0
ss,27,3.30,230,722581975,727558593,280454172,1,0,1.645512,1.65,-0.00448769,0.0,201.0,9.639459e-14,4.81973e-14,7.954251e-19,1.59085e-18,1.0,7.942362e-05,9.537004e-09,7.801372e-05,7.801185e-05,0.9995607,-0.000425687,95.64847,95.64463,0.9995588,95.64846,82.82421,0.2284481,95.6478,63.05481,0.02346121,95.58223,43.05712,0.002364528,91.45327,23.05097,0.0003800887,61.70788,0.0,0.0008217444,12803530.0
ss,27,3.30,231,899049253,1484243482,280454172,1,0,1.64978,1.65,-0.000220138,0.0,201.0,9.738922e-14,4.869461e-14,8.000326e-19,1.600065e-18,1.0,9.068459e-05,9.31513e-09,8.349211e-05,8.349266e-05,1.005351,-0.000442941,95.68746,95.7338,1.005349,95.68746,82.63341,0.2224835,95.6868,62.84925,0.02280986,95.62123,42.8514,0.002298839,91.48611,22.84514,0.0003697869,61.92149,0.0,0.0008016348,12526760.0
ss,27,3.30,232,1152012094,1608666458,280454172,1,0,1.650333,1.65,0.0003330603,0.0,201.0,9.723539e-14,4.86177e-14,2.94182e-19,5.88364e-19,1.0,8.509651e-05,2.834157e-08,8.152512e-05,8.152699e-05,-0.36968,0.0001610716,104.3636,95.72007,0.3696793,104.3635,82.71803,0.08274162,104.3617,62.93894,0.008489091,104.1817,42.94114,0.0008669087,96.59316,22.93489,0.0002075328,61.98447,0.0,0.0007958228,12638060.0
ss,27,3.30,233,1719781574,1143718072,280454172,1,0,1.650948,1.65,0.0009481537,0.0,201.0,9.666454e-14,4.833227e-14,3.173544e-18,6.347088e-18,1.0,8.897591e-05,3.801759e-09,7.893305e-05,7.893261e-05,3.987993,-0.00170864,83.65385,95.66892,3.987986,83.65385,82.80019,0.9063938,83.65375,63.02817,0.09305099,83.64333,43.03045,0.009318715,82.69153,23.0242,0.001039043,61.3431,0.0,0.0008568611,12751800.0
ss,27,3.30,234,1984513185,388162254,280454172,1,0,1.638422,1.65,-0.0115782,0.0,201.0,9.61038e-14,4.80519e-14,1.108325e-19,2.21665e-19,1.0,7.715411e-05,7.375061e-08,7.555923e-05,7.556596e-05,0.1392763,-5.82923e-05,112.7409,95.61839,0.139276,112.7406,82.92898,0.03231597,112.7176,63.16683,0.00333012,110.8748,43.16922,0.000411834,95.01926,23.16309,0.0002553826,61.79229,0.0,0.0008139475,12948420.0
ss,27,3.30,235,71042864,1948279583,280454172,1,0,1.649072,1.65,-0.000927706,0.0,201.0,9.721937e-14,4.860968e-14,4.471191e-19,8.942382e-19,1.0,8.571195e-05,1.419751e-08,8.140439e-05,8.141143e-05,0.5618664,-0.000244409,100.726,95.71864,0.5618653,100.726,82.72245,0.1258414,100.7244,62.94366,0.01291105,100.5723,42.94587,0.001314247,93.82014,22.93961,0.0002857417,61.86681,0.0,0.0008066749,12641840.0
ss,27,3.30,236,1181192484,1689585618,280454172,1,0,1.653222,1.65,0.003221843,0.0,201.0,9.7685e-14,4.88425e-14,1.227926e-19,2.455852e-19,1.0,8.854265e-05,3.626128e-08,8.349446e-05,8.34902e-05,0.1543058,-6.79182e-05,111.9925,95.76014,0.1543054,111.9924,82.65988,0.03414876,111.979,62.87572,0.003506197,110.8124,42.87787,0.0004011194,96.37975,22.87154,0.0002111492,61.96453,0.0,0.0007976521,12547680.0
ss,27,3.30,237,188151719,1960492791,280454172,1,0,1.656525,1.65,0.006524952,0.0,201.0,9.671372e-14,4.835686e-14,2.027645e-19,4.055289e-19,1.0,7.912175e-05,3.622851e-08,7.967504e-05,7.971121e-05,-0.254801,0.0001097946,107.5493,95.67334,0.2548008,107.5493,82.76417,0.05764265,107.546,62.98998,0.005918324,107.2286,42.99224,0.0006140187,97.47695,22.98608,0.000188563,61.822,0.0,0.0008109649,12718940.0
ss,27,3.30,238,817912038,671154077,280454172,1,0,1.646421,1.65,-0.00357931,0.0,201.0,9.726945e-14,4.863472e-14,2.775635e-18,5.551269e-18,1.0,8.023075e-05,1.203873e-09,8.272238e-05,8.272262e-05,-3.48797,0.00153003,84.87168,95.72311,3.487958,84.87168,82.66099,0.7752916,84.87175,62.87878,0.07949713,84.87853,42.88095,0.007945494,85.57229,22.87477,0.0007330338,62.42832,0.0,0.0007561514,12573390.0
ss,27,3.30,239,1812286931,983314102,280454172,1,0,1.650055,1.65,5.494843e-05,0.0,201.0,9.714744e-14,4.857372e-14,1.013574e-19,2.027149e-19,1.0,8.342733e-05,8.31203e-08,8.143954e-05,8.143561e-05,-0.12737,5.552199e-05,113.6109,95.71221,0.1273693,113.6107,82.71479,0.02852354,113.5921,62.93594,0.002932196,112.042,42.93815,0.0003505984,96.58088,22.93193,0.0002077554,61.947,0.0,0.0007992619,12638500.0
ss,27,3.30,240,1681627594,71091469,280454172,1,0,1.653477,1.65,0.003476644,0.0,201.0,9.566054e-14,4.783027e-14,3.580143e-18,7.160286e-18,1.0,8.23861e-05,4.353893e-09,7.446802e-05,7.446678e-05,4.49894,-0.00187224,82.51605,95.57824,4.498932,82.51605,82.94901,1.05111,82.51596,63.19028,0.1080727,82.50692,43.1927,0.01082154,81.67208,23.18658,0.001190488,61.05391,0.0,0.0008859794,12980870.0
ss,27,3.30,241,1880113496,1821280802,280454172,1,0,1.648845,1.65,-0.00115532,0.0,201.0,9.586665e-14,4.793333e-14,3.176385e-18,6.35277e-18,1.0,8.411846e-05,3.325113e-09,7.575654e-05,7.575424e-05,3.991563,-0.00167538,83.57409,95.59693,3.991556,83.57409,82.89729,0.9250394,83.57398,63.13457,0.09506693,83.56355,43.13695,0.009520722,82.61191,23.13084,0.001061565,61.23495,0.0,0.0008676914,12910960.0
ss,27,3.30,242,868793670,679968071,280454172,1,0,1.645455,1.65,-0.00454483,0.0,201.0,9.701976e-14,4.850988e-14,3.010208e-19,6.020415e-19,1.0,8.239585e-05,2.008591e-08,8.0497e-05,8.050713e-05,-0.378274,0.000163775,104.1447,95.70078,0.3782731,104.1447,82.75066,0.08517262,104.1432,62.97429,0.008740865,103.9999,42.97653,0.0008888578,97.10414,22.97031,0.0001964755,61.97874,0.0,0.0007964193,12687610.0
ss,27,3.30,243,683143836,349871184,280454172,1,0,1.645076,1.65,-0.00492397,0.0,201.0,9.655496e-14,4.827748e-14,3.035652e-19,6.071305e-19,1.0,7.957946e-05,1.094432e-08,7.798635e-05,7.797971e-05,0.3814713,-0.000162377,104.0299,95.65907,0.3814706,104.0298,82.84035,0.08720195,104.027,63.07104,0.008957806,103.7535,43.07334,0.0009246779,94.88824,23.06715,0.0002564161,61.77304,0.0,0.0008156407,12814730.0
ss,27,3.30,244,700981697,52933708,280454172,1,0,1.65416,1.65,0.004160423,0.0,201.0,9.822356e-14,4.911178e-14,1.450827e-18,2.901653e-18,1.0,9.687327e-05,6.166218e-09,8.711403e-05,8.711551e-05,1.823163,-0.000820578,90.5914,95.80789,1.823159,90.5914,82.53189,0.3953889,90.59112,62.73896,0.04049412,90.56365,42.74102,0.004063205,88.36232,22.73462,0.0005231361,61.90787,0.0,0.0008030548,12376870.0
ss,27,3.30,245,1275356420,991545017,280454172,1,0,1.650713,1.65,0.0007128813,0.0,201.0,9.588297e-14,4.794148e-14,3.474684e-18,6.949368e-18,1.0,8.164234e-05,2.721251e-09,7.447948e-05,7.448049e-05,4.366417,-0.00181726,82.79592,95.59841,4.366409,82.79592,82.96843,1.020059,82.79583,63.20965,0.1048796,82.78706,43.21207,0.01050149,81.97282,23.20592,0.001152537,61.10849,0.0,0.000880455,12999200.0
ss,27,3.30,246,982177290,506990071,280454172,1,0,1.651722,1.65,0.001721667,0.0,201.0,9.652945e-14,4.826472e-14,5.520184e-19,1.104037e-18,1.0,7.849584e-05,8.516736e-09,7.791371e-05,7.791684e-05,-0.693687,0.0002953851,98.83352,95.65678,0.6936855,98.83352,82.84137,0.1586326,98.83341,63.07224,0.01629077,98.82164,43.07455,0.001631719,97.14659,23.06837,0.0001977375,61.83345,0.0,0.0008100364,12819150.0
ss,27,3.30,247,1149020208,315501054,280454172,1,0,1.655116,1.65,0.005116395,0.0,201.0,9.745265e-14,4.872632e-14,1.029275e-19,2.058551e-19,1.0,8.592574e-05,5.138735e-08,8.295277e-05,8.295858e-05,0.1293426,-5.67381e-05,113.5046,95.73945,0.1293423,113.5045,82.66557,0.02871147,113.4867,62.88276,0.002949856,112.0016,42.88493,0.0003500807,96.65974,22.87864,0.0002046185,61.90891,0.0,0.0008027515,12562160.0
ss,27,3.30,248,436706340,1861303107,280454172,1,0,1.649526,1.65,-0.000473558,0.0,201.0,9.688772e-14,4.844386e-14,4.66961e-19,9.33922e-19,1.0,8.365846e-05,1.964287e-08,8.026256e-05,8.026584e-05,0.5868005,-0.000253449,100.3192,95.68896,0.5867994,100.3191,82.75121,0.1323131,100.3176,62.97549,0.01357991,100.1615,42.97773,0.00138297,93.35573,22.97153,0.0003025447,61.81486,0.0,0.000811574,12691170.0
ss,27,3.30,249,1078434013,1164535525,280454172,1,0,1.64685,1.65,-0.00314954,0.0,201.0,9.594015e-14,4.797007e-14,1.325657e-18,2.651313e-18,1.0,7.652124e-05,5.448214e-09,7.457045e-05,7.457198e-05,1.665869,-0.000693692,91.17079,95.60359,1.665866,91.17078,82.96856,0.3889457,91.17048,63.2095,0.03998996,91.14045,43.21192,0.004013966,88.78402,23.20577,0.0005261231,61.45101,0.0,0.0008465352,12999610.0
ss,27,3.30,250,1813977302,940259656,280454172,1,0,1.648279,1.65,-0.00172109,0.0,201.0,9.627695e-14,4.813847e-14,2.108631e-18,4.217262e-18,1.0,8.220552e-05,5.287035e-09,7.823419e-05,7.823387e-05,2.649784,-0.00113022,87.16983,95.63403,2.649779,87.16983,82.80191,0.6047887,87.16965,63.03187,0.06210271,87.15199,43.03417,0.006224559,85.63501,23.02806,0.0007407181,61.50046,0.0,0.0008415303,12780930.0
ss,27,3.30,251,95014088,1284454847,280454172,1,0,1.647102,1.65,-0.00289843,0.0,201.0,9.660109e-14,4.830054e-14,8.274541e-19,1.654908e-18,1.0,8.214298e-05,1.08455e-08,7.871281e-05,7.871524e-05,1.039809,-0.00044482,95.32416,95.66322,1.039807,95.32416,82.80584,0.2366379,95.32351,63.03443,0.02429665,95.25904,43.03672,0.002448409,91.18417,23.03055,0.0003911278,61.74303,0.0,0.0008183906,12772140.0
ss,27,3.30,252,2007187433,223620533,280454172,1,0,1.657827,1.65,0.00782716,0.0,201.0,9.765323e-14,4.882662e-14,1.031386e-18,2.062773e-18,1.0,8.554496e-05,2.553548e-10,8.389132e-05,8.389131e-05,-1.29608,0.0005725732,93.5047,95.75731,1.296076,93.50471,82.63725,0.2861721,93.50484,62.85209,0.02933339,93.51863,42.85423,0.002929407,94.79335,22.84792,0.0002527718,62.07087,0.0,0.0007880155,12523820.0
ss,27,3.30,253,1116681663,1021329288,280454172,1,0,1.654216,1.65,0.004215808,0.0,201.0,9.728295e-14,4.864147e-14,9.445205e-19,1.889041e-18,1.0,8.376576e-05,7.501072e-09,8.319165e-05,8.318816e-05,-1.18692,0.0005221744,94.23591,95.72431,1.186917,94.23591,82.63902,0.2631211,94.23596,62.85563,0.02697637,94.24072,42.85779,0.002696829,94.40619,22.85157,0.0002644048,62.10735,0.0,0.0007846686,12541920.0
ss,27,3.30,254,165363556,1378529168,280454172,1,0,1.655316,1.65,0.005316404,0.0,201.0,9.667023e-14,4.833511e-14,2.7883e-18,5.576601e-18,1.0,8.646652e-05,3.19254e-09,7.946503e-05,7.946636e-05,3.503882,-0.00150629,84.77846,95.66944,3.503875,84.77846,82.77294,0.7938232,84.77835,62.99943,0.08148053,84.76691,43.00169,0.00816092,83.72759,22.99548,0.0009191674,61.37384,0.0,0.0008538292,12721750.0
ss,27,3.30,255,2107341835,2034572293,280454172,1,0,1.65589,1.65,0.005890134,0.0,201.0,9.716275e-14,4.858137e-14,8.055659e-19,1.611132e-18,1.0,8.650247e-05,1.050471e-08,8.310169e-05,8.309901e-05,1.012304,-0.000444957,95.60737,95.71358,1.012302,95.60737,82.63271,0.2245262,95.60675,62.84954,0.02302182,95.54516,42.8517,0.002319142,91.56232,22.84548,0.0003665708,61.82037,0.0,0.0008110148,12533210.0
ss,27,3.30,256,92151945,30052161,280454172,1,0,1.646652,1.65,-0.00334814,0.0,201.0,9.734007e-14,4.867003e-14,9.868941e-19,1.973788e-18,1.0,8.160044e-05,5.295206e-09,8.362859e-05,8.362404e-05,-1.24017,0.0005470231,93.85982,95.72941,1.240165,93.85982,82.62253,0.274243,93.85988,62.83804,0.02811305,93.86557,42.84019,0.002810159,94.16093,22.834,0.0002714275,62.21401,0.0,0.0007751259,12525290.0
ss,27,3.30,257,2039520550,1722691831,280454172,1,0,1.650861,1.65,0.000860811,0.0,201.0,9.714039e-14,4.857019e-14,2.149011e-19,4.298023e-19,1.0,8.626541e-05,3.340816e-08,8.232437e-05,8.230286e-05,0.2700527,-0.000118068,107.0826,95.71158,0.2700522,107.0826,82.67045,0.06017198,107.077,62.88933,0.006174704,106.5538,42.89151,0.0006559761,95.23876,22.88527,0.0002411711,61.90915,0.0,0.0008027034,12576010.0
ss,27,3.30,258,133493719,668812931,280454172,1,0,1.652119,1.65,0.002119426,0.0,201.0,9.724259e-14,4.862129e-14,1.751913e-18,3.503826e-18,1.0,9.174064e-05,4.566132e-09,8.222519e-05,8.22225e-05,2.201519,-0.000962656,88.86628,95.72071,2.201514,88.86628,82.68362,0.4907576,88.86607,62.9027,0.05033057,88.84509,42.90489,0.005046497,87.08123,22.89861,0.0006178298,61.68457,0.0,0.0008237086,12586330.0
ss,27,3.30,259,1511570510,1333305556,280454172,1,0,1.639695,1.65,-0.0103046,0.0,201.0,9.66582e-14,4.83291e-14,4.46078e-19,8.921561e-19,1.0,8.18867e-05,1.625652e-08,7.802833e-05,7.802742e-05,-0.560558,0.0002388976,100.696,95.66836,0.5605571,100.696,82.84711,0.1281026,100.6952,63.07766,0.01315591,100.625,43.07997,0.001326633,96.01426,23.07376,0.000225411,61.9711,0.0,0.0007972797,12821380.0
ss,27,3.30,260,1764096442,1985888032,280454172,1,0,1.645466,1.65,-0.00453437,0.0,201.0,9.781057e-14,4.890528e-14,3.97714e-19,7.95428e-19,1.0,9.521313e-05,2.377006e-08,8.369331e-05,8.370295e-05,-0.499782,0.0002206154,101.7957,95.77129,0.4997811,101.7957,82.66052,0.1104693,101.7947,62.87583,0.01132548,101.6965,42.87797,0.001145713,96.11349,22.87159,0.0002177236,62.14986,0.0,0.0007808272,12540420.0
ss,27,3.30,261,760159903,1674253773,280454172,1,0,1.649452,1.65,-0.000547795,0.0,201.0,9.711686e-14,4.855843e-14,9.774281e-19,1.954856e-18,1.0,8.677265e-05,8.314984e-09,8.200275e-05,8.200266e-05,1.228272,-0.000536327,93.9236,95.70947,1.22827,93.92359,82.68343,0.2741523,93.92311,62.90309,0.02811894,93.87525,42.90528,0.002828145,90.5349,22.89905,0.0004151524,61.80634,0.0,0.0008122456,12595890.0
ss,27,3.30,262,751765926,1035233813,280454172,1,0,1.655297,1.65,0.005296898,0.0,201.0,9.657516e-14,4.828758e-14,2.139809e-18,4.279618e-18,1.0,8.279363e-05,3.523397e-09,7.869233e-05,7.869257e-05,2.688964,-0.00115031,87.06921,95.66089,2.688958,87.06921,82.8047,0.6120326,87.06905,63.03335,0.06283694,87.05364,43.03564,0.00629651,85.69632,23.02942,0.0007356227,61.40461,0.0,0.0008508651,12763530.0
ss,27,3.30,263,1953514818,1693602257,280454172,1,0,1.655025,1.65,0.005024888,0.0,201.0,9.72161e-14,4.860805e-14,3.167541e-19,6.335083e-19,1.0,8.595063e-05,2.6305e-08,8.174578e-05,8.17282e-05,0.398045,-0.000173458,103.7197,95.71834,0.3980442,103.7197,82.70613,0.08898611,103.7169,62.92651,0.009130235,103.4437,42.92871,0.0009424301,94.59332,22.92245,0.0002608893,61.83149,0.0,0.0008099318,12619250.0
ss,27,3.30,264,1000108169,1859629795,280454172,1,0,1.645843,1.65,-0.00415743,0.0,201.0,9.735537e-14,4.867769e-14,4.594044e-19,9.188087e-19,1.0,8.94127e-05,1.688667e-08,8.202589e-05,8.20219e-05,0.5773045,-0.000252059,100.5027,95.73078,0.5773034,100.5027,82.70377,0.1288411,100.501,62.92338,0.01321654,100.338,42.92557,0.001347033,93.38737,22.9193,0.0002996376,61.94054,0.0,0.0007998194,12614990.0
ss,27,3.30,265,171828874,290376779,280454172,1,0,1.65656,1.65,0.006559848,0.0,201.0,9.716377e-14,4.858189e-14,3.493864e-19,6.987728e-19,1.0,8.37031e-05,9.493419e-09,8.063616e-05,8.063972e-05,0.4390519,-0.000190072,102.8634,95.71367,0.439051,102.8633,82.75676,0.09878034,102.8615,62.98003,0.01013742,102.6792,42.98226,0.001035513,95.19356,22.97597,0.0002449745,61.74319,0.0,0.0008182989,12683420.0
ss,27,3.30,266,1573076730,1829479263,280454172,1,0,1.645604,1.65,-0.00439574,0.0,201.0,9.652677e-14,4.826339e-14,8.006254e-19,1.601251e-18,1.0,8.150619e-05,8.134208e-09,7.746739e-05,7.746941e-05,1.006096,-0.00042698,95.60377,95.65654,1.006094,95.60376,82.86483,0.2307031,95.60313,63.097,0.02369701,95.53987,43.09932,0.002387661,91.50218,23.09311,0.0003797925,61.68607,0.0,0.0008238495,12845690.0
ss,27,3.30,267,1365276956,336448405,280454172,1,0,1.652606,1.65,0.002606302,0.0,201.0,9.616941e-14,4.80847e-14,6.13203e-19,1.226406e-18,1.0,7.732851e-05,9.523475e-09,7.627043e-05,7.627145e-05,-0.770574,0.000324638,97.88805,95.62432,0.7705722,97.88805,82.89671,0.1780053,97.88795,63.13243,0.01829042,97.8778,43.13479,0.00183168,96.43538,23.12865,0.0002161044,61.74341,0.0,0.0008185706,12904440.0
ss,27,3.30,268,189113239,790835163,280454172,1,0,1.650315,1.65,0.0003145363,0.0,201.0,9.711776e-14,4.855888e-14,2.090702e-18,4.181404e-18,1.0,8.945613e-05,2.829765e-09,8.22049e-05,8.220561e-05,2.627254,-0.00114872,87.31953,95.70955,2.627249,87.31953,82.67331,0.5857187,87.31937,62.89244,0.06006944,87.3034,42.89462,0.006019509,85.90355,22.88839,0.0007067115,61.62803,0.0,0.0008290946,12581480.0
ss,27,3.30,269,520684588,1906416931,280454172,1,0,1.650776,1.65,0.0007760882,0.0,201.0,9.788324e-14,4.894162e-14,1.083536e-18,2.167072e-18,1.0,8.80045e-05,3.49587e-09,8.449087e-05,8.448895e-05,-1.36161,0.0006036761,93.0967,95.77775,1.361609,93.0967,82.62835,0.2996282,93.09678,62.84171,0.03070763,93.10504,42.84383,0.003068595,93.7342,22.8375,0.0002852104,62.23265,0.0,0.0007734999,12508170.0
ss,27,3.30,270,1094335014,119943191,280454172,1,0,1.644829,1.65,-0.0051708,0.0,201.0,9.724518e-14,4.862259e-14,1.776925e-18,3.553851e-18,1.0,8.037084e-05,2.801102e-09,8.224648e-05,8.224571e-05,-2.23295,0.0009767122,88.74338,95.72094,2.232946,88.74338,82.68269,0.4976974,88.74346,62.90171,0.05104024,88.75127,42.9039,0.005100717,89.50763,22.89771,0.0004672013,62.289,0.0,0.0007683548,12600290.0
ss,27,3.30,271,144916756,31110418,280454172,1,0,1.652548,1.65,0.002547746,0.0,201.0,9.641338e-14,4.820669e-14,1.283922e-19,2.567844e-19,1.0,7.666767e-05,6.213827e-08,7.871779e-05,7.871581e-05,-0.161342,6.912183e-05,111.4914,95.64633,0.1613421,111.4913,82.78892,0.0367183,111.4809,63.01751,0.003774248,110.5507,43.01979,0.0004201983,96.88953,23.01369,0.000202399,61.79569,0.0,0.0008134768,12763240.0
ss,27,3.30,272,1055559544,27918846,280454172,1,0,1.638383,1.65,-0.0116173,0.0,201.0,9.694565e-14,4.847283e-14,4.033252e-20,8.066504e-20,1.0,9.007872e-05,2.339567e-07,7.882162e-05,7.876194e-05,-0.0506833,2.179462e-05,121.5969,95.69415,0.05068324,121.5952,82.83433,0.01153341,121.4311,63.06279,0.001206654,114.7008,43.06507,0.0002619465,95.31086,23.05877,0.0002440033,61.97071,0.0,0.0007972541,12787550.0
ss,27,3.30,273,1515173397,1008796266,280454172,1,0,1.655786,1.65,0.005785864,0.0,201.0,9.6956e-14,4.8478e-14,2.290817e-18,4.581634e-18,1.0,8.930113e-05,3.020176e-09,8.069192e-05,8.069033e-05,2.878726,-0.00124703,86.51109,95.69507,2.87872,86.51108,82.73558,0.6474775,86.51094,62.95872,0.06643376,86.49662,42.96095,0.006656049,85.22397,22.95466,0.0007700777,61.473,0.0,0.0008440875,12657270.0
ss,27,3.30,274,587424420,165388886,280454172,1,0,1.650071,1.65,7.075438e-05,0.0,201.0,9.733918e-14,4.866959e-14,8.859254e-19,1.771851e-18,1.0,8.176314e-05,5.327976e-09,8.320621e-05,8.320614e-05,-1.11329,0.0004898338,94.79721,95.72933,1.113284,94.79721,82.64315,0.2467725,94.79727,62.85971,0.02530007,94.80327,42.86187,0.002528889,95.05491,22.85566,0.0002454921,62.12855,0.0,0.0007827445,12547920.0
ss,27,3.30,275,928871552,1852229693,280454172,1,0,1.651385,1.65,0.001385481,0.0,201.0,9.773656e-14,4.886828e-14,1.949972e-18,3.899943e-18,1.0,9.391294e-05,4.769404e-09,8.277208e-05,8.277183e-05,2.450407,-0.00107507,87.97998,95.76472,2.450402,87.97997,82.70014,0.5445132,87.97979,62.91781,0.05583432,87.96106,42.91998,0.005596877,86.36105,22.91357,0.0006723973,61.70177,0.0,0.0008220815,12584140.0
ss,27,3.30,276,1459574703,979402911,280454172,1,0,1.650438,1.65,0.0004383689,0.0,201.0,9.694613e-14,4.847307e-14,1.565638e-18,3.131276e-18,1.0,8.744001e-05,5.134012e-09,7.983257e-05,7.983333e-05,1.967439,-0.000847697,89.81618,95.69419,1.967435,89.81618,82.77871,0.4447608,89.81593,63.00418,0.04564702,89.79134,43.00643,0.004578831,87.78297,23.00019,0.0005765816,61.63479,0.0,0.0008285831,12720800.0
ss,27,3.30,277,214166875,1476951190,280454172,1,0,1.641287,1.65,-0.00871295,0.0,201.0,9.71852e-14,4.85926e-14,1.968842e-18,3.937684e-18,1.0,8.893076e-05,7.142845e-09,7.904263e-05,7.904976e-05,2.47412,-0.00106076,87.84719,95.71558,2.474115,87.84718,82.84074,0.5619243,87.84697,63.06839,0.05768605,87.8259,43.07066,0.005784131,86.07115,23.06426,0.0007073845,61.6147,0.0,0.000830521,12776870.0
ss,27,3.30,278,256766058,317173139,280454172,1,0,1.648024,1.65,-0.00197561,0.0,201.0,9.738636e-14,4.869318e-14,1.615092e-18,3.230183e-18,1.0,9.609684e-05,5.672746e-09,8.183842e-05,8.184097e-05,2.029584,-0.0008854,89.58542,95.73354,2.02958,89.58542,82.71564,0.4534312,89.58517,62.93573,0.04650801,89.56056,42.93792,0.004665177,87.55392,22.93154,0.0005873282,61.71629,0.0,0.0008207271,12611070.0
ss,27,3.30,279,1939010155,1903217253,280454172,1,0,1.646676,1.65,-0.00332363,0.0,201.0,9.749832e-14,4.874916e-14,1.200962e-18,2.401923e-18,1.0,8.746087e-05,6.400441e-09,8.317522e-05,8.317251e-05,-1.50917,0.0006638693,92.16876,95.74352,1.50917,92.16876,82.659,0.3345894,92.16881,62.87565,0.03430379,92.17368,42.87781,0.003429307,92.48179,22.87152,0.00033074,62.23744,0.0,0.0007729813,12553830.0
ss,27,3.30,280,118165520,1012085621,280454172,1,0,1.655695,1.65,0.005694881,0.0,201.0,9.7048e-14,4.8524e-14,2.021123e-18,4.042246e-18,1.0,8.76328e-05,2.996586e-09,8.112406e-05,8.11224e-05,2.539818,-0.00110315,87.60728,95.70331,2.539813,87.60728,82.72179,0.5698045,87.60711,62.94377,0.05845655,87.5907,42.94599,0.005858203,86.15543,22.93972,0.0006905808,61.54232,0.0,0.0008373634,12640700.0
ss,27,3.30,281,70773979,1289363672,280454172,1,0,1.643353,1.65,-0.00664728,0.0,201.0,9.721859e-14,4.860929e-14,5.264587e-19,1.052917e-18,1.0,8.713875e-05,1.705747e-08,8.09539e-05,8.095418e-05,-0.661567,0.0002871644,99.3071,95.71857,0.6615661,99.3071,82.74561,0.1485681,99.30668,62.96804,0.01524291,99.26553,42.97026,0.001531921,95.92436,22.96398,0.0002248957,62.06123,0.0,0.0007888681,12670020.0
ss,27,3.30,282,1135611211,994275897,280454172,1,0,1.650977,1.65,0.0009766017,0.0,201.0,9.743206e-14,4.871603e-14,6.302618e-19,1.260524e-18,1.0,8.5202e-05,3.923105e-09,8.27319e-05,8.273429e-05,-0.79201,0.000347505,97.76302,95.73762,0.7920087,97.76302,82.67491,0.1760332,97.76302,62.89268,0.01805023,97.76333,42.89485,0.00180541,97.13843,22.88855,0.0001938679,62.05014,0.0,0.0007897905,12572390.0
ss,27,3.30,283,478586035,343817242,280454172,1,0,1.64503,1.65,-0.00496965,0.0,201.0,9.694282e-14,4.847141e-14,3.786159e-19,7.572318e-19,1.0,8.189252e-05,2.180852e-08,8.098625e-05,8.098547e-05,-0.475783,0.000206587,102.1457,95.69389,0.4757819,102.1457,82.71934,0.106827,102.1447,62.94169,0.01096097,102.0438,42.94391,0.001109184,96.35555,22.93773,0.0002133579,62.03312,0.0,0.0007913991,12652610.0
ss,27,3.30,284,632315898,1728173548,280454172,1,0,1.649079,1.65,-0.000921382,0.0,201.0,9.76186e-14,4.88093e-14,5.899591e-19,1.179918e-18,1.0,9.164278e-05,8.740898e-09,8.34031e-05,8.340593e-05,0.7413645,-0.000326448,98.35361,95.75423,0.741363,98.3536,82.65814,0.1641447,98.35266,62.87419,0.01682972,98.25905,42.87635,0.001701629,93.06638,22.87001,0.0003091589,61.92752,0.0,0.0008010561,12545040.0
ss,27,3.30,285,212547598,1500658299,280454172,1,0,1.649154,1.65,-0.000846181,0.0,201.0,9.793941e-14,4.89697e-14,1.973039e-18,3.946078e-18,1.0,8.767884e-05,4.440892e-09,8.691255e-05,8.691262e-05,-2.47939,0.001114849,87.89584,95.78273,2.479389,87.89584,82.51637,0.5383031,87.89591,62.72392,0.05513161,87.90302,42.72599,0.005509959,88.59174,22.71973,0.0005086272,62.48773,0.0,0.0007513715,12381190.0
ss,27,3.30,286,1296145644,742862741,280454172,1,0,1.651939,1.65,0.001938694,0.0,201.0,9.743229e-14,4.871614e-14,1.427267e-19,2.854535e-19,1.0,8.805509e-05,6.416701e-08,8.523721e-05,8.522803e-05,0.1793557,-7.97645e-05,110.6634,95.73764,0.1793553,110.6632,82.55224,0.03930529,110.6506,62.76379,0.004033277,109.5453,42.7659,0.0004581748,95.41658,22.75968,0.0002328923,62.03099,0.0,0.000791744,12433590.0
ss,27,3.30,287,393221178,141390068,280454172,1,0,1.648354,1.65,-0.00164602,0.0,201.0,9.679019e-14,4.839509e-14,1.835114e-18,3.670227e-18,1.0,8.921024e-05,5.108689e-09,7.918221e-05,7.918146e-05,2.306072,-0.000989547,88.42277,95.68021,2.306067,88.42277,82.79851,0.5233438,88.42256,63.02579,0.05372313,88.40208,43.02806,0.005386405,86.67873,23.02181,0.0006563781,61.59091,0.0,0.0008327956,12748730.0
ss,27,3.30,288,2026372975,661372189,280454172,1,0,1.657411,1.65,0.007411466,0.0,201.0,9.703372e-14,4.851686e-14,7.032035e-19,1.406407e-18,1.0,8.529366e-05,1.048936e-08,8.218645e-05,8.217956e-05,0.8836716,-0.000386254,96.77623,95.70203,0.8836698,96.77623,82.6671,0.1970351,96.77549,62.8863,0.02020879,96.70243,42.88848,0.002038461,92.2437,22.88225,0.0003403514,61.76458,0.0,0.0008161754,12574990.0
ss,27,3.30,289,421364490,1484009211,280454172,1,0,1.650979,1.65,0.0009790903,0.0,201.0,9.763184e-14,4.881592e-14,4.859333e-19,9.718665e-19,1.0,9.008892e-05,1.126887e-08,8.313535e-05,8.31374e-05,0.6106418,-0.000268438,100.0397,95.75541,0.6106405,100.0397,82.67263,0.135409,100.0384,62.88937,0.01388511,99.91039,42.89153,0.001409473,93.72205,22.88521,0.0002871823,61.9288,0.0,0.0008009079,12564510.0
ss,27,3.30,290,5548198,1280799908,280454172,1,0,1.652122,1.65,0.002121705,0.0,201.0,9.669009e-14,4.834505e-14,1.145801e-18,2.291602e-18,1.0,8.141036e-05,5.151662e-09,7.945168e-05,7.945113e-05,-1.43986,0.0006190434,92.50486,95.67122,1.439853,92.50486,82.77551,0.3262367,92.50493,63.00204,0.03348541,92.51194,43.00431,0.003346711,93.03585,22.99811,0.0003148565,61.97957,0.0,0.000796423,12726700.0
ss,27,3.30,291,1752926875,836834253,280454172,1,0,1.644098,1.65,-0.00590209,0.0,201.0,9.667292e-14,4.833646e-14,1.118699e-19,2.237398e-19,1.0,8.037116e-05,7.991753e-08,7.990121e-05,7.988845e-05,-0.14058,6.06924e-05,112.7112,95.66968,0.1405796,112.7111,82.75135,0.03176981,112.6939,62.97667,0.003266915,111.2499,42.97892,0.0003858782,96.11022,22.97278,0.0002203575,61.94638,0.0,0.0007994047,12702990.0
ss,27,3.30,292,991345652,502260462,280454172,1,0,1.646293,1.65,-0.00370674,0.0,201.0,9.679351e-14,4.839675e-14,1.080188e-18,2.160376e-18,1.0,8.741344e-05,9.305722e-09,7.842115e-05,7.842141e-05,1.357404,-0.000579626,93.02634,95.68051,1.357402,93.02633,82.83853,0.3094636,93.02589,63.06795,0.03177628,92.9818,43.07024,0.003194643,89.84735,23.06398,0.0004579643,61.69757,0.0,0.0008226986,12799970.0
ss,27,3.30,293,1728803328,1416809201,280454172,1,0,1.648855,1.65,-0.00114515,0.0,201.0,9.648242e-14,4.824121e-14,7.564235e-19,1.512847e-18,1.0,8.221698e-05,1.212969e-08,7.777937e-05,7.778865e-05,0.9505499,-0.000404227,96.09306,95.65254,0.9505481,96.09306,82.84391,0.2175419,96.09231,63.07516,0.02234303,96.01868,43.07747,0.002253925,91.57877,23.07126,0.0003755129,61.68268,0.0,0.0008241446,12818630.0
ss,27,3.30,294,2063554627,2136243777,280454172,1,0,1.653439,1.65,0.003438759,0.0,201.0,9.6225e-14,4.81125e-14,2.480176e-18,4.960353e-18,1.0,8.376176e-05,4.622223e-09,7.725683e-05,7.725465e-05,3.116682,-0.00132104,85.75551,95.62934,3.116676,85.75551,82.84905,0.7156116,85.75537,63.08185,0.07350623,85.74147,43.08418,0.00736437,84.50807,23.07801,0.0008481975,61.33678,0.0,0.0008575681,12832380.0
ss,27,3.30,295,500772538,139058174,280454172,1,0,1.650287,1.65,0.0002874341,0.0,201.0,9.56174e-14,4.78087e-14,8.895177e-19,1.779035e-18,1.0,7.127792e-05,1.07285e-08,7.616634e-05,7.61663e-05,1.117801,-0.000470387,94.60705,95.57432,1.117799,94.60704,82.85238,0.2583848,94.60648,63.08841,0.02655195,94.55114,43.09078,0.002672895,90.86424,23.08479,0.0004083453,61.55267,0.0,0.0008366242,12872780.0
ss,27,3.30,296,685029874,1998860205,280454172,1,0,1.649576,1.65,-0.000424214,0.0,201.0,9.722317e-14,4.861158e-14,1.544619e-18,3.089239e-18,1.0,9.243807e-05,5.086122e-09,8.174851e-05,8.175322e-05,1.941026,-0.000846314,89.95837,95.71898,1.941022,89.95836,82.7055,0.4338674,89.95811,62.92582,0.04450257,89.93323,42.92801,0.004464155,87.90329,22.92171,0.0005635348,61.72081,0.0,0.0008203017,12611830.0
ss,27,3.30,297,1225723981,1359159255,280454172,1,0,1.653444,1.65,0.003444194,0.0,201.0,9.590263e-14,4.795131e-14,1.476418e-18,2.952836e-18,1.0,7.712366e-05,6.688722e-09,7.451832e-05,7.452214e-05,1.855322,-0.000772332,90.23182,95.60019,1.855318,90.23182,82.96791,0.4333159,90.23155,63.20901,0.04455256,90.20506,43.21143,0.004470109,88.07392,23.20528,0.0005709102,61.37151,0.0,0.0008543077,12999280.0
ss,27,3.30,298,2024179474,1114168205,280454172,1,0,1.655103,1.65,0.005102827,0.0,201.0,9.74058e-14,4.87029e-14,5.925743e-19,1.185149e-18,1.0,8.542212e-05,4.572669e-09,8.319226e-05,8.319262e-05,0.7446508,-0.000327487,98.29624,95.73528,0.7446493,98.29623,82.64976,0.1650731,98.29543,62.86636,0.01692569,98.2154,42.86851,0.00170866,93.43994,22.86224,0.0002958798,61.84395,0.0,0.0008088026,12545550.0
ss,27,3.30,299,1449642346,350134157,280454172,1,0,1.647797,1.65,-0.00220334,0.0,201.0,9.676797e-14,4.838399e-14,1.097494e-18,2.194989e-18,1.0,8.319863e-05,6.343214e-09,7.9174e-05,7.917554e-05,1.379152,-0.000591749,92.88599,95.67821,1.37915,92.88598,82.79682,0.3129983,92.88559,63.02412,0.03213116,92.84647,43.02639,0.003228464,89.95882,23.02018,0.0004498502,61.69839,0.0,0.0008225843,12752470.0
fs,27,3.30,0,1784565164,866126268,559149245,1,0,1.650582,1.65,0.0005824646,0.0,201.0,1.0013e-13,5.006502e-14,1.045846e-18,2.091693e-18,1.0,9.779126e-05,6.536993e-11,7.702877e-05,7.702874e-05,1.314249,-0.000556203,93.60133,95.97487,1.314247,93.60133,83.20663,0.3021796,93.60101,63.44009,0.03104231,93.56933,43.44243,0.003116413,91.15055,23.43653,0.0004114329,65.36679,0.0,0.0005393299,13338100.0
fs,27,3.30,1,1602525381,1062732594,559149245,1,0,1.649848,1.65,-0.000152422,0.0,201.0,1.002917e-13,5.014584e-14,8.597154e-19,1.719431e-18,1.0,9.556447e-05,8.047607e-11,7.718172e-05,7.718169e-05,1.08035,-0.000457662,95.3176,95.98888,1.080348,95.3176,83.21248,0.248167,95.31721,63.44549,0.02549258,95.2787,43.44782,0.002561275,92.46541,23.44188,0.0003538533,65.40647,0.0,0.0005369008,13336070.0
fs,27,3.30,2,783865368,16339327,559149245,1,0,1.648822,1.65,-0.00117767,0.0,201.0,9.990865e-14,4.995433e-14,8.865773e-19,1.773155e-18,1.0,9.388315e-05,7.715073e-11,7.52926e-05,7.529263e-05,-1.11411,0.0004663085,95.01713,95.95564,1.114104,95.01713,83.28112,0.2589402,95.01707,63.51981,0.02661565,95.0112,43.52221,0.002664098,94.35617,23.51631,0.0002870824,65.74668,0.0,0.000516399,13440230.0
fs,27,3.30,3,460204382,218541131,559149245,1,0,1.650157,1.65,0.000157464,0.0,201.0,9.969145e-14,4.984572e-14,1.848956e-18,3.697911e-18,1.0,9.820359e-05,3.618084e-11,7.378322e-05,7.378321e-05,2.323466,-0.000962436,88.61403,95.93674,2.323462,88.61403,83.34537,0.545214,88.61389,63.58881,0.05607198,88.60019,43.59125,0.005617628,87.39285,23.58535,0.0006450969,65.01088,0.0,0.0005618219,13528410.0
fs,27,3.30,4,853900121,2140831430,559149245,1,0,1.645778,1.65,-0.00422238,0.0,201.0,9.904679e-14,4.95234e-14,1.80163e-18,3.60326e-18,1.0,0.0001026754,3.656453e-11,7.06885e-05,7.068849e-05,2.263995,-0.000917925,88.7829,95.88039,2.263991,88.7829,83.46465,0.5421104,88.78276,63.71844,0.05581922,88.76946,43.72099,0.00559212,87.59175,23.71515,0.0006399851,64.92844,0.0,0.0005671569,13705830.0
fs,27,3.30,5,1497688687,136752580,559149245,1,0,1.653043,1.65,0.003042991,0.0,201.0,1.001347e-13,5.006733e-14,9.222022e-19,1.844404e-18,1.0,9.245201e-05,7.442225e-11,7.586399e-05,7.586402e-05,-1.15887,0.0004868615,94.69457,95.97527,1.158871,94.69457,83.26968,0.2683834,94.6946,63.50663,0.02758044,94.69802,43.509,0.002757714,94.92487,23.50306,0.0002684783,65.67438,0.0,0.0005207682,13415530.0
fs,27,3.30,6,260385773,863894347,559149245,1,0,1.646326,1.65,-0.00367351,0.0,201.0,1.002484e-13,5.012422e-14,4.368608e-20,8.737216e-20,1.0,9.371131e-05,2.084008e-09,7.567742e-05,7.567773e-05,0.05489755,-2.29526e-05,121.1941,95.98513,0.05489745,121.1931,83.28965,0.0127299,121.1008,63.52716,0.00132226,116.1808,43.52954,0.0002330439,97.59185,23.52356,0.0001979637,65.60231,0.0,0.000524976,13435090.0
fs,27,3.30,7,364441499,344751525,559149245,1,0,1.652309,1.65,0.002309208,0.0,201.0,1.001612e-13,5.008058e-14,4.903965e-19,9.80793e-19,1.0,9.015235e-05,1.388258e-10,7.481544e-05,7.48154e-05,0.6162504,-0.000256997,100.1824,95.97757,0.6162493,100.1824,83.32916,0.1436602,100.1816,63.56934,0.01477028,100.0957,43.57175,0.001492112,95.25864,23.56574,0.0002602287,65.32578,0.0,0.0005419401,13484040.0
fs,27,3.30,8,1388254427,111860658,559149245,1,0,1.646376,1.65,-0.0036236,0.0,201.0,9.993469e-14,4.996734e-14,2.502576e-19,5.005153e-19,1.0,9.341764e-05,2.726495e-10,7.470928e-05,7.470941e-05,-0.314483,0.0001311819,106.006,95.95791,0.3144824,106.006,83.31532,0.07336156,106.0031,63.55583,0.007544584,105.7291,43.55824,0.0007788524,97.02409,23.5523,0.0002120364,65.61035,0.0,0.000524485,13478880.0
fs,27,3.30,9,963838999,1817608492,559149245,1,0,1.652536,1.65,0.002536233,0.0,201.0,9.972194e-14,4.986097e-14,1.435259e-18,2.870518e-18,1.0,9.636197e-05,4.73932e-11,7.462982e-05,7.46298e-05,1.803599,-0.000751353,90.81661,95.9394,1.803596,90.81661,83.30119,0.4209486,90.81642,63.54195,0.04327892,90.79741,43.54436,0.004338581,89.19433,23.53846,0.0005214426,65.12365,0.0,0.0005546148,13469290.0
fs,27,3.30,10,351951592,833047514,559149245,1,0,1.656513,1.65,0.006513317,0.0,201.0,9.950102e-14,4.975051e-14,2.567479e-18,5.134957e-18,1.0,9.774202e-05,2.643219e-11,7.423111e-05,7.42311e-05,3.226389,-0.00134054,85.74581,95.92013,3.226383,85.74581,83.30392,0.7549275,85.74573,63.54593,0.07762648,85.73785,43.54836,0.007771871,85.0028,23.54249,0.0008452484,64.74926,0.0,0.0005789947,13479050.0
fs,27,3.30,11,1876240875,121769374,559149245,1,0,1.643501,1.65,-0.00649904,0.0,201.0,1.005454e-13,5.027271e-14,6.694098e-19,1.33882e-18,1.0,9.90437e-05,1.037535e-10,7.788362e-05,7.788358e-05,0.8412051,-0.000357948,97.51281,96.01083,0.8412035,97.5128,83.19718,0.1924061,97.51217,63.42814,0.01976054,97.4495,43.43046,0.001990892,93.50955,23.42445,0.0003131446,65.62359,0.0,0.0005236398,13303170.0
fs,27,3.30,12,1863253029,1059894320,559149245,1,0,1.649324,1.65,-0.000676438,0.0,201.0,1.002777e-13,5.013883e-14,7.864663e-20,1.572933e-19,1.0,9.28225e-05,9.009398e-10,7.655178e-05,7.655234e-05,-0.0988303,4.17762e-05,116.0899,95.98767,0.09883009,116.0897,83.24494,0.02279103,116.0678,63.47982,0.002347463,114.3025,43.48217,0.0002877302,98.64877,23.4762,0.0001743297,65.60198,0.0,0.0005250265,13375880.0
fs,27,3.30,13,2141035596,2122823988,559149245,1,0,1.648971,1.65,-0.00102929,0.0,201.0,1.003471e-13,5.017356e-14,6.667086e-19,1.333417e-18,1.0,9.407505e-05,1.035545e-10,7.759437e-05,7.759441e-05,-0.837811,0.0003559983,97.53078,95.99368,0.8378091,97.53078,83.19534,0.1919677,97.53065,63.42714,0.01971625,97.51854,43.42946,0.001974905,96.28403,23.42353,0.0002274967,65.82301,0.0,0.0005118816,13315270.0
fs,27,3.30,14,1222566513,271595954,559149245,1,0,1.650022,1.65,2.226084e-05,0.0,201.0,9.963699e-14,4.981849e-14,4.859219e-19,9.718438e-19,1.0,9.683986e-05,1.388969e-10,7.430557e-05,7.430552e-05,0.6106275,-0.00025378,100.2165,95.93199,0.6106264,100.2165,83.31167,0.1428103,100.2156,63.55344,0.01468569,100.1249,43.55587,0.001484386,95.13716,23.55,0.0002634157,65.33012,0.0,0.0005416671,13488680.0
fs,27,3.30,15,1580199446,601096938,559149245,1,0,1.648562,1.65,-0.00143819,0.0,201.0,1.003545e-13,5.017723e-14,1.920299e-19,3.840598e-19,1.0,9.630136e-05,3.590799e-10,7.777456e-05,7.777447e-05,0.2413119,-0.000102555,108.3428,95.99431,0.2413114,108.3427,83.18643,0.05523147,108.3373,63.41772,0.005675706,107.8299,43.42003,0.0006018738,96.84616,23.4141,0.0002130086,65.63849,0.0,0.00052279,13304530.0
fs,27,3.30,16,1999651541,1004118778,559149245,1,0,1.645306,1.65,-0.0046942,0.0,201.0,9.969094e-14,4.984547e-14,2.121128e-18,4.242256e-18,1.0,9.899506e-05,3.174705e-11,7.314704e-05,7.314703e-05,2.665488,-0.00109934,87.42118,95.9367,2.665483,87.42118,83.38085,0.6280349,87.42106,63.62635,0.06460479,87.4091,43.62882,0.006471216,86.34035,23.62286,0.0007313504,64.96335,0.0,0.0005648708,13565500.0
fs,27,3.30,17,1663053864,1444423662,559149245,1,0,1.652408,1.65,0.002407646,0.0,201.0,1.002443e-13,5.012215e-14,3.870137e-19,7.740273e-19,1.0,9.403031e-05,1.784031e-10,7.691532e-05,7.691526e-05,0.4863357,-0.000205625,102.2461,95.98477,0.4863348,102.2461,83.2226,0.1118993,102.2446,63.45639,0.01149713,102.1026,43.45874,0.00116898,95.71148,23.45281,0.0002438182,65.49971,0.0,0.0005312032,13353150.0
fs,27,3.30,18,1825716563,1846660962,559149245,1,0,1.647177,1.65,-0.00282335,0.0,201.0,1.007739e-13,5.038693e-14,1.018813e-18,2.037626e-18,1.0,8.816745e-05,6.815526e-11,7.771563e-05,7.771565e-05,-1.28028,0.0005443874,93.88447,96.03054,1.280276,93.88447,83.22577,0.2931334,93.88449,63.45722,0.03010486,93.88704,43.45954,0.003010407,94.04776,23.45346,0.0002953147,65.93086,0.0,0.000505611,13327260.0
fs,27,3.30,19,1665672967,947585489,559149245,1,0,1.650051,1.65,5.122644e-05,0.0,201.0,1.000358e-13,5.001788e-14,1.133364e-18,2.266728e-18,1.0,9.506713e-05,5.988454e-11,7.514532e-05,7.51453e-05,1.424227,-0.000595347,92.89512,95.96669,1.424224,92.89511,83.30021,0.3313253,92.89486,63.53936,0.03405844,92.86976,43.54176,0.003416644,90.84943,23.5358,0.0004308424,65.23997,0.0,0.0005472672,13454770.0
fs,27,3.30,20,1031185675,464020257,559149245,1,0,1.65253,1.65,0.0025298,0.0,201.0,9.968265e-14,4.984132e-14,1.060634e-18,2.121268e-18,1.0,9.742282e-05,6.410517e-11,7.449034e-05,7.449031e-05,1.332832,-0.000554702,93.44048,95.93597,1.33283,93.44048,83.30545,0.3113497,93.44019,63.54664,0.03201271,93.41192,43.54906,0.003212604,91.19201,23.54319,0.0004145329,65.18097,0.0,0.0005509995,13480560.0
fs,27,3.30,21,1202636975,61431599,559149245,1,0,1.650472,1.65,0.0004722373,0.0,201.0,1.004092e-13,5.020462e-14,8.91419e-19,1.782838e-18,1.0,9.324404e-05,7.814549e-11,7.810049e-05,7.810052e-05,-1.12019,0.0004775002,95.01324,95.99905,1.120188,95.01324,83.17396,0.2558798,95.01326,63.4043,0.02627556,95.0154,43.4066,0.002627606,95.10066,23.40067,0.0002600161,65.80583,0.0,0.0005129387,13285460.0
fs,27,3.30,22,396523764,1077713527,559149245,1,0,1.643589,1.65,-0.00641092,0.0,201.0,1.000292e-13,5.00146e-14,8.731561e-19,1.746312e-18,1.0,9.795129e-05,7.760548e-11,7.488761e-05,7.488759e-05,1.09724,-0.000457856,95.1601,95.96612,1.097238,95.16009,83.31375,0.2556717,95.15972,63.5537,0.02628446,95.12232,43.55611,0.002640521,92.37167,23.55014,0.0003621795,65.38814,0.0,0.0005380218,13472130.0
fs,27,3.30,23,815370351,791754716,559149245,1,0,1.645107,1.65,-0.00489342,0.0,201.0,9.897213e-14,4.948607e-14,1.11705e-18,2.2341e-18,1.0,0.000105141,5.900347e-11,7.067372e-05,7.067374e-05,-1.40373,0.0005691941,92.92821,95.87384,1.403724,92.92821,83.45895,0.3361533,92.92823,63.71279,0.03461213,92.93039,43.71535,0.003461369,93.07409,23.7096,0.0003402321,65.5743,0.0,0.0005267094,13716950.0
fs,27,3.30,24,525261933,734252061,559149245,1,0,1.646516,1.65,-0.00348381,0.0,201.0,9.988631e-14,4.994316e-14,5.34723e-19,1.069446e-18,1.0,9.316796e-05,1.267466e-10,7.389528e-05,7.389533e-05,-0.671953,0.0002786589,99.40694,95.9537,0.6719516,99.40694,83.3561,0.1575643,99.40655,63.59918,0.01620435,99.36772,43.60162,0.001628153,96.43816,23.59569,0.0002279694,65.61439,0.0,0.0005242676,13536020.0
fs,27,3.30,25,1844901404,432249465,559149245,1,0,1.650127,1.65,0.0001267438,0.0,201.0,9.966045e-14,4.983023e-14,1.410439e-18,2.820878e-18,1.0,0.0001000634,4.831691e-11,7.475922e-05,7.47592e-05,1.77241,-0.000738995,90.96277,95.93404,1.772407,90.96277,83.28872,0.4133305,90.96257,63.52907,0.04249376,90.94227,43.53148,0.004260501,89.25103,23.52562,0.0005172846,65.16387,0.0,0.000552047,13460260.0
fs,27,3.30,26,1325587677,622012252,559149245,1,0,1.653382,1.65,0.003382045,0.0,201.0,9.955142e-14,4.977571e-14,1.155345e-19,2.31069e-19,1.0,9.863867e-05,5.890683e-10,7.421477e-05,7.421509e-05,-0.145185,6.038527e-05,112.6861,95.92453,0.1451847,112.686,83.3092,0.03397489,112.6787,63.55127,0.003496462,111.9996,43.5537,0.0003781872,99.71529,23.54786,0.0001554634,65.38504,0.0,0.0005383206,13492050.0
fs,27,3.30,27,870832221,245079177,559149245,1,0,1.64825,1.65,-0.00174966,0.0,201.0,9.945583e-14,4.972792e-14,2.386287e-18,4.772575e-18,1.0,0.0001049795,2.859224e-11,7.487995e-05,7.487996e-05,-2.9987,0.001251507,86.37755,95.91619,2.998692,86.37755,83.26424,0.6987701,86.37759,63.50421,0.07183414,86.38182,43.50662,0.007181913,86.80634,23.50088,0.0006834819,66.05871,0.0,0.0004983806,13450740.0
fs,27,3.30,28,1727882565,456545543,559149245,1,0,1.639071,1.65,-0.0109287,0.0,201.0,1.011155e-13,5.055775e-14,1.874201e-18,3.748401e-18,1.0,9.457748e-05,3.768719e-11,8.039025e-05,8.039026e-05,-2.35519,0.001018491,88.61943,96.05994,2.355185,88.61943,83.1158,0.5306624,88.61946,63.33975,0.05445206,88.62244,43.34199,0.005444746,88.90077,23.33596,0.000526938,66.47438,0.0,0.0004749706,13186590.0
fs,27,3.30,29,1308581719,556275707,559149245,1,0,1.650659,1.65,0.00065861,0.0,201.0,1.006525e-13,5.032625e-14,8.835973e-20,1.767195e-19,1.0,8.969584e-05,8.434569e-10,7.792514e-05,7.792502e-05,0.1110361,-4.72015e-05,115.1108,96.02007,0.1110359,115.1106,83.20423,0.02539106,115.092,63.43508,0.002613095,113.543,43.43739,0.0003124072,98.35836,23.43135,0.0001793286,65.62834,0.0,0.0005234285,13305080.0
fs,27,3.30,30,836897011,1984248090,559149245,1,0,1.645888,1.65,-0.00411197,0.0,201.0,9.996739e-14,4.998369e-14,1.645805e-19,3.29161e-19,1.0,9.870341e-05,4.259846e-10,7.56644e-05,7.566431e-05,0.206818,-8.66805e-05,109.649,95.96075,0.2068176,109.6489,83.26599,0.04795714,109.6414,63.50354,0.004932965,108.9463,43.50593,0.0005345409,96.78716,23.50003,0.0002165926,65.57673,0.0,0.0005265138,13420790.0
fs,27,3.30,31,541032898,716867662,559149245,1,0,1.653914,1.65,0.00391368,0.0,201.0,1.000491e-13,5.002457e-14,1.74726e-18,3.49452e-18,1.0,9.233793e-05,3.886669e-11,7.432997e-05,7.432995e-05,2.195672,-0.000912865,89.13652,95.96785,2.195668,89.13652,83.34617,0.5134319,89.13637,63.58787,0.05279283,89.12225,43.5903,0.005289354,87.87936,23.5843,0.0006098833,65.01614,0.0,0.0005614998,13508750.0
fs,27,3.30,32,1654697168,354383083,559149245,1,0,1.655587,1.65,0.005586794,0.0,201.0,1.003346e-13,5.016728e-14,2.850407e-19,5.700815e-19,1.0,9.249382e-05,2.447962e-10,7.825378e-05,7.825389e-05,-0.358193,0.0001528781,104.9103,95.99259,0.3581921,104.9103,83.15942,0.08174433,104.9094,63.38932,0.008394479,104.8281,43.39162,0.0008475702,99.85614,23.38569,0.0001501335,65.60287,0.0,0.0005250145,13268340.0
fs,27,3.30,33,813711750,1388181331,559149245,1,0,1.645772,1.65,-0.0042284,0.0,201.0,9.961432e-14,4.980716e-14,2.870501e-19,5.741002e-19,1.0,0.0001006145,2.342944e-10,7.388556e-05,7.388549e-05,0.3607178,-0.000149454,104.7867,95.93002,0.3607171,104.7867,83.33296,0.08458925,104.784,63.57607,0.008701678,104.5275,43.57852,0.000896506,96.09485,23.57268,0.0002365327,65.43651,0.0,0.0005350636,13524220.0
fs,27,3.30,34,1569218254,23909230,559149245,1,0,1.647915,1.65,-0.00208521,0.0,201.0,1.009009e-13,5.045046e-14,1.681238e-18,3.362476e-18,1.0,9.920044e-05,4.193623e-11,8.017167e-05,8.017165e-05,2.112706,-0.000912234,89.54472,96.04148,2.112702,89.54472,83.10857,0.4766425,89.54457,63.33312,0.04891336,89.52955,43.33536,0.004901067,88.21878,23.3293,0.0005695421,65.46365,0.0,0.0005333013,13171530.0
fs,27,3.30,35,802998434,1581384518,559149245,1,0,1.659024,1.65,0.009023936,0.0,201.0,9.943921e-14,4.97196e-14,3.624814e-18,7.249627e-18,1.0,9.766777e-05,1.844569e-11,7.361608e-05,7.361607e-05,4.555075,-0.00188477,82.74484,95.91473,4.555067,82.74484,83.33267,1.070019,82.74479,63.57665,0.1100508,82.73942,43.5791,0.01101498,82.22823,23.57321,0.001167478,64.45155,0.0,0.0005991188,13515610.0
fs,27,3.30,36,1936069019,1292379994,559149245,1,0,1.648722,1.65,-0.00127767,0.0,201.0,1.000199e-13,5.000996e-14,7.111583e-19,1.422317e-18,1.0,9.671417e-05,9.629275e-11,7.560289e-05,7.560286e-05,0.8936678,-0.000374678,96.94181,95.96531,0.8936662,96.9418,83.27389,0.2073025,96.94132,63.51163,0.02130667,96.89386,43.51402,0.002142931,93.61293,23.50809,0.0003124339,65.38072,0.0,0.0005385131,13424760.0
fs,27,3.30,37,164864595,1006389815,559149245,1,0,1.649702,1.65,-0.000298159,0.0,201.0,1.00131e-13,5.00655e-14,3.614641e-19,7.229281e-19,1.0,8.956321e-05,1.874838e-10,7.503261e-05,7.503256e-05,0.4542291,-0.000189681,102.8295,95.97495,0.4542283,102.8295,83.31464,0.1057449,102.8279,63.55414,0.0108721,102.6723,43.55654,0.001107163,95.97211,23.55053,0.0002392881,65.38373,0.0,0.0005383392,13463750.0
fs,27,3.30,38,1904750387,130836717,559149245,1,0,1.647902,1.65,-0.00209788,0.0,201.0,1.004701e-13,5.023506e-14,1.015681e-18,2.031362e-18,1.0,9.449079e-05,6.80842e-11,7.717454e-05,7.717451e-05,1.276342,-0.000540664,93.88499,96.00432,1.27634,93.88499,83.2283,0.2932012,93.88463,63.46133,0.03011863,93.84896,43.46367,0.00302507,91.2074,23.45764,0.0004097432,65.4252,0.0,0.0005357003,13341020.0
fs,27,3.30,39,1617498696,776708501,559149245,1,0,1.648377,1.65,-0.00162336,0.0,201.0,9.857971e-14,4.928986e-14,4.581612e-19,9.163224e-19,1.0,0.0001082507,1.432738e-10,7.002674e-05,7.00268e-05,-0.575742,0.0002324295,100.6348,95.83933,0.5757413,100.6348,83.46209,0.138473,100.6344,63.7182,0.01426229,100.5977,43.72078,0.001432697,97.71504,23.71509,0.0001995274,65.31602,0.0,0.0005425434,13736280.0
fs,27,3.30,40,460829374,1960993022,559149245,1,0,1.656786,1.65,0.006786352,0.0,201.0,9.949048e-14,4.974524e-14,2.670628e-18,5.341256e-18,1.0,9.567447e-05,2.533795e-11,7.370559e-05,7.370558e-05,3.35601,-0.00138945,85.40276,95.91921,3.356004,85.40276,83.33216,0.7878977,85.40268,63.57585,0.08103237,85.39441,43.5783,0.008113244,84.62803,23.57241,0.0008855622,64.69267,0.0,0.00058275,13514060.0
fs,27,3.30,41,1263521235,909208911,559149245,1,0,1.652148,1.65,0.002147578,0.0,201.0,9.967964e-14,4.983982e-14,1.903967e-18,3.807935e-18,1.0,9.539691e-05,3.545608e-11,7.341883e-05,7.341882e-05,2.392596,-0.000988629,88.35834,95.93571,2.392592,88.35834,83.36465,0.5627503,88.35822,63.60927,0.05788322,88.34588,43.61173,0.005798185,87.24352,23.60577,0.0006578284,64.96203,0.0,0.0005649968,13544620.0
fs,27,3.30,42,1757987273,1161880682,559149245,1,0,1.65705,1.65,0.007049632,0.0,201.0,1.009665e-13,5.048324e-14,1.636291e-18,3.272583e-18,1.0,9.406518e-05,4.314415e-11,8.112757e-05,8.112755e-05,2.056224,-0.000893123,89.78573,96.04712,2.05622,89.78573,83.06534,0.461297,89.78557,63.28731,0.04732459,89.76999,43.28953,0.004742171,88.41492,23.2835,0.0005538969,65.38679,0.0,0.0005380434,13118790.0
fs,27,3.30,43,1085341365,631610645,559149245,1,0,1.65147,1.65,0.001470136,0.0,201.0,9.993897e-14,4.996948e-14,8.132697e-19,1.626539e-18,1.0,0.0001003242,8.515144e-11,7.72438e-05,7.724376e-05,1.021985,-0.000433105,95.76941,95.95828,1.021983,95.7694,83.17857,0.2346705,95.76897,63.4114,0.02410579,95.72626,43.41373,0.002423115,92.6934,23.4079,0.0003433405,65.41516,0.0,0.0005363673,13314040.0
fs,27,3.30,44,1289773851,516690845,559149245,1,0,1.652173,1.65,0.002172724,0.0,201.0,1.000419e-13,5.002094e-14,9.395964e-19,1.879193e-18,1.0,9.611936e-05,7.348433e-11,7.681568e-05,7.681566e-05,1.180732,-0.000498999,94.52421,95.96722,1.180729,94.52421,83.21037,0.2718368,94.52384,63.44446,0.02792745,94.4871,43.44681,0.002805338,91.77853,23.44092,0.0003829301,65.3185,0.0,0.0005423498,13345370.0
fs,27,3.30,45,1593649620,502397861,559149245,1,0,1.643889,1.65,-0.00611056,0.0,201.0,9.941374e-14,4.970687e-14,1.065488e-18,2.130975e-18,1.0,9.711281e-05,6.167511e-11,7.049034e-05,7.049032e-05,1.338931,-0.000542068,93.37736,95.91251,1.338929,93.37736,83.50826,0.3210297,93.37707,63.76274,0.03305854,93.34828,43.7653,0.003317807,91.10148,23.75936,0.0004294319,65.09346,0.0,0.0005565065,13744020.0
fs,27,3.30,46,1912612273,443093646,559149245,1,0,1.65139,1.65,0.001390449,0.0,201.0,9.91481e-14,4.957405e-14,9.652205e-19,1.930441e-18,1.0,0.0001008465,6.940581e-11,7.231126e-05,7.231123e-05,1.212932,-0.00049736,94.21256,95.88927,1.21293,94.21255,83.38055,0.2873425,94.21225,63.62881,0.02956841,94.18156,43.6313,0.00296816,91.8104,23.6255,0.0003897219,65.07503,0.0,0.0005577558,13599290.0
fs,27,3.30,47,1504360295,1031781432,559149245,1,0,1.644437,1.65,-0.00556347,0.0,201.0,1.000635e-13,5.003177e-14,2.002243e-18,4.004486e-18,1.0,9.993136e-05,3.393552e-11,7.448862e-05,7.448861e-05,2.516093,-0.0010472,87.95458,95.9691,2.516088,87.95458,83.33867,0.5877659,87.95445,63.57987,0.06043254,87.94157,43.58229,0.006053911,86.79947,23.57626,0.0006899849,65.10361,0.0,0.0005558353,13493980.0
fs,27,3.30,48,691287534,1653490334,559149245,1,0,1.648504,1.65,-0.00149626,0.0,201.0,9.954894e-14,4.977447e-14,3.220775e-19,6.44155e-19,1.0,9.687431e-05,2.084306e-10,7.278685e-05,7.278678e-05,0.4047345,-0.000166451,103.7809,95.92432,0.4047338,103.7809,83.38872,0.09558523,103.7788,63.6354,0.009836251,103.574,43.63788,0.001007381,95.94323,23.63199,0.0002423473,65.33635,0.0,0.0005412541,13591000.0
fs,27,3.30,49,139714678,469293519,559149245,1,0,1.653313,1.65,0.003312593,0.0,201.0,1.009412e-13,5.04706e-14,1.007422e-18,2.014845e-18,1.0,8.658878e-05,6.953371e-11,7.902348e-05,7.902351e-05,-1.26596,0.0005428046,93.99654,96.04495,1.265962,93.99654,83.17147,0.2875721,93.99659,63.3992,0.02952096,94.00154,43.40147,0.002951186,94.41265,23.39542,0.0002812796,65.89244,0.0,0.0005078638,13257070.0
fs,27,3.30,50,86862476,1394164541,559149245,1,0,1.651242,1.65,0.001242409,0.0,201.0,1.009027e-13,5.045134e-14,7.23652e-19,1.447304e-18,1.0,8.84651e-05,9.632117e-11,7.843936e-05,7.843933e-05,0.9093679,-0.000388339,96.86686,96.04164,0.9093662,96.86685,83.19872,0.2072971,96.8663,63.42809,0.02128577,96.81149,43.43038,0.002142617,93.20511,23.42427,0.0003243082,65.49747,0.0,0.0005312984,13284020.0
fs,27,3.30,51,720055535,1901746422,559149245,1,0,1.646009,1.65,-0.00399132,0.0,201.0,9.975784e-14,4.987892e-14,2.211725e-18,4.42345e-18,1.0,0.0001039621,3.110756e-11,7.620715e-05,7.620716e-05,-2.77934,0.001170193,87.06372,95.94252,2.77933,87.06372,83.21838,0.6422927,87.06376,63.45429,0.0659973,87.06827,43.45666,0.006598106,87.52057,23.45089,0.0006259159,66.14306,0.0,0.0004935568,13381090.0
fs,27,3.30,52,1979324783,404632715,559149245,1,0,1.645269,1.65,-0.00473091,0.0,201.0,9.987343e-14,4.993672e-14,3.703548e-19,7.407097e-19,1.0,9.91494e-05,1.841585e-10,7.564573e-05,7.564581e-05,-0.465402,0.0001952895,102.596,95.95258,0.4654008,102.596,83.25883,0.1079294,102.5954,63.49644,0.01109313,102.5284,43.49882,0.001118201,98.23758,23.49296,0.000183134,65.66676,0.0,0.0005211495,13417470.0
fs,27,3.30,53,1265438194,1353126042,559149245,1,0,1.649503,1.65,-0.000496798,0.0,201.0,1.001998e-13,5.009988e-14,4.150413e-19,8.300826e-19,1.0,9.091706e-05,1.644054e-10,7.518123e-05,7.518118e-05,0.5215563,-0.000218019,101.6349,95.98092,0.5215553,101.6349,83.31248,0.1213051,101.6336,63.55151,0.01247088,101.5031,43.55391,0.001266316,95.39813,23.5479,0.0002555572,65.43917,0.0,0.0005349015,13459440.0
fs,27,3.30,54,1528528630,1847431983,559149245,1,0,1.652606,1.65,0.002605685,0.0,201.0,1.007912e-13,5.039559e-14,3.184112e-20,6.368225e-20,1.0,8.89352e-05,2.831499e-09,7.829754e-05,7.829787e-05,0.04001274,-1.70099e-05,123.9881,96.03203,0.04001266,123.9869,83.19654,0.009130266,123.8689,63.42632,0.0009503224,118.208,43.42862,0.0001824036,99.18653,23.42257,0.0001628554,65.60947,0.0,0.0005245811,13293960.0
fs,27,3.30,55,1428907515,1745171031,559149245,1,0,1.652281,1.65,0.002280841,0.0,201.0,9.987043e-14,4.993521e-14,1.160993e-18,2.321986e-18,1.0,9.561701e-05,5.879031e-11,7.51208e-05,7.512078e-05,1.458947,-0.000609758,92.67155,95.95232,1.458944,92.67154,83.28718,0.3394548,92.67129,63.52641,0.03489443,92.64576,43.52881,0.00350068,90.60126,23.5229,0.0004426719,65.19826,0.0,0.0005498943,13447220.0
fs,27,3.30,56,1724758406,191012616,559149245,1,0,1.653006,1.65,0.003006297,0.0,201.0,9.86132e-14,4.93066e-14,2.87376e-18,5.74752e-18,1.0,0.0001036852,2.273737e-11,7.0255e-05,7.025499e-05,3.611273,-0.00145972,84.68909,95.84228,3.611267,84.68909,83.45172,0.8672245,84.68902,63.70703,0.08931011,84.68169,43.7096,0.008941199,83.99658,23.70384,0.0009668595,64.52769,0.0,0.0005938884,13708120.0
fs,27,3.30,57,239706765,1907739715,559149245,1,0,1.65313,1.65,0.003129644,0.0,201.0,1.002385e-13,5.011927e-14,8.030949e-19,1.60619e-18,1.0,9.271508e-05,8.594725e-11,7.681442e-05,7.681439e-05,1.009199,-0.000426493,95.90476,95.98428,1.009197,95.90475,83.2275,0.2323471,95.9043,63.46159,0.02387067,95.85932,43.46394,0.002400109,92.7142,23.45799,0.0003445002,65.3438,0.0,0.0005407874,13356750.0
fs,27,3.30,58,345483088,1088815589,559149245,1,0,1.659544,1.65,0.009544268,0.0,201.0,1.001893e-13,5.009467e-14,8.515873e-19,1.703175e-18,1.0,8.922854e-05,8.054712e-11,7.588458e-05,7.588455e-05,1.070136,-0.000449519,95.39125,95.98001,1.070134,95.39124,83.27331,0.2478011,95.39091,63.51019,0.0254662,95.35761,43.51257,0.002557099,92.81764,23.50658,0.0003423315,65.16545,0.0,0.0005520327,13411530.0
fs,27,3.30,59,1974159841,473911507,559149245,1,0,1.642238,1.65,-0.00776231,0.0,201.0,9.987662e-14,4.993831e-14,1.336617e-20,2.673233e-20,1.0,0.0001006249,1.298324e-08,7.552418e-05,7.553561e-05,-0.0167964,7.118943e-06,131.4485,95.95286,0.01679639,131.4391,83.26509,0.0039021,130.5957,63.50304,0.0004419443,117.8864,43.50543,0.0001909644,97.85452,23.49955,0.0001915364,65.67755,0.0,0.0005204564,13422280.0
fs,27,3.30,60,849283600,228433715,559149245,1,0,1.655889,1.65,0.005888808,0.0,201.0,1.001687e-13,5.008436e-14,2.803085e-18,5.606169e-18,1.0,9.368893e-05,2.431477e-11,7.571224e-05,7.571223e-05,3.52246,-0.00147809,85.04132,95.97822,3.522454,85.04132,83.28086,0.8165396,85.04125,63.51827,0.08391726,85.03405,43.52065,0.008400984,84.35917,23.51463,0.000907346,64.80905,0.0,0.0005750067,13415640.0
fs,27,3.30,61,2092847565,965766507,559149245,1,0,1.647561,1.65,-0.00243908,0.0,201.0,1.001983e-13,5.009916e-14,4.416121e-20,8.832241e-20,1.0,9.76519e-05,1.918025e-09,7.635898e-05,7.636031e-05,-0.0554946,2.3459e-05,121.0958,95.98079,0.0554945,121.0951,83.24839,0.01281341,121.0272,63.48384,0.001326885,116.9568,43.4862,0.0002120649,98.75346,23.4803,0.0001723224,65.63311,0.0,0.0005231494,13393660.0
fs,27,3.30,62,1922546689,1795037178,559149245,1,0,1.653639,1.65,0.003639021,0.0,201.0,9.977953e-14,4.988977e-14,1.078066e-18,2.156132e-18,1.0,9.468553e-05,6.261303e-11,7.435103e-05,7.435101e-05,1.354738,-0.000563292,93.30732,95.94441,1.354735,93.30732,83.32157,0.316747,93.30704,63.56321,0.03256928,93.27923,43.56563,0.003268285,91.08842,23.55972,0.0004203055,65.14333,0.0,0.0005533887,13494360.0
fs,27,3.30,63,1061740309,1711736126,559149245,1,0,1.65683,1.65,0.006829831,0.0,201.0,1.003478e-13,5.017388e-14,9.921432e-19,1.984286e-18,1.0,9.253581e-05,6.991741e-11,7.841872e-05,7.84187e-05,1.246764,-0.000532389,94.07807,95.99373,1.246762,94.07806,83.1519,0.2842443,94.07776,63.38133,0.02918626,94.04754,43.38363,0.002929575,91.70294,23.3777,0.0003834754,65.32493,0.0,0.0005419608,13257200.0
fs,27,3.30,64,476617155,868421277,559149245,1,0,1.650651,1.65,0.0006511247,0.0,201.0,1.016108e-13,5.080539e-14,4.124213e-19,8.248426e-19,1.0,8.783388e-05,1.732161e-10,8.306291e-05,8.306298e-05,-0.518264,0.0002278716,101.8114,96.10238,0.5182628,101.8114,83.0233,0.1149732,101.8109,63.24022,0.01178875,101.7613,43.24239,0.001185919,98.19974,23.23625,0.0001785771,66.02335,0.0,0.0005001322,13040280.0
fs,27,3.30,65,970642646,78501899,559149245,1,0,1.65015,1.65,0.0001503055,0.0,201.0,1.003705e-13,5.018526e-14,1.265431e-18,2.530862e-18,1.0,9.242253e-05,5.435652e-11,7.632407e-05,7.632405e-05,1.590188,-0.000669926,91.96675,95.9957,1.590185,91.96675,83.26526,0.3672193,91.96654,63.50082,0.03773234,91.94588,43.50318,0.003783248,90.2207,23.49715,0.0004611288,65.2552,0.0,0.0005463085,13391330.0
fs,27,3.30,66,1752964547,2073285362,559149245,1,0,1.651499,1.65,0.001499221,0.0,201.0,9.892534e-14,4.946267e-14,3.32671e-18,6.653421e-18,1.0,0.0001013182,1.993783e-11,7.083971e-05,7.08397e-05,4.180468,-0.00169682,83.44525,95.86973,4.18046,83.44525,83.44524,0.9999993,83.44519,63.69851,0.1029594,83.4388,43.70106,0.01030653,82.83772,23.6952,0.001103758,64.48169,0.0,0.0005970176,13678330.0
fs,27,3.30,67,1330708715,1962041212,559149245,1,0,1.654166,1.65,0.004166476,0.0,201.0,1.007366e-13,5.036828e-14,2.840442e-19,5.680884e-19,1.0,9.068896e-05,2.471268e-10,7.953476e-05,7.953468e-05,0.3569405,-0.00015346,104.9754,96.02732,0.3569398,104.9754,83.12729,0.08083399,104.9736,63.35358,0.008298501,104.7956,43.35585,0.0008472506,97.55847,23.34983,0.0001947906,65.5755,0.0,0.0005266158,13206730.0
fs,27,3.30,68,454521142,314027644,559149245,1,0,1.651918,1.65,0.001917677,0.0,201.0,1.000444e-13,5.00222e-14,9.665446e-19,1.933089e-18,1.0,9.756549e-05,7.136691e-11,7.660262e-05,7.660259e-05,1.214596,-0.000512609,94.27882,95.96744,1.214593,94.27882,83.22201,0.2800012,94.2785,63.45674,0.02876814,94.24743,43.45909,0.002887906,91.85319,23.4532,0.0003801896,65.32923,0.0,0.0005416956,13360470.0
fs,27,3.30,69,2059766380,28844679,559149245,1,0,1.65914,1.65,0.009140133,0.0,201.0,9.893087e-14,4.946543e-14,2.224684e-19,4.449368e-19,1.0,0.0001052751,2.996359e-10,7.243e-05,7.242988e-05,0.279562,-0.000114681,106.9407,95.87022,0.2795615,106.9406,83.35478,0.06617697,106.9377,63.60264,0.006811541,106.656,43.60513,0.000703815,97.78564,23.5994,0.0001952938,65.10369,0.0,0.0005560014,13580310.0
fs,27,3.30,70,1120797327,1634581090,559149245,1,0,1.649062,1.65,-0.000938203,0.0,201.0,1.001316e-13,5.006578e-14,2.005887e-18,4.011774e-18,1.0,9.868034e-05,3.421974e-11,7.59783e-05,7.597829e-05,2.520672,-0.00105954,87.94469,95.975,2.520667,87.94469,83.26322,0.5833466,87.94456,63.49982,0.05994639,87.93174,43.5022,0.006005133,86.79419,23.49622,0.0006840714,65.12208,0.0,0.0005546651,13400270.0
fs,27,3.30,71,1463703856,299978239,559149245,1,0,1.646189,1.65,-0.00381131,0.0,201.0,1.012953e-13,5.064765e-14,1.587089e-18,3.174178e-18,1.0,9.008915e-05,4.472156e-11,8.116383e-05,8.116385e-05,-1.99439,0.0008666065,90.07916,96.07537,1.994391,90.07916,83.09174,0.447331,90.0792,63.31361,0.04589024,90.08366,43.31583,0.004587842,90.50816,23.30977,0.0004365965,66.29716,0.0,0.0004847549,13146940.0
fs,27,3.30,72,483252393,1461105499,559149245,1,0,1.646018,1.65,-0.00398157,0.0,201.0,1.006035e-13,5.030176e-14,4.080442e-19,8.160884e-19,1.0,9.597087e-05,1.70516e-10,7.819324e-05,7.819318e-05,0.5127635,-0.000218596,101.8175,96.01585,0.5127625,101.8175,83.18587,0.1170625,101.8162,63.41594,0.01202235,101.6828,43.41824,0.001221161,95.50493,23.41223,0.0002485222,65.65295,0.0,0.000521902,13286550.0
fs,27,3.30,73,2061111016,551575351,559149245,1,0,1.649629,1.65,-0.000371485,0.0,201.0,9.956912e-14,4.978456e-14,6.608983e-19,1.321797e-18,1.0,9.919311e-05,1.022897e-10,7.349512e-05,7.349516e-05,-0.830509,0.0003434459,97.5392,95.92608,0.8305078,97.5392,83.35075,0.195244,97.53911,63.59512,0.0200817,97.53026,43.59758,0.002010787,96.54721,23.59175,0.0002250229,65.5763,0.0,0.0005266165,13550310.0
fs,27,3.30,74,1573541952,391688027,559149245,1,0,1.64709,1.65,-0.00291041,0.0,201.0,9.949655e-14,4.974827e-14,1.326115e-18,2.65223e-18,1.0,9.53234e-05,4.982326e-11,7.198638e-05,7.198637e-05,1.666445,-0.000681804,91.48394,95.91974,1.666442,91.48393,83.42948,0.395619,91.48372,63.67882,0.04071505,91.46249,43.68133,0.004082647,89.70521,23.67539,0.0004994697,65.05518,0.0,0.0005589794,13637660.0
fs,27,3.30,75,97093162,1481159059,559149245,1,0,1.655712,1.65,0.005711672,0.0,201.0,1.001932e-13,5.009662e-14,3.421125e-19,6.842251e-19,1.0,9.342734e-05,2.0286e-10,7.70189e-05,7.701899e-05,-0.429911,0.0001820188,103.3128,95.98035,0.4299105,103.3128,83.21263,0.09885357,103.3124,63.44612,0.01015516,103.2722,43.44846,0.001020501,100.0042,23.44254,0.0001485652,65.54492,0.0,0.0005285451,13341850.0
fs,27,3.30,76,146056973,1459165629,559149245,1,0,1.644969,1.65,-0.00503143,0.0,201.0,1.003371e-13,5.016857e-14,3.740426e-19,7.480852e-19,1.0,9.89775e-05,1.834621e-10,7.695176e-05,7.69517e-05,0.4700358,-0.000198774,102.5502,95.99282,0.4700349,102.5502,83.22869,0.1081247,102.5485,63.46238,0.01110944,102.386,43.46472,0.001132228,95.56025,23.45876,0.0002482708,65.62204,0.0,0.0005237607,13355910.0
fs,27,3.30,77,1406225338,1674889368,559149245,1,0,1.64669,1.65,-0.00330976,0.0,201.0,1.000184e-13,5.000921e-14,2.95469e-19,5.909381e-19,1.0,9.99175e-05,2.333849e-10,7.725105e-05,7.725116e-05,-0.371297,0.0001574609,104.5708,95.96518,0.3712967,104.5707,83.18508,0.08525437,104.5696,63.41789,0.00875823,104.4523,43.42022,0.0008879704,98.53015,23.41438,0.0001754735,65.72664,0.0,0.0005175662,13320810.0
fs,27,3.30,78,1353468951,1666909477,559149245,1,0,1.651783,1.65,0.001783357,0.0,201.0,1.010036e-13,5.050179e-14,2.496358e-18,4.992715e-18,1.0,9.144301e-05,2.822276e-11,8.006297e-05,8.006296e-05,3.137016,-0.00135362,86.12,96.05032,3.137009,86.12,83.123,0.7081903,86.1199,63.34784,0.07267703,86.10974,43.35009,0.007278085,85.1878,23.344,0.0008087416,65.18291,0.0,0.0005507518,13185070.0
fs,27,3.30,79,557181810,126325588,559149245,1,0,1.645917,1.65,-0.00408303,0.0,201.0,1.016989e-13,5.084945e-14,2.066309e-18,4.132618e-18,1.0,8.841857e-05,3.480238e-11,8.287745e-05,8.287747e-05,-2.5966,0.001140106,87.82182,96.1099,2.596595,87.82182,83.04006,0.5766497,87.82186,63.25746,0.05912619,87.82607,43.25963,0.005911228,88.24218,23.25351,0.0005630757,66.55143,0.0,0.0004707767,13065750.0
fs,27,3.30,80,445551748,706396556,559149245,1,0,1.647826,1.65,-0.00217361,0.0,201.0,9.944744e-14,4.972372e-14,7.333457e-19,1.466691e-18,1.0,9.93137e-05,9.185896e-11,7.313624e-05,7.313621e-05,0.9215494,-0.000380003,96.6251,95.91545,0.9215478,96.62509,83.36022,0.2171482,96.62456,63.60575,0.02233879,96.57172,43.60822,0.002248149,93.05653,23.60239,0.0003367386,65.23674,0.0,0.0005474733,13563380.0
fs,27,3.30,81,1802695333,1174102364,559149245,1,0,1.647974,1.65,-0.00202558,0.0,201.0,9.887537e-14,4.943768e-14,9.368819e-19,1.873764e-18,1.0,0.0001028878,7.055689e-11,7.039114e-05,7.039111e-05,1.177321,-0.0004763,94.44747,95.86534,1.177318,94.44746,83.46686,0.2824685,94.44714,63.72169,0.02908892,94.41469,43.72426,0.002920642,91.94204,23.71847,0.0003879908,65.01878,0.0,0.0005613419,13722200.0
fs,27,3.30,82,492397578,81924411,559149245,1,0,1.650194,1.65,0.0001941655,0.0,201.0,9.89603e-14,4.948015e-14,1.764088e-18,3.528175e-18,1.0,9.864396e-05,3.743139e-11,7.029861e-05,7.02986e-05,2.216818,-0.000896313,88.95822,95.8728,2.216814,88.95822,83.4797,0.5321993,88.95808,63.73486,0.05480736,88.94433,43.73743,0.005491043,87.73098,23.73158,0.0006310009,64.81314,0.0,0.0005747349,13726450.0
fs,27,3.30,83,1519590777,465501689,559149245,1,0,1.6525,1.65,0.002500196,0.0,201.0,9.948025e-14,4.974013e-14,1.595844e-18,3.191689e-18,1.0,9.600528e-05,4.200729e-11,7.318775e-05,7.318774e-05,2.005397,-0.00082732,89.87433,95.91832,2.005394,89.87433,83.36019,0.4723821,89.87417,63.60556,0.04859253,89.85854,43.60803,0.004869388,88.50038,23.60214,0.0005689682,64.98887,0.0,0.0005632746,13553880.0
fs,27,3.30,84,2026169258,1452672177,559149245,1,0,1.65369,1.65,0.003689891,0.0,201.0,9.904114e-14,4.952057e-14,1.828104e-18,3.656209e-18,1.0,9.739925e-05,3.596767e-11,7.127154e-05,7.127152e-05,2.297264,-0.000935249,88.65569,95.8799,2.29726,88.65569,83.43052,0.5479505,88.65556,63.68229,0.05640745,88.64248,43.68482,0.005650896,87.48068,23.67898,0.0006455278,64.78441,0.0,0.0005766561,13659130.0
fs,27,3.30,85,1085307661,804127732,559149245,1,0,1.655772,1.65,0.00577159,0.0,201.0,9.966777e-14,4.983388e-14,9.475605e-19,1.895121e-18,1.0,9.663851e-05,7.224799e-11,7.54896e-05,7.548957e-05,1.19074,-0.000498868,94.41836,95.93468,1.190737,94.41835,83.24942,0.2764097,94.418,63.48751,0.02841027,94.38286,43.4899,0.00285333,91.76036,23.48406,0.0003856426,65.22038,0.0,0.0005485156,13411130.0
fs,27,3.30,86,994215428,1115949595,559149245,1,0,1.653654,1.65,0.003654376,0.0,201.0,1.008753e-13,5.043764e-14,1.16707e-18,2.33414e-18,1.0,8.963828e-05,5.974243e-11,7.931435e-05,7.931433e-05,1.466583,-0.000629828,92.71316,96.03927,1.46658,92.71316,83.15067,0.3325643,92.7129,63.37758,0.03413769,92.68698,43.37985,0.003424864,90.61727,23.37376,0.0004343347,65.3943,0.0,0.0005376156,13224170.0
fs,27,3.30,87,1545597233,912499789,559149245,1,0,1.641802,1.65,-0.00819814,0.0,201.0,1.000178e-13,5.00089e-14,1.453474e-18,2.906949e-18,1.0,9.767694e-05,4.72653e-11,7.599591e-05,7.599593e-05,-1.82649,0.0007679893,90.7328,95.96513,1.826486,90.7328,83.25239,0.4226489,90.73281,63.48894,0.04343167,90.73391,43.49131,0.004343805,90.7999,23.48543,0.000430801,66.06787,0.0,0.0004976969,13404440.0
fs,27,3.30,88,1453936389,947779735,559149245,1,0,1.653274,1.65,0.003273594,0.0,201.0,9.997611e-14,4.998806e-14,9.616046e-19,1.923209e-18,1.0,9.876411e-05,7.234746e-11,7.781629e-05,7.781632e-05,-1.20839,0.0005141517,94.31739,95.96151,1.208386,94.31739,83.15141,0.2765037,94.31743,63.38257,0.028396,94.32084,43.38489,0.002839242,94.5568,23.37907,0.0002761301,65.7973,0.0,0.0005134561,13279690.0
fs,27,3.30,89,1506913192,1656855185,559149245,1,0,1.646182,1.65,-0.00381801,0.0,201.0,1.011184e-13,5.055918e-14,2.013424e-18,4.026847e-18,1.0,8.783514e-05,3.502976e-11,8.017559e-05,8.017561e-05,-2.53014,0.00109267,87.9973,96.06018,2.530138,87.9973,83.12707,0.570806,87.99734,63.3516,0.05857511,88.00159,43.35385,0.005856162,88.42014,23.34778,0.0005576761,66.35047,0.0,0.000481841,13195110.0
fs,27,3.30,90,883503085,919419594,559149245,1,0,1.658607,1.65,0.008607441,0.0,201.0,1.00989e-13,5.04945e-14,2.572037e-18,5.144074e-18,1.0,7.700537e-05,2.77538e-11,8.249591e-05,8.249592e-05,-3.23212,0.001415836,85.85934,96.04906,3.232111,85.85934,82.99827,0.7193603,85.85939,63.21665,0.07376712,85.8645,43.21883,0.007374226,86.38769,23.21291,0.0006938424,66.22817,0.0,0.0004887147,13048410.0
fs,27,3.30,91,1813966617,1392217350,559149245,1,0,1.64014,1.65,-0.00986004,0.0,201.0,9.964045e-14,4.982023e-14,2.221039e-19,4.442077e-19,1.0,9.928469e-05,3.036149e-10,7.295324e-05,7.295339e-05,-0.279104,0.0001150587,107.017,95.9323,0.2791035,107.017,83.38732,0.06584435,107.0133,63.63346,0.006776571,106.6584,43.63593,0.0007061167,97.01341,23.63003,0.0002142058,65.59376,0.0,0.0005254615,13587030.0
fs,27,3.30,92,1794141043,1863293634,559149245,1,0,1.650051,1.65,5.127394e-05,0.0,201.0,1.000951e-13,5.004753e-14,1.218767e-18,2.437534e-18,1.0,9.529337e-05,5.593392e-11,7.572667e-05,7.572665e-05,1.531548,-0.000642685,92.26924,95.97183,1.531545,92.26924,83.27369,0.3549953,92.26901,63.51106,0.03648398,92.24627,43.51344,0.003658963,90.38253,23.50747,0.0004531555,65.26652,0.0,0.0005455922,13417420.0
fs,27,3.30,93,638913720,1810905944,559149245,1,0,1.648569,1.65,-0.00143149,0.0,201.0,9.986139e-14,4.99307e-14,9.634481e-19,1.926896e-18,1.0,9.377225e-05,7.035794e-11,7.409631e-05,7.409629e-05,1.210705,-0.000502527,94.29079,95.95153,1.210702,94.29078,83.34278,0.2835306,94.29042,63.58522,0.02915681,94.25477,43.58766,0.002928495,91.6085,23.58171,0.0003968811,65.22494,0.0,0.0005482025,13514780.0
fs,27,3.30,94,380451489,265326074,559149245,1,0,1.644037,1.65,-0.00596326,0.0,201.0,9.958463e-14,4.979231e-14,1.306263e-18,2.612527e-18,1.0,0.0001052935,5.253753e-11,7.577323e-05,7.577326e-05,-1.6415,0.0006891835,91.62263,95.92743,1.641496,91.62263,83.22676,0.3803699,91.62268,63.46398,0.03908994,91.62715,43.46636,0.003908053,92.0349,23.46061,0.0003726363,65.90087,0.0,0.0005074044,13396720.0
fs,27,3.30,95,1074578470,1452838887,559149245,1,0,1.646872,1.65,-0.00312821,0.0,201.0,9.935295e-14,4.967648e-14,2.016161e-19,4.032323e-19,1.0,0.0001041029,3.348219e-10,7.395179e-05,7.395196e-05,-0.253358,0.0001051446,107.8325,95.9072,0.2533578,107.8325,83.30645,0.05938792,107.8301,63.54935,0.006108894,107.5975,43.55179,0.0006276423,99.32064,23.54603,0.0001626558,65.47669,0.0,0.0005326692,13504850.0
fs,27,3.30,96,1499332455,29380035,559149245,1,0,1.646214,1.65,-0.00378596,0.0,201.0,9.986933e-14,4.993467e-14,7.346552e-19,1.46931e-18,1.0,0.0001023814,9.363532e-11,7.653939e-05,7.653943e-05,-0.923195,0.0003895841,96.64637,95.95222,0.9231933,96.64637,83.21019,0.2129076,96.64637,63.44511,0.02187442,96.64654,43.44746,0.002187994,96.48149,23.44165,0.0002228477,65.76119,0.0,0.0005155788,13362050.0
fs,27,3.30,97,1060685260,1199998806,559149245,1,0,1.650127,1.65,0.0001266127,0.0,201.0,1.00318e-13,5.0159e-14,3.6208e-19,7.2416e-19,1.0,9.268582e-05,1.890612e-10,7.651857e-05,7.651851e-05,0.4550032,-0.000191877,102.8309,95.99116,0.4550023,102.8309,83.25025,0.1049468,102.8293,63.48523,0.01078442,102.6743,43.48758,0.001098159,95.98572,23.4816,0.0002370251,65.49563,0.0,0.000531455,13381700.0
fs,27,3.30,98,799433102,996566524,559149245,1,0,1.65281,1.65,0.002809951,0.0,201.0,9.99232e-14,4.99616e-14,4.850091e-19,9.700182e-19,1.0,9.895419e-05,1.430038e-10,7.752026e-05,7.75202e-05,0.6094804,-0.000258728,100.2577,95.95691,0.6094793,100.2577,83.1625,0.1397138,100.2568,63.39452,0.01435108,100.1689,43.39685,0.001450101,95.25989,23.39102,0.0002550096,65.46257,0.0,0.0005334866,13292260.0
fs,27,3.30,99,185146332,1621945818,559149245,1,0,1.649042,1.65,-0.000958349,0.0,201.0,1.000703e-13,5.003516e-14,3.170125e-19,6.340249e-19,1.0,9.270525e-05,2.145271e-10,7.472866e-05,7.47286e-05,0.3983696,-0.000166009,103.964,95.96969,0.3983689,103.964,83.32605,0.09291897,103.962,63.56649,0.00955486,103.771,43.56891,0.0009769981,96.36326,23.56293,0.000229078,65.41645,0.0,0.0005363174,13485470.0
fs,27,3.30,100,204595343,1070401352,559149245,1,0,1.654448,1.65,0.004447544,0.0,201.0,9.972868e-14,4.986434e-14,2.728772e-18,5.457543e-18,1.0,9.6861e-05,2.511058e-11,7.603305e-05,7.603306e-05,-3.42908,0.001442081,85.23646,95.93998,3.429069,85.23646,83.22524,0.7933031,85.2365,63.46168,0.08151896,85.24096,43.46405,0.008149937,85.69509,23.45827,0.0007729636,66.02864,0.0,0.0005001842,13390140.0
fs,27,3.30,101,1334417031,1689589166,559149245,1,0,1.649402,1.65,-0.000598114,0.0,201.0,9.909899e-14,4.95495e-14,7.222819e-19,1.444564e-18,1.0,0.0001014988,9.201528e-11,7.19936e-05,7.199357e-05,0.9076462,-0.000371339,96.72665,95.88497,0.9076446,96.72665,83.39429,0.2154678,96.72615,63.64361,0.02217549,96.67643,43.64612,0.002230922,93.29769,23.64033,0.0003289517,65.14858,0.0,0.0005530581,13620880.0
fs,27,3.30,102,1105709523,1752692051,559149245,1,0,1.652705,1.65,0.002705124,0.0,201.0,9.883984e-14,4.941992e-14,1.907424e-18,3.814849e-18,1.0,0.0001038111,3.471712e-11,7.135639e-05,7.135638e-05,2.39694,-0.000976414,88.26909,95.86222,2.396936,88.26909,83.40797,0.5714049,88.26897,63.65945,0.05881987,88.25686,43.66199,0.005891914,87.17148,23.65624,0.0006671723,64.80301,0.0,0.0005754245,13649100.0
fs,27,3.30,103,366199907,198416412,559149245,1,0,1.652635,1.65,0.002634534,0.0,201.0,9.942733e-14,4.971366e-14,3.356389e-18,6.712777e-18,1.0,0.0001012545,1.996625e-11,7.236639e-05,7.236638e-05,4.217762,-0.0017303,83.41207,95.9137,4.217755,83.41207,83.40185,0.9988243,83.412,63.64992,0.102777,83.40539,43.65242,0.01028848,82.78436,23.6465,0.00110435,64.55912,0.0,0.0005917181,13603770.0
fs,27,3.30,104,1593255690,494301226,559149245,1,0,1.645828,1.65,-0.00417191,0.0,201.0,1.003088e-13,5.015442e-14,1.482996e-18,2.965992e-18,1.0,9.673868e-05,4.678213e-11,7.751781e-05,7.751782e-05,-1.86359,0.0007913739,90.58339,95.99037,1.863584,90.58339,83.19609,0.4272037,90.58343,63.42811,0.04387671,90.58816,43.43044,0.004386459,91.03685,23.42454,0.0004162791,66.04064,0.0,0.000499319,13323380.0
fs,27,3.30,105,2023810912,555077879,559149245,1,0,1.653031,1.65,0.003030767,0.0,201.0,1.009816e-13,5.049081e-14,1.381873e-18,2.763745e-18,1.0,8.875171e-05,5.124434e-11,8.083293e-05,8.083295e-05,-1.73651,0.0007530207,91.25489,96.04843,1.736509,91.25489,83.08165,0.3902457,91.25493,63.3044,0.04003813,91.25924,43.30663,0.004002851,91.65272,23.30064,0.0003822926,66.0873,0.0,0.0004965935,13147850.0
fs,27,3.30,106,2064323440,1130089218,559149245,1,0,1.66002,1.65,0.0100197,0.0,201.0,1.00049e-13,5.002452e-14,1.704108e-18,3.408216e-18,1.0,9.13658e-05,4.015988e-11,7.637555e-05,7.637553e-05,2.141445,-0.000902496,89.35372,95.96784,2.141441,89.35371,83.23462,0.4943624,89.35358,63.47003,0.05079515,89.34019,43.47239,0.005088737,88.14961,23.46643,0.0005832318,65.01106,0.0,0.0005618649,13367280.0
fs,27,3.30,107,1288201944,515981385,559149245,1,0,1.647066,1.65,-0.0029341,0.0,201.0,9.957225e-14,4.978613e-14,5.272942e-19,1.054588e-18,1.0,9.865747e-05,1.286224e-10,7.394831e-05,7.394837e-05,-0.662617,0.0002748865,99.50111,95.92635,0.6626162,99.5011,83.3258,0.1553227,99.50071,63.56871,0.0159735,99.46156,43.57115,0.001605017,96.51139,23.56533,0.0002252667,65.6108,0.0,0.0005244925,13517700.0
fs,27,3.30,108,454758417,74034737,559149245,1,0,1.649414,1.65,-0.000585525,0.0,201.0,1.00335e-13,5.016748e-14,2.496912e-19,4.993825e-19,1.0,9.325975e-05,2.777085e-10,7.722129e-05,7.722143e-05,-0.313771,0.0001330577,106.0604,95.99263,0.3137707,106.0604,83.21411,0.0720589,106.0581,63.447,0.007403613,105.8408,43.44934,0.0007593204,97.90954,23.44338,0.0001891002,65.70936,0.0,0.0005185731,13336100.0
fs,27,3.30,109,1816403577,1064023374,559149245,1,0,1.64778,1.65,-0.00221971,0.0,201.0,9.949246e-14,4.974623e-14,1.155011e-18,2.310023e-18,1.0,9.842532e-05,5.798029e-11,7.304175e-05,7.304177e-05,-1.45143,0.0005983157,92.68348,95.91939,1.451427,92.68348,83.36945,0.3422145,92.6835,63.61529,0.03520382,92.68518,43.61776,0.0035207,92.78274,23.61192,0.0003479036,65.67207,0.0,0.0005208701,13575210.0
fs,27,3.30,110,1054206808,1354249441,559149245,1,0,1.648822,1.65,-0.00117831,0.0,201.0,1.005281e-13,5.026405e-14,1.489129e-18,2.978258e-18,1.0,9.788273e-05,4.695266e-11,7.880385e-05,7.880384e-05,1.871295,-0.000801065,90.5665,96.00933,1.871291,90.5665,83.14732,0.4256385,90.56632,63.37566,0.04369853,90.5485,43.37794,0.004379981,89.02947,23.37194,0.0005213427,65.38272,0.0,0.0005383142,13236270.0
fs,27,3.30,111,1133919952,800741536,559149245,1,0,1.652526,1.65,0.00252649,0.0,201.0,1.005214e-13,5.026072e-14,6.125872e-19,1.225174e-18,1.0,9.248424e-05,1.138005e-10,7.835363e-05,7.835359e-05,0.7697998,-0.00032855,98.28121,96.00875,0.7697984,98.28121,83.17034,0.1755725,98.28054,63.39996,0.01802897,98.21394,43.40225,0.001817254,94.09927,23.39628,0.0002916423,65.47422,0.0,0.0005327444,13273170.0
fs,27,3.30,112,1181543824,1312416496,559149245,1,0,1.641606,1.65,-0.00839419,0.0,201.0,1.001699e-13,5.008497e-14,7.856737e-19,1.571347e-18,1.0,9.538714e-05,8.651568e-11,7.526897e-05,7.526901e-05,-0.987307,0.0004131812,96.0893,95.97833,0.9873049,96.0893,83.30509,0.2295036,96.0892,63.54386,0.02359028,96.079,43.54626,0.002362451,95.04512,23.54031,0.0002659251,65.84481,0.0,0.0005105821,13461900.0
fs,27,3.30,113,1715159549,1651651053,559149245,1,0,1.649471,1.65,-0.000529042,0.0,201.0,1.000788e-13,5.003938e-14,1.192945e-18,2.38589e-18,1.0,9.634945e-05,5.724132e-11,7.591993e-05,7.591996e-05,-1.4991,0.0006300146,92.45383,95.97042,1.499096,92.45383,83.2618,0.347055,92.45387,63.49857,0.03566444,92.45735,43.50095,0.003565987,92.74559,23.49506,0.0003447259,65.8408,0.0,0.0005108999,13416200.0
fs,27,3.30,114,752382171,603584534,559149245,1,0,1.643852,1.65,-0.00614773,0.0,201.0,1.002172e-13,5.010859e-14,1.322562e-18,2.645124e-18,1.0,9.759059e-05,5.240963e-11,7.73489e-05,7.734892e-05,-1.66198,0.0007050005,91.56992,95.98242,1.661978,91.56992,83.19712,0.3813818,91.56996,63.42964,0.03917273,91.57423,43.43197,0.003916399,91.96066,23.42607,0.000374344,66.0233,0.0,0.0005002971,13325460.0
fs,27,3.30,115,1241410342,1134256094,559149245,1,0,1.646019,1.65,-0.0039805,0.0,201.0,9.914499e-14,4.957249e-14,1.348773e-18,2.697545e-18,1.0,0.0001012886,4.968115e-11,7.241381e-05,7.241379e-05,1.694918,-0.000695502,91.30604,95.889,1.694915,91.30604,83.37447,0.4012559,91.30581,63.62238,0.04128845,91.28292,43.62487,0.004140929,89.41886,23.61905,0.0005128727,65.08773,0.0,0.0005568828,13587140.0
fs,27,3.30,116,995498056,1943119347,559149245,1,0,1.66032,1.65,0.01031994,0.0,201.0,1.000859e-13,5.004297e-14,6.226736e-19,1.245347e-18,1.0,9.182186e-05,1.10461e-10,7.624082e-05,7.624078e-05,0.7824747,-0.000329438,98.10165,95.97104,0.7824733,98.10165,83.24509,0.180789,98.10112,63.48089,0.01857757,98.04825,43.48326,0.001869607,94.49117,23.47733,0.0002813894,65.22614,0.0,0.0005482111,13384730.0
fs,27,3.30,117,371334755,583305628,559149245,1,0,1.654517,1.65,0.004516948,0.0,201.0,1.006271e-13,5.031355e-14,1.196509e-18,2.393018e-18,1.0,8.829762e-05,5.762502e-11,7.757653e-05,7.757651e-05,1.503578,-0.000638613,92.47538,96.01788,1.503575,92.47538,83.22049,0.3445526,92.47516,63.45234,0.03538828,92.45308,43.45467,0.003548783,90.62823,23.4486,0.0004375407,65.26711,0.0,0.0005455704,13323290.0
fs,27,3.30,118,668552839,1083556754,559149245,1,0,1.64755,1.65,-0.00245033,0.0,201.0,1.004415e-13,5.022074e-14,2.094715e-19,4.189429e-19,1.0,9.283485e-05,3.274749e-10,7.608074e-05,7.608065e-05,0.2632296,-0.00011066,107.5952,96.00184,0.2632291,107.5951,83.28453,0.06087937,107.5914,63.52082,0.006258526,107.2319,43.52319,0.000652479,97.50243,23.51717,0.000199865,65.57833,0.0,0.0005264365,13418680.0
fs,27,3.30,119,1488157907,1049341433,559149245,1,0,1.650474,1.65,0.0004738867,0.0,201.0,1.001352e-13,5.006762e-14,9.276395e-20,1.855279e-19,1.0,9.414202e-05,8.315482e-10,7.708665e-05,7.708658e-05,0.1165706,-4.92773e-05,114.6436,95.97532,0.1165704,114.6433,83.20399,0.02679376,114.6202,63.43728,0.002759638,112.7725,43.43962,0.0003414708,97.05891,23.4337,0.0002083241,65.58291,0.0,0.0005261468,13331070.0
fs,27,3.30,120,1750363425,1654157513,559149245,1,0,1.651552,1.65,0.001551637,0.0,201.0,1.001253e-13,5.006263e-14,9.471191e-19,1.894238e-18,1.0,9.445945e-05,7.18785e-11,7.644367e-05,7.644365e-05,1.190185,-0.000501775,94.46218,95.97445,1.190183,94.46218,83.23757,0.2746438,94.46181,63.47277,0.0282194,94.42563,43.47513,0.002834491,91.74749,23.46919,0.0003855539,65.32249,0.0,0.0005420977,13372760.0
fs,27,3.30,121,1285493641,1819016749,559149245,1,0,1.649231,1.65,-0.000768821,0.0,201.0,9.982227e-14,4.991113e-14,7.490926e-20,1.498185e-19,1.0,9.721294e-05,9.822401e-10,7.521133e-05,7.521196e-05,-0.0941338,3.944586e-05,116.4732,95.94813,0.09413358,116.473,83.27801,0.02189026,116.4483,63.51695,0.002256477,114.4991,43.51935,0.0002824956,98.52049,23.51348,0.0001776846,65.52982,0.0,0.0005294025,13443280.0
fs,27,3.30,122,1753671797,724368909,559149245,1,0,1.650567,1.65,0.0005665036,0.0,201.0,9.948472e-14,4.974236e-14,2.532348e-20,5.064696e-20,1.0,9.690559e-05,4.433744e-09,7.315612e-05,7.315962e-05,-0.0318224,1.320326e-05,125.8641,95.91871,0.03182237,125.8616,83.36216,0.007499407,125.6269,63.60762,0.0007925707,117.6574,43.61008,0.0001984416,98.11028,23.60423,0.0001882339,65.35647,0.0,0.0005400443,13562720.0
fs,27,3.30,123,1697088219,2053581174,559149245,1,0,1.64841,1.65,-0.0015895,0.0,201.0,9.974772e-14,4.987386e-14,1.819771e-18,3.639541e-18,1.0,9.249229e-05,3.669243e-11,7.1839e-05,7.183899e-05,2.286791,-0.00093468,88.75713,95.94164,2.286787,88.75713,83.45978,0.5434161,88.75699,63.70962,0.05592826,88.74337,43.71213,0.005603222,87.5414,23.70611,0.0006430364,64.92906,0.0,0.0005671196,13661090.0
fs,27,3.30,124,376400378,336809981,559149245,1,0,1.649652,1.65,-0.000348229,0.0,201.0,1.01808e-13,5.090398e-14,2.138757e-18,4.277513e-18,1.0,8.368263e-05,3.375078e-11,8.38664e-05,8.386641e-05,-2.68764,0.001187092,87.53181,96.11921,2.687635,87.53181,83.00038,0.5935108,87.53185,63.21528,0.06083749,87.53648,43.21742,0.006082012,87.99858,23.21128,0.0005762813,66.51228,0.0,0.0004728868,13006340.0
fs,27,3.30,125,1423141542,946799925,559149245,1,0,1.644168,1.65,-0.00583194,0.0,201.0,9.935842e-14,4.967921e-14,1.617525e-18,3.23505e-18,1.0,0.0001002917,4.122569e-11,7.164844e-05,7.164843e-05,2.032642,-0.000829684,89.74647,95.90768,2.032638,89.74647,83.43669,0.4836276,89.7463,63.68718,0.04977874,89.72917,43.6897,0.004989146,88.26602,23.6838,0.0005900503,65.03095,0.0,0.0005605064,13655570.0
fs,27,3.30,126,306280341,1330488575,559149245,1,0,1.638233,1.65,-0.0117672,0.0,201.0,9.989451e-14,4.994726e-14,6.023936e-19,1.204787e-18,1.0,9.834333e-05,1.112994e-10,7.262689e-05,7.262685e-05,0.7569901,-0.000311033,98.37263,95.95441,0.7569888,98.37262,83.42784,0.1789621,98.37175,63.67505,0.0184147,98.28623,43.67753,0.001860223,93.51451,23.67152,0.0003219963,65.44546,0.0,0.000534438,13619040.0
fs,27,3.30,127,968171057,1293151629,559149245,1,0,1.645789,1.65,-0.00421126,0.0,201.0,1.008925e-13,5.044623e-14,9.381743e-19,1.876349e-18,1.0,8.993998e-05,7.393908e-11,7.847018e-05,7.847021e-05,-1.17894,0.0005037374,94.6109,96.04076,1.178942,94.6109,83.19622,0.2686987,94.6109,63.4255,0.02758863,94.61022,43.4278,0.002759808,94.43414,23.42173,0.0002814357,65.98607,0.0,0.0005023842,13288750.0
fs,27,3.30,128,1141099013,784961288,559149245,1,0,1.654155,1.65,0.004154928,0.0,201.0,9.965674e-14,4.982837e-14,1.54983e-19,3.09966e-19,1.0,9.711449e-05,4.408349e-10,7.54634e-05,7.546328e-05,0.1947574,-8.15218e-05,110.1439,95.93371,0.1947571,110.1438,83.24989,0.04521737,110.137,63.48806,0.004651097,109.5026,43.49045,0.0005004843,97.63057,23.48461,0.0001962014,65.3802,0.0,0.0005385938,13412210.0
fs,27,3.30,129,1017494628,839977206,559149245,1,0,1.651722,1.65,0.001721521,0.0,201.0,1.002012e-13,5.01006e-14,8.190261e-19,1.638052e-18,1.0,9.719956e-05,8.498091e-11,7.808822e-05,7.808819e-05,1.029219,-0.000438554,95.7309,95.98104,1.029217,95.7309,83.15659,0.2351173,95.7305,63.38697,0.02414479,95.69057,43.38928,0.00242625,92.79613,23.38338,0.0003383474,65.42611,0.0,0.0005356972,13271560.0
fs,27,3.30,130,1723407487,1811009623,559149245,1,0,1.653323,1.65,0.003323461,0.0,201.0,1.000204e-13,5.001022e-14,7.26655e-19,1.45331e-18,1.0,9.306117e-05,9.424639e-11,7.565023e-05,7.56502e-05,0.9131417,-0.000382964,96.75461,95.96536,0.91314,96.7546,83.27136,0.2117571,96.75414,63.50896,0.02176412,96.70799,43.51134,0.002188607,93.49046,23.5054,0.0003167722,65.29481,0.0,0.0005438672,13419100.0
fs,27,3.30,131,9879106,1494913497,559149245,1,0,1.653619,1.65,0.003618967,0.0,201.0,1.003162e-13,5.015809e-14,2.862745e-19,5.725489e-19,1.0,9.401584e-05,2.426361e-10,7.756409e-05,7.75642e-05,-0.359743,0.0001528614,104.8712,95.991,0.3597424,104.8712,83.19426,0.08244325,104.8704,63.42615,0.008468178,104.7905,43.42848,0.0008548698,99.87371,23.42255,0.0001504672,65.61038,0.0,0.0005245635,13315730.0
fs,27,3.30,132,1728486971,1969423924,559149245,1,0,1.653696,1.65,0.003695578,0.0,201.0,9.884713e-14,4.942357e-14,1.429322e-18,2.858644e-18,1.0,9.974704e-05,4.618528e-11,7.024299e-05,7.024297e-05,1.796139,-0.000725928,90.77608,95.86286,1.796136,90.77608,83.473,0.4313664,90.77591,63.72835,0.04442447,90.75895,43.73093,0.004452446,89.29885,23.72511,0.0005263964,64.80157,0.0,0.0005755339,13725230.0
fs,27,3.30,133,1310681194,1114469288,559149245,1,0,1.645755,1.65,-0.00424503,0.0,201.0,1.002018e-13,5.010088e-14,8.913707e-19,1.782741e-18,1.0,9.824443e-05,7.639755e-11,7.654343e-05,7.654341e-05,1.120129,-0.000472536,94.99574,95.98109,1.120127,94.99574,83.23884,0.2583184,94.99529,63.47375,0.02654133,94.95116,43.4761,0.002668374,91.86437,23.47013,0.0003804417,65.45324,0.0,0.0005339802,13367840.0
fs,27,3.30,134,1858859289,2104293375,559149245,1,0,1.642084,1.65,-0.00791602,0.0,201.0,9.918381e-14,4.95919e-14,1.266039e-18,2.532078e-18,1.0,0.00010185,5.181278e-11,7.102141e-05,7.102139e-05,1.590952,-0.000646518,91.85927,95.8924,1.590949,91.85927,83.45742,0.3801084,91.85899,63.71005,0.03913389,91.83127,43.7126,0.003927049,89.66311,23.70674,0.000503711,65.08071,0.0,0.0005572968,13692330.0
fs,27,3.30,135,1072390335,1357541780,559149245,1,0,1.656752,1.65,0.006752307,0.0,201.0,1.002782e-13,5.013908e-14,6.146901e-19,1.22938e-18,1.0,8.892101e-05,1.119957e-10,7.641371e-05,7.641367e-05,0.7724424,-0.000325575,98.2304,95.98771,0.7724409,98.2304,83.25244,0.1782798,98.22978,63.48773,0.01831881,98.16893,43.49009,0.00184526,94.27826,23.48409,0.0002885969,65.30232,0.0,0.0005434068,13382590.0
fs,27,3.30,136,1905299877,1431249287,559149245,1,0,1.643522,1.65,-0.00647787,0.0,201.0,9.872537e-14,4.936268e-14,1.016064e-18,2.032128e-18,1.0,0.000107235,6.482992e-11,6.977759e-05,6.977762e-05,-1.27682,0.0005144524,93.72955,95.85216,1.276822,93.72955,83.48949,0.3076076,93.72956,63.7465,0.0316845,93.73001,43.74909,0.00316923,93.6862,23.74336,0.0003183157,65.50927,0.0,0.0005306275,13766180.0
fs,27,3.30,137,1625160903,449111313,559149245,1,0,1.65496,1.65,0.004960006,0.0,201.0,1.001053e-13,5.005263e-14,2.445713e-18,4.891427e-18,1.0,9.897145e-05,2.835066e-11,7.743864e-05,7.743865e-05,-3.07337,0.001304395,86.22043,95.97272,3.073368,86.22043,83.18265,0.7048731,86.22047,63.4149,0.07239716,86.2251,43.41723,0.007237798,86.69414,23.41139,0.0006852714,66.0755,0.0,0.0004974449,13317450.0
fs,27,3.30,138,778187715,1283236309,559149245,1,0,1.647877,1.65,-0.0021234,0.0,201.0,9.933041e-14,4.96652e-14,2.293104e-18,4.586208e-18,1.0,0.0001012371,2.896172e-11,7.266151e-05,7.26615e-05,2.881599,-0.00118453,86.71257,95.90523,2.881594,86.71257,83.3767,0.6810928,86.71246,63.62379,0.07007551,86.7018,43.62627,0.007018167,85.73714,23.62042,0.0007837251,64.84179,0.0,0.0005728258,13582810.0
fs,27,3.30,139,653602856,13097486,559149245,1,0,1.645542,1.65,-0.00445834,0.0,201.0,1.003671e-13,5.018354e-14,7.980255e-19,1.596051e-18,1.0,9.326428e-05,8.670042e-11,7.709629e-05,7.709632e-05,-1.00283,0.0004247354,95.97089,95.99541,1.002827,95.97089,83.22356,0.2304801,95.97082,63.45682,0.02367556,95.96347,43.45916,0.002370198,95.15803,23.45321,0.0002598716,65.85427,0.0,0.0005100457,13350160.0
fs,27,3.30,140,255276318,1214943917,559149245,1,0,1.646464,1.65,-0.0035358,0.0,201.0,9.934128e-14,4.967064e-14,1.892817e-18,3.785634e-18,1.0,0.0001044303,3.552714e-11,7.36587e-05,7.365871e-05,-2.37858,0.0009845977,88.37982,95.90618,2.37858,88.37982,83.32173,0.5585931,88.37986,63.56558,0.05744944,88.38344,43.56803,0.005744195,88.72777,23.5623,0.0005517302,65.88271,0.0,0.000508476,13532560.0
fs,27,3.30,141,1618245576,2084943965,559149245,1,0,1.649846,1.65,-0.000153934,0.0,201.0,9.941017e-14,4.970509e-14,3.654943e-19,7.309885e-19,1.0,0.0001023577,1.853238e-10,7.397845e-05,7.397839e-05,0.4592936,-0.000190452,102.6704,95.9122,0.4592928,102.6704,83.30998,0.1076415,102.6691,63.5528,0.01107098,102.54,43.55524,0.001123984,96.4282,23.54944,0.0002270188,65.3342,0.0,0.0005414351,13502240.0
fs,27,3.30,142,515685612,541912420,559149245,1,0,1.648329,1.65,-0.00167128,0.0,201.0,9.971667e-14,4.985834e-14,8.176985e-19,1.635397e-18,1.0,0.000101557,8.350298e-11,7.499676e-05,7.49968e-05,-1.02755,0.0004292282,95.70289,95.93894,1.027548,95.70289,83.28058,0.239268,95.70288,63.52019,0.02459606,95.70219,43.5226,0.002460484,95.49142,23.51679,0.0002519234,65.68712,0.0,0.0005199818,13458920.0
fs,27,3.30,143,1196130020,1241634024,559149245,1,0,1.655652,1.65,0.005652003,0.0,201.0,9.98841e-14,4.994205e-14,2.636822e-18,5.273643e-18,1.0,9.515171e-05,2.587797e-11,7.50455e-05,7.504549e-05,3.313528,-0.00138427,85.54771,95.95351,3.313522,85.54771,83.29249,0.7713276,85.54763,63.53195,0.07928959,85.53907,43.53435,0.007938973,84.74839,23.5284,0.0008689612,64.8001,0.0,0.0005755881,13446230.0
fs,27,3.30,144,53785776,1427188492,559149245,1,0,1.653008,1.65,0.003008366,0.0,201.0,9.997757e-14,4.998878e-14,9.239845e-19,1.847969e-18,1.0,9.124708e-05,7.310064e-11,7.441533e-05,7.44153e-05,1.161113,-0.000482984,94.66416,95.96163,1.161111,94.66415,83.33524,0.2713654,94.66381,63.57668,0.0279025,94.62987,43.5791,0.002801957,92.06985,23.57312,0.0003759789,65.19872,0.0,0.0005498835,13497960.0
fs,27,3.30,145,368421717,1444085254,559149245,1,0,1.647292,1.65,-0.00270823,0.0,201.0,1.0002e-13,5.000999e-14,1.651259e-18,3.302519e-18,1.0,9.78354e-05,4.138201e-11,7.531866e-05,7.531865e-05,2.075034,-0.000868419,89.62483,95.96532,2.07503,89.62483,83.28937,0.4821999,89.62467,63.52799,0.04956395,89.60875,43.53038,0.004966857,88.23181,23.52441,0.0005816076,65.17935,0.0,0.0005510498,13437960.0
fs,27,3.30,146,1725977238,646141637,559149245,1,0,1.648829,1.65,-0.00117097,0.0,201.0,9.976624e-14,4.988312e-14,4.979103e-19,9.958207e-19,1.0,9.850234e-05,1.36211e-10,7.420825e-05,7.42082e-05,0.6256926,-0.00025987,100.016,95.94325,0.6256914,100.016,83.32831,0.1464244,100.0151,63.57039,0.01505788,99.92366,43.57282,0.001522152,94.91818,23.56695,0.0002706691,65.35826,0.0,0.0005399036,13510950.0
fs,27,3.30,147,783959712,880943488,559149245,1,0,1.652071,1.65,0.002070684,0.0,201.0,1.005416e-13,5.027082e-14,3.760346e-19,7.520693e-19,1.0,9.412508e-05,1.854943e-10,7.852459e-05,7.852453e-05,0.4725391,-0.000201871,102.5218,96.0105,0.4725382,102.5217,83.16311,0.1076634,102.5203,63.39224,0.01105601,102.3753,43.39454,0.001124509,95.90756,23.38857,0.0002366196,65.57494,0.0,0.000526623,13265630.0
fs,27,3.30,148,503587916,1183470120,559149245,1,0,1.6473,1.65,-0.00270041,0.0,201.0,1.003328e-13,5.016639e-14,1.093129e-18,2.186257e-18,1.0,9.311482e-05,6.237144e-11,7.500644e-05,7.500642e-05,1.373666,-0.000573668,93.23483,95.99244,1.373663,93.23483,83.33356,0.3198427,93.23453,63.57314,0.03287991,93.20426,43.57554,0.00330038,90.87208,23.5695,0.0004313908,65.29818,0.0,0.0005435861,13481820.0
fs,27,3.30,149,575599235,1470782534,559149245,1,0,1.651485,1.65,0.001484924,0.0,201.0,9.971537e-14,4.985768e-14,8.400957e-19,1.680191e-18,1.0,9.62155e-05,8.087397e-11,7.447134e-05,7.447131e-05,1.055695,-0.000439288,95.46807,95.93882,1.055693,95.46806,83.30935,0.2466404,95.46764,63.5506,0.02535993,95.42542,43.55302,0.002549062,92.42294,23.54713,0.0003599229,65.25908,0.0,0.0005460737,13481770.0
fs,27,3.30,150,181679671,1018724643,559149245,1,0,1.657287,1.65,0.007287189,0.0,201.0,1.003801e-13,5.019007e-14,1.675818e-18,3.351636e-18,1.0,9.285529e-05,4.166623e-11,7.852854e-05,7.852853e-05,2.105895,-0.00089994,89.52782,95.99654,2.105891,89.52782,83.14894,0.4797953,89.52769,63.37806,0.04926273,89.5146,43.38035,0.004935002,88.34651,23.37439,0.0005641496,65.16795,0.0,0.0005518127,13247690.0
fs,27,3.30,151,209559095,765621151,559149245,1,0,1.656509,1.65,0.006508948,0.0,201.0,9.953296e-14,4.976648e-14,1.168434e-18,2.336868e-18,1.0,9.668177e-05,5.793765e-11,7.383793e-05,7.38379e-05,1.468297,-0.000608418,92.58665,95.92292,1.468295,92.58665,83.32851,0.3444234,92.58644,63.57177,0.03542147,92.56527,43.57422,0.003551789,90.79838,23.56835,0.0004350091,65.03154,0.0,0.0005605746,13513350.0
fs,27,3.30,152,1020481648,619668915,559149245,1,0,1.651433,1.65,0.001433302,0.0,201.0,9.899056e-14,4.949528e-14,2.644832e-18,5.289664e-18,1.0,0.0001015424,2.519585e-11,7.159576e-05,7.159575e-05,3.323594,-0.00135619,85.44331,95.87546,3.323588,85.44331,83.40749,0.7910588,85.44323,63.65815,0.08142282,85.43491,43.66068,0.008152448,84.66506,23.65486,0.0008902047,64.6605,0.0,0.0005848956,13633600.0
fs,27,3.30,153,2076953710,1818265354,559149245,1,0,1.646362,1.65,-0.00363781,0.0,201.0,9.914825e-14,4.957412e-14,1.11745e-18,2.234901e-18,1.0,0.0001003196,5.950085e-11,7.126767e-05,7.126765e-05,1.404229,-0.000571635,92.94054,95.88928,1.404227,92.94053,83.44013,0.3349498,92.94027,63.69191,0.0344812,92.91359,43.69445,0.003459737,90.79695,23.68861,0.0004411466,65.0782,0.0,0.0005575081,13673300.0
fs,27,3.30,154,1199683479,247788438,559149245,1,0,1.644787,1.65,-0.00521342,0.0,201.0,9.977725e-14,4.988863e-14,7.660101e-19,1.53202e-18,1.0,9.703741e-05,8.814993e-11,7.359457e-05,7.359454e-05,0.9625966,-0.000398171,96.27534,95.94421,0.9625949,96.27534,83.36335,0.226152,96.27481,63.60739,0.02326104,96.22255,43.60985,0.002340804,92.74062,23.6039,0.0003492725,65.33108,0.0,0.0005415466,13545130.0
fs,27,3.30,155,1112409428,1558074062,559149245,1,0,1.649587,1.65,-0.000412843,0.0,201.0,9.99243e-14,4.996215e-14,5.262085e-19,1.052417e-18,1.0,9.578945e-05,1.308109e-10,7.616691e-05,7.616697e-05,-0.661253,0.0002783993,99.54967,95.957,0.6612518,99.54966,83.23503,0.152851,99.54935,63.47106,0.01570673,99.51769,43.47343,0.001576837,96.9532,23.46756,0.0002116987,65.69598,0.0,0.0005194044,13384360.0
fs,27,3.30,156,2017729308,1821804072,559149245,1,0,1.653006,1.65,0.00300573,0.0,201.0,9.924513e-14,4.962256e-14,1.012691e-18,2.025383e-18,1.0,0.0001080286,6.698997e-11,7.44024e-05,7.440243e-05,-1.27259,0.0005294455,93.80404,95.89777,1.272583,93.80404,83.27209,0.297442,93.80411,63.51356,0.03058248,93.81045,43.51599,0.003056867,94.38085,23.51027,0.0002860692,65.59012,0.0,0.0005258716,13467710.0
fs,27,3.30,157,339736285,789500897,559149245,1,0,1.65863,1.65,0.008630006,0.0,201.0,9.996595e-14,4.998298e-14,2.242319e-19,4.484639e-19,1.0,9.294855e-05,3.031744e-10,7.543967e-05,7.543957e-05,0.2817782,-0.000117967,106.9625,95.96062,0.2817776,106.9625,83.27809,0.06543064,106.9595,63.51633,0.006727312,106.6726,43.51872,0.0006955118,97.74155,23.5128,0.0001943401,65.30624,0.0,0.0005432054,13433140.0
fs,27,3.30,158,334314902,1645857615,559149245,1,0,1.647851,1.65,-0.00214851,0.0,201.0,9.986398e-14,4.993199e-14,8.834836e-19,1.766967e-18,1.0,9.669786e-05,7.744916e-11,7.547784e-05,7.547781e-05,1.110218,-0.000465089,95.04361,95.95176,1.110216,95.0436,83.26714,0.257737,95.0432,63.50527,0.0264913,95.00304,43.50766,0.002662139,92.1109,23.50174,0.0003711436,65.3421,0.0,0.0005408759,13418780.0
fs,27,3.30,159,325028306,753989046,559149245,1,0,1.652681,1.65,0.002681155,0.0,201.0,9.999088e-14,4.999544e-14,4.320932e-20,8.641864e-20,1.0,9.280367e-05,1.996156e-09,7.523707e-05,7.523725e-05,0.05429844,-2.26409e-05,121.2671,95.96279,0.05429834,121.2662,83.29129,0.01262562,121.185,63.53015,0.001309952,116.6318,43.53255,0.0002213297,98.18058,23.52662,0.0001850555,65.44593,0.0,0.0005345314,13447960.0
fs,27,3.30,160,1533860033,958906682,559149245,1,0,1.649045,1.65,-0.000954976,0.0,201.0,1.003897e-13,5.019485e-14,9.435049e-19,1.88701e-18,1.0,9.128026e-05,7.280221e-11,7.684161e-05,7.684164e-05,-1.18564,0.0005013111,94.5183,95.99736,1.185641,94.5183,83.23913,0.2729238,94.51831,63.47314,0.02803764,94.51952,43.47549,0.002804132,94.52838,23.46951,0.0002799345,65.8388,0.0,0.0005109924,13366520.0
fs,27,3.30,161,1382030401,1035292873,559149245,1,0,1.652609,1.65,0.002608921,0.0,201.0,9.878623e-14,4.939312e-14,7.088548e-20,1.41771e-19,1.0,0.0001052097,1.041428e-09,7.090226e-05,7.090216e-05,0.08907732,-3.60991e-05,116.8622,95.85751,0.08907716,116.8619,83.42941,0.02129991,116.8298,63.68246,0.002201058,114.4363,43.68501,0.000290025,97.83017,23.67928,0.0001960901,65.19876,0.0,0.0005499001,13683660.0
fs,27,3.30,162,669550974,1483138217,559149245,1,0,1.656658,1.65,0.006657875,0.0,201.0,9.924797e-14,4.962399e-14,2.21074e-18,4.42148e-18,1.0,9.819062e-05,3.026912e-11,7.211624e-05,7.211623e-05,2.778098,-0.00113771,87.02308,95.89802,2.778093,87.02308,83.40036,0.6589678,87.02298,63.64927,0.06781324,87.01313,43.65177,0.006790978,86.11167,23.64594,0.0007528584,64.71936,0.0,0.0005809853,13618870.0
fs,27,3.30,163,68474147,758313312,559149245,1,0,1.656006,1.65,0.006006285,0.0,201.0,9.901035e-14,4.950518e-14,3.264151e-18,6.528303e-18,1.0,9.71792e-05,2.025047e-11,7.111549e-05,7.111549e-05,4.101853,-0.00166816,83.61761,95.87719,4.101846,83.61761,83.43679,0.9793985,83.61755,63.6891,0.1008272,83.6116,43.69164,0.01009258,83.04783,23.68577,0.001076211,64.45019,0.0,0.0005992118,13663320.0
fs,27,3.30,164,588211203,536662414,559149245,1,0,1.649645,1.65,-0.000354546,0.0,201.0,1.00253e-13,5.012652e-14,1.107015e-18,2.21403e-18,1.0,9.669309e-05,6.288303e-11,7.800571e-05,7.800574e-05,-1.39112,0.00059261,93.11828,95.98553,1.391113,93.11828,83.16543,0.317949,93.11832,63.39605,0.03265022,93.12264,43.39836,0.003264267,93.48532,23.39248,0.0003128657,65.88599,0.0,0.000508252,13286300.0
fs,27,3.30,165,376229530,1908171363,559149245,1,0,1.649132,1.65,-0.000867971,0.0,201.0,9.896471e-14,4.948236e-14,1.038249e-18,2.076497e-18,1.0,0.0001037512,6.379253e-11,7.145227e-05,7.145225e-05,1.304702,-0.000531808,93.56298,95.87319,1.304699,93.56298,83.41344,0.3108301,93.5627,63.66459,0.03199591,93.53542,43.66712,0.003210592,91.37331,23.66135,0.0004115307,65.03167,0.0,0.0005605292,13652170.0
fs,27,3.30,166,202785805,1724741163,559149245,1,0,1.643045,1.65,-0.00695513,0.0,201.0,1.007501e-13,5.037507e-14,9.084089e-19,1.816818e-18,1.0,9.296455e-05,7.666756e-11,7.811879e-05,7.811882e-05,-1.14154,0.0004866752,94.87869,96.02849,1.141538,94.87868,83.20243,0.2607278,94.87862,63.43272,0.0267735,94.87177,43.43503,0.002680172,94.1402,23.42899,0.0002913663,66.04017,0.0,0.0004992333,13302890.0
fs,27,3.30,167,1340828813,777069011,559149245,1,0,1.64773,1.65,-0.00227005,0.0,201.0,9.95978e-14,4.97989e-14,2.547323e-18,5.094645e-18,1.0,0.0001057427,2.671641e-11,7.453084e-05,7.453083e-05,3.20106,-0.00133268,85.82272,95.92858,3.201054,85.82272,83.29582,0.7475757,85.82262,63.53689,0.07686231,85.81285,43.53931,0.007697022,84.9232,23.53344,0.0008521416,64.92141,0.0,0.0005675847,13468310.0
fs,27,3.30,168,1426854950,2101600921,559149245,1,0,1.648506,1.65,-0.00149405,0.0,201.0,1.006501e-13,5.032506e-14,3.56596e-19,7.13192e-19,1.0,8.931047e-05,1.940066e-10,7.698235e-05,7.698243e-05,-0.448112,0.000189695,102.9922,96.01987,0.4481109,102.9921,83.2541,0.1030618,102.9913,63.4877,0.01058819,102.904,43.49004,0.001069801,97.90875,23.484,0.000190004,65.71113,0.0,0.0005184805,13374420.0
fs,27,3.30,169,2127521279,65128168,559149245,1,0,1.650874,1.65,0.0008743636,0.0,201.0,9.99723e-14,4.998615e-14,1.246552e-18,2.493104e-18,1.0,9.168723e-05,5.451284e-11,7.441083e-05,7.441081e-05,1.566464,-0.000651597,92.06278,95.96117,1.566461,92.06278,83.33503,0.3661109,92.06255,63.57648,0.03764407,92.03917,43.5789,0.003775604,90.13656,23.57291,0.0004696966,65.15479,0.0,0.000552637,13495530.0
fs,27,3.30,170,1380567154,836506760,559149245,1,0,1.653881,1.65,0.003880652,0.0,201.0,9.940745e-14,4.970373e-14,1.572455e-18,3.144911e-18,1.0,9.595107e-05,4.249046e-11,7.270027e-05,7.270025e-05,1.976006,-0.000812476,89.99621,95.91196,1.976002,89.99621,83.38124,0.4669298,89.99605,63.62821,0.04804052,89.9804,43.63069,0.004814093,88.61953,23.62481,0.0005626831,64.9334,0.0,0.0005668842,13583050.0
fs,27,3.30,171,194817126,2039224169,559149245,1,0,1.653385,1.65,0.003385303,0.0,201.0,1.003177e-13,5.015887e-14,1.359713e-18,2.719426e-18,1.0,9.204844e-05,5.044853e-11,7.659632e-05,7.659634e-05,-1.70867,0.0007212677,91.33801,95.99114,1.708662,91.33801,83.24605,0.3939144,91.33806,63.48079,0.04047033,91.3425,43.48314,0.004046058,91.75045,23.4772,0.0003857782,65.85768,0.0,0.0005099306,13382570.0
fs,27,3.30,172,1123323374,573473587,559149245,1,0,1.649099,1.65,-0.000900633,0.0,201.0,1.001362e-13,5.006811e-14,6.369345e-19,1.273869e-18,1.0,9.680904e-05,1.092957e-10,7.788992e-05,7.788997e-05,-0.800396,0.0003407613,97.90933,95.97541,0.800394,97.90933,83.16142,0.1830647,97.90907,63.39237,0.01880031,97.88305,43.39468,0.001886172,95.70809,23.38882,0.0002421232,65.85419,0.0,0.0005100152,13284040.0
fs,27,3.30,173,1681327013,622807800,559149245,1,0,1.654363,1.65,0.004362764,0.0,201.0,9.934726e-14,4.967363e-14,1.357496e-18,2.714992e-18,1.0,9.94032e-05,4.938272e-11,7.317171e-05,7.317169e-05,1.70588,-0.000703675,91.26775,95.9067,1.705877,91.26775,83.34947,0.4018707,91.26757,63.59489,0.0413396,91.24964,43.59736,0.004143678,89.71658,23.59154,0.0004940241,64.98129,0.0,0.0005638003,13553380.0
fs,27,3.30,174,2088547876,586128302,559149245,1,0,1.659444,1.65,0.009443803,0.0,201.0,9.943507e-14,4.971753e-14,1.336135e-18,2.672271e-18,1.0,9.761005e-05,5.047696e-11,7.322997e-05,7.322995e-05,1.679037,-0.000692884,91.41318,95.91437,1.679034,91.41318,83.35388,0.3953986,91.41301,63.59911,0.04067288,91.39613,43.60158,0.004076358,89.93402,23.59572,0.000482042,64.89776,0.0,0.0005692651,13550660.0
fs,27,3.30,175,1382914082,1913442006,559149245,1,0,1.650484,1.65,0.0004841318,0.0,201.0,1.002917e-13,5.014586e-14,2.57934e-18,5.15868e-18,1.0,9.663774e-05,2.673062e-11,7.656871e-05,7.65687e-05,3.241294,-0.00136775,85.77453,95.98888,3.241288,85.77453,83.24528,0.7473732,85.77443,63.48011,0.07678628,85.76478,43.48246,0.007689247,84.88448,23.47643,0.00085035,64.99286,0.0,0.0005629366,13365920.0
fs,27,3.30,176,119694379,1094913319,559149245,1,0,1.653194,1.65,0.003194156,0.0,201.0,1.004145e-13,5.020725e-14,4.662493e-19,9.324987e-19,1.0,9.155753e-05,1.489866e-10,7.852632e-05,7.852638e-05,-0.585906,0.0002504664,100.643,95.99951,0.5859051,100.643,83.15202,0.1334913,100.6427,63.38115,0.01370637,100.6166,43.38344,0.001375123,98.29768,23.37749,0.0001794695,65.72252,0.0,0.0005178337,13253840.0
fs,27,3.30,177,1153112352,2089219359,559149245,1,0,1.650195,1.65,0.0001947337,0.0,201.0,9.931532e-14,4.965766e-14,1.086494e-18,2.172988e-18,1.0,9.760875e-05,6.137668e-11,7.164013e-05,7.164011e-05,1.365328,-0.000557252,93.19918,95.90391,1.365326,93.19918,83.4334,0.3248712,93.19891,63.68391,0.03343876,93.17242,43.68643,0.003355065,91.06344,23.68056,0.000427421,65.06744,0.0,0.0005582132,13655330.0
fs,27,3.30,178,1301561633,1069449556,559149245,1,0,1.656765,1.65,0.00676528,0.0,201.0,9.911304e-14,4.955652e-14,2.965283e-18,5.930567e-18,1.0,9.963685e-05,2.259526e-11,7.221885e-05,7.221884e-05,3.726285,-0.00152712,84.46069,95.8862,3.726278,84.46069,83.38272,0.883286,84.46062,63.63128,0.09089353,84.45373,43.63378,0.009099188,83.80631,23.62795,0.0009796748,64.56047,0.0,0.0005916719,13596560.0
fs,27,3.30,179,1673354125,1465592012,559149245,1,0,1.649727,1.65,-0.000272982,0.0,201.0,9.999571e-14,4.999786e-14,7.115891e-19,1.423178e-18,1.0,9.702094e-05,9.707435e-11,7.676532e-05,7.676536e-05,-0.894209,0.000377918,96.93444,95.96321,0.8942076,96.93444,83.20906,0.2059353,96.93439,63.4433,0.02115658,96.92889,43.44565,0.002117569,96.24121,23.43979,0.0002290493,65.72216,0.0,0.0005178807,13350690.0
fs,27,3.30,180,1205407524,1513298896,559149245,1,0,1.655898,1.65,0.005898165,0.0,201.0,1.006688e-13,5.033441e-14,4.822665e-19,9.645329e-19,1.0,8.902698e-05,1.44766e-10,7.844185e-05,7.844192e-05,-0.606034,0.0002589214,100.3716,96.02148,0.6060327,100.3716,83.17843,0.1381476,100.3714,63.40779,0.01418462,100.3595,43.41009,0.001420789,98.96857,23.40408,0.0001666385,65.67337,0.0,0.0005207916,13277410.0
fs,27,3.30,181,1295496529,817030986,559149245,1,0,1.642002,1.65,-0.00799799,0.0,201.0,1.002923e-13,5.014613e-14,4.560954e-19,9.121907e-19,1.0,9.476273e-05,1.491713e-10,7.537193e-05,7.537199e-05,-0.573146,0.0002400531,100.8236,95.98893,0.5731453,100.8236,83.31008,0.1331442,100.8232,63.54853,0.01368576,100.7754,43.55092,0.001376494,97.36481,23.54492,0.0002037069,65.76635,0.0,0.0005151927,13459500.0
fs,27,3.30,182,1761529077,313440739,559149245,1,0,1.642454,1.65,-0.00754644,0.0,201.0,1.000698e-13,5.003489e-14,1.830153e-18,3.660305e-18,1.0,9.718114e-05,3.747402e-11,7.571278e-05,7.571279e-05,-2.29984,0.000965183,88.73571,95.96964,2.299833,88.73571,83.27225,0.5331222,88.73575,63.50966,0.05478923,88.73959,43.51204,0.005478007,89.10882,23.50615,0.0005246464,66.07347,0.0,0.0004974474,13430230.0
fs,27,3.30,183,2073766934,1117024674,559149245,1,0,1.652076,1.65,0.00207572,0.0,201.0,1.004006e-13,5.02003e-14,8.201401e-19,1.64028e-18,1.0,9.413067e-05,8.44409e-11,7.818313e-05,7.81831e-05,1.030618,-0.00043941,95.73637,95.99831,1.030617,95.73636,83.16886,0.2353016,95.73592,63.39896,0.02416308,95.69179,43.40127,0.00242926,92.59088,23.39531,0.0003469137,65.46124,0.0,0.0005335179,13274310.0
fs,27,3.30,184,1907886745,530816351,559149245,1,0,1.651035,1.65,0.001034827,0.0,201.0,1.009094e-13,5.045472e-14,2.601233e-19,5.202467e-19,1.0,9.145531e-05,2.686562e-10,7.981552e-05,7.981544e-05,0.3268806,-0.000140765,105.7545,96.04222,0.32688,105.7544,83.12766,0.07390297,105.7515,63.35318,0.007587207,105.4727,43.35544,0.0007836762,96.70744,23.3494,0.0002148315,65.68739,0.0,0.0005198464,13202170.0
fs,27,3.30,185,1358945873,578805251,559149245,1,0,1.650157,1.65,0.0001573789,0.0,201.0,1.003533e-13,5.017666e-14,1.566382e-18,3.132763e-18,1.0,9.487723e-05,4.399681e-11,7.65205e-05,7.652048e-05,1.968373,-0.000830325,90.11208,95.99422,1.96837,90.11208,83.2532,0.4540003,90.11191,63.48817,0.04664586,90.09496,43.49053,0.004674968,88.64046,23.48451,0.0005523344,65.23182,0.0,0.0005477421,13377260.0
fs,27,3.30,186,1055502053,48711510,559149245,1,0,1.661694,1.65,0.01169372,0.0,201.0,9.983632e-14,4.991816e-14,1.215746e-18,2.431491e-18,1.0,9.481116e-05,5.658762e-11,7.703083e-05,7.703081e-05,1.527751,-0.000646591,92.26832,95.94935,1.527748,92.26831,83.181,0.3512646,92.26809,63.41446,0.03608432,92.24545,43.4168,0.003618824,90.38503,23.41095,0.0004480188,65.12719,0.0,0.0005544307,13315530.0
fs,27,3.30,187,818716600,1147363238,559149245,1,0,1.647551,1.65,-0.00244866,0.0,201.0,1.016029e-13,5.080145e-14,2.310729e-18,4.621457e-18,1.0,8.44482e-05,3.075229e-11,8.181398e-05,8.181399e-05,-2.90375,0.001266745,86.84254,96.1017,2.903741,86.84254,83.08516,0.6488301,86.84259,63.30532,0.0665482,86.84718,43.30751,0.006652986,87.30992,23.30139,0.0006303374,66.45676,0.0,0.0004760023,13124420.0
fs,27,3.30,188,898441227,36156872,559149245,1,0,1.654075,1.65,0.004074547,0.0,201.0,1.001087e-13,5.005433e-14,8.052928e-20,1.610586e-19,1.0,9.545187e-05,8.758718e-10,7.767688e-05,7.767742e-05,-0.101196,4.308125e-05,115.8698,95.97301,0.1011959,115.8696,83.17027,0.02317579,115.8523,63.40184,0.002384941,114.3976,43.40416,0.0002820513,99.34799,23.39827,0.0001594095,65.57178,0.0,0.0005268725,13292690.0
fs,27,3.30,189,915897183,1991041152,559149245,1,0,1.646522,1.65,-0.00347816,0.0,201.0,1.001768e-13,5.008839e-14,9.234594e-19,1.846919e-18,1.0,9.397597e-05,7.423751e-11,7.566527e-05,7.56653e-05,-1.16045,0.0004868977,94.68639,95.97892,1.160451,94.68639,83.28411,0.269083,94.68637,63.52166,0.02765442,94.68471,43.52404,0.002766729,94.41444,23.51811,0.0002852224,65.79219,0.0,0.0005137206,13437230.0
fs,27,3.30,190,1097327587,1254483709,559149245,1,0,1.644357,1.65,-0.00564336,0.0,201.0,9.99645e-14,4.998225e-14,3.269342e-19,6.538683e-19,1.0,9.54608e-05,2.047926e-10,7.4162e-05,7.416194e-05,0.4108376,-0.000170541,103.6871,95.9605,0.4108368,103.6871,83.34811,0.09617258,103.6846,63.59034,0.009892061,103.4437,43.59278,0.001017317,95.26626,23.58681,0.000260632,65.46856,0.0,0.0005330651,13519500.0
fs,27,3.30,191,1895951151,305915864,559149245,1,0,1.642327,1.65,-0.00767348,0.0,201.0,9.992484e-14,4.996242e-14,6.027202e-19,1.20544e-18,1.0,9.86403e-05,1.122658e-10,7.394463e-05,7.39446e-05,0.7574005,-0.000314019,98.37055,95.95705,0.7573991,98.37055,83.35671,0.1775449,98.36976,63.59964,0.0182597,98.29216,43.60208,0.001842874,93.783,23.59613,0.0003094971,65.41932,0.0,0.0005360844,13534300.0
fs,27,3.30,192,1846075107,1932803867,559149245,1,0,1.646814,1.65,-0.00318598,0.0,201.0,1.000569e-13,5.002847e-14,4.150501e-19,8.301003e-19,1.0,9.452816e-05,1.646185e-10,7.538054e-05,7.538049e-05,0.5215674,-0.000218307,101.6223,95.96853,0.5215664,101.6223,83.28921,0.1211559,101.6209,63.52763,0.01245486,101.477,43.53003,0.001266629,95.06978,23.52406,0.0002646759,65.48005,0.0,0.0005323799,13439060.0
fs,27,3.30,193,1718218269,402596318,559149245,1,0,1.648971,1.65,-0.00102857,0.0,201.0,9.976964e-14,4.988482e-14,2.029468e-18,4.058935e-18,1.0,9.64349e-05,3.332445e-11,7.363097e-05,7.363099e-05,-2.5503,0.001055473,87.81173,95.94355,2.5503,87.81173,83.36065,0.5990268,87.81177,63.60458,0.06160853,87.8157,43.60703,0.006159803,88.20125,23.60116,0.0005888377,65.91299,0.0,0.0005067176,13555310.0
fs,27,3.30,194,30986219,1583639777,559149245,1,0,1.644672,1.65,-0.00532822,0.0,201.0,9.978605e-14,4.989302e-14,1.453207e-18,2.906414e-18,1.0,0.0001012884,4.685319e-11,7.47779e-05,7.477788e-05,1.826154,-0.000761506,90.71425,95.94498,1.82615,90.71425,83.29863,0.4258134,90.71406,63.53892,0.0437767,90.69585,43.54134,0.004388076,89.14956,23.53543,0.0005239541,65.23348,0.0,0.0005476447,13463280.0
fs,27,3.30,195,770634489,1302377605,559149245,1,0,1.642431,1.65,-0.00756903,0.0,201.0,9.944366e-14,4.972183e-14,1.46597e-18,2.931939e-18,1.0,0.0001010133,4.496314e-11,7.164423e-05,7.164422e-05,1.842192,-0.000751914,90.60844,95.91512,1.842189,90.60844,83.44438,0.4383259,90.60824,63.69488,0.04511617,90.58809,43.6974,0.004523406,88.91095,23.69149,0.000548311,65.09773,0.0,0.0005562158,13662500.0
fs,27,3.30,196,313895578,1112701522,559149245,1,0,1.645812,1.65,-0.00418769,0.0,201.0,9.96054e-14,4.98027e-14,1.315677e-19,2.631354e-19,1.0,0.0001012715,5.151861e-10,7.435898e-05,7.435928e-05,-0.165333,6.883657e-05,111.5621,95.92924,0.1653326,111.562,83.30594,0.03865431,111.5533,63.54755,0.003978415,110.7661,43.54998,0.0004357084,98.07293,23.54416,0.0001877421,65.54592,0.0,0.0005284084,13492720.0
fs,27,3.30,197,968888864,1208494096,559149245,1,0,1.649346,1.65,-0.000653945,0.0,201.0,1.00445e-13,5.022248e-14,7.399566e-19,1.479913e-18,1.0,9.572226e-05,9.414691e-11,7.810163e-05,7.810167e-05,-0.929857,0.000396381,96.63384,96.00214,0.9298552,96.63384,83.17698,0.2124014,96.63383,63.40732,0.02181096,96.63282,43.40963,0.002181928,96.35791,23.40371,0.0002250557,65.85169,0.0,0.0005102248,13293030.0
fs,27,3.30,198,461973576,463471913,559149245,1,0,1.65183,1.65,0.001829911,0.0,201.0,9.982299e-14,4.99115e-14,9.538355e-19,1.907671e-18,1.0,9.378691e-05,7.102585e-11,7.477118e-05,7.477116e-05,1.198625,-0.000499779,94.37454,95.94819,1.198623,94.37454,83.30221,0.2795013,94.3742,63.54253,0.02873533,94.34093,43.54494,0.002885363,91.82234,23.539,0.00038533,65.23877,0.0,0.0005473522,13462230.0
fs,27,3.30,199,1612556346,165472811,559149245,1,0,1.649396,1.65,-0.000604062,0.0,201.0,1.007151e-13,5.035753e-14,1.554235e-19,3.108471e-19,1.0,9.076646e-05,4.483951e-10,7.797989e-05,7.798011e-05,-0.195311,8.324838e-05,110.211,96.02547,0.1953106,110.2109,83.20672,0.04464684,110.2064,63.43741,0.004587207,109.7814,43.43972,0.0004818531,99.30337,23.43368,0.0001608849,65.71699,0.0,0.0005181336,13308930.0
fs,27,3.30,200,781446594,650375705,559149245,1,0,1.647509,1.65,-0.00249134,0.0,201.0,9.987648e-14,4.993824e-14,1.087949e-18,2.175897e-18,1.0,9.518598e-05,6.265566e-11,7.486615e-05,7.486618e-05,-1.36716,0.0005705679,93.2365,95.95285,1.367154,93.2365,83.30165,0.3186088,93.23653,63.54167,0.03275345,93.23979,43.54408,0.003275025,93.48848,23.53817,0.0003180423,65.74362,0.0,0.0005166334,13468130.0
fs,27,3.30,201,981748753,417160098,559149245,1,0,1.646485,1.65,-0.00351451,0.0,201.0,1.000068e-13,5.00034e-14,7.545329e-19,1.509066e-18,1.0,9.747439e-05,9.073631e-11,7.560033e-05,7.560029e-05,0.948174,-0.000397517,96.42643,95.96417,0.9481723,96.42642,83.27289,0.2199497,96.42591,63.51064,0.02260668,96.37472,43.51303,0.002274654,92.93688,23.50709,0.0003376839,65.4267,0.0,0.0005356416,13421880.0
fs,27,3.30,202,1747218501,1957086943,559149245,1,0,1.653337,1.65,0.003336605,0.0,201.0,9.992458e-14,4.996229e-14,6.847191e-20,1.369438e-19,1.0,9.468367e-05,1.041641e-09,7.601441e-05,7.601506e-05,-0.0860443,3.624586e-05,117.2626,95.95703,0.08604418,117.2624,83.24326,0.01990879,117.2393,63.47975,0.002051262,115.3937,43.48212,0.00025376,99.50675,23.47623,0.0001579333,65.47261,0.0,0.0005329252,13390460.0
fs,27,3.30,203,1921369130,701712971,559149245,1,0,1.642208,1.65,-0.00779215,0.0,201.0,1.005114e-13,5.025571e-14,2.966242e-18,5.932484e-18,1.0,9.800721e-05,2.373213e-11,7.985324e-05,7.985325e-05,-3.72749,0.001606483,84.57958,96.00789,3.727483,84.57958,83.09138,0.8425393,84.57961,63.3168,0.08646875,84.58332,43.31905,0.008645429,84.95769,23.3132,0.0008275149,66.57499,0.0,0.0004696631,13189260.0
fs,27,3.30,204,2021031585,98306793,559149245,1,0,1.64713,1.65,-0.00287022,0.0,201.0,9.956822e-14,4.978411e-14,2.268304e-18,4.536607e-18,1.0,0.0001018446,2.970069e-11,7.324046e-05,7.324044e-05,2.850434,-0.00117639,86.82779,95.926,2.850429,86.82779,83.36492,0.6712069,86.82769,63.61011,0.06904322,86.81788,43.61258,0.006914085,85.92122,23.60667,0.0007660767,64.92203,0.0,0.0005675796,13554650.0
fs,27,3.30,205,1591790946,43363723,559149245,1,0,1.647185,1.65,-0.0028155,0.0,201.0,9.957863e-14,4.978932e-14,1.171834e-18,2.343667e-18,1.0,9.814706e-05,5.731238e-11,7.354995e-05,7.354993e-05,1.472569,-0.000608981,92.5654,95.9269,1.472567,92.5654,83.34853,0.3460638,92.56514,63.59272,0.03559415,92.53952,43.59517,0.003570942,90.49084,23.58927,0.0004517744,65.18544,0.0,0.0005506886,13534040.0
fs,27,3.30,206,1374959465,1545009639,559149245,1,0,1.651676,1.65,0.001675677,0.0,201.0,9.963189e-14,4.981594e-14,2.265424e-18,4.530847e-18,1.0,9.78391e-05,2.977174e-11,7.327714e-05,7.327713e-05,2.846815,-0.00117518,86.84438,95.93155,2.84681,86.84438,83.36842,0.6701961,86.84427,63.61349,0.06893838,86.8335,43.61595,0.006904345,85.86017,23.61002,0.0007717782,64.8811,0.0,0.000570245,13555020.0
fs,27,3.30,207,1161380176,522191053,559149245,1,0,1.657313,1.65,0.007312607,0.0,201.0,9.981193e-14,4.990597e-14,2.043274e-18,4.086548e-18,1.0,9.465855e-05,3.345235e-11,7.520902e-05,7.520901e-05,2.567654,-0.00107382,87.75652,95.94723,2.567649,87.75652,83.27727,0.5970872,87.75639,63.51622,0.06137501,87.74415,43.51862,0.006147852,86.6512,23.51272,0.0006967478,64.92744,0.0,0.0005672437,13435090.0
fs,27,3.30,208,1537453557,1030147779,559149245,1,0,1.645694,1.65,-0.00430614,0.0,201.0,1.001465e-13,5.007323e-14,3.684958e-19,7.369915e-19,1.0,9.85978e-05,1.859064e-10,7.663666e-05,7.66366e-05,0.4630654,-0.000195421,102.6635,95.97629,0.4630646,102.6634,83.22905,0.1067284,102.6617,63.46367,0.01096732,102.4868,43.46602,0.001119332,95.41871,23.46011,0.0002523888,65.57938,0.0,0.0005263362,13367050.0
fs,27,3.30,209,933419198,965461199,559149245,1,0,1.653983,1.65,0.003982723,0.0,201.0,9.947494e-14,4.973747e-14,1.359405e-18,2.71881e-18,1.0,9.431591e-05,4.969536e-11,7.349954e-05,7.349952e-05,1.708279,-0.000706227,91.2667,95.91786,1.708276,91.2667,83.34229,0.4015871,91.26648,63.58665,0.04130552,91.24533,43.5891,0.004141795,89.49378,23.5832,0.0005063733,65.03316,0.0,0.0005604172,13526530.0
fs,27,3.30,210,535491059,754472655,559149245,1,0,1.652787,1.65,0.002787462,0.0,201.0,9.94372e-14,4.97186e-14,3.653252e-19,7.306504e-19,1.0,9.749525e-05,1.850822e-10,7.352086e-05,7.352094e-05,-0.459081,0.0001899084,102.6768,95.91456,0.4590804,102.6768,83.3378,0.1079073,102.6763,63.58208,0.01109919,102.6245,43.58454,0.001116872,98.90921,23.57868,0.0001711881,65.40797,0.0,0.0005369092,13528910.0
fs,27,3.30,211,1531505084,1006613000,559149245,1,0,1.652003,1.65,0.002003378,0.0,201.0,1.002154e-13,5.01077e-14,9.28606e-20,1.857212e-19,1.0,9.701583e-05,7.891998e-10,7.735079e-05,7.735066e-05,0.1166921,-4.94209e-05,114.6415,95.98227,0.1166919,114.6413,83.19687,0.02677815,114.622,63.42939,0.00275658,113.0283,43.43172,0.000331261,97.78081,23.42584,0.0001915366,65.56797,0.0,0.0005270733,13328860.0
fs,27,3.30,212,747237875,848011367,559149245,1,0,1.653167,1.65,0.003167237,0.0,201.0,1.008459e-13,5.042297e-14,8.278264e-20,1.655653e-19,1.0,8.719026e-05,9.274004e-10,7.882601e-05,7.882591e-05,0.1040277,-4.44704e-05,115.6938,96.03675,0.1040275,115.6936,83.17359,0.02365928,115.6709,63.40186,0.002435271,113.8518,43.40415,0.0003003422,98.12545,23.39808,0.0001834982,65.6299,0.0,0.0005233263,13259400.0
fs,27,3.30,213,153186433,993924292,559149245,1,0,1.651453,1.65,0.001453348,0.0,201.0,9.987698e-14,4.993849e-14,3.601021e-19,7.202042e-19,1.0,9.553745e-05,1.896439e-10,7.526011e-05,7.526004e-05,0.4525176,-0.000189258,102.8402,95.95289,0.4525168,102.8402,83.28014,0.1051957,102.8388,63.51894,0.01081455,102.6994,43.52133,0.00109925,96.34312,23.51542,0.0002283574,65.3872,0.0,0.0005381434,13437110.0
fs,27,3.30,214,864389499,1864962301,559149245,1,0,1.645615,1.65,-0.00438539,0.0,201.0,9.985516e-14,4.992758e-14,6.203931e-19,1.240786e-18,1.0,9.77019e-05,1.096794e-10,7.471452e-05,7.471448e-05,0.7796089,-0.000324918,98.11347,95.95099,0.7796075,98.11347,83.30813,0.1818583,98.11283,63.54862,0.01869776,98.04934,43.55103,0.001884017,94.06285,23.54511,0.0002979294,65.4099,0.0,0.0005366972,13473800.0
fs,27,3.30,215,1554512965,1910391553,559149245,1,0,1.654098,1.65,0.004097803,0.0,201.0,1.000827e-13,5.004137e-14,2.642986e-18,5.285972e-18,1.0,9.566997e-05,2.590639e-11,7.640259e-05,7.640258e-05,3.321274,-0.0014,85.54469,95.97077,3.321268,85.54469,83.23609,0.7666027,85.54461,63.47142,0.0787663,85.53656,43.47377,0.007886075,84.78823,23.46781,0.0008589719,64.87543,0.0,0.0005706329,13365680.0
fs,27,3.30,216,706959339,648341656,559149245,1,0,1.650511,1.65,0.0005110031,0.0,201.0,9.942728e-14,4.971364e-14,1.527444e-18,3.054888e-18,1.0,0.0001052999,4.446576e-11,7.462684e-05,7.462686e-05,-1.91944,0.000799741,90.2502,95.91369,1.91944,90.2502,83.27565,0.447994,90.25026,63.51641,0.04605826,90.25606,43.51883,0.004604034,90.82755,23.51308,0.0004308008,65.73957,0.0,0.0005169482,13464250.0
fs,27,3.30,217,553830431,1376076206,559149245,1,0,1.647112,1.65,-0.00288829,0.0,201.0,9.94505e-14,4.972525e-14,1.091872e-18,2.183744e-18,1.0,0.000102965,6.17888e-11,7.41229e-05,7.412288e-05,1.372087,-0.000569629,93.16811,95.91572,1.372084,93.1681,83.3055,0.3212697,93.16782,63.54785,0.03303707,93.14015,43.55029,0.003315177,90.96054,23.54448,0.0004257913,65.24045,0.0,0.0005472301,13493250.0
fs,27,3.30,218,1122761904,882414438,559149245,1,0,1.644873,1.65,-0.00512692,0.0,201.0,1.008438e-13,5.042191e-14,7.484271e-19,1.496854e-18,1.0,9.574781e-05,9.278267e-11,7.871998e-05,7.871995e-05,0.9405013,-0.000402354,96.5694,96.03657,0.9404995,96.56939,83.17894,0.2140315,96.56886,63.40752,0.02197521,96.5162,43.40981,0.002211466,93.01043,23.40374,0.000330876,65.60124,0.0,0.0005249813,13265770.0
fs,27,3.30,219,1886026850,1437596381,559149245,1,0,1.654785,1.65,0.004785027,0.0,201.0,1.000812e-13,5.00406e-14,1.184385e-18,2.36877e-18,1.0,9.578256e-05,5.810818e-11,7.634501e-05,7.634499e-05,1.488342,-0.000627107,92.51659,95.97063,1.488339,92.51659,83.23906,0.3436556,92.51638,63.47455,0.0353109,92.49528,43.47691,0.003540641,90.73385,23.471,0.0004333688,65.20327,0.0,0.0005496078,13379970.0
fs,27,3.30,220,204416374,826394761,559149245,1,0,1.645497,1.65,-0.00450289,0.0,201.0,9.978217e-14,4.989108e-14,8.423722e-19,1.684744e-18,1.0,0.0001013164,8.097345e-11,7.50486e-05,7.504857e-05,1.058556,-0.000442177,95.45038,95.94464,1.058554,95.45037,83.28345,0.2464075,95.44992,63.5229,0.02533081,95.40471,43.52531,0.002547005,92.25934,23.51943,0.0003655988,65.39179,0.0,0.0005377829,13449530.0
fs,27,3.30,221,1246177483,287684378,559149245,1,0,1.648172,1.65,-0.00182802,0.0,201.0,1.007071e-13,5.035357e-14,1.36323e-18,2.72646e-18,1.0,9.341366e-05,5.152856e-11,7.948083e-05,7.948085e-05,-1.71309,0.0007366249,91.34922,96.02479,1.713082,91.34922,83.12754,0.3880751,91.34926,63.35398,0.03983237,91.35327,43.35625,0.003982439,91.71327,23.3503,0.0003818138,66.09308,0.0,0.000496278,13218820.0
fs,27,3.30,222,321357242,1710118213,559149245,1,0,1.652583,1.65,0.00258321,0.0,201.0,9.94958e-14,4.97479e-14,1.549129e-18,3.098258e-18,1.0,0.0001022617,4.382628e-11,7.505992e-05,7.50599e-05,1.946693,-0.000813307,90.13374,95.91968,1.94669,90.13374,83.25787,0.4531128,90.13358,63.49728,0.04657848,90.11716,43.49969,0.00466795,88.70062,23.49389,0.0005491151,65.10696,0.0,0.0005556865,13431330.0
fs,27,3.30,223,1512723668,2067048005,559149245,1,0,1.654401,1.65,0.004401396,0.0,201.0,9.984846e-14,4.992423e-14,8.270912e-19,1.654182e-18,1.0,9.571356e-05,8.26077e-11,7.598276e-05,7.598279e-05,-1.03935,0.0004370019,95.61516,95.95041,1.039351,95.61516,83.23839,0.2405256,95.61516,63.47497,0.02471671,95.61508,43.47735,0.002472368,95.46108,23.47149,0.0002514898,65.61659,0.0,0.0005242302,13390780.0
fs,27,3.30,224,1784558011,34941092,559149245,1,0,1.646806,1.65,-0.00319422,0.0,201.0,9.970358e-14,4.985179e-14,1.235411e-18,2.470821e-18,1.0,9.356826e-05,5.415757e-11,7.223837e-05,7.223835e-05,1.552463,-0.000636273,92.11739,95.9378,1.55246,92.11739,83.43321,0.367952,92.11714,63.68171,0.03786415,92.09311,43.68421,0.003797997,90.14951,23.6782,0.0004747164,65.13264,0.0,0.0005540185,13627670.0
fs,27,3.30,225,207203832,396585793,559149245,1,0,1.656123,1.65,0.006122558,0.0,201.0,1.001111e-13,5.005553e-14,2.593033e-18,5.186067e-18,1.0,9.60108e-05,2.614797e-11,7.58883e-05,7.588829e-05,3.258502,-0.00136891,85.71288,95.97322,3.258496,85.71288,83.26632,0.7545219,85.71279,63.50319,0.07753892,85.70434,43.50556,0.007763568,84.92182,23.49959,0.0008489627,64.88619,0.0,0.0005699213,13405960.0
fs,27,3.30,226,779448763,1276530421,559149245,1,0,1.646228,1.65,-0.00377182,0.0,201.0,9.979958e-14,4.989979e-14,6.454531e-19,1.290906e-18,1.0,9.48658e-05,1.035545e-10,7.354164e-05,7.354168e-05,-0.8111,0.0003355379,97.76468,95.94616,0.8110988,97.76468,83.36824,0.1906242,97.76448,63.61246,0.01960645,97.74425,43.61491,0.00196577,95.94003,23.609,0.0002417957,65.63844,0.0,0.0005228286,13558400.0
fs,27,3.30,227,1615815155,1606692364,559149245,1,0,1.646723,1.65,-0.00327659,0.0,201.0,9.986083e-14,4.993041e-14,3.672385e-19,7.344771e-19,1.0,9.91658e-05,1.876543e-10,7.628124e-05,7.628133e-05,-0.461486,0.0001944643,102.6683,95.95148,0.4614847,102.6683,83.22334,0.1065984,102.6675,63.45903,0.01095414,102.5812,43.46139,0.001106653,97.63449,23.45556,0.000195458,65.70254,0.0,0.0005189956,13375390.0
fs,27,3.30,228,1565957566,1807475769,559149245,1,0,1.654507,1.65,0.004506704,0.0,201.0,1.004027e-13,5.020136e-14,8.408384e-19,1.681677e-18,1.0,9.358273e-05,8.304823e-11,7.857287e-05,7.857284e-05,1.056629,-0.000451633,95.52006,95.99849,1.056627,95.52006,83.14857,0.2406721,95.51968,63.37756,0.0247112,95.48278,43.37986,0.002482297,92.7475,23.37392,0.0003398762,65.39872,0.0,0.0005373917,13251410.0
fs,27,3.30,229,24924748,1185753101,559149245,1,0,1.642219,1.65,-0.0077812,0.0,201.0,9.952392e-14,4.976196e-14,1.472293e-18,2.944585e-18,1.0,0.0001004193,4.548895e-11,7.227968e-05,7.22797e-05,-1.85014,0.0007586583,90.57807,95.92213,1.850134,90.57807,83.4152,0.438386,90.57811,63.66356,0.04510998,90.58224,43.66606,0.00451015,90.96743,23.6602,0.0004311603,65.76692,0.0,0.0005152325,13634090.0
fs,27,3.30,230,174308438,2124092236,559149245,1,0,1.655684,1.65,0.005683846,0.0,201.0,9.998007e-14,4.999003e-14,6.265531e-19,1.253106e-18,1.0,9.531366e-05,1.097789e-10,7.621913e-05,7.621909e-05,0.7873499,-0.000331445,98.03851,95.96185,0.7873484,98.03851,83.23706,0.1819399,98.03799,63.47294,0.01869594,97.98671,43.4753,0.001881176,94.50255,23.46939,0.0002807645,65.29995,0.0,0.0005435731,13379420.0
fs,27,3.30,231,363539798,385025556,559149245,1,0,1.645857,1.65,-0.00414313,0.0,201.0,9.963818e-14,4.981909e-14,1.084943e-18,2.169885e-18,1.0,0.0001022902,6.239986e-11,7.469584e-05,7.469582e-05,1.363379,-0.000568198,93.23978,95.9321,1.363377,93.23978,83.29026,0.318071,93.2395,63.53081,0.03270133,93.21179,43.53322,0.003281496,91.02886,23.52738,0.0004216245,65.29174,0.0,0.0005440117,13464820.0
fs,27,3.30,232,555050373,788721227,559149245,1,0,1.652554,1.65,0.002554148,0.0,201.0,1.006508e-13,5.032541e-14,1.04049e-18,2.080981e-18,1.0,9.207082e-05,6.629364e-11,7.846536e-05,7.846534e-05,1.307519,-0.000558493,93.69098,96.01993,1.307516,93.69098,83.17564,0.2980115,93.69066,63.40494,0.03059947,93.65901,43.40724,0.00307193,91.24008,23.40121,0.0004055613,65.41968,0.0,0.0005360542,13269600.0
fs,27,3.30,233,2034649817,1833613322,559149245,1,0,1.650143,1.65,0.000143425,0.0,201.0,1.000195e-13,5.000973e-14,5.692242e-19,1.138448e-18,1.0,9.258978e-05,1.200959e-10,7.542469e-05,7.542465e-05,0.7153082,-0.000299523,98.87542,95.96527,0.7153069,98.87542,83.28355,0.1661141,98.87462,63.52184,0.017075,98.79614,43.52423,0.001723472,94.24093,23.51826,0.000290982,65.38947,0.0,0.0005379614,13430060.0
fs,27,3.30,234,468852662,228254271,559149245,1,0,1.650467,1.65,0.0004668934,0.0,201.0,9.935108e-14,4.967554e-14,2.402902e-19,4.805804e-19,1.0,9.806593e-05,2.791865e-10,7.273587e-05,7.273579e-05,0.3019576,-0.000124121,106.3081,95.90703,0.301957,106.3081,83.37431,0.07133634,106.3047,63.62116,0.007342181,105.9738,43.62364,0.0007629388,96.59299,23.61781,0.0002245126,65.29158,0.0,0.0005440658,13582920.0
fs,27,3.30,235,855440496,240866009,559149245,1,0,1.646394,1.65,-0.00360615,0.0,201.0,9.985489e-14,4.992745e-14,5.727919e-19,1.145584e-18,1.0,9.81469e-05,1.186322e-10,7.535358e-05,7.535354e-05,0.7197915,-0.00030126,98.80685,95.95097,0.7197902,98.80684,83.27312,0.1672299,98.80608,63.51163,0.01719006,98.73062,43.51402,0.001734484,94.28251,23.50813,0.0002892549,65.42422,0.0,0.0005358178,13431050.0
fs,27,3.30,236,1590443033,165653110,559149245,1,0,1.651543,1.65,0.001542659,0.0,201.0,1.002166e-13,5.010831e-14,2.286311e-18,4.572621e-18,1.0,9.395422e-05,2.950173e-11,7.497825e-05,7.497824e-05,2.873063,-0.00119971,86.81549,95.98238,2.873057,86.81549,83.32504,0.6690792,86.81539,63.56471,0.06878061,86.8052,43.56711,0.006888036,85.87836,23.56105,0.0007658345,64.96543,0.0,0.0005647501,13468490.0
fs,27,3.30,237,1181771307,327144640,559149245,1,0,1.643581,1.65,-0.00641853,0.0,201.0,1.006515e-13,5.032575e-14,1.366815e-19,2.733629e-19,1.0,9.1554e-05,5.057217e-10,7.667918e-05,7.667944e-05,-0.171759,7.26107e-05,111.3216,96.01999,0.1717587,111.3215,83.27044,0.03957719,111.3145,63.50493,0.004069313,110.6633,43.50728,0.0004387318,98.64506,23.5012,0.0001749071,65.71911,0.0,0.0005179898,13387890.0
fs,27,3.30,238,1840530062,1708559563,559149245,1,0,1.654374,1.65,0.004373939,0.0,201.0,1.004278e-13,5.021389e-14,6.131004e-19,1.226201e-18,1.0,9.598322e-05,1.139142e-10,7.882215e-05,7.882219e-05,-0.770445,0.0003299371,98.26584,96.00066,0.7704432,98.26585,83.13769,0.1752234,98.26588,63.36598,0.0179889,98.26955,43.36826,0.001798603,98.35517,23.36236,0.0001779752,65.72105,0.0,0.0005179654,13242860.0
fs,27,3.30,239,400330705,18006318,559149245,1,0,1.650867,1.65,0.0008666935,0.0,201.0,9.949511e-14,4.974755e-14,1.168729e-18,2.337457e-18,1.0,9.605666e-05,5.739764e-11,7.252204e-05,7.252202e-05,1.468668,-0.000603106,92.58116,95.91962,1.468665,92.58116,83.39896,0.3474484,92.58089,63.64652,0.03575043,92.55449,43.64901,0.003586956,90.45752,23.64312,0.0004563307,65.06718,0.0,0.0005582228,13605390.0
fs,27,3.30,240,1451112562,1457497103,559149245,1,0,1.645467,1.65,-0.00453339,0.0,201.0,1.005257e-13,5.026285e-14,1.264996e-18,2.529992e-18,1.0,9.701944e-05,5.391598e-11,7.680054e-05,7.680052e-05,1.589641,-0.000671769,91.98316,96.00912,1.589638,91.98316,83.25309,0.366013,91.98291,63.48722,0.03760239,91.9586,43.48957,0.003771796,89.99847,23.48352,0.0004723376,65.39181,0.0,0.0005377524,13370360.0
fs,27,3.30,241,1189105918,2091388201,559149245,1,0,1.655614,1.65,0.005614095,0.0,201.0,9.9362e-14,4.9681e-14,1.195422e-18,2.390845e-18,1.0,9.88995e-05,5.653078e-11,7.350718e-05,7.350716e-05,1.502212,-0.000621074,92.37338,95.90799,1.502209,92.37338,83.332,0.353127,92.37316,63.57633,0.03632103,92.35191,43.57878,0.003642029,90.58227,23.57296,0.000446205,65.01965,0.0,0.0005613332,13527570.0
fs,27,3.30,242,1035769893,1234748763,559149245,1,0,1.651672,1.65,0.001671653,0.0,201.0,1.005486e-13,5.027432e-14,6.789626e-19,1.357925e-18,1.0,8.873466e-05,1.018066e-10,7.709236e-05,7.709232e-05,0.8532096,-0.000361218,97.39001,96.01111,0.853208,97.39,83.23947,0.1960982,97.38948,63.47275,0.02014482,97.33723,43.47508,0.002027181,93.82946,23.46902,0.0003033737,65.39843,0.0,0.0005374181,13350720.0
fs,27,3.30,243,109770296,1305892564,559149245,1,0,1.652658,1.65,0.002657793,0.0,201.0,9.972367e-14,4.986184e-14,4.049282e-19,8.098564e-19,1.0,9.809745e-05,1.701608e-10,7.656187e-05,7.656181e-05,0.5088478,-0.000214653,101.8078,95.93955,0.5088468,101.8078,83.19631,0.1173346,101.8065,63.43116,0.01205684,101.6779,43.43351,0.001223998,95.60727,23.42768,0.0002460483,65.43346,0.0,0.0005352752,13339090.0
fs,27,3.30,244,554952271,100415144,559149245,1,0,1.649786,1.65,-0.000214376,0.0,201.0,9.942413e-14,4.971206e-14,1.894685e-19,3.78937e-19,1.0,9.4623e-05,3.555556e-10,7.211307e-05,7.211299e-05,0.2380931,-9.74288e-05,108.3785,95.91342,0.2380927,108.3784,83.41595,0.05647752,108.3727,63.66487,0.005815796,107.8325,43.66737,0.0006190749,96.62599,23.66148,0.0002247888,65.29566,0.0,0.0005437917,13628460.0
fs,27,3.30,245,2001457930,112677518,559149245,1,0,1.649674,1.65,-0.000326417,0.0,201.0,1.004065e-13,5.020327e-14,9.625375e-19,1.925075e-18,1.0,9.374452e-05,7.194956e-11,7.737775e-05,7.737773e-05,1.20956,-0.000513054,94.34629,95.99882,1.209558,94.34628,83.21199,0.2775141,94.34594,63.44442,0.02850519,94.31195,43.44675,0.002862465,91.7542,23.44074,0.0003839962,65.41147,0.0,0.0005365746,13322810.0
fs,27,3.30,246,1969142409,924170917,559149245,1,0,1.646079,1.65,-0.00392113,0.0,201.0,1.001782e-13,5.008912e-14,1.469567e-19,2.939134e-19,1.0,9.535889e-05,4.765894e-10,7.531379e-05,7.531369e-05,0.1846712,-7.72188e-05,110.6511,95.97905,0.1846709,110.651,83.30337,0.04291594,110.6434,63.54201,0.004415018,109.9392,43.5444,0.0004789189,97.68298,23.53844,0.0001962334,65.5188,0.0,0.0005300545,13457400.0
fs,27,3.30,247,1312755984,164263250,559149245,1,0,1.647791,1.65,-0.00220908,0.0,201.0,9.927869e-14,4.963935e-14,7.218589e-19,1.443718e-18,1.0,9.598727e-05,9.093526e-11,7.111409e-05,7.111406e-05,0.9071146,-0.000368833,96.74748,95.9007,0.907113,96.74747,83.46039,0.2165937,96.74685,63.7127,0.02229936,96.68555,43.71524,0.002246385,92.81495,23.70935,0.0003505261,65.15168,0.0,0.0005528097,13691220.0
fs,27,3.30,248,318250719,939831433,559149245,1,0,1.650951,1.65,0.000951375,0.0,201.0,9.956544e-14,4.978272e-14,6.954767e-19,1.390953e-18,1.0,9.96111e-05,9.788437e-11,7.454495e-05,7.4545e-05,-0.873962,0.0003639834,97.09592,95.92575,0.8739602,97.09592,83.29222,0.2040867,97.09585,63.53324,0.02098309,97.08872,43.53566,0.002100618,96.26009,23.52985,0.0002309341,65.61335,0.0,0.000524395,13475470.0
fs,27,3.30,249,1679603702,810555208,559149245,1,0,1.646562,1.65,-0.00343778,0.0,201.0,9.989759e-14,4.99488e-14,4.18175e-19,8.3635e-19,1.0,9.147248e-05,1.601137e-10,7.246993e-05,7.246988e-05,0.5254942,-0.000215664,101.5433,95.95468,0.5254933,101.5433,83.43698,0.1243606,101.542,63.68471,0.01279787,101.4067,43.6872,0.00130024,95.19665,23.68119,0.0002655994,65.30518,0.0,0.0005431753,13632590.0
fs,27,3.30,250,782025650,133183217,559149245,1,0,1.647118,1.65,-0.00288167,0.0,201.0,9.973996e-14,4.986998e-14,7.91929e-19,1.583858e-18,1.0,9.770629e-05,8.573409e-11,7.434291e-05,7.434288e-05,0.9951674,-0.000413743,95.98306,95.94097,0.9951656,95.98305,83.31857,0.2326891,95.98262,63.56023,0.02392659,95.93922,43.56266,0.002405314,92.8709,23.55676,0.0003422102,65.29611,0.0,0.0005437605,13493050.0
fs,27,3.30,251,1581479299,1837005031,559149245,1,0,1.64774,1.65,-0.00226008,0.0,201.0,1.004843e-13,5.024217e-14,4.327452e-19,8.654903e-19,1.0,9.237239e-05,1.598863e-10,7.732446e-05,7.732441e-05,0.5438036,-0.000230554,101.2967,96.00555,0.5438026,101.2967,83.22155,0.1248078,101.2957,63.45414,0.01282094,101.2,43.45647,0.001296653,96.01832,23.45044,0.0002352913,65.49413,0.0,0.0005315613,13332860.0
fs,27,3.30,252,1467662261,589079245,559149245,1,0,1.654321,1.65,0.004321421,0.0,201.0,9.94293e-14,4.971465e-14,1.535397e-18,3.070794e-18,1.0,9.501435e-05,4.396838e-11,7.33795e-05,7.337948e-05,1.929437,-0.000797021,90.20527,95.91387,1.929433,90.20527,83.34501,0.453928,90.2051,63.58975,0.04669093,90.18828,43.59221,0.004679472,88.74138,23.58633,0.0005523926,64.94454,0.0,0.0005661633,13534660.0
fs,27,3.30,253,1018517805,1451732630,559149245,1,0,1.650586,1.65,0.0005855208,0.0,201.0,9.999998e-14,4.999999e-14,1.687841e-18,3.375683e-18,1.0,9.822377e-05,4.068568e-11,7.603645e-05,7.603644e-05,2.121004,-0.000891875,89.43277,95.96358,2.121,89.43276,83.24866,0.4906758,89.4326,63.48508,0.05042246,89.41629,43.48745,0.005053099,88.01256,23.48152,0.0005935366,65.16364,0.0,0.0005520398,13389170.0
fs,27,3.30,254,392995164,1722519748,559149245,1,0,1.654559,1.65,0.004558549,0.0,201.0,9.980662e-14,4.990331e-14,9.068318e-19,1.813664e-18,1.0,9.660313e-05,7.523226e-11,7.581213e-05,7.58121e-05,1.139558,-0.000478445,94.81205,95.94677,1.139556,94.81205,83.24399,0.2639958,94.81169,63.48109,0.02713126,94.77648,43.48347,0.002724893,92.14439,23.47761,0.0003686899,65.25954,0.0,0.0005460608,13398540.0
fs,27,3.30,255,538498836,1189672782,559149245,1,0,1.660155,1.65,0.0101553,0.0,201.0,1.014893e-13,5.074463e-14,1.681783e-19,3.363566e-19,1.0,8.370159e-05,4.236966e-10,8.248939e-05,8.248926e-05,0.2113391,-9.25136e-05,109.5924,96.09198,0.2113386,109.5924,83.04152,0.04703898,109.5883,63.25991,0.004825919,109.2011,43.26209,0.0005047187,99.06045,23.25597,0.0001620973,65.65632,0.0,0.0005217191,13066870.0
fs,27,3.30,256,1712224143,754365886,559149245,1,0,1.64956,1.65,-0.000440081,0.0,201.0,9.999328e-14,4.999664e-14,1.423081e-18,2.846163e-18,1.0,9.681825e-05,4.7649e-11,7.578244e-05,7.578243e-05,1.788297,-0.000750704,90.91422,95.963,1.788294,90.91422,83.26183,0.4143625,90.91401,63.49902,0.04258439,90.89355,43.5014,0.004269651,89.19168,23.49547,0.0005190265,65.21161,0.0,0.0005490189,13407190.0
fs,27,3.30,257,664667256,447058920,559149245,1,0,1.64627,1.65,-0.00373036,0.0,201.0,1.008759e-13,5.043796e-14,1.130887e-18,2.261774e-18,1.0,0.0001017263,6.248513e-11,8.054434e-05,8.054432e-05,1.421114,-0.000615007,92.98677,96.03933,1.421112,92.98676,83.0873,0.3199094,92.98647,63.31084,0.03282603,92.95698,43.31307,0.003294616,90.67171,23.30707,0.0004283198,65.60234,0.0,0.0005248699,13154700.0
fs,27,3.30,258,909540826,74406845,559149245,1,0,1.65581,1.65,0.005809561,0.0,201.0,9.849769e-14,4.924884e-14,5.70012e-19,1.140024e-18,1.0,0.0001051303,1.157332e-10,7.009569e-05,7.009565e-05,0.7162982,-0.000289145,98.73024,95.8321,0.716297,98.73023,83.45083,0.1721988,98.72946,63.7067,0.01773627,98.65252,43.70928,0.001789938,94.15238,23.70359,0.0003003035,64.97319,0.0,0.0005643148,13721460.0
fs,27,3.30,259,1242732038,1849677386,559149245,1,0,1.647612,1.65,-0.00238804,0.0,201.0,1.006133e-13,5.030664e-14,3.07905e-19,6.158099e-19,1.0,9.216871e-05,2.242615e-10,7.753946e-05,7.753956e-05,-0.386925,0.0001643931,104.2642,96.01669,0.3869241,104.2642,83.22126,0.08868594,104.263,63.45322,0.009109848,104.148,43.45554,0.0009233687,98.30724,23.44954,0.0001807652,65.75466,0.0,0.0005158906,13335590.0
fs,27,3.30,260,364321028,1941824136,559149245,1,0,1.64905,1.65,-0.000950003,0.0,201.0,9.952997e-14,4.976499e-14,8.612503e-19,1.722501e-18,1.0,9.886324e-05,7.884182e-11,7.430581e-05,7.430578e-05,1.082279,-0.000449845,95.23589,95.92266,1.082277,95.23589,83.30232,0.2531172,95.23544,63.54409,0.02602751,95.19134,43.54652,0.00261673,92.10132,23.54067,0.0003732221,65.26636,0.0,0.0005456018,13480990.0
fs,27,3.30,261,1082753809,1293263742,559149245,1,0,1.646737,1.65,-0.00326295,0.0,201.0,9.890415e-14,4.945207e-14,7.729197e-19,1.545839e-18,1.0,0.0001036868,8.638779e-11,7.187417e-05,7.187414e-05,0.9712795,-0.000397037,96.121,95.86787,0.9712778,96.121,83.384,0.2307545,96.12047,63.63372,0.02374995,96.06783,43.63624,0.002390124,92.57078,23.63049,0.0003572612,65.16777,0.0,0.0005518126,13616480.0
fs,27,3.30,262,1107705973,713140545,559149245,1,0,1.646697,1.65,-0.00330334,0.0,201.0,1.001569e-13,5.007843e-14,1.808926e-18,3.617853e-18,1.0,9.172988e-05,3.753087e-11,7.430612e-05,7.430614e-05,-2.27316,0.000945079,88.8446,95.9772,2.27316,88.8446,83.35683,0.5316329,88.84464,63.59861,0.05466361,88.84931,43.60104,0.005464953,89.30861,23.59505,0.000517991,65.92711,0.0,0.0005058953,13525350.0
fs,27,3.30,263,1892712365,743560582,559149245,1,0,1.646294,1.65,-0.00370575,0.0,201.0,9.995796e-14,4.997898e-14,1.14617e-18,2.292341e-18,1.0,9.635718e-05,5.985612e-11,7.577972e-05,7.577974e-05,-1.44032,0.0006047603,92.79076,95.95993,1.440318,92.79076,83.2589,0.3337391,92.79078,63.49611,0.0342978,92.79264,43.49849,0.003429985,92.9064,23.4926,0.0003383061,65.88543,0.0,0.0005082649,13412660.0
fs,27,3.30,264,1092654183,1650182747,559149245,1,0,1.648142,1.65,-0.00185758,0.0,201.0,1.003893e-13,5.019465e-14,5.743117e-20,1.148623e-19,1.0,9.426535e-05,1.411252e-09,7.761464e-05,7.761462e-05,0.07217013,-3.05924e-05,118.8302,95.99733,0.07217,118.8297,83.19792,0.01653516,118.7854,63.42966,0.001706913,115.741,43.43198,0.000242408,98.362,23.42602,0.0001791435,65.62961,0.0,0.0005233534,13313260.0
fs,27,3.30,265,2132054362,48904131,559149245,1,0,1.647624,1.65,-0.00237621,0.0,201.0,9.878879e-14,4.939439e-14,3.77281e-19,7.54562e-19,1.0,0.0001073165,1.755467e-10,7.072496e-05,7.072489e-05,0.4741053,-0.000192227,102.3403,95.85774,0.4741045,102.3402,83.43989,0.1134964,102.3391,63.69355,0.01168749,102.2282,43.6961,0.001184115,96.58334,23.69037,0.0002266477,65.11016,0.0,0.0005555353,13696140.0
fs,27,3.30,266,1049547688,30347344,559149245,1,0,1.642103,1.65,-0.00789663,0.0,201.0,9.924053e-14,4.962026e-14,9.981533e-19,1.996307e-18,1.0,0.0001047412,6.639311e-11,7.238279e-05,7.238277e-05,1.254316,-0.000514573,93.92924,95.89736,1.254314,93.92923,83.38459,0.2970078,93.92888,63.63261,0.03056231,93.894,43.6351,0.003069411,91.29591,23.6293,0.0004136848,65.24167,0.0,0.0005471222,13603370.0
fs,27,3.30,267,612138172,2062222064,559149245,1,0,1.655441,1.65,0.00544077,0.0,201.0,1.004656e-13,5.023282e-14,2.490902e-18,4.981803e-18,1.0,9.389274e-05,2.798117e-11,7.817518e-05,7.817519e-05,-3.13016,0.001334799,86.09262,96.00393,3.130153,86.09262,83.1749,0.7146839,86.09266,63.40503,0.07338683,86.09716,43.40733,0.007336834,86.55185,23.40142,0.0006957903,66.1647,0.0,0.0004923588,13291200.0
fs,27,3.30,268,771145591,660833453,559149245,1,0,1.650229,1.65,0.0002286112,0.0,201.0,1.008981e-13,5.044907e-14,1.350456e-18,2.700912e-18,1.0,9.059779e-05,5.245226e-11,8.081905e-05,8.081907e-05,-1.69703,0.0007358409,91.44745,96.04124,1.69703,91.44745,83.07517,0.3814046,91.44749,63.29797,0.03913125,91.45135,43.30019,0.003912391,91.79332,23.2942,0.0003758758,66.14999,0.0,0.0004930126,13139860.0
fs,27,3.30,269,325127605,658203623,559149245,1,0,1.643961,1.65,-0.00603866,0.0,201.0,1.011568e-13,5.05784e-14,9.056212e-19,1.811242e-18,1.0,9.303473e-05,7.773338e-11,8.073038e-05,8.073041e-05,-1.13804,0.0004932174,94.94037,96.06348,1.138035,94.94037,83.10194,0.2559048,94.94034,63.32497,0.02625619,94.93703,43.3272,0.002627291,94.51006,23.32114,0.0002757745,66.1531,0.0,0.0004927827,13162720.0
fs,27,3.30,270,1864505893,1807096882,559149245,1,0,1.651921,1.65,0.001921454,0.0,201.0,9.96932e-14,4.98466e-14,1.720239e-18,3.440477e-18,1.0,9.983469e-05,3.90088e-11,7.293877e-05,7.293878e-05,-2.16172,0.0008904344,89.24094,95.93689,2.161712,89.24094,83.39274,0.5100236,89.24099,63.63892,0.05246825,89.24635,43.6414,0.005245083,89.77901,23.63553,0.0004929758,65.6881,0.0,0.000519989,13599250.0
fs,27,3.30,271,122533261,60784672,559149245,1,0,1.642696,1.65,-0.00730427,0.0,201.0,9.984797e-14,4.992399e-14,1.505607e-18,3.011213e-18,1.0,0.0001028335,4.519052e-11,7.464287e-05,7.464286e-05,1.892001,-0.000788245,90.41196,95.95037,1.891998,90.41195,83.31144,0.4415444,90.41176,63.55216,0.04539623,90.39252,43.55457,0.004550955,88.77786,23.54865,0.0005476955,65.22784,0.0,0.0005479752,13476840.0
fs,27,3.30,272,421533853,346103007,559149245,1,0,1.651382,1.65,0.001381593,0.0,201.0,1.000172e-13,5.000861e-14,1.536725e-18,3.073449e-18,1.0,9.834811e-05,4.504841e-11,7.715467e-05,7.715469e-05,-1.93111,0.0008181206,90.24898,95.96508,1.931101,90.24898,83.19012,0.443667,90.24902,63.42321,0.04557317,90.25375,43.42554,0.004556062,90.70571,23.41971,0.0004322153,65.94079,0.0,0.0005050998,13329810.0
fs,27,3.30,273,1907442414,1705443135,559149245,1,0,1.653026,1.65,0.003026305,0.0,201.0,9.946689e-14,4.973345e-14,9.204118e-20,1.840824e-19,1.0,9.780669e-05,7.477752e-10,7.363334e-05,7.36338e-05,-0.115662,4.793845e-05,114.6533,95.91715,0.1156622,114.6532,83.3341,0.02716729,114.6379,63.57802,0.002799029,113.3282,43.58047,0.0003255478,98.71166,23.57464,0.0001750447,65.35574,0.0,0.0005401132,13529000.0
fs,27,3.30,274,1378800145,379045353,559149245,1,0,1.659953,1.65,0.009953457,0.0,201.0,9.995971e-14,4.997986e-14,8.258964e-19,1.651793e-18,1.0,9.191404e-05,8.314771e-11,7.596315e-05,7.596312e-05,1.037852,-0.000436186,95.63739,95.96008,1.03785,95.63739,83.24912,0.2402077,95.63706,63.48577,0.02468513,95.60462,43.48814,0.002478427,93.10551,23.48221,0.0003302439,65.1312,0.0,0.0005542287,13390820.0
fs,27,3.30,275,160195483,1880954802,559149245,1,0,1.65156,1.65,0.001560045,0.0,201.0,1.006882e-13,5.03441e-14,1.068368e-18,2.136735e-18,1.0,9.105996e-05,6.527046e-11,7.843647e-05,7.843644e-05,1.34255,-0.000573363,93.46456,96.02315,1.342548,93.46455,83.18038,0.3060494,93.46429,63.40977,0.03142489,93.43802,43.41206,0.003152843,91.33739,23.406,0.0004012644,65.40184,0.0,0.0005371766,13270000.0
fs,27,3.30,276,816527930,294617006,559149245,1,0,1.645287,1.65,-0.00471306,0.0,201.0,9.890309e-14,4.945154e-14,4.540631e-19,9.081261e-19,1.0,0.0001010632,1.452349e-10,7.018788e-05,7.018783e-05,0.5705925,-0.000230463,100.7413,95.86778,0.5705915,100.7413,83.48113,0.1370861,100.7401,63.73668,0.01411982,100.6247,43.73925,0.001431293,94.92348,23.73345,0.000275739,65.17362,0.0,0.0005514332,13737530.0
fs,27,3.30,277,341831420,1395242438,559149245,1,0,1.65084,1.65,0.0008403961,0.0,201.0,9.904048e-14,4.952024e-14,4.834255e-20,9.668509e-20,1.0,0.0001012836,1.658137e-09,7.119823e-05,7.119937e-05,-0.060749,2.479139e-05,120.2091,95.87984,0.06074893,120.2085,83.43461,0.01449788,120.1548,63.68663,0.001501735,116.6697,43.68917,0.0002243744,98.86945,23.68337,0.0001740588,65.23826,0.0,0.0005474248,13675100.0
fs,27,3.30,278,1902963561,2093847613,559149245,1,0,1.64573,1.65,-0.00427007,0.0,201.0,1.011493e-13,5.057467e-14,2.222034e-18,4.444067e-18,1.0,8.824708e-05,3.177547e-11,8.043609e-05,8.043611e-05,-2.79229,0.001207829,87.14365,96.06284,2.792284,87.14365,83.11636,0.6289778,87.14369,63.34018,0.06453934,87.14802,43.34242,0.006452379,87.58058,23.33637,0.0006134645,66.40116,0.0,0.0004790623,13182430.0
fs,27,3.30,279,1011047074,1610885869,559149245,1,0,1.644859,1.65,-0.005141,0.0,201.0,1.008259e-13,5.041296e-14,2.385105e-18,4.770209e-18,1.0,9.105546e-05,2.921752e-11,7.869936e-05,7.869937e-05,-2.99721,0.001282389,86.5007,96.03503,2.997205,86.5007,83.17848,0.6821645,86.50074,63.40711,0.07003557,86.50508,43.4094,0.0070019,86.94245,23.40339,0.000665345,66.39304,0.0,0.0004795603,13275190.0
fs,27,3.30,280,1873070588,1211406009,559149245,1,0,1.637251,1.65,-0.0127492,0.0,201.0,9.983426e-14,4.991713e-14,1.614498e-18,3.228995e-18,1.0,0.0001002752,4.227729e-11,7.498489e-05,7.498491e-05,-2.02884,0.0008473745,89.80424,95.94917,2.028834,89.80424,83.29147,0.472456,89.80425,63.53112,0.04856724,89.805,43.53353,0.004857653,89.845,23.52767,0.0004832073,66.11762,0.0,0.0004948433,13463900.0
fs,27,3.30,281,261642122,311489597,559149245,1,0,1.644261,1.65,-0.0057387,0.0,201.0,1.003889e-13,5.019446e-14,1.824e-18,3.648e-18,1.0,9.36783e-05,3.777245e-11,7.730809e-05,7.730811e-05,-2.29211,0.0009720281,88.79262,95.9973,2.292102,88.79262,83.21416,0.5261109,88.79265,63.4468,0.05403907,88.79545,43.44913,0.00540361,89.05468,23.4432,0.0005241142,66.18542,0.0,0.0004910536,13340450.0
fs,27,3.30,282,1430524091,1878608444,559149245,1,0,1.651164,1.65,0.001164204,0.0,201.0,1.000427e-13,5.002133e-14,2.249948e-18,4.499895e-18,1.0,9.711355e-05,3.031175e-11,7.578306e-05,7.578305e-05,2.827368,-0.00118695,86.93966,95.96729,2.827362,86.93966,83.26608,0.6551207,86.93955,63.50328,0.0673265,86.92946,43.50565,0.006742328,86.00884,23.49968,0.0007491042,64.99992,0.0,0.0005625265,13406270.0
fs,27,3.30,283,1134778175,1116038194,559149245,1,0,1.649419,1.65,-0.000580656,0.0,201.0,9.949746e-14,4.974873e-14,8.792199e-19,1.75844e-18,1.0,9.175336e-05,7.545964e-11,7.105687e-05,7.105685e-05,1.10486,-0.000449083,95.05369,95.91982,1.104858,95.05369,83.4828,0.2639099,95.05329,63.73531,0.02717073,95.01342,43.73785,0.002730371,92.13652,23.73189,0.0003799867,65.05807,0.0,0.0005588009,13705380.0
fs,27,3.30,284,1438611006,1460608303,559149245,1,0,1.646477,1.65,-0.00352259,0.0,201.0,9.966139e-14,4.98307e-14,7.799762e-19,1.559952e-18,1.0,9.673349e-05,8.637357e-11,7.326225e-05,7.326222e-05,0.980147,-0.000404512,96.10831,95.93412,0.9801453,96.10831,83.37182,0.2307681,96.10777,63.61695,0.02373881,96.05425,43.61941,0.002389229,92.52012,23.61349,0.0003586482,65.28357,0.0,0.0005445061,13561560.0
fs,27,3.30,285,1359407481,758558118,559149245,1,0,1.65677,1.65,0.006769818,0.0,201.0,1.001622e-13,5.00811e-14,9.226673e-19,1.845335e-18,1.0,9.312261e-05,7.5147e-11,7.742193e-05,7.74219e-05,1.159458,-0.000491958,94.69258,95.97766,1.159456,94.69257,83.18848,0.265947,94.69229,63.42078,0.02731647,94.6642,43.42311,0.002741231,92.43326,23.41717,0.0003541566,65.26125,0.0,0.0005459815,13306400.0
fs,27,3.30,286,615814288,1097005004,559149245,1,0,1.652075,1.65,0.002074869,0.0,201.0,9.893105e-14,4.946552e-14,2.104646e-18,4.209291e-18,1.0,9.743572e-05,3.126388e-11,6.971415e-05,6.971414e-05,2.644776,-0.00106491,87.42247,95.87023,2.644771,87.42247,83.51129,0.6374427,87.42236,63.76852,0.06566108,87.41159,43.77112,0.006576217,86.43554,23.76525,0.0007353359,64.68517,0.0,0.0005832386,13766840.0
fs,27,3.30,287,1700476559,1714452006,559149245,1,0,1.65121,1.65,0.00121025,0.0,201.0,1.013926e-13,5.069632e-14,2.057286e-18,4.114572e-18,1.0,8.783846e-05,3.493028e-11,8.31827e-05,8.318271e-05,-2.58526,0.00113721,87.83364,96.08371,2.585257,87.83364,82.99868,0.5731291,87.83368,63.21531,0.0587599,87.83854,43.21747,0.005874165,88.32474,23.21145,0.0005550544,66.371,0.0,0.0004806543,13029020.0
fs,27,3.30,288,525748302,824804654,559149245,1,0,1.652978,1.65,0.002978383,0.0,201.0,1.005767e-13,5.028834e-14,1.359842e-18,2.719685e-18,1.0,9.19325e-05,5.113066e-11,7.796607e-05,7.796605e-05,1.708828,-0.000727607,91.35957,96.01353,1.708825,91.35957,83.19552,0.3906587,91.35936,63.42625,0.04011847,91.3384,43.42856,0.00402261,89.59891,23.42252,0.0004911119,65.30958,0.0,0.0005428743,13294800.0
fs,27,3.30,289,48163698,1844781284,559149245,1,0,1.650235,1.65,0.0002354274,0.0,201.0,1.005418e-13,5.027088e-14,5.966113e-20,1.193223e-19,1.0,9.175011e-05,1.227349e-09,7.839071e-05,7.839149e-05,-0.0749724,3.208085e-05,118.5125,96.01051,0.07497225,118.5122,83.1701,0.01709608,118.4799,63.39961,0.00176191,116.0741,43.40191,0.0002324839,99.33567,23.39591,0.0001595923,65.66256,0.0,0.0005213867,13268160.0
fs,27,3.30,290,101272671,657921480,559149245,1,0,1.649208,1.65,-0.000791834,0.0,201.0,9.918481e-14,4.959241e-14,2.408454e-18,4.816907e-18,1.0,9.840857e-05,2.728484e-11,7.118776e-05,7.118775e-05,3.026552,-0.00123145,86.27354,95.89249,3.026547,86.27354,83.44793,0.7223031,86.27345,63.69999,0.07435788,86.26433,43.70252,0.00744577,85.42601,23.69663,0.0008194666,64.72311,0.0,0.0005807017,13673800.0
fs,27,3.30,291,4935138,1339250575,559149245,1,0,1.648248,1.65,-0.00175157,0.0,201.0,1.001441e-13,5.007204e-14,1.242523e-18,2.485045e-18,1.0,9.606765e-05,5.4456e-11,7.548637e-05,7.548635e-05,1.5614,-0.000654166,92.10582,95.97609,1.561397,92.10582,83.291,0.3624593,92.10558,63.5291,0.03725429,92.08154,43.53149,0.00373678,90.13719,23.5255,0.0004671063,65.30038,0.0,0.0005434499,13436190.0
fs,27,3.30,292,290830795,133032732,559149245,1,0,1.650741,1.65,0.0007412377,0.0,201.0,1.00619e-13,5.030952e-14,9.977659e-19,1.995532e-18,1.0,9.072752e-05,6.907896e-11,7.746554e-05,7.746552e-05,1.25383,-0.000532141,94.05243,96.01718,1.253827,94.05243,83.22568,0.2875165,94.05212,63.45786,0.0295316,94.02196,43.46019,0.002964227,91.68316,23.45413,0.0003877469,65.37666,0.0,0.0005387374,13332060.0
fs,27,3.30,293,1312162388,1343148632,559149245,1,0,1.652541,1.65,0.002540699,0.0,201.0,1.008443e-13,5.042215e-14,3.104957e-19,6.209915e-19,1.0,8.945375e-05,2.259384e-10,7.947809e-05,7.947802e-05,0.3901805,-0.000167692,104.2113,96.03661,0.3901797,104.2113,83.13951,0.0883915,104.2096,63.36596,0.009074414,104.042,43.36823,0.0009253637,97.03888,23.36218,0.0002070928,65.58894,0.0,0.0005257917,13216440.0
fs,27,3.30,294,346160008,1945999059,559149245,1,0,1.650571,1.65,0.0005712085,0.0,201.0,1.000444e-13,5.002219e-14,9.927925e-19,1.985585e-18,1.0,9.596886e-05,6.916423e-11,7.604901e-05,7.604898e-05,1.24758,-0.000524615,94.04608,95.96744,1.247577,94.04608,83.25183,0.2885942,94.04574,63.48822,0.02965679,94.01148,43.49059,0.002978211,91.44342,23.48466,0.0004000017,65.29871,0.0,0.0005435766,13394290.0
fs,27,3.30,295,111977221,1759864229,559149245,1,0,1.65147,1.65,0.001469702,0.0,201.0,1.001463e-13,5.007316e-14,1.41279e-18,2.82558e-18,1.0,9.350199e-05,4.838796e-11,7.537608e-05,7.537606e-05,1.775364,-0.00074328,90.99055,95.97628,1.775361,90.99055,83.2972,0.4124136,90.99035,63.53564,0.0423901,90.97121,43.53804,0.004249536,89.35733,23.53204,0.0005113704,65.18341,0.0,0.0005508161,13443830.0
fs,27,3.30,296,259972724,499911071,559149245,1,0,1.655664,1.65,0.005663718,0.0,201.0,9.995351e-14,4.997676e-14,3.676638e-19,7.353276e-19,1.0,9.578702e-05,1.86887e-10,7.670389e-05,7.670398e-05,-0.46202,0.0001952188,102.6663,95.95954,0.4620191,102.6663,83.20868,0.106443,102.6657,63.4431,0.01093624,102.6068,43.44545,0.001101373,98.59844,23.43961,0.0001746056,65.56295,0.0,0.0005274303,13351950.0
fs,27,3.30,297,183006080,1620777682,559149245,1,0,1.651156,1.65,0.00115576,0.0,201.0,1.007186e-13,5.035932e-14,1.702095e-20,3.404191e-20,1.0,9.05661e-05,7.411074e-09,7.880838e-05,7.881191e-05,0.02138916,-9.08427e-06,129.4219,96.02578,0.02138912,129.4167,83.16335,0.004867784,128.9305,63.39166,0.0005285158,118.2865,43.39395,0.0001800415,98.35983,23.38793,0.0001784042,65.68324,0.0,0.0005201254,13254160.0
fs,27,3.30,298,1499269319,1383617262,559149245,1,0,1.640941,1.65,-0.00905936,0.0,201.0,9.923787e-14,4.961894e-14,2.410798e-18,4.821595e-18,1.0,0.0001039649,2.751221e-11,7.155373e-05,7.155374e-05,-3.0295,0.001235966,86.26973,95.89713,3.029492,86.26973,83.43157,0.7212595,86.26977,63.68237,0.07423865,86.27354,43.6849,0.007422798,86.65012,23.67912,0.0007103133,66.02653,0.0,0.0005001289,13672390.0
fs,27,3.30,299,1448532635,482075092,559149245,1,0,1.645275,1.65,-0.0047247,0.0,201.0,1.000082e-13,5.000409e-14,1.235636e-18,2.471272e-18,1.0,9.829521e-05,5.519496e-11,7.500437e-05,7.500435e-05,1.552746,-0.000648457,92.1423,95.96429,1.552743,92.1423,83.30552,0.3615442,92.14205,63.54511,0.03716664,92.11711,43.54752,0.003728382,90.11601,23.54155,0.0004691127,65.2903,0.0,0.0005440737,13460830.0
sf,27,3.30,0,1043706957,592941757,529049884,1,0,1.646436,1.65,-0.00356388,0.0,201.0,9.990002e-14,4.995001e-14,5.232268e-19,1.046454e-18,1.0,6.233885e-05,1.459566e-08,8.617121e-05,8.617522e-05,-0.657506,0.00029445,99.59691,95.95489,0.6575048,99.59691,82.72379,0.1433323,99.59657,62.93307,0.01468335,99.56254,42.93516,0.001474454,96.70798,22.92971,0.0002046853,63.80995,0.0,0.0006451249,12766640.0
sf,27,3.30,1,149732359,1411865675,529049884,1,0,1.651456,1.65,0.001455976,0.0,201.0,9.906998e-14,4.953499e-14,1.991749e-18,3.983497e-18,1.0,6.295657e-05,4.337835e-09,8.091356e-05,8.091496e-05,2.502905,-0.00108572,87.91355,95.88242,2.5029,87.91355,82.91146,0.5622062,87.91339,63.134,0.05768065,87.89799,43.13623,0.005779791,86.55146,23.13079,0.000674476,63.04482,0.0,0.0007045807,13030480.0
sf,27,3.30,2,534671352,369713294,529049884,1,0,1.649217,1.65,-0.000783315,0.0,201.0,9.977134e-14,4.988567e-14,9.642476e-20,1.928495e-19,1.0,6.015293e-05,8.48937e-08,8.402534e-05,8.400469e-05,-0.121171,5.364808e-05,114.2757,95.9437,0.1211707,114.2755,82.81806,0.02673781,114.2552,63.03261,0.002747073,112.5894,43.03475,0.0003328647,97.05311,23.02925,0.0001989789,63.61342,0.0,0.0006599724,12886340.0
sf,27,3.30,3,1092904055,1879140861,529049884,1,0,1.647632,1.65,-0.00236757,0.0,201.0,9.929948e-14,4.964974e-14,1.519237e-18,3.038474e-18,1.0,5.994539e-05,6.400043e-09,8.220505e-05,8.2211e-05,1.90913,-0.000834731,90.28583,95.90252,1.909126,90.28583,82.86601,0.4256072,90.2856,63.08512,0.0436492,90.26256,43.08731,0.004377619,88.37302,23.08187,0.0005438042,63.24522,0.0,0.0006885037,12964860.0
sf,27,3.30,4,848338640,643620161,529049884,1,0,1.646649,1.65,-0.00335149,0.0,201.0,9.895132e-14,4.947566e-14,1.068739e-18,2.137478e-18,1.0,6.102895e-05,1.095087e-08,7.919714e-05,7.919966e-05,1.343017,-0.00057632,93.3104,95.87201,1.343014,93.31039,82.98937,0.3047534,93.30998,63.2166,0.0312846,93.26911,43.21887,0.003144041,90.32864,23.21341,0.000440797,63.2194,0.0,0.0006906317,13131840.0
sf,27,3.30,5,1485041040,754128159,529049884,1,0,1.644988,1.65,-0.00501198,0.0,201.0,9.932658e-14,4.966329e-14,3.972002e-19,7.944004e-19,1.0,6.439303e-05,1.383762e-08,8.088001e-05,8.089117e-05,0.4991365,-0.000216421,101.9405,95.90489,0.4991355,101.9405,82.93514,0.1121326,101.9389,63.15774,0.01150653,101.777,43.15997,0.001172596,94.88047,23.15449,0.0002592392,63.41391,0.0,0.0006753845,13052400.0
sf,27,3.30,6,805396373,1159724200,529049884,1,0,1.649372,1.65,-0.000627746,0.0,201.0,9.831512e-14,4.915756e-14,7.484061e-19,1.496812e-18,1.0,6.659087e-05,1.041921e-08,7.842678e-05,7.842975e-05,0.9404748,-0.000401598,96.34906,95.81599,0.940473,96.34905,82.97357,0.2144005,96.34845,63.20297,0.02201537,96.28857,43.20527,0.002217356,92.42148,23.2,0.0003458802,63.16328,0.0,0.0006951717,13149110.0
sf,27,3.30,7,191669520,1695487402,529049884,1,0,1.6426,1.65,-0.0073996,0.0,201.0,9.759216e-14,4.879608e-14,2.207082e-18,4.414163e-18,1.0,7.584709e-05,5.221011e-09,7.391281e-05,7.391281e-05,2.7735,-0.00114986,86.89133,95.75188,2.773495,86.89133,83.1533,0.6502776,86.89119,63.39633,0.06687399,86.87689,43.39878,0.006700304,85.62082,23.39349,0.0007738086,62.79423,0.0,0.0007252187,13399000.0
sf,27,3.30,8,966630601,758043968,529049884,1,0,1.647475,1.65,-0.00252453,0.0,201.0,9.920314e-14,4.960157e-14,3.449324e-19,6.898647e-19,1.0,6.743135e-05,1.638054e-08,8.220506e-05,8.221896e-05,0.4334548,-0.000189467,103.1552,95.89409,0.4334539,103.1552,82.85717,0.09662696,103.1531,63.07627,0.009911976,102.9438,43.07846,0.001015629,95.14647,23.07307,0.0002490748,63.42181,0.0,0.0006747296,12962620.0
sf,27,3.30,9,1709295999,478705113,529049884,1,0,1.656961,1.65,0.006961331,0.0,201.0,9.790176e-14,4.895088e-14,1.818707e-18,3.637414e-18,1.0,6.101817e-05,3.675396e-09,7.609214e-05,7.609241e-05,2.285455,-0.000961399,88.59995,95.77939,2.285451,88.59995,83.06144,0.5285359,88.5998,63.2977,0.05431189,88.58453,43.30007,0.005442236,87.24134,23.29479,0.000634852,62.74323,0.0,0.0007295766,13271400.0
sf,27,3.30,10,1243962105,1130993201,529049884,1,0,1.653245,1.65,0.003245187,0.0,201.0,1.00065e-13,5.003252e-14,1.42688e-18,2.853761e-18,1.0,5.613634e-05,4.135117e-09,8.564893e-05,8.564734e-05,1.793071,-0.000800213,90.8973,95.96923,1.793067,90.89729,82.76354,0.3920237,90.89707,62.97408,0.04016526,90.8746,42.97618,0.004027905,89.01121,22.97065,0.0004988526,63.29474,0.0,0.000684516,12805690.0
sf,27,3.30,11,475879055,363124377,529049884,1,0,1.654175,1.65,0.004175345,0.0,201.0,9.978935e-14,4.989467e-14,1.773673e-18,3.547345e-18,1.0,5.402662e-05,5.262265e-09,8.45193e-05,8.451965e-05,2.228863,-0.000988139,88.98362,95.94526,2.228858,88.98361,82.79437,0.4903858,88.98343,63.00765,0.05025865,88.96547,43.00978,0.005037507,87.42669,23.00425,0.000601005,63.18642,0.0,0.0006931139,12848970.0
sf,27,3.30,12,1567157247,42333791,529049884,1,0,1.653343,1.65,0.003343122,0.0,201.0,9.903205e-14,4.951603e-14,1.270759e-18,2.541518e-18,1.0,6.61918e-05,6.557187e-09,8.156918e-05,8.156649e-05,1.596883,-0.00069546,91.81365,95.8791,1.59688,91.81365,82.87506,0.3573308,91.81338,63.09586,0.03665423,91.78645,43.09807,0.003677742,89.63242,23.09269,0.000470992,63.16595,0.0,0.0006948614,12990540.0
sf,27,3.30,13,80183345,373952697,529049884,1,0,1.640066,1.65,-0.00993437,0.0,201.0,9.885827e-14,4.942913e-14,9.047593e-19,1.809519e-18,1.0,6.602627e-05,1.170675e-08,7.997949e-05,7.997977e-05,1.136954,-0.000490276,94.749,95.86384,1.136952,94.74899,82.94081,0.2567974,94.74846,63.16588,0.02635549,94.69505,43.16813,0.002652491,91.14416,23.16275,0.0003989601,63.36592,0.0,0.0006790732,13081870.0
sf,27,3.30,14,1560938734,308510245,529049884,1,0,1.657842,1.65,0.00784157,0.0,201.0,1.009531e-13,5.047657e-14,1.012425e-18,2.024851e-18,1.0,5.330272e-05,1.567528e-09,9.167025e-05,9.167088e-05,-1.27225,0.000587528,93.95454,96.04597,1.272249,93.95454,82.55877,0.2692848,93.95464,62.75579,0.02754595,93.96494,42.75775,0.002751952,94.88662,22.75221,0.0002473315,63.91379,0.0,0.0006373668,12526360.0
sf,27,3.30,15,1204759197,1236131558,529049884,1,0,1.65523,1.65,0.00522952,0.0,201.0,9.887843e-14,4.943921e-14,2.668979e-18,5.337958e-18,1.0,6.319172e-05,4.152582e-09,7.922202e-05,7.922027e-05,3.353938,-0.00143959,85.35453,95.86561,3.353931,85.35453,82.98189,0.7609713,85.35442,63.20906,0.07811458,85.34392,43.21134,0.007822962,84.38663,23.2059,0.0008728979,62.8135,0.0,0.0007235846,13126550.0
sf,27,3.30,16,406465007,1861449639,529049884,1,0,1.6438,1.65,-0.00619979,0.0,201.0,9.826968e-14,4.913484e-14,1.695154e-18,3.390308e-18,1.0,7.094142e-05,6.049063e-09,7.581957e-05,7.581876e-05,2.130194,-0.000894448,89.24361,95.81197,2.13019,89.24361,83.10883,0.4934707,89.2434,63.34592,0.05071374,89.22338,43.3483,0.005084474,87.54457,23.34293,0.0006164786,62.97523,0.0,0.000710308,13318480.0
sf,27,3.30,17,67205639,1859350716,529049884,1,0,1.643549,1.65,-0.00645064,0.0,201.0,9.905229e-14,4.952615e-14,8.771691e-19,1.754338e-18,1.0,5.663787e-05,1.420236e-08,7.956228e-05,7.956241e-05,1.102283,-0.000474076,95.03502,95.88087,1.102281,95.03502,82.9794,0.2495853,95.03442,63.20562,0.02561886,94.97537,43.20789,0.002580036,91.17911,23.20238,0.0003991752,63.28705,0.0,0.0006852689,13110000.0
sf,27,3.30,18,1852780585,554524586,529049884,1,0,1.64808,1.65,-0.00192029,0.0,201.0,9.884695e-14,4.942348e-14,3.798876e-20,7.597751e-20,1.0,6.512242e-05,1.598575e-07,8.050729e-05,8.049784e-05,0.04773808,-2.05752e-05,122.2856,95.86285,0.04773798,122.2843,82.9132,0.01075095,122.1572,63.13686,0.001119399,116.261,43.1391,0.0002207509,97.11963,23.13376,0.0001998513,63.42028,0.0,0.0006749236,13052800.0
sf,27,3.30,19,1296265419,227135536,529049884,1,0,1.646756,1.65,-0.00324365,0.0,201.0,9.869564e-14,4.934782e-14,1.019653e-18,2.039306e-18,1.0,5.866434e-05,3.681933e-09,7.871889e-05,7.871899e-05,-1.28133,0.0005483471,93.69631,95.84954,1.281331,93.69631,82.99197,0.2915968,93.69636,63.22055,0.02993708,93.70091,43.22284,0.002992931,93.99755,23.2175,0.0002890661,63.52604,0.0,0.0006669031,13159870.0
sf,27,3.30,20,223415500,214920240,529049884,1,0,1.643679,1.65,-0.00632068,0.0,201.0,1.001551e-13,5.007756e-14,5.620558e-20,1.124112e-19,1.0,5.218677e-05,1.352481e-07,8.59242e-05,8.595189e-05,0.07063002,-3.14906e-05,118.9973,95.97704,0.07062987,118.9965,82.75668,0.01541724,118.9248,62.96649,0.001592515,114.71,42.96858,0.000258779,96.3994,22.96303,0.0002129028,63.75331,0.0,0.000649342,12792560.0
sf,27,3.30,21,1910856669,26691179,529049884,1,0,1.651599,1.65,0.001599211,0.0,201.0,9.887127e-14,4.943564e-14,9.510856e-19,1.902171e-18,1.0,6.100773e-05,9.954292e-09,7.896806e-05,7.896303e-05,1.195169,-0.000512108,94.31641,95.86498,1.195167,94.31641,82.99466,0.2715894,94.31597,63.22255,0.02788234,94.27258,43.22484,0.002802934,91.18516,23.21938,0.0003996787,63.11148,0.0,0.0006993018,13141710.0
sf,27,3.30,22,1952171872,448707943,529049884,1,0,1.657228,1.65,0.007227653,0.0,201.0,9.86831e-14,4.934155e-14,1.533237e-18,3.066473e-18,1.0,6.261245e-05,6.637393e-09,7.980703e-05,7.980304e-05,1.926722,-0.000829999,90.15207,95.84844,1.926718,90.15207,82.93452,0.4356347,90.15185,63.16007,0.04471066,90.13023,43.16234,0.004483377,88.33243,23.15697,0.0005510957,62.99381,0.0,0.0007087843,13076760.0
sf,27,3.30,23,1229867895,682640629,529049884,1,0,1.639975,1.65,-0.010025,0.0,201.0,9.80707e-14,4.903535e-14,8.763088e-19,1.752618e-18,1.0,7.635064e-05,1.228534e-08,7.719081e-05,7.720001e-05,1.101202,-0.000466527,94.95704,95.79437,1.1012,94.95704,83.01699,0.2529285,94.95646,63.24995,0.02598211,94.8991,43.25229,0.002616131,91.17596,23.24702,0.0004013777,63.23383,0.0,0.0006895135,13212680.0
sf,27,3.30,24,1654433856,1495189826,529049884,1,0,1.654042,1.65,0.004041573,0.0,201.0,9.911621e-14,4.95581e-14,7.494761e-19,1.498952e-18,1.0,6.089042e-05,7.015814e-09,8.155904e-05,8.156213e-05,0.9418195,-0.000410134,96.40714,95.88647,0.9418176,96.40713,82.88266,0.2107542,96.40659,63.10347,0.02161942,96.35262,43.10568,0.002175971,92.72497,23.10027,0.0003301909,63.24074,0.0,0.0006889479,12995960.0
sf,27,3.30,25,1001158730,2085171414,529049884,1,0,1.651019,1.65,0.00101902,0.0,201.0,9.987098e-14,4.993549e-14,5.548815e-19,1.109763e-18,1.0,6.338401e-05,8.84414e-09,8.521746e-05,8.521831e-05,0.6972846,-0.000310358,99.08418,95.95237,0.6972832,99.08417,82.76744,0.1528141,99.08329,62.97902,0.01565981,98.99557,42.98113,0.001582261,94.04146,22.97566,0.0002797113,63.5055,0.0,0.0006681562,12823930.0
sf,27,3.30,26,2105470413,1091300475,529049884,1,0,1.651034,1.65,0.001033759,0.0,201.0,9.979266e-14,4.989633e-14,1.49017e-18,2.98034e-18,1.0,5.391049e-05,3.264176e-09,8.466854e-05,8.466848e-05,-1.8726,0.0008310739,90.49665,95.94555,1.872599,90.49666,82.78739,0.411658,90.49672,63.0003,0.04218702,90.50358,43.00243,0.004216407,91.15002,22.99698,0.0003911544,63.81787,0.0,0.0006446883,12855400.0
sf,27,3.30,27,2133537940,1313887242,529049884,1,0,1.658086,1.65,0.008085584,0.0,201.0,9.959025e-14,4.979513e-14,3.776116e-18,7.552233e-18,1.0,5.02006e-05,3.194017e-09,8.33356e-05,8.333272e-05,4.745208,-0.002089,82.40283,95.92792,4.745198,82.40283,82.83545,1.051069,82.40276,63.05169,0.1077573,82.39585,43.05385,0.01078699,81.74561,23.04831,0.001161809,62.74217,0.0,0.0007294315,12904030.0
sf,27,3.30,28,321326423,159246009,529049884,1,0,1.656485,1.65,0.006485073,0.0,201.0,9.853313e-14,4.926657e-14,2.414209e-18,4.828418e-18,1.0,6.251724e-05,3.055661e-09,7.726141e-05,7.725898e-05,3.033784,-0.00128595,86.19555,95.83523,3.033779,86.19555,83.05471,0.6965593,86.19544,63.28749,0.07154889,86.1842,43.28983,0.007166077,85.16458,23.28442,0.000805363,62.7144,0.0,0.0007319385,13233610.0
sf,27,3.30,29,943720020,1786348313,529049884,1,0,1.646672,1.65,-0.00332785,0.0,201.0,9.864489e-14,4.932245e-14,2.999813e-19,5.999626e-19,1.0,6.086679e-05,2.14862e-08,7.87301e-05,7.871029e-05,-0.376968,0.0001613742,104.319,95.84507,0.3769669,104.319,82.98795,0.08579224,104.3176,63.21656,0.008809402,104.1832,43.21885,0.0008949213,97.67923,23.21347,0.000189109,63.39132,0.0,0.0006772418,13148200.0
sf,27,3.30,30,572239699,9043234,529049884,1,0,1.639823,1.65,-0.0101771,0.0,201.0,9.941296e-14,4.970648e-14,9.89061e-19,1.978122e-18,1.0,6.849953e-05,5.930048e-09,8.146893e-05,8.146492e-05,-1.24289,0.0005411042,94.0238,95.91244,1.242888,94.0238,82.91354,0.2782833,94.0238,63.13461,0.02854571,94.02357,43.13683,0.002855374,93.83048,23.13139,0.0002917732,63.7814,0.0,0.0006474912,13030960.0
sf,27,3.30,31,539788607,1930076058,529049884,1,0,1.639883,1.65,-0.0101166,0.0,201.0,9.823709e-14,4.911855e-14,3.740939e-19,7.481879e-19,1.0,7.128713e-05,1.403218e-08,7.581299e-05,7.5812e-05,0.4701003,-0.000197319,102.3653,95.80909,0.4700994,102.3653,83.10632,0.1089061,102.3634,63.34342,0.01119442,102.1789,43.34581,0.001143783,94.84912,23.3405,0.0002658085,63.22232,0.0,0.0006905159,13326850.0
sf,27,3.30,32,748439985,1601156395,529049884,1,0,1.656329,1.65,0.006328755,0.0,201.0,9.875329e-14,4.937665e-14,1.329347e-18,2.658693e-18,1.0,5.383942e-05,1.523858e-09,8.082529e-05,8.082582e-05,-1.67051,0.0007243597,91.39767,95.85461,1.670503,91.39767,82.8882,0.3754279,91.39776,63.11097,0.03851773,91.40695,43.11321,0.00384869,92.3048,23.10791,0.000346861,63.46682,0.0,0.0006714439,13025580.0
sf,27,3.30,33,1019739522,545242173,529049884,1,0,1.641192,1.65,-0.00880768,0.0,201.0,9.928082e-14,4.964041e-14,1.1498e-19,2.2996e-19,1.0,6.511289e-05,7.744131e-08,8.141636e-05,8.137974e-05,-0.144488,6.295655e-05,112.7043,95.90089,0.1444878,112.7041,82.9063,0.03236761,112.6872,63.1276,0.003326736,111.2643,43.12982,0.0003919918,96.35291,23.1244,0.0002180593,63.59845,0.0,0.0006611864,13025340.0
sf,27,3.30,34,633476933,1607068349,529049884,1,0,1.662849,1.65,0.01284855,0.0,201.0,9.829794e-14,4.914897e-14,1.341111e-18,2.682222e-18,1.0,6.263404e-05,2.468795e-09,7.981664e-05,7.981627e-05,-1.68529,0.0007261916,91.28099,95.81447,1.685286,91.281,82.89987,0.3810164,91.28109,63.12539,0.03910344,91.29029,43.12765,0.00390722,92.19157,23.12249,0.0003520027,63.33379,0.0,0.0006818454,13070630.0
sf,27,3.30,35,267068577,172382623,529049884,1,0,1.650442,1.65,0.0004424704,0.0,201.0,9.941823e-14,4.970911e-14,4.288546e-19,8.577091e-19,1.0,6.495685e-05,9.854475e-09,8.270136e-05,8.270664e-05,0.5389145,-0.00023629,101.2825,95.9129,0.5389135,101.2825,82.85157,0.1197991,101.2812,63.06941,0.01228601,101.1516,43.07159,0.001247378,94.96944,23.06619,0.000254002,63.40005,0.0,0.0006764204,12952610.0
sf,27,3.30,36,542405942,929983533,529049884,1,0,1.642988,1.65,-0.00701193,0.0,201.0,9.866265e-14,4.933132e-14,8.260616e-19,1.652123e-18,1.0,7.195501e-05,8.940091e-09,7.93652e-05,7.937227e-05,1.03806,-0.000445928,95.52221,95.84664,1.038058,95.5222,82.95502,0.2353103,95.52165,63.18177,0.02415493,95.4673,43.18404,0.002431291,91.85547,23.17869,0.0003682652,63.29062,0.0,0.0006850215,13106650.0
sf,27,3.30,37,353194474,1359350815,529049884,1,0,1.65157,1.65,0.001570335,0.0,201.0,9.843777e-14,4.921888e-14,3.773696e-19,7.547391e-19,1.0,5.624076e-05,6.878821e-09,7.759077e-05,7.759037e-05,-0.474217,0.000201519,102.3073,95.82682,0.4742157,102.3073,83.02869,0.10866,102.307,63.2605,0.01116029,102.2768,43.26283,0.001120211,99.31504,23.25751,0.000157443,63.21961,0.0,0.0006908264,13215730.0
sf,27,3.30,38,271496227,1327874986,529049884,1,0,1.65376,1.65,0.003760124,0.0,201.0,9.955853e-14,4.977927e-14,1.59008e-18,3.18016e-18,1.0,5.457502e-05,6.950771e-09,8.315469e-05,8.316163e-05,1.998153,-0.000878693,89.91259,95.92515,1.998149,89.91259,82.84117,0.4430259,89.91236,63.05785,0.04542282,89.88986,43.06001,0.004555203,88.03767,23.05449,0.0005634317,63.17755,0.0,0.000693858,12916570.0
sf,27,3.30,39,502881516,1519102395,529049884,1,0,1.655658,1.65,0.00565754,0.0,201.0,9.986043e-14,4.993021e-14,1.929905e-18,3.859811e-18,1.0,5.378656e-05,5.046005e-09,8.494809e-05,8.494797e-05,2.425191,-0.00107791,88.25655,95.95145,2.425186,88.25655,82.77966,0.5322991,88.25639,62.99189,0.05454754,88.24049,42.99401,0.00546608,86.85499,22.98848,0.0006407297,63.17982,0.0,0.0006936244,12829570.0
sf,27,3.30,40,1921632220,1015819731,529049884,1,0,1.642818,1.65,-0.00718212,0.0,201.0,9.878167e-14,4.939084e-14,7.048443e-19,1.409689e-18,1.0,6.89377e-05,1.06794e-08,7.892528e-05,7.892621e-05,0.8857335,-0.000379408,96.91106,95.85711,0.8857318,96.91106,82.98871,0.201318,96.91035,63.2167,0.02066892,96.83986,43.21899,0.002084283,92.55378,23.21359,0.0003411854,63.29791,0.0,0.0006844639,13143480.0
sf,27,3.30,41,1525546448,1586931091,529049884,1,0,1.65838,1.65,0.008380439,0.0,201.0,9.850529e-14,4.925265e-14,6.113549e-19,1.22271e-18,1.0,5.717847e-05,1.333629e-08,7.929373e-05,7.929285e-05,0.7682513,-0.000329846,98.12272,95.83277,0.7682498,98.12272,82.94528,0.1742321,98.12195,63.17225,0.01788608,98.04571,43.17453,0.001804849,93.50412,23.16923,0.0003042671,63.08679,0.0,0.0007013304,13105010.0
sf,27,3.30,42,1177839336,187035472,529049884,1,0,1.658983,1.65,0.008983202,0.0,201.0,9.854283e-14,4.927142e-14,9.079896e-20,1.815979e-19,1.0,5.484036e-05,7.329776e-08,7.878006e-05,7.881506e-05,0.1141013,-4.87776e-05,114.6903,95.83608,0.1141011,114.6901,82.97348,0.02595199,114.6692,63.20179,0.002670714,112.9698,43.20408,0.0003248737,97.32506,23.19876,0.000196646,63.18274,0.0,0.0006936838,13139950.0
sf,27,3.30,43,1877202167,802243344,529049884,1,0,1.654889,1.65,0.004889495,0.0,201.0,9.93492e-14,4.96746e-14,5.096054e-19,1.019211e-18,1.0,5.85052e-05,1.410763e-08,8.226576e-05,8.226218e-05,0.6403891,-0.000280037,99.77801,95.90687,0.6403878,99.778,82.86778,0.1427215,99.77695,63.08677,0.01463831,99.67369,43.08896,0.001481711,94.22977,23.08353,0.0002771327,63.28858,0.0,0.0006851595,12969820.0
sf,27,3.30,44,605964369,1266934643,529049884,1,0,1.657704,1.65,0.007703785,0.0,201.0,9.943438e-14,4.971719e-14,1.475129e-19,2.950258e-19,1.0,5.560973e-05,2.464229e-08,8.4459e-05,8.446283e-05,0.1853702,-8.20932e-05,110.5535,95.91431,0.1853698,110.5535,82.7662,0.04079781,110.5463,62.97962,0.004184713,109.8835,42.98175,0.0004517663,97.61762,22.97636,0.0001853263,63.3958,0.0,0.000676692,12838990.0
sf,27,3.30,45,827355351,943612494,529049884,1,0,1.643986,1.65,-0.00601367,0.0,201.0,9.872679e-14,4.93634e-14,9.32682e-19,1.865364e-18,1.0,6.676107e-05,1.121542e-08,7.844384e-05,7.843828e-05,1.172043,-0.000500517,94.47343,95.85228,1.172041,94.47342,83.00942,0.2671774,94.47293,63.23879,0.02743426,94.4238,43.2411,0.002759717,91.06784,23.23569,0.0004058753,63.23205,0.0,0.0006896505,13171370.0
sf,27,3.30,46,1473780883,1562067804,529049884,1,0,1.642421,1.65,-0.00757882,0.0,201.0,9.890852e-14,4.945426e-14,1.750766e-19,3.501531e-19,1.0,6.681308e-05,4.622936e-08,7.826043e-05,7.824225e-05,0.2200077,-9.37647e-05,109.0195,95.86825,0.2200073,109.0194,83.03569,0.05021264,109.0112,63.26563,0.005160835,108.2601,43.26794,0.000562848,95.73052,23.26246,0.0002380111,63.3571,0.0,0.0006798665,13194150.0
sf,27,3.30,47,332276211,413200102,529049884,1,0,1.645223,1.65,-0.00477654,0.0,201.0,9.847111e-14,4.923555e-14,5.697347e-19,1.139469e-18,1.0,6.749384e-05,1.638679e-08,7.702183e-05,7.702856e-05,0.7159497,-0.000302949,98.73212,95.82976,0.7159484,98.73211,83.06153,0.1646155,98.73105,63.29499,0.01691208,98.62617,43.29733,0.001712214,93.19111,23.29193,0.0003199196,63.2087,0.0,0.0006915555,13244920.0
sf,27,3.30,48,954147065,498307542,529049884,1,0,1.642918,1.65,-0.00708226,0.0,201.0,9.811612e-14,4.905806e-14,2.368656e-18,4.737313e-18,1.0,6.898621e-05,5.654186e-09,7.662257e-05,7.662592e-05,2.976541,-0.00125648,86.32417,95.79839,2.976536,86.32417,83.05171,0.6860842,86.32403,63.28637,0.07048829,86.31039,43.28873,0.007061822,85.10673,23.2834,0.0008106501,62.88898,0.0,0.000717327,13248370.0
sf,27,3.30,49,1973754843,1582985003,529049884,1,0,1.647599,1.65,-0.00240133,0.0,201.0,1.002567e-13,5.012834e-14,1.255678e-18,2.511356e-18,1.0,6.151347e-05,4.330076e-09,8.675487e-05,8.675379e-05,-1.57793,0.0007088836,92.0241,95.98585,1.577928,92.0241,82.72706,0.3428846,92.02416,62.93498,0.03511892,92.02963,42.93705,0.003510518,92.48111,22.93154,0.0003330592,63.92866,0.0,0.0006363908,12758160.0
sf,27,3.30,50,926076708,93804782,529049884,1,0,1.655936,1.65,0.005936249,0.0,201.0,9.89011e-14,4.945055e-14,6.682787e-19,1.336557e-18,1.0,5.504438e-05,8.232234e-09,7.964015e-05,7.964535e-05,0.8397837,-0.000361372,97.38427,95.8676,0.8397821,97.38426,82.96184,0.1900547,97.38364,63.18783,0.01950784,97.32201,43.19009,0.001965189,93.34558,23.18467,0.0003104235,63.11366,0.0,0.0006991622,13103340.0
sf,27,3.30,51,1276233116,2002796291,529049884,1,0,1.656586,1.65,0.006585936,0.0,201.0,9.838382e-14,4.919191e-14,1.376981e-18,2.753961e-18,1.0,6.155629e-05,5.141857e-09,7.871282e-05,7.871229e-05,1.730365,-0.0007403,91.05932,95.82205,1.730362,91.05931,82.96483,0.3938001,91.05909,63.19343,0.04043125,91.0363,43.19572,0.004054819,89.15023,23.19045,0.000503513,62.93073,0.0,0.000714001,13136970.0
sf,27,3.30,52,1273858268,1756728946,529049884,1,0,1.642579,1.65,-0.00742115,0.0,201.0,9.975843e-14,4.987922e-14,1.215422e-18,2.430845e-18,1.0,6.158078e-05,5.769536e-09,8.319195e-05,8.319484e-05,-1.52734,0.0006719474,92.26385,95.94257,1.527342,92.26385,82.85695,0.338575,92.26388,63.07354,0.03471227,92.26663,43.0757,0.003470992,92.4259,23.07018,0.0003405761,63.87091,0.0,0.0006408009,12936870.0
sf,27,3.30,53,2031826640,1385593639,529049884,1,0,1.653017,1.65,0.003016961,0.0,201.0,9.933017e-14,4.966509e-14,9.766776e-19,1.953355e-18,1.0,5.24201e-05,1.720778e-09,8.196152e-05,8.196178e-05,-1.22733,0.0005359347,94.126,95.9052,1.227327,94.126,82.88122,0.2740065,94.12609,63.10098,0.02810248,94.13521,43.10318,0.002808009,94.91685,23.09779,0.0002564761,63.52299,0.0,0.0006670594,12995470.0
sf,27,3.30,54,1717524926,1902344804,529049884,1,0,1.645295,1.65,-0.00470499,0.0,201.0,9.953232e-14,4.976616e-14,8.45427e-19,1.690854e-18,1.0,5.861854e-05,6.280615e-09,8.272276e-05,8.272191e-05,1.062395,-0.000465919,95.39716,95.92286,1.062393,95.39716,82.86077,0.2361462,95.39664,63.07857,0.02421567,95.34563,43.08075,0.002436441,91.88154,23.07525,0.0003628154,63.45103,0.0,0.000672416,12947130.0
sf,27,3.30,55,2135155587,638566266,529049884,1,0,1.643189,1.65,-0.00681053,0.0,201.0,9.87408e-14,4.93704e-14,1.045952e-19,2.091904e-19,1.0,6.502427e-05,6.124992e-08,7.843558e-05,7.846356e-05,-0.131438,5.623308e-05,113.4791,95.85351,0.1314379,113.4789,83.00932,0.02995842,113.4637,63.23863,0.003081399,112.1555,43.24093,0.0003583196,97.44397,23.23553,0.0001947951,63.39109,0.0,0.0006772463,13173560.0
sf,27,3.30,56,1289377778,531499534,529049884,1,0,1.648535,1.65,-0.00146545,0.0,201.0,9.933562e-14,4.966781e-14,1.831853e-19,3.663705e-19,1.0,6.265221e-05,2.666637e-08,8.231743e-05,8.231448e-05,-0.230197,0.0001008009,108.6637,95.90568,0.2301969,108.6637,82.86397,0.05128804,108.6599,63.08282,0.005261919,108.3033,43.08501,0.0005483876,98.30355,23.0796,0.0001733016,63.51491,0.0,0.0006675822,12968740.0
sf,27,3.30,57,535759235,710538177,529049884,1,0,1.654961,1.65,0.004960514,0.0,201.0,9.857889e-14,4.928945e-14,9.349793e-19,1.869959e-18,1.0,5.870871e-05,7.630376e-09,7.849265e-05,7.849642e-05,1.17493,-0.000501951,94.43904,95.83926,1.174927,94.43903,82.99334,0.2677414,94.43862,63.22256,0.02749139,94.39754,43.22486,0.002762903,91.41865,23.21948,0.0003890825,63.03538,0.0,0.0007054776,13156340.0
sf,27,3.30,58,205744955,1291809760,529049884,1,0,1.651427,1.65,0.001427021,0.0,201.0,9.97977e-14,4.989885e-14,1.012619e-18,2.025239e-18,1.0,5.701016e-05,6.453902e-09,8.404121e-05,8.404276e-05,1.272495,-0.00056252,93.85289,95.94599,1.272492,93.85288,82.81848,0.2807242,93.85251,63.03294,0.02877539,93.81562,43.03508,0.0028905,91.06386,23.02954,0.0003965371,63.35417,0.0,0.0006799148,12880320.0
sf,27,3.30,59,484848493,903253570,529049884,1,0,1.646179,1.65,-0.00382131,0.0,201.0,9.958809e-14,4.979404e-14,3.489927e-19,6.979855e-19,1.0,6.566938e-05,2.746481e-08,8.37144e-05,8.371858e-05,-0.438557,0.0001936118,103.0872,95.92773,0.4385563,103.0872,82.81618,0.09692787,103.086,63.03145,0.009937389,102.9671,43.0336,0.001007682,96.92518,23.02817,0.0002019062,63.65137,0.0,0.0006571178,12898580.0
sf,27,3.30,60,2112224208,747204878,529049884,1,0,1.648511,1.65,-0.0014892,0.0,201.0,9.931282e-14,4.965641e-14,1.633618e-18,3.267236e-18,1.0,5.414453e-05,2.717869e-09,8.176566e-05,8.176607e-05,-2.05286,0.0008953197,89.6565,95.90369,2.052861,89.6565,82.88956,0.4588316,89.65656,63.10984,0.04706132,89.66289,43.11205,0.004703901,90.26701,23.10664,0.0004385123,63.7421,0.0,0.0006504805,13004210.0
sf,27,3.30,61,496516844,1552920337,529049884,1,0,1.64524,1.65,-0.00475951,0.0,201.0,9.949622e-14,4.974811e-14,7.050162e-19,1.410032e-18,1.0,6.581562e-05,1.172143e-08,8.255436e-05,8.255562e-05,-0.88595,0.0003883063,96.97155,95.91971,0.8859478,96.97155,82.86593,0.1971148,96.97141,63.08416,0.02021329,96.95796,43.08634,0.002024972,95.52829,23.08091,0.0002385784,63.67478,0.0,0.0006554233,12966740.0
sf,27,3.30,62,1408149420,240590263,529049884,1,0,1.647729,1.65,-0.00227128,0.0,201.0,9.848511e-14,4.924256e-14,8.434858e-19,1.686972e-18,1.0,5.545459e-05,6.150174e-09,7.659972e-05,7.660002e-05,-1.05996,0.0004474775,95.32526,95.83099,1.059954,95.32526,83.08571,0.2443558,95.32526,63.32044,0.02510493,95.32562,43.3228,0.002511072,95.12424,23.3174,0.0002568373,63.36514,0.0,0.0006793774,13280020.0
sf,27,3.30,63,136679751,1067708923,529049884,1,0,1.646228,1.65,-0.00377171,0.0,201.0,9.874291e-14,4.937145e-14,1.033479e-18,2.066958e-18,1.0,7.209609e-05,6.757858e-09,7.96789e-05,7.967844e-05,1.298708,-0.000558999,93.58348,95.8537,1.298706,93.58348,82.94622,0.2938577,93.58311,63.17212,0.03016132,93.54649,43.17439,0.003029667,90.81767,23.16904,0.000414542,63.22871,0.0,0.000689913,13095630.0
sf,27,3.30,64,87813520,440859036,529049884,1,0,1.645123,1.65,-0.00487691,0.0,201.0,9.942791e-14,4.971395e-14,7.947384e-19,1.589477e-18,1.0,6.220548e-05,1.004531e-08,8.154427e-05,8.154893e-05,0.9986977,-0.00043486,95.92508,95.91375,0.9986957,95.92508,82.9106,0.2234992,95.9245,63.13145,0.02292702,95.86682,43.13366,0.002308565,92.10365,23.12819,0.0003558172,63.36969,0.0,0.0006787805,13020690.0
sf,27,3.30,65,263080777,939022065,529049884,1,0,1.648492,1.65,-0.00150828,0.0,201.0,9.977988e-14,4.988994e-14,2.373786e-18,4.747573e-18,1.0,5.360981e-05,1.689642e-09,8.507723e-05,8.507714e-05,-2.98299,0.001327016,86.45143,95.94444,2.982982,86.45143,82.76637,0.6542552,86.45149,62.97829,0.06704093,86.45744,42.9804,0.006701133,87.05844,22.97498,0.0006249235,64.02711,0.0,0.0006293672,12830460.0
sf,27,3.30,66,1719002283,166907850,529049884,1,0,1.653782,1.65,0.003782163,0.0,201.0,9.987628e-14,4.993814e-14,2.602119e-19,5.204239e-19,1.0,6.249653e-05,3.283613e-08,8.506817e-05,8.509359e-05,0.326992,-0.00014539,105.6621,95.95283,0.3269913,105.6621,82.77396,0.07171246,105.6586,62.98583,0.007351298,105.3206,42.98795,0.0007644853,95.75391,22.98248,0.0002298415,63.4964,0.0,0.0006688708,12830940.0
sf,27,3.30,67,503565165,1456154169,529049884,1,0,1.651435,1.65,0.001435498,0.0,201.0,9.967834e-14,4.983917e-14,2.765138e-19,5.530276e-19,1.0,6.162848e-05,2.332423e-08,8.334636e-05,8.33288e-05,0.3474775,-0.000152893,105.1171,95.9356,0.3474768,105.117,82.84332,0.07696864,105.114,63.05958,0.007893693,104.8165,43.06174,0.0008170761,95.72577,23.05622,0.0002325535,63.48101,0.0,0.0006701223,12919550.0
sf,27,3.30,68,1786829501,753191073,529049884,1,0,1.648581,1.65,-0.00141886,0.0,201.0,9.976312e-14,4.988156e-14,1.728722e-18,3.457444e-18,1.0,5.271541e-05,6.318515e-09,8.351216e-05,8.35106e-05,2.172376,-0.00095732,89.2043,95.94298,2.172372,89.20429,82.84171,0.4806962,89.2041,63.0575,0.04927994,89.1844,43.05966,0.004940409,87.52613,23.05412,0.0005975848,63.24666,0.0,0.0006883494,12912510.0
sf,27,3.30,69,1348805705,1055069334,529049884,1,0,1.648644,1.65,-0.0013559,0.0,201.0,9.831683e-14,4.915841e-14,9.35801e-19,1.871602e-18,1.0,6.780418e-05,1.26393e-08,7.688865e-05,7.687888e-05,1.175962,-0.000497173,94.40829,95.81614,1.17596,94.40828,83.05591,0.2706334,94.40779,63.28981,0.02780361,94.35886,43.29216,0.002796825,91.01201,23.28681,0.0004109033,63.09182,0.0,0.0007008925,13247450.0
sf,27,3.30,70,1834287164,1138168494,529049884,1,0,1.655956,1.65,0.00595578,0.0,201.0,9.897239e-14,4.948619e-14,1.860576e-19,3.721153e-19,1.0,5.421899e-05,1.929952e-08,8.032902e-05,8.032036e-05,-0.233807,0.0001011242,108.4967,95.87386,0.2338065,108.4967,82.93331,0.0527024,108.4942,63.15745,0.005409591,108.2468,43.1597,0.0005567287,99.39755,23.15434,0.0001541129,63.30302,0.0,0.0006841489,13074130.0
sf,27,3.30,71,1847530259,23275354,529049884,1,0,1.650633,1.65,0.0006327077,0.0,201.0,1.001369e-13,5.006844e-14,1.966447e-18,3.932893e-18,1.0,4.988712e-05,3.228848e-10,8.613624e-05,8.613656e-05,-2.47111,0.001106126,88.11764,95.97546,2.471104,88.11764,82.74622,0.5388016,88.11771,62.95559,0.05519423,88.12526,42.95768,0.005515958,88.89287,22.95218,0.0005046216,63.91831,0.0,0.0006372321,12788730.0
sf,27,3.30,72,126787795,2106899530,529049884,1,0,1.646813,1.65,-0.00318706,0.0,201.0,9.980187e-14,4.990094e-14,9.546644e-19,1.909329e-18,1.0,5.780554e-05,7.841692e-09,8.495111e-05,8.495358e-05,1.199667,-0.000533178,94.36516,95.94635,1.199664,94.36515,82.77429,0.2633037,94.3647,62.98651,0.02698301,94.31965,42.98863,0.002712996,91.15142,22.98316,0.0003904693,63.47544,0.0,0.0006704487,12832960.0
sf,27,3.30,73,2020542648,1745110321,529049884,1,0,1.656232,1.65,0.006231784,0.0,201.0,9.945467e-14,4.972733e-14,1.091236e-18,2.182472e-18,1.0,5.24749e-05,2.473811e-09,8.446278e-05,8.446199e-05,-1.37129,0.0006078544,93.17353,95.91608,1.371285,93.17353,82.76801,0.3018033,93.17362,62.98143,0.03093075,93.18259,42.98357,0.003090642,93.98797,22.9782,0.0002815216,63.62821,0.0,0.0006588986,12845320.0
sf,27,3.30,74,1292072769,1509055619,529049884,1,0,1.650564,1.65,0.0005643802,0.0,201.0,9.942099e-14,4.97105e-14,1.40123e-18,2.802459e-18,1.0,6.208113e-05,7.072074e-09,8.162391e-05,8.162214e-05,1.760837,-0.000767126,90.99878,95.91314,1.760833,90.99877,82.90629,0.3938908,90.99852,63.12695,0.04040372,90.97331,43.12916,0.004053145,88.93809,23.1237,0.0005120124,63.20095,0.0,0.0006920562,13016960.0
sf,27,3.30,75,811721010,609270045,529049884,1,0,1.652823,1.65,0.002823155,0.0,201.0,9.978099e-14,4.989049e-14,1.11062e-18,2.221241e-18,1.0,5.408794e-05,2.35039e-09,8.449822e-05,8.449731e-05,-1.39565,0.0006187834,93.04904,95.94454,1.395644,93.04904,82.79473,0.3071033,93.04912,63.00807,0.03147365,93.05715,43.0102,0.00314523,93.76014,23.00476,0.0002898885,63.70047,0.0,0.0006534574,12866200.0
sf,27,3.30,76,1144311916,1213812464,529049884,1,0,1.651851,1.65,0.001850945,0.0,201.0,9.93801e-14,4.969005e-14,6.83799e-19,1.367598e-18,1.0,6.203833e-05,6.889763e-09,8.19873e-05,8.198592e-05,0.8592872,-0.000375159,97.22682,95.90957,0.8592855,97.22681,82.88437,0.1918129,97.22619,63.10407,0.01967406,97.16441,43.10627,0.001981952,93.18991,23.10079,0.000313,63.30068,0.0,0.0006842053,12984030.0
sf,27,3.30,77,174301327,1271097826,529049884,1,0,1.658163,1.65,0.008162867,0.0,201.0,9.874801e-14,4.937401e-14,5.952853e-19,1.190571e-18,1.0,5.358324e-05,6.931273e-09,7.958602e-05,7.958181e-05,-0.748058,0.0003219036,98.37546,95.85415,0.7480561,98.37546,82.95167,0.1693598,98.37546,63.17784,0.01738277,98.37479,43.18011,0.001738864,97.82414,23.17478,0.0001851534,63.28868,0.0,0.0006853341,13107650.0
sf,27,3.30,78,1626580242,1193379090,529049884,1,0,1.641359,1.65,-0.00864134,0.0,201.0,9.825721e-14,4.91286e-14,6.029923e-19,1.205985e-18,1.0,7.319549e-05,1.323741e-08,7.683003e-05,7.683326e-05,0.7577425,-0.000320233,98.22045,95.81087,0.7577411,98.22044,83.05308,0.1744343,98.21949,63.28712,0.01792179,98.12552,43.28947,0.001812165,93.02417,23.28414,0.0003258353,63.25093,0.0,0.0006882016,13247710.0
sf,27,3.30,79,1600905601,1784517314,529049884,1,0,1.652527,1.65,0.002527011,0.0,201.0,9.980376e-14,4.990188e-14,1.153987e-18,2.307975e-18,1.0,5.351122e-05,2.740265e-09,8.472197e-05,8.471926e-05,-1.45014,0.0006437907,92.71832,95.94652,1.45014,92.71832,82.78587,0.3186969,92.71839,62.99866,0.03265982,92.72539,43.00079,0.00326415,93.32187,22.99535,0.0003045606,63.70696,0.0,0.0006529541,12853630.0
sf,27,3.30,80,1938449521,736979046,529049884,1,0,1.654049,1.65,0.004049196,0.0,201.0,9.92312e-14,4.96156e-14,6.92298e-19,1.384596e-18,1.0,6.279143e-05,1.021311e-08,8.178087e-05,8.177323e-05,0.8699673,-0.000379323,97.1065,95.89654,0.8699655,97.1065,82.88206,0.1944367,97.10583,63.10232,0.01994457,97.03967,43.10453,0.002010217,92.90103,23.09913,0.0003235229,63.2769,0.0,0.0006860806,12995400.0
sf,27,3.30,81,715974583,1744235154,529049884,1,0,1.641065,1.65,-0.00893458,0.0,201.0,9.849018e-14,4.924509e-14,1.135056e-18,2.270111e-18,1.0,6.641154e-05,9.297096e-09,7.738264e-05,7.737966e-05,1.426353,-0.000605013,92.74692,95.83144,1.42635,92.74691,83.0445,0.3272499,92.74654,63.27693,0.03361396,92.70929,43.27927,0.003376749,89.96567,23.27386,0.0004628172,63.17743,0.0,0.0006939886,13221910.0
sf,27,3.30,82,1854042356,303888392,529049884,1,0,1.646497,1.65,-0.003503,0.0,201.0,9.929546e-14,4.964773e-14,9.386259e-19,1.877252e-18,1.0,6.278307e-05,8.283237e-09,8.139823e-05,8.140044e-05,1.179512,-0.000513141,94.46814,95.90217,1.17951,94.46813,82.90654,0.2641923,94.46769,63.12778,0.02710219,94.42368,43.12999,0.002724681,91.30373,23.12452,0.0003899778,63.29797,0.0,0.0006844007,13015830.0
sf,27,3.30,83,770574752,2117705450,529049884,1,0,1.645734,1.65,-0.00426587,0.0,201.0,9.820701e-14,4.91035e-14,2.888813e-18,5.777626e-18,1.0,6.45313e-05,4.298528e-09,7.523004e-05,7.523026e-05,3.63019,-0.00151842,84.60786,95.80643,3.630183,84.60786,83.13531,0.8440584,84.60776,63.3742,0.08676047,84.59776,43.3766,0.00868844,83.68525,23.37118,0.000964488,62.7032,0.0,0.0007328154,13345540.0
sf,27,3.30,84,2020142990,1813492441,529049884,1,0,1.648772,1.65,-0.0012284,0.0,201.0,1.000054e-13,5.00027e-14,1.141027e-18,2.282054e-18,1.0,5.221815e-05,7.740653e-09,8.562273e-05,8.562321e-05,1.433857,-0.000639787,92.83395,95.96405,1.433854,92.83395,82.75953,0.3135299,92.8336,62.97012,0.03212373,92.79929,42.97223,0.003225869,90.20609,22.96668,0.0004345395,63.42526,0.0,0.0006743004,12797430.0
sf,27,3.30,85,793786648,120706555,529049884,1,0,1.646177,1.65,-0.00382272,0.0,201.0,9.925763e-14,4.962881e-14,4.761627e-19,9.523254e-19,1.0,6.475686e-05,1.28027e-08,8.224926e-05,8.225633e-05,0.5983637,-0.000261639,100.3596,95.89886,0.5983625,100.3596,82.86007,0.13336,100.3583,63.07907,0.01367856,100.2301,43.08126,0.001388534,94.13234,23.07582,0.0002800106,63.48267,0.0,0.0006700008,12959300.0
sf,27,3.30,86,821588038,863894095,529049884,1,0,1.650002,1.65,2.194968e-06,0.0,201.0,9.933761e-14,4.96688e-14,8.576742e-19,1.715348e-18,1.0,6.294663e-05,9.680235e-09,8.155061e-05,8.155196e-05,1.077785,-0.000469315,95.25523,95.90585,1.077783,95.25522,82.90255,0.241194,95.25472,63.12339,0.02474193,95.2049,43.1256,0.00248906,91.79552,23.12012,0.0003683239,63.30995,0.0,0.0006834604,13008100.0
sf,27,3.30,87,1546993264,907798711,529049884,1,0,1.65517,1.65,0.005170377,0.0,201.0,9.907713e-14,4.953856e-14,3.046914e-19,6.093827e-19,1.0,6.350931e-05,3.718993e-08,8.320388e-05,8.321674e-05,0.3828865,-0.000168361,104.2217,95.88305,0.3828857,104.2216,82.79633,0.08486624,104.2187,63.01287,0.008703818,103.932,43.01504,0.0008998142,95.01528,23.0097,0.0002510275,63.40836,0.0,0.0006757256,12891690.0
sf,27,3.30,88,129944103,921354278,529049884,1,0,1.649352,1.65,-0.000647536,0.0,201.0,9.865018e-14,4.932509e-14,1.298271e-18,2.596542e-18,1.0,5.771641e-05,3.696002e-09,7.943837e-05,7.944041e-05,-1.63146,0.0007013528,91.59405,95.84554,1.631452,91.59405,82.95039,0.3696722,91.59411,63.17695,0.03794387,91.60028,43.17922,0.003792686,92.14366,23.1739,0.0003560511,63.57003,0.0,0.0006635387,13108650.0
sf,27,3.30,89,1783098739,1322101159,529049884,1,0,1.65116,1.65,0.00115953,0.0,201.0,9.968794e-14,4.984397e-14,2.650941e-18,5.301881e-18,1.0,4.925002e-05,3.857679e-10,8.509265e-05,8.509281e-05,-3.33127,0.00148207,85.48425,95.93643,3.331263,85.48425,82.7576,0.7305795,85.48432,62.96948,0.07486145,85.49051,42.9716,0.007482636,86.12538,22.96621,0.0006950907,63.97092,0.0,0.0006334752,12826240.0
sf,27,3.30,90,1732973550,1310688275,529049884,1,0,1.648914,1.65,-0.00108611,0.0,201.0,9.897593e-14,4.948796e-14,1.606131e-18,3.212263e-18,1.0,6.346804e-05,6.221498e-09,7.916914e-05,7.917381e-05,2.018324,-0.000866023,89.77437,95.87417,2.01832,89.77437,82.99287,0.4580629,89.77416,63.22017,0.04702196,89.75296,43.22245,0.00471492,87.99017,23.21701,0.000577221,63.10484,0.0,0.0006997778,13141020.0
sf,27,3.30,91,114711735,878329086,529049884,1,0,1.650526,1.65,0.000525772,0.0,201.0,9.869994e-14,4.934997e-14,6.867654e-19,1.373531e-18,1.0,5.616303e-05,1.136394e-08,7.858227e-05,7.859073e-05,-0.863015,0.0003690576,97.12957,95.84992,0.8630132,97.12957,82.99906,0.1965507,97.12947,63.228,0.02018025,97.11997,43.2303,0.002020769,95.96883,23.22494,0.0002305714,63.39587,0.0,0.0006769295,13166290.0
sf,27,3.30,92,1493607697,403411267,529049884,1,0,1.64744,1.65,-0.00256014,0.0,201.0,9.986077e-14,4.993038e-14,1.638898e-18,3.277796e-18,1.0,4.5722e-05,5.608172e-09,8.293301e-05,8.293134e-05,2.0595,-0.000904422,89.67626,95.95148,2.059496,89.67626,82.87895,0.4572299,89.67605,63.09621,0.04688221,89.65528,43.09838,0.004700622,87.9207,23.09273,0.0005735898,63.28776,0.0,0.0006851167,12941170.0
sf,27,3.30,93,2054032781,1977695886,529049884,1,0,1.645707,1.65,-0.00429256,0.0,201.0,9.702751e-14,4.851375e-14,2.450517e-18,4.901034e-18,1.0,7.519078e-05,4.847024e-09,7.148534e-05,7.148276e-05,3.07941,-0.00125554,85.93214,95.70148,3.079405,85.93214,83.23998,0.7334862,85.93202,63.49103,0.07550059,85.92011,43.49356,0.007562623,84.85061,23.48837,0.000854846,62.57984,0.0,0.0007433199,13540390.0
sf,27,3.30,94,650338859,269754417,529049884,1,0,1.639596,1.65,-0.0104035,0.0,201.0,9.937351e-14,4.968676e-14,2.967879e-20,5.935758e-20,1.0,6.486345e-05,2.084485e-07,8.201015e-05,8.212235e-05,0.03729547,-1.62137e-05,124.4759,95.90899,0.03729539,124.4735,82.87693,0.008320916,124.244,63.09628,0.0008762172,116.3548,43.09847,0.0002173612,96.7411,23.09303,0.0002077765,63.59281,0.0,0.0006615967,12979910.0
sf,27,3.30,95,1250343152,1087895986,529049884,1,0,1.649154,1.65,-0.000846171,0.0,201.0,1.003982e-13,5.019911e-14,1.04042e-18,2.08084e-18,1.0,5.715122e-05,6.05435e-09,8.713659e-05,8.713507e-05,-1.30743,0.000588667,93.66975,95.9981,1.307427,93.66975,82.72117,0.2835117,93.66978,62.9282,0.02903495,93.67252,42.93026,0.002903269,93.77639,22.9247,0.0002866919,63.91307,0.0,0.0006375034,12741290.0
sf,27,3.30,96,1198526660,2144126448,529049884,1,0,1.645311,1.65,-0.00468916,0.0,201.0,9.988982e-14,4.994491e-14,3.139938e-19,6.279877e-19,1.0,5.742734e-05,3.645781e-08,8.565623e-05,8.566282e-05,0.3945763,-0.000176028,104.0314,95.954,0.3945755,104.0314,82.74757,0.08626011,104.0281,62.95807,0.008840921,103.7149,42.96017,0.0009167815,94.51032,22.95472,0.0002643745,63.64143,0.0,0.0006577497,12798250.0
sf,27,3.30,97,1487641186,1220284168,529049884,1,0,1.649286,1.65,-0.000713699,0.0,201.0,1.000004e-13,5.000018e-14,3.509084e-19,7.018168e-19,1.0,6.11808e-05,1.928093e-08,8.552987e-05,8.552258e-05,-0.440965,0.0001967498,103.0756,95.96361,0.4409636,103.0755,82.76395,0.09647621,103.0747,62.97479,0.009885611,102.9926,42.9769,0.0009981882,97.92946,22.97137,0.0001786881,63.64312,0.0,0.0006576755,12808530.0
sf,27,3.30,98,1485063299,693239024,529049884,1,0,1.646141,1.65,-0.00385934,0.0,201.0,9.928629e-14,4.964315e-14,4.297667e-19,8.595333e-19,1.0,6.406857e-05,2.319608e-08,8.081391e-05,8.081114e-05,0.5400607,-0.000234045,101.2525,95.90137,0.5400596,101.2525,82.9357,0.1213834,101.2508,63.15852,0.01245623,101.081,43.16075,0.001270538,94.06527,23.1553,0.0002847749,63.40825,0.0,0.0006758072,13059930.0
sf,27,3.30,99,1825586085,2145553772,529049884,1,0,1.646407,1.65,-0.00359274,0.0,201.0,9.96961e-14,4.984805e-14,2.822009e-18,5.644018e-18,1.0,4.913944e-05,4.402949e-10,8.332439e-05,8.332408e-05,-3.54624,0.001561227,84.9418,95.93714,3.546234,84.9418,82.84511,0.785535,84.94185,63.06137,0.08053336,84.94752,43.06353,0.008050085,85.52734,23.0581,0.0007525543,64.00902,0.0,0.0006308471,12937060.0
sf,27,3.30,100,508362385,2134838734,529049884,1,0,1.650121,1.65,0.0001208891,0.0,201.0,9.865649e-14,4.932825e-14,1.730294e-18,3.460587e-18,1.0,7.068426e-05,5.335764e-09,7.943532e-05,7.943062e-05,2.174351,-0.000934494,89.09952,95.84609,2.174347,89.09952,82.95145,0.4927161,89.09933,63.17804,0.05057494,89.08073,43.18031,0.005069659,87.49896,23.17495,0.0006078546,63.05471,0.0,0.0007038183,13101820.0
sf,27,3.30,101,904113289,580224590,529049884,1,0,1.654416,1.65,0.00441567,0.0,201.0,9.924592e-14,4.962296e-14,1.114335e-18,2.228669e-18,1.0,6.447377e-05,6.864369e-09,8.185131e-05,8.18525e-05,1.400314,-0.00061091,92.97334,95.89783,1.400311,92.97334,82.87935,0.3128245,92.97301,63.09941,0.03208631,92.94033,43.10161,0.003221542,90.43393,23.09618,0.0004296481,63.20374,0.0,0.000691851,12987730.0
sf,27,3.30,102,1216798162,1826491396,529049884,1,0,1.662919,1.65,0.01291906,0.0,201.0,9.968642e-14,4.984321e-14,1.003037e-18,2.006074e-18,1.0,4.484682e-05,1.985484e-09,8.46866e-05,8.46881e-05,-1.26045,0.0005594707,93.92578,95.9363,1.260451,93.92578,82.77718,0.2770574,93.92589,62.99004,0.02839275,93.93699,42.99217,0.002836343,94.96045,22.98674,0.00025195,63.50347,0.0,0.0006684278,12844600.0
sf,27,3.30,103,1844346512,685699625,529049884,1,0,1.643706,1.65,-0.00629435,0.0,201.0,9.91242e-14,4.95621e-14,2.746943e-18,5.493886e-18,1.0,5.534988e-05,4.763592e-09,8.045055e-05,8.044962e-05,3.45191,-0.00149309,85.126,95.88717,3.451903,85.126,82.94,0.7774989,85.12589,63.16379,0.07978014,85.11482,43.16603,0.007990251,84.11442,23.16053,0.0008959942,63.00768,0.0,0.0007075374,13056720.0
sf,27,3.30,104,832912845,1354951642,529049884,1,0,1.650211,1.65,0.0002112834,0.0,201.0,9.836891e-14,4.918445e-14,3.1724e-19,6.344801e-19,1.0,6.685897e-05,2.754204e-08,7.95734e-05,7.95586e-05,0.3986556,-0.000171404,103.8088,95.82074,0.3986548,103.8088,82.91946,0.09026815,103.8062,63.14569,0.009267759,103.5561,43.14796,0.000954098,95.13103,23.14274,0.0002515275,63.28545,0.0,0.0006854727,13084870.0
sf,27,3.30,105,131921684,448964882,529049884,1,0,1.642135,1.65,-0.00786548,0.0,201.0,9.903379e-14,4.951689e-14,2.168145e-18,4.336291e-18,1.0,5.958197e-05,5.218169e-09,7.966943e-05,7.966812e-05,2.724572,-0.00117273,87.1733,95.87925,2.724566,87.1733,82.9723,0.6165244,87.17315,63.19823,0.06327819,87.1584,43.2005,0.006340225,85.86691,23.19504,0.0007352015,63.07541,0.0,0.0007020944,13109370.0
sf,27,3.30,106,1574873585,1966681784,529049884,1,0,1.642217,1.65,-0.0077828,0.0,201.0,9.919017e-14,4.959509e-14,3.451318e-19,6.902636e-19,1.0,6.405163e-05,2.113926e-08,7.969385e-05,7.969157e-05,-0.433705,0.0001868089,103.1491,95.89295,0.4337046,103.1491,82.9848,0.0981266,103.1479,63.21066,0.01007251,103.0336,43.21292,0.001020858,97.1112,23.20742,0.0002017488,63.54573,0.0,0.0006652835,13116600.0
sf,27,3.30,107,768190649,626497611,529049884,1,0,1.646831,1.65,-0.00316909,0.0,201.0,9.924571e-14,4.962286e-14,9.488967e-21,1.897793e-20,1.0,6.629533e-05,6.84133e-07,8.217217e-05,8.215357e-05,0.01192419,-5.12848e-06,134.3693,95.89781,0.01192416,134.3476,82.86418,0.002665811,132.6083,63.08345,0.0003340098,117.2896,43.08565,0.0001948961,97.00932,23.08023,0.0002011617,63.51316,0.0,0.0006676927,12968770.0
sf,27,3.30,108,1592749672,1667641035,529049884,1,0,1.641149,1.65,-0.00885104,0.0,201.0,9.961149e-14,4.980574e-14,5.423063e-19,1.084613e-18,1.0,5.840131e-05,1.375132e-08,8.137703e-05,8.138025e-05,-0.681482,0.0002965799,99.2607,95.92977,0.6814808,99.26069,82.93516,0.1526594,99.26029,63.15646,0.0156606,99.22021,43.15867,0.001573704,96.10654,23.15314,0.0002250764,63.69195,0.0,0.0006541502,13041130.0
sf,27,3.30,109,1963388963,646691452,529049884,1,0,1.656472,1.65,0.006472364,0.0,201.0,9.867078e-14,4.933539e-14,3.997966e-18,7.995932e-18,1.0,6.047232e-05,2.846122e-09,7.856947e-05,7.856829e-05,5.023992,-0.00214758,81.82639,95.84735,5.023983,81.82639,82.99767,1.144364,81.82633,63.22668,0.1174945,81.82003,43.22897,0.01176108,81.22449,23.22353,0.001258787,62.53945,0.0,0.000746709,13148890.0
sf,27,3.30,110,1748128800,1106303020,529049884,1,0,1.647552,1.65,-0.0024478,0.0,201.0,9.919843e-14,4.959921e-14,1.777149e-19,3.554297e-19,1.0,6.807626e-05,4.564785e-08,8.211353e-05,8.210533e-05,-0.223323,9.768029e-05,108.915,95.89368,0.2233226,108.915,82.86247,0.04981673,108.9093,63.08186,0.00511241,108.3808,43.08406,0.0005434538,97.06004,23.0787,0.0001999554,63.56668,0.0,0.0006636027,12977070.0
sf,27,3.30,111,20378932,330402313,529049884,1,0,1.656516,1.65,0.006515727,0.0,201.0,9.963707e-14,4.981853e-14,1.576498e-18,3.152995e-18,1.0,5.927687e-05,6.504251e-09,8.432282e-05,8.431844e-05,1.981085,-0.000877236,89.99395,95.932,1.981081,89.99395,82.79095,0.4363653,89.99374,63.00473,0.0447249,89.97289,43.00687,0.004484343,88.22677,23.00137,0.0005479363,63.17297,0.0,0.0006942012,12852410.0
sf,27,3.30,112,472089795,1886847432,529049884,1,0,1.651114,1.65,0.001113851,0.0,201.0,9.863463e-14,4.931732e-14,2.699551e-18,5.399102e-18,1.0,6.069226e-05,3.798121e-09,7.791326e-05,7.79152e-05,3.392356,-0.00144404,85.23416,95.84417,3.392349,85.23416,83.02885,0.775773,85.23405,63.25972,0.07966797,85.2234,43.26204,0.007978704,84.25495,23.25658,0.0008914181,62.79106,0.0,0.0007254546,13188590.0
sf,27,3.30,113,1745254340,1077004881,529049884,1,0,1.652296,1.65,0.002296337,0.0,201.0,9.940226e-14,4.970113e-14,2.121782e-19,4.243564e-19,1.0,6.074726e-05,2.481445e-08,8.304013e-05,8.305541e-05,0.266631,-0.000117114,107.3933,95.91151,0.2666304,107.3933,82.83281,0.05915303,107.3889,63.04975,0.006067986,106.969,43.05192,0.0006370123,96.53766,23.04648,0.0002115638,63.4185,0.0,0.0006749771,12920960.0
sf,27,3.30,114,190211445,1451198688,529049884,1,0,1.653842,1.65,0.003842002,0.0,201.0,9.953134e-14,4.976567e-14,3.005699e-18,6.011399e-18,1.0,5.060881e-05,2.666241e-10,8.357916e-05,8.357912e-05,-3.77707,0.00166538,84.37969,95.92278,3.777066,84.37969,82.81812,0.8354521,84.37974,63.03374,0.08564453,84.38548,43.03589,0.008560929,84.9747,23.03054,0.0007994513,63.93996,0.0,0.0006358826,12914940.0
sf,27,3.30,115,1961410767,604041944,529049884,1,0,1.642534,1.65,-0.00746632,0.0,201.0,9.888365e-14,4.944182e-14,1.599875e-19,3.199751e-19,1.0,7.114612e-05,4.797573e-08,8.012363e-05,8.012252e-05,-0.201046,8.688033e-05,109.8002,95.86607,0.2010459,109.8001,82.93569,0.04537115,109.7926,63.16037,0.004660042,109.0989,43.16262,0.0005048756,96.78867,23.15727,0.0002081758,63.51711,0.0,0.000667448,13080930.0
sf,27,3.30,116,1056617009,1454368694,529049884,1,0,1.643418,1.65,-0.00658237,0.0,201.0,9.877026e-14,4.938513e-14,9.454904e-19,1.890981e-18,1.0,6.960032e-05,5.876174e-09,7.840321e-05,7.840535e-05,1.188138,-0.000507296,94.35878,95.8561,1.188136,94.35878,83.01497,0.2709004,94.35835,63.24444,0.02781662,94.31608,43.24674,0.002795975,91.28532,23.24133,0.0003960959,63.22179,0.0,0.0006904871,13177710.0
sf,27,3.30,117,159850144,1346689052,529049884,1,0,1.639337,1.65,-0.0106626,0.0,201.0,9.986771e-14,4.993386e-14,1.258625e-18,2.517249e-18,1.0,6.18566e-05,5.803756e-09,8.436921e-05,8.437288e-05,-1.58163,0.0007007395,91.96998,95.95208,1.581631,91.96998,82.80837,0.3482729,91.97,63.02201,0.03569443,91.97253,43.02415,0.003569283,92.11662,23.01867,0.0003508344,63.95953,0.0,0.0006342468,12877220.0
sf,27,3.30,118,1813685834,97142960,529049884,1,0,1.647891,1.65,-0.00210913,0.0,201.0,9.88227e-14,4.941135e-14,1.21423e-18,2.428461e-18,1.0,5.752302e-05,2.73532e-09,7.977896e-05,7.97803e-05,-1.52585,0.0006573562,92.19051,95.86071,1.525844,92.19051,82.94797,0.3450428,92.19058,63.17359,0.03541201,92.1972,43.17585,0.003539424,92.77444,23.1705,0.0003309812,63.57502,0.0,0.0006631473,13097390.0
sf,27,3.30,119,660773800,1794253138,529049884,1,0,1.643302,1.65,-0.00669754,0.0,201.0,9.958827e-14,4.979414e-14,1.586022e-18,3.172045e-18,1.0,5.16266e-05,4.998768e-09,8.114414e-05,8.114814e-05,1.993055,-0.000865779,89.93738,95.92774,1.993051,89.93738,82.94492,0.4470716,89.93716,63.16683,0.04586522,89.91578,43.16905,0.004599003,88.13891,23.16346,0.0005639325,63.2598,0.0,0.0006873722,13043640.0
sf,27,3.30,120,713113466,1330761215,529049884,1,0,1.648706,1.65,-0.00129417,0.0,201.0,9.899273e-14,4.949637e-14,1.344914e-18,2.689829e-18,1.0,5.421721e-05,3.791882e-09,7.936255e-05,7.93618e-05,-1.69007,0.000726189,91.31757,95.87565,1.690066,91.31757,82.98457,0.3831334,91.31764,63.21135,0.03932655,91.32376,43.21363,0.003930911,91.87073,23.20821,0.0003688706,63.5764,0.0,0.0006630635,13134830.0
sf,27,3.30,121,1423592179,416594630,529049884,1,0,1.645451,1.65,-0.00454866,0.0,201.0,9.986718e-14,4.993359e-14,7.838374e-20,1.567675e-19,1.0,5.498417e-05,9.578758e-08,8.431103e-05,8.42226e-05,0.09849991,-4.35061e-05,116.0833,95.95203,0.09849971,116.0829,82.81569,0.02170886,116.0449,63.0297,0.002234814,113.3184,43.03184,0.0003059645,96.24006,23.0263,0.0002184299,63.61474,0.0,0.0006598507,12875580.0
sf,27,3.30,122,580543162,1100892466,529049884,1,0,1.650288,1.65,0.0002882746,0.0,201.0,9.813909e-14,4.906954e-14,1.955249e-18,3.910498e-18,1.0,7.033285e-05,4.919897e-09,7.709491e-05,7.709127e-05,2.457039,-0.00104033,87.9922,95.80042,2.457034,87.9922,83.02884,0.564719,87.99204,63.26212,0.05801017,87.97626,43.26447,0.005813135,86.60255,23.25917,0.0006805043,62.86545,0.0,0.0007193351,13222850.0
sf,27,3.30,123,1543467169,1908321729,529049884,1,0,1.645813,1.65,-0.00418706,0.0,201.0,9.88355e-14,4.941775e-14,1.824878e-18,3.649756e-18,1.0,5.976142e-05,5.186308e-09,7.779187e-05,7.779045e-05,2.293209,-0.000975348,88.65298,95.86184,2.293205,88.65298,83.05311,0.5248155,88.6528,63.28435,0.05389858,88.63507,43.28667,0.005402317,87.11824,23.28117,0.0006429046,63.03255,0.0,0.0007056201,13213630.0
sf,27,3.30,124,1243907912,2106033850,529049884,1,0,1.658425,1.65,0.008425143,0.0,201.0,9.94961e-14,4.974805e-14,1.962426e-18,3.924852e-18,1.0,6.169863e-05,4.244015e-09,8.277488e-05,8.277344e-05,2.466057,-0.00108196,88.07966,95.9197,2.466052,88.07965,82.85504,0.5479859,88.07951,63.07271,0.05619013,88.06479,43.07488,0.005629955,86.76593,23.06939,0.0006533904,63.0137,0.0,0.000707087,12939350.0
sf,27,3.30,125,1657117375,648639784,529049884,1,0,1.639889,1.65,-0.0101107,0.0,201.0,9.932198e-14,4.966099e-14,1.164161e-18,2.328321e-18,1.0,5.867163e-05,9.42083e-09,8.124346e-05,8.124181e-05,1.462927,-0.000635828,92.60005,95.90449,1.462924,92.60005,82.9169,0.3279766,92.59968,63.13857,0.03364684,92.5633,43.14079,0.00337967,89.8673,23.13531,0.000460681,63.3687,0.0,0.0006788172,13028840.0
sf,27,3.30,126,1715519825,1551899499,529049884,1,0,1.652993,1.65,0.002993056,0.0,201.0,9.953625e-14,4.976812e-14,2.84585e-19,5.691699e-19,1.0,6.326977e-05,1.927449e-08,8.43878e-05,8.439217e-05,0.35762,-0.000158366,104.8548,95.9232,0.3576193,104.8548,82.77855,0.07873892,104.8522,62.99214,0.008072337,104.5992,42.99428,0.000831293,96.06166,22.98888,0.0002220042,63.45984,0.0,0.0006717184,12853200.0
sf,27,3.30,127,1951941644,1204469401,529049884,1,0,1.649012,1.65,-0.000988036,0.0,201.0,9.871229e-14,4.935614e-14,9.640446e-19,1.928089e-18,1.0,6.992689e-05,6.211764e-09,8.043144e-05,8.043579e-05,1.211454,-0.000523913,94.18488,95.851,1.211452,94.18488,82.90454,0.272887,94.18448,63.12836,0.02800232,94.14507,43.13061,0.002813693,91.2577,23.12529,0.0003920845,63.23168,0.0,0.0006896697,13045440.0
sf,27,3.30,128,522874283,1092211640,529049884,1,0,1.65809,1.65,0.008090459,0.0,201.0,9.814253e-14,4.907127e-14,5.330067e-18,1.066013e-17,1.0,5.79886e-05,2.525582e-09,7.51123e-05,7.511085e-05,6.69796,-0.00279945,79.28189,95.80073,6.697948,79.28189,83.13613,1.558519,79.28185,63.37539,0.1602054,79.27732,43.37779,0.01603333,78.84256,23.37233,0.001684569,62.17321,0.0,0.000778803,13337960.0
sf,27,3.30,129,1186205507,381335486,529049884,1,0,1.643587,1.65,-0.0064133,0.0,201.0,9.946239e-14,4.97312e-14,1.606147e-18,3.212293e-18,1.0,5.933836e-05,2.557528e-09,8.258445e-05,8.258355e-05,-2.01834,0.0008846542,89.81687,95.91676,2.018339,89.81688,82.86158,0.4489886,89.81694,63.07973,0.04604047,89.82322,43.08192,0.004601877,90.42007,23.0765,0.00042936,63.84589,0.0,0.0006427193,12963370.0
sf,27,3.30,130,2127716173,1458415667,529049884,1,0,1.645697,1.65,-0.00430329,0.0,201.0,9.931947e-14,4.965973e-14,1.39203e-18,2.78406e-18,1.0,6.139336e-05,6.397556e-09,8.218322e-05,8.218932e-05,1.749276,-0.000764731,91.04712,95.90427,1.749273,91.04711,82.86884,0.3900195,91.04686,63.08801,0.03999981,91.02105,43.09021,0.004012895,88.94896,23.08477,0.000509085,63.29531,0.0,0.0006845551,12969920.0
sf,27,3.30,131,528313733,239463115,529049884,1,0,1.648541,1.65,-0.00145871,0.0,201.0,9.834388e-14,4.917194e-14,7.80387e-19,1.560774e-18,1.0,5.888448e-05,1.022389e-08,7.720334e-05,7.720231e-05,-0.980663,0.0004156396,95.98815,95.81853,0.9806613,95.98815,83.04103,0.2252393,95.98808,63.27398,0.02313635,95.98178,43.27632,0.002315939,95.15634,23.27102,0.000254527,63.38297,0.0,0.0006779603,13237000.0
sf,27,3.30,132,1395338887,1513847194,529049884,1,0,1.655401,1.65,0.005401114,0.0,201.0,1.001043e-13,5.005216e-14,4.414628e-19,8.829256e-19,1.0,5.225847e-05,7.162967e-09,8.473177e-05,8.473273e-05,-0.554759,0.000246345,101.0906,95.97264,0.5547574,101.0906,82.81134,0.1219097,101.0904,63.02409,0.01249354,101.0714,43.02622,0.0012524,98.87267,23.02065,0.0001612126,63.55963,0.0,0.0006640954,12864280.0
sf,27,3.30,133,1588421778,1784427136,529049884,1,0,1.659833,1.65,0.009832838,0.0,201.0,9.865555e-14,4.932778e-14,1.868456e-18,3.736912e-18,1.0,5.959547e-05,4.6834e-09,7.9624e-05,7.962804e-05,2.347971,-0.00101038,88.43217,95.84601,2.347966,88.43217,82.94114,0.5314329,88.43202,63.16718,0.05454539,88.41656,43.16945,0.005465684,87.06051,23.16409,0.0006385266,62.86532,0.0,0.0007193444,13088900.0
sf,27,3.30,134,1629168195,959150790,529049884,1,0,1.650404,1.65,0.0004040627,0.0,201.0,9.903027e-14,4.951514e-14,1.919824e-19,3.839649e-19,1.0,6.233859e-05,4.606245e-08,8.069939e-05,8.06878e-05,0.2412522,-0.000104428,108.2295,95.87894,0.2412518,108.2295,82.91957,0.0542632,108.2231,63.14272,0.005571606,107.6301,43.14496,0.0005966832,95.95945,23.13956,0.0002285629,63.36417,0.0,0.0006792761,13049580.0
sf,27,3.30,135,1960623101,236386456,529049884,1,0,1.653553,1.65,0.003552899,0.0,201.0,9.913426e-14,4.956713e-14,2.88918e-18,5.77836e-18,1.0,5.653327e-05,3.263594e-09,8.060112e-05,8.060145e-05,3.630651,-0.0015719,84.68838,95.88806,3.630644,84.68838,82.9331,0.8170264,84.68829,63.15648,0.08383198,84.67898,43.15872,0.008394348,83.82103,23.15321,0.0009259961,62.85493,0.0,0.0007201111,13045800.0
sf,27,3.30,136,858381080,588695720,529049884,1,0,1.647323,1.65,-0.0026766,0.0,201.0,9.907889e-14,4.953944e-14,5.278694e-19,1.055739e-18,1.0,6.069642e-05,1.258316e-08,8.102834e-05,8.102509e-05,-0.66334,0.0002880459,99.44849,95.8832,0.663339,99.44849,82.90663,0.1489043,99.44823,63.12888,0.01527679,99.42254,43.1311,0.001532597,97.03379,23.12572,0.0002016492,63.53621,0.0,0.0006660067,13033120.0
sf,27,3.30,137,194305359,897289282,529049884,1,0,1.649385,1.65,-0.000614705,0.0,201.0,9.864458e-14,4.932229e-14,3.139576e-19,6.279152e-19,1.0,5.778245e-05,1.539217e-08,7.837844e-05,7.838636e-05,-0.394531,0.0001685349,103.9234,95.84505,0.39453,103.9234,83.00491,0.08996501,103.9225,63.23443,0.009238411,103.8284,43.23674,0.000934145,98.34161,23.23136,0.0001755849,63.33708,0.0,0.0006815059,13171400.0
sf,27,3.30,138,656707725,62555606,529049884,1,0,1.650979,1.65,0.0009785257,0.0,201.0,9.93868e-14,4.96934e-14,2.736383e-20,5.472765e-20,1.0,5.965342e-05,2.385472e-07,8.154249e-05,8.151122e-05,-0.0343864,1.505378e-05,125.1824,95.91015,0.03438633,125.1801,82.90891,0.007699133,124.9524,63.12986,0.0008107226,117.0905,43.13207,0.0002004839,97.40662,23.12661,0.0001931967,63.41979,0.0,0.0006749453,13020690.0
sf,27,3.30,139,1200543062,2123268508,529049884,1,0,1.650133,1.65,0.0001329574,0.0,201.0,9.929441e-14,4.964721e-14,1.162152e-18,2.324303e-18,1.0,5.494976e-05,3.467889e-09,8.226044e-05,8.226008e-05,-1.4604,0.000638867,92.61264,95.90208,1.4604,92.61264,82.8631,0.3254789,92.61271,63.08209,0.03337866,92.61948,43.08428,0.003336107,93.19655,23.0789,0.0003119732,63.63018,0.0,0.0006588628,12973240.0
sf,27,3.30,140,1897088307,1545691259,529049884,1,0,1.64716,1.65,-0.00283952,0.0,201.0,9.932785e-14,4.966393e-14,1.570641e-19,3.141281e-19,1.0,6.492637e-05,3.720177e-08,8.177221e-05,8.178023e-05,0.1973725,-8.59995e-05,109.9993,95.905,0.1973721,109.9992,82.89017,0.04411115,109.9907,63.11041,0.004528829,109.2136,43.11261,0.0004953915,96.49002,23.10715,0.0002142182,63.45801,0.0,0.000671955,12995270.0
sf,27,3.30,141,1755097776,29589335,529049884,1,0,1.647749,1.65,-0.00225106,0.0,201.0,9.830145e-14,4.915073e-14,1.705423e-18,3.410846e-18,1.0,7.30425e-05,6.089465e-09,7.682249e-05,7.682426e-05,2.143098,-0.000905818,89.19396,95.81478,2.143094,89.19395,83.05747,0.4933737,89.19376,63.29154,0.05068611,89.17433,43.29389,0.005081337,87.53545,23.28856,0.0006132755,62.96323,0.0,0.0007112948,13254620.0
sf,27,3.30,142,893560282,1530984340,529049884,1,0,1.647131,1.65,-0.00286865,0.0,201.0,9.868977e-14,4.934489e-14,8.56953e-20,1.713906e-19,1.0,6.100052e-05,7.158128e-08,7.742529e-05,7.739113e-05,-0.107688,4.576902e-05,115.2057,95.84902,0.1076877,115.2055,83.06148,0.02470584,115.1838,63.29387,0.002543931,113.4247,43.29621,0.0003115839,97.65279,23.29082,0.0001913822,63.30153,0.0,0.0006842873,13246490.0
sf,27,3.30,143,26877124,162406720,529049884,1,0,1.656971,1.65,0.00697124,0.0,201.0,9.86115e-14,4.930575e-14,3.832435e-19,7.664871e-19,1.0,5.38425e-05,7.050062e-09,7.853563e-05,7.853774e-05,-0.481598,0.0002058999,102.1885,95.84213,0.4815971,102.1885,82.99405,0.1097185,102.1882,63.22314,0.01126545,102.1602,43.22544,0.001130475,99.31598,23.22011,0.0001567497,63.20582,0.0,0.0006919094,13165140.0
sf,27,3.30,144,1768091075,1541998068,529049884,1,0,1.641098,1.65,-0.00890207,0.0,201.0,9.880672e-14,4.940336e-14,7.788105e-19,1.557621e-18,1.0,6.775151e-05,1.17556e-08,7.998626e-05,7.998694e-05,0.9786821,-0.000422035,96.04649,95.85931,0.9786802,96.04649,82.93591,0.2210401,96.04584,63.16096,0.0226859,95.98116,43.16321,0.00228614,91.93806,23.15785,0.000363906,63.38541,0.0,0.0006775659,13077710.0
sf,27,3.30,145,1217336626,608953125,529049884,1,0,1.647238,1.65,-0.00276181,0.0,201.0,9.768493e-14,4.884246e-14,2.19121e-18,4.382419e-18,1.0,7.548243e-05,5.33673e-09,7.463972e-05,7.463758e-05,2.753555,-0.00114718,86.96227,95.76013,2.75355,86.96227,83.1215,0.6426305,86.96213,63.36223,0.06607011,86.94798,43.36465,0.006619627,85.70235,23.35937,0.000763574,62.78843,0.0,0.0007257148,13355760.0
sf,27,3.30,146,1503162946,1601581120,529049884,1,0,1.65788,1.65,0.007880268,0.0,201.0,9.867353e-14,4.933677e-14,8.515661e-19,1.703132e-18,1.0,5.395406e-05,4.174296e-09,7.978155e-05,7.97797e-05,-1.07011,0.0004610305,95.25905,95.84759,1.070107,95.25905,82.93488,0.2419868,95.25912,63.1605,0.02483527,95.26664,43.16277,0.002482025,95.79304,23.15746,0.0002334647,63.35282,0.0,0.0006803089,13089650.0
sf,27,3.30,147,1195033270,986532997,529049884,1,0,1.645684,1.65,-0.00431623,0.0,201.0,9.927998e-14,4.963999e-14,2.67902e-18,5.35804e-18,1.0,5.504587e-05,7.912462e-10,8.297573e-05,8.297598e-05,-3.36656,0.001479029,85.35712,95.90081,3.366549,85.35712,82.82606,0.7472182,85.35717,63.04321,0.07661291,85.36284,43.04538,0.00765821,85.93976,23.04004,0.0007161665,64.00298,0.0,0.0006312634,12929040.0
sf,27,3.30,148,1113205580,298506943,529049884,1,0,1.65143,1.65,0.001429826,0.0,201.0,9.879737e-14,4.939868e-14,5.135954e-20,1.027191e-19,1.0,6.029482e-05,1.114335e-07,8.007701e-05,8.009582e-05,0.0645403,-2.77773e-05,119.6619,95.85849,0.06454017,119.6612,82.92948,0.01456849,119.5928,63.15423,0.001506857,115.5035,43.15648,0.0002413502,97.19122,23.15116,0.0001986081,63.32717,0.0,0.0006822124,13076660.0
sf,27,3.30,149,1273063581,1747533398,529049884,1,0,1.65728,1.65,0.007279951,0.0,201.0,9.817877e-14,4.908938e-14,1.075645e-18,2.151289e-18,1.0,5.956908e-05,4.742304e-09,7.766091e-05,7.765839e-05,1.351695,-0.000574396,93.18638,95.80393,1.351692,93.18637,83.0022,0.3095932,93.18606,63.23382,0.03179711,93.15528,43.23614,0.003191854,90.75014,23.23086,0.0004207614,62.94402,0.0,0.0007129515,13188650.0
sf,27,3.30,150,2035830025,1098601272,529049884,1,0,1.651702,1.65,0.001702088,0.0,201.0,9.877664e-14,4.938832e-14,2.83791e-18,5.67582e-18,1.0,6.206854e-05,5.108987e-09,8.020136e-05,8.019778e-05,3.566223,-0.00154012,84.81251,95.85667,3.566216,84.81251,82.92241,0.8044425,84.81241,63.14689,0.0825513,84.80206,43.14914,0.008267112,83.8597,23.14375,0.0009208785,62.86356,0.0,0.0007193845,13055100.0
sf,27,3.30,151,1186807991,1846551355,529049884,1,0,1.65217,1.65,0.002169928,0.0,201.0,9.983886e-14,4.991943e-14,1.25019e-19,2.50038e-19,1.0,6.068995e-05,5.363748e-08,8.350106e-05,8.353275e-05,0.1571035,-6.91692e-05,112.0259,95.94957,0.1571032,112.0257,82.8472,0.03475945,112.0133,63.06294,0.003568474,110.9186,43.0651,0.0004048794,96.88415,23.05956,0.0002035966,63.46473,0.0,0.0006713915,12920320.0
sf,27,3.30,152,1324327910,158096694,529049884,1,0,1.643724,1.65,-0.00627633,0.0,201.0,9.959415e-14,4.979707e-14,4.355567e-19,8.711134e-19,1.0,6.551319e-05,1.774191e-08,8.42463e-05,8.425044e-05,-0.547337,0.0002423768,101.1632,95.92826,0.5473355,101.1632,82.79055,0.1206059,101.1625,63.00449,0.01236224,101.1,43.00663,0.001245465,96.88712,23.0012,0.0002021642,63.73219,0.0,0.0006510122,12864490.0
sf,27,3.30,153,1255432649,378245336,529049884,1,0,1.6488,1.65,-0.00120006,0.0,201.0,9.798119e-14,4.89906e-14,2.931017e-18,5.862035e-18,1.0,7.092147e-05,3.962455e-09,7.564261e-05,7.563965e-05,3.683225,-0.00154479,84.46189,95.78644,3.683218,84.46189,83.09302,0.8541939,84.46179,63.33065,0.08778955,84.45219,43.33304,0.008791077,83.57211,23.32769,0.0009722528,62.64457,0.0,0.0007377887,13302950.0
sf,27,3.30,154,383327016,1179654022,529049884,1,0,1.650586,1.65,0.0005858122,0.0,201.0,9.880856e-14,4.940428e-14,1.517455e-18,3.03491e-18,1.0,6.708621e-05,6.196998e-09,7.97669e-05,7.976475e-05,1.90689,-0.000821255,90.25297,95.85947,1.906887,90.25297,82.94753,0.4312489,90.25275,63.17319,0.04426111,90.23023,43.17546,0.004438754,88.37471,23.17004,0.000549246,63.09194,0.0,0.0007008148,13085330.0
sf,27,3.30,155,689043579,792165606,529049884,1,0,1.651996,1.65,0.001996471,0.0,201.0,9.983475e-14,4.991737e-14,9.671944e-19,1.934389e-18,1.0,5.79122e-05,3.666742e-09,8.62766e-05,8.627731e-05,-1.21541,0.0005445317,94.25476,95.94921,1.21541,94.25476,82.71322,0.2648029,94.25482,62.92225,0.02712512,94.26097,42.92434,0.002711244,94.69299,22.91894,0.0002578087,63.76123,0.0,0.0006487787,12762250.0
sf,27,3.30,156,529291426,514537997,529049884,1,0,1.658111,1.65,0.008111057,0.0,201.0,9.877251e-14,4.938626e-14,3.555492e-19,7.110983e-19,1.0,5.169605e-05,1.773441e-08,8.04502e-05,8.045478e-05,-0.446796,0.0001933494,102.8541,95.8563,0.4467954,102.8541,82.90886,0.1006322,102.8535,63.13264,0.01032653,102.7962,43.13488,0.001039757,98.58286,23.12953,0.0001687849,63.31198,0.0,0.0006834343,13044810.0
sf,27,3.30,157,1395372902,293080009,529049884,1,0,1.647811,1.65,-0.00218891,0.0,201.0,1.001398e-13,5.00699e-14,3.761035e-19,7.522069e-19,1.0,5.143489e-05,2.605469e-08,8.547462e-05,8.548736e-05,0.4726255,-0.000210655,102.4854,95.97571,0.4726246,102.4854,82.77776,0.1034236,102.4832,62.98868,0.01059923,102.2715,42.99079,0.001086338,94.47359,22.98523,0.000266429,63.61671,0.0,0.0006596416,12819280.0
sf,27,3.30,158,735970417,1497081661,529049884,1,0,1.644263,1.65,-0.00573657,0.0,201.0,9.975076e-14,4.987538e-14,1.927874e-19,3.855749e-19,1.0,6.299659e-05,3.711276e-08,8.465112e-05,8.464124e-05,-0.242264,0.0001075781,108.2561,95.9419,0.2422633,108.2561,82.78507,0.05326577,108.2516,62.99805,0.005461605,107.8267,43.00018,0.000573688,97.29754,22.99474,0.0001926904,63.70106,0.0,0.000653327,12852910.0
sf,27,3.30,159,1277289238,2049682887,529049884,1,0,1.653069,1.65,0.003069057,0.0,201.0,9.927992e-14,4.963996e-14,1.532037e-18,3.064075e-18,1.0,5.307756e-05,3.757549e-09,8.294098e-05,8.294077e-05,-1.92521,0.0008456597,90.21124,95.90081,1.925211,90.21124,82.82781,0.4273941,90.21131,63.04505,0.04382147,90.2181,43.04722,0.004379819,90.86275,23.04187,0.0004064022,63.70172,0.0,0.0006534481,12930500.0
sf,27,3.30,160,1371910993,992554614,529049884,1,0,1.649014,1.65,-0.000986305,0.0,201.0,9.993581e-14,4.99679e-14,1.800817e-18,3.601635e-18,1.0,5.462306e-05,2.439421e-09,8.528334e-05,8.528121e-05,-2.26297,0.001007936,88.86443,95.958,2.262969,88.86443,82.77003,0.4957697,88.8645,62.98145,0.05079813,88.871,42.98356,0.005077242,89.50807,22.97808,0.00047152,63.92997,0.0,0.0006364009,12823540.0
sf,27,3.30,161,2046070181,2010893444,529049884,1,0,1.649621,1.65,-0.000379213,0.0,201.0,9.863082e-14,4.931541e-14,2.815841e-19,5.631682e-19,1.0,6.250825e-05,2.277788e-08,8.016983e-05,8.016506e-05,-0.353849,0.000152874,104.8675,95.84383,0.3538484,104.8675,82.91126,0.07983427,104.8659,63.13583,0.00819396,104.7158,43.13808,0.0008338963,97.82991,23.13279,0.0001841382,63.43471,0.0,0.0006738341,13059720.0
sf,27,3.30,162,599714124,1586364857,529049884,1,0,1.648355,1.65,-0.00164503,0.0,201.0,9.882226e-14,4.941113e-14,8.922057e-19,1.784411e-18,1.0,5.739484e-05,4.65046e-09,8.034768e-05,8.034637e-05,-1.12118,0.0004847504,94.8672,95.86068,1.121177,94.8672,82.91879,0.2526852,94.86723,63.14286,0.02592874,94.8709,43.14511,0.002592449,95.01501,23.13975,0.0002548221,63.53276,0.0,0.0006663276,13056040.0
sf,27,3.30,163,1105551282,1038569077,529049884,1,0,1.645374,1.65,-0.00462593,0.0,201.0,9.822002e-14,4.911001e-14,5.752681e-20,1.150536e-19,1.0,6.508896e-05,1.557788e-07,7.634954e-05,7.647347e-05,-0.0722903,3.057894e-05,118.626,95.80758,0.07229019,118.6253,83.0691,0.01667968,118.5613,63.30421,0.001726421,114.6422,43.30657,0.0002711569,96.51819,23.30127,0.0002183504,63.27651,0.0,0.0006862423,13276960.0
sf,27,3.30,164,1246238239,1320756425,529049884,1,0,1.647971,1.65,-0.00202873,0.0,201.0,9.98173e-14,4.990865e-14,5.078975e-20,1.015795e-19,1.0,6.142493e-05,1.628891e-07,8.414623e-05,8.406077e-05,0.06382428,-2.81347e-05,119.848,95.9477,0.06382415,119.8472,82.8193,0.01408015,119.7649,63.03371,0.001456938,115.1741,43.03586,0.0002472228,96.62822,23.03037,0.0002089813,63.57404,0.0,0.0006629689,12891430.0
sf,27,3.30,165,717474045,354391219,529049884,1,0,1.656955,1.65,0.00695527,0.0,201.0,9.856545e-14,4.928272e-14,2.796362e-19,5.592723e-19,1.0,5.946442e-05,2.104512e-08,7.945911e-05,7.946758e-05,0.3514012,-0.000150997,104.922,95.83807,0.3514005,104.922,82.94152,0.0796115,104.9192,63.168,0.008174117,104.6461,43.17027,0.0008437416,95.85173,23.165,0.0002320938,63.19089,0.0,0.0006930009,13104600.0
sf,27,3.30,166,592650095,761263580,529049884,1,0,1.642428,1.65,-0.00757227,0.0,201.0,9.848292e-14,4.924146e-14,1.233779e-18,2.467558e-18,1.0,7.014703e-05,8.092201e-09,7.817577e-05,7.817748e-05,1.550412,-0.000661027,92.02187,95.8308,1.550409,92.02187,83.00165,0.3539883,92.02155,63.23177,0.03635056,91.98934,43.23408,0.003649531,89.52974,23.22873,0.0004841166,63.19544,0.0,0.0006925417,13174280.0
sf,27,3.30,167,158538411,887846271,529049884,1,0,1.656036,1.65,0.006036055,0.0,201.0,1.003266e-13,5.01633e-14,1.18127e-18,2.36254e-18,1.0,5.009592e-05,2.674852e-09,8.852996e-05,8.853083e-05,-1.48443,0.0006736637,92.56074,95.9919,1.484425,92.56074,82.64917,0.3194638,92.56083,62.85302,0.03270464,92.56977,42.85505,0.003267863,93.39421,22.84954,0.0002970069,63.80731,0.0,0.0006452109,12654020.0
sf,27,3.30,168,498397191,749737993,529049884,1,0,1.644266,1.65,-0.00573388,0.0,201.0,9.935476e-14,4.967738e-14,8.530141e-19,1.706028e-18,1.0,6.403369e-05,7.03767e-09,8.195027e-05,8.194693e-05,-1.07193,0.0004680611,95.30405,95.90735,1.071927,95.30405,82.88412,0.2393334,95.30403,63.10392,0.02454677,95.30236,43.10612,0.002455772,94.91227,23.10071,0.0002566976,63.68453,0.0,0.0006547288,12995780.0
sf,27,3.30,169,1209491044,742644776,529049884,1,0,1.650752,1.65,0.0007524513,0.0,201.0,9.833995e-14,4.916997e-14,5.02481e-19,1.004962e-18,1.0,5.79711e-05,1.909702e-08,7.525687e-05,7.524939e-05,0.6314363,-0.000264077,99.81161,95.81818,0.6314351,99.81159,83.14601,0.1467983,99.81037,63.38484,0.01509121,99.68918,43.38725,0.001530747,93.78511,23.38183,0.000301881,63.05713,0.0,0.0007037531,13359670.0
sf,27,3.30,170,820147651,1181838722,529049884,1,0,1.655603,1.65,0.005602903,0.0,201.0,1.001286e-13,5.006431e-14,1.384382e-18,2.768764e-18,1.0,4.725986e-05,4.851444e-10,8.663327e-05,8.663278e-05,-1.73967,0.0007809694,91.16545,95.97474,1.739662,91.16545,82.72173,0.3782808,91.16554,62.92994,0.03874535,91.17527,42.93201,0.003871124,92.14464,22.92652,0.0003460143,63.75312,0.0,0.0006493996,12755630.0
sf,27,3.30,171,553108761,423846728,529049884,1,0,1.650151,1.65,0.0001514422,0.0,201.0,9.901101e-14,4.95055e-14,1.121697e-18,2.243394e-18,1.0,5.563194e-05,5.50159e-09,8.098039e-05,8.098024e-05,-1.40957,0.0006118204,92.89556,95.87725,1.409563,92.89556,82.90296,0.3164975,92.89561,63.12533,0.03247027,92.90054,43.12755,0.003246018,93.26457,23.12218,0.0003110859,63.58992,0.0,0.0006619542,13030760.0
sf,27,3.30,172,1556176643,118559921,529049884,1,0,1.652994,1.65,0.002994163,0.0,201.0,9.886967e-14,4.943484e-14,6.208931e-19,1.241786e-18,1.0,6.291412e-05,1.69006e-08,8.076316e-05,8.07659e-05,0.7802372,-0.000338082,98.02033,95.86484,0.7802357,98.02032,82.90149,0.1754117,98.01945,63.12442,0.01799901,97.93378,43.12666,0.001818209,93.08761,23.1213,0.0003174565,63.25883,0.0,0.0006875225,13031680.0
sf,27,3.30,173,1358713375,2062091850,529049884,1,0,1.645055,1.65,-0.00494463,0.0,201.0,9.958163e-14,4.979081e-14,5.567163e-19,1.113433e-18,1.0,6.710516e-05,9.940166e-09,8.341174e-05,8.340929e-05,-0.69959,0.0003082189,99.03031,95.92716,0.6995889,99.0303,82.83091,0.1548924,99.03009,63.04695,0.01587974,99.0084,43.04911,0.001592341,96.89168,23.04368,0.0002030488,63.70808,0.0,0.0006528807,12918510.0
sf,27,3.30,174,271328130,1743218460,529049884,1,0,1.658566,1.65,0.008566475,0.0,201.0,9.909022e-14,4.954511e-14,1.000548e-18,2.001095e-18,1.0,5.854768e-05,3.854609e-09,8.22663e-05,8.226423e-05,1.257325,-0.000549912,93.89526,95.8842,1.257323,93.89526,82.84501,0.2802126,93.89493,63.06399,0.02873776,93.86241,43.06618,0.002885285,91.34109,23.06082,0.0003854663,63.14573,0.0,0.0006964974,12953140.0
sf,27,3.30,175,93029540,1555772001,529049884,1,0,1.650246,1.65,0.0002460275,0.0,201.0,9.892571e-14,4.946286e-14,5.389995e-19,1.077999e-18,1.0,6.252628e-05,1.289031e-08,8.01946e-05,8.020274e-05,0.6773268,-0.000292459,99.25382,95.86976,0.6773255,99.25381,82.93526,0.1527821,99.25281,63.15972,0.01567998,99.15396,43.16197,0.001586354,93.86269,23.15656,0.000291537,63.26468,0.0,0.0006870905,13069790.0
sf,27,3.30,176,935304567,692241701,529049884,1,0,1.641477,1.65,-0.00852336,0.0,201.0,9.882892e-14,4.941446e-14,2.409446e-19,4.818893e-19,1.0,7.004339e-05,2.067192e-08,7.958446e-05,7.960073e-05,-0.30278,0.0001303632,106.2387,95.86126,0.3027794,106.2387,82.9578,0.06854166,106.2363,63.18392,0.007036873,106.0037,43.18619,0.0007229753,97.6533,23.18081,0.0001889626,63.53021,0.0,0.0006664742,13106350.0
sf,27,3.30,177,1762327233,1968493157,529049884,1,0,1.650204,1.65,0.0002037721,0.0,201.0,9.791238e-14,4.895619e-14,1.02221e-18,2.04442e-18,1.0,6.488072e-05,8.769305e-09,7.581055e-05,7.581447e-05,1.284547,-0.000539323,93.60535,95.78033,1.284545,93.60535,83.07743,0.2975802,93.60495,63.31452,0.0305829,93.56571,43.31691,0.003072982,90.70075,23.31161,0.0004271134,62.99187,0.0,0.0007090202,13291430.0
sf,27,3.30,178,270292358,1947036152,529049884,1,0,1.654463,1.65,0.004462598,0.0,201.0,9.833576e-14,4.916788e-14,2.731668e-19,5.463336e-19,1.0,5.706854e-05,1.776118e-08,7.735484e-05,7.735928e-05,0.3432715,-0.000145537,105.1051,95.81781,0.3432709,105.105,83.03196,0.07876723,105.1024,63.26445,0.008092826,104.8496,43.26678,0.0008334148,96.3005,23.26145,0.0002228681,63.09792,0.0,0.0007005029,13219840.0
sf,27,3.30,179,130846952,281181694,529049884,1,0,1.654034,1.65,0.004033504,0.0,201.0,9.806206e-14,4.903103e-14,3.062578e-18,6.125157e-18,1.0,6.997857e-05,3.460386e-09,7.582439e-05,7.582137e-05,3.84855,-0.00161608,84.08768,95.7936,3.848542,84.08767,83.09032,0.8915224,84.08759,63.3274,0.09162004,84.07882,43.32978,0.009173772,83.26771,23.32442,0.001006551,62.56905,0.0,0.000744236,13296350.0
sf,27,3.30,180,811648092,596090561,529049884,1,0,1.641408,1.65,-0.00859244,0.0,201.0,9.868686e-14,4.934343e-14,2.54043e-19,5.08086e-19,1.0,6.808922e-05,3.594818e-08,7.820267e-05,7.819121e-05,0.3192398,-0.000136048,105.7664,95.84877,0.3192392,105.7664,83.01889,0.07288274,105.7619,63.24897,0.007487777,105.3354,43.25128,0.0007866762,94.9743,23.24587,0.0002591663,63.37963,0.0,0.0006780874,13183070.0
sf,27,3.30,181,1962087743,1560509941,529049884,1,0,1.643702,1.65,-0.00629763,0.0,201.0,9.859623e-14,4.929811e-14,1.706589e-18,3.413178e-18,1.0,6.206201e-05,6.809572e-09,7.718157e-05,7.717953e-05,2.144563,-0.000908526,89.21403,95.84079,2.144559,89.21403,83.0645,0.4926335,89.21382,63.29752,0.05060401,89.19347,43.29986,0.005073636,87.49295,23.2944,0.0006166978,63.02422,0.0,0.0007063,13238360.0
sf,27,3.30,182,647113390,1915285486,529049884,1,0,1.644677,1.65,-0.00532338,0.0,201.0,9.860558e-14,4.930279e-14,1.9542e-18,3.908401e-18,1.0,6.389911e-05,5.684782e-09,7.851444e-05,7.851009e-05,2.455721,-0.00104929,88.03805,95.84161,2.455716,88.03805,82.99498,0.55956,88.03788,63.22415,0.05745311,88.0213,43.22645,0.005757811,86.5909,23.22104,0.0006784325,63.04776,0.0,0.0007043627,13151320.0
sf,27,3.30,183,2118794463,234022481,529049884,1,0,1.646288,1.65,-0.00371188,0.0,201.0,9.891505e-14,4.945752e-14,2.019457e-18,4.038913e-18,1.0,6.818992e-05,2.74774e-09,8.090778e-05,8.090624e-05,2.537724,-0.00110077,87.77996,95.86883,2.537719,87.77995,82.89831,0.5700565,87.77981,63.12087,0.05848615,87.76545,43.1231,0.005859796,86.49745,23.11773,0.0006776634,63.10181,0.0,0.0006999775,13025650.0
sf,27,3.30,184,1811975416,1682868577,529049884,1,0,1.640178,1.65,-0.00982166,0.0,201.0,9.895188e-14,4.947594e-14,1.070949e-18,2.141898e-18,1.0,6.013611e-05,1.004133e-08,7.975497e-05,7.975908e-05,1.345794,-0.000579547,93.29251,95.87206,1.345791,93.2925,82.96041,0.3043656,93.29209,63.18609,0.03123923,93.25056,43.18835,0.003139712,90.27929,23.18291,0.0004417542,63.33861,0.0,0.0006812007,13095660.0
sf,27,3.30,185,1621099863,1881400156,529049884,1,0,1.650733,1.65,0.0007326594,0.0,201.0,1.00225e-13,5.011248e-14,4.434688e-19,8.869377e-19,1.0,6.028675e-05,7.260837e-09,8.654855e-05,8.654555e-05,-0.557279,0.0002501002,101.0617,95.9831,0.5572782,101.0617,82.73426,0.1212356,101.0614,62.94266,0.01241833,101.0359,42.94474,0.001245782,98.47742,22.93919,0.0001671431,63.73008,0.0,0.0006510861,12761560.0
sf,27,3.30,186,1206618789,142630035,529049884,1,0,1.64691,1.65,-0.00308969,0.0,201.0,9.902406e-14,4.951203e-14,3.035294e-19,6.070587e-19,1.0,6.412139e-05,1.324759e-08,8.224599e-05,8.225659e-05,-0.381426,0.0001669104,104.2502,95.87839,0.3814255,104.2502,82.83959,0.08501001,104.2492,63.05859,0.008719043,104.1524,43.06078,0.000881901,98.54303,23.05545,0.0001681206,63.53763,0.0,0.0006658411,12951870.0
sf,27,3.30,187,1936055025,764987711,529049884,1,0,1.644083,1.65,-0.00591729,0.0,201.0,9.881185e-14,4.940592e-14,2.255628e-19,4.511256e-19,1.0,6.879655e-05,5.136303e-08,7.964455e-05,7.967652e-05,-0.283451,0.0001221223,106.8102,95.85976,0.28345,106.8102,82.95238,0.06413718,106.8056,63.17829,0.006586158,106.3736,43.18055,0.0006923823,95.90865,23.17517,0.0002308478,63.50687,0.0,0.0006682254,13097430.0
sf,27,3.30,188,94765684,1813607556,529049884,1,0,1.654214,1.65,0.004214407,0.0,201.0,9.894134e-14,4.947067e-14,4.680615e-19,9.361231e-19,1.0,6.029068e-05,1.81123e-08,8.067097e-05,8.065815e-05,0.5881835,-0.000254677,100.4809,95.87114,0.5881823,100.4809,82.91329,0.1323183,100.4796,63.13651,0.01357829,100.3541,43.13875,0.001377946,94.30719,23.13338,0.0002762544,63.2543,0.0,0.0006879072,13045630.0
sf,27,3.30,189,178645377,1774114801,529049884,1,0,1.656094,1.65,0.006094194,0.0,201.0,9.979e-14,4.9895e-14,1.529043e-18,3.058086e-18,1.0,5.526436e-05,6.123628e-09,8.293437e-05,8.293123e-05,1.921452,-0.0008438,90.27275,95.94532,1.921448,90.27275,82.8728,0.4265821,90.27253,63.09006,0.04373976,90.25125,43.09223,0.004385802,88.47425,23.08665,0.0005377991,63.14497,0.0,0.0006964997,12947220.0
sf,27,3.30,190,128157593,243440723,529049884,1,0,1.647933,1.65,-0.00206687,0.0,201.0,1.004968e-13,5.024842e-14,2.478825e-18,4.95765e-18,1.0,5.395591e-05,1.431303e-09,8.895805e-05,8.895844e-05,-3.11498,0.001416988,86.13753,96.00663,3.114976,86.13753,82.64394,0.6688372,86.13759,62.84683,0.06846392,86.14352,42.84885,0.006843314,86.74375,22.84332,0.0006382315,64.23193,0.0,0.0006144247,12641190.0
sf,27,3.30,191,1979721372,660542192,529049884,1,0,1.63986,1.65,-0.01014,0.0,201.0,1.000454e-13,5.002269e-14,1.487659e-18,2.975318e-18,1.0,6.40649e-05,2.591491e-09,8.609594e-05,8.609652e-05,-1.86945,0.0008366459,90.53327,95.96752,1.869444,90.53327,82.7402,0.4077052,90.53333,62.94967,0.04176541,90.53905,42.95176,0.004174795,91.05914,22.94629,0.0003929683,64.05744,0.0,0.0006270669,12785800.0
sf,27,3.30,192,600516058,515094282,529049884,1,0,1.653369,1.65,0.00336881,0.0,201.0,9.997465e-14,4.998733e-14,2.640857e-19,5.281715e-19,1.0,6.25572e-05,2.533251e-08,8.633173e-05,8.632988e-05,0.3318599,-0.000148629,105.5423,95.96138,0.3318592,105.5423,82.72286,0.07228191,105.5392,62.93177,0.007406796,105.2395,42.93386,0.000766864,96.08518,22.9284,0.0002198673,63.53579,0.0,0.0006657888,12763250.0
sf,27,3.30,193,967270782,1366428888,529049884,1,0,1.642989,1.65,-0.00701141,0.0,201.0,9.900655e-14,4.950327e-14,8.60965e-19,1.72193e-18,1.0,6.429599e-05,6.82023e-09,8.034639e-05,8.035247e-05,-1.08192,0.0004678053,95.19297,95.87686,1.081918,95.19297,82.93466,0.2438286,95.19295,63.15872,0.02502005,95.19128,43.16096,0.002503134,94.8091,23.15559,0.0002614112,63.63492,0.0,0.0006585265,13073790.0
sf,27,3.30,194,858228376,1959356068,529049884,1,0,1.656482,1.65,0.006482315,0.0,201.0,9.925453e-14,4.962727e-14,1.882844e-18,3.765689e-18,1.0,5.921601e-05,6.681944e-09,8.097239e-05,8.097728e-05,2.366052,-0.00102674,88.41812,95.89859,2.366047,88.41812,82.92445,0.5312718,88.41794,63.14682,0.05450595,88.40058,43.14905,0.005462899,86.91019,23.14356,0.0006481392,63.00748,0.0,0.0007076183,13036700.0
sf,27,3.30,195,440905136,1709762490,529049884,1,0,1.647794,1.65,-0.00220585,0.0,201.0,9.896708e-14,4.948354e-14,1.501519e-18,3.003037e-18,1.0,5.831459e-05,2.357311e-09,8.121754e-05,8.121836e-05,-1.88686,0.0008201639,90.3586,95.8734,1.88686,90.3586,82.887,0.4230776,90.35867,63.10873,0.04340131,90.36547,43.11095,0.004337846,91.00992,23.10562,0.0004025175,63.69591,0.0,0.0006539564,13017250.0
sf,27,3.30,196,48975357,2085917895,529049884,1,0,1.648278,1.65,-0.00172185,0.0,201.0,9.855711e-14,4.927855e-14,4.492616e-19,8.985231e-19,1.0,6.456673e-05,1.596251e-08,7.876892e-05,7.875296e-05,0.5645587,-0.00024154,100.8032,95.83734,0.5645576,100.8032,82.97799,0.1284522,100.8018,63.20647,0.01318965,100.6684,43.20877,0.001339726,94.42758,23.20343,0.0002746581,63.24873,0.0,0.0006883872,13142470.0
sf,27,3.30,197,1956113696,394080173,529049884,1,0,1.652224,1.65,0.002224458,0.0,201.0,9.994868e-14,4.997434e-14,1.580356e-18,3.160712e-18,1.0,5.213352e-05,1.095458e-09,8.625952e-05,8.625909e-05,-1.98593,0.000889596,89.99984,95.95912,1.98593,89.99984,82.724,0.4327206,89.99993,62.93308,0.04432589,90.00829,42.93517,0.004429389,90.84104,22.92974,0.0004021936,63.82926,0.0,0.0006437597,12772100.0
sf,27,3.30,198,985704432,849449060,529049884,1,0,1.644333,1.65,-0.00566711,0.0,201.0,9.898603e-14,4.949302e-14,1.684216e-18,3.368433e-18,1.0,5.795563e-05,3.874575e-09,8.035261e-05,8.035325e-05,-2.11645,0.0009150441,89.36292,95.87506,2.116444,89.36292,82.93282,0.4769743,89.36298,63.15687,0.04894348,89.36852,43.15912,0.004892493,89.89006,23.15376,0.0004604525,63.76104,0.0,0.00064911,13074550.0
sf,27,3.30,199,2114229683,387397429,529049884,1,0,1.655042,1.65,0.005041899,0.0,201.0,1.002163e-13,5.010817e-14,3.595543e-19,7.191085e-19,1.0,5.653926e-05,1.989825e-08,8.557041e-05,8.558669e-05,0.4518292,-0.000201511,102.8829,95.98235,0.4518283,102.8829,82.77959,0.09881811,102.8809,62.99028,0.01012667,102.6928,42.99238,0.001035091,95.25051,22.9868,0.0002436768,63.46967,0.0,0.0006709172,12817490.0
sf,27,3.30,200,901794063,1312834593,529049884,1,0,1.656201,1.65,0.006201433,0.0,201.0,9.903472e-14,4.951736e-14,3.145834e-20,6.291668e-20,1.0,5.54628e-05,2.560691e-07,8.106264e-05,8.09936e-05,0.03953171,-1.70787e-05,123.9404,95.87933,0.03953164,123.9386,82.90436,0.008877425,123.763,63.12669,0.0009293568,116.8027,43.12892,0.0002071623,97.31524,23.12355,0.0001951713,63.29356,0.0,0.0006848383,13034360.0
sf,27,3.30,201,1443926186,1078675110,529049884,1,0,1.659466,1.65,0.009466289,0.0,201.0,9.950601e-14,4.975301e-14,1.920155e-18,3.840311e-18,1.0,6.257494e-05,2.485237e-09,8.39776e-05,8.397832e-05,2.412938,-0.00106634,88.26966,95.92057,2.412933,88.26966,82.79622,0.5325106,88.26952,63.01084,0.05458411,88.25552,43.01299,0.005468565,87.00788,23.00754,0.0006309327,63.05197,0.0,0.0007039527,12867700.0
sf,27,3.30,202,2000455155,456678388,529049884,1,0,1.646836,1.65,-0.00316374,0.0,201.0,9.967893e-14,4.983946e-14,1.126665e-18,2.25333e-18,1.0,5.878236e-05,4.988223e-09,8.3412e-05,8.341256e-05,-1.41581,0.0006236913,92.91557,95.93565,1.415806,92.91557,82.83923,0.3134604,92.91562,63.05527,0.03213531,92.92,43.05743,0.00321271,93.22531,23.05196,0.0003099792,63.75947,0.0,0.0006490711,12922360.0
sf,27,3.30,203,2140508577,1557827766,529049884,1,0,1.651396,1.65,0.001395891,0.0,201.0,9.862745e-14,4.931373e-14,7.474511e-19,1.494902e-18,1.0,6.338696e-05,6.624859e-09,7.917411e-05,7.917154e-05,0.9392748,-0.000402985,96.3877,95.84354,0.939273,96.3877,82.96235,0.2131733,96.38715,63.18966,0.02188395,96.33258,43.19194,0.002202763,92.68229,23.18662,0.0003351325,63.14562,0.0,0.0006965923,13124350.0
sf,27,3.30,204,1774189332,1463522102,529049884,1,0,1.651789,1.65,0.001789276,0.0,201.0,9.872591e-14,4.936295e-14,2.434034e-19,4.868067e-19,1.0,6.167206e-05,3.112855e-08,7.974695e-05,7.975781e-05,0.3058697,-0.000131657,106.1415,95.8522,0.3058691,106.1415,82.94062,0.0691765,106.1375,63.1663,0.007102971,105.7595,43.16857,0.0007420883,95.7838,23.16322,0.0002338682,63.28605,0.0,0.0006854333,13089160.0
sf,27,3.30,205,1016162081,1275587504,529049884,1,0,1.643209,1.65,-0.00679127,0.0,201.0,9.812553e-14,4.906277e-14,1.631002e-18,3.262004e-18,1.0,7.647877e-05,6.126584e-09,7.680206e-05,7.680751e-05,2.049577,-0.00086619,89.56595,95.79922,2.049574,89.56595,83.04281,0.4718926,89.56574,63.27693,0.04847963,89.54491,43.27928,0.004860918,87.80891,23.27399,0.0005932721,63.01754,0.0,0.000706863,13243520.0
sf,27,3.30,206,2059357280,1678818786,529049884,1,0,1.648072,1.65,-0.00192776,0.0,201.0,9.930983e-14,4.965491e-14,1.375496e-18,2.750993e-18,1.0,5.642949e-05,2.679371e-09,8.220708e-05,8.220803e-05,-1.7285,0.000755896,91.15006,95.90342,1.728496,91.15006,82.86706,0.3853453,91.15013,63.08618,0.03951871,91.15718,43.08838,0.003949663,91.81203,23.083,0.0003660567,63.71069,0.0,0.000652805,12978770.0
sf,27,3.30,207,1816035602,2008182937,529049884,1,0,1.648794,1.65,-0.00120608,0.0,201.0,9.827704e-14,4.913852e-14,8.684619e-19,1.736924e-18,1.0,6.017219e-05,7.56441e-09,7.73288e-05,7.732762e-05,-1.09134,0.0004629099,95.05343,95.81262,1.091339,95.05343,83.02845,0.2504675,95.05342,63.26103,0.02572649,95.05332,43.26337,0.002573372,94.82188,23.25809,0.0002641257,63.4228,0.0,0.0006748768,13225010.0
sf,27,3.30,208,921083354,1124046937,529049884,1,0,1.6431,1.65,-0.00690048,0.0,201.0,9.845768e-14,4.922884e-14,7.76905e-19,1.55381e-18,1.0,6.194358e-05,9.095757e-09,7.756543e-05,7.756258e-05,-0.976288,0.0004147497,96.03703,95.82857,0.9762857,96.03703,83.03192,0.2237404,96.03697,63.26382,0.0229796,96.03031,43.26615,0.00230034,95.17662,23.26081,0.0002536351,63.47419,0.0,0.00067087,13216810.0
sf,27,3.30,209,1782770413,628406367,529049884,1,0,1.649068,1.65,-0.000932298,0.0,201.0,9.902218e-14,4.951109e-14,1.382923e-18,2.765846e-18,1.0,6.611648e-05,5.778432e-09,7.993395e-05,7.993599e-05,1.737833,-0.000749244,91.07809,95.87823,1.737829,91.07809,82.95745,0.3926163,91.07784,63.18264,0.040294,91.05299,43.1849,0.004041994,89.03902,23.17946,0.0005093565,63.12849,0.0,0.0006978883,13092670.0
sf,27,3.30,210,1912613173,94663969,529049884,1,0,1.648726,1.65,-0.00127355,0.0,201.0,9.933253e-14,4.966626e-14,2.055445e-18,4.11089e-18,1.0,5.653927e-05,3.868863e-09,8.036283e-05,8.036031e-05,2.582948,-0.00111659,87.66311,95.90541,2.582943,87.66311,82.96281,0.5820831,87.66296,63.18684,0.05973021,87.64807,43.18909,0.00598482,86.34146,23.18357,0.0006951925,63.03622,0.0,0.0007052858,13083100.0
sf,27,3.30,211,1574949651,2093476599,529049884,1,0,1.646289,1.65,-0.00371141,0.0,201.0,9.983471e-14,4.991735e-14,1.581206e-18,3.162412e-18,1.0,5.904107e-05,3.918771e-09,8.393408e-05,8.393275e-05,-1.987,0.0008780076,89.98526,95.94921,1.986998,89.98526,82.82711,0.438624,89.98532,63.04184,0.04495999,89.99097,43.04399,0.004494185,90.51329,23.03853,0.0004229234,63.88683,0.0,0.0006396372,12906340.0
sf,27,3.30,212,1309127684,18569291,529049884,1,0,1.654705,1.65,0.004704719,0.0,201.0,9.959399e-14,4.9797e-14,1.462094e-18,2.924188e-18,1.0,6.151328e-05,5.391541e-09,8.347836e-05,8.347874e-05,1.837321,-0.000809512,90.64456,95.92824,1.837318,90.64455,82.82855,0.4066302,90.64433,63.04442,0.04168736,90.62206,43.04658,0.004180476,88.77559,23.04109,0.0005167439,63.19433,0.0,0.0006925373,12905450.0
sf,27,3.30,213,397360721,1240489785,529049884,1,0,1.64919,1.65,-0.000809688,0.0,201.0,9.851139e-14,4.925569e-14,2.812273e-19,5.624546e-19,1.0,6.094909e-05,2.901866e-08,7.917773e-05,7.919765e-05,-0.353401,0.0001517603,104.868,95.83331,0.3534,104.868,82.95077,0.0801937,104.8662,63.178,0.008233571,104.697,43.18028,0.0008397807,97.45291,23.17497,0.0001932426,63.37952,0.0,0.0006781455,13110460.0
sf,27,3.30,214,1755298727,1985082336,529049884,1,0,1.643346,1.65,-0.00665368,0.0,201.0,9.742838e-14,4.871419e-14,8.766528e-19,1.753306e-18,1.0,7.020365e-05,9.188824e-09,7.336949e-05,7.336489e-05,1.101634,-0.000454979,94.89656,95.73729,1.101632,94.89655,83.16925,0.2591999,94.89606,63.41404,0.0266624,94.84659,43.4165,0.002682227,91.46691,23.41126,0.0003955648,62.97983,0.0,0.0007100091,13430720.0
sf,27,3.30,215,1812305676,227909363,529049884,1,0,1.651871,1.65,0.00187057,0.0,201.0,9.874023e-14,4.937012e-14,1.052792e-18,2.105583e-18,1.0,5.755194e-05,5.433648e-09,8.03525e-05,8.035622e-05,-1.32298,0.0005720232,93.42244,95.85346,1.322974,93.42244,82.91107,0.298148,93.42248,63.13512,0.03059367,93.42734,43.13736,0.003058449,93.76228,23.13209,0.0002940967,63.51899,0.0,0.0006674012,13061000.0
sf,27,3.30,216,1920033290,990643116,529049884,1,0,1.651327,1.65,0.001326674,0.0,201.0,9.890847e-14,4.945424e-14,1.061523e-18,2.123046e-18,1.0,6.683378e-05,8.450527e-09,8.006491e-05,8.006467e-05,1.333949,-0.000575555,93.36548,95.86825,1.333947,93.36548,82.94084,0.3011399,93.3651,63.16568,0.03090502,93.32758,43.16794,0.003104688,90.55477,23.16255,0.0004269618,63.17521,0.0,0.0006941603,13079960.0
sf,27,3.30,217,1691803268,1115724618,529049884,1,0,1.652236,1.65,0.002236114,0.0,201.0,9.887552e-14,4.943776e-14,3.045696e-18,6.091393e-18,1.0,5.830797e-05,4.308774e-09,8.005924e-05,8.005779e-05,3.827335,-0.00165145,84.20744,95.86536,3.827328,84.20744,82.9383,0.8640583,84.20735,63.16316,0.08867283,84.19803,43.16541,0.008879105,83.34118,23.15997,0.000979353,62.81575,0.0,0.0007233486,13066200.0
sf,27,3.30,218,489719876,842236363,529049884,1,0,1.647891,1.65,-0.00210851,0.0,201.0,9.894916e-14,4.947458e-14,5.309455e-19,1.061891e-18,1.0,5.860034e-05,9.257207e-09,8.007826e-05,8.008358e-05,-0.667206,0.000288032,99.38664,95.87182,0.6672045,99.38664,82.94344,0.1506052,99.38645,63.16823,0.01545571,99.36756,43.17048,0.001549337,97.38959,23.16511,0.0001944358,63.46471,0.0,0.0006715491,13086510.0
sf,27,3.30,219,1805003826,1484029884,529049884,1,0,1.655,1.65,0.005000106,0.0,201.0,9.914505e-14,4.957253e-14,9.459611e-19,1.891922e-18,1.0,6.206013e-05,6.4326e-09,8.233833e-05,8.23359e-05,1.18873,-0.000520125,94.38736,95.889,1.188727,94.38735,82.84622,0.2648155,94.38696,63.06501,0.0271583,94.34813,43.0672,0.002728687,91.48232,23.06183,0.0003792936,63.23193,0.0,0.000689611,12952780.0
sf,27,3.30,220,1347572938,814916241,529049884,1,0,1.64904,1.65,-0.000959678,0.0,201.0,9.955855e-14,4.977927e-14,1.11562e-19,2.23124e-19,1.0,6.230688e-05,3.863632e-08,8.247965e-05,8.249661e-05,-0.140193,6.148712e-05,112.9906,95.92515,0.1401927,112.9905,82.87432,0.03120251,112.9793,63.0927,0.003203836,111.9798,43.09488,0.0003595443,98.15152,23.08937,0.0001765602,63.51741,0.0,0.0006673781,12963320.0
sf,27,3.30,221,1006549272,125161635,529049884,1,0,1.645746,1.65,-0.00425373,0.0,201.0,9.949744e-14,4.974872e-14,1.491514e-18,2.983028e-18,1.0,6.006909e-05,4.342937e-09,8.319861e-05,8.319875e-05,-1.87429,0.0008245808,90.46309,95.91982,1.874288,90.46309,82.834,0.4154754,90.46314,63.05058,0.04259628,90.46836,43.05274,0.004258132,90.93297,23.04736,0.0004033846,63.83807,0.0,0.0006432546,12931260.0
sf,27,3.30,222,1232457647,433151424,529049884,1,0,1.644082,1.65,-0.0059184,0.0,201.0,9.918969e-14,4.959485e-14,4.553367e-19,9.106735e-19,1.0,6.807645e-05,8.440693e-09,8.03863e-05,8.038796e-05,0.572193,-0.000247342,100.7421,95.89291,0.5721919,100.7421,82.94889,0.1289263,100.7409,63.17285,0.01323121,100.6217,43.17509,0.001341748,94.72415,23.16964,0.000264408,63.38448,0.0,0.0006776926,13077010.0
sf,27,3.30,223,138872997,312580323,529049884,1,0,1.656016,1.65,0.006015925,0.0,201.0,9.840832e-14,4.920416e-14,1.653156e-18,3.306312e-18,1.0,6.150568e-05,6.406296e-09,7.750285e-05,7.750632e-05,2.077417,-0.000881947,89.47376,95.82422,2.077413,89.47376,83.03055,0.476255,89.47356,63.26261,0.04891618,89.45373,43.26494,0.004904111,87.78369,23.25956,0.0005940102,62.88229,0.0,0.0007179625,13208320.0
sf,27,3.30,224,985823263,1577756701,529049884,1,0,1.647358,1.65,-0.00264178,0.0,201.0,9.818174e-14,4.909087e-14,1.515934e-18,3.031867e-18,1.0,7.090971e-05,7.513265e-09,7.601492e-05,7.601365e-05,1.904978,-0.000800899,90.20641,95.8042,1.904975,90.20641,83.0905,0.4407627,90.20617,63.327,0.04529408,90.18228,43.32937,0.004543125,88.24081,23.32402,0.0005677544,62.95292,0.0,0.0007121476,13296740.0
sf,27,3.30,225,1583285741,1967952689,529049884,1,0,1.650404,1.65,0.0004041192,0.0,201.0,9.894151e-14,4.947076e-14,1.664347e-18,3.328693e-18,1.0,5.526551e-05,2.109616e-09,8.114568e-05,8.11456e-05,-2.09148,0.0009086846,89.4621,95.87115,2.091475,89.4621,82.88845,0.4691566,89.46217,63.11037,0.04812937,89.46952,43.1126,0.004810099,90.19442,23.10729,0.0004422252,63.65666,0.0,0.0006569449,13023310.0
sf,27,3.30,226,440855502,2075609477,529049884,1,0,1.644511,1.65,-0.00548891,0.0,201.0,9.989527e-14,4.994764e-14,5.441985e-19,1.088397e-18,1.0,5.516595e-05,1.293746e-08,8.377636e-05,8.378526e-05,0.6838601,-0.000301801,99.25515,95.95448,0.6838587,99.25514,82.83964,0.1510863,99.25408,63.05475,0.01548935,99.14938,43.0569,0.001568107,93.69723,23.05136,0.0002935663,63.55012,0.0,0.0006647797,12908690.0
sf,27,3.30,227,1737096623,1037914569,529049884,1,0,1.652147,1.65,0.002147057,0.0,201.0,9.84338e-14,4.92169e-14,1.366698e-18,2.733395e-18,1.0,6.343919e-05,5.812595e-09,7.73648e-05,7.736448e-05,1.717443,-0.000728444,91.12884,95.82647,1.71744,91.12883,83.04034,0.3940716,91.12858,63.27281,0.04047729,91.1035,43.27514,0.004060525,89.07434,23.26976,0.0005125909,62.9779,0.0,0.000710129,13220430.0
sf,27,3.30,228,621226300,752835133,529049884,1,0,1.653506,1.65,0.003506402,0.0,201.0,9.974495e-14,4.987247e-14,6.308882e-19,1.261776e-18,1.0,5.550837e-05,1.13792e-08,8.41376e-05,8.413745e-05,-0.792797,0.0003507921,97.95817,95.9414,0.7927959,97.95817,82.80923,0.1748047,97.95806,63.02346,0.01791719,97.94682,43.0256,0.001794481,96.59732,23.02011,0.0002094785,63.6125,0.0,0.0006600771,12878110.0
sf,27,3.30,229,130806648,199173706,529049884,1,0,1.645513,1.65,-0.00448698,0.0,201.0,9.907642e-14,4.953821e-14,1.673719e-18,3.347438e-18,1.0,5.848848e-05,7.591609e-09,8.016217e-05,8.015809e-05,2.103257,-0.000908053,89.42516,95.88299,2.103253,89.42515,82.95077,0.4745489,89.42493,63.17536,0.04869912,89.40298,43.17761,0.004883504,87.5935,23.17215,0.0006010805,63.15546,0.0,0.0006956708,13080050.0
sf,27,3.30,230,1972989519,2136468737,529049884,1,0,1.649052,1.65,-0.000948157,0.0,201.0,1.000175e-13,5.000876e-14,8.001848e-19,1.60037e-18,1.0,5.509144e-05,9.867364e-09,8.61929e-05,8.619261e-05,1.005542,-0.00045014,95.91712,95.9651,1.00554,95.91711,82.73317,0.2191809,95.91655,62.9424,0.02245394,95.86129,42.94449,0.002260268,92.19469,22.93897,0.0003445198,63.51312,0.0,0.0006675069,12766740.0
sf,27,3.30,231,1350924336,1577435941,529049884,1,0,1.643425,1.65,-0.00657464,0.0,201.0,1.000886e-13,5.00443e-14,8.119317e-19,1.623863e-18,1.0,5.922688e-05,8.279642e-09,8.644997e-05,8.645699e-05,-1.0203,0.0004576212,95.7967,95.97127,1.020301,95.7967,82.72667,0.2220743,95.79664,62.93528,0.02274742,95.79048,42.93736,0.002276902,94.98337,22.93188,0.000249704,63.90476,0.0,0.0006381265,12763420.0
sf,27,3.30,232,1327327664,489122101,529049884,1,0,1.652139,1.65,0.002139253,0.0,201.0,9.927229e-14,4.963615e-14,3.654241e-19,7.308482e-19,1.0,5.754653e-05,2.03252e-08,8.21771e-05,8.216155e-05,-0.459205,0.0002008193,102.66,95.90014,0.4592045,102.66,82.86611,0.1024012,102.6593,63.08535,0.01050274,102.5891,43.08755,0.001059068,97.9513,23.08216,0.0001805273,63.46738,0.0,0.0006712617,12975700.0
sf,27,3.30,233,1109513779,1399106862,529049884,1,0,1.649272,1.65,-0.000727524,0.0,201.0,9.923136e-14,4.961568e-14,6.823026e-19,1.364605e-18,1.0,6.81502e-05,8.232604e-09,8.233948e-05,8.233825e-05,0.8574067,-0.000375137,97.23284,95.89656,0.857405,97.23283,82.85366,0.1910036,97.23217,63.07245,0.01958907,97.16653,43.07464,0.001974265,93.04457,23.06923,0.0003171266,63.36836,0.0,0.0006788737,12955240.0
sf,27,3.30,234,1171865187,894879209,529049884,1,0,1.646923,1.65,-0.00307728,0.0,201.0,9.826523e-14,4.913262e-14,1.509911e-18,3.019823e-18,1.0,6.98833e-05,5.288584e-09,7.572925e-05,7.572941e-05,1.897411,-0.00079623,90.24837,95.81158,1.897407,90.24837,83.11329,0.4397906,90.24814,63.35064,0.0451986,90.22573,43.35303,0.004532782,88.37862,23.34763,0.0005603386,62.97062,0.0,0.0007107105,13318180.0
sf,27,3.30,235,720592994,1183803488,529049884,1,0,1.644963,1.65,-0.00503678,0.0,201.0,9.893039e-14,4.946519e-14,4.020851e-19,8.041701e-19,1.0,6.521968e-05,1.608105e-08,8.09768e-05,8.09636e-05,-0.505275,0.0002193476,101.7996,95.87017,0.505274,101.7996,82.89674,0.1134633,101.7989,63.11914,0.01164154,101.7303,43.12137,0.001173689,97.24651,23.11602,0.0001965512,63.55172,0.0,0.0006648003,13027370.0
sf,27,3.30,236,353280217,490291487,529049884,1,0,1.651314,1.65,0.001313549,0.0,201.0,9.985883e-14,4.992942e-14,1.65827e-18,3.316539e-18,1.0,5.277093e-05,3.169731e-09,8.501316e-05,8.501495e-05,-2.08384,0.0009267056,89.57403,95.95131,2.083839,89.57403,82.77626,0.4572059,89.5741,62.98833,0.04685023,89.58088,42.99045,0.004682508,90.23741,22.98499,0.0004338897,63.85117,0.0,0.0006422118,12838030.0
sf,27,3.30,237,159404425,1360838391,529049884,1,0,1.653496,1.65,0.003496245,0.0,201.0,9.968098e-14,4.984049e-14,1.321028e-18,2.642056e-18,1.0,5.903595e-05,5.92884e-09,8.406132e-05,8.40631e-05,1.660053,-0.000733956,91.5334,95.93583,1.660049,91.5334,82.80731,0.3661808,91.53314,63.02172,0.03753435,91.50745,43.02386,0.003765482,89.43299,23.01836,0.000477825,63.28024,0.0,0.0006857071,12873020.0
sf,27,3.30,238,977957322,1508804383,529049884,1,0,1.647195,1.65,-0.00280464,0.0,201.0,9.89178e-14,4.94589e-14,1.046989e-18,2.093977e-18,1.0,5.900127e-05,5.792359e-09,7.948188e-05,7.948215e-05,-1.31568,0.0005657738,93.48605,95.86907,1.315682,93.48605,82.97175,0.2980473,93.48608,63.1982,0.03059187,93.48876,43.20047,0.003059043,93.59887,23.19507,0.000301863,63.58077,0.0,0.0006626851,13120230.0
sf,27,3.30,239,2433529,804927279,529049884,1,0,1.650228,1.65,0.0002276403,0.0,201.0,1.00021e-13,5.001051e-14,1.141015e-18,2.282031e-18,1.0,5.319924e-05,6.395496e-09,8.505282e-05,8.505267e-05,1.433842,-0.000637651,92.8354,95.9654,1.433839,92.83539,82.78853,0.3145261,92.83507,63.0005,0.03223083,92.80314,43.00262,0.003235743,90.34135,22.99706,0.0004293242,63.40581,0.0,0.0006758444,12834590.0
sf,27,3.30,240,1596968663,2081584599,529049884,1,0,1.652545,1.65,0.002544797,0.0,201.0,9.868716e-14,4.934358e-14,1.015595e-18,2.03119e-18,1.0,6.364541e-05,7.819239e-09,7.875473e-05,7.87548e-05,1.276234,-0.000546131,93.7302,95.84879,1.276232,93.7302,82.98935,0.2903738,93.72982,63.21783,0.02981262,93.69222,43.22012,0.002994986,90.90766,23.21478,0.0004124353,63.08085,0.0,0.0007017823,13156730.0
sf,27,3.30,241,27394922,768925444,529049884,1,0,1.651056,1.65,0.001056306,0.0,201.0,9.934351e-14,4.967176e-14,7.189062e-19,1.437812e-18,1.0,5.486895e-05,3.784137e-09,8.219935e-05,8.219905e-05,-0.903404,0.0003950808,96.78875,95.90637,0.9034024,96.78875,82.87046,0.2014121,96.78877,63.0896,0.02065578,96.79113,43.0918,0.002065538,96.67263,23.08639,0.0002092608,63.53147,0.0,0.0006663667,12978370.0
sf,27,3.30,242,1963720197,118215479,529049884,1,0,1.656868,1.65,0.006867897,0.0,201.0,9.872447e-14,4.936223e-14,4.120675e-18,8.241351e-18,1.0,6.108287e-05,2.193801e-09,7.928009e-05,7.928074e-05,5.178193,-0.00222351,81.56853,95.85208,5.178183,81.56853,82.96521,1.17445,81.56847,63.19222,0.1205556,81.56257,43.19449,0.01206692,81.0015,23.18905,0.001286403,62.52495,0.0,0.0007479525,13103480.0
sf,27,3.30,243,851114571,592284978,529049884,1,0,1.647864,1.65,-0.00213555,0.0,201.0,9.915735e-14,4.957867e-14,1.205949e-18,2.411897e-18,1.0,5.673052e-05,3.762381e-09,8.173855e-05,8.173669e-05,-1.51544,0.0006608316,92.27932,95.89008,1.515437,92.27932,82.87744,0.3387708,92.27938,63.0978,0.03474727,92.28541,43.1,0.0034732,92.79077,23.09464,0.0003274867,63.64093,0.0,0.0006580646,12996580.0
sf,27,3.30,244,1927535739,562996745,529049884,1,0,1.643926,1.65,-0.00607434,0.0,201.0,9.947546e-14,4.973773e-14,1.073845e-18,2.14769e-18,1.0,6.405583e-05,6.299885e-09,8.291379e-05,8.291494e-05,-1.34943,0.0005926851,93.31489,95.9179,1.349431,93.31489,82.84619,0.299616,93.31491,63.06349,0.03072057,93.31674,43.06567,0.003072177,93.34655,23.06023,0.0003059734,63.77701,0.0,0.0006477632,12938230.0
sf,27,3.30,245,137122507,1675100708,529049884,1,0,1.649204,1.65,-0.000796456,0.0,201.0,9.836452e-14,4.918226e-14,5.374092e-19,1.074818e-18,1.0,6.051752e-05,1.577781e-08,7.560506e-05,7.560801e-05,0.6753283,-0.000283112,99.23007,95.82035,0.675327,99.23006,83.12865,0.1566497,99.22897,63.36638,0.01610166,99.12112,43.36877,0.001630731,93.58635,23.36337,0.000308213,63.10055,0.0,0.0007002415,13338550.0
sf,27,3.30,246,1894027227,1191817576,529049884,1,0,1.655294,1.65,0.005293941,0.0,201.0,9.935219e-14,4.967609e-14,1.146005e-18,2.292011e-18,1.0,6.42377e-05,6.330339e-09,8.36949e-05,8.3699e-05,1.440113,-0.000635328,92.73922,95.90713,1.44011,92.73921,82.79655,0.3183221,92.73891,63.01187,0.0326323,92.70897,43.01402,0.003275312,90.35928,23.00863,0.0004290103,63.22939,0.0,0.0006897545,12880050.0
sf,27,3.30,247,1690258657,388372643,529049884,1,0,1.6481,1.65,-0.00190032,0.0,201.0,9.922842e-14,4.961421e-14,8.239429e-19,1.647886e-18,1.0,5.99268e-05,9.766424e-09,8.029721e-05,8.029519e-05,-1.0354,0.0004475386,95.59418,95.8963,1.035395,95.59418,82.95704,0.2334228,95.59412,63.18125,0.02395283,95.58784,43.1835,0.002397635,94.78573,23.17804,0.0002627939,63.58318,0.0,0.0006624509,13087120.0
sf,27,3.30,248,645000510,1189550462,529049884,1,0,1.646482,1.65,-0.00351788,0.0,201.0,9.908916e-14,4.954458e-14,6.690089e-19,1.338018e-18,1.0,6.499005e-05,9.167849e-09,8.018406e-05,8.018639e-05,0.8407014,-0.000362982,97.39129,95.8841,0.8406997,97.39128,82.95044,0.1896522,97.39055,63.17494,0.01946345,97.31798,43.17719,0.001963181,92.93944,23.17172,0.0003247984,63.31425,0.0,0.0006831647,13076500.0
sf,27,3.30,249,1077373374,1237413517,529049884,1,0,1.645106,1.65,-0.00489352,0.0,201.0,9.820005e-14,4.910002e-14,3.170549e-19,6.341098e-19,1.0,6.97695e-05,2.44861e-08,7.741904e-05,7.741291e-05,0.398423,-0.000168976,103.7989,95.80581,0.3984222,103.7989,83.01711,0.0913923,103.7963,63.24944,0.009389822,103.5416,43.25178,0.0009671834,95.0623,23.24653,0.0002565732,63.24786,0.0,0.0006884813,13215960.0
sf,27,3.30,250,1652535169,240466680,529049884,1,0,1.651775,1.65,0.001774582,0.0,201.0,9.903461e-14,4.95173e-14,1.317327e-18,2.634654e-18,1.0,6.550543e-05,6.425211e-09,8.015076e-05,8.014815e-05,1.655402,-0.000714649,91.50127,95.87932,1.655399,91.50127,82.94762,0.3735233,91.501,63.17223,0.03833198,91.47476,43.17448,0.003845792,89.36823,23.16904,0.0004898248,63.10029,0.0,0.0007001619,13079400.0
sf,27,3.30,251,1734233218,909127873,529049884,1,0,1.638558,1.65,-0.0114424,0.0,201.0,9.903495e-14,4.951748e-14,7.035966e-19,1.407193e-18,1.0,5.786785e-05,1.638207e-08,7.960227e-05,7.96138e-05,0.8841655,-0.000380369,96.9487,95.87935,0.8841638,96.94869,82.97522,0.2001366,96.94783,63.20129,0.02054345,96.86272,43.20356,0.002075114,92.0762,23.19807,0.0003598268,63.40989,0.0,0.0006756525,13107530.0
sf,27,3.30,252,754588387,1633407497,529049884,1,0,1.648356,1.65,-0.00164437,0.0,201.0,9.871082e-14,4.935541e-14,9.364387e-19,1.872877e-18,1.0,6.566983e-05,9.2259e-09,7.815617e-05,7.815767e-05,1.176764,-0.000501642,94.43711,95.85088,1.176761,94.4371,83.02277,0.2687096,94.43666,63.25294,0.02759398,94.3923,43.25525,0.002774263,91.25748,23.24985,0.0003977572,63.13437,0.0,0.0006974732,13189650.0
sf,27,3.30,253,2128891007,1676005508,529049884,1,0,1.642914,1.65,-0.00708592,0.0,201.0,9.807369e-14,4.903685e-14,1.975291e-19,3.950582e-19,1.0,7.184875e-05,3.385685e-08,7.714642e-05,7.714733e-05,-0.248222,0.0001052337,107.8978,95.79463,0.2482219,107.8978,83.02006,0.05703139,107.8935,63.25318,0.005861175,107.483,43.25552,0.0006146475,97.11574,23.25031,0.0002026415,63.3995,0.0,0.0006766099,13227730.0
sf,27,3.30,254,1268065271,806481456,529049884,1,0,1.650349,1.65,0.0003493974,0.0,201.0,9.785315e-14,4.892658e-14,1.803072e-19,3.606144e-19,1.0,6.172262e-05,3.190257e-08,7.508617e-05,7.509582e-05,-0.226581,9.477205e-05,108.6706,95.77508,0.2265803,108.6706,83.1113,0.05272729,108.6666,63.35061,0.005422485,108.2878,43.35302,0.0005665776,98.10358,23.34776,0.000182898,63.1566,0.0,0.0006958312,13345640.0
sf,27,3.30,255,2103883801,1296089970,529049884,1,0,1.652906,1.65,0.002906244,0.0,201.0,9.957793e-14,4.978896e-14,1.179069e-18,2.358138e-18,1.0,5.864041e-05,6.948369e-09,8.341751e-05,8.341257e-05,1.481662,-0.000652533,92.51188,95.92684,1.481659,92.51187,82.83042,0.3280404,92.51156,63.04646,0.03363139,92.48056,43.04862,0.003376006,90.07641,23.04311,0.0004449746,63.28662,0.0,0.0006852258,12904230.0
sf,27,3.30,256,1862139562,1374471493,529049884,1,0,1.653959,1.65,0.003959093,0.0,201.0,9.94048e-14,4.97024e-14,8.166686e-19,1.633337e-18,1.0,5.273381e-05,7.73197e-09,8.274557e-05,8.275279e-05,-1.02626,0.000450313,95.68663,95.91173,1.026254,95.68663,82.8481,0.2280727,95.68664,63.06582,0.02338615,95.68785,43.068,0.002338876,95.53379,23.06258,0.0002379246,63.54998,0.0,0.0006649213,12945810.0
sf,27,3.30,257,1782511479,1875640300,529049884,1,0,1.645825,1.65,-0.00417499,0.0,201.0,9.883895e-14,4.941948e-14,7.453984e-20,1.490797e-19,1.0,6.963223e-05,1.574486e-07,8.015341e-05,8.020891e-05,0.09366952,-4.03613e-05,116.4302,95.86214,0.09366934,116.4297,82.92732,0.02112908,116.3815,63.15176,0.002180273,113.1521,43.15401,0.0003162963,95.61973,23.14864,0.0002379281,63.42983,0.0,0.0006741529,13065970.0
sf,27,3.30,258,374670099,654921981,529049884,1,0,1.650668,1.65,0.0006678437,0.0,201.0,9.947239e-14,4.97362e-14,1.232659e-18,2.465319e-18,1.0,5.703761e-05,7.395215e-09,8.172693e-05,8.172851e-05,1.549006,-0.000675265,92.11659,95.91763,1.549002,92.11659,82.90541,0.3462908,92.11627,63.12578,0.03552023,92.08453,43.12799,0.00356593,89.64699,23.12246,0.0004718173,63.21254,0.0,0.0006911304,13003600.0
sf,27,3.30,259,2004150510,927262969,529049884,1,0,1.651665,1.65,0.001664827,0.0,201.0,9.896893e-14,4.948446e-14,3.465157e-19,6.930313e-19,1.0,6.047611e-05,2.560394e-08,8.00938e-05,8.009558e-05,0.4354444,-0.00018786,103.0949,95.87356,0.4354436,103.0949,82.94456,0.09828407,103.0927,63.16931,0.01008862,102.8764,43.17157,0.001034567,94.97484,23.16617,0.0002567831,63.28106,0.0,0.0006858109,13084100.0
sf,27,3.30,260,1696247298,889666430,529049884,1,0,1.648721,1.65,-0.00127915,0.0,201.0,9.86758e-14,4.93379e-14,9.198688e-19,1.839738e-18,1.0,6.075628e-05,1.005496e-08,7.955691e-05,7.955581e-05,-1.15594,0.0004973272,94.5891,95.84779,1.155939,94.5891,82.94666,0.261745,94.58907,63.1729,0.0268653,94.58621,43.17517,0.002688115,94.12188,23.16989,0.0002834005,63.51338,0.0,0.0006678224,13109230.0
sf,27,3.30,261,1733578468,382576923,529049884,1,0,1.650279,1.65,0.0002787523,0.0,201.0,9.928396e-14,4.964198e-14,1.220368e-18,2.440737e-18,1.0,6.526226e-05,4.408818e-09,8.104879e-05,8.105319e-05,1.53356,-0.000665779,92.18716,95.90116,1.533557,92.18716,82.92316,0.3441915,92.18689,63.14533,0.03531197,92.15999,43.14755,0.003543056,90.00246,23.14208,0.0004539214,63.17102,0.0,0.0006944846,13037100.0
sf,27,3.30,262,1485329782,1822580085,529049884,1,0,1.652975,1.65,0.002975186,0.0,201.0,9.910026e-14,4.955013e-14,3.020376e-18,6.040752e-18,1.0,5.535784e-05,3.886313e-09,8.048764e-05,8.048701e-05,3.795516,-0.00164211,84.29968,95.88508,3.795509,84.29968,82.93598,0.8547033,84.29958,63.15967,0.08770097,84.29039,43.16191,0.008781648,83.44371,23.15642,0.0009674655,62.86995,0.0,0.0007188499,13052660.0
sf,27,3.30,263,1521889913,2016762693,529049884,1,0,1.64575,1.65,-0.00425015,0.0,201.0,9.908451e-14,4.954225e-14,8.803619e-19,1.760724e-18,1.0,6.613064e-05,8.785818e-09,8.014808e-05,8.014787e-05,1.106295,-0.000477562,95.00629,95.8837,1.106293,95.00628,82.95201,0.2496239,95.00578,63.17662,0.02561781,94.95548,43.17887,0.002577326,91.53301,23.17344,0.0003819629,63.27801,0.0,0.0006860022,13086110.0
sf,27,3.30,264,7482613,1998963541,529049884,1,0,1.654035,1.65,0.00403549,0.0,201.0,9.905118e-14,4.952559e-14,1.37629e-18,2.75258e-18,1.0,6.435363e-05,5.753179e-09,7.995232e-05,7.995157e-05,1.729497,-0.000745726,91.12239,95.88077,1.729493,91.12239,82.95919,0.390697,91.12215,63.18434,0.04009678,91.09807,43.1866,0.004021857,89.13046,23.18115,0.0005041206,63.08366,0.0,0.0007015086,13093790.0
sf,27,3.30,265,43579430,1949287777,529049884,1,0,1.649916,1.65,-8.37373e-05,0.0,201.0,9.8998e-14,4.9499e-14,2.991395e-19,5.98279e-19,1.0,5.931321e-05,1.745143e-08,8.031097e-05,8.032249e-05,-0.37591,0.0001625535,104.3745,95.87611,0.3759091,104.3744,82.93545,0.08473258,104.3734,63.15959,0.008695792,104.2704,43.16183,0.0008801777,98.48829,23.15646,0.0001711626,63.40572,0.0,0.0006761041,13076040.0
sf,27,3.30,266,1726865364,2122315798,529049884,1,0,1.641965,1.65,-0.00803535,0.0,201.0,9.88475e-14,4.942375e-14,3.461477e-19,6.922955e-19,1.0,6.988604e-05,3.121954e-08,7.925689e-05,7.926955e-05,-0.434982,0.0001868711,103.0935,95.86289,0.4349812,103.0935,82.97661,0.09866367,103.0919,63.20365,0.01012944,102.9417,43.20593,0.001030883,96.21986,23.20056,0.0002233752,63.52163,0.0,0.0006671233,13133230.0
sf,27,3.30,267,1908845852,1155020123,529049884,1,0,1.655757,1.65,0.005756621,0.0,201.0,9.950556e-14,4.975278e-14,9.838139e-19,1.967628e-18,1.0,5.073482e-05,4.116188e-09,8.404982e-05,8.405002e-05,-1.2363,0.0005466886,94.07809,95.92053,1.236294,94.07809,82.79266,0.2727272,94.07816,63.0071,0.02795418,94.08568,43.00924,0.002793691,94.67791,23.00384,0.0002607933,63.59827,0.0,0.0006611905,12871490.0
sf,27,3.30,268,1794206594,1758125365,529049884,1,0,1.647953,1.65,-0.00204725,0.0,201.0,9.979864e-14,4.989932e-14,1.791316e-18,3.582632e-18,1.0,5.272294e-05,2.799382e-09,8.359033e-05,8.358954e-05,-2.25103,0.0009926253,88.89845,95.94607,2.251029,88.89845,82.8409,0.4978774,88.89851,63.05649,0.05103861,88.90495,43.05865,0.005101345,89.5342,23.05314,0.000474184,63.85805,0.0,0.0006417917,12917760.0
sf,27,3.30,269,804510822,872043802,529049884,1,0,1.651378,1.65,0.001378463,0.0,201.0,9.7871e-14,4.89355e-14,2.766762e-18,5.533525e-18,1.0,6.816784e-05,3.297771e-09,7.367164e-05,7.367287e-05,3.476816,-0.00143914,84.95304,95.77666,3.47681,84.95304,83.19143,0.8164309,84.95295,63.43523,0.08396804,84.94344,43.43768,0.008408372,84.06889,23.43231,0.0009293318,62.564,0.0,0.0007446913,13433160.0
sf,27,3.30,270,687375991,1588708234,529049884,1,0,1.645578,1.65,-0.00442172,0.0,201.0,9.926985e-14,4.963492e-14,8.813636e-19,1.762727e-18,1.0,6.094441e-05,1.035781e-08,8.14566e-05,8.146289e-05,-1.10755,0.0004821905,95.01265,95.89993,1.107552,95.01264,82.90113,0.2479844,95.0126,63.12221,0.02543786,95.00801,43.12442,0.002545777,94.37428,23.11898,0.000273675,63.64436,0.0,0.0006577653,13014220.0
sf,27,3.30,271,1055769139,2081948226,529049884,1,0,1.652405,1.65,0.002404961,0.0,201.0,9.962573e-14,4.981287e-14,6.060934e-19,1.212187e-18,1.0,6.364551e-05,1.179127e-08,8.408931e-05,8.408994e-05,0.7616394,-0.000336752,98.29604,95.93101,0.7616379,98.29603,82.80118,0.1679799,98.2952,63.01552,0.01721931,98.21324,43.01766,0.001738686,93.4749,23.01219,0.0002998228,63.41662,0.0,0.0006750573,12870220.0
sf,27,3.30,272,1168796796,632389044,529049884,1,0,1.65525,1.65,0.005249575,0.0,201.0,9.88102e-14,4.94051e-14,8.531423e-20,1.706285e-19,1.0,5.406372e-05,7.289802e-08,7.872727e-05,7.873495e-05,0.107209,-4.58027e-05,115.255,95.85962,0.1072088,115.2548,83.00121,0.02439619,115.231,63.22974,0.002511526,113.3373,43.23204,0.0003124174,97.32791,23.22662,0.000197213,63.2024,0.0,0.000692116,13158310.0
sf,27,3.30,273,982258109,2022599920,529049884,1,0,1.652466,1.65,0.002466285,0.0,201.0,9.884818e-14,4.942409e-14,1.888563e-18,3.777127e-18,1.0,6.593345e-05,2.901913e-09,8.005778e-05,8.005609e-05,2.373239,-0.001024,88.35614,95.86295,2.373234,88.35614,82.93599,0.5357873,88.35599,63.16085,0.05498485,88.34094,43.16311,0.005509447,87.01676,23.1577,0.0006412791,62.98083,0.0,0.00070983,13070340.0
sf,27,3.30,274,600419990,687713604,529049884,1,0,1.640995,1.65,-0.00900496,0.0,201.0,9.764208e-14,4.882104e-14,2.209197e-18,4.418393e-18,1.0,7.823884e-05,4.057242e-09,7.433631e-05,7.433969e-05,2.776158,-0.00115428,86.88745,95.75632,2.776153,86.88745,83.13411,0.6491317,86.88731,63.37578,0.06674569,86.8735,43.37821,0.006687061,85.65394,23.37294,0.0007690415,62.81959,0.0,0.0007231144,13375560.0
sf,27,3.30,275,1114539124,902275187,529049884,1,0,1.653221,1.65,0.003220768,0.0,201.0,9.946074e-14,4.973037e-14,2.237156e-18,4.474312e-18,1.0,5.535398e-05,5.769465e-09,8.274471e-05,8.274418e-05,2.811293,-0.00123321,86.93851,95.91661,2.811287,86.93851,82.85341,0.6248062,86.93837,63.07115,0.06406772,86.92455,43.07333,0.006418579,85.70235,23.06784,0.0007383703,63.04287,0.0,0.0007046821,12937620.0
sf,27,3.30,276,1303930365,1719572921,529049884,1,0,1.652721,1.65,0.002720602,0.0,201.0,9.888716e-14,4.944358e-14,1.263887e-18,2.527774e-18,1.0,6.336363e-05,4.449518e-09,7.936959e-05,7.936883e-05,1.588247,-0.00068232,91.84803,95.86638,1.588244,91.84803,82.97494,0.3600357,91.84777,63.2017,0.03695696,91.82212,43.20397,0.003707598,89.746,23.19853,0.0004705725,63.0775,0.0,0.0007020298,13116750.0
sf,27,3.30,277,41109178,624757524,529049884,1,0,1.644967,1.65,-0.00503309,0.0,201.0,9.852405e-14,4.926203e-14,5.180237e-20,1.036047e-19,1.0,6.289834e-05,6.649167e-08,7.793074e-05,7.790809e-05,0.06509677,-2.76366e-05,119.5633,95.83443,0.06509665,119.5627,83.01948,0.01488817,119.5038,63.25038,0.001539312,115.7997,43.2527,0.0002358581,97.70598,23.24734,0.000189264,63.29881,0.0,0.0006844927,13195890.0
sf,27,3.30,278,591684740,184022487,529049884,1,0,1.651256,1.65,0.001255977,0.0,201.0,9.904048e-14,4.952024e-14,6.153316e-19,1.230663e-18,1.0,6.227914e-05,1.013485e-08,8.116371e-05,8.116429e-05,0.7732485,-0.000335888,98.11347,95.87983,0.773247,98.11346,82.89619,0.1734348,98.1127,63.11806,0.01779377,98.03669,43.12028,0.001795476,93.50675,23.11489,0.0003022782,63.27483,0.0,0.0006862658,13018160.0
sf,27,3.30,279,166504720,852943446,529049884,1,0,1.656639,1.65,0.006638834,0.0,201.0,9.961671e-14,4.980835e-14,1.041126e-18,2.082253e-18,1.0,5.253942e-05,1.801951e-09,8.477846e-05,8.477906e-05,-1.30832,0.0005810303,93.59598,95.93022,1.308315,93.59598,82.76666,0.2874315,93.59607,62.97931,0.02945519,93.60553,42.98143,0.002943031,94.45064,22.97606,0.0002668524,63.62892,0.0,0.0006588403,12841830.0
sf,27,3.30,280,15286782,828106871,529049884,1,0,1.648661,1.65,-0.00133887,0.0,201.0,9.940634e-14,4.970317e-14,1.483626e-18,2.967252e-18,1.0,5.913923e-05,5.177142e-09,8.274871e-05,8.275352e-05,1.864379,-0.000817855,90.50119,95.91186,1.864376,90.50119,82.8482,0.4143337,90.50097,63.06591,0.04248615,90.47847,43.06809,0.004260703,88.62014,23.06261,0.0005273793,63.24067,0.0,0.0006888592,12933110.0
sf,27,3.30,281,1372191635,2087573978,529049884,1,0,1.645165,1.65,-0.00483521,0.0,201.0,9.893718e-14,4.946859e-14,1.382754e-18,2.765508e-18,1.0,6.000325e-05,3.252822e-09,8.070155e-05,8.06991e-05,-1.73762,0.0007528834,91.07169,95.87077,1.737616,91.07169,82.91083,0.3908019,91.07175,63.13394,0.04009678,91.07768,43.13618,0.004007972,91.60869,23.13084,0.0003767967,63.68855,0.0,0.0006545133,13047470.0
sf,27,3.30,282,1406360716,542345272,529049884,1,0,1.646307,1.65,-0.00369311,0.0,201.0,9.962198e-14,4.981099e-14,7.642666e-19,1.528533e-18,1.0,6.29295e-05,8.306955e-09,8.292587e-05,8.2931e-05,-0.960406,0.000421882,96.28161,95.93068,0.9604037,96.28161,82.85817,0.2132202,96.28156,63.07543,0.02186219,96.27702,43.07761,0.002187909,95.57927,23.07215,0.0002369429,63.69436,0.0,0.0006539489,12949830.0
sf,27,3.30,283,1408732204,1063802484,529049884,1,0,1.656162,1.65,0.006162253,0.0,201.0,9.896128e-14,4.948064e-14,2.560567e-18,5.121134e-18,1.0,6.551231e-05,2.352493e-09,8.005233e-05,8.005184e-05,3.217703,-0.00138836,85.72198,95.87289,3.217697,85.72198,82.94614,0.7264537,85.72188,63.17101,0.07455154,85.71175,43.17327,0.007465789,84.78206,23.16782,0.0008304008,62.81367,0.0,0.0007235862,13075940.0
sf,27,3.30,284,1530421935,1778949941,529049884,1,0,1.643786,1.65,-0.00621399,0.0,201.0,9.966007e-14,4.983003e-14,1.101617e-19,2.203235e-19,1.0,6.174004e-05,6.088251e-08,8.424092e-05,8.426263e-05,0.1384333,-6.11972e-05,113.1092,95.934,0.138433,113.109,82.7957,0.0305024,113.09,63.00961,0.003133127,111.5181,43.01175,0.0003755644,96.25302,23.0063,0.0002176024,63.64473,0.0,0.0006575721,12866260.0
sf,27,3.30,285,317128866,872332380,529049884,1,0,1.645123,1.65,-0.00487741,0.0,201.0,9.917111e-14,4.958556e-14,1.734943e-18,3.469886e-18,1.0,5.730758e-05,5.866724e-09,8.048209e-05,8.048495e-05,2.180194,-0.000943195,89.1214,95.89128,2.180189,89.1214,82.9423,0.4909586,89.1212,63.16599,0.05037785,89.10121,43.16823,0.005050695,87.42517,23.16274,0.0006121789,63.17938,0.0,0.0006937557,13061710.0
sf,27,3.30,286,309352713,2051083505,529049884,1,0,1.655134,1.65,0.00513368,0.0,201.0,9.905721e-14,4.95286e-14,1.248714e-18,2.497429e-18,1.0,6.027037e-05,5.108973e-09,8.101053e-05,8.101171e-05,1.569181,-0.000681071,91.96786,95.8813,1.569178,91.96786,82.90541,0.3522718,91.9676,63.12769,0.03614138,91.94164,43.12992,0.003625885,89.84324,23.12449,0.0004613839,63.10005,0.0,0.0007001792,13023610.0
sf,27,3.30,287,34087115,2087321935,529049884,1,0,1.657562,1.65,0.007561725,0.0,201.0,9.833803e-14,4.916901e-14,2.065345e-18,4.130691e-18,1.0,6.65714e-05,4.436146e-09,7.869198e-05,7.869228e-05,2.59539,-0.00111027,87.53398,95.81801,2.595385,87.53397,82.96183,0.5907354,87.53383,63.19049,0.06065028,87.51975,43.19278,0.006076477,86.27289,23.1875,0.0007010197,62.84346,0.0,0.0007211467,13131310.0
sf,27,3.30,288,450827769,1572884727,529049884,1,0,1.660117,1.65,0.01011722,0.0,201.0,9.919422e-14,4.959711e-14,2.050891e-18,4.101782e-18,1.0,6.009339e-05,3.000977e-09,8.206696e-05,8.206721e-05,2.577226,-0.00112591,87.67028,95.89331,2.57722,87.67028,82.86402,0.5750255,87.67014,63.08351,0.05897505,87.65677,43.08571,0.005908082,86.46169,23.08026,0.0006775301,62.93433,0.0,0.0007135936,12963880.0
sf,27,3.30,289,228400080,667679587,529049884,1,0,1.649535,1.65,-0.000465323,0.0,201.0,9.97927e-14,4.989635e-14,1.061863e-18,2.123725e-18,1.0,5.524502e-05,2.284068e-09,8.357269e-05,8.357301e-05,-1.33438,0.0005883791,93.44001,95.94555,1.334373,93.44001,82.8412,0.2951613,93.44008,63.05683,0.03025782,93.44707,43.05899,0.003024099,94.01697,23.05351,0.0002830266,63.69045,0.0,0.0006542571,12922850.0
sf,27,3.30,290,1567637297,1568105437,529049884,1,0,1.645025,1.65,-0.00497475,0.0,201.0,9.877708e-14,4.938854e-14,9.552424e-19,1.910485e-18,1.0,6.057045e-05,9.520491e-09,7.898916e-05,7.899589e-05,-1.20039,0.000514629,94.27025,95.8567,1.200391,94.27025,82.98467,0.2727224,94.27023,63.21247,0.02799704,94.26783,43.21475,0.002801213,93.86138,23.20938,0.0002933593,63.5626,0.0,0.0006640603,13144160.0
sf,27,3.30,291,503300304,499145396,529049884,1,0,1.649289,1.65,-0.000710704,0.0,201.0,1.005955e-13,5.029774e-14,1.027937e-18,2.055874e-18,1.0,4.503312e-05,9.720068e-09,8.732055e-05,8.732902e-05,1.291743,-0.000582079,93.79164,96.01515,1.291741,93.79164,82.72901,0.2798136,93.79122,62.9356,0.0286562,93.75011,42.93765,0.002879898,90.78534,22.93202,0.0004048871,63.54683,0.0,0.0006648839,12737670.0
sf,27,3.30,292,804387646,1817253559,529049884,1,0,1.644839,1.65,-0.0051607,0.0,201.0,9.877523e-14,4.938761e-14,1.410201e-18,2.820401e-18,1.0,6.257734e-05,7.243841e-09,7.885863e-05,7.886552e-05,1.77211,-0.00075888,90.88674,95.85654,1.772107,90.88674,82.99131,0.4029289,90.88647,63.21948,0.04136663,90.85971,43.22176,0.004150522,88.73217,23.21633,0.0005299168,63.15258,0.0,0.0006959444,13140510.0
sf,27,3.30,293,68467986,888413947,529049884,1,0,1.648196,1.65,-0.00180354,0.0,201.0,9.831049e-14,4.915525e-14,1.243369e-18,2.486738e-18,1.0,7.116379e-05,9.807593e-09,7.694738e-05,7.694411e-05,1.562464,-0.000660889,91.9394,95.81558,1.562461,91.93939,83.05186,0.3594375,91.93907,63.28557,0.03692538,91.90713,43.28792,0.003707146,89.46273,23.28259,0.0004908997,63.05525,0.0,0.0007038245,13246600.0
sf,27,3.30,294,754943563,126550153,529049884,1,0,1.653132,1.65,0.00313205,0.0,201.0,9.825538e-14,4.912769e-14,2.016858e-18,4.033716e-18,1.0,6.518435e-05,4.213433e-09,7.652315e-05,7.652133e-05,2.534459,-0.00106914,87.73302,95.81071,2.534454,87.73302,83.06965,0.5845633,87.73287,63.30462,0.06006029,87.71781,43.30698,0.006018087,86.39855,23.30156,0.0007000849,62.82389,0.0,0.0007227824,13255860.0
sf,27,3.30,295,55732873,2064514021,529049884,1,0,1.647388,1.65,-0.00261176,0.0,201.0,9.947438e-14,4.973719e-14,6.269153e-19,1.253831e-18,1.0,6.428957e-05,1.238983e-08,8.342371e-05,8.34338e-05,-0.787805,0.000347128,97.98945,95.9178,0.7878034,97.98945,82.82033,0.1743992,97.98927,63.03632,0.01787937,97.97199,43.03848,0.001791945,96.20997,23.03307,0.0002193587,63.68204,0.0,0.0006548337,12909040.0
sf,27,3.30,296,1337333099,524271079,529049884,1,0,1.646633,1.65,-0.00336708,0.0,201.0,9.875126e-14,4.937563e-14,1.540711e-18,3.081422e-18,1.0,6.617914e-05,7.371881e-09,7.941399e-05,7.941838e-05,1.936115,-0.000832024,90.11583,95.85443,1.936111,90.11583,82.96043,0.438763,90.11559,63.18705,0.04503732,90.09246,43.18932,0.004516928,88.19914,23.18393,0.0005613573,63.12484,0.0,0.0006981592,13107260.0
sf,27,3.30,297,1944392628,19846645,529049884,1,0,1.652341,1.65,0.002341141,0.0,201.0,1.003889e-13,5.019443e-14,4.676544e-19,9.353088e-19,1.0,5.599313e-05,1.55103e-08,8.716945e-05,8.717639e-05,-0.587672,0.0002647041,100.6146,95.99729,0.5876706,100.6146,82.7184,0.1274059,100.6142,62.92533,0.01304832,100.5775,42.92739,0.001310679,97.48549,22.92181,0.000186989,63.72881,0.0,0.000651145,12733260.0
sf,27,3.30,298,961294319,916397053,529049884,1,0,1.639193,1.65,-0.0108071,0.0,201.0,9.927062e-14,4.963531e-14,2.425852e-18,4.851705e-18,1.0,6.089108e-05,1.308024e-09,8.158858e-05,8.1588e-05,-3.04842,0.001328027,86.21853,95.89999,3.04841,86.21853,82.89487,0.6820513,86.21858,63.11562,0.0699603,86.22403,43.11783,0.006993427,86.77087,23.11247,0.0006562656,64.01101,0.0,0.0006307325,13020810.0
sf,27,3.30,299,287706826,1153023367,529049884,1,0,1.651891,1.65,0.001891028,0.0,201.0,9.813029e-14,4.906514e-14,2.233336e-18,4.466673e-18,1.0,6.814736e-05,3.516249e-09,7.559529e-05,7.559753e-05,2.806493,-0.00117674,86.83638,95.79964,2.806488,86.83638,83.10851,0.6510386,86.83625,63.34627,0.06691153,86.82366,43.34866,0.006702705,85.69562,23.34331,0.0007627543,62.76341,0.0,0.0007278304,13321840.0
