process,temperature_c,vdd_v,sample_index,rndseed,mismatch_seed,process_seed,valid,lower_bound,cmc_op1_vout,cmc_op1_vinp,cmc_offset,cmc_op_parity,cmc_npts,cmc_dm_vderr,cmc_dm_vcerr,cmc_cm_vcerr,cmc_cm_leak,cmc_det_min,cmc_acm_min,cmc_cmrr_spread,cmc_acm_spread,cmc_ad_spread,cmc_acm_re0,cmc_acm_im0,cmc_cmrr_dc,cmc_ad_dc,cmc_acm_dc,cmc_cmrr_1k,cmc_ad_1k,cmc_acm_1k,cmc_cmrr_10k,cmc_ad_10k,cmc_acm_10k,cmc_cmrr_100k,cmc_ad_100k,cmc_acm_100k,cmc_cmrr_1m,cmc_ad_1m,cmc_acm_1m,cmc_cmrr_fu,cmc_ad_fu,cmc_acm_fu,cmc_fu_hz
typical,27,3.30,0,1240223581,1073930998,250201949,1,0,1.642054,1.65,-0.00794557,0.0,201.0,1.007297e-13,5.036486e-14,1.21983e-18,2.439661e-18,1.0,0.000120083,6.050982e-11,7.290774e-05,7.290771e-05,1.532884,-0.000631232,92.31656,96.02673,1.532881,92.31656,83.48433,0.3617333,92.31644,63.73061,0.03721419,92.30451,43.73309,0.003727597,91.18904,23.72739,0.0004235625,64.18642,0.0,0.000617853,13749950.0
typical,27,3.30,1,1176304945,1947764510,250201949,1,0,1.638703,1.65,-0.0112974,0.0,201.0,1.004278e-13,5.021388e-14,2.639607e-18,5.279215e-18,1.0,0.000121405,2.755485e-11,7.115997e-05,7.115995e-05,3.317029,-0.00134946,85.58569,96.00066,3.317023,85.58569,83.5577,0.7917726,85.58563,63.80985,0.08151001,85.58023,43.81239,0.008158459,85.05713,23.80669,0.0008659209,63.93155,0.0,0.0006361232,13851840.0
typical,27,3.30,2,1017889434,874458741,250201949,1,0,1.642497,1.65,-0.00750285,0.0,201.0,1.005282e-13,5.02641e-14,2.584406e-18,5.168811e-18,1.0,0.0001183041,2.732747e-11,7.245554e-05,7.245553e-05,3.24766,-0.00133321,85.77794,96.00934,3.247654,85.77794,83.49245,0.7686439,85.77789,63.74022,0.07908912,85.77226,43.74272,0.007916306,85.22903,23.73702,0.0008421695,64.01798,0.0,0.000629867,13762720.0
typical,27,3.30,3,1361313330,1101914347,250201949,1,0,1.639148,1.65,-0.0108518,0.0,201.0,1.006938e-13,5.034691e-14,1.965198e-18,3.930396e-18,1.0,0.0001173333,3.629452e-11,7.141039e-05,7.141037e-05,2.469541,-0.00100643,88.17133,96.02364,2.469536,88.17133,83.56629,0.5885021,88.17125,63.81759,0.06057823,88.1638,43.82012,0.006064793,87.45173,23.81438,0.0006578588,64.14344,0.0,0.0006208149,13854900.0
typical,27,3.30,4,1232209559,927740409,250201949,1,0,1.650679,1.65,0.0006785195,0.0,201.0,1.002851e-13,5.014255e-14,3.825734e-18,7.651469e-18,1.0,0.0001203882,1.918465e-11,7.185457e-05,7.185456e-05,4.80756,-0.00196538,82.34983,95.98831,4.807551,82.34983,83.50556,1.142316,82.34979,63.75534,0.1175649,82.34604,43.75786,0.01176497,81.97921,23.75218,0.001226446,63.57552,0.0,0.0006627254,13785360.0
typical,27,3.30,5,619397391,59473658,250201949,1,0,1.637191,1.65,-0.0128088,0.0,201.0,1.005242e-13,5.026209e-14,4.804953e-19,9.609906e-19,1.0,0.0001223626,1.528662e-10,7.223079e-05,7.22307e-05,0.6038082,-0.000247492,100.391,96.00899,0.6038071,100.391,83.50484,0.1431168,100.3907,63.75336,0.0147276,100.3606,43.75587,0.001478294,97.78304,23.7502,0.0001987734,64.29257,0.0,0.0006103723,13785940.0
typical,27,3.30,6,646426993,2098686427,250201949,1,0,1.642021,1.65,-0.00797888,0.0,201.0,1.003768e-13,5.018842e-14,4.518541e-20,9.037082e-20,1.0,6.632437e-05,1.612307e-09,7.161921e-05,7.161839e-05,0.05678166,-2.31904e-05,120.9121,95.99625,0.05678156,120.912,83.52699,0.01351286,120.9056,63.77758,0.001391873,120.2985,43.7801,0.0001493071,106.0191,23.77445,7.722653e-05,64.05022,0.0,0.0006276413,13821590.0
typical,27,3.30,7,1107893449,307414235,250201949,1,0,1.640194,1.65,-0.00980592,0.0,201.0,9.945801e-14,4.9729e-14,3.5593e-18,7.1186e-18,1.0,0.000127984,1.972467e-11,6.825819e-05,6.825818e-05,4.472748,-0.00178214,82.9049,95.91638,4.472741,82.9049,83.64372,1.088782,82.90486,63.90627,0.1122201,82.90077,43.90892,0.01123072,82.50273,23.90337,0.001174984,63.69929,0.0,0.000653251,14005070.0
typical,27,3.30,8,38296370,1478913752,250201949,1,0,1.6413,1.65,-0.00869964,0.0,201.0,1.004566e-13,5.02283e-14,1.495514e-18,2.991027e-18,1.0,0.0001254255,4.943956e-11,7.288462e-05,7.28846e-05,1.879318,-0.000773774,90.52316,96.00315,1.879314,90.52316,83.46205,0.4435518,90.52306,63.70841,0.04563175,90.51341,43.71089,0.004569555,89.59884,23.70527,0.0005073661,64.10439,0.0,0.0006237099,13736920.0
typical,27,3.30,9,1470414224,1384402118,250201949,1,0,1.642801,1.65,-0.00719936,0.0,201.0,1.002732e-13,5.01366e-14,2.863221e-18,5.726442e-18,1.0,0.0001202349,2.479794e-11,7.043938e-05,7.043937e-05,3.598029,-0.00145634,84.866,95.98728,3.598023,84.866,83.58599,0.8629777,84.86595,63.84065,0.08886588,84.86091,43.84322,0.008894369,84.37289,23.83753,0.000940226,63.87073,0.0,0.0006405609,13894300.0
typical,27,3.30,10,156066993,35629529,250201949,1,0,1.637731,1.65,-0.0122686,0.0,201.0,9.969433e-14,4.984717e-14,3.32105e-19,6.6421e-19,1.0,3.141353e-05,2.075495e-10,6.863568e-05,6.863579e-05,-0.417335,0.0001667352,103.5273,95.93699,0.4173347,103.5273,83.64179,0.1013268,103.5277,63.90294,0.01044147,103.5679,43.90558,0.001039642,108.3559,23.90005,5.986973e-05,64.07317,0.0,0.0006258203,14006280.0
typical,27,3.30,11,1050221736,511027610,250201949,1,0,1.650232,1.65,0.0002316261,0.0,201.0,1.005387e-13,5.026933e-14,9.714667e-19,1.942933e-18,1.0,0.0001122468,7.258905e-11,7.234586e-05,7.234582e-05,1.220781,-0.000500795,94.2775,96.01024,1.220779,94.2775,83.49956,0.2891366,94.27734,63.7477,0.02975215,94.26076,43.7502,0.002981756,92.759,23.74453,0.0003542227,63.77242,0.0,0.0006480159,13777690.0
typical,27,3.30,12,457791525,1265091155,250201949,1,0,1.642138,1.65,-0.0078618,0.0,201.0,1.005965e-13,5.029824e-14,1.038338e-19,2.076676e-19,1.0,2.411399e-05,6.793641e-10,7.243868e-05,7.243903e-05,-0.130481,5.354935e-05,113.7043,96.01524,0.1304812,113.7043,83.49928,0.03088512,113.7055,63.74711,0.003177469,113.825,43.7496,0.0003134959,113.6201,23.74393,3.207671e-05,64.2054,0.0,0.0006165715,13777630.0
typical,27,3.30,13,71279637,1738843984,250201949,1,0,1.636811,1.65,-0.0131888,0.0,201.0,1.018408e-13,5.092039e-14,1.387721e-19,2.775442e-19,1.0,1.700394e-05,5.207994e-10,7.714064e-05,7.714089e-05,-0.174386,7.386031e-05,111.2918,96.12201,0.1743858,111.2918,83.34779,0.04006817,111.2928,63.58092,0.004115342,111.3933,43.58326,0.0004069112,117.6388,23.57741,1.98122e-05,64.65327,0.0,0.0005857057,13529030.0
typical,27,3.30,14,836028248,1427378972,250201949,1,0,1.651295,1.65,0.001294961,0.0,201.0,1.009769e-13,5.048847e-14,2.654212e-18,5.308423e-18,1.0,0.0001137661,2.661693e-11,7.323525e-05,7.323524e-05,3.335381,-0.00137659,85.58513,96.04803,3.335375,85.58513,83.48724,0.785426,85.58508,63.73245,0.08079205,85.57958,43.73492,0.008086615,85.0468,23.72911,0.0008592418,63.74014,0.0,0.0006503587,13730660.0
typical,27,3.30,15,659141813,1083457665,250201949,1,0,1.647705,1.65,-0.00229508,0.0,201.0,9.982349e-14,4.991175e-14,3.820423e-18,7.640845e-18,1.0,0.0001226343,1.836042e-11,6.868113e-05,6.868112e-05,4.800885,-0.00191881,82.32183,95.94824,4.800877,82.32183,83.65034,1.165268,82.32179,63.91132,0.1200816,82.31805,43.91396,0.01201698,81.95277,23.9083,0.001252496,63.50898,0.0,0.0006677278,13990990.0
typical,27,3.30,16,791643591,1959375119,250201949,1,0,1.641087,1.65,-0.00891264,0.0,201.0,9.982928e-14,4.991464e-14,1.421336e-18,2.842671e-18,1.0,0.000122929,4.843059e-11,6.87208e-05,6.872078e-05,1.786103,-0.00071407,90.91063,95.94874,1.7861,90.91063,83.64848,0.433404,90.91052,63.90932,0.04466217,90.90037,43.91195,0.004472796,89.94386,23.90634,0.0004990271,63.98532,0.0,0.0006321421,13997990.0
typical,27,3.30,17,836568595,752948778,250201949,1,0,1.641175,1.65,-0.00882479,0.0,201.0,1.007619e-13,5.038094e-14,2.05831e-18,4.116621e-18,1.0,0.0001205757,3.592504e-11,7.340607e-05,7.340605e-05,2.586549,-0.00106876,87.77511,96.02951,2.586544,87.77511,83.45916,0.608419,87.77504,63.70382,0.06258051,87.76804,43.70628,0.006264869,87.09618,23.70058,0.000676426,64.1069,0.0,0.0006235028,13715730.0
typical,27,3.30,18,1507189368,721805540,250201949,1,0,1.642207,1.65,-0.00779277,0.0,201.0,1.0008e-13,5.004002e-14,7.017188e-19,1.403438e-18,1.0,4.902886e-05,9.951862e-11,7.044968e-05,7.044974e-05,-0.881806,0.0003569338,97.06309,95.97053,0.8818043,97.06309,83.56864,0.211484,97.06328,63.82326,0.02177705,97.08249,43.82583,0.002173537,99.17046,23.82026,0.0001708009,64.10456,0.0,0.0006236998,13896240.0
typical,27,3.30,19,1999060859,1640584463,250201949,1,0,1.633295,1.65,-0.0167052,0.0,201.0,9.961919e-14,4.980959e-14,2.590457e-18,5.180915e-18,1.0,0.0001271599,2.700062e-11,6.837092e-05,6.837091e-05,3.255265,-0.0012981,85.67873,95.93044,3.255259,85.67873,83.65104,0.7918003,85.67867,63.91317,0.08160656,85.67299,43.91582,0.008168487,85.12582,23.91022,0.0008694009,64.01047,0.0,0.0006302779,14005260.0
typical,27,3.30,20,603942917,1621753667,250201949,1,0,1.637801,1.65,-0.0121986,0.0,201.0,1.006049e-13,5.030246e-14,4.275923e-18,8.551845e-18,1.0,0.0001170653,1.674039e-11,7.204449e-05,7.204448e-05,5.373283,-0.00219953,81.41119,96.01597,5.373273,81.41119,83.52239,1.275147,81.41115,63.77154,0.1312259,81.40771,43.77405,0.01313159,81.07117,23.76828,0.001364129,63.89967,0.0,0.0006384097,13787740.0
typical,27,3.30,21,1488406660,900096576,250201949,1,0,1.646883,1.65,-0.0031168,0.0,201.0,9.973588e-14,4.986794e-14,4.054921e-18,8.109841e-18,1.0,0.0001241619,1.730882e-11,6.863544e-05,6.863543e-05,5.095564,-0.00203591,81.79678,95.94061,5.095555,81.79678,83.64543,1.237179,81.79675,63.90658,0.1274946,81.79319,43.90922,0.01275855,81.44615,23.9036,0.001327004,63.48485,0.0,0.0006695801,13992430.0
typical,27,3.30,22,676375798,528310817,250201949,1,0,1.635191,1.65,-0.0148095,0.0,201.0,1.005401e-13,5.027004e-14,6.707728e-21,1.341546e-20,1.0,2.073457e-05,1.047596e-08,7.215838e-05,7.215307e-05,0.00842918,-3.45216e-06,137.4947,96.01037,0.008429165,137.4945,83.51062,0.001998981,137.4724,63.75941,0.0002062301,135.5161,43.76191,2.583982e-05,109.1688,23.75626,5.362567e-05,64.42398,0.0,0.0006012286,13797110.0
typical,27,3.30,23,1634805477,1004828102,250201949,1,0,1.635726,1.65,-0.0142739,0.0,201.0,1.001175e-13,5.005874e-14,8.761496e-19,1.752299e-18,1.0,0.0001268093,8.319034e-11,7.079842e-05,7.079838e-05,1.101002,-0.000446782,95.13803,95.97378,1.101,95.13803,83.55168,0.2634404,95.13787,63.80509,0.02712445,95.12156,43.80764,0.002718341,93.62936,23.80206,0.0003225783,64.1596,0.0,0.0006197079,13870420.0
typical,27,3.30,24,1925699274,13891714,250201949,1,0,1.634363,1.65,-0.0156374,0.0,201.0,1.002061e-13,5.010303e-14,1.854849e-18,3.709699e-18,1.0,0.0001202711,3.714717e-11,6.976727e-05,6.976725e-05,2.330872,-0.000938931,88.63111,95.98146,2.330868,88.63111,83.61941,0.5615843,88.63103,63.87645,0.05784567,88.62324,43.87904,0.005791484,87.88063,23.87332,0.0006304264,64.09885,0.0,0.0006239652,13934580.0
typical,27,3.30,25,1825502289,183684824,250201949,1,0,1.646902,1.65,-0.00309775,0.0,201.0,1.004695e-13,5.023475e-14,2.96255e-18,5.925101e-18,1.0,0.0001174211,2.347633e-11,7.079613e-05,7.079612e-05,3.722851,-0.00151069,84.58677,96.00427,3.722844,84.58677,83.5823,0.8907922,84.58672,63.83571,0.09171693,84.58189,43.83826,0.009179493,84.11214,23.83249,0.0009683171,63.64781,0.0,0.0006572279,13870880.0
typical,27,3.30,26,925911572,824042751,250201949,1,0,1.644399,1.65,-0.00560149,0.0,201.0,1.001314e-13,5.006569e-14,1.765664e-18,3.531329e-18,1.0,0.0001236294,3.98046e-11,7.147872e-05,7.14787e-05,2.218799,-0.000904696,89.05264,95.97499,2.218795,89.05264,83.51372,0.5285109,89.05256,63.76478,0.05440154,89.04437,43.76731,0.005446872,88.26256,23.76173,0.0005956057,63.89487,0.0,0.0006388796,13818250.0
typical,27,3.30,27,1257653615,1050021693,250201949,1,0,1.634739,1.65,-0.0152606,0.0,201.0,9.980737e-14,4.990368e-14,2.171319e-18,4.342637e-18,1.0,0.0001282874,3.238654e-11,6.863798e-05,6.863797e-05,2.72856,-0.00109019,87.22818,95.94684,2.728555,87.22818,83.65151,0.6624701,87.22811,63.91265,0.06826949,87.22145,43.91528,0.006834263,86.58277,23.90969,0.0007350992,64.05062,0.0,0.0006273816,14006370.0
typical,27,3.30,28,1692545665,19230282,250201949,1,0,1.64526,1.65,-0.0047397,0.0,201.0,1.008756e-13,5.04378e-14,3.240581e-18,6.481161e-18,1.0,0.0001152357,2.287948e-11,7.365642e-05,7.36564e-05,4.072234,-0.00168551,83.84267,96.0393,4.072227,83.84266,83.45499,0.9563486,83.84262,63.69884,0.09835828,83.83816,43.70129,0.009843662,83.40373,23.69554,0.001034167,63.90254,0.0,0.0006382863,13698590.0
typical,27,3.30,29,332491932,271725178,250201949,1,0,1.633188,1.65,-0.0168119,0.0,201.0,9.967723e-14,4.983862e-14,5.099217e-19,1.019843e-18,1.0,0.0001291456,1.349036e-10,6.847711e-05,6.847703e-05,0.6407865,-0.000255726,99.80125,95.9355,0.6407854,99.80125,83.64977,0.1557492,99.80097,63.9115,0.01605191,99.77314,43.91415,0.001610832,97.36995,23.90862,0.0002122919,64.18739,0.0,0.0006176105,14017980.0
typical,27,3.30,30,1596758933,1086476062,250201949,1,0,1.642883,1.65,-0.0071172,0.0,201.0,1.011389e-13,5.056943e-14,4.132635e-19,8.265271e-19,1.0,0.0001185709,1.745519e-10,7.573275e-05,7.573266e-05,0.5193223,-0.000217968,101.7532,96.06194,0.5193213,101.7532,83.36347,0.1203685,101.7528,63.60082,0.01237083,101.7158,43.6032,0.001242716,98.65553,23.59751,0.000176644,64.33421,0.0,0.0006075626,13584180.0
typical,27,3.30,31,1265465123,119873425,250201949,1,0,1.639387,1.65,-0.0106127,0.0,201.0,1.005153e-13,5.025765e-14,2.266566e-18,4.533133e-18,1.0,0.0001187178,3.1676e-11,7.232338e-05,7.232336e-05,2.848251,-0.00116817,86.91668,96.00823,2.848246,86.91667,83.49882,0.6746945,86.91661,63.74703,0.06942585,86.91001,43.74953,0.006949859,86.27779,23.74384,0.0007469686,64.14057,0.0,0.0006210458,13772940.0
typical,27,3.30,32,1219229149,792117429,250201949,1,0,1.642059,1.65,-0.00794097,0.0,201.0,1.005929e-13,5.029644e-14,2.460625e-18,4.92125e-18,1.0,0.0001191369,2.86775e-11,7.243529e-05,7.243528e-05,3.092112,-0.00126918,86.20984,96.01493,3.092107,86.20984,83.49918,0.7319261,86.20978,63.74702,0.07531167,86.20392,43.74952,0.007538407,85.63867,23.74381,0.000804002,63.97489,0.0,0.0006330058,13769420.0
typical,27,3.30,33,445740475,1097197290,250201949,1,0,1.635612,1.65,-0.0143877,0.0,201.0,1.009893e-13,5.049466e-14,1.923959e-18,3.847918e-18,1.0,0.0001171881,3.777245e-11,7.41477e-05,7.414768e-05,2.417718,-0.00100402,88.38099,96.04909,2.417714,88.38099,83.43749,0.5660112,88.38091,63.67977,0.05820266,88.37323,43.68221,0.005827052,87.64067,23.67647,0.0006335627,64.37707,0.0,0.0006044206,13676350.0
typical,27,3.30,34,223262441,915260607,250201949,1,0,1.638948,1.65,-0.011052,0.0,201.0,9.948791e-14,4.974396e-14,1.82347e-19,3.646941e-19,1.0,0.000111556,3.887237e-10,6.697331e-05,6.69731e-05,0.229144,-9.04435e-05,108.7168,95.91899,0.2291437,108.7168,83.72394,0.05628023,108.716,63.99137,0.005804536,108.6364,43.99408,0.0005859796,103.0387,23.98852,0.000111556,63.94593,0.0,0.0006349106,14115320.0
typical,27,3.30,35,1520564827,253705639,250201949,1,0,1.642888,1.65,-0.00711246,0.0,201.0,9.976314e-14,4.988157e-14,1.528002e-18,3.056004e-18,1.0,0.0001208851,4.698109e-11,6.876004e-05,6.876002e-05,1.920144,-0.000767885,90.27632,95.94298,1.920141,90.27632,83.64039,0.4658044,90.27623,63.90109,0.04800018,90.26683,43.90372,0.004806669,89.37629,23.89813,0.0005322207,63.8293,0.0,0.0006436042,13991700.0
typical,27,3.30,36,708153438,1234628106,250201949,1,0,1.632245,1.65,-0.017755,0.0,201.0,1.009029e-13,5.045146e-14,2.290147e-19,4.580293e-19,1.0,8.795815e-06,3.068124e-10,7.265468e-05,7.265483e-05,-0.287788,0.0001183084,106.8602,96.04166,0.2877878,106.8602,83.5135,0.06802434,106.8608,63.76062,0.006998242,106.9233,43.7631,0.0006950062,117.6262,23.75735,2.025621e-05,64.60642,0.0,0.0005887574,13777510.0
typical,27,3.30,37,1631478709,1011456613,250201949,1,0,1.6488,1.65,-0.00119985,0.0,201.0,1.005093e-13,5.025466e-14,3.210793e-18,6.421585e-18,1.0,0.0001173874,2.182787e-11,7.147519e-05,7.147517e-05,4.034801,-0.00164511,83.89128,96.00771,4.034794,83.89128,83.54664,0.9610991,83.89124,63.79772,0.09892912,83.88675,43.80025,0.0099009,83.45038,23.79451,0.001040415,63.68504,0.0,0.0006544264,13829120.0
typical,27,3.30,38,308731844,241074240,250201949,1,0,1.644232,1.65,-0.00576783,0.0,201.0,1.003473e-13,5.017365e-14,2.182851e-18,4.365703e-18,1.0,0.0001208478,3.1946e-11,7.10663e-05,7.106628e-05,2.743052,-0.00111521,87.22903,95.9937,2.743047,87.22903,83.55613,0.6551716,87.22896,63.80861,0.06745005,87.2223,43.81115,0.006752156,86.58242,23.80547,0.000726361,63.94354,0.0,0.0006352639,13853270.0
typical,27,3.30,39,668529239,759231298,250201949,1,0,1.641015,1.65,-0.00898525,0.0,201.0,1.002698e-13,5.01349e-14,5.830332e-19,1.166066e-18,1.0,5.005024e-05,1.254108e-10,7.120687e-05,7.120694e-05,-0.732661,0.0002981494,98.68894,95.98699,0.7326599,98.68894,83.54132,0.1748313,98.68916,63.79332,0.01799731,98.71165,43.79585,0.001795603,101.1499,23.79028,0.0001355257,64.12878,0.0,0.0006219959,13856730.0
typical,27,3.30,40,814492074,2030664242,250201949,1,0,1.644425,1.65,-0.00557516,0.0,201.0,9.90296e-14,4.95148e-14,2.102869e-18,4.205739e-18,1.0,0.0001234246,3.213074e-11,6.594243e-05,6.594241e-05,2.642544,-0.00103491,87.43845,95.87888,2.642539,87.43845,83.7471,0.6537809,87.43839,64.01858,0.06745432,87.43166,44.02133,0.006752789,86.78487,24.01582,0.000727022,63.50532,0.0,0.0006679636,14163380.0
typical,27,3.30,41,1638113562,1420022354,250201949,1,0,1.640374,1.65,-0.00962595,0.0,201.0,9.93932e-14,4.96966e-14,5.463159e-18,1.092632e-17,1.0,0.0001284814,1.274714e-11,6.746839e-05,6.746839e-05,6.865208,-0.00271954,79.17766,95.91072,6.865197,79.17766,83.68559,1.680339,79.17763,63.95112,0.1732505,79.17507,43.9538,0.01733552,78.92324,23.94821,0.001783399,63.31334,0.0,0.000682887,14055930.0
typical,27,3.30,42,101709034,616939250,250201949,1,0,1.637343,1.65,-0.0126568,0.0,201.0,1.005761e-13,5.028807e-14,5.039235e-19,1.007847e-18,1.0,2.013527e-05,1.396074e-10,7.22339e-05,7.223397e-05,-0.633249,0.0002595562,99.98201,96.01348,0.6332479,99.98201,83.50914,0.1500917,99.9823,63.75766,0.01544429,100.011,43.76016,0.001539774,103.4546,23.75449,0.0001035129,64.38246,0.0,0.0006041462,13790430.0
typical,27,3.30,43,207594318,254300838,250201949,1,0,1.652102,1.65,0.002101544,0.0,201.0,9.940587e-14,4.970293e-14,1.851738e-18,3.703476e-18,1.0,0.0001183258,3.743139e-11,6.895119e-05,6.895117e-05,2.326962,-0.000931878,88.57605,95.91182,2.326958,88.57605,83.59788,0.5637567,88.57597,63.85787,0.05808917,88.56811,43.8605,0.005815933,87.81619,23.85499,0.0006337817,63.56181,0.0,0.0006637594,13952230.0
typical,27,3.30,44,316642865,1618104325,250201949,1,0,1.643122,1.65,-0.00687837,0.0,201.0,1.003254e-13,5.016269e-14,1.088439e-18,2.176878e-18,1.0,0.0001204215,6.447465e-11,7.158455e-05,7.158452e-05,1.367773,-0.000558111,93.27153,95.9918,1.367771,93.27153,83.52447,0.325572,93.2714,63.77517,0.03351111,93.2581,43.7777,0.00335722,92.02252,23.77206,0.0003867915,64.07162,0.0,0.0006260422,13818800.0
typical,27,3.30,45,1871650928,188656520,250201949,1,0,1.6372,1.65,-0.0128004,0.0,201.0,1.005429e-13,5.027143e-14,1.091529e-18,2.183058e-18,1.0,0.0001228062,6.686207e-11,7.154426e-05,7.154422e-05,1.371656,-0.000559534,93.26572,96.01061,1.371654,93.26572,83.54559,0.3265829,93.26558,63.79643,0.03361569,93.25244,43.79895,0.003367641,92.03043,23.79326,0.000387384,64.18665,0.0,0.000617792,13835910.0
typical,27,3.30,46,1269973935,533462943,250201949,1,0,1.640887,1.65,-0.00911307,0.0,201.0,1.00746e-13,5.037299e-14,3.371495e-18,6.74299e-18,1.0,0.0001157232,2.090417e-11,7.258427e-05,7.258426e-05,4.236746,-0.00174078,83.4875,96.02814,4.236738,83.4875,83.50397,1.001897,83.48746,63.75131,0.1030843,83.48317,43.7538,0.01031648,83.06556,23.74804,0.001081744,63.9675,0.0,0.0006334959,13764670.0
typical,27,3.30,47,1547146965,962118494,250201949,1,0,1.637591,1.65,-0.0124092,0.0,201.0,1.003668e-13,5.018341e-14,2.372229e-19,4.744458e-19,1.0,1.229906e-05,2.954721e-10,7.140172e-05,7.140187e-05,-0.298103,0.0001214802,106.5081,95.99539,0.2981025,106.5081,83.53852,0.07104317,106.5087,63.78985,0.007312373,106.5694,43.79238,0.000726355,116.4153,23.78676,2.336536e-05,64.35812,0.0,0.0006057846,13841040.0
typical,27,3.30,48,2127136982,207271067,250201949,1,0,1.628222,1.65,-0.0217784,0.0,201.0,9.972376e-14,4.986188e-14,9.855872e-19,1.971174e-18,1.0,0.0001318283,6.957634e-11,6.839007e-05,6.839003e-05,1.238525,-0.000493949,94.08147,95.93956,1.238523,94.08147,83.65901,0.3012154,94.08132,63.92107,0.03104471,94.06629,43.92372,0.003110797,92.69665,23.91816,0.0003639781,64.30719,0.0,0.0006091327,14022690.0
typical,27,3.30,49,797781918,651454522,250201949,1,0,1.643924,1.65,-0.006076,0.0,201.0,1.001462e-13,5.007309e-14,1.533217e-18,3.066434e-18,1.0,0.0001187567,4.53042e-11,7.030675e-05,7.030673e-05,1.926697,-0.000779123,90.28002,95.97627,1.926694,90.28002,83.5827,0.4625237,90.27992,63.83782,0.04763158,90.27049,43.84039,0.004769744,89.37695,23.83473,0.0005283104,63.92642,0.0,0.0006365202,13896090.0
typical,27,3.30,50,1837152529,1947990628,250201949,1,0,1.640402,1.65,-0.00959835,0.0,201.0,9.95557e-14,4.977785e-14,2.870638e-19,5.741276e-19,1.0,4.973309e-05,2.48761e-10,6.779905e-05,6.779918e-05,-0.360735,0.000143232,104.7812,95.92491,0.3607344,104.7812,83.67981,0.08809121,104.7815,63.94408,0.00908086,104.8201,43.94675,0.0009043369,108.1505,23.94121,6.159361e-05,63.88243,0.0,0.0006396473,14058450.0
typical,27,3.30,51,484443211,679492702,250201949,1,0,1.630545,1.65,-0.0194548,0.0,201.0,9.988924e-14,4.994462e-14,1.379978e-18,2.759956e-18,1.0,0.0001272677,5.172751e-11,6.85018e-05,6.850178e-05,1.734132,-0.000692184,91.17233,95.95396,1.734129,91.17233,83.66674,0.4214255,91.17223,63.92839,0.04343184,91.16187,43.93103,0.004349686,90.18841,23.92539,0.0004862377,64.13719,0.0,0.0006211699,14016170.0
typical,27,3.30,52,1898551616,1699302485,250201949,1,0,1.646223,1.65,-0.00377719,0.0,201.0,1.007144e-13,5.035722e-14,4.591458e-19,9.182915e-19,1.0,0.0001156669,1.553246e-10,7.386172e-05,7.386163e-05,0.5769796,-0.000239151,100.8022,96.02542,0.5769786,100.8022,83.42968,0.1353235,100.8019,63.67287,0.01391711,100.7696,43.67532,0.001397295,98.02632,23.66967,0.0001914994,64.20704,0.0,0.0006164759,13685830.0
typical,27,3.30,53,999506190,569648528,250201949,1,0,1.638913,1.65,-0.0110866,0.0,201.0,1.009164e-13,5.045818e-14,7.469588e-19,1.493918e-18,1.0,0.0001179749,9.828227e-11,7.285135e-05,7.28513e-05,0.9386561,-0.000386391,96.5927,96.04281,0.9386544,96.5927,83.50358,0.2215871,96.5925,63.75005,0.02279699,96.57295,43.75253,0.002285489,94.81211,23.74676,0.0002797259,64.20435,0.0,0.0006166002,13761420.0
typical,27,3.30,54,419729752,1173820391,250201949,1,0,1.635821,1.65,-0.0141793,0.0,201.0,1.002001e-13,5.010004e-14,1.587894e-18,3.175788e-18,1.0,0.0001201758,4.506262e-11,6.908036e-05,6.908034e-05,1.995407,-0.000799829,89.98033,95.98094,1.995403,89.98033,83.65935,0.4830046,89.98024,63.91887,0.04976589,89.97111,43.92149,0.004983322,89.10781,23.91577,0.0005500446,64.09667,0.0,0.0006240913,13988500.0
typical,27,3.30,55,339099918,314145000,250201949,1,0,1.639383,1.65,-0.0106175,0.0,201.0,1.016327e-13,5.081636e-14,1.54064e-18,3.08128e-18,1.0,0.0001106421,4.783374e-11,7.657389e-05,7.657387e-05,1.936025,-0.000817036,90.36605,96.10425,1.936022,90.36605,83.36037,0.4463918,90.36595,63.59518,0.0458629,90.35635,43.59754,0.004592605,89.45003,23.5917,0.0005094291,64.48828,0.0,0.0005967969,13549460.0
typical,27,3.30,56,1628366315,108830387,250201949,1,0,1.644541,1.65,-0.00545895,0.0,201.0,1.00552e-13,5.0276e-14,4.037493e-18,8.074986e-18,1.0,0.0001139001,1.76783e-11,7.147728e-05,7.147727e-05,5.073663,-0.0020687,81.90498,96.0114,5.073654,81.90498,83.55021,1.208542,81.90494,63.80128,0.124399,81.9014,43.80381,0.0124486,81.55485,23.79802,0.001294668,63.69957,0.0,0.0006532973,13823960.0
typical,27,3.30,57,967787496,2128231202,250201949,1,0,1.640559,1.65,-0.00944101,0.0,201.0,9.948472e-14,4.974236e-14,2.807814e-18,5.615628e-18,1.0,0.0001303989,2.498268e-11,6.818295e-05,6.818294e-05,3.528403,-0.00140509,84.96716,95.91871,3.528397,84.96716,83.65056,0.8593498,84.96711,63.91339,0.0885756,84.96192,43.91605,0.008865567,84.45986,23.91051,0.000938712,63.79654,0.0,0.0006459847,14018530.0
typical,27,3.30,58,1514455246,154609773,250201949,1,0,1.633886,1.65,-0.0161141,0.0,201.0,1.000279e-13,5.001393e-14,2.200542e-18,4.401085e-18,1.0,0.0001266323,3.217338e-11,6.992568e-05,6.992567e-05,2.765283,-0.00111518,87.13122,95.966,2.765278,87.13122,83.59467,0.6655369,87.13116,63.85114,0.06854869,87.12459,43.85373,0.006862101,86.49401,23.84811,0.0007374027,64.09737,0.0,0.0006240683,13921290.0
typical,27,3.30,59,586101932,267392036,250201949,1,0,1.64,1.65,-0.00999985,0.0,201.0,1.003383e-13,5.016913e-14,2.079711e-18,4.159422e-18,1.0,0.0001217935,3.348077e-11,7.077713e-05,7.077711e-05,2.613442,-0.00106036,87.64867,95.99291,2.613438,87.64867,83.57204,0.6254155,87.6486,63.82552,0.0643941,87.64172,43.82808,0.006446411,86.98064,23.82239,0.0006951642,63.97353,0.0,0.0006330674,13873690.0
typical,27,3.30,60,746728261,1494732345,250201949,1,0,1.648305,1.65,-0.00169483,0.0,201.0,1.010745e-13,5.053724e-14,3.310688e-18,6.621375e-18,1.0,0.0001102634,2.231104e-11,7.37816e-05,7.378159e-05,4.160333,-0.00172344,83.67387,96.05641,4.160325,83.67387,83.46513,0.9762547,83.67382,63.70858,0.1004009,83.66945,43.71102,0.01004797,83.2437,23.70518,0.001054567,63.77655,0.0,0.0006476136,13693840.0
typical,27,3.30,61,509954177,1549845650,250201949,1,0,1.643262,1.65,-0.00673802,0.0,201.0,9.971187e-14,4.985594e-14,1.217326e-19,2.434651e-19,1.0,1.372895e-05,5.647962e-10,6.850863e-05,6.850894e-05,-0.152974,6.105946e-05,112.2462,95.93852,0.1529734,112.2462,83.65088,0.03717349,112.2474,63.9125,0.003830509,112.3636,43.91514,0.0003780741,117.8967,23.90959,1.998221e-05,63.99274,0.0,0.000631627,14014630.0
typical,27,3.30,62,503365714,1192498500,250201949,1,0,1.628499,1.65,-0.0215012,0.0,201.0,1.004917e-13,5.024583e-14,4.68508e-19,9.370161e-19,1.0,0.0001195496,1.472813e-10,7.0125e-05,7.012492e-05,0.5887446,-0.000237755,100.6077,96.00618,0.5887436,100.6077,83.62321,0.1415068,100.6073,63.87897,0.01457412,100.5741,43.88155,0.00146344,97.8369,23.87582,0.0002004222,64.50654,0.0,0.0005954024,13934150.0
typical,27,3.30,63,2125293398,747389274,250201949,1,0,1.636954,1.65,-0.0130456,0.0,201.0,1.001241e-13,5.006204e-14,2.317229e-18,4.634458e-18,1.0,0.0001223626,2.992806e-11,7.007107e-05,7.007106e-05,2.911916,-0.00117555,86.69079,95.97435,2.911911,86.69079,83.59452,0.7001424,86.69073,63.85048,0.07210866,86.68454,43.85306,0.007218147,86.08891,23.84738,0.000772545,63.98865,0.0,0.0006319345,13909260.0
typical,27,3.30,64,271887338,1939369981,250201949,1,0,1.636867,1.65,-0.0131328,0.0,201.0,1.004607e-13,5.023035e-14,1.819955e-18,3.639911e-18,1.0,0.000122254,3.939249e-11,7.179108e-05,7.179106e-05,2.287023,-0.000934536,88.81811,96.00351,2.287019,88.81811,83.52437,0.5436424,88.81803,63.77438,0.05595223,88.81005,43.77689,0.005601989,88.04966,23.77123,0.0006110528,64.16778,0.0,0.0006191098,13813680.0
typical,27,3.30,65,1092535461,1664168257,250201949,1,0,1.642543,1.65,-0.00745724,0.0,201.0,9.995744e-14,4.997872e-14,1.802906e-18,3.605812e-18,1.0,0.0001218481,3.998935e-11,6.944502e-05,6.9445e-05,2.265599,-0.000910534,88.85624,95.95989,2.265595,88.85624,83.61677,0.5470491,88.85616,63.87496,0.056356,88.8482,43.87757,0.005642462,88.0879,23.87193,0.0006154621,63.89484,0.0,0.0006387901,13948540.0
typical,27,3.30,66,1411384989,233001782,250201949,1,0,1.641175,1.65,-0.00882546,0.0,201.0,1.002357e-13,5.011785e-14,1.385186e-19,2.770372e-19,1.0,9.617351e-05,5.261995e-10,7.099742e-05,7.099714e-05,0.1740676,-7.07414e-05,111.1697,95.98403,0.1740673,111.1697,83.55045,0.04159477,111.1686,63.80317,0.004282822,111.0584,43.80571,0.0004338755,104.0944,23.80011,9.666807e-05,64.13354,0.0,0.0006216127,13862620.0
typical,27,3.30,67,1718318705,1170092607,250201949,1,0,1.636412,1.65,-0.0135877,0.0,201.0,1.004599e-13,5.022996e-14,2.444121e-19,4.888243e-19,1.0,5.733514e-06,2.868603e-10,7.176391e-05,7.176405e-05,-0.307137,0.0001254838,106.2568,96.00344,0.3071368,106.2568,83.52585,0.07302173,106.2574,63.77594,0.007514968,106.3169,43.77846,0.0007465825,116.3997,23.77281,2.336993e-05,64.43604,0.0,0.0006003927,13819180.0
typical,27,3.30,68,940786361,944324734,250201949,1,0,1.640391,1.65,-0.00960877,0.0,201.0,1.004378e-13,5.02189e-14,1.18879e-18,2.377579e-18,1.0,0.0001221143,6.130563e-11,7.10826e-05,7.108256e-05,1.493877,-0.000607415,92.51524,96.00153,1.493874,92.51524,83.56302,0.3567705,92.51512,63.81544,0.0367296,92.50283,43.81799,0.003679238,91.35896,23.81231,0.0004194375,64.18281,0.0,0.0006180402,13863920.0
typical,27,3.30,69,615770257,1153576611,250201949,1,0,1.644658,1.65,-0.00534156,0.0,201.0,1.006618e-13,5.033088e-14,3.574778e-18,7.149556e-18,1.0,0.0001164063,1.978151e-11,7.301091e-05,7.30109e-05,4.492199,-0.00185116,82.97171,96.02087,4.492191,82.97171,83.47267,1.059371,82.97167,63.71861,0.1089801,82.96758,43.72109,0.01090625,82.56903,23.71536,0.001141081,63.89562,0.0,0.0006387636,13729040.0
typical,27,3.30,70,1301661084,407380223,250201949,1,0,1.636019,1.65,-0.013981,0.0,201.0,1.002369e-13,5.011843e-14,7.060621e-19,1.412124e-18,1.0,1.559515e-05,9.907808e-11,7.123691e-05,7.123696e-05,-0.887264,0.0003611581,97.02309,95.98413,0.8872622,97.02309,83.53674,0.2116812,97.0233,63.78863,0.02179047,97.04386,43.79117,0.002174531,99.38373,23.78558,0.000165994,64.42423,0.0,0.0006012151,13846500.0
typical,27,3.30,71,1225661513,1055877490,250201949,1,0,1.645732,1.65,-0.00426804,0.0,201.0,1.010604e-13,5.053018e-14,4.871022e-19,9.742044e-19,1.0,0.0001157287,1.533067e-10,7.483661e-05,7.483653e-05,0.6121106,-0.000255386,100.3186,96.0552,0.6121095,100.3186,83.40563,0.142676,100.3183,63.64574,0.01466804,100.2873,43.64815,0.001472464,97.64607,23.64245,0.000199443,64.2379,0.0,0.0006143078,13639250.0
typical,27,3.30,72,1771429235,1344603700,250201949,1,0,1.640777,1.65,-0.00922304,0.0,201.0,1.00291e-13,5.014549e-14,2.788971e-18,5.577941e-18,1.0,0.0001241108,2.508216e-11,7.089902e-05,7.0899e-05,3.504724,-0.00142321,85.09576,95.98882,3.504718,85.09576,83.5609,0.8380256,85.09571,63.81396,0.0862805,85.09062,43.81651,0.008635641,84.59701,23.81086,0.000913466,63.87547,0.0,0.0006402321,13866220.0
typical,27,3.30,73,842743174,1267501672,250201949,1,0,1.638626,1.65,-0.0113742,0.0,201.0,1.008964e-13,5.044819e-14,2.211696e-18,4.423393e-18,1.0,0.0001197032,3.227285e-11,7.42507e-05,7.425068e-05,2.7793,-0.00115499,87.1624,96.04109,2.779295,87.1624,83.4238,0.6502342,87.16233,63.66575,0.06686066,87.15581,43.66818,0.006692961,86.52842,23.66248,0.0007189569,64.17711,0.0,0.0006184919,13665200.0
typical,27,3.30,74,1419680100,2021965827,250201949,1,0,1.640685,1.65,-0.0093154,0.0,201.0,1.006927e-13,5.034634e-14,1.016642e-18,2.033284e-18,1.0,0.0001213648,7.280221e-11,7.322059e-05,7.322055e-05,1.27755,-0.000527217,93.896,96.02354,1.277547,93.896,83.46358,0.30087,93.89586,63.70883,0.03094917,93.88162,43.7113,0.003100874,92.56553,23.70562,0.0003605822,64.26205,0.0,0.0006125233,13724400.0
typical,27,3.30,75,1317080470,1520240822,250201949,1,0,1.646322,1.65,-0.00367766,0.0,201.0,1.006893e-13,5.034467e-14,4.61208e-19,9.22416e-19,1.0,0.0001115219,1.519567e-10,7.175837e-05,7.17583e-05,0.5795711,-0.000236779,100.7611,96.02325,0.5795701,100.7611,83.54599,0.137798,100.7608,63.7961,0.01418289,100.7289,43.79862,0.001423914,98.01973,23.7929,0.000194383,64.11013,0.0,0.0006232976,13829360.0
typical,27,3.30,76,209321794,437728266,250201949,1,0,1.644527,1.65,-0.00547271,0.0,201.0,1.004644e-13,5.02322e-14,1.481697e-19,2.963394e-19,1.0,0.0001073566,4.766747e-10,7.249832e-05,7.249807e-05,0.1861955,-7.64771e-05,110.6045,96.00383,0.1861952,110.6044,83.48453,0.04405592,110.603,63.73216,0.004533731,110.4651,43.73465,0.0004607632,103.0926,23.72904,0.000107602,64.0467,0.0,0.0006279297,13769140.0
typical,27,3.30,77,1874252428,716118916,250201949,1,0,1.637915,1.65,-0.0120846,0.0,201.0,1.006745e-13,5.033724e-14,2.205377e-19,4.410754e-19,1.0,1.960989e-05,3.363283e-10,7.330581e-05,7.3306e-05,-0.277136,0.0001144276,107.1681,96.02197,0.2771353,107.1681,83.45722,0.06523101,107.1688,63.7022,0.006709214,107.2321,43.70467,0.000666239,115.8564,23.69904,2.46678e-05,64.42179,0.0,0.0006014442,13728170.0
typical,27,3.30,78,897078023,198578317,250201949,1,0,1.642055,1.65,-0.00794525,0.0,201.0,1.011525e-13,5.057625e-14,9.797696e-19,1.959539e-18,1.0,0.0001200652,7.375434e-11,7.608623e-05,7.608619e-05,1.231215,-0.000517942,94.25645,96.06311,1.231213,94.25645,83.3455,0.2847426,94.2563,63.58177,0.02925996,94.24131,43.58415,0.002931851,92.86072,23.57846,0.0003434684,64.38995,0.0,0.0006036395,13560340.0
typical,27,3.30,79,1643104486,1209688986,250201949,1,0,1.641118,1.65,-0.00888166,0.0,201.0,9.913523e-14,4.956762e-14,4.62835e-18,9.2567e-18,1.0,0.0001244178,1.47935e-11,6.528835e-05,6.528834e-05,5.816156,-0.00226644,80.59544,95.88814,5.816147,80.59544,83.79699,1.445698,80.59541,64.0711,0.1492055,80.59233,44.07388,0.01493061,80.29079,24.06825,0.001544804,63.37636,0.0,0.0006779577,14210780.0
typical,27,3.30,80,947371594,372350356,250201949,1,0,1.645274,1.65,-0.00472646,0.0,201.0,1.007259e-13,5.036297e-14,1.50417e-18,3.00834e-18,1.0,0.0001155358,4.665424e-11,7.218226e-05,7.218224e-05,1.890196,-0.000774496,90.49629,96.02641,1.890193,90.49629,83.52501,0.448163,90.49619,63.77369,0.0461185,90.48651,43.7762,0.004618322,89.56982,23.77045,0.0005128986,63.97165,0.0,0.0006332797,13795810.0
typical,27,3.30,81,2028604092,1671613535,250201949,1,0,1.645362,1.65,-0.00463827,0.0,201.0,1.008332e-13,5.041658e-14,2.839985e-18,5.679969e-18,1.0,0.0001159217,2.50111e-11,7.362567e-05,7.362566e-05,3.56883,-0.00147684,84.98515,96.03565,3.568823,84.98515,83.45305,0.8382914,84.9851,63.697,0.08621741,84.97999,43.69945,0.008629249,84.48456,23.6937,0.0009129719,63.94851,0.0,0.0006349388,13697880.0
typical,27,3.30,82,662063131,1461717428,250201949,1,0,1.640343,1.65,-0.00965667,0.0,201.0,9.993116e-14,4.996558e-14,1.154453e-18,2.308907e-18,1.0,0.0001207736,6.221512e-11,6.891348e-05,6.891344e-05,1.450729,-0.000580817,92.72589,95.9576,1.450726,92.72589,83.6459,0.3515609,92.72577,63.90603,0.0362254,92.71334,43.90865,0.003628823,91.55299,23.90304,0.0004144792,63.87,0.0,0.0006406028,13993990.0
typical,27,3.30,83,60986515,1575711927,250201949,1,0,1.63162,1.65,-0.0183802,0.0,201.0,9.971751e-14,4.985876e-14,3.660898e-18,7.321795e-18,1.0,0.000124264,1.902833e-11,6.794103e-05,6.794102e-05,4.600419,-0.00182873,82.68308,95.93901,4.600412,82.68308,83.68538,1.122316,82.68304,63.94912,0.1156922,82.67895,43.95178,0.01157821,82.28271,23.94612,0.001211074,63.90989,0.0,0.0006375791,14038960.0
typical,27,3.30,84,1260484565,1227923477,250201949,1,0,1.644841,1.65,-0.0051588,0.0,201.0,1.004943e-13,5.024714e-14,8.109817e-19,1.621963e-18,1.0,0.000116142,8.688517e-11,7.232364e-05,7.232359e-05,1.01911,-0.000417986,95.84201,96.00641,1.019108,95.842,83.49699,0.2414066,95.84182,63.7452,0.02484099,95.82369,43.7477,0.002490008,94.17885,23.74203,0.0003007177,64.06701,0.0,0.0006264184,13774950.0
typical,27,3.30,85,1113242874,120154511,250201949,1,0,1.646344,1.65,-0.00365578,0.0,201.0,1.003248e-13,5.016241e-14,2.003942e-18,4.007885e-18,1.0,0.000120035,3.649347e-11,7.151455e-05,7.151453e-05,2.518228,-0.00102704,87.96986,95.99175,2.518224,87.96986,83.52843,0.5996922,87.96979,63.77937,0.06172756,87.96253,43.7819,0.006179713,87.267,23.77624,0.0006690553,63.91356,0.0,0.0006374902,13820380.0
typical,27,3.30,86,435622782,928605546,250201949,1,0,1.647648,1.65,-0.00235211,0.0,201.0,1.004476e-13,5.022379e-14,1.042945e-18,2.085889e-18,1.0,0.0001156548,7.067058e-11,7.267389e-05,7.267385e-05,1.310603,-0.000538855,93.65296,96.00237,1.310601,93.65296,83.47314,0.3097484,93.65281,63.7202,0.03186905,93.63781,43.72268,0.003193329,92.26259,23.71705,0.0003738719,63.83111,0.0,0.0006436668,13749320.0
typical,27,3.30,87,1019572392,58874105,250201949,1,0,1.627073,1.65,-0.0229269,0.0,201.0,9.960949e-14,4.980475e-14,5.783116e-19,1.156623e-18,1.0,0.000128677,1.168559e-10,6.694212e-05,6.694207e-05,0.7267278,-0.000286739,98.70218,95.9296,0.7267266,98.70217,83.73644,0.1785309,98.7019,64.00399,0.01841216,98.67439,44.0067,0.001847631,96.36028,24.00108,0.0002410128,64.33107,0.0,0.0006073668,14119410.0
typical,27,3.30,88,610332930,1212305476,250201949,1,0,1.647271,1.65,-0.0027286,0.0,201.0,1.00269e-13,5.013452e-14,2.795957e-18,5.591915e-18,1.0,0.000120398,2.559375e-11,7.134711e-05,7.134709e-05,3.513504,-0.00143127,85.07213,95.98692,3.513498,85.07213,83.5332,0.8376331,85.07207,63.78471,0.08622477,85.06687,43.78725,0.008630165,84.56243,23.78158,0.0009140239,63.81128,0.0,0.0006450008,13825570.0
typical,27,3.30,89,1588055191,1033719776,250201949,1,0,1.64217,1.65,-0.0078303,0.0,201.0,1.016062e-13,5.080308e-14,1.366248e-19,2.732496e-19,1.0,1.793401e-05,5.553318e-10,7.751517e-05,7.751546e-05,-0.171688,7.289328e-05,111.4072,96.10198,0.1716875,111.4072,83.30783,0.03935777,111.4082,63.53986,0.004041859,111.5108,43.54219,0.0003995477,116.9745,23.53643,2.128606e-05,64.55358,0.0,0.0005924798,13492360.0
typical,27,3.30,90,340966819,558790171,250201949,1,0,1.636848,1.65,-0.0131515,0.0,201.0,1.008444e-13,5.042222e-14,9.05702e-19,1.811404e-18,1.0,0.0001204232,8.11724e-11,7.28737e-05,7.287366e-05,1.138139,-0.000468572,94.91273,96.03662,1.138137,94.91273,83.49613,0.2686397,94.91257,63.74253,0.02763744,94.89666,43.74501,0.002769601,93.43803,23.73928,0.0003273878,64.28214,0.0,0.0006110944,13759610.0
typical,27,3.30,91,1775073255,1623649699,250201949,1,0,1.637022,1.65,-0.0129779,0.0,201.0,1.003756e-13,5.018782e-14,1.841127e-18,3.682253e-18,1.0,0.0001213598,3.795719e-11,7.108512e-05,7.108509e-05,2.313628,-0.000940747,88.71029,95.99615,2.313624,88.71029,83.5575,0.5525357,88.71021,63.80991,0.05688332,88.70234,43.81246,0.005695158,87.95165,23.80678,0.0006205207,64.13581,0.0,0.0006213669,13856840.0
typical,27,3.30,92,116870257,745977231,250201949,1,0,1.629526,1.65,-0.0204743,0.0,201.0,1.013068e-13,5.065342e-14,1.902148e-18,3.804295e-18,1.0,4.592465e-05,3.920775e-11,7.501126e-05,7.501128e-05,-2.39031,0.0009984095,88.50729,96.07636,2.390305,88.50729,83.41721,0.5565394,88.50737,63.65678,0.0572098,88.51498,43.65918,0.005717551,89.30923,23.65348,0.0005214502,64.91857,0.0,0.0005681869,13654980.0
typical,27,3.30,93,557225235,1825767549,250201949,1,0,1.631122,1.65,-0.0188781,0.0,201.0,1.006469e-13,5.032345e-14,2.254508e-18,4.509015e-18,1.0,0.0001190617,3.115019e-11,7.241662e-05,7.241661e-05,2.833098,-0.0011627,86.97437,96.01959,2.833093,86.97437,83.5049,0.670697,86.97431,63.7528,0.06901203,86.9678,43.7553,0.00690836,86.34374,23.74956,0.0007418076,64.30486,0.0,0.0006094072,13770700.0
typical,27,3.30,94,1885297475,1649262184,250201949,1,0,1.633176,1.65,-0.0168242,0.0,201.0,1.006744e-13,5.033718e-14,1.533612e-19,3.067224e-19,1.0,1.259509e-05,4.530847e-10,7.115178e-05,7.115199e-05,-0.192719,7.840525e-05,110.3235,96.02196,0.1927191,110.3235,83.57946,0.04600437,110.3244,63.83164,0.004735467,110.4156,43.83418,0.0004687385,121.8244,23.82843,1.259509e-05,64.46653,0.0,0.0005982376,13869920.0
typical,27,3.30,95,1475463468,1761634840,250201949,1,0,1.641496,1.65,-0.00850361,0.0,201.0,1.00326e-13,5.0163e-14,1.865124e-18,3.730247e-18,1.0,0.0001212717,3.767298e-11,7.182664e-05,7.182662e-05,2.343784,-0.000957963,88.59352,95.99185,2.343779,88.59352,83.51069,0.5570046,88.59344,63.76057,0.05732669,88.58547,43.76309,0.005739591,87.8273,23.75744,0.0006259026,64.11582,0.0,0.0006228298,13798280.0
typical,27,3.30,96,2121431237,385421631,250201949,1,0,1.639552,1.65,-0.0104483,0.0,201.0,1.00634e-13,5.031702e-14,1.065794e-18,2.131588e-18,1.0,0.0001258751,6.689049e-11,7.372802e-05,7.372799e-05,1.339316,-0.00055462,93.48083,96.01848,1.339314,93.48083,83.43018,0.3143891,93.4807,63.6738,0.03233368,93.46711,43.67625,0.003239343,92.20661,23.67062,0.0003742833,64.25909,0.0,0.000612748,13689780.0
typical,27,3.30,97,1414413312,1629196673,250201949,1,0,1.644642,1.65,-0.00535789,0.0,201.0,1.011874e-13,5.059372e-14,1.981474e-18,3.962947e-18,1.0,0.0001161304,3.630873e-11,7.552427e-05,7.552426e-05,2.489993,-0.0010436,88.14217,96.06611,2.489989,88.14216,83.37897,0.5778832,88.14209,63.61695,0.05939405,88.13471,43.61934,0.005946087,87.42783,23.61361,0.0006445977,64.15954,0.0,0.0006197833,13596680.0
typical,27,3.30,98,1330403132,1545762894,250201949,1,0,1.634533,1.65,-0.0154666,0.0,201.0,1.011314e-13,5.056572e-14,4.940937e-19,9.881873e-19,1.0,2.215807e-05,1.507203e-10,7.463841e-05,7.463848e-05,-0.620896,0.0002586934,100.2009,96.06131,0.6208953,100.2009,83.42262,0.1449052,100.2012,63.66335,0.01489724,100.2304,43.66577,0.001485152,103.7192,23.66005,9.93219e-05,64.59862,0.0,0.0005893814,13659670.0
typical,27,3.30,99,100352184,1174405861,250201949,1,0,1.64395,1.65,-0.00605035,0.0,201.0,1.008364e-13,5.041822e-14,1.26861e-18,2.53722e-18,1.0,0.0001209074,5.637446e-11,7.430204e-05,7.430201e-05,1.594182,-0.00066273,91.98519,96.03593,1.594179,91.98519,83.4158,0.372847,91.98507,63.65759,0.03833768,91.97353,43.66002,0.00383994,90.89095,23.65435,0.0004346805,64.14167,0.0,0.0006210874,13662280.0
typical,27,3.30,100,776146996,1658587438,250201949,1,0,1.638677,1.65,-0.0113227,0.0,201.0,1.005086e-13,5.025432e-14,6.828477e-19,1.365695e-18,1.0,0.0001183081,1.02375e-10,7.121984e-05,7.121978e-05,0.8580917,-0.00034925,97.33699,96.00765,0.8580902,97.33699,83.56125,0.2047448,97.33678,63.8132,0.02107759,97.31557,43.81573,0.00211353,95.42096,23.81004,0.0002626963,64.13501,0.0,0.0006214816,13858230.0
typical,27,3.30,101,634305501,251946914,250201949,1,0,1.628136,1.65,-0.0218643,0.0,201.0,1.009286e-13,5.046429e-14,3.003062e-20,6.006124e-20,1.0,4.734228e-05,2.348202e-09,7.328691e-05,7.328579e-05,0.03773759,-1.55723e-05,124.5084,96.04386,0.03773753,124.5083,83.48025,0.008883743,124.5015,63.72529,0.0009145092,123.8595,43.72776,9.849504e-05,107.7965,23.72203,6.255733e-05,64.69922,0.0,0.0005825104,13736650.0
typical,27,3.30,102,2140510230,753845569,250201949,1,0,1.63442,1.65,-0.0155799,0.0,201.0,1.008838e-13,5.044189e-14,4.533255e-19,9.06651e-19,1.0,1.400424e-05,1.620464e-10,7.279838e-05,7.279846e-05,-0.569666,0.0002344069,100.9276,96.04001,0.5696646,100.9276,83.50376,0.1345261,100.9279,63.7504,0.01383957,100.9598,43.75288,0.00137928,104.9051,23.74716,8.751869e-05,64.52989,0.0,0.0005939885,13771840.0
typical,27,3.30,103,1073390287,1745657164,250201949,1,0,1.63621,1.65,-0.0137902,0.0,201.0,1.008561e-13,5.042803e-14,1.98409e-18,3.96818e-18,1.0,5.367962e-05,3.720402e-11,7.319562e-05,7.319564e-05,-2.49328,0.001028737,88.10221,96.03762,2.493277,88.10221,83.47905,0.5872756,88.10229,63.72439,0.06040951,88.1096,43.72686,0.006037581,88.87068,23.72119,0.000552746,64.66828,0.0,0.0005847285,13748860.0
typical,27,3.30,104,2035304040,1419838590,250201949,1,0,1.64113,1.65,-0.00887022,0.0,201.0,1.003319e-13,5.016595e-14,1.931916e-18,3.863831e-18,1.0,0.000121423,3.77014e-11,7.09438e-05,7.094378e-05,2.427717,-0.000986158,88.28842,95.99236,2.427713,88.28842,83.56186,0.5803264,88.28834,63.81476,0.05974769,88.28086,43.81731,0.005981669,87.56571,23.81164,0.0006490774,64.04175,0.0,0.0006281267,13863070.0
typical,27,3.30,105,45540415,1569537150,250201949,1,0,1.644182,1.65,-0.00581799,0.0,201.0,1.00728e-13,5.0364e-14,8.679814e-20,1.735963e-19,1.0,4.326226e-05,8.121788e-10,7.222687e-05,7.222729e-05,-0.109074,4.468871e-05,115.2722,96.02659,0.1090736,115.2722,83.52263,0.02585361,115.2728,63.77116,0.002660226,115.3306,43.77366,0.0002643342,109.6327,23.76794,5.090547e-05,64.11829,0.0,0.000622765,13798550.0
typical,27,3.30,106,1494318629,1444120260,250201949,1,0,1.643065,1.65,-0.00693542,0.0,201.0,1.012071e-13,5.060354e-14,2.22707e-19,4.45414e-19,1.0,0.0001165469,3.223164e-10,7.5438e-05,7.543784e-05,0.2798619,-0.000117241,107.1289,96.0678,0.2798614,107.1289,83.38536,0.06498621,107.1282,63.62361,0.00667991,107.0547,43.626,0.0006738537,101.9029,23.62026,0.0001218618,64.32723,0.0,0.0006080554,13605720.0
typical,27,3.30,107,1942782985,605904101,250201949,1,0,1.650133,1.65,0.0001333213,0.0,201.0,1.003223e-13,5.016117e-14,2.938684e-18,5.877367e-18,1.0,0.0001212273,2.403056e-11,7.210252e-05,7.210251e-05,3.692859,-0.00151229,84.6443,95.99153,3.692852,84.6443,83.49466,0.8760288,84.64425,63.74362,0.09015057,84.63932,43.74612,0.00902278,84.16002,23.7405,0.0009528491,63.60814,0.0,0.0006602854,13782660.0
typical,27,3.30,108,723015751,387991322,250201949,1,0,1.631474,1.65,-0.0185263,0.0,201.0,1.006195e-13,5.030974e-14,2.134297e-19,4.268594e-19,1.0,1.709363e-06,3.304024e-10,7.253444e-05,7.253461e-05,-0.268204,0.0001101639,107.4479,96.01722,0.2682032,107.448,83.49586,0.06344471,107.4486,63.74337,0.006527356,107.5163,43.74586,0.000647852,120.7256,23.74021,1.414909e-05,64.55415,0.0,0.0005923152,13775390.0
typical,27,3.30,109,882663314,1481627484,250201949,1,0,1.638166,1.65,-0.011834,0.0,201.0,1.005053e-13,5.025265e-14,2.979018e-19,5.958035e-19,1.0,7.344524e-06,2.361702e-10,7.217512e-05,7.217524e-05,-0.374354,0.0001533833,104.5417,96.00736,0.3743537,104.5417,83.50636,0.08876295,104.5422,63.75507,0.009133617,104.5912,43.75757,0.0009084815,111.8374,23.7519,3.9421e-05,64.44924,0.0,0.0005995087,13788130.0
typical,27,3.30,110,357900009,1472357459,250201949,1,0,1.638416,1.65,-0.0115837,0.0,201.0,1.00889e-13,5.044451e-14,7.484926e-20,1.496985e-19,1.0,7.294812e-05,9.872281e-10,7.364079e-05,7.364028e-05,0.09405835,-3.89371e-05,116.5725,96.04046,0.09405818,116.5725,83.45704,0.02209159,116.5701,63.70095,0.002272711,116.3302,43.7034,0.0002337004,105.7862,23.69768,7.862789e-05,64.31924,0.0,0.0006085742,13708860.0
typical,27,3.30,111,1254802414,834909530,250201949,1,0,1.639046,1.65,-0.0109535,0.0,201.0,1.007706e-13,5.038531e-14,5.631569e-19,1.126314e-18,1.0,0.0001215166,1.311093e-10,7.339208e-05,7.339201e-05,0.7076839,-0.000292394,99.03349,96.03026,0.7076826,99.03349,83.4607,0.1664795,99.03323,63.7054,0.01712414,99.00721,43.70786,0.001718038,96.73715,23.70215,0.0002229716,64.29699,0.0,0.0006100989,13714230.0
typical,27,3.30,112,914822755,1576301215,250201949,1,0,1.637988,1.65,-0.0120125,0.0,201.0,1.007112e-13,5.03556e-14,9.601383e-19,1.920277e-18,1.0,2.758163e-05,7.602807e-11,7.170617e-05,7.170621e-05,-1.20655,0.0004927341,94.39428,96.02514,1.206543,94.39428,83.55085,0.2869647,94.39443,63.80114,0.0295349,94.4096,43.80366,0.002949191,96.07031,23.79795,0.0002434344,64.4293,0.0,0.0006008826,13838830.0
typical,27,3.30,113,1021247041,1152237904,250201949,1,0,1.63455,1.65,-0.0154501,0.0,201.0,9.943673e-14,4.971836e-14,1.168247e-18,2.336495e-18,1.0,0.0001305216,6.004086e-11,6.824318e-05,6.824315e-05,1.468063,-0.000584869,92.57964,95.91452,1.46806,92.57964,83.64276,0.3574013,92.57951,63.90537,0.03683772,92.56693,43.90802,0.003690241,91.4012,23.90251,0.0004217597,64.11681,0.0,0.000622638,14012510.0
typical,27,3.30,114,479665842,121848307,250201949,1,0,1.637846,1.65,-0.0121543,0.0,201.0,1.003961e-13,5.019805e-14,6.224519e-19,1.244904e-18,1.0,0.0001199231,1.11342e-10,7.021405e-05,7.021399e-05,0.7821961,-0.000316098,98.13162,95.99792,0.7821948,98.13162,83.60975,0.1878912,98.13139,63.8652,0.01935043,98.10834,43.86777,0.00194076,96.06896,23.86208,0.0002452767,64.17476,0.0,0.0006185915,13925210.0
typical,27,3.30,115,1979798181,849093393,250201949,1,0,1.64797,1.65,-0.00202978,0.0,201.0,1.006661e-13,5.033303e-14,2.574348e-18,5.148695e-18,1.0,0.0001157408,2.721379e-11,7.16113e-05,7.161129e-05,3.235021,-0.00132027,85.82372,96.02124,3.235015,85.82372,83.55238,0.7698984,85.82366,63.803,0.07924407,85.81806,43.80552,0.007931821,85.276,23.79975,0.0008436989,63.76638,0.0,0.0006483537,13828720.0
typical,27,3.30,116,2117712289,1851728359,250201949,1,0,1.639348,1.65,-0.0106523,0.0,201.0,1.000731e-13,5.003655e-14,5.466316e-19,1.093263e-18,1.0,0.0001187251,1.261213e-10,6.933398e-05,6.933391e-05,0.6869175,-0.000275852,99.23185,95.96993,0.6869163,99.23185,83.63336,0.1659875,99.23159,63.89196,0.01710088,99.2053,43.89456,0.001715787,96.91243,23.88892,0.000223267,64.0563,0.0,0.0006270493,13969350.0
typical,27,3.30,117,1919254044,1022994566,250201949,1,0,1.634716,1.65,-0.0152838,0.0,201.0,1.000571e-13,5.002853e-14,2.334335e-18,4.668669e-18,1.0,0.0001235867,2.954437e-11,6.943091e-05,6.943089e-05,2.933411,-0.0011788,86.62109,95.96854,2.933406,86.62109,83.62625,0.7083662,86.62103,63.8845,0.07297487,86.61482,43.8871,0.007304895,86.01798,23.88144,0.0007819395,64.03123,0.0,0.0006288124,13956150.0
typical,27,3.30,118,1332419948,2135393777,250201949,1,0,1.634587,1.65,-0.0154128,0.0,201.0,9.982074e-14,4.991037e-14,9.440145e-19,1.888029e-18,1.0,0.0001289749,7.307221e-11,6.901864e-05,6.90186e-05,1.186284,-0.000475288,94.46424,95.948,1.186282,94.46424,83.63006,0.2872706,94.46409,63.88981,0.02959961,94.44869,43.89243,0.002966107,93.04207,23.88685,0.0003485293,64.21008,0.0,0.0006160219,13980190.0
typical,27,3.30,119,467765202,186039349,250201949,1,0,1.646399,1.65,-0.00360072,0.0,201.0,1.002642e-13,5.01321e-14,1.742089e-19,3.484179e-19,1.0,2.420599e-05,4.071268e-10,7.255365e-05,7.255387e-05,-0.218917,8.992112e-05,109.1809,95.9865,0.218917,109.1809,83.46405,0.05177934,109.1817,63.71149,0.005327093,109.2592,43.71399,0.0005281303,116.03,23.70843,2.420599e-05,64.17175,0.0,0.0006189901,13754660.0
typical,27,3.30,120,1846824126,1717937603,250201949,1,0,1.648943,1.65,-0.0010567,0.0,201.0,1.007749e-13,5.038744e-14,6.756218e-19,1.351244e-18,1.0,0.0001125353,1.093241e-10,7.320316e-05,7.32031e-05,0.8490114,-0.000350344,97.45237,96.03063,0.8490099,97.45237,83.47164,0.1999694,97.45214,63.71696,0.02057032,97.42885,43.71942,0.00206314,95.38632,23.71372,0.0002608375,63.98709,0.0,0.0006322424,13731700.0
typical,27,3.30,121,2126434687,809721325,250201949,1,0,1.648488,1.65,-0.00151177,0.0,201.0,9.963401e-14,4.9817e-14,3.70489e-18,7.40978e-18,1.0,0.0001246321,1.861622e-11,6.850189e-05,6.850188e-05,4.655702,-0.00185836,82.57205,95.93173,4.655694,82.57205,83.64452,1.131419,82.57201,63.90616,0.1166025,82.56815,43.9088,0.01166897,82.192,23.90319,0.001217754,63.48063,0.0,0.0006699125,13994210.0
typical,27,3.30,122,1895268951,1841585418,250201949,1,0,1.645537,1.65,-0.00446312,0.0,201.0,1.007273e-13,5.036364e-14,2.161856e-18,4.323713e-18,1.0,0.000121028,3.279865e-11,7.324584e-05,7.324583e-05,2.716669,-0.00112131,87.34581,96.02652,2.716664,87.3458,83.46514,0.6396861,87.34574,63.71032,0.06580049,87.33903,43.71279,0.006587003,86.69335,23.70708,0.0007090655,63.90995,0.0,0.0006377976,13722070.0
typical,27,3.30,123,464750382,290246678,250201949,1,0,1.638238,1.65,-0.0117615,0.0,201.0,9.983756e-14,4.991878e-14,1.545142e-18,3.090285e-18,1.0,0.0001206549,4.585843e-11,6.765182e-05,6.76518e-05,1.941683,-0.000770211,90.18591,95.94946,1.94168,90.18591,83.71325,0.4746432,90.18582,63.97809,0.04893431,90.17659,43.98076,0.004900142,89.30215,23.97507,0.0005415592,63.91321,0.0,0.0006373452,14070350.0
typical,27,3.30,124,168915960,1901688109,250201949,1,0,1.638471,1.65,-0.0115293,0.0,201.0,1.000973e-13,5.004863e-14,1.686692e-18,3.373384e-18,1.0,0.0001214951,4.081357e-11,6.93464e-05,6.934638e-05,2.11956,-0.000851232,89.44713,95.97203,2.119556,89.44713,83.63472,0.5121293,89.44704,63.89327,0.05276082,89.43851,43.89588,0.005282852,88.6278,23.89018,0.0005795875,64.02837,0.0,0.0006290385,13959810.0
typical,27,3.30,125,1057371930,1805080684,250201949,1,0,1.637063,1.65,-0.0129365,0.0,201.0,1.00152e-13,5.007601e-14,4.76971e-19,9.53942e-19,1.0,1.055764e-05,1.521983e-10,7.039565e-05,7.039573e-05,-0.599379,0.0002425334,100.4228,95.97678,0.5993784,100.4228,83.57803,0.1438015,100.4231,63.83284,0.01480774,100.4535,43.83541,0.001476024,104.2114,23.82981,9.570182e-05,64.35256,0.0,0.0006061289,13902530.0
typical,27,3.30,126,5712560,1833690655,250201949,1,0,1.646946,1.65,-0.00305449,0.0,201.0,9.971914e-14,4.985957e-14,2.693955e-18,5.38791e-18,1.0,0.000124293,2.570744e-11,6.935953e-05,6.935952e-05,3.385323,-0.0013597,85.34716,95.93915,3.385318,85.34716,83.60107,0.8178909,85.34711,63.85958,0.08426037,85.34168,43.86219,0.008433839,84.81672,23.8566,0.0008953524,63.74793,0.0,0.0006496642,13939100.0
typical,27,3.30,127,44534954,347163123,250201949,1,0,1.643404,1.65,-0.00659591,0.0,201.0,1.006755e-13,5.033777e-14,2.084565e-18,4.169129e-18,1.0,0.0001224544,3.4035e-11,7.320348e-05,7.320346e-05,2.619541,-0.0010809,87.65757,96.02206,2.619537,87.65757,83.46305,0.6169843,87.6575,63.70837,0.06346633,87.65058,43.71084,0.0063535,86.98507,23.70516,0.0006854954,64.00275,0.0,0.0006310206,13726630.0
typical,27,3.30,128,129202832,503557099,250201949,1,0,1.635867,1.65,-0.0141333,0.0,201.0,1.000031e-13,5.000156e-14,1.017989e-18,2.035979e-18,1.0,0.0001254028,7.089795e-11,6.977565e-05,6.977561e-05,1.279243,-0.000515344,93.82481,95.96385,1.279241,93.8248,83.60131,0.3081947,93.82466,63.85832,0.03174553,93.81062,43.86091,0.003180639,92.5128,23.85528,0.0003690833,64.13713,0.0,0.0006212587,13929600.0
typical,27,3.30,129,1075252088,1064741940,250201949,1,0,1.643886,1.65,-0.00611361,0.0,201.0,1.00579e-13,5.028951e-14,1.383301e-18,2.766603e-18,1.0,0.0001216767,5.128697e-11,7.295293e-05,7.29529e-05,1.738308,-0.000716056,91.21121,96.01373,1.738305,91.21121,83.46879,0.4100896,91.21111,63.71492,0.04218817,91.20057,43.7174,0.004225141,90.20711,23.71176,0.0004734046,64.02915,0.0,0.000629141,13742950.0
typical,27,3.30,130,1659276464,978529187,250201949,1,0,1.652838,1.65,0.002838124,0.0,201.0,1.007586e-13,5.037929e-14,1.878951e-18,3.757901e-18,1.0,0.0001116523,3.942091e-11,7.315427e-05,7.315425e-05,2.361159,-0.000973969,88.56673,96.02922,2.361155,88.56673,83.47297,0.5563038,88.56665,63.71845,0.05722552,88.55876,43.72092,0.005729386,87.8034,23.71521,0.0006245835,63.77377,0.0,0.0006478899,13733450.0
typical,27,3.30,131,882993829,1344218175,250201949,1,0,1.636988,1.65,-0.0130122,0.0,201.0,1.000833e-13,5.004167e-14,1.541746e-19,3.083492e-19,1.0,0.000101517,4.701803e-10,7.019614e-05,7.019588e-05,0.1937415,-7.82909e-05,110.2264,95.97082,0.1937412,110.2264,83.5837,0.04654431,110.2254,63.83922,0.004793929,110.1276,43.84179,0.0004849662,103.7054,23.83621,0.000101517,64.15162,0.0,0.0006202748,13912530.0
typical,27,3.30,132,1193978177,557043035,250201949,1,0,1.635272,1.65,-0.0147283,0.0,201.0,1.01032e-13,5.051598e-14,2.258487e-19,4.516973e-19,1.0,0.0001159441,3.12113e-10,7.312239e-05,7.312223e-05,0.2838098,-0.000117041,106.9922,96.05276,0.2838093,106.9922,83.4983,0.06688123,106.9916,63.74388,0.006880429,106.9273,43.74635,0.0006933514,102.1435,23.74057,0.0001201859,64.46405,0.0,0.000598475,13750110.0
typical,27,3.30,133,1219140548,496725995,250201949,1,0,1.64148,1.65,-0.0085202,0.0,201.0,1.010826e-13,5.05413e-14,2.175028e-18,4.350056e-18,1.0,0.0001192138,3.447553e-11,7.547456e-05,7.547454e-05,2.733221,-0.00114516,87.32363,96.05711,2.733216,87.32363,83.37267,0.6345296,87.32356,63.6108,0.06521718,87.31687,43.6132,0.006528543,86.67361,23.60749,0.0007025774,64.23978,0.0,0.000614069,13594750.0
typical,27,3.30,134,811395693,1081910121,250201949,1,0,1.641956,1.65,-0.00804404,0.0,201.0,1.007099e-13,5.035495e-14,1.94849e-18,3.896981e-18,1.0,0.0001171105,3.760192e-11,7.221668e-05,7.221666e-05,2.448545,-0.00100351,88.24688,96.02503,2.448541,88.24688,83.52167,0.5804164,88.2468,63.77024,0.05972717,88.23941,43.77274,0.005979522,87.53132,23.76699,0.000648311,64.02754,0.0,0.0006291958,13790580.0
typical,27,3.30,135,1565515174,1573062532,250201949,1,0,1.643529,1.65,-0.00647075,0.0,201.0,9.998652e-14,4.999326e-14,2.486843e-18,4.973686e-18,1.0,0.000125812,2.870593e-11,7.067349e-05,7.067347e-05,3.125059,-0.001267,86.06526,95.96241,3.125054,86.06526,83.54754,0.7483659,86.0652,63.80138,0.07705643,86.05936,43.80394,0.007713102,85.49539,23.79834,0.0008225219,63.86521,0.0,0.0006410032,13861340.0
typical,27,3.30,136,1408954321,1672307529,250201949,1,0,1.641446,1.65,-0.00855396,0.0,201.0,9.968768e-14,4.984384e-14,1.85124e-18,3.70248e-18,1.0,0.0001234365,3.727507e-11,6.898766e-05,6.898764e-05,2.326337,-0.000931859,88.60298,95.93641,2.326333,88.60298,83.62031,0.5634648,88.6029,63.88017,0.0580582,88.59512,43.88279,0.005812778,87.85198,23.87721,0.0006327923,63.86525,0.0,0.0006409563,13965920.0
typical,27,3.30,137,1226614105,30594168,250201949,1,0,1.648097,1.65,-0.00190316,0.0,201.0,1.008846e-13,5.044231e-14,6.26116e-19,1.252232e-18,1.0,0.0001101989,1.176375e-10,7.302253e-05,7.302247e-05,0.7868005,-0.000324268,98.1228,96.04008,0.7867991,98.1228,83.49123,0.1855331,98.12256,63.73713,0.01908661,98.09812,43.73961,0.001914583,95.95823,23.73385,0.000244783,64.03926,0.0,0.0006284489,13747950.0
typical,27,3.30,138,1058929177,1308354816,250201949,1,0,1.63933,1.65,-0.0106697,0.0,201.0,9.950717e-14,4.975359e-14,1.86413e-19,3.728259e-19,1.0,0.0001149911,3.677627e-10,6.810314e-05,6.810294e-05,0.2342534,-9.32425e-05,108.527,95.92067,0.2342531,108.527,83.65732,0.05708447,108.5261,63.92045,0.005884606,108.4408,43.9231,0.0005944478,102.7043,23.91757,0.0001149911,63.90696,0.0,0.0006378703,14029450.0
typical,27,3.30,139,53733599,1054411946,250201949,1,0,1.649258,1.65,-0.000741756,0.0,201.0,9.996555e-14,4.998278e-14,2.543707e-18,5.087414e-18,1.0,0.0001180989,2.833644e-11,6.929951e-05,6.929949e-05,3.196517,-0.00128333,85.86707,95.96059,3.196511,85.86706,83.62605,0.7725902,85.86701,63.88477,0.07959543,85.86138,43.88738,0.0079671,85.31618,23.88174,0.0008477695,63.60158,0.0,0.0006606985,13959890.0
typical,27,3.30,140,673831711,865096016,250201949,1,0,1.637029,1.65,-0.0129706,0.0,201.0,1.002406e-13,5.012029e-14,1.045841e-19,2.091682e-19,1.0,2.072016e-05,6.638743e-10,7.031187e-05,7.031221e-05,-0.131424,5.314002e-05,113.611,95.98445,0.131424,113.611,83.59056,0.03154855,113.6122,63.84567,0.00324843,113.7352,43.84824,0.0003203684,114.5914,23.8426,2.90108e-05,64.17615,0.0,0.0006185374,13911380.0
typical,27,3.30,141,857021063,1358284948,250201949,1,0,1.640621,1.65,-0.00937899,0.0,201.0,1.000928e-13,5.004638e-14,1.918066e-18,3.836133e-18,1.0,0.0001235832,3.622347e-11,7.019505e-05,7.019503e-05,2.410313,-0.000973917,88.33018,95.97164,2.410309,88.33018,83.58457,0.5790545,88.3301,63.84009,0.05963471,88.32266,43.84266,0.005970355,87.60935,23.83702,0.0006477143,63.89264,0.0,0.0006389813,13903150.0
typical,27,3.30,142,79409913,578866209,250201949,1,0,1.640362,1.65,-0.00963783,0.0,201.0,1.001913e-13,5.009563e-14,1.369163e-18,2.738325e-18,1.0,0.0001261779,5.24949e-11,7.159683e-05,7.15968e-05,1.72054,-0.000702102,91.2669,95.98018,1.720537,91.2669,83.51215,0.4095083,91.26679,63.76281,0.04215034,91.25606,43.76534,0.004221469,90.25009,23.75974,0.0004736774,64.19515,0.0,0.0006171882,13812010.0
typical,27,3.30,143,1983545063,1095231384,250201949,1,0,1.639745,1.65,-0.010255,0.0,201.0,1.000903e-13,5.004515e-14,4.254035e-19,8.50807e-19,1.0,4.890196e-05,1.652438e-10,7.143426e-05,7.143435e-05,-0.534578,0.0002178833,101.4112,95.97142,0.5345769,101.4112,83.5127,0.127372,101.4115,63.76391,0.01311052,101.4408,43.76644,0.001307019,104.5311,23.76091,9.15146e-05,64.12494,0.0,0.0006222916,13825200.0
typical,27,3.30,144,853220683,2090868806,250201949,1,0,1.639034,1.65,-0.0109662,0.0,201.0,1.00655e-13,5.032752e-14,2.427714e-19,4.855427e-19,1.0,1.579837e-05,2.905125e-10,7.258375e-05,7.25839e-05,-0.305075,0.0001253448,106.3322,96.02029,0.3050749,106.3322,83.49614,0.07214376,106.3328,63.74349,0.007422269,106.392,43.74598,0.0007373924,115.4048,23.7403,2.610801e-05,64.37675,0.0,0.0006045416,13769980.0
typical,27,3.30,145,271673838,2147329308,250201949,1,0,1.629074,1.65,-0.0209265,0.0,201.0,9.992794e-14,4.996397e-14,1.139755e-18,2.27951e-18,1.0,0.000123848,6.222933e-11,6.797307e-05,6.797304e-05,1.432258,-0.000569473,92.83691,95.95732,1.432256,92.83691,83.70177,0.3493356,92.83678,63.96538,0.03601059,92.82389,43.96805,0.003607513,91.63346,23.96237,0.0004134715,64.21997,0.0,0.0006152455,14056640.0
typical,27,3.30,146,1095731603,1183634964,250201949,1,0,1.63301,1.65,-0.0169895,0.0,201.0,1.004298e-13,5.021489e-14,7.764055e-19,1.552811e-18,1.0,0.0001188629,8.887469e-11,7.012276e-05,7.012271e-05,0.97566,-0.000394017,96.21488,96.00083,0.9756583,96.21488,83.61798,0.2345068,96.21469,63.87376,0.02415202,96.19604,43.87634,0.002421111,94.51717,23.87058,0.0002935424,64.28156,0.0,0.0006110247,13923720.0
typical,27,3.30,147,959207314,487127855,250201949,1,0,1.641229,1.65,-0.00877149,0.0,201.0,9.920102e-14,4.960051e-14,2.141826e-18,4.283652e-18,1.0,0.0001271287,3.18181e-11,6.697155e-05,6.697154e-05,2.691498,-0.00106226,87.29404,95.89391,2.691494,87.29404,83.69895,0.6610674,87.29397,63.96639,0.06817435,87.28736,43.9691,0.006824752,86.65126,23.9636,0.0007338666,63.66509,0.0,0.0006557878,14095570.0
typical,27,3.30,148,289540357,1945965975,250201949,1,0,1.64156,1.65,-0.00844033,0.0,201.0,1.007756e-13,5.038778e-14,2.219674e-18,4.439349e-18,1.0,0.0001178305,3.191758e-11,7.337344e-05,7.337343e-05,2.789325,-0.0011523,87.12072,96.03069,2.78932,87.12072,83.46217,0.6562545,87.12065,63.70693,0.06750154,87.11417,43.70939,0.00675711,86.4895,23.70365,0.0007256169,64.01861,0.0,0.0006298664,13710920.0
typical,27,3.30,149,536925388,2074942125,250201949,1,0,1.641228,1.65,-0.00877199,0.0,201.0,1.003711e-13,5.018557e-14,2.478634e-18,4.957268e-18,1.0,0.0001232316,2.823697e-11,7.122463e-05,7.122461e-05,3.114744,-0.00126774,86.12733,95.99576,3.114738,86.12733,83.54908,0.743169,86.12727,63.80101,0.07650452,86.12149,43.80355,0.007657782,85.56305,23.79788,0.0008160967,63.91538,0.0,0.0006373194,13847160.0
typical,27,3.30,150,164522721,742843649,250201949,1,0,1.630585,1.65,-0.0194152,0.0,201.0,1.003033e-13,5.015166e-14,2.281996e-18,4.563992e-18,1.0,0.0001214391,3.103651e-11,7.048182e-05,7.048181e-05,2.867641,-0.00116105,86.83941,95.98989,2.867636,86.83941,83.58613,0.6876008,86.83934,63.84064,0.07080518,86.83302,43.84321,0.007087766,86.22587,23.83749,0.0007595932,64.21576,0.0,0.0006156332,13887880.0
typical,27,3.30,151,247125088,2090793989,250201949,1,0,1.643411,1.65,-0.00658889,0.0,201.0,1.001063e-13,5.005314e-14,2.074801e-18,4.149601e-18,1.0,0.0001212552,3.355183e-11,7.026263e-05,7.026261e-05,2.607271,-0.00105401,87.6491,95.97281,2.607267,87.6491,83.5818,0.6260878,87.64903,63.83709,0.06447669,87.64213,43.83966,0.006454704,86.97899,23.83402,0.0006962281,63.80445,0.0,0.0006454991,13900370.0
typical,27,3.30,152,418177316,1282252564,250201949,1,0,1.641134,1.65,-0.00886583,0.0,201.0,1.004087e-13,5.020433e-14,2.125456e-18,4.250912e-18,1.0,0.000122553,3.292655e-11,7.132372e-05,7.132371e-05,2.670927,-0.00108786,87.46578,95.99901,2.670922,87.46578,83.54663,0.636858,87.46571,63.79822,0.06555799,87.45895,43.80076,0.006562817,86.80913,23.79508,0.0007068021,63.94461,0.0,0.0006351969,13842060.0
typical,27,3.30,153,918161026,2076665065,250201949,1,0,1.638454,1.65,-0.0115461,0.0,201.0,1.003874e-13,5.019372e-14,3.44472e-19,6.889441e-19,1.0,2.51693e-05,2.060716e-10,7.298451e-05,7.298462e-05,-0.432876,0.0001783419,103.2699,95.99717,0.4328755,103.2699,83.45044,0.1021002,103.2703,63.69647,0.01050286,103.311,43.69895,0.001045681,108.3949,23.69338,5.820003e-05,64.36312,0.0,0.000605528,13732460.0
typical,27,3.30,154,841102576,1916996193,250201949,1,0,1.643775,1.65,-0.00622535,0.0,201.0,1.007581e-13,5.037903e-14,1.203513e-18,2.407026e-18,1.0,0.0001167971,5.856293e-11,7.292672e-05,7.292669e-05,1.512379,-0.000622875,92.43598,96.02918,1.512377,92.43598,83.48571,0.3568506,92.43586,63.73193,0.03671162,92.42371,43.7344,0.00367735,91.28769,23.72866,0.0004188407,64.08065,0.0,0.0006254279,13743670.0
typical,27,3.30,155,557433351,892240817,250201949,1,0,1.640038,1.65,-0.00996203,0.0,201.0,1.010206e-13,5.051032e-14,2.320008e-19,4.640016e-19,1.0,2.257454e-05,3.073239e-10,7.4091e-05,7.409116e-05,-0.291541,0.0001210176,106.7578,96.05178,0.2915403,106.7578,83.44332,0.06827707,106.7584,63.68577,0.007020499,106.8182,43.68821,0.0006974308,114.5501,23.68251,2.861665e-05,64.43883,0.0,0.0006002863,13691440.0
typical,27,3.30,156,1385174125,1178463143,250201949,1,0,1.638258,1.65,-0.0117422,0.0,201.0,9.939504e-14,4.969752e-14,1.802713e-18,3.605426e-18,1.0,0.0001275046,3.78293e-11,6.719899e-05,6.719897e-05,2.265356,-0.000895589,88.80816,95.91088,2.265352,88.80816,83.70209,0.5555156,88.80808,63.96865,0.05728334,88.80019,43.97134,0.005735317,88.04755,23.96581,0.0006250473,63.847,0.0,0.0006422023,14090000.0
typical,27,3.30,157,1659133833,1485076331,250201949,1,0,1.641429,1.65,-0.00857084,0.0,201.0,1.001626e-13,5.00813e-14,5.032167e-20,1.006433e-19,1.0,2.523195e-05,1.447276e-09,7.063592e-05,7.063673e-05,-0.0632361,2.562163e-05,119.9584,95.97769,0.06323597,119.9584,83.56495,0.01514698,119.9602,63.81892,0.001559315,120.1406,43.82148,0.0001527724,110.7135,23.81588,4.519806e-05,64.10826,0.0,0.0006234152,13883720.0
typical,27,3.30,158,71049949,891875144,250201949,1,0,1.642403,1.65,-0.0075968,0.0,201.0,1.01225e-13,5.061248e-14,2.420778e-18,4.841557e-18,1.0,8.362316e-05,2.974332e-11,7.54967e-05,7.549672e-05,-3.04204,0.001274724,86.40605,96.06933,3.042034,86.40605,83.38369,0.7061251,86.40611,63.62175,0.07257417,86.41203,43.62414,0.007254474,87.01982,23.61845,0.0006759761,64.61158,0.0,0.0005886842,13611390.0
typical,27,3.30,159,1307609289,224023924,250201949,1,0,1.634821,1.65,-0.015179,0.0,201.0,9.976076e-14,4.988038e-14,1.843845e-18,3.687689e-18,1.0,0.000127024,3.726086e-11,6.860132e-05,6.86013e-05,2.317044,-0.000925531,88.64411,95.94278,2.31704,88.64411,83.64963,0.5626991,88.64403,63.91091,0.05798877,88.63632,43.91355,0.005805789,87.90025,23.90791,0.0006315144,64.02246,0.0,0.0006294354,13995850.0
typical,27,3.30,160,1185448135,76908601,250201949,1,0,1.638275,1.65,-0.0117252,0.0,201.0,9.992932e-14,4.996466e-14,7.470073e-19,1.494015e-18,1.0,3.069783e-05,9.681855e-11,6.961065e-05,6.96107e-05,-0.938717,0.0003777101,96.50676,95.95744,0.9387155,96.50676,83.60457,0.2264074,96.50695,63.86217,0.02332175,96.52602,43.86477,0.002327758,98.65557,23.85921,0.0001820464,64.22341,0.0,0.0006151717,13947270.0
typical,27,3.30,161,1246896576,394931640,250201949,1,0,1.634452,1.65,-0.015548,0.0,201.0,9.795468e-14,4.897734e-14,2.790424e-18,5.580848e-18,1.0,0.0001355252,2.447109e-11,6.178456e-05,6.178455e-05,3.50655,-0.00132926,84.8865,95.78409,3.506545,84.8865,83.9173,0.894417,84.88645,64.20645,0.09246978,84.88142,44.20938,0.009255467,84.39411,24.20397,0.000978347,63.47586,0.0,0.0006703725,14451290.0
typical,27,3.30,162,1604228771,730940353,250201949,1,0,1.645905,1.65,-0.00409501,0.0,201.0,1.002446e-13,5.01223e-14,2.889791e-18,5.779582e-18,1.0,0.0001223764,2.484057e-11,7.141423e-05,7.141422e-05,3.631419,-0.00147999,84.78329,95.9848,3.631412,84.78329,83.52723,0.8653606,84.78324,63.77852,0.08907664,84.77813,43.78105,0.008915503,84.28365,23.77542,0.0009431672,63.87799,0.0,0.0006400576,13826920.0
typical,27,3.30,163,822201932,527043833,250201949,1,0,1.639535,1.65,-0.0104648,0.0,201.0,1.001246e-13,5.00623e-14,2.161887e-18,4.323775e-18,1.0,0.0001259114,3.203127e-11,7.004715e-05,7.004713e-05,2.716708,-0.00109657,87.29355,95.9744,2.716703,87.29355,83.59596,0.6533117,87.29349,63.852,0.06728618,87.28692,43.85459,0.006735708,86.65445,23.84894,0.0007239765,63.81943,0.0,0.0006443718,13917240.0
typical,27,3.30,164,1458699217,1592731909,250201949,1,0,1.639204,1.65,-0.0107956,0.0,201.0,1.006394e-13,5.03197e-14,1.472945e-18,2.945889e-18,1.0,0.0001254293,4.837375e-11,7.383874e-05,7.383871e-05,1.850957,-0.00076707,90.67103,96.01894,1.850953,90.67103,83.42448,0.4341828,90.67093,63.66775,0.04465198,90.66111,43.67019,0.004471509,89.73158,23.66455,0.0004973344,64.16696,0.0,0.0006192602,13680540.0
typical,27,3.30,165,60841246,2023230328,250201949,1,0,1.637896,1.65,-0.0121042,0.0,201.0,1.000967e-13,5.004835e-14,3.233576e-18,6.467153e-18,1.0,0.0001203269,2.177103e-11,6.944029e-05,6.944028e-05,4.063432,-0.00163301,83.79413,95.97198,4.063425,83.79413,83.62914,0.9811834,83.79409,63.88735,0.1010795,83.78961,43.88995,0.01011619,83.35507,23.88426,0.00106282,63.87319,0.0,0.0006403353,13951940.0
typical,27,3.30,166,737507412,1832010321,250201949,1,0,1.640913,1.65,-0.00908704,0.0,201.0,1.002474e-13,5.012371e-14,6.054267e-19,1.210853e-18,1.0,0.0001212954,1.158895e-10,7.129359e-05,7.129353e-05,0.7608017,-0.000309809,98.35963,95.98505,0.7608003,98.35963,83.5344,0.1814424,98.35939,63.7861,0.01867822,98.3355,43.78864,0.001873513,96.22862,23.78304,0.0002386277,64.15987,0.0,0.0006197239,13842000.0
typical,27,3.30,167,1166089538,1743707485,250201949,1,0,1.649604,1.65,-0.00039645,0.0,201.0,1.006143e-13,5.030716e-14,2.27738e-18,4.55476e-18,1.0,0.0001154705,3.099387e-11,7.250336e-05,7.250335e-05,2.86184,-0.00117523,86.88389,96.01678,2.861835,86.88389,83.49718,0.6771186,86.88382,63.7448,0.06967047,86.8774,43.74729,0.006974204,86.25788,23.74159,0.0007484887,63.74098,0.0,0.0006503007,13768300.0
typical,27,3.30,168,1546259650,1305055608,250201949,1,0,1.641422,1.65,-0.00857806,0.0,201.0,9.981397e-14,4.990698e-14,8.789234e-19,1.757847e-18,1.0,0.0001255608,7.92113e-11,6.990824e-05,6.99082e-05,1.104488,-0.000445372,95.08421,95.94741,1.104486,95.0842,83.5771,0.2658549,95.08404,63.83363,0.02738291,95.0677,43.83622,0.002744266,93.57184,23.8307,0.0003257942,64.00803,0.0,0.0006305787,13919630.0
typical,27,3.30,169,1536012865,1012861954,250201949,1,0,1.642705,1.65,-0.00729512,0.0,201.0,9.947575e-14,4.973787e-14,1.598983e-18,3.197967e-18,1.0,0.0001239652,4.315837e-11,6.85951e-05,6.859507e-05,2.009342,-0.000802585,89.85686,95.91793,2.009339,89.85686,83.62515,0.4879939,89.85677,63.88645,0.05029027,89.84772,43.88909,0.005035801,88.98949,23.88357,0.0005555251,63.88305,0.0,0.0006396357,13986620.0
typical,27,3.30,170,1151032206,471679861,250201949,1,0,1.636774,1.65,-0.0132255,0.0,201.0,1.003952e-13,5.019761e-14,1.332561e-18,2.665123e-18,1.0,0.0001220656,5.408651e-11,6.999843e-05,6.99984e-05,1.674546,-0.000675671,91.51992,95.99784,1.674543,91.51991,83.62225,0.4028255,91.51981,63.87847,0.04148901,91.50916,43.88105,0.004155227,90.5063,23.87533,0.0004660706,64.08978,0.0,0.0006246365,13936200.0
typical,27,3.30,171,752332550,1173747224,250201949,1,0,1.644942,1.65,-0.00505755,0.0,201.0,9.994227e-14,4.997114e-14,8.476639e-19,1.695328e-18,1.0,5.502401e-05,8.608936e-11,7.071619e-05,7.071624e-05,-1.06521,0.0004319862,95.40991,95.95857,1.065204,95.40991,83.54122,0.2550148,95.41007,63.79491,0.02625681,95.42608,43.79747,0.002621619,97.14049,23.79193,0.0002150661,64.07671,0.0,0.0006257422,13865160.0
typical,27,3.30,172,1829950160,1964976845,250201949,1,0,1.640594,1.65,-0.00940626,0.0,201.0,1.013581e-13,5.067903e-14,4.309454e-18,8.618909e-18,1.0,0.0001109344,1.681144e-11,7.429242e-05,7.429241e-05,5.41542,-0.00225111,81.40812,96.08075,5.41541,81.40812,83.46114,1.266634,81.40809,63.70296,0.1302399,81.40474,43.70539,0.01303264,81.07757,23.69948,0.001352369,63.96137,0.0,0.0006339218,13672150.0
typical,27,3.30,173,424930421,948075911,250201949,1,0,1.645268,1.65,-0.00473222,0.0,201.0,9.967039e-14,4.983519e-14,2.862333e-19,5.724665e-19,1.0,0.0001153755,2.393961e-10,6.812565e-05,6.812552e-05,0.3596913,-0.000143193,104.8163,95.93491,0.3596907,104.8163,83.6702,0.08763833,104.8158,63.93324,0.009033884,104.7597,43.9359,0.0009095125,100.5578,23.93032,0.0001474436,63.79553,0.0,0.0006460971,14035050.0
typical,27,3.30,174,1635276156,235557147,250201949,1,0,1.640682,1.65,-0.00931783,0.0,201.0,9.951221e-14,4.975611e-14,8.263023e-19,1.652605e-18,1.0,0.0001238733,8.708412e-11,6.875356e-05,6.875351e-05,1.038362,-0.000415228,95.59415,95.92111,1.03836,95.59415,83.61891,0.2519057,95.59397,63.87962,0.02595867,95.57652,43.88225,0.002601878,93.99138,23.87674,0.0003120812,64.01283,0.0,0.0006301779,13979270.0
typical,27,3.30,175,2030085200,1563192925,250201949,1,0,1.635685,1.65,-0.0143149,0.0,201.0,1.007894e-13,5.03947e-14,2.058448e-18,4.116897e-18,1.0,0.0001164819,3.399236e-11,7.190102e-05,7.1901e-05,2.586722,-0.00105782,87.7769,96.03188,2.586718,87.7769,83.54648,0.6144393,87.77683,63.79611,0.06323594,87.7699,43.79862,0.006330468,87.10518,23.79284,0.000682941,64.12341,0.0,0.0006222659,13818970.0
typical,27,3.30,176,1457399798,1816077703,250201949,1,0,1.63857,1.65,-0.0114301,0.0,201.0,9.993832e-14,4.996916e-14,8.630962e-19,1.726192e-18,1.0,0.0001217216,7.9865e-11,6.929491e-05,6.929487e-05,1.084599,-0.000435425,95.25286,95.95822,1.084597,95.25286,83.62395,0.2621531,95.25269,63.88269,0.02700849,95.23613,43.8853,0.002706817,93.72349,23.87967,0.0003219652,64.0714,0.0,0.0006259586,13959180.0
typical,27,3.30,177,231885450,1734941217,250201949,1,0,1.642554,1.65,-0.00744564,0.0,201.0,9.834487e-14,4.917244e-14,3.112574e-18,6.225149e-18,1.0,0.0001302289,2.22542e-11,6.336901e-05,6.3369e-05,3.911376,-0.00150163,83.97204,95.81862,3.91137,83.97204,83.84893,0.9859267,83.97199,64.13108,0.1018484,83.96754,44.13394,0.01019343,83.53343,24.1285,0.001070911,63.29425,0.0,0.0006844841,14338600.0
typical,27,3.30,178,1373071475,824949184,250201949,1,0,1.644646,1.65,-0.005354,0.0,201.0,1.007836e-13,5.039179e-14,5.552612e-19,1.110522e-18,1.0,0.0001127856,1.324167e-10,7.248058e-05,7.24805e-05,0.6977618,-0.00028651,99.15725,96.03138,0.6977605,99.15725,83.51307,0.1651168,99.15696,63.76077,0.01698988,99.12817,43.76326,0.001705118,96.68054,23.75755,0.0002258659,63.99254,0.0,0.0006318166,13788310.0
typical,27,3.30,179,2043033202,1176837868,250201949,1,0,1.64442,1.65,-0.00558025,0.0,201.0,1.0071e-13,5.0355e-14,8.902399e-19,1.78048e-18,1.0,0.0001167507,8.293455e-11,7.294775e-05,7.294771e-05,1.118708,-0.000460822,95.05071,96.02503,1.118706,95.05071,83.48038,0.2639269,95.05054,63.72653,0.02715187,95.03336,43.72901,0.002721337,93.47488,23.72333,0.0003254037,64.00275,0.0,0.0006310807,13748390.0
typical,27,3.30,180,264946204,1140944664,250201949,1,0,1.645372,1.65,-0.00462772,0.0,201.0,9.928794e-14,4.964397e-14,3.073796e-18,6.147592e-18,1.0,0.0001235797,2.297895e-11,6.628122e-05,6.62812e-05,3.862646,-0.00151661,84.16383,95.90151,3.86264,84.16383,83.74883,0.9533451,84.16378,64.01897,0.0983466,84.1592,44.0217,0.009842941,83.71374,24.01612,0.001035426,63.4496,0.0,0.0006722473,14148560.0
typical,27,3.30,181,828241299,414321072,250201949,1,0,1.633721,1.65,-0.016279,0.0,201.0,1.008008e-13,5.04004e-14,1.863121e-18,3.726241e-18,1.0,0.0001213762,3.802825e-11,7.341224e-05,7.341222e-05,2.341266,-0.000967441,88.64386,96.03286,2.341262,88.64386,83.46217,0.5507007,88.64378,63.70681,0.05664367,88.636,43.70927,0.005671051,87.89386,23.70356,0.0006172839,64.36764,0.0,0.0006050671,13717850.0
typical,27,3.30,182,1921119351,1766655288,250201949,1,0,1.640046,1.65,-0.00995398,0.0,201.0,1.014196e-13,5.070981e-14,1.656683e-18,3.313366e-18,1.0,0.0001107505,4.298784e-11,7.510293e-05,7.510291e-05,2.081849,-0.000870108,89.71705,96.08602,2.081845,89.71705,83.42186,0.4844405,89.71696,63.66114,0.04979766,89.70819,43.66354,0.004986177,88.87346,23.65769,0.0005485441,64.24268,0.0,0.0006138854,13630030.0
typical,27,3.30,183,871971801,1323472347,250201949,1,0,1.641466,1.65,-0.0085339,0.0,201.0,9.99209e-14,4.996045e-14,1.75907e-18,3.51814e-18,1.0,0.0001233149,4.101253e-11,6.960706e-05,6.960703e-05,2.210513,-0.00088943,89.06686,95.95671,2.210509,89.06686,83.60406,0.5331626,89.06678,63.86167,0.05492177,89.05858,43.86427,0.005499013,88.27649,23.85867,0.0006013244,63.9011,0.0,0.0006383398,13938360.0
typical,27,3.30,184,764771432,1267565384,250201949,1,0,1.649272,1.65,-0.0007279,0.0,201.0,1.002333e-13,5.011667e-14,2.399211e-18,4.798423e-18,1.0,0.0001225114,2.94591e-11,7.228462e-05,7.22846e-05,3.014938,-0.00123622,86.39827,95.98383,3.014933,86.39827,83.47662,0.71436,86.39821,63.72496,0.07350847,86.39216,43.72746,0.007358092,85.8076,23.72185,0.0007865251,63.82934,0.0,0.0006437154,13760100.0
typical,27,3.30,185,863610712,1527372697,250201949,1,0,1.64806,1.65,-0.0019397,0.0,201.0,1.008194e-13,5.04097e-14,1.355489e-18,2.710978e-18,1.0,0.0001183086,5.300649e-11,7.490513e-05,7.49051e-05,1.703358,-0.000710982,91.40836,96.03446,1.703355,91.40836,83.38113,0.3968613,91.40825,63.62103,0.04079801,91.39736,43.62344,0.004086055,90.37217,23.61778,0.0004594947,64.11033,0.0,0.0006233458,13616030.0
typical,27,3.30,186,259361855,620639255,250201949,1,0,1.636974,1.65,-0.0130258,0.0,201.0,1.01044e-13,5.0522e-14,7.162524e-19,1.432505e-18,1.0,0.0001178855,9.904966e-11,7.36231e-05,7.362305e-05,0.9000693,-0.000372454,96.96829,96.05379,0.9000677,96.96829,83.47134,0.2114231,96.96808,63.71529,0.02174505,96.94784,43.71775,0.002180196,95.13508,23.712,0.0002684393,64.45373,0.0,0.0005991719,13720790.0
typical,27,3.30,187,1284427952,827524825,250201949,1,0,1.64038,1.65,-0.00962012,0.0,201.0,1.009228e-13,5.046141e-14,3.178828e-19,6.357655e-19,1.0,0.0001180625,2.225562e-10,7.315004e-05,7.314993e-05,0.3994633,-0.000164771,104.0138,96.04337,0.3994626,104.0138,83.48736,0.09411872,104.0134,63.73285,0.009682186,103.9676,43.73532,0.0009736124,100.3,23.7296,0.0001484152,64.35402,0.0,0.0006061023,13748340.0
typical,27,3.30,188,322862487,434851808,250201949,1,0,1.644606,1.65,-0.00539423,0.0,201.0,1.007991e-13,5.039956e-14,5.033516e-19,1.006703e-18,1.0,3.981569e-05,1.404317e-10,7.283898e-05,7.283905e-05,-0.63253,0.0002603371,100.0111,96.03272,0.6325292,100.0111,83.49418,0.1493322,100.0114,63.74068,0.01536262,100.0387,43.74316,0.00153188,103.1268,23.73747,0.0001072842,64.22895,0.0,0.0006149362,13763830.0
typical,27,3.30,189,46893759,1804424633,250201949,1,0,1.637218,1.65,-0.0127819,0.0,201.0,9.981158e-14,4.990579e-14,1.380951e-18,2.761902e-18,1.0,0.000126506,5.202594e-11,6.898059e-05,6.898056e-05,1.735354,-0.000695094,91.15945,95.9472,1.735351,91.15945,83.63152,0.4203426,91.15935,63.8914,0.04331145,91.14903,43.89403,0.004337602,90.1769,23.88843,0.0004848156,64.02726,0.0,0.0006291157,13978040.0
typical,27,3.30,190,1222278986,1665251116,250201949,1,0,1.639767,1.65,-0.0102329,0.0,201.0,1.000275e-13,5.001376e-14,2.107491e-18,4.214982e-18,1.0,0.0001244868,3.289813e-11,6.987328e-05,6.987326e-05,2.648351,-0.00106763,87.50648,95.96597,2.648347,87.50648,83.59771,0.6376194,87.50641,63.85437,0.06567468,87.49956,43.85695,0.006574606,86.84277,23.85131,0.0007086423,63.96671,0.0,0.0006335333,13920850.0
typical,27,3.30,191,932708066,249059815,250201949,1,0,1.646518,1.65,-0.00348175,0.0,201.0,1.006908e-13,5.034539e-14,1.98335e-19,3.966699e-19,1.0,5.376296e-05,3.559251e-10,7.253351e-05,7.25337e-05,-0.249235,0.0001023494,108.0912,96.02338,0.2492346,108.0912,83.50206,0.05895797,108.0916,63.74958,0.006065917,108.1351,43.75207,0.0006037349,109.1367,23.74637,5.376296e-05,64.01864,0.0,0.0006299751,13775200.0
typical,27,3.30,192,1633585117,834097274,250201949,1,0,1.642603,1.65,-0.00739712,0.0,201.0,1.005463e-13,5.027316e-14,1.592295e-18,3.184589e-18,1.0,0.000117748,4.39826e-11,7.169797e-05,7.169795e-05,2.000936,-0.00081712,89.98625,96.01091,2.000933,89.98625,83.53709,0.4759287,89.98616,63.78741,0.04898491,89.97704,43.78993,0.004905059,89.11059,23.78422,0.0005416033,63.90848,0.0,0.0006378838,13821020.0
typical,27,3.30,193,1129716523,1152775787,250201949,1,0,1.642869,1.65,-0.00713108,0.0,201.0,1.002497e-13,5.012485e-14,1.427014e-18,2.854028e-18,1.0,0.0001190467,4.899903e-11,7.106632e-05,7.10663e-05,1.793238,-0.000729061,90.9125,95.98524,1.793235,90.9125,83.54768,0.4283108,90.9124,63.80016,0.04409486,90.90226,43.8027,0.004415927,89.94555,23.79703,0.0004926903,64.01772,0.0,0.0006299035,13845050.0
typical,27,3.30,194,1360005800,1058830500,250201949,1,0,1.63015,1.65,-0.0198501,0.0,201.0,1.003328e-13,5.016639e-14,1.155774e-18,2.311548e-18,1.0,2.093828e-05,6.257039e-11,7.026349e-05,7.026352e-05,-1.45239,0.0005871404,92.7508,95.99244,1.452386,92.7508,83.60138,0.348762,92.75092,63.85666,0.03591591,92.76335,43.85923,0.003587518,94.10319,23.8536,0.0003072704,64.56746,0.0,0.0005913229,13926260.0
typical,27,3.30,195,1840173252,944794745,250201949,1,0,1.645092,1.65,-0.00490833,0.0,201.0,9.98188e-14,4.99094e-14,2.118856e-19,4.237712e-19,1.0,0.0001162488,3.251017e-10,6.877984e-05,6.877967e-05,0.2662633,-0.000106507,107.4416,95.94783,0.2662628,107.4416,83.64407,0.06458371,107.4409,63.90469,0.006655661,107.3667,43.90732,0.0006714754,102.1499,23.90174,0.000122347,63.90593,0.0,0.00063798,13998360.0
typical,27,3.30,196,1002604530,355825807,250201949,1,0,1.643298,1.65,-0.00670159,0.0,201.0,1.004564e-13,5.022819e-14,7.477832e-19,1.495566e-18,1.0,0.0001164246,9.778489e-11,7.180172e-05,7.180167e-05,0.9396921,-0.000384023,96.54344,96.00313,0.9396905,96.54343,83.5234,0.2233562,96.54324,63.77336,0.02298827,96.52349,43.77588,0.002304726,94.74817,23.77021,0.0002825541,64.03677,0.0,0.0006285833,13810380.0
typical,27,3.30,197,843857223,1088669250,250201949,1,0,1.638215,1.65,-0.0117854,0.0,201.0,1.01194e-13,5.0597e-14,1.627701e-18,3.255402e-18,1.0,0.0001154383,4.384049e-11,7.477981e-05,7.477979e-05,2.04543,-0.00085304,89.851,96.06668,2.045426,89.851,83.42022,0.4769372,89.85091,63.66051,0.04903204,89.842,43.66292,0.004909604,88.99552,23.65715,0.0005408555,64.33411,0.0,0.0006074533,13644280.0
typical,27,3.30,198,1482912764,927568146,250201949,1,0,1.639446,1.65,-0.010554,0.0,201.0,1.010696e-13,5.05348e-14,3.506256e-19,7.012513e-19,1.0,0.0001161823,2.013536e-10,7.318372e-05,7.318362e-05,0.4406092,-0.000181793,103.1749,96.05599,0.4406084,103.1749,83.4981,0.1037906,103.1745,63.74348,0.01067699,103.1315,43.74594,0.001073301,99.67192,23.74017,0.0001597395,64.27145,0.0,0.0006118855,13751370.0
typical,27,3.30,199,377570197,575609174,250201949,1,0,1.634565,1.65,-0.0154353,0.0,201.0,1.013593e-13,5.067965e-14,1.566525e-18,3.133051e-18,1.0,4.265015e-05,4.574474e-11,7.546731e-05,7.546734e-05,-1.96855,0.0008247405,90.19792,96.08085,1.96855,90.19792,83.39681,0.4570293,90.19802,63.63496,0.04697289,90.20735,43.63735,0.004693538,91.19043,23.6316,0.0004188501,64.7926,0.0,0.0005764769,13616530.0
typical,27,3.30,200,426875772,1345742411,250201949,1,0,1.646875,1.65,-0.00312531,0.0,201.0,1.006811e-13,5.034055e-14,3.695962e-18,7.391924e-18,1.0,0.0001128447,1.939782e-11,7.197059e-05,7.197058e-05,4.644483,-0.00190023,82.68381,96.02254,4.644475,82.68381,83.53317,1.102728,82.68377,63.78257,0.1134854,82.6798,43.78508,0.01135701,82.29316,23.77931,0.001186609,63.77298,0.0,0.0006478178,13802170.0
typical,27,3.30,201,805223504,488692311,250201949,1,0,1.637317,1.65,-0.012683,0.0,201.0,9.982813e-14,4.991406e-14,1.254878e-18,2.509755e-18,1.0,0.000125186,5.488232e-11,6.891829e-05,6.891826e-05,1.576926,-0.000631346,91.99243,95.94864,1.576923,91.99243,83.63665,0.38213,91.99232,63.89677,0.03937518,91.98078,43.89939,0.003943943,90.90261,23.8938,0.0004462304,64.05305,0.0,0.0006272466,13985710.0
typical,27,3.30,202,1551389456,2049639239,250201949,1,0,1.63928,1.65,-0.0107198,0.0,201.0,1.008787e-13,5.043934e-14,2.400422e-18,4.800844e-18,1.0,0.0001139654,3.045386e-11,7.224885e-05,7.224883e-05,3.016459,-0.00123654,86.44964,96.03957,3.016454,86.44964,83.53439,0.7148874,86.44958,63.78285,0.07356374,86.44362,43.78535,0.007363542,85.86818,23.77955,0.0007862638,64.01572,0.0,0.0006300248,13796170.0
typical,27,3.30,203,261911386,1134853987,250201949,1,0,1.640983,1.65,-0.00901745,0.0,201.0,9.999874e-14,4.999937e-14,3.599507e-18,7.199014e-18,1.0,0.0001238262,1.926992e-11,6.992528e-05,6.992527e-05,4.523274,-0.00182415,82.85443,95.96347,4.523266,82.85443,83.59216,1.088646,82.85439,63.84864,0.1121276,82.8504,43.85122,0.01122125,82.46154,23.84559,0.001172742,63.74746,0.0,0.0006496828,13914720.0
typical,27,3.30,204,2127904446,1210232173,250201949,1,0,1.637711,1.65,-0.0122891,0.0,201.0,9.961043e-14,4.980521e-14,1.546532e-18,3.093064e-18,1.0,0.0001243426,4.435208e-11,6.824633e-05,6.82463e-05,1.94343,-0.000774284,90.15832,95.92968,1.943426,90.15832,83.65773,0.4731195,90.15822,63.92033,0.04876466,90.14901,43.92298,0.004883135,89.27521,23.9174,0.0005396467,63.92459,0.0,0.0006365579,14018010.0
typical,27,3.30,205,1685049997,1534820871,250201949,1,0,1.631014,1.65,-0.0189861,0.0,201.0,9.943942e-14,4.971971e-14,3.411617e-18,6.823235e-18,1.0,0.0001275718,2.030731e-11,6.697151e-05,6.69715e-05,4.287165,-0.00169201,83.27136,95.91475,4.287158,83.27136,83.7198,1.052984,83.27132,63.98724,0.1085916,83.26708,43.98995,0.01086784,82.85523,23.98433,0.00113882,63.83455,0.0,0.0006431068,14098430.0
typical,27,3.30,206,1933604930,507335699,250201949,1,0,1.635923,1.65,-0.0140766,0.0,201.0,1.000799e-13,5.003997e-14,5.115292e-19,1.023058e-18,1.0,0.000126117,1.361258e-10,7.048244e-05,7.048237e-05,0.6428065,-0.000260258,99.80893,95.97052,0.6428054,99.80893,83.56674,0.1541311,99.80864,63.82124,0.01587194,99.78008,43.82381,0.001592892,97.33133,23.81822,0.0002110302,64.28584,0.0,0.0006107674,13888440.0
typical,27,3.30,207,119490077,1895033443,250201949,1,0,1.644772,1.65,-0.00522821,0.0,201.0,1.001834e-13,5.009168e-14,2.440324e-18,4.880647e-18,1.0,0.0001238642,2.980016e-11,7.072992e-05,7.07299e-05,3.066601,-0.0012438,86.24636,95.97949,3.066596,86.24636,83.56136,0.7340906,86.2463,63.815,0.07558485,86.24038,43.81755,0.007565871,85.66839,23.81191,0.0008075624,63.84708,0.0,0.0006423399,13870080.0
typical,27,3.30,208,1508114165,983789171,250201949,1,0,1.642559,1.65,-0.00744121,0.0,201.0,1.00649e-13,5.032451e-14,1.55451e-18,3.109021e-18,1.0,0.0001209397,4.574474e-11,7.346509e-05,7.346507e-05,1.953455,-0.000807508,90.20372,96.01977,1.953452,90.20372,83.44613,0.4593256,90.20362,63.6906,0.04724422,90.19412,43.69306,0.004730931,89.29386,23.68739,0.0005244165,63.96718,0.0,0.000633654,13704100.0
typical,27,3.30,209,1335277004,1139865467,250201949,1,0,1.637052,1.65,-0.0129482,0.0,201.0,1.000751e-13,5.003755e-14,6.774728e-20,1.354946e-19,1.0,2.418211e-06,1.014712e-09,6.920582e-05,6.920633e-05,-0.0851337,3.41575e-05,117.3681,95.9701,0.0851336,117.3681,83.64106,0.0205896,117.3702,63.90012,0.002120776,117.5851,43.90274,0.0002069583,113.9796,23.89706,3.132354e-05,64.2098,0.0,0.0006160797,13974220.0
typical,27,3.30,210,673238654,563548331,250201949,1,0,1.643935,1.65,-0.00606453,0.0,201.0,1.002912e-13,5.014559e-14,1.913727e-18,3.827454e-18,1.0,0.0001181051,3.788614e-11,7.045682e-05,7.04568e-05,2.40486,-0.000973527,88.36706,95.98884,2.404856,88.36706,83.58654,0.576732,88.36698,63.84113,0.05938923,88.35946,43.8437,0.00594582,87.63924,23.83801,0.0006455623,63.81433,0.0,0.0006447744,13894160.0
typical,27,3.30,211,1794037357,719844404,250201949,1,0,1.645886,1.65,-0.00411438,0.0,201.0,1.00266e-13,5.013299e-14,2.582817e-18,5.165633e-18,1.0,0.0001167891,2.737011e-11,7.017112e-05,7.017111e-05,3.245663,-0.00131122,85.7606,95.98665,3.245657,85.7606,83.60098,0.7798644,85.76054,63.85659,0.080316,85.75493,43.85916,0.008039173,85.21267,23.85342,0.0008551406,63.79707,0.0,0.0006460227,13904030.0
typical,27,3.30,212,448635473,1811679217,250201949,1,0,1.64239,1.65,-0.00760972,0.0,201.0,1.009824e-13,5.049122e-14,1.124559e-18,2.249118e-18,1.0,4.141708e-05,6.372147e-11,7.4745e-05,7.474503e-05,-1.41316,0.0005892095,93.04467,96.0485,1.41316,93.04467,83.40396,0.3295826,93.0448,63.64435,0.03388266,93.05771,43.64677,0.003384175,94.44226,23.6411,0.0002883647,64.4953,0.0,0.0005964938,13645120.0
typical,27,3.30,213,2034192746,1864594076,250201949,1,0,1.637615,1.65,-0.0123855,0.0,201.0,1.00218e-13,5.010899e-14,1.559761e-18,3.119521e-18,1.0,0.0001197127,4.594369e-11,6.928787e-05,6.928785e-05,1.960053,-0.000786838,90.13715,95.9825,1.96005,90.13715,83.64864,0.4737774,90.13706,63.90741,0.04881095,90.12777,43.91002,0.004887788,89.2492,23.90429,0.0005404486,64.08181,0.0,0.0006251733,13972610.0
typical,27,3.30,214,1341351956,194646637,250201949,1,0,1.640827,1.65,-0.00917285,0.0,201.0,9.972366e-14,4.986183e-14,1.981709e-18,3.963419e-18,1.0,0.0001269248,3.500134e-11,6.946915e-05,6.946913e-05,2.490289,-0.00100101,88.01457,95.93955,2.490285,88.01456,83.59501,0.6012043,88.01449,63.85312,0.06193429,88.0073,43.85572,0.006200415,87.3179,23.85017,0.0006708315,63.85682,0.0,0.000641597,13937400.0
typical,27,3.30,215,881001694,1831086068,250201949,1,0,1.642382,1.65,-0.00761757,0.0,201.0,1.007316e-13,5.036582e-14,2.429167e-18,4.858334e-18,1.0,0.0001194209,2.903278e-11,7.260969e-05,7.260967e-05,3.052581,-0.00125447,86.33357,96.0269,3.052576,86.33357,83.5013,0.7217491,86.33351,63.74856,0.07425956,86.3276,43.75105,0.00743314,85.75649,23.74532,0.000793308,63.93715,0.0,0.0006357656,13768090.0
typical,27,3.30,216,1396270632,143954345,250201949,1,0,1.635907,1.65,-0.0140929,0.0,201.0,1.005898e-13,5.029488e-14,1.513446e-18,3.026892e-18,1.0,0.0001226201,4.619949e-11,7.150431e-05,7.150429e-05,1.901852,-0.000775596,90.43114,96.01466,1.901849,90.43114,83.55192,0.4529387,90.43104,63.8029,0.04662222,90.4216,43.80543,0.004668648,89.52779,23.79973,0.0005171268,64.17851,0.0,0.0006183442,13843530.0
typical,27,3.30,217,1379634599,1021546502,250201949,1,0,1.644159,1.65,-0.00584133,0.0,201.0,1.009178e-13,5.045892e-14,1.656479e-18,3.312959e-18,1.0,0.0001175409,4.264678e-11,7.303643e-05,7.303641e-05,2.081593,-0.000857953,89.67504,96.04294,2.08159,89.67504,83.4933,0.4908099,89.67495,63.73916,0.05049062,89.66619,43.74164,0.005055596,88.83232,23.73587,0.0005561317,64.0228,0.0,0.0006295782,13748410.0
typical,27,3.30,218,429932393,1715588543,250201949,1,0,1.63973,1.65,-0.0102704,0.0,201.0,9.968949e-14,4.984474e-14,1.992512e-18,3.985023e-18,1.0,0.0001244914,3.581135e-11,6.801022e-05,6.80102e-05,2.503864,-0.000995842,87.96437,95.93657,2.50386,87.96437,83.67878,0.6105492,87.9643,63.94226,0.06293585,87.95718,43.94492,0.006300676,87.27458,23.9393,0.0006811391,63.85236,0.0,0.0006418481,14037800.0
typical,27,3.30,219,1023354541,1943634688,250201949,1,0,1.637596,1.65,-0.0124044,0.0,201.0,1.005839e-13,5.029194e-14,2.642056e-19,5.284113e-19,1.0,0.0001226273,2.684146e-10,7.302055e-05,7.302041e-05,0.3320106,-0.00013683,105.5911,96.01415,0.33201,105.5911,83.46541,0.0782915,105.5906,63.71132,0.008054488,105.5353,43.7138,0.000810824,101.2735,23.70818,0.0001323529,64.33838,0.0,0.0006072066,13740190.0
typical,27,3.30,220,68074094,246288031,250201949,1,0,1.637577,1.65,-0.0124229,0.0,201.0,1.006306e-13,5.031528e-14,2.557246e-18,5.114493e-18,1.0,0.0001176739,2.793854e-11,7.18886e-05,7.188859e-05,3.213531,-0.00131402,85.87855,96.01818,3.213525,85.87855,83.53349,0.7633909,85.87849,63.78316,0.07856579,85.87278,43.78567,0.007864017,85.32233,23.77994,0.0008372988,64.08041,0.0,0.0006253318,13810800.0
typical,27,3.30,221,1423568338,181355093,250201949,1,0,1.635916,1.65,-0.0140837,0.0,201.0,1.001878e-13,5.009392e-14,2.091184e-18,4.182367e-18,1.0,0.0001203554,3.286971e-11,6.912509e-05,6.912507e-05,2.627859,-0.00105368,87.58786,95.97988,2.627855,87.58786,83.65565,0.635901,87.58779,63.915,0.06551802,87.58089,43.91762,0.006558981,86.91997,23.91191,0.0007072892,63.98826,0.0,0.0006319187,13985320.0
typical,27,3.30,222,1861619863,412399900,250201949,1,0,1.641294,1.65,-0.0087064,0.0,201.0,9.992098e-14,4.996049e-14,2.113566e-18,4.227132e-18,1.0,0.0001251634,3.267075e-11,6.929488e-05,6.929486e-05,2.655986,-0.00106627,87.47222,95.95672,2.655981,87.47222,83.62245,0.6419654,87.47215,63.88119,0.06613814,87.46539,43.8838,0.006620948,86.81646,23.87817,0.0007129932,63.88067,0.0,0.000639817,13957790.0
typical,27,3.30,223,618346022,663114699,250201949,1,0,1.645731,1.65,-0.0042691,0.0,201.0,1.009966e-13,5.049829e-14,5.316353e-19,1.063271e-18,1.0,3.273932e-05,1.340084e-10,7.394277e-05,7.394284e-05,-0.668073,0.0002770446,99.55326,96.04972,0.6680714,99.55326,83.44947,0.1566068,99.55353,63.6924,0.01610437,99.58025,43.69485,0.001605942,102.6612,23.68915,0.0001125641,64.32889,0.0,0.0006079477,13702130.0
typical,27,3.30,224,952218845,201616051,250201949,1,0,1.653905,1.65,0.003904526,0.0,201.0,1.005036e-13,5.025181e-14,1.303438e-18,2.606876e-18,1.0,0.0001127224,5.4726e-11,7.352019e-05,7.352016e-05,1.637949,-0.000677352,91.72123,96.00722,1.637946,91.72122,83.4305,0.3850026,91.7211,63.67479,0.039599,91.70884,43.67724,0.003966615,90.56911,23.67164,0.0004519874,63.69132,0.0,0.0006541243,13696690.0
typical,27,3.30,225,1977350218,227669920,250201949,1,0,1.642269,1.65,-0.0077308,0.0,201.0,1.00734e-13,5.036699e-14,4.315048e-19,8.630096e-19,1.0,0.0001182383,1.642917e-10,7.32615e-05,7.326142e-05,0.5422449,-0.000223839,101.3432,96.0271,0.5422439,101.3432,83.46485,0.127668,101.3429,63.70997,0.01313275,101.3088,43.71244,0.001318802,98.44488,23.70676,0.000183271,64.26624,0.0,0.0006122661,13726800.0
typical,27,3.30,226,1172834404,789532542,250201949,1,0,1.641105,1.65,-0.00889478,0.0,201.0,1.007326e-13,5.03663e-14,2.943019e-18,5.886039e-18,1.0,0.0001140276,2.488321e-11,7.230287e-05,7.230286e-05,3.698307,-0.00151661,84.66694,96.02698,3.698301,84.66694,83.51874,0.8761732,84.66689,63.76702,0.09015848,84.662,43.76952,0.009023523,84.18724,23.76373,0.0009524112,63.97403,0.0,0.0006330362,13779500.0
typical,27,3.30,227,1473752179,819060384,250201949,1,0,1.645165,1.65,-0.00483519,0.0,201.0,1.027718e-13,5.138592e-14,7.231371e-20,1.446274e-19,1.0,6.991612e-05,1.025256e-09,8.15558e-05,8.155534e-05,0.09087209,-3.95889e-05,117.0325,96.20106,0.09087191,117.0324,83.19759,0.02033561,117.0297,63.41842,0.002086577,116.7644,43.42063,0.0002151858,105.7701,23.41464,7.624741e-05,64.71133,0.0,0.0005818036,13294030.0
typical,27,3.30,228,99191204,2125105241,250201949,1,0,1.646012,1.65,-0.00398788,0.0,201.0,1.00013e-13,5.000649e-14,7.732555e-19,1.546511e-18,1.0,0.0001174936,9.391954e-11,7.036635e-05,7.03663e-05,0.9717015,-0.000393122,96.21407,95.96471,0.9716998,96.21407,83.56767,0.233174,96.21387,63.82259,0.02401241,96.1942,43.82516,0.002407396,94.43223,23.81956,0.0002946909,63.84385,0.0,0.0006426395,13890380.0
typical,27,3.30,229,1832465841,2070954373,250201949,1,0,1.648969,1.65,-0.00103131,0.0,201.0,9.986569e-14,4.993285e-14,4.968457e-18,9.936915e-18,1.0,0.0001207725,1.422507e-11,6.951974e-05,6.951973e-05,6.243548,-0.0025106,80.0433,95.95191,6.243537,80.04329,83.60439,1.506797,80.04327,63.86232,0.1552218,80.04037,43.86492,0.015532,79.75655,23.85927,0.001603746,63.35594,0.0,0.0006795991,13928510.0
typical,27,3.30,230,1381785211,455556081,250201949,1,0,1.644077,1.65,-0.0059234,0.0,201.0,1.004272e-13,5.021361e-14,2.164162e-18,4.328323e-18,1.0,0.0001213265,3.379341e-11,7.184884e-05,7.184882e-05,2.719566,-0.00111174,87.31064,96.00061,2.719561,87.31063,83.51818,0.6462157,87.31057,63.76799,0.06650759,87.30386,43.77051,0.006657825,86.65883,23.76482,0.0007166376,63.90756,0.0,0.0006379333,13800310.0
typical,27,3.30,231,616644083,1312374007,250201949,1,0,1.638486,1.65,-0.0115136,0.0,201.0,1.000794e-13,5.00397e-14,1.156109e-18,2.312218e-18,1.0,0.0001223629,5.945822e-11,6.910426e-05,6.910423e-05,1.45281,-0.000582447,92.72632,95.97048,1.452807,92.72632,83.64747,0.3516073,92.72619,63.9069,0.03622727,92.71386,43.90952,0.003628966,91.5627,23.90388,0.0004140556,63.97612,0.0,0.0006328282,13988210.0
typical,27,3.30,232,1446201977,1811674497,250201949,1,0,1.642848,1.65,-0.00715181,0.0,201.0,1.005425e-13,5.027126e-14,4.475197e-19,8.950394e-19,1.0,0.0001143601,1.559926e-10,7.113073e-05,7.113065e-05,0.5623698,-0.000228753,101.0102,96.01058,0.5623689,101.0101,83.56931,0.1342634,101.0098,63.82156,0.01382253,100.9758,43.8241,0.001388087,98.13238,23.81841,0.0001924426,64.03461,0.0,0.0006287104,13868350.0
typical,27,3.30,233,400725029,414697080,250201949,1,0,1.636921,1.65,-0.0130792,0.0,201.0,1.003914e-13,5.019569e-14,7.446826e-19,1.489365e-18,1.0,0.000123901,9.852386e-11,7.193987e-05,7.193981e-05,0.9357958,-0.000382784,96.5739,95.99751,0.9357941,96.5739,83.5099,0.2222285,96.57371,63.7594,0.02287097,96.5542,43.76191,0.002292901,94.8035,23.75626,0.0002803094,64.33874,0.0,0.0006071129,13796520.0
typical,27,3.30,234,695592339,575614819,250201949,1,0,1.641928,1.65,-0.00807179,0.0,201.0,1.013359e-13,5.066794e-14,7.049761e-20,1.409952e-19,1.0,1.372902e-05,1.062702e-09,7.546514e-05,7.54657e-05,-0.0885899,3.711001e-05,117.1312,96.07885,0.08858975,117.1312,83.39489,0.02056764,117.1331,63.63305,0.002113469,117.3285,43.63544,0.0002067037,113.0588,23.62969,3.377113e-05,64.46413,0.0,0.0005985669,13613660.0
typical,27,3.30,235,185098406,1837634661,250201949,1,0,1.63282,1.65,-0.0171799,0.0,201.0,1.01496e-13,5.074798e-14,1.559627e-19,3.119253e-19,1.0,9.688385e-05,4.616538e-10,7.634691e-05,7.634669e-05,0.1959885,-8.2587e-05,110.248,96.09256,0.1959881,110.248,83.36089,0.04525296,110.247,63.59638,0.004650164,110.1539,43.59875,0.0004701566,103.8679,23.59297,9.688385e-05,64.73288,0.0,0.0005803297,13562040.0
typical,27,3.30,236,1950678968,967864568,250201949,1,0,1.63656,1.65,-0.0134402,0.0,201.0,1.00625e-13,5.031251e-14,9.012042e-19,1.802408e-18,1.0,0.0001284397,7.936762e-11,7.409086e-05,7.409082e-05,1.132487,-0.000470127,94.93706,96.0177,1.132484,94.93705,83.40925,0.2652222,94.93689,63.65171,0.0272735,94.92082,43.65415,0.002733168,93.44797,23.64855,0.0003236153,64.30867,0.0,0.0006092829,13667430.0
typical,27,3.30,237,783845757,750177576,250201949,1,0,1.646937,1.65,-0.00306257,0.0,201.0,1.013326e-13,5.066632e-14,1.088103e-18,2.176206e-18,1.0,0.0001149717,6.633627e-11,7.599661e-05,7.599657e-05,1.36735,-0.000574883,93.36099,96.07857,1.367348,93.36099,83.3658,0.3164031,93.36085,63.60235,0.03251433,93.34708,43.60472,0.003257481,92.071,23.59896,0.0003770491,64.17732,0.0,0.0006185871,13572820.0
typical,27,3.30,238,1835270591,1823807400,250201949,1,0,1.646292,1.65,-0.00370818,0.0,201.0,1.009053e-13,5.045266e-14,9.036586e-19,1.807317e-18,1.0,0.0001169608,8.229506e-11,7.404506e-05,7.404502e-05,1.135571,-0.000471261,94.93759,96.04186,1.135569,94.93759,83.43595,0.2660223,94.93743,63.67856,0.02735624,94.92119,43.681,0.002741513,93.43396,23.67528,0.0003251363,64.20543,0.0,0.0006165602,13678870.0
typical,27,3.30,239,1039382938,1534844243,250201949,1,0,1.642536,1.65,-0.00746441,0.0,201.0,1.01345e-13,5.067249e-14,2.009752e-18,4.019505e-18,1.0,0.0001108451,3.713296e-11,7.526892e-05,7.52689e-05,2.525529,-0.00105671,88.03259,96.07963,2.525525,88.03259,83.4064,0.5870703,88.03252,63.64516,0.06034373,88.02527,43.64756,0.00604108,87.32996,23.64173,0.0006540163,64.1888,0.0,0.0006176875,13613520.0
typical,27,3.30,240,731191044,680488370,250201949,1,0,1.640513,1.65,-0.00948668,0.0,201.0,1.011238e-13,5.056191e-14,4.791486e-19,9.582971e-19,1.0,0.0001137354,1.476792e-10,7.352807e-05,7.3528e-05,0.6021158,-0.000248999,100.4671,96.06065,0.6021148,100.4671,83.4835,0.1415213,100.4668,63.72776,0.01455627,100.4362,43.73021,0.001461177,97.82551,23.72441,0.0001972174,64.37504,0.0,0.0006046372,13726500.0
typical,27,3.30,241,163212621,1547358056,250201949,1,0,1.639994,1.65,-0.0100055,0.0,201.0,9.990652e-14,4.995326e-14,1.303908e-19,2.607815e-19,1.0,2.072622e-05,5.524043e-10,6.909978e-05,6.910009e-05,-0.163854,6.568111e-05,111.6663,95.95546,0.1638536,111.6664,83.6327,0.03965678,111.6674,63.89215,0.004085446,111.7686,43.89477,0.0004039328,116.2782,23.88919,2.401874e-05,64.09617,0.0,0.0006241865,13982610.0
typical,27,3.30,242,967706662,833848927,250201949,1,0,1.634454,1.65,-0.0155464,0.0,201.0,1.008105e-13,5.040523e-14,1.416839e-19,2.833678e-19,1.0,2.900792e-06,4.941683e-10,7.196666e-05,7.19669e-05,-0.178045,7.284463e-05,111.0231,96.03369,0.1780449,111.0231,83.54454,0.0422738,111.0241,63.79395,0.004350015,111.1267,43.79646,0.0004300186,125.6338,23.79071,8.088049e-06,64.46368,0.0,0.0005984738,13822140.0
typical,27,3.30,243,148975756,91765281,250201949,1,0,1.651135,1.65,0.001135281,0.0,201.0,9.987262e-14,4.993631e-14,2.457686e-18,4.915373e-18,1.0,0.0001179081,2.943068e-11,6.947827e-05,6.947825e-05,3.08842,-0.00124153,86.1578,95.95251,3.088415,86.1578,83.60743,0.7455586,86.15774,63.86551,0.07680483,86.15188,43.86811,0.007687969,85.58545,23.86251,0.0008200735,63.56835,0.0,0.0006632465,13942460.0
typical,27,3.30,244,1964420222,435451220,250201949,1,0,1.645032,1.65,-0.00496833,0.0,201.0,1.007677e-13,5.038386e-14,3.211221e-18,6.422442e-18,1.0,0.0001187947,2.222578e-11,7.422068e-05,7.422067e-05,4.035339,-0.00167663,83.91243,96.03001,4.035332,83.91242,83.41437,0.9442728,83.91238,63.65642,0.09709616,83.90786,43.65885,0.009717386,83.46854,23.65316,0.001021482,63.89606,0.0,0.0006387798,13654820.0
typical,27,3.30,245,1654126175,2006729673,250201949,1,0,1.634527,1.65,-0.0154728,0.0,201.0,1.004679e-13,5.023397e-14,1.453319e-18,2.906639e-18,1.0,0.0001229899,4.818901e-11,7.158674e-05,7.158672e-05,1.826295,-0.000745207,90.77273,96.00413,1.826292,90.77273,83.53668,0.4347079,90.77263,63.78737,0.04474425,90.7627,43.7899,0.004480845,89.82641,23.78423,0.0004987592,64.25435,0.0,0.0006129796,13828360.0
typical,27,3.30,246,95073595,1903663530,250201949,1,0,1.644238,1.65,-0.00576212,0.0,201.0,1.001082e-13,5.005408e-14,3.665457e-19,7.330913e-19,1.0,0.0001143613,1.891038e-10,6.991185e-05,6.991175e-05,0.4606149,-0.000185748,102.7062,95.97297,0.4606141,102.7062,83.60245,0.1108693,102.7058,63.85898,0.01141978,102.6655,43.86156,0.001147627,99.37294,23.85592,0.0001675517,64.00801,0.0,0.0006305927,13926440.0
typical,27,3.30,247,1978420997,1068358151,250201949,1,0,1.636187,1.65,-0.013813,0.0,201.0,9.957628e-14,4.978814e-14,2.608263e-18,5.216526e-18,1.0,0.0001270114,2.597744e-11,6.693682e-05,6.69368e-05,3.27764,-0.00129326,85.61549,95.9267,3.277635,85.61549,83.73387,0.8052278,85.61544,64.00144,0.08304245,85.61001,44.00414,0.008312026,85.08499,23.99851,0.0008824212,63.78204,0.0,0.0006470007,14112710.0
typical,27,3.30,248,1016018634,1087688040,250201949,1,0,1.640844,1.65,-0.00915582,0.0,201.0,9.94098e-14,4.97049e-14,4.602657e-18,9.205314e-18,1.0,0.0001262733,1.517719e-11,6.776207e-05,6.776206e-05,5.783869,-0.00229617,80.66781,95.91217,5.78386,80.66781,83.66931,1.412781,80.66778,63.93372,0.1456455,80.6647,43.93639,0.01457419,80.36315,23.93078,0.001507932,63.46906,0.0,0.0006707718,14029490.0
typical,27,3.30,249,1377061815,1094696426,250201949,1,0,1.648148,1.65,-0.0018518,0.0,201.0,9.912091e-14,4.956046e-14,2.713888e-18,5.427776e-18,1.0,0.0001239841,2.521006e-11,6.731776e-05,6.731775e-05,3.410372,-0.00134946,85.23087,95.88689,3.410367,85.23087,83.67089,0.8356053,85.23081,63.937,0.08616068,85.22555,43.93969,0.008623963,84.71532,23.93418,0.0009139932,63.52208,0.0,0.0006667025,14054860.0
typical,27,3.30,250,894132982,293953875,250201949,1,0,1.644001,1.65,-0.00599865,0.0,201.0,1.006765e-13,5.033823e-14,2.498872e-18,4.997744e-18,1.0,0.0001167466,2.951595e-11,7.316519e-05,7.316518e-05,3.140175,-0.00129539,86.08308,96.02214,3.14017,86.08308,83.46528,0.7397928,86.08302,63.71072,0.07610006,86.07724,43.71319,0.007617239,85.51824,23.70745,0.0008118209,63.96375,0.0,0.0006338389,13716100.0
typical,27,3.30,251,211607550,909116503,250201949,1,0,1.647714,1.65,-0.00228619,0.0,201.0,9.942638e-14,4.971319e-14,3.668397e-18,7.336795e-18,1.0,0.000128464,1.880096e-11,6.842822e-05,6.842821e-05,4.609844,-0.00183907,82.6399,95.91362,4.609836,82.6399,83.63079,1.120842,82.63987,63.89271,0.115516,82.63602,43.89536,0.01156024,82.25993,23.88982,0.001206409,63.46023,0.0,0.0006714916,13991310.0
typical,27,3.30,252,596781695,925312897,250201949,1,0,1.639035,1.65,-0.0109652,0.0,201.0,1.006932e-13,5.03466e-14,9.309648e-19,1.86193e-18,1.0,0.0001215937,7.864287e-11,7.209441e-05,7.209437e-05,1.169885,-0.000479062,94.66074,96.02358,1.169883,94.66074,83.52718,0.2775377,94.66058,63.77616,0.02856135,94.64508,43.77866,0.002862064,93.22013,23.77296,0.0003370088,64.16873,0.0,0.0006190954,13807890.0
typical,27,3.30,253,1728092154,1397479694,250201949,1,0,1.646753,1.65,-0.00324694,0.0,201.0,1.001517e-13,5.007587e-14,2.84758e-18,5.695159e-18,1.0,0.000122676,2.43574e-11,6.996986e-05,6.996985e-05,3.578374,-0.00144356,84.90305,95.97675,3.578368,84.90305,83.60283,0.8609721,84.903,63.85915,0.08867627,84.89799,43.86173,0.00887538,84.4119,23.85606,0.0009380114,63.6838,0.0,0.000654487,13920260.0
typical,27,3.30,254,666229233,228113604,250201949,1,0,1.642737,1.65,-0.00726308,0.0,201.0,1.004542e-13,5.022708e-14,1.632324e-18,3.264648e-18,1.0,0.0001197967,4.274625e-11,7.13634e-05,7.136337e-05,2.051239,-0.000835696,89.76263,96.00294,2.051235,89.76263,83.54829,0.4889708,89.76254,63.79975,0.05033385,89.75371,43.80228,0.005039978,88.91359,23.79655,0.0005548144,64.01887,0.0,0.0006298164,13832960.0
typical,27,3.30,255,2128598740,1815569855,250201949,1,0,1.639513,1.65,-0.0104872,0.0,201.0,1.000506e-13,5.00253e-14,3.032782e-18,6.065565e-18,1.0,0.0001233874,2.26521e-11,6.877845e-05,6.877844e-05,3.811107,-0.0015243,84.34697,95.96798,3.8111,84.34697,83.66429,0.9244132,84.34692,63.92491,0.09525761,84.34226,43.92754,0.009533764,83.88888,23.92187,0.001003805,63.73682,0.0,0.0006504475,14004510.0
typical,27,3.30,256,1784168897,957379257,250201949,1,0,1.636976,1.65,-0.0130243,0.0,201.0,1.00427e-13,5.021348e-14,6.074301e-19,1.21486e-18,1.0,0.0001251469,1.180496e-10,7.17599e-05,7.175984e-05,0.7633192,-0.000311834,98.34648,96.00059,0.7633178,98.34648,83.52324,0.1814839,98.34623,63.77335,0.0186791,98.32104,43.77587,0.001873877,96.14635,23.77025,0.0002405441,64.39498,0.0,0.0006031846,13820700.0
typical,27,3.30,257,327126137,651159823,250201949,1,0,1.648401,1.65,-0.00159885,0.0,201.0,1.000431e-13,5.002156e-14,3.644673e-18,7.289346e-18,1.0,0.0001249994,2.006573e-11,7.120916e-05,7.120915e-05,4.580031,-0.00186394,82.74997,95.96733,4.580023,82.74997,83.52154,1.092894,82.74993,63.77352,0.112507,82.74601,43.77606,0.01125907,82.36266,23.77043,0.001175949,63.59318,0.0,0.000661373,13819780.0
typical,27,3.30,258,1805421651,583926847,250201949,1,0,1.646447,1.65,-0.0035525,0.0,201.0,9.944551e-14,4.972276e-14,1.471477e-18,2.942954e-18,1.0,0.0001226363,4.700951e-11,6.875838e-05,6.875835e-05,1.849113,-0.000739478,90.57603,95.91529,1.84911,90.57603,83.61279,0.4485781,90.57593,63.87349,0.0462251,90.5661,43.87613,0.004629149,89.6353,23.87064,0.0005149525,63.6831,0.0,0.0006545445,13978240.0
typical,27,3.30,259,1780925438,259100471,250201949,1,0,1.641821,1.65,-0.00817887,0.0,201.0,1.004529e-13,5.022646e-14,5.905614e-19,1.181123e-18,1.0,0.0001192308,1.19428e-10,7.227401e-05,7.227395e-05,0.7421213,-0.000304277,98.59335,96.00283,0.74212,98.59335,83.49623,0.1758506,98.5931,63.74461,0.0180957,98.56829,43.74711,0.00181527,96.39016,23.74147,0.0002331123,64.16369,0.0,0.0006194949,13779890.0
typical,27,3.30,260,2100358415,1037761128,250201949,1,0,1.644393,1.65,-0.00560722,0.0,201.0,9.963914e-14,4.981957e-14,2.211971e-19,4.423941e-19,1.0,0.000116914,3.09214e-10,6.783932e-05,6.783915e-05,0.2779644,-0.000110431,107.0524,95.93218,0.277964,107.0524,83.68468,0.06785999,107.0516,63.9488,0.006996164,106.972,43.95147,0.0007062764,101.6583,23.9459,0.0001301301,63.77765,0.0,0.0006474033,14057200.0
typical,27,3.30,261,667149435,996212176,250201949,1,0,1.640506,1.65,-0.00949369,0.0,201.0,1.011645e-13,5.058227e-14,1.384078e-18,2.768155e-18,1.0,0.0001141227,5.137224e-11,7.420574e-05,7.420571e-05,1.739283,-0.000722577,91.25676,96.06415,1.73928,91.25676,83.44934,0.4070325,91.25665,63.69143,0.0418542,91.24617,43.69387,0.004191647,90.25818,23.68807,0.0004693474,64.24155,0.0,0.0006139653,13680520.0
typical,27,3.30,262,1197181637,2099875960,250201949,1,0,1.639901,1.65,-0.0100994,0.0,201.0,9.947153e-14,4.973576e-14,1.98228e-18,3.964561e-18,1.0,0.000129756,3.477396e-11,6.846281e-05,6.846279e-05,2.491007,-0.00099401,87.99007,95.91756,2.491003,87.99007,83.63267,0.605522,87.99,63.89446,0.06240553,87.98266,43.89711,0.006247727,87.2818,23.89159,0.0006768456,63.93087,0.0,0.0006361033,13998550.0
typical,27,3.30,263,1131977013,938187697,250201949,1,0,1.650138,1.65,0.0001379684,0.0,201.0,1.001644e-13,5.008219e-14,3.223157e-18,6.446315e-18,1.0,0.0001204909,2.161471e-11,7.027027e-05,7.027026e-05,4.050339,-0.00163747,83.82804,95.97785,4.050332,83.82803,83.5864,0.9725639,83.82799,63.84165,0.1001574,83.82356,43.84422,0.01002382,83.39145,23.83858,0.001052825,63.52792,0.0,0.0006663397,13903270.0
typical,27,3.30,264,63208793,2129613992,250201949,1,0,1.642757,1.65,-0.00724302,0.0,201.0,1.008066e-13,5.040332e-14,2.417932e-18,4.835865e-18,1.0,0.0001154889,2.907541e-11,7.243659e-05,7.243657e-05,3.038464,-0.00124718,86.3803,96.03336,3.038458,86.3803,83.51754,0.7192209,86.38024,63.76538,0.07400434,86.3743,43.76788,0.00740762,85.80069,23.7621,0.0007908068,63.93037,0.0,0.0006362569,13779180.0
typical,27,3.30,265,371450317,655244558,250201949,1,0,1.643549,1.65,-0.00645117,0.0,201.0,1.008309e-13,5.041546e-14,1.586896e-18,3.173791e-18,1.0,0.0001207528,4.472156e-11,7.342109e-05,7.342107e-05,1.994152,-0.000824078,90.04031,96.03546,1.994148,90.04031,83.46427,0.4690275,90.04022,63.70888,0.04824289,90.03103,43.71134,0.004830762,89.15839,23.70564,0.00053378,64.019,0.0,0.000629873,13721120.0
typical,27,3.30,266,492645360,629805546,250201949,1,0,1.645757,1.65,-0.00424335,0.0,201.0,9.993122e-14,4.996561e-14,2.729979e-18,5.459957e-18,1.0,0.000118391,2.509637e-11,6.84562e-05,6.845619e-05,3.430592,-0.0013689,85.25024,95.95761,3.430587,85.25024,83.67311,0.8339572,85.25019,63.93493,0.08594826,85.24498,43.93757,0.008602598,84.73973,23.93187,0.000911186,63.58493,0.0,0.0006619236,14013790.0
typical,27,3.30,267,1392278226,1583417641,250201949,1,0,1.639058,1.65,-0.0109421,0.0,201.0,1.001101e-13,5.005507e-14,1.833927e-18,3.667853e-18,1.0,0.000125932,3.949197e-11,7.010544e-05,7.010542e-05,2.30458,-0.00093059,88.72132,95.97314,2.304576,88.72132,83.5913,0.5539865,88.72124,63.84714,0.05705515,88.7134,43.84972,0.005712369,87.96464,23.84409,0.0006222609,64.04175,0.0,0.0006280985,13913800.0
typical,27,3.30,268,1168170519,610923339,250201949,1,0,1.640225,1.65,-0.00977527,0.0,201.0,1.003446e-13,5.017228e-14,6.419999e-19,1.284e-18,1.0,0.0001192124,1.134026e-10,7.088843e-05,7.088837e-05,0.8067608,-0.000327579,97.85858,95.99346,0.8067594,97.85858,83.56616,0.1929208,97.85834,63.81925,0.01986302,97.83533,43.8218,0.001992156,95.81113,23.81612,0.000251333,64.25725,0.0,0.0006127887,13869150.0
typical,27,3.30,269,142833248,522598358,250201949,1,0,1.63752,1.65,-0.0124796,0.0,201.0,1.008594e-13,5.04297e-14,2.921153e-19,5.842307e-19,1.0,0.000118959,2.428351e-10,7.365147e-05,7.365134e-05,0.367083,-0.000151939,104.7426,96.03791,0.3670823,104.7426,83.45388,0.08621088,104.7421,63.69774,0.008867089,104.6908,43.70019,0.0008922109,100.6961,23.69448,0.0001412277,64.32829,0.0,0.0006079288,13704250.0
typical,27,3.30,270,623469307,417626282,250201949,1,0,1.641458,1.65,-0.0085421,0.0,201.0,9.991036e-14,4.995518e-14,1.813794e-18,3.627587e-18,1.0,0.0001225068,3.814193e-11,6.932348e-05,6.932346e-05,2.27928,-0.000915235,88.79985,95.95579,2.279276,88.79985,83.61984,0.5508067,88.79977,63.87847,0.05674596,88.79191,43.88108,0.005681445,88.03984,23.87547,0.0006191299,63.85162,0.0,0.0006419701,13958820.0
typical,27,3.30,271,1312684732,900616029,250201949,1,0,1.64148,1.65,-0.00852027,0.0,201.0,1.001725e-13,5.008627e-14,2.534664e-18,5.069328e-18,1.0,0.0001277932,2.879119e-11,7.07194e-05,7.071939e-05,3.185153,-0.0012918,85.91597,95.97856,3.185147,85.91597,83.56103,0.7625232,85.91591,63.81471,0.0785127,85.91029,43.81726,0.007858662,85.36688,23.81166,0.0008360624,63.85105,0.0,0.0006420408,13876760.0
typical,27,3.30,272,1073850619,295067186,250201949,1,0,1.645288,1.65,-0.00471212,0.0,201.0,1.00582e-13,5.029098e-14,1.631123e-18,3.262245e-18,1.0,0.0001177128,4.317258e-11,7.239326e-05,7.239324e-05,2.049729,-0.000841084,89.78007,96.01398,2.049726,89.78007,83.50062,0.4853192,89.77998,63.7486,0.04993799,89.77104,43.75109,0.005000379,88.92146,23.74539,0.0005510567,64.01201,0.0,0.0006303506,13771720.0
typical,27,3.30,273,348043982,400351849,250201949,1,0,1.640269,1.65,-0.00973145,0.0,201.0,1.000398e-13,5.001991e-14,2.737988e-18,5.475976e-18,1.0,0.0001234748,2.522427e-11,6.951564e-05,6.951563e-05,3.440657,-0.00138348,85.23423,95.96704,3.440651,85.23423,83.61976,0.83038,85.23418,63.87771,0.08554145,85.22894,43.88031,0.008561863,84.72239,23.87465,0.0009070116,63.84242,0.0,0.0006426273,13947800.0
typical,27,3.30,274,970461754,430160934,250201949,1,0,1.644838,1.65,-0.00516238,0.0,201.0,9.9801e-14,4.99005e-14,1.108497e-18,2.216993e-18,1.0,0.0001203772,6.559731e-11,7.025595e-05,7.025591e-05,1.392978,-0.000563097,93.06741,95.94628,1.392976,93.06741,83.55567,0.3345128,93.06728,63.81097,0.03444963,93.05423,43.81354,0.003451163,91.84025,23.80797,0.0003966305,63.94143,0.0,0.000635454,13879740.0
typical,27,3.30,275,993109450,722606308,250201949,1,0,1.640508,1.65,-0.00949249,0.0,201.0,1.009854e-13,5.049272e-14,8.735435e-19,1.747087e-18,1.0,5.361661e-05,8.080292e-11,7.294644e-05,7.294648e-05,-1.09773,0.0004521416,95.23889,96.04876,1.097725,95.23889,83.50418,0.2589789,95.23904,63.75033,0.02664185,95.25462,43.75281,0.002660168,96.92317,23.74708,0.0002193794,64.3132,0.0,0.0006090169,13771130.0
typical,27,3.30,276,2051558670,1877194514,250201949,1,0,1.639855,1.65,-0.0101454,0.0,201.0,9.98203e-14,4.991015e-14,2.615036e-18,5.230072e-18,1.0,0.0001274305,2.702905e-11,6.922076e-05,6.922074e-05,3.286151,-0.00131855,85.61422,95.94796,3.286145,85.61422,83.61807,0.7946798,85.61417,63.87708,0.08187388,85.60867,43.87969,0.008195041,85.07708,23.87409,0.0008706645,63.86689,0.0,0.0006408158,13959520.0
typical,27,3.30,277,181154851,1223186686,250201949,1,0,1.64487,1.65,-0.00512978,0.0,201.0,9.96163e-14,4.980815e-14,3.179347e-18,6.358693e-18,1.0,0.0001196467,2.223999e-11,6.698286e-05,6.698285e-05,3.995285,-0.00157698,83.89925,95.93019,3.995278,83.89925,83.73455,0.9812167,83.89921,64.00194,0.1011898,83.89477,44.00465,0.0101273,83.46263,23.99899,0.001063697,63.34741,0.0,0.000680201,14109050.0
typical,27,3.30,278,192958660,923731562,250201949,1,0,1.642422,1.65,-0.00757828,0.0,201.0,9.878904e-14,4.939452e-14,2.40175e-18,4.803499e-18,1.0,0.0001267554,2.916067e-11,6.508888e-05,6.508886e-05,3.018128,-0.00117431,86.26302,95.85776,3.018123,86.26302,83.77907,0.7512812,86.26296,64.054,0.07754467,86.25706,44.05678,0.007762221,85.68795,24.05131,0.0008282621,63.51724,0.0,0.0006670829,14220510.0
typical,27,3.30,279,694206904,1111892749,250201949,1,0,1.640825,1.65,-0.00917533,0.0,201.0,1.010537e-13,5.052683e-14,1.064197e-18,2.128394e-18,1.0,4.20339e-05,6.980372e-11,7.421751e-05,7.421755e-05,-1.33731,0.0005556109,93.53,96.05462,1.337307,93.53,83.43916,0.3129376,93.53014,63.68122,0.03217761,93.54368,43.68365,0.00321365,94.9995,23.67792,0.0002715947,64.47825,0.0,0.0005976362,13680930.0
typical,27,3.30,280,1435335012,2129398645,250201949,1,0,1.642739,1.65,-0.0072613,0.0,201.0,9.998932e-14,4.999466e-14,7.28834e-19,1.457668e-18,1.0,0.0001199888,9.5838e-11,7.053964e-05,7.053959e-05,0.9158798,-0.000370995,96.7259,95.96265,0.9158782,96.7259,83.55555,0.2195242,96.72569,63.80985,0.0226052,96.70474,43.81242,0.002266648,94.84166,23.80686,0.0002807113,63.87947,0.0,0.0006400202,13880190.0
typical,27,3.30,281,1955702207,926606991,250201949,1,0,1.644099,1.65,-0.00590134,0.0,201.0,1.005104e-13,5.02552e-14,2.334603e-18,4.669206e-18,1.0,0.0001190762,3.133493e-11,7.200098e-05,7.200096e-05,2.933749,-0.00120056,86.65936,96.0078,2.933743,86.65936,83.51671,0.6964138,86.6593,63.766,0.07166964,86.65307,43.76851,0.007174173,86.05336,23.7628,0.0007681961,63.92919,0.0,0.0006363398,13794110.0
typical,27,3.30,282,218242019,481176989,250201949,1,0,1.63582,1.65,-0.0141798,0.0,201.0,9.985558e-14,4.992779e-14,8.069952e-19,1.61399e-18,1.0,0.0001240846,8.532197e-11,6.886068e-05,6.886063e-05,1.0141,-0.000405843,95.82943,95.95103,1.014098,95.82943,83.64246,0.2458396,95.82925,63.90278,0.02533242,95.81158,43.90541,0.00253917,94.20754,23.89982,0.0003052205,64.09262,0.0,0.0006244018,13993250.0
typical,27,3.30,283,29312116,630834926,250201949,1,0,1.645504,1.65,-0.00449588,0.0,201.0,1.015738e-13,5.078692e-14,1.908498e-19,3.816995e-19,1.0,5.221681e-05,3.988987e-10,7.777559e-05,7.77758e-05,-0.239829,0.0001019831,108.5012,96.09922,0.2398284,108.5012,83.29127,0.05489123,108.5017,63.52255,0.005636956,108.5459,43.52486,0.0005609805,109.1629,23.51911,5.221681e-05,64.33983,0.0,0.0006072451,13471120.0
typical,27,3.30,284,1394526585,1383670840,250201949,1,0,1.637822,1.65,-0.0121781,0.0,201.0,1.000159e-13,5.000796e-14,4.14056e-19,8.281119e-19,1.0,0.0001208686,1.735003e-10,6.912513e-05,6.912504e-05,0.5203181,-0.000208633,101.6396,95.96496,0.5203172,101.6396,83.64073,0.1259089,101.6393,63.90009,0.01297304,101.6047,43.9027,0.001302863,98.70368,23.89708,0.000181832,64.11112,0.0,0.0006230932,13984740.0
typical,27,3.30,285,1230622049,1178164787,250201949,1,0,1.636999,1.65,-0.0130008,0.0,201.0,1.001187e-13,5.005936e-14,1.519574e-18,3.039149e-18,1.0,0.0001273992,4.591527e-11,7.060317e-05,7.060315e-05,1.909553,-0.000773812,90.35527,95.97389,1.90955,90.35527,83.56309,0.4575002,90.35517,63.81718,0.04710861,90.34573,43.81974,0.004717377,89.45192,23.81413,0.0005225291,64.10392,0.0,0.0006236553,13879750.0
typical,27,3.30,286,1088007659,960866250,250201949,1,0,1.644984,1.65,-0.00501593,0.0,201.0,1.002399e-13,5.011996e-14,1.064905e-18,2.129809e-18,1.0,0.0001153952,6.542678e-11,7.062809e-05,7.062806e-05,1.338199,-0.000542389,93.454,95.9844,1.338196,93.454,83.57216,0.320559,93.45386,63.82616,0.03300766,93.44012,43.82872,0.003306965,92.16613,23.82306,0.0003826893,63.89515,0.0,0.0006388479,13882220.0
typical,27,3.30,287,1187475530,1067889611,250201949,1,0,1.645154,1.65,-0.00484582,0.0,201.0,1.011072e-13,5.055361e-14,2.395963e-19,4.791926e-19,1.0,6.842103e-05,3.012133e-10,7.55712e-05,7.557136e-05,-0.301086,0.0001262028,106.4854,96.05922,0.3010851,106.4854,83.36952,0.06985599,106.4857,63.60736,0.007179312,106.5112,43.60974,0.0007160256,106.6237,23.60406,7.06351e-05,64.14576,0.0,0.0006209278,13594920.0
typical,27,3.30,288,1962943537,2110311269,250201949,1,0,1.639051,1.65,-0.010949,0.0,201.0,1.009644e-13,5.048219e-14,7.894037e-19,1.578807e-18,1.0,0.0001198446,8.976997e-11,7.363713e-05,7.363709e-05,0.991994,-0.000410545,96.11678,96.04694,0.9919922,96.11678,83.46371,0.2329949,96.11659,63.70762,0.02396356,96.09797,43.71007,0.002402176,94.4145,23.70432,0.000291401,64.22842,0.0,0.0006149199,13711470.0
typical,27,3.30,289,1576046865,2049636423,250201949,1,0,1.643185,1.65,-0.00681547,0.0,201.0,1.009076e-13,5.045378e-14,1.433681e-18,2.867363e-18,1.0,0.0001199535,5.175593e-11,7.366394e-05,7.366391e-05,1.801617,-0.000745738,90.92882,96.04206,1.801614,90.92882,83.45732,0.4230826,90.92872,63.70115,0.04351324,90.9186,43.7036,0.004357627,89.96235,23.69789,0.0004861572,64.1425,0.0,0.0006209942,13709350.0
typical,27,3.30,290,499961535,2026221968,250201949,1,0,1.640969,1.65,-0.009031,0.0,201.0,1.003687e-13,5.018437e-14,1.252909e-18,2.505818e-18,1.0,0.0001210325,5.55076e-11,7.063047e-05,7.063044e-05,1.574452,-0.000638139,92.05298,95.99555,1.574449,92.05298,83.58318,0.3771462,92.05286,63.83717,0.03883427,92.04123,43.83972,0.003889779,90.95374,23.83404,0.0004405699,64.11231,0.0,0.0006230562,13889490.0
typical,27,3.30,291,174616302,165784217,250201949,1,0,1.641387,1.65,-0.00861314,0.0,201.0,1.00859e-13,5.042952e-14,2.117349e-18,4.234698e-18,1.0,0.0001170462,3.463185e-11,7.250254e-05,7.250252e-05,2.660739,-0.00109263,87.53785,96.03788,2.660735,87.53785,83.51833,0.6295411,87.53778,63.76595,0.06477515,87.53102,43.76844,0.006484416,86.88096,23.76266,0.0006983693,64.01374,0.0,0.0006301926,13780510.0
typical,27,3.30,292,1992159627,594118212,250201949,1,0,1.639929,1.65,-0.010071,0.0,201.0,9.941828e-14,4.970914e-14,2.423006e-18,4.846012e-18,1.0,0.0001243517,2.852119e-11,6.668442e-05,6.66844e-05,3.044839,-0.00119913,86.24163,95.91291,3.044834,86.24163,83.73549,0.7493637,86.24157,64.00404,0.07729002,86.2356,44.00676,0.007736737,85.66034,24.00111,0.0008261113,63.7573,0.0,0.0006488447,14114170.0
typical,27,3.30,293,1221270502,1123319406,250201949,1,0,1.653394,1.65,0.003393562,0.0,201.0,1.013636e-13,5.068178e-14,1.008345e-18,2.016691e-18,1.0,0.0001069597,7.470646e-11,7.610508e-05,7.610504e-05,1.267124,-0.000533138,94.02485,96.08122,1.267122,94.02485,83.36259,0.293013,94.02469,63.59881,0.03010966,94.00857,43.60118,0.003017382,92.54293,23.59542,0.0003569639,63.9315,0.0,0.0006363515,13568660.0
typical,27,3.30,294,2052529397,2055426467,250201949,1,0,1.652473,1.65,0.002472874,0.0,201.0,1.006266e-13,5.031329e-14,1.640961e-18,3.281922e-18,1.0,0.0001118715,4.303047e-11,7.243726e-05,7.243724e-05,2.062092,-0.000846427,89.73169,96.01784,2.062089,89.73169,83.50198,0.4881064,89.7316,63.74981,0.05022395,89.72259,43.75231,0.00502905,88.86613,23.7466,0.0005546554,63.81117,0.0,0.0006450978,13773210.0
typical,27,3.30,295,2014227445,1632511576,250201949,1,0,1.643963,1.65,-0.00603711,0.0,201.0,1.001087e-13,5.005436e-14,1.672166e-18,3.344333e-18,1.0,0.0001181103,4.119727e-11,6.918284e-05,6.918282e-05,2.101306,-0.000842913,89.52325,95.97302,2.101303,89.52325,83.64537,0.5082836,89.52316,63.90452,0.0523682,89.51457,43.90713,0.00524358,88.69684,23.90146,0.0005757456,63.84403,0.0,0.0006425189,13979450.0
typical,27,3.30,296,345760676,1339347509,250201949,1,0,1.648318,1.65,-0.00168221,0.0,201.0,1.00556e-13,5.027799e-14,4.685474e-18,9.370948e-18,1.0,0.0001161648,1.543299e-11,7.289569e-05,7.289569e-05,5.88794,-0.00242441,80.61249,96.01174,5.88793,80.61249,83.47001,1.389557,80.61246,63.71634,0.1429532,80.60936,43.71881,0.0143045,80.30602,23.71309,0.001480314,63.65018,0.0,0.0006570256,13727430.0
typical,27,3.30,297,46893688,1412404831,250201949,1,0,1.635108,1.65,-0.0148918,0.0,201.0,1.010173e-13,5.050864e-14,5.039382e-19,1.007876e-18,1.0,0.0001187333,1.403606e-10,7.337659e-05,7.337652e-05,0.6332674,-0.000261614,100.0198,96.05149,0.6332662,100.0198,83.4828,0.1489882,100.0195,63.72755,0.01532512,99.99091,43.73001,0.001537995,97.52667,23.72426,0.0002041172,64.44041,0.0,0.0006000982,13735360.0
typical,27,3.30,298,1518448410,563809300,250201949,1,0,1.642065,1.65,-0.00793471,0.0,201.0,1.004814e-13,5.024071e-14,1.689186e-18,3.378373e-18,1.0,0.00012047,4.29452e-11,7.089227e-05,7.089225e-05,2.122694,-0.000861948,89.46756,96.0053,2.122691,89.46756,83.57777,0.507587,89.46748,63.83085,0.05225992,89.45895,43.8334,0.00523266,88.64694,23.82768,0.0005741653,63.96867,0.0,0.0006334377,13875100.0
typical,27,3.30,299,1729627525,1981831931,250201949,1,0,1.64202,1.65,-0.00797951,0.0,201.0,9.921902e-14,4.960951e-14,2.972669e-18,5.945338e-18,1.0,0.0001281049,2.282263e-11,6.654611e-05,6.65461e-05,3.735566,-0.00146965,84.44837,95.89548,3.73556,84.44837,83.72653,0.920255,84.44832,63.99563,0.09492167,84.44363,43.99835,0.009500269,83.98733,23.9928,0.00100063,63.46573,0.0,0.0006709875,14123120.0
