1.000000000000000021e-02 1.843423160000000053e-07 1.000000000000000021e-02 6.461541299999999589e-09 1.000000000000000021e-02 8.756623850000000298e-09 1.000000000000000021e-02 3.116590050000000014e-15 1.000000000000000021e-02 4.156317050000000179e-01 1.000000000000000021e-02 1.174227050000000039e-08 1.000000000000000021e-02 6.855416880000000102e-11 1.000000000000000021e-02 5.542294760000000418e-10 1.000000000000000021e-02 6.665968360000000024e-15 1.000000000000000021e-02 5.035520070000000237e-01 1.000000000000000021e-02 6.468495639999999754e-09 1.000000000000000021e-02 1.935455419999999855e-11 1.000000000000000021e-02 3.054989500000000062e-10 1.000000000000000021e-02 1.342051749999999947e-14 1.000000000000000021e-02 4.792176249999999804e-01 1.000000000000000021e-02 4.519917989999999773e-09 1.000000000000000021e-02 9.350842939999999363e-12 1.000000000000000021e-02 2.138767380000000062e-10 1.000000000000000021e-02 2.728958119999999938e-14 1.000000000000000021e-02 4.585417960000000015e-01 1.000000000000000021e-02 2.851410499999999932e-09 1.000000000000000021e-02 4.239331420000000044e-12 1.000000000000000021e-02 1.351401760000000092e-10 1.000000000000000021e-02 5.531229749999999956e-14 1.000000000000000021e-02 4.460381900000000011e-01 1.000000000000000021e-02 1.297216150000000048e-08 1.000000000000000021e-02 2.266685640000000023e-10 1.000000000000000021e-02 6.347364720000000025e-10 1.000000000000000021e-02 4.755647310000000363e-15 1.000000000000000021e-02 4.959290650000000023e-01 1.000000000000000021e-02 1.197730869999999904e-09 1.000000000000000021e-02 3.515452599999999815e-12 1.000000000000000021e-02 5.803978780000000097e-11 1.000000000000000021e-02 8.669423220000000574e-15 1.000000000000000021e-02 5.650809180000000431e-01 1.000000000000000021e-02 4.727219980000000261e-10 1.000000000000000021e-02 5.461661119999999772e-13 1.000000000000000021e-02 2.288750240000000054e-11 1.000000000000000021e-02 1.747961229999999885e-14 1.000000000000000021e-02 5.629528670000000234e-01 1.000000000000000021e-02 2.444973559999999817e-10 1.000000000000000021e-02 1.576334509999999967e-13 1.000000000000000021e-02 1.184189239999999991e-11 1.000000000000000021e-02 3.474734320000000210e-14 1.000000000000000021e-02 5.543652669999999949e-01 1.000000000000000021e-02 1.249245490000000023e-10 1.000000000000000021e-02 4.681627039999999892e-14 1.000000000000000021e-02 6.051854070000000397e-12 1.000000000000000021e-02 6.950620360000000059e-14 1.000000000000000021e-02 5.497633899999999629e-01
2.000000000000000042e-02 2.271399350000000101e-07 2.000000000000000042e-02 7.966576549999999322e-09 2.000000000000000042e-02 1.080667619999999977e-08 2.000000000000000042e-02 3.140436839999999984e-15 2.000000000000000042e-02 4.156317050000000179e-01 2.000000000000000042e-02 1.450146509999999965e-08 2.000000000000000042e-02 8.471472599999999855e-11 2.000000000000000042e-02 6.849655409999999924e-10 2.000000000000000042e-02 6.640711640000000282e-15 2.000000000000000042e-02 5.035520070000000237e-01 2.000000000000000042e-02 7.986674330000000561e-09 2.000000000000000042e-02 2.391617479999999860e-11 2.000000000000000042e-02 3.775096899999999862e-10 2.000000000000000042e-02 1.337329349999999939e-14 2.000000000000000042e-02 4.792176249999999804e-01 2.000000000000000042e-02 5.577417559999999841e-09 2.000000000000000042e-02 1.154967199999999954e-11 2.000000000000000042e-02 2.641795119999999889e-10 2.000000000000000042e-02 2.721382780000000029e-14 2.000000000000000042e-02 4.585417960000000015e-01 2.000000000000000042e-02 3.516772859999999966e-09 2.000000000000000042e-02 5.234269539999999725e-12 2.000000000000000042e-02 1.668657859999999985e-10 2.000000000000000042e-02 5.519857439999999874e-14 2.000000000000000042e-02 4.460381900000000011e-01 2.000000000000000042e-02 1.589801359999999886e-08 2.000000000000000042e-02 2.778624119999999810e-10 2.000000000000000042e-02 7.785950560000000201e-10 2.000000000000000042e-02 4.757990059999999824e-15 2.000000000000000042e-02 4.959290650000000023e-01 2.000000000000000042e-02 1.471548739999999919e-09 2.000000000000000042e-02 4.320419429999999794e-12 2.000000000000000042e-02 7.133938859999999860e-11 2.000000000000000042e-02 8.655941939999999646e-15 2.000000000000000042e-02 5.650809180000000431e-01 2.000000000000000042e-02 5.808904620000000180e-10 2.000000000000000042e-02 6.714327459999999955e-13 2.000000000000000042e-02 2.813706400000000076e-11 2.000000000000000042e-02 1.745467600000000138e-14 2.000000000000000042e-02 5.629528670000000234e-01 2.000000000000000042e-02 3.004076639999999954e-10 2.000000000000000042e-02 1.937725199999999919e-13 2.000000000000000042e-02 1.455686330000000133e-11 2.000000000000000042e-02 3.465656760000000025e-14 2.000000000000000042e-02 5.543652669999999949e-01 2.000000000000000042e-02 1.534807769999999989e-10 2.000000000000000042e-02 5.754659550000000233e-14 2.000000000000000042e-02 7.439003369999999793e-12 2.000000000000000042e-02 6.929163380000000307e-14 2.000000000000000042e-02 5.497633899999999629e-01
2.999999999999999889e-02 2.797336610000000230e-07 2.999999999999999889e-02 9.817682090000000372e-09 2.999999999999999889e-02 1.333203280000000040e-08 2.999999999999999889e-02 3.165915879999999932e-15 2.999999999999999889e-02 4.156317050000000179e-01 2.999999999999999889e-02 1.790504759999999915e-08 2.999999999999999889e-02 1.046663459999999963e-10 2.999999999999999889e-02 8.464036640000000401e-10 2.999999999999999889e-02 6.616271270000000290e-15 2.999999999999999889e-02 5.035520070000000237e-01 2.999999999999999889e-02 9.858730969999999909e-09 2.999999999999999889e-02 2.954742770000000215e-11 2.999999999999999889e-02 4.664103529999999857e-10 2.999999999999999889e-02 1.332793639999999925e-14 2.999999999999999889e-02 4.792176249999999804e-01 2.999999999999999889e-02 6.880228839999999724e-09 2.999999999999999889e-02 1.426229229999999952e-11 2.999999999999999889e-02 3.262416510000000056e-10 2.999999999999999889e-02 2.714347560000000064e-14 2.999999999999999889e-02 4.585417960000000015e-01 2.999999999999999889e-02 4.335855550000000192e-09 2.999999999999999889e-02 6.460997420000000323e-12 2.999999999999999889e-02 2.059873269999999927e-10 2.999999999999999889e-02 5.509918089999999915e-14 2.999999999999999889e-02 4.460381900000000011e-01 2.999999999999999889e-02 1.947819880000000128e-08 2.999999999999999889e-02 3.405297360000000148e-10 2.999999999999999889e-02 9.548750060000000406e-10 2.999999999999999889e-02 4.762283949999999830e-15 2.999999999999999889e-02 4.959290650000000023e-01 2.999999999999999889e-02 1.807708879999999928e-09 2.999999999999999889e-02 5.309126480000000247e-12 2.999999999999999889e-02 8.767828429999999630e-11 2.999999999999999889e-02 8.644636629999999807e-15 2.999999999999999889e-02 5.650809180000000431e-01 2.999999999999999889e-02 7.137067969999999896e-10 2.999999999999999889e-02 8.253496630000000035e-13 2.999999999999999889e-02 3.458735809999999704e-11 2.999999999999999889e-02 1.743410899999999979e-14 2.999999999999999889e-02 5.629528670000000234e-01 2.999999999999999889e-02 3.690449119999999916e-10 2.999999999999999889e-02 2.381714470000000073e-13 2.999999999999999889e-02 1.789241060000000125e-11 2.999999999999999889e-02 3.457084150000000121e-14 2.999999999999999889e-02 5.543652669999999949e-01 2.999999999999999889e-02 1.885333840000000089e-10 2.999999999999999889e-02 7.072839600000000356e-14 2.999999999999999889e-02 9.143094549999999769e-12 2.999999999999999889e-02 6.908357599999999432e-14 2.999999999999999889e-02 5.497633899999999629e-01
4.000000000000000083e-02 3.443163130000000213e-07 4.000000000000000083e-02 1.209284230000000051e-08 4.000000000000000083e-02 1.644126009999999998e-08 4.000000000000000083e-02 3.193043969999999989e-15 4.000000000000000083e-02 4.156317050000000179e-01 4.000000000000000083e-02 2.210213990000000157e-08 4.000000000000000083e-02 1.292920280000000077e-10 4.000000000000000083e-02 1.045707760000000052e-09 4.000000000000000083e-02 6.592686620000000062e-15 4.000000000000000083e-02 5.035520070000000237e-01 4.000000000000000083e-02 1.216630940000000057e-08 4.000000000000000083e-02 3.649724340000000165e-11 4.000000000000000083e-02 5.761339969999999536e-10 4.000000000000000083e-02 1.328455709999999959e-14 4.000000000000000083e-02 4.792176249999999804e-01 4.000000000000000083e-02 8.484526989999999478e-09 4.000000000000000083e-02 1.760762100000000103e-11 4.000000000000000083e-02 4.027876509999999810e-10 4.000000000000000083e-02 2.707894120000000115e-14 4.000000000000000083e-02 4.585417960000000015e-01 4.000000000000000083e-02 5.343637929999999635e-09 4.000000000000000083e-02 7.972909619999999742e-12 4.000000000000000083e-02 2.542110359999999973e-10 4.000000000000000083e-02 5.501530140000000212e-14 4.000000000000000083e-02 4.460381900000000011e-01 4.000000000000000083e-02 2.385707729999999964e-08 4.000000000000000083e-02 4.172104839999999947e-10 4.000000000000000083e-02 1.170817890000000005e-09 4.000000000000000083e-02 4.768649080000000059e-15 4.000000000000000083e-02 4.959290650000000023e-01 4.000000000000000083e-02 2.220312430000000028e-09 4.000000000000000083e-02 6.523302729999999680e-12 4.000000000000000083e-02 1.077480280000000017e-10 4.000000000000000083e-02 8.635647189999999535e-15 4.000000000000000083e-02 5.650809180000000431e-01 4.000000000000000083e-02 8.767499780000000228e-10 4.000000000000000083e-02 1.014440210000000068e-12 4.000000000000000083e-02 4.251181799999999975e-11 4.000000000000000083e-02 1.741819589999999966e-14 4.000000000000000083e-02 5.629528670000000234e-01 4.000000000000000083e-02 4.532850619999999987e-10 4.000000000000000083e-02 2.927088070000000159e-13 4.000000000000000083e-02 2.198970010000000116e-11 4.000000000000000083e-02 3.449050079999999814e-14 4.000000000000000083e-02 5.543652669999999949e-01 4.000000000000000083e-02 2.315489759999999948e-10 4.000000000000000083e-02 8.691884689999999968e-14 4.000000000000000083e-02 1.123617820000000047e-11 4.000000000000000083e-02 6.888238170000000256e-14 4.000000000000000083e-02 5.497633899999999629e-01
5.000000000000000278e-02 4.235541770000000155e-07 5.000000000000000278e-02 1.488705040000000074e-08 5.000000000000000278e-02 2.026714670000000087e-08 5.000000000000000278e-02 3.221834500000000111e-15 5.000000000000000278e-02 4.156317050000000179e-01 5.000000000000000278e-02 2.727589200000000084e-08 5.000000000000000278e-02 1.596782090000000047e-10 5.000000000000000278e-02 1.291697389999999950e-09 5.000000000000000278e-02 6.570002970000000122e-15 5.000000000000000278e-02 5.035520070000000237e-01 5.000000000000000278e-02 1.500959520000000007e-08 5.000000000000000278e-02 4.507182049999999998e-11 5.000000000000000278e-02 7.115197270000000450e-10 5.000000000000000278e-02 1.324328209999999973e-14 5.000000000000000278e-02 4.792176249999999804e-01 5.000000000000000278e-02 1.045909640000000051e-08 5.000000000000000278e-02 2.173169209999999987e-11 5.000000000000000278e-02 4.971647300000000474e-10 5.000000000000000278e-02 2.702068920000000022e-14 5.000000000000000278e-02 4.585417960000000015e-01 5.000000000000000278e-02 6.582873269999999921e-09 5.000000000000000278e-02 9.835482900000000070e-12 5.000000000000000278e-02 3.136305509999999953e-10 5.000000000000000278e-02 5.494823790000000043e-14 5.000000000000000278e-02 4.460381900000000011e-01 5.000000000000000278e-02 2.921017070000000131e-08 5.000000000000000278e-02 5.109958689999999543e-10 5.000000000000000278e-02 1.435259770000000076e-09 5.000000000000000278e-02 4.777211039999999987e-15 5.000000000000000278e-02 4.959290650000000023e-01 5.000000000000000278e-02 2.726616640000000169e-09 5.000000000000000278e-02 8.014077630000000608e-12 5.000000000000000278e-02 1.323964429999999981e-10 5.000000000000000278e-02 8.629123460000000250e-15 5.000000000000000278e-02 5.650809180000000431e-01 5.000000000000000278e-02 1.076848299999999932e-09 5.000000000000000278e-02 1.246702320000000016e-12 5.000000000000000278e-02 5.224570619999999693e-11 5.000000000000000278e-02 1.740724099999999985e-14 5.000000000000000278e-02 5.629528670000000234e-01 5.000000000000000278e-02 5.566463939999999588e-10 5.000000000000000278e-02 3.596870520000000058e-13 5.000000000000000278e-02 2.702176250000000040e-11 5.000000000000000278e-02 3.441591459999999717e-14 5.000000000000000278e-02 5.543652669999999949e-01 5.000000000000000278e-02 2.843212169999999789e-10 5.000000000000000278e-02 1.068007050000000024e-13 5.000000000000000278e-02 1.380655210000000038e-11 5.000000000000000278e-02 6.868844820000000361e-14 5.000000000000000278e-02 5.497633899999999629e-01
5.999999999999999778e-02 5.206832070000000142e-07 5.999999999999999778e-02 1.831581979999999884e-08 5.999999999999999778e-02 2.497190519999999977e-08 5.999999999999999778e-02 3.252297110000000140e-15 5.999999999999999778e-02 4.156317050000000179e-01 5.999999999999999778e-02 3.365107669999999768e-08 5.999999999999999778e-02 1.971608339999999976e-10 5.999999999999999778e-02 1.595224750000000065e-09 5.999999999999999778e-02 6.548272209999999805e-15 5.999999999999999778e-02 5.035520070000000237e-01 5.999999999999999778e-02 1.851142419999999903e-08 5.999999999999999778e-02 5.564756170000000101e-11 5.999999999999999778e-02 8.785179880000000348e-10 5.999999999999999778e-02 1.320425500000000062e-14 5.999999999999999778e-02 4.792176249999999804e-01 5.999999999999999778e-02 1.288807279999999938e-08 5.999999999999999778e-02 2.681369300000000155e-11 5.999999999999999778e-02 6.134822039999999903e-10 5.999999999999999778e-02 2.696923569999999959e-14 5.999999999999999778e-02 4.585417960000000015e-01 5.999999999999999778e-02 8.105752800000000534e-09 5.999999999999999778e-02 1.212893099999999946e-11 5.999999999999999778e-02 3.868127160000000232e-10 5.999999999999999778e-02 5.489941720000000226e-14 5.999999999999999778e-02 4.460381900000000011e-01 5.999999999999999778e-02 3.575065280000000213e-08 5.999999999999999778e-02 6.256442250000000259e-10 5.999999999999999778e-02 1.758974240000000045e-09 5.999999999999999778e-02 4.788100529999999749e-15 5.999999999999999778e-02 4.959290650000000023e-01 5.999999999999999778e-02 3.347729400000000200e-09 5.999999999999999778e-02 9.844071330000000281e-12 5.999999999999999778e-02 1.626625369999999947e-10 5.999999999999999778e-02 8.625225489999999959e-15 5.999999999999999778e-02 5.650809180000000431e-01 5.999999999999999778e-02 1.322354319999999897e-09 5.999999999999999778e-02 1.531937959999999947e-12 5.999999999999999778e-02 6.419993740000000454e-11 5.999999999999999778e-02 1.740156929999999862e-14 5.999999999999999778e-02 5.629528670000000234e-01 5.999999999999999778e-02 6.834302729999999821e-10 5.999999999999999778e-02 4.419269289999999822e-13 5.999999999999999778e-02 3.320059769999999839e-11 5.999999999999999778e-02 3.434748779999999796e-14 5.999999999999999778e-02 5.543652669999999949e-01 5.999999999999999778e-02 3.490423210000000060e-10 5.999999999999999778e-02 1.312102309999999933e-13 5.999999999999999778e-02 1.696237839999999854e-11 5.999999999999999778e-02 6.850222360000000198e-14 5.999999999999999778e-02 5.497633899999999629e-01
7.000000000000000666e-02 6.396227369999999818e-07 7.000000000000000666e-02 2.251935160000000092e-08 7.000000000000000666e-02 3.075342199999999968e-08 7.000000000000000666e-02 3.284437329999999869e-15 7.000000000000000666e-02 4.156317050000000179e-01 7.000000000000000666e-02 4.150331820000000330e-08 7.000000000000000666e-02 2.433815809999999923e-10 7.000000000000000666e-02 1.969635579999999991e-09 7.000000000000000666e-02 6.527553530000000288e-15 7.000000000000000666e-02 5.035520070000000237e-01 7.000000000000000666e-02 2.282226490000000088e-08 7.000000000000000666e-02 6.868684390000000122e-11 7.000000000000000666e-02 1.084441189999999956e-09 7.000000000000000666e-02 1.316763819999999985e-14 7.000000000000000666e-02 4.792176249999999804e-01 7.000000000000000666e-02 1.587425229999999976e-08 7.000000000000000666e-02 3.307329000000000114e-11 7.000000000000000666e-02 7.567810240000000188e-10 7.000000000000000666e-02 2.692515210000000051e-14 7.000000000000000666e-02 4.585417960000000015e-01 7.000000000000000666e-02 9.975904900000000583e-09 7.000000000000000666e-02 1.495141399999999949e-11 7.000000000000000666e-02 4.769016519999999737e-10 7.000000000000000666e-02 5.487039820000000147e-14 7.000000000000000666e-02 4.460381900000000011e-01 7.000000000000000666e-02 4.373711420000000314e-08 7.000000000000000666e-02 7.657199239999999496e-10 7.000000000000000666e-02 2.155086700000000033e-09 7.000000000000000666e-02 4.801452840000000230e-15 7.000000000000000666e-02 4.959290650000000023e-01 7.000000000000000666e-02 4.109452290000000182e-09 7.000000000000000666e-02 1.208993969999999950e-11 7.000000000000000666e-02 1.998190989999999916e-10 7.000000000000000666e-02 8.624123749999999525e-15 7.000000000000000666e-02 5.650809180000000431e-01 7.000000000000000666e-02 1.623478640000000003e-09 7.000000000000000666e-02 1.882154770000000100e-12 7.000000000000000666e-02 7.887793659999999464e-11 7.000000000000000666e-02 1.740152660000000000e-14 7.000000000000000666e-02 5.629528670000000234e-01 7.000000000000000666e-02 8.388918169999999933e-10 7.000000000000000666e-02 5.428824789999999943e-13 7.000000000000000666e-02 4.078583179999999993e-11 7.000000000000000666e-02 3.428566320000000285e-14 7.000000000000000666e-02 5.543652669999999949e-01 7.000000000000000666e-02 4.283896820000000168e-10 7.000000000000000666e-02 1.611711839999999977e-13 7.000000000000000666e-02 2.083608749999999929e-11 7.000000000000000666e-02 6.832421069999999549e-14 7.000000000000000666e-02 5.497633899999999629e-01
8.000000000000000167e-02 7.851092060000000518e-07 8.000000000000000167e-02 2.766745850000000109e-08 8.000000000000000167e-02 3.785274189999999701e-08 8.000000000000000167e-02 3.318256199999999900e-15 8.000000000000000167e-02 4.156317050000000179e-01 8.000000000000000167e-02 5.117028829999999854e-08 8.000000000000000167e-02 3.003563500000000099e-10 8.000000000000000167e-02 2.431331849999999886e-09 8.000000000000000167e-02 6.507914259999999703e-15 8.000000000000000167e-02 5.035520070000000237e-01 8.000000000000000167e-02 2.812624989999999846e-08 8.000000000000000167e-02 8.475721300000000021e-11 8.000000000000000167e-02 1.338269240000000100e-09 8.000000000000000167e-02 1.313361500000000072e-14 8.000000000000000167e-02 4.792176249999999804e-01 8.000000000000000167e-02 1.954307370000000036e-08 8.000000000000000167e-02 4.077950000000000249e-11 8.000000000000000167e-02 9.332396879999999493e-10 8.000000000000000167e-02 2.688906909999999988e-14 8.000000000000000167e-02 4.585417960000000015e-01 8.000000000000000167e-02 1.227079000000000039e-08 8.000000000000000167e-02 1.842290670000000042e-11 8.000000000000000167e-02 5.877447430000000345e-10 8.000000000000000167e-02 5.486287850000000164e-14 8.000000000000000167e-02 4.460381900000000011e-01 8.000000000000000167e-02 5.348282429999999846e-08 8.000000000000000167e-02 9.367595449999999164e-10 8.000000000000000167e-02 2.639573420000000155e-09 8.000000000000000167e-02 4.817407120000000044e-15 8.000000000000000167e-02 4.959290650000000023e-01 8.000000000000000167e-02 5.043302639999999918e-09 8.000000000000000167e-02 1.484547010000000142e-11 8.000000000000000167e-02 2.454245719999999937e-10 8.000000000000000167e-02 8.625999229999999494e-15 8.000000000000000167e-02 5.650809180000000431e-01 8.000000000000000167e-02 1.992694490000000017e-09 8.000000000000000167e-02 2.312055219999999972e-12 8.000000000000000167e-02 9.689617750000000301e-11 8.000000000000000167e-02 1.740747940000000110e-14 8.000000000000000167e-02 5.629528670000000234e-01 8.000000000000000167e-02 1.029446499999999915e-09 8.000000000000000167e-02 6.667809749999999693e-13 8.000000000000000167e-02 5.009525509999999792e-11 8.000000000000000167e-02 3.423092400000000055e-14 8.000000000000000167e-02 5.543652669999999949e-01 8.000000000000000167e-02 5.256306589999999718e-10 8.000000000000000167e-02 1.979361529999999923e-13 8.000000000000000167e-02 2.558973809999999968e-11 8.000000000000000167e-02 6.815497290000000262e-14 8.000000000000000167e-02 5.497633899999999629e-01
8.999999999999999667e-02 9.628525849999999763e-07 8.999999999999999667e-02 3.396535010000000083e-08 8.999999999999999667e-02 4.656300119999999851e-08 8.999999999999999667e-02 3.353749990000000116e-15 8.999999999999999667e-02 4.156317050000000179e-01 8.999999999999999667e-02 6.306525669999999671e-08 8.999999999999999667e-02 3.705585690000000054e-10 8.999999999999999667e-02 3.000457840000000094e-09 8.999999999999999667e-02 6.489430670000000096e-15 8.999999999999999667e-02 5.035520070000000237e-01 8.999999999999999667e-02 3.464846099999999835e-08 8.999999999999999667e-02 1.045547020000000036e-10 8.999999999999999667e-02 1.651021439999999954e-09 8.999999999999999667e-02 1.310239089999999934e-14 8.999999999999999667e-02 4.792176249999999804e-01 8.999999999999999667e-02 2.404739950000000016e-08 8.999999999999999667e-02 5.026140729999999763e-11 8.999999999999999667e-02 1.150423839999999987e-09 8.999999999999999667e-02 2.686168049999999900e-14 8.999999999999999667e-02 4.585417960000000015e-01 8.999999999999999667e-02 1.508456160000000162e-08 8.999999999999999667e-02 2.268984850000000105e-11 8.999999999999999667e-02 7.240448489999999636e-10 8.999999999999999667e-02 5.487870120000000226e-14 8.999999999999999667e-02 4.460381900000000011e-01 8.999999999999999667e-02 6.536674850000000647e-08 8.999999999999999667e-02 1.145470079999999917e-09 8.999999999999999667e-02 3.231861849999999808e-09 8.999999999999999667e-02 4.836105569999999621e-15 8.999999999999999667e-02 4.959290650000000023e-01 8.999999999999999667e-02 6.187750599999999632e-09 8.999999999999999667e-02 1.822534120000000026e-11 8.999999999999999667e-02 3.013862090000000079e-10 8.999999999999999667e-02 8.631043430000000098e-15 8.999999999999999667e-02 5.650809180000000431e-01 8.999999999999999667e-02 2.445227369999999909e-09 8.999999999999999667e-02 2.839631720000000032e-12 8.999999999999999667e-02 1.190091800000000028e-10 8.999999999999999667e-02 1.741981550000000153e-14 8.999999999999999667e-02 5.629528670000000234e-01 8.999999999999999667e-02 1.262919789999999910e-09 8.999999999999999667e-02 8.187929529999999798e-13 8.999999999999999667e-02 6.151763449999999924e-11 8.999999999999999667e-02 3.418379590000000057e-14 8.999999999999999667e-02 5.543652669999999949e-01 8.999999999999999667e-02 6.447490949999999717e-10 8.999999999999999667e-02 2.430367559999999958e-13 8.999999999999999667e-02 3.142152939999999734e-11 8.999999999999999667e-02 6.799513810000000184e-14 8.999999999999999667e-02 5.497633899999999629e-01
1.000000000000000056e-01 1.179718219999999927e-06 1.000000000000000056e-01 4.166039270000000159e-08 1.000000000000000056e-01 5.724004980000000102e-08 1.000000000000000056e-01 3.390909810000000145e-15 1.000000000000000056e-01 4.156317050000000179e-01 1.000000000000000056e-01 7.769345870000000521e-08 1.000000000000000056e-01 4.570203339999999882e-10 1.000000000000000056e-01 3.701735410000000108e-09 1.000000000000000056e-01 6.472188840000000169e-15 1.000000000000000056e-01 5.035520070000000237e-01 1.000000000000000056e-01 4.266370689999999829e-08 1.000000000000000056e-01 1.289320989999999912e-10 1.000000000000000056e-01 2.036208569999999981e-09 1.000000000000000056e-01 1.307419620000000002e-14 1.000000000000000056e-01 4.792176249999999804e-01 1.000000000000000056e-01 2.957323899999999960e-08 1.000000000000000056e-01 6.192107150000000573e-11 1.000000000000000056e-01 1.417588299999999936e-09 1.000000000000000056e-01 2.684374659999999983e-14 1.000000000000000056e-01 4.585417960000000015e-01 1.000000000000000056e-01 1.853147209999999892e-08 1.000000000000000056e-01 2.793071110000000088e-11 1.000000000000000056e-01 8.915437659999999685e-10 1.000000000000000056e-01 5.491986029999999775e-14 1.000000000000000056e-01 4.460381900000000011e-01 1.000000000000000056e-01 7.984660890000000295e-08 1.000000000000000056e-01 1.399964669999999909e-09 1.000000000000000056e-01 3.955551080000000318e-09 1.000000000000000056e-01 4.857692289999999839e-15 1.000000000000000056e-01 4.959290650000000023e-01 1.000000000000000056e-01 7.589713710000000030e-09 1.000000000000000056e-01 2.236968539999999873e-11 1.000000000000000056e-01 3.700368340000000166e-10 1.000000000000000056e-01 8.639458259999999694e-15 1.000000000000000056e-01 5.650809180000000431e-01 1.000000000000000056e-01 2.999646530000000131e-09 1.000000000000000056e-01 3.486889600000000071e-12 1.000000000000000056e-01 1.461398970000000105e-10 1.000000000000000056e-01 1.743894310000000036e-14 1.000000000000000056e-01 5.629528670000000234e-01 1.000000000000000056e-01 1.548848330000000090e-09 1.000000000000000056e-01 1.005238550000000037e-12 1.000000000000000056e-01 7.552827239999999456e-11 1.000000000000000056e-01 3.414484939999999799e-14 1.000000000000000056e-01 5.543652669999999949e-01 1.000000000000000056e-01 7.905977740000000096e-10 1.000000000000000056e-01 2.983444960000000175e-13 1.000000000000000056e-01 3.857370440000000164e-11 1.000000000000000056e-01 6.784540489999999988e-14 1.000000000000000056e-01 5.497633899999999629e-01
1.100000000000000006e-01 1.443936909999999906e-06 1.100000000000000006e-01 5.104995640000000317e-08 1.100000000000000006e-01 7.031503110000000626e-08 1.100000000000000006e-01 3.429721370000000193e-15 1.100000000000000006e-01 4.156317050000000179e-01 1.100000000000000006e-01 9.567181219999999440e-08 1.100000000000000006e-01 5.634549060000000307e-10 1.100000000000000006e-01 4.565479200000000403e-09 1.100000000000000006e-01 6.456285609999999842e-15 1.100000000000000006e-01 5.035520070000000237e-01 1.100000000000000006e-01 5.250707389999999702e-08 1.100000000000000006e-01 1.589331359999999887e-10 1.100000000000000006e-01 2.510381250000000161e-09 1.100000000000000006e-01 1.304928750000000073e-14 1.100000000000000006e-01 4.792176249999999804e-01 1.100000000000000006e-01 3.634657940000000273e-08 1.100000000000000006e-01 7.624902689999999890e-11 1.100000000000000006e-01 1.746041639999999965e-09 1.100000000000000006e-01 2.683609890000000095e-14 1.100000000000000006e-01 4.585417960000000015e-01 1.100000000000000006e-01 2.274991589999999989e-08 1.100000000000000006e-01 3.436264070000000069e-11 1.100000000000000006e-01 1.097242869999999992e-09 1.100000000000000006e-01 5.498850590000000174e-14 1.100000000000000006e-01 4.460381900000000011e-01 1.100000000000000006e-01 9.747431610000000632e-08 1.100000000000000006e-01 1.710042040000000010e-09 1.100000000000000006e-01 4.839274409999999978e-09 1.100000000000000006e-01 4.882312099999999867e-15 1.100000000000000006e-01 4.959290650000000023e-01 1.100000000000000006e-01 9.306359450000000349e-09 1.100000000000000006e-01 2.744961379999999957e-11 1.100000000000000006e-01 4.542280509999999846e-10 1.100000000000000006e-01 8.651455709999999559e-15 1.100000000000000006e-01 5.650809180000000431e-01 1.100000000000000006e-01 3.678578269999999871e-09 1.100000000000000006e-01 4.280724329999999874e-12 1.100000000000000006e-01 1.794166090000000128e-10 1.100000000000000006e-01 1.746529039999999939e-14 1.100000000000000006e-01 5.629528670000000234e-01 1.100000000000000006e-01 1.898842310000000189e-09 1.100000000000000006e-01 1.233837479999999920e-12 1.100000000000000006e-01 9.270787489999999360e-11 1.100000000000000006e-01 3.411470219999999837e-14 1.100000000000000006e-01 5.543652669999999949e-01 1.100000000000000006e-01 9.690817460000000928e-10 1.100000000000000006e-01 3.661444460000000128e-13 1.100000000000000006e-01 4.734212840000000225e-11 1.100000000000000006e-01 6.770654799999999927e-14 1.100000000000000006e-01 5.497633899999999629e-01
1.199999999999999956e-01 1.765345710000000070e-06 1.199999999999999956e-01 6.249045839999999961e-08 1.199999999999999956e-01 8.630921329999999897e-08 1.199999999999999956e-01 3.470164709999999909e-15 1.199999999999999956e-01 4.156317050000000179e-01 1.199999999999999956e-01 1.177526089999999935e-07 1.199999999999999956e-01 6.944047740000000296e-10 1.199999999999999956e-01 5.628828340000000350e-09 1.199999999999999956e-01 6.441829490000000088e-15 1.199999999999999956e-01 5.035520070000000237e-01 1.199999999999999956e-01 6.458657139999999365e-08 1.199999999999999956e-01 1.958337269999999969e-10 1.199999999999999956e-01 3.093794070000000061e-09 1.199999999999999956e-01 1.302795020000000057e-14 1.199999999999999956e-01 4.792176249999999804e-01 1.199999999999999956e-01 4.464151240000000039e-08 1.199999999999999956e-01 9.384282639999999903e-11 1.199999999999999956e-01 2.149585470000000105e-09 1.199999999999999956e-01 2.683964270000000032e-14 1.199999999999999956e-01 4.585417960000000015e-01 1.199999999999999956e-01 2.790721049999999896e-08 1.199999999999999956e-01 4.224934559999999979e-11 1.199999999999999956e-01 1.349667759999999900e-09 1.199999999999999956e-01 5.508694789999999909e-14 1.199999999999999956e-01 4.460381900000000011e-01 1.199999999999999956e-01 1.189141350000000019e-07 1.199999999999999956e-01 2.087516640000000174e-09 1.199999999999999956e-01 5.917729639999999632e-09 1.199999999999999956e-01 4.910108949999999821e-15 1.199999999999999956e-01 4.959290650000000023e-01 1.199999999999999956e-01 1.140727440000000062e-08 1.199999999999999956e-01 3.367389840000000001e-11 1.199999999999999956e-01 5.574432580000000483e-10 1.199999999999999956e-01 8.667257429999999230e-15 1.199999999999999956e-01 5.650809180000000431e-01 1.199999999999999956e-01 4.509564039999999682e-09 1.199999999999999956e-01 5.253984179999999621e-12 1.199999999999999956e-01 2.202176510000000107e-10 1.199999999999999956e-01 1.749930460000000015e-14 1.199999999999999956e-01 5.629528670000000234e-01 1.199999999999999956e-01 2.327020779999999850e-09 1.199999999999999956e-01 1.514011449999999957e-12 1.199999999999999956e-01 1.137653980000000044e-10 1.199999999999999956e-01 3.409402119999999838e-14 1.199999999999999956e-01 5.543652669999999949e-01 1.199999999999999956e-01 1.187378239999999903e-09 1.199999999999999956e-01 4.492242740000000038e-13 1.199999999999999956e-01 5.808787779999999941e-11 1.199999999999999956e-01 6.757942339999999735e-14 1.199999999999999956e-01 5.497633899999999629e-01
1.300000000000000044e-01 2.155662089999999873e-06 1.300000000000000044e-01 7.640770260000000613e-08 1.300000000000000044e-01 1.058513939999999992e-07 1.300000000000000044e-01 3.512213970000000006e-15 1.300000000000000044e-01 4.156317050000000179e-01 1.300000000000000044e-01 1.448518939999999917e-07 1.300000000000000044e-01 8.554201029999999926e-10 1.300000000000000044e-01 6.937237800000000047e-09 1.300000000000000044e-01 6.428941670000000387e-15 1.300000000000000044e-01 5.035520070000000237e-01 1.300000000000000044e-01 7.939824419999999578e-08 1.300000000000000044e-01 2.411915670000000027e-10 1.300000000000000044e-01 3.811208189999999707e-09 1.300000000000000044e-01 1.301050019999999947e-14 1.300000000000000044e-01 4.792176249999999804e-01 1.300000000000000044e-01 5.478987150000000000e-08 1.300000000000000044e-01 1.154291360000000012e-10 1.300000000000000044e-01 2.645042320000000200e-09 1.300000000000000044e-01 2.685536120000000078e-14 1.300000000000000044e-01 4.585417960000000015e-01 1.300000000000000044e-01 3.420523360000000257e-08 1.300000000000000044e-01 5.191041499999999879e-11 1.300000000000000044e-01 1.659184939999999934e-09 1.300000000000000044e-01 5.521765780000000237e-14 1.300000000000000044e-01 4.460381900000000011e-01 1.300000000000000044e-01 1.449639829999999915e-07 1.300000000000000044e-01 2.546607239999999863e-09 1.300000000000000044e-01 7.232906309999999896e-09 1.300000000000000044e-01 4.941224220000000279e-15 1.300000000000000044e-01 4.959290650000000023e-01 1.300000000000000044e-01 1.397706860000000038e-08 1.300000000000000044e-01 4.129703690000000093e-11 1.300000000000000044e-01 6.839344620000000398e-10 1.300000000000000044e-01 8.687093949999999800e-15 1.300000000000000044e-01 5.650809180000000431e-01 1.300000000000000044e-01 5.526090669999999770e-09 1.300000000000000044e-01 6.446755289999999914e-12 1.300000000000000044e-01 2.702255640000000051e-10 1.300000000000000044e-01 1.754145000000000108e-14 1.300000000000000044e-01 5.629528670000000234e-01 1.300000000000000044e-01 2.850533089999999991e-09 1.300000000000000044e-01 1.857249159999999987e-12 1.300000000000000044e-01 1.395656660000000080e-10 1.300000000000000044e-01 3.408352460000000125e-14 1.300000000000000044e-01 5.543652669999999949e-01 1.300000000000000044e-01 1.454199820000000029e-09 1.300000000000000044e-01 5.509816089999999725e-13 1.300000000000000044e-01 7.125123890000000061e-11 1.300000000000000044e-01 6.746497489999999460e-14 1.300000000000000044e-01 5.497633899999999629e-01
1.400000000000000133e-01 2.628793080000000025e-06 1.400000000000000133e-01 9.330859660000000569e-08 1.400000000000000133e-01 1.296982229999999894e-07 1.400000000000000133e-01 3.555837220000000315e-15 1.400000000000000133e-01 4.156317050000000179e-01 1.400000000000000133e-01 1.780833550000000112e-07 1.400000000000000133e-01 1.053273189999999966e-09 1.400000000000000133e-01 8.546280469999999800e-09 1.400000000000000133e-01 6.417757010000000125e-15 1.400000000000000133e-01 5.035520070000000237e-01 1.400000000000000133e-01 9.754417779999999694e-08 1.400000000000000133e-01 2.969055689999999807e-10 1.400000000000000133e-01 4.692859049999999971e-09 1.400000000000000133e-01 1.299728599999999937e-14 1.400000000000000133e-01 4.792176249999999804e-01 1.400000000000000133e-01 6.719262239999999698e-08 1.400000000000000133e-01 1.418899440000000071e-10 1.400000000000000133e-01 3.252888399999999824e-09 1.400000000000000133e-01 2.688431790000000017e-14 1.400000000000000133e-01 4.585417960000000015e-01 1.400000000000000133e-01 4.188704409999999897e-08 1.400000000000000133e-01 6.373226679999999918e-11 1.400000000000000133e-01 2.038379640000000202e-09 1.400000000000000133e-01 5.538326899999999816e-14 1.400000000000000133e-01 4.460381900000000011e-01 1.400000000000000133e-01 1.765803060000000085e-07 1.400000000000000133e-01 3.104392439999999981e-09 1.400000000000000133e-01 8.835543449999999728e-09 1.400000000000000133e-01 4.975794720000000275e-15 1.400000000000000133e-01 4.959290650000000023e-01 1.400000000000000133e-01 1.711849560000000064e-08 1.400000000000000133e-01 5.062896840000000281e-11 1.400000000000000133e-01 8.388876520000000511e-10 1.400000000000000133e-01 8.711203809999999344e-15 1.400000000000000133e-01 5.650809180000000431e-01 1.400000000000000133e-01 6.768823910000000047e-09 1.400000000000000133e-01 7.907912719999999688e-12 1.400000000000000133e-01 3.314925290000000161e-10 1.400000000000000133e-01 1.759220650000000098e-14 1.400000000000000133e-01 5.629528670000000234e-01 1.400000000000000133e-01 3.490181810000000037e-09 1.400000000000000133e-01 2.277546020000000009e-12 1.400000000000000133e-01 1.711626949999999920e-10 1.400000000000000133e-01 3.408398389999999744e-14 1.400000000000000133e-01 5.543652669999999949e-01 1.400000000000000133e-01 1.780108329999999972e-09 1.400000000000000133e-01 6.755532180000000484e-13 1.400000000000000133e-01 8.736858459999999508e-11 1.400000000000000133e-01 6.736423959999999678e-14 1.400000000000000133e-01 5.497633899999999629e-01
1.499999999999999944e-01 3.201181099999999995e-06 1.499999999999999944e-01 1.137942980000000021e-07 1.499999999999999944e-01 1.587577890000000001e-07 1.499999999999999944e-01 3.600996329999999813e-15 1.499999999999999944e-01 4.156317050000000179e-01 1.499999999999999944e-01 2.187986469999999894e-07 1.499999999999999944e-01 1.296215340000000021e-09 1.499999999999999944e-01 1.052381940000000080e-08 1.499999999999999944e-01 6.408425069999999986e-15 1.499999999999999944e-01 5.035520070000000237e-01 1.499999999999999944e-01 1.197538780000000089e-07 1.499999999999999944e-01 3.652868449999999941e-10 1.499999999999999944e-01 5.775620720000000268e-09 1.499999999999999944e-01 1.298869130000000060e-14 1.499999999999999944e-01 4.792176249999999804e-01 1.499999999999999944e-01 8.233327900000000635e-08 1.499999999999999944e-01 1.742934810000000125e-10 1.499999999999999944e-01 3.998010229999999919e-09 1.499999999999999944e-01 2.692765960000000029e-14 1.499999999999999944e-01 4.585417960000000015e-01 1.499999999999999944e-01 5.124463550000000122e-08 1.499999999999999944e-01 7.818092129999999393e-11 1.499999999999999944e-01 2.502505340000000205e-09 1.499999999999999944e-01 5.558657350000000126e-14 1.499999999999999944e-01 4.460381900000000011e-01 1.499999999999999944e-01 2.149069979999999993e-07 1.499999999999999944e-01 3.781342490000000228e-09 1.499999999999999944e-01 1.078685589999999964e-08 1.499999999999999944e-01 5.013950490000000064e-15 1.499999999999999944e-01 4.959290650000000023e-01 1.499999999999999944e-01 2.095617799999999968e-08 1.499999999999999944e-01 6.204675079999999354e-11 1.499999999999999944e-01 1.028622310000000065e-09 1.499999999999999944e-01 8.739832279999999455e-15 1.499999999999999944e-01 5.650809180000000431e-01 1.499999999999999944e-01 8.287081579999999891e-09 1.499999999999999944e-01 9.696988649999999486e-12 1.499999999999999944e-01 4.065193060000000086e-10 1.499999999999999944e-01 1.765206669999999951e-14 1.499999999999999944e-01 5.629528670000000234e-01 1.499999999999999944e-01 4.271164869999999943e-09 1.499999999999999944e-01 2.791932709999999827e-12 1.499999999999999944e-01 2.098398320000000025e-10 1.499999999999999944e-01 3.409622470000000240e-14 1.499999999999999944e-01 5.543652669999999949e-01 1.499999999999999944e-01 2.177888489999999905e-09 1.499999999999999944e-01 8.279700520000000210e-13 1.499999999999999944e-01 1.070926819999999992e-10 1.499999999999999944e-01 6.727835439999999798e-14 1.499999999999999944e-01 5.497633899999999629e-01
1.600000000000000033e-01 3.892186800000000165e-06 1.600000000000000033e-01 1.385747979999999903e-07 1.600000000000000033e-01 1.941168660000000073e-07 1.600000000000000033e-01 3.647646889999999790e-15 1.600000000000000033e-01 4.156317050000000179e-01 1.600000000000000033e-01 2.686352000000000072e-07 1.600000000000000033e-01 1.594283429999999976e-09 1.600000000000000033e-01 1.295261969999999979e-08 1.600000000000000033e-01 6.401111170000000180e-15 1.600000000000000033e-01 5.035520070000000237e-01 1.600000000000000033e-01 1.469095729999999962e-07 1.600000000000000033e-01 4.491430920000000137e-10 1.600000000000000033e-01 7.104403049999999724e-09 1.600000000000000033e-01 1.298513650000000005e-14 1.600000000000000033e-01 4.792176249999999804e-01 1.600000000000000033e-01 1.007936529999999944e-07 1.600000000000000033e-01 2.139304880000000020e-10 1.600000000000000033e-01 4.910606779999999990e-09 1.600000000000000033e-01 2.698661750000000035e-14 1.600000000000000033e-01 4.585417960000000015e-01 1.600000000000000033e-01 6.262798609999999395e-08 1.600000000000000033e-01 9.581679590000000028e-11 1.600000000000000033e-01 3.070017289999999832e-09 1.600000000000000033e-01 5.583051569999999907e-14 1.600000000000000033e-01 4.460381900000000011e-01 1.600000000000000033e-01 2.613088839999999771e-07 1.600000000000000033e-01 4.601937520000000050e-09 1.600000000000000033e-01 1.316057200000000041e-08 1.600000000000000033e-01 5.055812349999999979e-15 1.600000000000000033e-01 4.959290650000000023e-01 1.600000000000000033e-01 2.564104630000000097e-08 1.600000000000000033e-01 7.600856219999999501e-11 1.600000000000000033e-01 1.260831670000000075e-09 1.600000000000000033e-01 8.773229799999999222e-15 1.600000000000000033e-01 5.650809180000000431e-01 1.600000000000000033e-01 1.014058750000000047e-08 1.600000000000000033e-01 1.188641720000000016e-11 1.600000000000000033e-01 4.983502719999999922e-10 1.600000000000000033e-01 1.772153260000000096e-14 1.600000000000000033e-01 5.629528670000000234e-01 1.600000000000000033e-01 5.223956980000000010e-09 1.600000000000000033e-01 3.421108699999999805e-12 1.600000000000000033e-01 2.571579890000000157e-10 1.600000000000000033e-01 3.412112849999999942e-14 1.600000000000000033e-01 5.543652669999999949e-01 1.600000000000000033e-01 2.662990829999999896e-09 1.600000000000000033e-01 1.014342809999999984e-12 1.600000000000000033e-01 1.312170750000000114e-10 1.600000000000000033e-01 6.720856210000000165e-14 1.600000000000000033e-01 5.497633899999999629e-01
1.700000000000000122e-01 4.724508500000000169e-06 1.700000000000000122e-01 1.684849030000000084e-07 1.700000000000000122e-01 2.370721570000000073e-07 1.700000000000000122e-01 3.695738199999999907e-15 1.700000000000000122e-01 4.156317050000000179e-01 1.700000000000000122e-01 3.295726789999999829e-07 1.700000000000000122e-01 1.959664190000000088e-09 1.700000000000000122e-01 1.593348119999999901e-08 1.700000000000000122e-01 6.395997370000000275e-15 1.700000000000000122e-01 5.035520070000000237e-01 1.700000000000000122e-01 1.800760580000000026e-07 1.700000000000000122e-01 5.518784119999999993e-10 1.700000000000000122e-01 8.733824049999999985e-09 1.700000000000000122e-01 1.298708090000000024e-14 1.700000000000000122e-01 4.792176249999999804e-01 1.700000000000000122e-01 1.232722859999999988e-07 1.700000000000000122e-01 2.623564659999999755e-10 1.700000000000000122e-01 6.027262180000000331e-09 1.700000000000000122e-01 2.706250839999999992e-14 1.700000000000000122e-01 4.585417960000000015e-01 1.700000000000000122e-01 7.645559599999999680e-08 1.700000000000000122e-01 1.173116879999999986e-10 1.700000000000000122e-01 3.763203649999999914e-09 1.700000000000000122e-01 5.611818190000000074e-14 1.700000000000000122e-01 4.460381900000000011e-01 1.700000000000000122e-01 3.174103130000000052e-07 1.700000000000000122e-01 5.595382860000000091e-09 1.700000000000000122e-01 1.604533170000000060e-08 1.700000000000000122e-01 5.101489250000000128e-15 1.700000000000000122e-01 4.959290650000000023e-01 1.700000000000000122e-01 3.135560770000000200e-08 1.700000000000000122e-01 9.307044520000000643e-11 1.700000000000000122e-01 1.544871359999999918e-09 1.700000000000000122e-01 8.811650120000000289e-15 1.700000000000000122e-01 5.650809180000000431e-01 1.700000000000000122e-01 1.240155340000000072e-08 1.700000000000000122e-01 1.456422499999999876e-11 1.700000000000000122e-01 6.106876000000000491e-10 1.700000000000000122e-01 1.780111179999999914e-14 1.700000000000000122e-01 5.629528670000000234e-01 1.700000000000000122e-01 6.385352820000000237e-09 1.700000000000000122e-01 4.190199470000000318e-12 1.700000000000000122e-01 3.150134810000000187e-10 1.700000000000000122e-01 3.415963219999999967e-14 1.700000000000000122e-01 5.543652669999999949e-01 1.700000000000000122e-01 3.254055299999999981e-09 1.700000000000000122e-01 1.242083389999999952e-12 1.700000000000000122e-01 1.607052849999999924e-10 1.700000000000000122e-01 6.715621760000000051e-14 1.700000000000000122e-01 5.497633899999999629e-01
1.799999999999999933e-01 5.724636669999999615e-06 1.799999999999999933e-01 2.045014890000000129e-07 1.799999999999999933e-01 2.891659159999999964e-07 1.799999999999999933e-01 3.745213340000000159e-15 1.799999999999999933e-01 4.156317050000000179e-01 1.799999999999999933e-01 4.039993690000000052e-07 1.799999999999999933e-01 2.407125219999999944e-09 1.799999999999999933e-01 1.958898350000000061e-08 1.799999999999999933e-01 6.393283599999999772e-15 1.799999999999999933e-01 5.035520070000000237e-01 1.799999999999999933e-01 2.205357600000000131e-07 1.799999999999999933e-01 6.776107750000000402e-10 1.799999999999999933e-01 1.073020630000000038e-08 1.799999999999999933e-01 1.299502489999999940e-14 1.799999999999999933e-01 4.792176249999999804e-01 1.799999999999999933e-01 1.506059520000000033e-07 1.799999999999999933e-01 3.214405110000000207e-10 1.799999999999999933e-01 7.392217859999999915e-09 1.799999999999999933e-01 2.715673349999999918e-14 1.799999999999999933e-01 4.585417960000000015e-01 1.799999999999999933e-01 9.322672440000000308e-08 1.799999999999999933e-01 1.434680759999999976e-10 1.799999999999999933e-01 4.608930410000000096e-09 1.799999999999999933e-01 5.645278510000000209e-14 1.799999999999999933e-01 4.460381900000000011e-01 1.799999999999999933e-01 3.851394550000000013e-07 1.799999999999999933e-01 6.796432940000000142e-09 1.799999999999999933e-01 1.954749799999999953e-08 1.799999999999999933e-01 5.151075450000000105e-15 1.799999999999999933e-01 4.959290650000000023e-01 1.799999999999999933e-01 3.832018149999999832e-08 1.799999999999999933e-01 1.139062729999999980e-10 1.799999999999999933e-01 1.892105530000000140e-09 1.799999999999999933e-01 8.855347949999999398e-15 1.799999999999999933e-01 5.650809180000000431e-01 1.799999999999999933e-01 1.515714140000000007e-08 1.799999999999999933e-01 1.783724650000000015e-11 1.799999999999999933e-01 7.480281029999999978e-10 1.799999999999999933e-01 1.789131250000000036e-14 1.799999999999999933e-01 5.629528670000000234e-01 1.799999999999999933e-01 7.799697599999999918e-09 1.799999999999999933e-01 5.129658860000000004e-12 1.799999999999999933e-01 3.857072120000000241e-10 1.799999999999999933e-01 3.421272880000000109e-14 1.799999999999999933e-01 5.543652669999999949e-01 1.799999999999999933e-01 3.973527820000000244e-09 1.799999999999999933e-01 1.520168170000000089e-12 1.799999999999999933e-01 1.967257059999999919e-10 1.799999999999999933e-01 6.712279380000000390e-14 1.799999999999999933e-01 5.497633899999999629e-01
1.900000000000000022e-01 6.923340049999999653e-06 1.900000000000000022e-01 2.477618089999999874e-07 1.900000000000000022e-01 3.522262760000000154e-07 1.900000000000000022e-01 3.796009210000000071e-15 1.900000000000000022e-01 4.156317050000000179e-01 1.900000000000000022e-01 4.947899040000000212e-07 1.900000000000000022e-01 2.954522180000000042e-09 1.900000000000000022e-01 2.406795079999999840e-08 1.900000000000000022e-01 6.393188570000000315e-15 1.900000000000000022e-01 5.035520070000000237e-01 1.900000000000000022e-01 2.698298240000000248e-07 1.900000000000000022e-01 8.313093150000000470e-10 1.900000000000000022e-01 1.317395319999999935e-08 1.900000000000000022e-01 1.300951109999999926e-14 1.900000000000000022e-01 4.792176249999999804e-01 1.900000000000000022e-01 1.837946830000000006e-07 1.900000000000000022e-01 3.934212470000000253e-10 1.900000000000000022e-01 9.058876800000000685e-09 1.900000000000000022e-01 2.727077689999999914e-14 1.900000000000000022e-01 4.585417960000000015e-01 1.900000000000000022e-01 1.135355789999999998e-07 1.900000000000000022e-01 1.752407929999999930e-10 1.900000000000000022e-01 5.639518209999999658e-09 1.900000000000000022e-01 5.683764329999999896e-14 1.900000000000000022e-01 4.460381900000000011e-01 1.900000000000000022e-01 4.667789319999999919e-07 1.900000000000000022e-01 8.246335909999999235e-09 1.900000000000000022e-01 2.379444289999999843e-08 1.900000000000000022e-01 5.204647630000000305e-15 1.900000000000000022e-01 4.959290650000000023e-01 1.900000000000000022e-01 4.680025120000000284e-08 1.900000000000000022e-01 1.393314790000000058e-10 1.900000000000000022e-01 2.316320690000000096e-09 1.900000000000000022e-01 8.904576309999999904e-15 1.900000000000000022e-01 5.650809180000000431e-01 1.900000000000000022e-01 1.851236739999999860e-08 1.900000000000000022e-01 2.183495480000000113e-11 1.900000000000000022e-01 9.158268670000000129e-10 1.900000000000000022e-01 1.799263819999999917e-14 1.900000000000000022e-01 5.629528670000000234e-01 1.900000000000000022e-01 9.520333279999999250e-09 1.900000000000000022e-01 6.276340340000000007e-12 1.900000000000000022e-01 4.720272189999999495e-10 1.900000000000000022e-01 3.428146509999999822e-14 1.900000000000000022e-01 5.543652669999999949e-01 1.900000000000000022e-01 4.848383810000000389e-09 1.900000000000000022e-01 1.859449969999999860e-12 1.900000000000000022e-01 2.406931910000000113e-10 1.900000000000000022e-01 6.710988759999999883e-14 1.900000000000000022e-01 5.497633899999999629e-01
2.000000000000000111e-01 8.356178399999999291e-06 2.000000000000000111e-01 2.995825529999999832e-07 2.000000000000000111e-01 4.284125759999999834e-07 2.000000000000000111e-01 3.848056800000000236e-15 2.000000000000000111e-01 4.156317050000000179e-01 2.000000000000000111e-01 6.053958619999999793e-07 2.000000000000000111e-01 3.623392139999999851e-09 2.000000000000000111e-01 2.955075739999999981e-08 2.000000000000000111e-01 6.395950809999999980e-15 2.000000000000000111e-01 5.035520070000000237e-01 2.000000000000000111e-01 3.298060649999999797e-07 2.000000000000000111e-01 1.018953679999999934e-09 2.000000000000000111e-01 1.616236980000000148e-08 2.000000000000000111e-01 1.303112619999999989e-14 2.000000000000000111e-01 4.792176249999999804e-01 2.000000000000000111e-01 2.240308350000000130e-07 2.000000000000000111e-01 4.809702410000000238e-10 2.000000000000000111e-01 1.109157790000000044e-08 2.000000000000000111e-01 2.740620049999999942e-14 2.000000000000000111e-01 4.585417960000000015e-01 2.000000000000000111e-01 1.380877479999999979e-07 2.000000000000000111e-01 2.137610350000000033e-10 2.000000000000000111e-01 6.893771929999999982e-09 2.000000000000000111e-01 5.727615220000000163e-14 2.000000000000000111e-01 4.460381900000000011e-01 2.000000000000000111e-01 5.650234710000000044e-07 2.000000000000000111e-01 9.993911670000000487e-09 2.000000000000000111e-01 2.893837389999999920e-08 2.000000000000000111e-01 5.262261840000000102e-15 2.000000000000000111e-01 4.959290650000000023e-01 2.000000000000000111e-01 5.711509980000000095e-08 2.000000000000000111e-01 1.703311760000000018e-10 2.000000000000000111e-01 2.834219399999999975e-09 2.000000000000000111e-01 8.959583419999999715e-15 2.000000000000000111e-01 5.650809180000000431e-01 2.000000000000000111e-01 2.259350939999999947e-08 2.000000000000000111e-01 2.671400930000000160e-11 2.000000000000000111e-01 1.120692369999999995e-09 2.000000000000000111e-01 1.810558099999999849e-14 2.000000000000000111e-01 5.629528670000000234e-01 2.000000000000000111e-01 1.161129169999999923e-08 2.000000000000000111e-01 7.674764119999999213e-12 2.000000000000000111e-01 5.773468840000000125e-10 2.000000000000000111e-01 3.436694019999999827e-14 2.000000000000000111e-01 5.543652669999999949e-01 2.000000000000000111e-01 5.910973759999999699e-09 2.000000000000000111e-01 2.273026099999999828e-12 2.000000000000000111e-01 2.943184579999999996e-10 2.000000000000000111e-01 6.711922519999999637e-14 2.000000000000000111e-01 5.497633899999999629e-01
2.099999999999999922e-01 1.006403420000000009e-05 2.099999999999999922e-01 3.614791510000000221e-07 2.099999999999999922e-01 5.202659179999999489e-07 2.099999999999999922e-01 3.901281359999999913e-15 2.099999999999999922e-01 4.156317050000000179e-01 2.099999999999999922e-01 7.399508750000000028e-07 2.099999999999999922e-01 4.439643359999999856e-09 2.099999999999999922e-01 3.625560919999999838e-08 2.099999999999999922e-01 6.401829500000000225e-15 2.099999999999999922e-01 5.035520070000000237e-01 2.099999999999999922e-01 4.026747940000000179e-07 2.099999999999999922e-01 1.247717419999999993e-09 2.099999999999999922e-01 1.981300209999999915e-08 2.099999999999999922e-01 1.306050179999999960e-14 2.099999999999999922e-01 4.792176249999999804e-01 2.099999999999999922e-01 2.727327810000000107e-07 2.099999999999999922e-01 5.872629989999999765e-10 2.099999999999999922e-01 1.356768339999999946e-08 2.099999999999999922e-01 2.756463789999999936e-14 2.099999999999999922e-01 4.585417960000000015e-01 2.099999999999999922e-01 1.677192090000000116e-07 2.099999999999999922e-01 2.603624989999999947e-10 2.099999999999999922e-01 8.418187270000000311e-09 2.099999999999999922e-01 5.777174899999999708e-14 2.099999999999999922e-01 4.460381900000000011e-01 2.099999999999999922e-01 6.830453649999999868e-07 2.099999999999999922e-01 1.209677670000000068e-08 2.099999999999999922e-01 3.516077560000000092e-08 2.099999999999999922e-01 5.323950559999999961e-15 2.099999999999999922e-01 4.959290650000000023e-01 2.099999999999999922e-01 6.964791499999999875e-08 2.099999999999999922e-01 2.080933309999999927e-10 2.099999999999999922e-01 3.466007519999999817e-09 2.099999999999999922e-01 9.020609159999999819e-15 2.099999999999999922e-01 5.650809180000000431e-01 2.099999999999999922e-01 2.755209540000000144e-08 2.099999999999999922e-01 3.266363419999999781e-11 2.099999999999999922e-01 1.370618559999999963e-09 2.099999999999999922e-01 1.823061470000000136e-14 2.099999999999999922e-01 5.629528670000000234e-01 2.099999999999999922e-01 1.414926909999999959e-08 2.099999999999999922e-01 9.378609279999999988e-12 2.099999999999999922e-01 7.057414590000000318e-10 2.099999999999999922e-01 3.447030159999999976e-14 2.099999999999999922e-01 5.543652669999999949e-01 2.099999999999999922e-01 7.200007990000000183e-09 2.099999999999999922e-01 2.776670500000000008e-12 2.099999999999999922e-01 3.596666489999999821e-10 2.099999999999999922e-01 6.715266679999999609e-14 2.099999999999999922e-01 5.497633899999999629e-01
2.200000000000000011e-01 1.209365229999999927e-05 2.200000000000000011e-01 4.351847130000000066e-07 2.200000000000000011e-01 6.307650909999999567e-07 2.200000000000000011e-01 3.955602770000000116e-15 2.200000000000000011e-01 4.156317050000000179e-01 2.200000000000000011e-01 9.033920169999999497e-07 2.200000000000000011e-01 5.434351029999999786e-09 2.200000000000000011e-01 4.444595749999999779e-08 2.200000000000000011e-01 6.411105260000000224e-15 2.200000000000000011e-01 5.035520070000000237e-01 2.200000000000000011e-01 4.910736310000000053e-07 2.200000000000000011e-01 1.526177000000000074e-09 2.200000000000000011e-01 2.426757709999999852e-08 2.200000000000000011e-01 1.309831499999999953e-14 2.200000000000000011e-01 4.792176249999999804e-01 2.200000000000000011e-01 3.315839300000000238e-07 2.200000000000000011e-01 7.160573379999999564e-10 2.200000000000000011e-01 1.658002979999999981e-08 2.200000000000000011e-01 2.774778449999999980e-14 2.200000000000000011e-01 4.585417960000000015e-01 2.200000000000000011e-01 2.034183029999999895e-07 2.200000000000000011e-01 3.166092940000000248e-10 2.200000000000000011e-01 1.026836189999999926e-08 2.200000000000000011e-01 5.832786989999999776e-14 2.200000000000000011e-01 4.460381900000000011e-01 2.200000000000000011e-01 8.245685940000000129e-07 2.200000000000000011e-01 1.462273009999999964e-08 2.200000000000000011e-01 4.267754849999999676e-08 2.200000000000000011e-01 5.389719770000000381e-15 2.200000000000000011e-01 4.959290650000000023e-01 2.200000000000000011e-01 8.485756529999999998e-08 2.200000000000000011e-01 2.540477790000000081e-10 2.200000000000000011e-01 4.236090589999999939e-09 2.200000000000000011e-01 9.087881090000000267e-15 2.200000000000000011e-01 5.650809180000000431e-01 2.200000000000000011e-01 3.356955079999999793e-08 2.200000000000000011e-01 3.991195279999999737e-11 2.200000000000000011e-01 1.675259940000000005e-09 2.200000000000000011e-01 1.836818619999999989e-14 2.200000000000000011e-01 5.629528670000000234e-01 2.200000000000000011e-01 1.722592070000000106e-08 2.200000000000000011e-01 1.145246289999999991e-11 2.200000000000000011e-01 8.621258950000000146e-10 2.200000000000000011e-01 3.459273979999999976e-14 2.200000000000000011e-01 5.543652669999999949e-01 2.200000000000000011e-01 8.761698930000000453e-09 2.200000000000000011e-01 3.389338640000000119e-12 2.200000000000000011e-01 4.392264959999999853e-10 2.200000000000000011e-01 6.721221040000000430e-14 2.200000000000000011e-01 5.497633899999999629e-01
2.300000000000000100e-01 1.449817130000000003e-05 2.300000000000000100e-01 5.226677109999999629e-07 2.300000000000000100e-01 7.633878670000000003e-07 2.300000000000000100e-01 4.010935849999999615e-15 2.300000000000000100e-01 4.156317050000000179e-01 2.300000000000000100e-01 1.101599390000000081e-06 2.300000000000000100e-01 6.644667730000000403e-09 2.300000000000000100e-01 5.443921479999999763e-08 2.300000000000000100e-01 6.424080759999999916e-15 2.300000000000000100e-01 5.035520070000000237e-01 2.300000000000000100e-01 5.981425760000000084e-07 2.300000000000000100e-01 1.864547369999999800e-09 2.300000000000000100e-01 2.969664310000000154e-08 2.300000000000000100e-01 1.314528830000000057e-14 2.300000000000000100e-01 4.792176249999999804e-01 2.300000000000000100e-01 4.025778829999999926e-07 2.300000000000000100e-01 8.717783860000000505e-10 2.300000000000000100e-01 2.023979790000000134e-08 2.300000000000000100e-01 2.795738459999999909e-14 2.300000000000000100e-01 4.585417960000000015e-01 2.300000000000000100e-01 2.463511060000000207e-07 2.300000000000000100e-01 3.843249799999999770e-10 2.300000000000000100e-01 1.251064280000000061e-08 2.300000000000000100e-01 5.894789650000000068e-14 2.300000000000000100e-01 4.460381900000000011e-01 2.300000000000000100e-01 9.939526070000000632e-07 2.300000000000000100e-01 1.765131570000000008e-08 2.300000000000000100e-01 5.174493580000000051e-08 2.300000000000000100e-01 5.459546330000000007e-15 2.300000000000000100e-01 4.959290650000000023e-01 2.300000000000000100e-01 1.032922680000000021e-07 2.300000000000000100e-01 3.099118830000000005e-10 2.300000000000000100e-01 5.173897350000000076e-09 2.300000000000000100e-01 9.161610179999999362e-15 2.300000000000000100e-01 5.650809180000000431e-01 2.300000000000000100e-01 4.086259110000000038e-08 2.300000000000000100e-01 4.873341329999999872e-11 2.300000000000000100e-01 2.046256919999999849e-09 2.300000000000000100e-01 1.851870709999999887e-14 2.300000000000000100e-01 5.629528670000000234e-01 2.300000000000000100e-01 2.095051549999999954e-08 2.300000000000000100e-01 1.397385929999999959e-11 2.300000000000000100e-01 1.052417389999999924e-09 2.300000000000000100e-01 3.473548159999999828e-14 2.300000000000000100e-01 5.543652669999999949e-01 2.300000000000000100e-01 1.065108150000000006e-08 2.300000000000000100e-01 4.133754089999999686e-12 2.300000000000000100e-01 5.359917870000000060e-10 2.300000000000000100e-01 6.729999390000000526e-14 2.300000000000000100e-01 5.497633899999999629e-01
2.399999999999999911e-01 1.733762320000000097e-05 2.399999999999999911e-01 6.261473019999999855e-07 2.399999999999999911e-01 9.221774779999999733e-07 2.399999999999999911e-01 4.067190850000000368e-15 2.399999999999999911e-01 4.156317050000000179e-01 2.399999999999999911e-01 1.341555919999999974e-06 2.399999999999999911e-01 8.114855180000000693e-09 2.399999999999999911e-01 6.661696669999999457e-08 2.399999999999999911e-01 6.441081089999999935e-15 2.399999999999999911e-01 5.035520070000000237e-01 2.399999999999999911e-01 7.276108469999999906e-07 2.399999999999999911e-01 2.274943859999999829e-09 2.399999999999999911e-01 3.630501660000000183e-08 2.399999999999999911e-01 1.320218840000000035e-14 2.399999999999999911e-01 4.792176249999999804e-01 2.399999999999999911e-01 4.880706120000000517e-07 2.399999999999999911e-01 1.059608869999999954e-09 2.399999999999999911e-01 2.467986989999999986e-08 2.399999999999999911e-01 2.819521449999999927e-14 2.399999999999999911e-01 4.585417960000000015e-01 2.399999999999999911e-01 2.978906400000000213e-07 2.399999999999999911e-01 4.656218439999999953e-10 2.399999999999999911e-01 1.522404639999999944e-08 2.399999999999999911e-01 5.963509529999999518e-14 2.399999999999999911e-01 4.460381900000000011e-01 2.399999999999999911e-01 1.196286960000000011e-06 2.399999999999999911e-01 2.127557659999999877e-08 2.399999999999999911e-01 6.266634229999999508e-08 2.399999999999999911e-01 5.533375500000000017e-15 2.399999999999999911e-01 4.959290650000000023e-01 2.399999999999999911e-01 1.256053910000000076e-07 2.399999999999999911e-01 3.777437489999999920e-10 2.399999999999999911e-01 6.314850340000000238e-09 2.399999999999999911e-01 9.241986029999999258e-15 2.399999999999999911e-01 5.650809180000000431e-01 2.399999999999999911e-01 4.968945889999999817e-08 2.399999999999999911e-01 5.945744940000000173e-11 2.399999999999999911e-01 2.497619120000000117e-09 2.399999999999999911e-01 1.868254429999999850e-14 2.399999999999999911e-01 5.629528670000000234e-01 2.399999999999999911e-01 2.545299990000000131e-08 2.399999999999999911e-01 1.703564499999999996e-11 2.399999999999999911e-01 1.283726489999999948e-09 2.399999999999999911e-01 3.489978140000000298e-14 2.399999999999999911e-01 5.543652669999999949e-01 2.399999999999999911e-01 1.293353450000000071e-08 2.399999999999999911e-01 5.037085649999999808e-12 2.399999999999999911e-01 6.535570200000000274e-10 2.399999999999999911e-01 6.741829620000000206e-14 2.399999999999999911e-01 5.497633899999999629e-01
2.500000000000000000e-01 2.067936850000000109e-05 2.500000000000000000e-01 7.481048270000000220e-07 2.500000000000000000e-01 1.111813789999999932e-06 2.500000000000000000e-01 4.124273920000000340e-15 2.500000000000000000e-01 4.156317050000000179e-01 2.500000000000000000e-01 1.631529610000000013e-06 2.500000000000000000e-01 9.897440720000000412e-09 2.500000000000000000e-01 8.143689169999999683e-08 2.500000000000000000e-01 6.462453880000000015e-15 2.500000000000000000e-01 5.035520070000000237e-01 2.500000000000000000e-01 8.838971450000000399e-07 2.500000000000000000e-01 2.771668899999999861e-09 2.500000000000000000e-01 4.433816419999999911e-08 2.500000000000000000e-01 1.326982449999999992e-14 2.500000000000000000e-01 4.792176249999999804e-01 2.500000000000000000e-01 5.908406830000000047e-07 2.500000000000000000e-01 1.285582529999999918e-09 2.500000000000000000e-01 3.005874679999999674e-08 2.500000000000000000e-01 2.846306150000000040e-14 2.500000000000000000e-01 4.585417960000000015e-01 2.500000000000000000e-01 3.596503409999999874e-07 2.500000000000000000e-01 5.629291560000000442e-10 2.500000000000000000e-01 1.850249189999999882e-08 2.500000000000000000e-01 6.039254629999999472e-14 2.500000000000000000e-01 4.460381900000000011e-01 2.500000000000000000e-01 1.437498140000000030e-06 2.500000000000000000e-01 2.560402059999999880e-08 2.500000000000000000e-01 7.580015830000000625e-08 2.500000000000000000e-01 5.611119039999999732e-15 2.500000000000000000e-01 4.959290650000000023e-01 2.500000000000000000e-01 1.525736530000000121e-07 2.500000000000000000e-01 4.600039489999999867e-10 2.500000000000000000e-01 7.701506309999999704e-09 2.500000000000000000e-01 9.329171920000000533e-15 2.500000000000000000e-01 5.650809180000000431e-01 2.500000000000000000e-01 6.035710959999999763e-08 2.500000000000000000e-01 7.247852669999999744e-11 2.500000000000000000e-01 3.046175730000000128e-09 2.500000000000000000e-01 1.886000899999999955e-14 2.500000000000000000e-01 5.629528670000000234e-01 2.500000000000000000e-01 3.088751969999999914e-08 2.500000000000000000e-01 2.074870240000000000e-11 2.500000000000000000e-01 1.564581040000000072e-09 2.500000000000000000e-01 3.508690990000000280e-14 2.500000000000000000e-01 5.543652669999999949e-01 2.500000000000000000e-01 1.568652870000000042e-08 2.500000000000000000e-01 6.131723690000000079e-12 2.500000000000000000e-01 7.962293850000000002e-10 2.500000000000000000e-01 6.756953520000000428e-14 2.500000000000000000e-01 5.497633899999999629e-01
2.600000000000000089e-01 2.459841729999999948e-05 2.600000000000000089e-01 8.912896670000000451e-07 2.600000000000000089e-01 1.337688319999999897e-06 2.600000000000000089e-01 4.182087629999999719e-15 2.600000000000000089e-01 4.156317050000000179e-01 2.600000000000000089e-01 1.981280570000000020e-06 2.600000000000000089e-01 1.205449739999999968e-08 2.600000000000000089e-01 9.944662510000000164e-08 2.600000000000000089e-01 6.488568929999999839e-15 2.600000000000000089e-01 5.035520070000000237e-01 2.600000000000000089e-01 1.072225330000000066e-06 2.600000000000000089e-01 3.371519840000000069e-09 2.600000000000000089e-01 5.408966179999999802e-08 2.600000000000000089e-01 1.334904419999999971e-14 2.600000000000000089e-01 4.792176249999999804e-01 2.600000000000000089e-01 7.141585110000000354e-07 2.600000000000000089e-01 1.556677490000000032e-09 2.600000000000000089e-01 3.656511279999999975e-08 2.600000000000000089e-01 2.876269820000000205e-14 2.600000000000000089e-01 4.585417960000000015e-01 2.600000000000000089e-01 4.335220690000000211e-07 2.600000000000000089e-01 6.790187989999999834e-10 2.600000000000000089e-01 2.245739110000000111e-08 2.600000000000000089e-01 6.122306389999999745e-14 2.600000000000000089e-01 4.460381900000000011e-01 2.600000000000000089e-01 1.724470140000000067e-06 2.600000000000000089e-01 3.076281219999999862e-08 2.600000000000000089e-01 9.156871989999999930e-08 2.600000000000000089e-01 5.692653700000000042e-15 2.600000000000000089e-01 4.959290650000000023e-01 2.600000000000000089e-01 1.851180129999999979e-07 2.600000000000000089e-01 5.596267439999999919e-10 2.600000000000000089e-01 9.384891750000000396e-09 2.600000000000000089e-01 9.423299609999999976e-15 2.600000000000000089e-01 5.650809180000000431e-01 2.600000000000000089e-01 7.322946530000000453e-08 2.600000000000000089e-01 8.826772569999999828e-11 2.600000000000000089e-01 3.712102969999999822e-09 2.600000000000000089e-01 1.905134749999999871e-14 2.600000000000000089e-01 5.629528670000000234e-01 2.600000000000000089e-01 3.743646029999999802e-08 2.600000000000000089e-01 2.524506749999999935e-11 2.600000000000000089e-01 1.905187969999999967e-09 2.600000000000000089e-01 3.529814050000000199e-14 2.600000000000000089e-01 5.543652669999999949e-01 2.600000000000000089e-01 1.900163090000000015e-08 2.600000000000000089e-01 7.456163370000000499e-12 2.600000000000000089e-01 9.691594699999999047e-10 2.600000000000000089e-01 6.775626399999999718e-14 2.600000000000000089e-01 5.497633899999999629e-01
2.700000000000000178e-01 2.917757330000000094e-05 2.700000000000000178e-01 1.058717210000000090e-06 2.700000000000000178e-01 1.605981640000000058e-06 2.700000000000000178e-01 4.240531590000000010e-15 2.700000000000000178e-01 4.156317050000000179e-01 2.700000000000000178e-01 2.402295489999999798e-06 2.700000000000000178e-01 1.465904020000000035e-08 2.700000000000000178e-01 1.212998289999999960e-07 2.700000000000000178e-01 6.519817519999999960e-15 2.700000000000000178e-01 5.035520070000000237e-01 2.700000000000000178e-01 1.298757569999999991e-06 2.700000000000000178e-01 4.094111840000000379e-09 2.700000000000000178e-01 6.590989660000000269e-08 2.700000000000000178e-01 1.344072960000000026e-14 2.700000000000000178e-01 4.792176249999999804e-01 2.700000000000000178e-01 8.618655109999999961e-07 2.700000000000000178e-01 1.880905420000000144e-09 2.700000000000000178e-01 4.442314100000000208e-08 2.700000000000000178e-01 2.909585179999999934e-14 2.700000000000000178e-01 4.585417960000000015e-01 2.700000000000000178e-01 5.217186460000000010e-07 2.700000000000000178e-01 8.170262979999999907e-10 2.700000000000000178e-01 2.722064200000000105e-08 2.700000000000000178e-01 6.212910960000000513e-14 2.700000000000000178e-01 4.460381900000000011e-01 2.700000000000000178e-01 2.065180430000000098e-06 2.700000000000000178e-01 3.689821300000000231e-08 2.700000000000000178e-01 1.104685500000000035e-07 2.700000000000000178e-01 5.777820409999999610e-15 2.700000000000000178e-01 4.959290650000000023e-01 2.700000000000000178e-01 2.243275749999999890e-07 2.700000000000000178e-01 6.801018660000000392e-10 2.700000000000000178e-01 1.142606219999999919e-08 2.700000000000000178e-01 9.524464019999999430e-15 2.700000000000000178e-01 5.650809180000000431e-01 2.700000000000000178e-01 8.873687109999999938e-08 2.700000000000000178e-01 1.073860100000000008e-10 2.700000000000000178e-01 4.519539970000000371e-09 2.700000000000000178e-01 1.925672960000000010e-14 2.700000000000000178e-01 5.629528670000000234e-01 2.700000000000000178e-01 4.531507350000000105e-08 2.700000000000000178e-01 3.068146979999999961e-11 2.700000000000000178e-01 2.317738260000000005e-09 2.700000000000000178e-01 3.553473389999999759e-14 2.700000000000000178e-01 5.543652669999999949e-01 2.700000000000000178e-01 2.298679969999999998e-08 2.700000000000000178e-01 9.056001220000000244e-12 2.700000000000000178e-01 1.178493449999999995e-09 2.700000000000000178e-01 6.798116319999999669e-14 2.700000000000000178e-01 5.497633899999999629e-01
2.800000000000000266e-01 3.450731139999999725e-05 2.800000000000000266e-01 1.253656240000000036e-06 2.800000000000000266e-01 1.923740920000000101e-06 2.800000000000000266e-01 4.299503059999999992e-15 2.800000000000000266e-01 4.156317050000000179e-01 2.800000000000000266e-01 2.908052050000000075e-06 2.800000000000000266e-01 1.779652160000000018e-08 2.800000000000000266e-01 1.477747529999999889e-07 2.800000000000000266e-01 6.556610999999999681e-15 2.800000000000000266e-01 5.035520070000000237e-01 2.800000000000000266e-01 1.570747319999999973e-06 2.800000000000000266e-01 4.962206279999999942e-09 2.800000000000000266e-01 8.021619790000000363e-08 2.800000000000000266e-01 1.354578940000000047e-14 2.800000000000000266e-01 4.792176249999999804e-01 2.800000000000000266e-01 1.038463620000000052e-06 2.800000000000000266e-01 2.267391110000000152e-09 2.800000000000000266e-01 5.389864230000000187e-08 2.800000000000000266e-01 2.946416840000000196e-14 2.800000000000000266e-01 4.585417960000000015e-01 2.800000000000000266e-01 6.268204230000000494e-07 2.800000000000000266e-01 9.804649599999999097e-10 2.800000000000000266e-01 3.294806829999999857e-08 2.800000000000000266e-01 6.311269830000000524e-14 2.800000000000000266e-01 4.460381900000000011e-01 2.800000000000000266e-01 2.468853010000000207e-06 2.800000000000000266e-01 4.417928149999999683e-08 2.800000000000000266e-01 1.330820460000000082e-07 2.800000000000000266e-01 5.866424109999999634e-15 2.800000000000000266e-01 4.959290650000000023e-01 2.800000000000000266e-01 2.714868889999999954e-07 2.800000000000000266e-01 8.255678950000000050e-10 2.800000000000000266e-01 1.389791729999999988e-08 2.800000000000000266e-01 9.632718020000000419e-15 2.800000000000000266e-01 5.650809180000000431e-01 2.800000000000000266e-01 1.073869099999999985e-07 2.800000000000000266e-01 1.304993160000000075e-10 2.800000000000000266e-01 5.497305900000000258e-09 2.800000000000000266e-01 1.947623880000000132e-14 2.800000000000000266e-01 5.629528670000000234e-01 2.800000000000000266e-01 5.477676960000000075e-08 2.800000000000000266e-01 3.724331960000000227e-11 2.800000000000000266e-01 2.816761489999999917e-09 2.800000000000000266e-01 3.579791870000000193e-14 2.800000000000000266e-01 5.543652669999999949e-01 2.800000000000000266e-01 2.776901199999999923e-08 2.800000000000000266e-01 1.098504890000000050e-11 2.800000000000000266e-01 1.431549829999999950e-09 2.800000000000000266e-01 6.824702909999999479e-14 2.800000000000000266e-01 5.497633899999999629e-01
2.899999999999999800e-01 4.068528410000000280e-05 2.899999999999999800e-01 1.479602820000000053e-06 2.899999999999999800e-01 2.298954620000000059e-06 2.899999999999999800e-01 4.358897550000000332e-15 2.899999999999999800e-01 4.156317050000000179e-01 2.899999999999999800e-01 3.514316040000000126e-06 2.899999999999999800e-01 2.156640190000000008e-08 2.899999999999999800e-01 1.797956039999999969e-07 2.899999999999999800e-01 6.599378709999999800e-15 2.899999999999999800e-01 5.035520070000000237e-01 2.899999999999999800e-01 1.896713960000000013e-06 2.899999999999999800e-01 6.002032000000000021e-09 2.899999999999999800e-01 9.750460370000000628e-08 2.899999999999999800e-01 1.366515080000000064e-14 2.899999999999999800e-01 4.792176249999999804e-01 2.899999999999999800e-01 1.249214849999999912e-06 2.899999999999999800e-01 2.726435810000000098e-09 2.899999999999999800e-01 6.530616080000000090e-08 2.899999999999999800e-01 2.986917260000000048e-14 2.899999999999999800e-01 4.585417960000000015e-01 2.899999999999999800e-01 7.518245239999999647e-07 2.899999999999999800e-01 1.173230569999999945e-09 2.899999999999999800e-01 3.982333970000000272e-08 2.899999999999999800e-01 6.417530079999999803e-14 2.899999999999999800e-01 4.460381900000000011e-01 2.899999999999999800e-01 2.946129630000000171e-06 2.899999999999999800e-01 5.280084570000000288e-08 2.899999999999999800e-01 1.600907789999999931e-07 2.899999999999999800e-01 5.958234419999999783e-15 2.899999999999999800e-01 4.959290650000000023e-01 2.899999999999999800e-01 3.281070639999999818e-07 2.899999999999999800e-01 1.000918320000000057e-09 2.899999999999999800e-01 1.688730719999999960e-08 2.899999999999999800e-01 9.748067320000000339e-15 2.899999999999999800e-01 5.650809180000000431e-01 2.899999999999999800e-01 1.297767559999999996e-07 2.899999999999999800e-01 1.583955880000000029e-10 2.899999999999999800e-01 6.679732700000000085e-09 2.899999999999999800e-01 1.970986189999999843e-14 2.899999999999999800e-01 5.629528670000000234e-01 2.899999999999999800e-01 6.611917179999999653e-08 2.899999999999999800e-01 4.514915950000000319e-11 2.899999999999999800e-01 3.419537010000000082e-09 2.899999999999999800e-01 3.608887080000000206e-14 2.899999999999999800e-01 5.543652669999999949e-01 2.899999999999999800e-01 3.349727130000000090e-08 2.899999999999999800e-01 1.330656570000000026e-11 2.899999999999999800e-01 1.737024360000000051e-09 2.899999999999999800e-01 6.855675760000000335e-14 2.899999999999999800e-01 5.497633899999999629e-01
2.999999999999999889e-01 4.781533210000000193e-05 2.999999999999999889e-01 1.740237400000000016e-06 2.999999999999999889e-01 2.740619670000000060e-06 2.999999999999999889e-01 4.418609550000000305e-15 2.999999999999999889e-01 4.156317050000000179e-01 2.999999999999999889e-01 4.239472990000000302e-06 2.999999999999999889e-01 2.608375200000000086e-08 2.999999999999999889e-01 2.184570520000000119e-07 2.999999999999999889e-01 6.648565069999999979e-15 2.999999999999999889e-01 5.035520070000000237e-01 2.999999999999999889e-01 2.286640700000000097e-06 2.999999999999999889e-01 7.243582100000000175e-09 2.999999999999999889e-01 1.183634909999999936e-07 2.999999999999999889e-01 1.379974799999999982e-14 2.999999999999999889e-01 4.792176249999999804e-01 2.999999999999999889e-01 1.500249109999999899e-06 2.999999999999999889e-01 3.269556979999999811e-09 2.999999999999999889e-01 7.901710720000000646e-08 2.999999999999999889e-01 3.031222249999999969e-14 2.999999999999999889e-01 4.585417960000000015e-01 2.999999999999999889e-01 9.001943180000000093e-07 2.999999999999999889e-01 1.399594020000000043e-09 2.999999999999999889e-01 4.806238749999999995e-08 2.999999999999999889e-01 6.531774540000000163e-14 2.999999999999999889e-01 4.460381900000000011e-01 2.999999999999999889e-01 3.509259869999999918e-06 2.999999999999999889e-01 6.298674119999999705e-08 2.999999999999999889e-01 1.922906149999999909e-07 2.999999999999999889e-01 6.052987090000000299e-15 2.999999999999999889e-01 4.959290650000000023e-01 2.999999999999999889e-01 3.959612359999999903e-07 2.999999999999999889e-01 1.211921340000000064e-09 2.999999999999999889e-01 2.049747170000000131e-08 2.999999999999999889e-01 9.870465779999999608e-15 2.999999999999999889e-01 5.650809180000000431e-01 2.999999999999999889e-01 1.566072929999999981e-07 2.999999999999999889e-01 1.920038430000000109e-10 2.999999999999999889e-01 8.107630039999999404e-09 2.999999999999999889e-01 1.995748030000000017e-14 2.999999999999999889e-01 5.629528670000000234e-01 2.999999999999999889e-01 7.969104639999999696e-08 2.999999999999999889e-01 5.465558510000000258e-11 2.999999999999999889e-01 4.146569950000000069e-09 2.999999999999999889e-01 3.640868920000000209e-14 2.999999999999999889e-01 5.543652669999999949e-01 2.999999999999999889e-01 4.034605610000000243e-08 2.999999999999999889e-01 1.609460609999999918e-11 2.999999999999999889e-01 2.105227079999999998e-09 2.999999999999999889e-01 6.891332299999999490e-14 2.999999999999999889e-01 5.497633899999999629e-01
3.099999999999999978e-01 5.600587379999999752e-05 3.099999999999999978e-01 2.039362499999999823e-06 3.099999999999999978e-01 3.258795979999999855e-06 3.099999999999999978e-01 4.478533160000000045e-15 3.099999999999999978e-01 4.156317050000000179e-01 3.099999999999999978e-01 5.104895179999999911e-06 3.099999999999999978e-01 3.148083510000000116e-08 3.099999999999999978e-01 2.650522389999999769e-07 3.099999999999999978e-01 6.704625640000000239e-15 3.099999999999999978e-01 5.035520070000000237e-01 3.099999999999999978e-01 2.752195449999999894e-06 3.099999999999999978e-01 8.720865079999999481e-09 3.099999999999999978e-01 1.434892969999999874e-07 3.099999999999999978e-01 1.395050829999999987e-14 3.099999999999999978e-01 4.792176249999999804e-01 3.099999999999999978e-01 1.798676559999999919e-06 3.099999999999999978e-01 3.909495999999999752e-09 3.099999999999999978e-01 9.546899900000000243e-08 3.099999999999999978e-01 3.079446070000000210e-14 3.099999999999999978e-01 4.585417960000000015e-01 3.099999999999999978e-01 1.075905100000000017e-06 3.099999999999999978e-01 1.664179430000000083e-09 3.099999999999999978e-01 5.791830149999999806e-08 3.099999999999999978e-01 6.654012139999999678e-14 3.099999999999999978e-01 4.460381900000000011e-01 3.099999999999999978e-01 4.172308480000000114e-06 3.099999999999999978e-01 7.499329099999999871e-08 3.099999999999999978e-01 2.306088109999999998e-07 3.099999999999999978e-01 6.150386310000000011e-15 3.099999999999999978e-01 4.959290650000000023e-01 3.099999999999999978e-01 4.771249700000000029e-07 3.099999999999999978e-01 1.465354409999999908e-09 3.099999999999999978e-01 2.485085850000000153e-08 3.099999999999999978e-01 9.999811269999999257e-15 3.099999999999999978e-01 5.650809180000000431e-01 3.099999999999999978e-01 1.886992419999999922e-07 3.099999999999999978e-01 2.324153329999999979e-10 3.099999999999999978e-01 9.829401269999999239e-09 3.099999999999999978e-01 2.021886150000000106e-14 3.099999999999999978e-01 5.629528670000000234e-01 3.099999999999999978e-01 9.590024519999999722e-08 3.099999999999999978e-01 6.606262839999999463e-11 3.099999999999999978e-01 5.022141449999999831e-09 3.099999999999999978e-01 3.675836980000000257e-14 3.099999999999999978e-01 5.543652669999999949e-01 3.099999999999999978e-01 4.851927709999999988e-08 3.099999999999999978e-01 1.943547649999999909e-11 3.099999999999999978e-01 2.548356500000000205e-09 3.099999999999999978e-01 6.931974980000000236e-14 3.099999999999999978e-01 5.497633899999999629e-01
3.200000000000000067e-01 6.536756349999999752e-05 3.200000000000000067e-01 2.380818680000000142e-06 3.200000000000000067e-01 3.864641059999999678e-06 3.200000000000000067e-01 4.538562769999999633e-15 3.200000000000000067e-01 4.156317050000000179e-01 3.200000000000000067e-01 6.135342119999999841e-06 3.200000000000000067e-01 3.790859510000000048e-08 3.200000000000000067e-01 3.211046149999999954e-07 3.200000000000000067e-01 6.768022190000000273e-15 3.200000000000000067e-01 5.035520070000000237e-01 3.200000000000000067e-01 3.306972090000000036e-06 3.200000000000000067e-01 1.047208510000000006e-08 3.200000000000000067e-01 1.737045640000000126e-07 3.200000000000000067e-01 1.411833580000000053e-14 3.200000000000000067e-01 4.792176249999999804e-01 3.200000000000000067e-01 2.152697610000000171e-06 3.200000000000000067e-01 4.660185649999999661e-09 3.200000000000000067e-01 1.151758180000000000e-07 3.200000000000000067e-01 3.131676269999999842e-14 3.200000000000000067e-01 4.585417960000000015e-01 3.200000000000000067e-01 1.283480299999999979e-06 3.200000000000000067e-01 1.971925520000000137e-09 3.200000000000000067e-01 6.968664079999999857e-08 3.200000000000000067e-01 6.784169059999999650e-14 3.200000000000000067e-01 4.460381900000000011e-01 3.200000000000000067e-01 4.951376520000000099e-06 3.200000000000000067e-01 8.911296409999999547e-08 3.200000000000000067e-01 2.761232649999999988e-07 3.200000000000000067e-01 6.250107799999999714e-15 3.200000000000000067e-01 4.959290650000000023e-01 3.200000000000000067e-01 5.740223359999999515e-07 3.200000000000000067e-01 1.769154539999999996e-09 3.200000000000000067e-01 3.009237209999999692e-08 3.200000000000000067e-01 1.013594229999999996e-14 3.200000000000000067e-01 5.650809180000000431e-01 3.200000000000000067e-01 2.270116220000000001e-07 3.200000000000000067e-01 2.809068059999999939e-10 3.200000000000000067e-01 1.190233199999999959e-08 3.200000000000000067e-01 2.049365340000000138e-14 3.200000000000000067e-01 5.629528670000000234e-01 3.200000000000000067e-01 1.152228169999999968e-07 3.200000000000000067e-01 7.971957990000000345e-11 3.200000000000000067e-01 6.074944040000000329e-09 3.200000000000000067e-01 3.713877719999999930e-14 3.200000000000000067e-01 5.543652669999999949e-01 3.200000000000000067e-01 5.825482209999999907e-08 3.200000000000000067e-01 2.342928649999999861e-11 3.200000000000000067e-01 3.080816030000000013e-09 3.200000000000000067e-01 6.977907900000000202e-14 3.200000000000000067e-01 5.497633899999999629e-01
3.300000000000000155e-01 7.601015450000000507e-05 3.300000000000000155e-01 2.768378499999999976e-06 3.300000000000000155e-01 4.570417449999999881e-06 3.300000000000000155e-01 4.598593749999999764e-15 3.300000000000000155e-01 4.156317050000000179e-01 3.300000000000000155e-01 7.359387880000000295e-06 3.300000000000000155e-01 4.553795709999999844e-08 3.300000000000000155e-01 3.884039369999999981e-07 3.300000000000000155e-01 6.839216379999999794e-15 3.300000000000000155e-01 5.035520070000000237e-01 3.300000000000000155e-01 3.966745069999999872e-06 3.300000000000000155e-01 1.253972269999999941e-08 3.300000000000000155e-01 2.099784559999999891e-07 3.300000000000000155e-01 1.430409190000000131e-14 3.300000000000000155e-01 4.792176249999999804e-01 3.300000000000000155e-01 2.571700210000000000e-06 3.300000000000000155e-01 5.536669349999999865e-09 3.300000000000000155e-01 1.387394160000000093e-07 3.300000000000000155e-01 3.187968430000000216e-14 3.300000000000000155e-01 4.585417960000000015e-01 3.300000000000000155e-01 1.528010669999999978e-06 3.300000000000000155e-01 2.328029090000000159e-09 3.300000000000000155e-01 8.371102859999999353e-08 3.300000000000000155e-01 6.922080960000000004e-14 3.300000000000000155e-01 4.460381900000000011e-01 3.300000000000000155e-01 5.864828520000000277e-06 3.300000000000000155e-01 1.056781060000000024e-07 3.300000000000000155e-01 3.300840119999999968e-07 3.300000000000000155e-01 6.351802679999999902e-15 3.300000000000000155e-01 4.959290650000000023e-01 3.300000000000000155e-01 6.894784809999999994e-07 3.300000000000000155e-01 2.132585250000000114e-09 3.300000000000000155e-01 3.639311670000000283e-08 3.300000000000000155e-01 1.027863549999999935e-14 3.300000000000000155e-01 5.650809180000000431e-01 3.300000000000000155e-01 2.726628920000000163e-07 3.300000000000000155e-01 3.389658309999999976e-10 3.300000000000000155e-01 1.439407629999999922e-08 3.300000000000000155e-01 2.078137929999999861e-14 3.300000000000000155e-01 5.629528670000000234e-01 3.300000000000000155e-01 1.382134599999999960e-07 3.300000000000000155e-01 9.603120920000000349e-11 3.300000000000000155e-01 7.338814650000000048e-09 3.300000000000000155e-01 3.755061490000000129e-14 3.300000000000000155e-01 5.543652669999999949e-01 3.300000000000000155e-01 6.982977360000000453e-08 3.300000000000000155e-01 2.819157690000000075e-11 3.300000000000000155e-01 3.719579290000000034e-09 3.300000000000000155e-01 7.029432630000000314e-14 3.300000000000000155e-01 5.497633899999999629e-01
3.400000000000000244e-01 8.803857989999999461e-05 3.400000000000000244e-01 3.205620079999999848e-06 3.400000000000000244e-01 5.389464640000000295e-06 3.400000000000000244e-01 4.658523020000000063e-15 3.400000000000000244e-01 4.156317050000000179e-01 3.400000000000000244e-01 8.809861750000000507e-06 3.400000000000000244e-01 5.456082900000000306e-08 3.400000000000000244e-01 4.690466120000000264e-07 3.400000000000000244e-01 6.918662279999999881e-15 3.400000000000000244e-01 5.035520070000000237e-01 3.400000000000000244e-01 4.749724409999999848e-06 3.400000000000000244e-01 1.497048649999999896e-08 3.400000000000000244e-01 2.534498559999999902e-07 3.400000000000000244e-01 1.450857340000000077e-14 3.400000000000000244e-01 4.792176249999999804e-01 3.400000000000000244e-01 3.066329810000000114e-06 3.400000000000000244e-01 6.554966030000000057e-09 3.400000000000000244e-01 1.668617690000000113e-07 3.400000000000000244e-01 3.248340920000000233e-14 3.400000000000000244e-01 4.585417960000000015e-01 3.400000000000000244e-01 1.815147569999999971e-06 3.400000000000000244e-01 2.737870110000000053e-09 3.400000000000000244e-01 1.003888180000000014e-07 3.400000000000000244e-01 7.067486940000000383e-14 3.400000000000000244e-01 4.460381900000000011e-01 3.400000000000000244e-01 6.933513240000000364e-06 3.400000000000000244e-01 1.250645639999999952e-07 3.400000000000000244e-01 3.939369789999999923e-07 3.400000000000000244e-01 6.455102039999999941e-15 3.400000000000000244e-01 4.959290650000000023e-01 3.400000000000000244e-01 8.267796059999999959e-07 3.400000000000000244e-01 2.566420969999999890e-09 3.400000000000000244e-01 4.395469960000000237e-08 3.400000000000000244e-01 1.042760430000000009e-14 3.400000000000000244e-01 5.650809180000000431e-01 3.400000000000000244e-01 3.269551499999999934e-07 3.400000000000000244e-01 4.083180830000000034e-10 3.400000000000000244e-01 1.738436969999999909e-08 3.400000000000000244e-01 2.108143630000000032e-14 3.400000000000000244e-01 5.629528670000000234e-01 3.400000000000000244e-01 1.655174979999999924e-07 3.400000000000000244e-01 1.154643230000000022e-10 3.400000000000000244e-01 8.853579660000000083e-09 3.400000000000000244e-01 3.799439489999999842e-14 3.400000000000000244e-01 5.543652669999999949e-01 3.400000000000000244e-01 8.356637860000000024e-08 3.400000000000000244e-01 3.385499960000000203e-11 3.400000000000000244e-01 4.484611250000000280e-09 3.400000000000000244e-01 7.086843349999999987e-14 3.400000000000000244e-01 5.497633899999999629e-01
3.499999999999999778e-01 1.015483690000000002e-04 3.499999999999999778e-01 3.695784819999999826e-06 3.499999999999999778e-01 6.336128520000000322e-06 3.499999999999999778e-01 4.718249749999999750e-15 3.499999999999999778e-01 4.156317050000000179e-01 3.499999999999999778e-01 1.052427800000000000e-05 3.499999999999999778e-01 6.519067180000000248e-08 3.499999999999999778e-01 5.654804160000000319e-07 3.499999999999999778e-01 7.006797449999999851e-15 3.499999999999999778e-01 5.035520070000000237e-01 3.499999999999999778e-01 5.676789930000000116e-06 3.499999999999999778e-01 1.781510449999999961e-08 3.499999999999999778e-01 3.054529130000000043e-07 3.499999999999999778e-01 1.473248790000000087e-14 3.499999999999999778e-01 4.792176249999999804e-01 3.499999999999999778e-01 3.648513210000000155e-06 3.499999999999999778e-01 7.731876509999999530e-09 3.499999999999999778e-01 2.003577199999999900e-07 3.499999999999999778e-01 3.312769999999999752e-14 3.499999999999999778e-01 4.585417960000000015e-01 3.499999999999999778e-01 2.151060769999999821e-06 3.499999999999999778e-01 3.206919500000000177e-09 3.499999999999999778e-01 1.201765190000000069e-07 3.499999999999999778e-01 7.220025640000000213e-14 3.499999999999999778e-01 4.460381900000000011e-01 3.499999999999999778e-01 8.180959569999999773e-06 3.499999999999999778e-01 1.476949580000000065e-07 3.499999999999999778e-01 4.693498339999999842e-07 3.499999999999999778e-01 6.559621940000000324e-15 3.499999999999999778e-01 4.959290650000000023e-01 3.499999999999999778e-01 9.897412550000000730e-07 3.499999999999999778e-01 3.083149340000000005e-09 3.499999999999999778e-01 5.301417660000000082e-08 3.499999999999999778e-01 1.058249900000000046e-14 3.499999999999999778e-01 5.650809180000000431e-01 3.499999999999999778e-01 3.914017879999999984e-07 3.499999999999999778e-01 4.909564239999999812e-10 3.499999999999999778e-01 2.096700030000000017e-08 3.499999999999999778e-01 2.139309559999999889e-14 3.499999999999999778e-01 5.629528670000000234e-01 3.499999999999999778e-01 1.978845210000000109e-07 3.499999999999999778e-01 1.385545840000000119e-10 3.499999999999999778e-01 1.066602789999999998e-08 3.499999999999999778e-01 3.847040680000000164e-14 3.499999999999999778e-01 5.543652669999999949e-01 3.499999999999999778e-01 9.983883480000000510e-08 3.499999999999999778e-01 4.057101720000000094e-11 3.499999999999999778e-01 5.399353090000000295e-09 3.499999999999999778e-01 7.150421190000000041e-14 3.499999999999999778e-01 5.497633899999999629e-01
3.599999999999999867e-01 1.166206399999999955e-04 3.599999999999999867e-01 4.241627199999999747e-06 3.599999999999999867e-01 7.425642459999999970e-06 3.599999999999999867e-01 4.777675889999999914e-15 3.599999999999999867e-01 4.156317050000000179e-01 3.599999999999999867e-01 1.254521639999999996e-05 3.599999999999999867e-01 7.766248799999999429e-08 3.599999999999999867e-01 6.805533159999999479e-07 3.599999999999999867e-01 7.104032609999999913e-15 3.599999999999999867e-01 5.035520070000000237e-01 3.599999999999999867e-01 6.771674079999999891e-06 3.599999999999999867e-01 2.112793160000000036e-08 3.599999999999999867e-01 3.675447209999999938e-07 3.599999999999999867e-01 1.497642699999999923e-14 3.599999999999999867e-01 4.792176249999999804e-01 3.599999999999999867e-01 4.331414890000000168e-06 3.599999999999999867e-01 9.084731439999999713e-09 3.599999999999999867e-01 2.401676370000000169e-07 3.599999999999999867e-01 3.381185439999999740e-14 3.599999999999999867e-01 4.585417960000000015e-01 3.599999999999999867e-01 2.542351979999999875e-06 3.599999999999999867e-01 3.740632110000000234e-09 3.599999999999999867e-01 1.435945929999999891e-07 3.599999999999999867e-01 7.379233950000000514e-14 3.599999999999999867e-01 4.460381900000000011e-01 3.599999999999999867e-01 9.633522660000000637e-06 3.599999999999999867e-01 1.740412569999999957e-07 3.599999999999999867e-01 5.582395699999999767e-07 3.599999999999999867e-01 6.664968970000000095e-15 3.599999999999999867e-01 4.959290650000000023e-01 3.599999999999999867e-01 1.182785699999999932e-06 3.599999999999999867e-01 3.697191849999999896e-09 3.599999999999999867e-01 6.384972379999999401e-08 3.599999999999999867e-01 1.074290790000000044e-14 3.599999999999999867e-01 5.650809180000000431e-01 3.599999999999999867e-01 4.677589129999999755e-07 3.599999999999999867e-01 5.891715550000000442e-10 3.599999999999999867e-01 2.525207620000000120e-08 3.599999999999999867e-01 2.171550589999999928e-14 3.599999999999999867e-01 5.629528670000000234e-01 3.599999999999999867e-01 2.361837969999999973e-07 3.599999999999999867e-01 1.659134900000000102e-10 3.599999999999999867e-01 1.283102910000000023e-08 3.599999999999999867e-01 3.897868810000000106e-14 3.599999999999999867e-01 5.543652669999999949e-01 3.599999999999999867e-01 1.190809139999999984e-07 3.599999999999999867e-01 4.851158669999999738e-11 3.599999999999999867e-01 6.491279139999999834e-09 3.599999999999999867e-01 7.220427849999999427e-14 3.599999999999999867e-01 5.497633899999999629e-01
3.699999999999999956e-01 1.333170220000000046e-04 3.699999999999999956e-01 4.845266930000000115e-06 3.699999999999999956e-01 8.673957720000000242e-06 3.699999999999999956e-01 4.836706700000000256e-15 3.699999999999999956e-01 4.156317050000000179e-01 3.699999999999999956e-01 1.492059949999999938e-05 3.699999999999999956e-01 9.223206859999999371e-08 3.699999999999999956e-01 8.175656180000000206e-07 3.699999999999999956e-01 7.210740119999999288e-15 3.699999999999999956e-01 5.035520070000000237e-01 3.699999999999999956e-01 8.061052650000000603e-06 3.699999999999999956e-01 2.496635059999999928e-08 3.699999999999999956e-01 4.415343859999999857e-07 3.699999999999999956e-01 1.524083830000000047e-14 3.699999999999999956e-01 4.792176249999999804e-01 3.699999999999999956e-01 5.129303539999999883e-06 3.699999999999999956e-01 1.063108469999999990e-08 3.699999999999999956e-01 2.873692100000000047e-07 3.699999999999999956e-01 3.453466919999999773e-14 3.699999999999999956e-01 4.585417960000000015e-01 3.699999999999999956e-01 2.995917880000000041e-06 3.699999999999999956e-01 4.344329060000000393e-09 3.699999999999999956e-01 1.712311279999999943e-07 3.699999999999999956e-01 7.544548760000000120e-14 3.699999999999999956e-01 4.460381900000000011e-01 3.699999999999999956e-01 1.132044939999999970e-05 3.699999999999999956e-01 2.046262549999999940e-07 3.699999999999999956e-01 6.628011809999999753e-07 3.699999999999999956e-01 6.770745859999999783e-15 3.699999999999999956e-01 4.959290650000000023e-01 3.699999999999999956e-01 1.411028810000000027e-06 3.699999999999999956e-01 4.425142220000000256e-09 3.699999999999999956e-01 7.678713190000000529e-08 3.699999999999999956e-01 1.090836009999999961e-14 3.699999999999999956e-01 5.650809180000000431e-01 3.699999999999999956e-01 5.580606870000000128e-07 3.699999999999999956e-01 7.055839459999999980e-10 3.699999999999999956e-01 3.036862559999999860e-08 3.699999999999999956e-01 2.204769989999999893e-14 3.699999999999999956e-01 5.629528670000000234e-01 3.699999999999999956e-01 2.814214100000000207e-07 3.699999999999999956e-01 1.982354000000000122e-10 3.699999999999999956e-01 1.541281440000000083e-08 3.699999999999999956e-01 3.951899749999999910e-14 3.699999999999999956e-01 5.543652669999999949e-01 3.699999999999999956e-01 1.417943720000000051e-07 3.699999999999999956e-01 5.787078550000000067e-11 3.699999999999999956e-01 7.792534079999999743e-09 3.699999999999999956e-01 7.297098480000000301e-14 3.699999999999999956e-01 5.497633899999999629e-01
3.800000000000000044e-01 1.516749560000000001e-04 3.800000000000000044e-01 5.508056000000000310e-06 3.800000000000000044e-01 1.009752449999999982e-05 3.800000000000000044e-01 4.895251299999999784e-15 3.800000000000000044e-01 4.156317050000000179e-01 3.800000000000000044e-01 1.770379370000000024e-05 3.800000000000000044e-01 1.091743380000000039e-07 3.800000000000000044e-01 9.803240849999999749e-07 3.800000000000000044e-01 7.327241190000000101e-15 3.800000000000000044e-01 5.035520070000000237e-01 3.800000000000000044e-01 9.574493950000000691e-06 3.800000000000000044e-01 2.938996209999999996e-08 3.800000000000000044e-01 5.295123519999999902e-07 3.800000000000000044e-01 1.552599669999999926e-14 3.800000000000000044e-01 4.792176249999999804e-01 3.800000000000000044e-01 6.057309259999999719e-06 3.800000000000000044e-01 1.238836110000000078e-08 3.800000000000000044e-01 3.431873739999999947e-07 3.800000000000000044e-01 3.529441680000000030e-14 3.800000000000000044e-01 4.585417960000000015e-01 3.800000000000000044e-01 3.518760789999999945e-06 3.800000000000000044e-01 5.023074879999999927e-09 3.800000000000000044e-01 2.037438879999999919e-07 3.800000000000000044e-01 7.715311839999999839e-14 3.800000000000000044e-01 4.460381900000000011e-01 3.800000000000000044e-01 1.327382760000000003e-05 3.800000000000000044e-01 2.400234490000000187e-07 3.800000000000000044e-01 7.855364339999999602e-07 3.800000000000000044e-01 6.876557260000000357e-15 3.800000000000000044e-01 4.959290650000000023e-01 3.800000000000000044e-01 1.680376089999999914e-06 3.800000000000000044e-01 5.286021479999999884e-09 3.800000000000000044e-01 9.220721479999999542e-08 3.800000000000000044e-01 1.107833009999999949e-14 3.800000000000000044e-01 5.650809180000000431e-01 3.800000000000000044e-01 6.646584490000000091e-07 3.800000000000000044e-01 8.431767010000000051e-10 3.800000000000000044e-01 3.646757000000000128e-08 3.800000000000000044e-01 2.238860309999999883e-14 3.800000000000000044e-01 5.629528670000000234e-01 3.800000000000000044e-01 3.347588930000000222e-07 3.800000000000000044e-01 2.363044909999999890e-10 3.800000000000000044e-01 1.848643740000000135e-08 3.800000000000000044e-01 4.009079050000000227e-14 3.800000000000000044e-01 5.543652669999999949e-01 3.800000000000000044e-01 1.685579760000000118e-07 3.800000000000000044e-01 6.886633690000000545e-11 3.800000000000000044e-01 9.340657469999999568e-09 3.800000000000000044e-01 7.380634130000000229e-14 3.800000000000000044e-01 5.497633899999999629e-01
3.900000000000000133e-01 1.717038460000000000e-04 3.900000000000000133e-01 6.230473349999999994e-06 3.900000000000000133e-01 1.171303009999999984e-05 3.900000000000000133e-01 4.953223029999999899e-15 3.900000000000000133e-01 4.156317050000000179e-01 3.900000000000000133e-01 2.095344669999999872e-05 3.900000000000000133e-01 1.287806530000000054e-07 3.900000000000000133e-01 1.173195819999999922e-06 3.900000000000000133e-01 7.453792279999999565e-15 3.900000000000000133e-01 5.035520070000000237e-01 3.900000000000000133e-01 1.134421279999999958e-05 3.900000000000000133e-01 3.445956580000000274e-08 3.900000000000000133e-01 6.338782799999999635e-07 3.900000000000000133e-01 1.583197560000000133e-14 3.900000000000000133e-01 4.792176249999999804e-01 3.900000000000000133e-01 7.131059740000000286e-06 3.900000000000000133e-01 1.437347349999999946e-08 3.900000000000000133e-01 4.090012080000000108e-07 3.900000000000000133e-01 3.608883320000000252e-14 3.900000000000000133e-01 4.585417960000000015e-01 3.900000000000000133e-01 4.117751489999999777e-06 3.900000000000000133e-01 5.781555880000000299e-09 3.900000000000000133e-01 2.418602150000000088e-07 3.900000000000000133e-01 7.890778030000000042e-14 3.900000000000000133e-01 4.460381900000000011e-01 3.900000000000000133e-01 1.552838299999999874e-05 3.900000000000000133e-01 2.808548489999999909e-07 3.900000000000000133e-01 9.292814050000000347e-07 3.900000000000000133e-01 6.982015379999999849e-15 3.900000000000000133e-01 4.959290650000000023e-01 3.900000000000000133e-01 1.997626400000000204e-06 3.900000000000000133e-01 6.301547039999999655e-09 3.900000000000000133e-01 1.105542189999999989e-07 3.900000000000000133e-01 1.125224289999999948e-14 3.900000000000000133e-01 5.650809180000000431e-01 3.900000000000000133e-01 7.902629700000000107e-07 3.900000000000000133e-01 1.005328949999999956e-09 3.900000000000000133e-01 4.372510559999999672e-08 3.900000000000000133e-01 2.273704660000000115e-14 3.900000000000000133e-01 5.629528670000000234e-01 3.900000000000000133e-01 3.975328390000000151e-07 3.900000000000000133e-01 2.810014879999999920e-10 3.900000000000000133e-01 2.213942549999999891e-08 3.900000000000000133e-01 4.069320019999999943e-14 3.900000000000000133e-01 5.543652669999999949e-01 3.900000000000000133e-01 2.000368359999999939e-07 3.900000000000000133e-01 8.174098789999999863e-11 3.900000000000000133e-01 1.117940050000000066e-08 3.900000000000000133e-01 7.471193580000000285e-14 3.900000000000000133e-01 5.497633899999999629e-01
4.000000000000000222e-01 1.933824920000000122e-04 4.000000000000000222e-01 7.012058400000000037e-06 4.000000000000000222e-01 1.353710420000000037e-05 4.000000000000000222e-01 5.010539900000000377e-15 4.000000000000000222e-01 4.156317050000000179e-01 4.000000000000000222e-01 2.473296630000000035e-05 4.000000000000000222e-01 1.513549409999999922e-07 4.000000000000000222e-01 1.401158809999999900e-06 4.000000000000000222e-01 7.590570930000000426e-15 4.000000000000000222e-01 5.035520070000000237e-01 4.000000000000000222e-01 1.340457820000000007e-05 4.000000000000000222e-01 4.023595999999999761e-08 4.000000000000000222e-01 7.573652729999999639e-07 4.000000000000000222e-01 1.615862089999999970e-14 4.000000000000000222e-01 4.792176249999999804e-01 4.000000000000000222e-01 8.366195020000000615e-06 4.000000000000000222e-01 1.660242570000000041e-08 4.000000000000000222e-01 4.863465819999999997e-07 4.000000000000000222e-01 3.691512349999999957e-14 4.000000000000000222e-01 4.585417960000000015e-01 4.000000000000000222e-01 4.799355780000000266e-06 4.000000000000000222e-01 6.623966930000000002e-09 4.000000000000000222e-01 2.863743739999999742e-07 4.000000000000000222e-01 8.070126639999999863e-14 4.000000000000000222e-01 4.460381900000000011e-01 4.000000000000000222e-01 1.812108929999999975e-05 4.000000000000000222e-01 3.277862169999999876e-07 4.000000000000000222e-01 1.097231079999999933e-06 4.000000000000000222e-01 7.086745240000000296e-15 4.000000000000000222e-01 4.959290650000000023e-01 4.000000000000000222e-01 2.370580260000000191e-06 4.000000000000000222e-01 7.496411470000000724e-09 4.000000000000000222e-01 1.323452980000000072e-07 4.000000000000000222e-01 1.142948160000000020e-14 4.000000000000000222e-01 5.650809180000000431e-01 4.000000000000000222e-01 9.379885200000000282e-07 4.000000000000000222e-01 1.195849280000000061e-09 4.000000000000000222e-01 5.234651649999999856e-08 4.000000000000000222e-01 2.309178080000000054e-14 4.000000000000000222e-01 5.629528670000000234e-01 4.000000000000000222e-01 4.712745639999999964e-07 4.000000000000000222e-01 3.333100379999999933e-10 4.000000000000000222e-01 2.647362969999999878e-08 4.000000000000000222e-01 4.132502470000000185e-14 4.000000000000000222e-01 5.543652669999999949e-01 4.000000000000000222e-01 2.369915100000000048e-07 4.000000000000000222e-01 9.676369630000000166e-11 4.000000000000000222e-01 1.335963539999999977e-08 4.000000000000000222e-01 7.568885149999999899e-14 4.000000000000000222e-01 5.497633899999999629e-01
4.099999999999999756e-01 2.166581400000000079e-04 4.099999999999999756e-01 7.851391379999999556e-06 4.099999999999999756e-01 1.558600670000000052e-05 4.099999999999999756e-01 5.067124860000000099e-15 4.099999999999999756e-01 4.156317050000000179e-01 4.099999999999999756e-01 2.910954909999999868e-05 4.099999999999999756e-01 1.772086340000000046e-07 4.099999999999999756e-01 1.669845089999999964e-06 4.099999999999999756e-01 7.737661560000000105e-15 4.099999999999999756e-01 5.035520070000000237e-01 4.099999999999999756e-01 1.579133669999999878e-05 4.099999999999999756e-01 4.677859830000000085e-08 4.099999999999999756e-01 9.030577830000000456e-07 4.099999999999999756e-01 1.650552720000000111e-14 4.099999999999999756e-01 4.792176249999999804e-01 4.099999999999999756e-01 9.777776739999999699e-06 4.099999999999999756e-01 1.908992480000000006e-08 4.099999999999999756e-01 5.769134010000000508e-07 4.099999999999999756e-01 3.776998360000000256e-14 4.099999999999999756e-01 4.585417960000000015e-01 4.099999999999999756e-01 5.569343140000000405e-06 4.099999999999999756e-01 7.553913299999999837e-09 4.099999999999999756e-01 3.381420500000000073e-07 4.099999999999999756e-01 8.252475649999999701e-14 4.099999999999999756e-01 4.460381900000000011e-01 4.099999999999999756e-01 2.109056660000000095e-05 4.099999999999999756e-01 3.815194090000000178e-07 4.099999999999999756e-01 1.292959000000000083e-06 4.099999999999999756e-01 7.190389559999999759e-15 4.099999999999999756e-01 4.959290650000000023e-01 4.099999999999999756e-01 2.808147260000000181e-06 4.099999999999999756e-01 8.898564030000000301e-09 4.099999999999999756e-01 1.581810670000000102e-07 4.099999999999999756e-01 1.160939540000000050e-14 4.099999999999999756e-01 5.650809180000000431e-01 4.099999999999999756e-01 1.111396509999999899e-06 4.099999999999999756e-01 1.419008759999999898e-09 4.099999999999999756e-01 6.257042990000000017e-08 4.099999999999999756e-01 2.345149319999999980e-14 4.099999999999999756e-01 5.629528670000000234e-01 4.099999999999999756e-01 5.577284690000000102e-07 4.099999999999999756e-01 3.943225749999999823e-10 4.099999999999999756e-01 3.160726529999999993e-08 4.099999999999999756e-01 4.198472119999999701e-14 4.099999999999999756e-01 5.543652669999999949e-01 4.099999999999999756e-01 2.802861430000000151e-07 4.099999999999999756e-01 1.142305820000000025e-10 4.099999999999999756e-01 1.594035170000000041e-08 4.099999999999999756e-01 7.673758459999999605e-14 4.099999999999999756e-01 5.497633899999999629e-01
4.199999999999999845e-01 2.414472989999999920e-04 4.199999999999999845e-01 8.746123809999999761e-06 4.199999999999999845e-01 1.787531519999999900e-05 4.199999999999999845e-01 5.122906120000000160e-15 4.199999999999999845e-01 4.156317050000000179e-01 4.199999999999999845e-01 3.415269099999999783e-05 4.199999999999999845e-01 2.066544389999999964e-07 4.199999999999999845e-01 1.985571620000000064e-06 4.199999999999999845e-01 7.895041839999999468e-15 4.199999999999999845e-01 5.035520070000000237e-01 4.199999999999999845e-01 1.854053740000000076e-05 4.199999999999999845e-01 5.414416470000000284e-08 4.199999999999999845e-01 1.074400259999999923e-06 4.199999999999999845e-01 1.687201940000000088e-14 4.199999999999999845e-01 4.792176249999999804e-01 4.199999999999999845e-01 1.137962450000000064e-05 4.199999999999999845e-01 2.184902369999999859e-08 4.199999999999999845e-01 6.825365509999999520e-07 4.199999999999999845e-01 3.864964030000000294e-14 4.199999999999999845e-01 4.585417960000000015e-01 4.199999999999999845e-01 6.432501209999999765e-06 4.199999999999999845e-01 8.574333590000000175e-09 4.199999999999999845e-01 3.980719439999999748e-07 4.199999999999999845e-01 8.436898320000000431e-14 4.199999999999999845e-01 4.460381900000000011e-01 4.199999999999999845e-01 2.447625879999999938e-05 4.199999999999999845e-01 4.427815989999999754e-07 4.199999999999999845e-01 1.520429810000000015e-06 4.199999999999999845e-01 7.292613059999999437e-15 4.199999999999999845e-01 4.959290650000000023e-01 4.199999999999999845e-01 3.320444659999999804e-06 4.199999999999999845e-01 1.053948500000000003e-08 4.199999999999999845e-01 1.887572009999999887e-07 4.199999999999999845e-01 1.179130840000000058e-14 4.199999999999999845e-01 5.650809180000000431e-01 4.199999999999999845e-01 1.314535420000000026e-06 4.199999999999999845e-01 1.679572779999999999e-09 4.199999999999999845e-01 7.467349199999999441e-08 4.199999999999999845e-01 2.381482600000000041e-14 4.199999999999999845e-01 5.629528670000000234e-01 4.199999999999999845e-01 6.588672170000000390e-07 4.199999999999999845e-01 4.652454930000000245e-10 4.199999999999999845e-01 3.767712199999999967e-08 4.199999999999999845e-01 4.267040810000000181e-14 4.199999999999999845e-01 5.543652669999999949e-01 4.199999999999999845e-01 3.308946560000000221e-07 4.199999999999999845e-01 1.344656039999999975e-10 4.199999999999999845e-01 1.898972519999999841e-08 4.199999999999999845e-01 7.785796660000000227e-14 4.199999999999999845e-01 5.497633899999999629e-01
4.299999999999999933e-01 2.676382850000000009e-04 4.299999999999999933e-01 9.693057099999999383e-06 4.299999999999999933e-01 2.041962819999999993e-05 4.299999999999999933e-01 5.177817309999999885e-15 4.299999999999999933e-01 4.156317050000000179e-01 4.299999999999999933e-01 3.993215420000000102e-05 4.299999999999999933e-01 2.399990770000000185e-07 4.299999999999999933e-01 2.355353569999999852e-06 4.299999999999999933e-01 8.062570310000000318e-15 4.299999999999999933e-01 5.035520070000000237e-01 4.299999999999999933e-01 2.168718059999999957e-05 4.299999999999999933e-01 6.238513989999999574e-08 4.299999999999999933e-01 1.275193630000000064e-06 4.299999999999999933e-01 1.725714080000000085e-14 4.299999999999999933e-01 4.792176249999999804e-01 4.299999999999999933e-01 1.318362839999999997e-05 4.299999999999999933e-01 2.489081690000000054e-08 4.299999999999999933e-01 8.051800330000000280e-07 4.299999999999999933e-01 3.954990839999999690e-14 4.299999999999999933e-01 4.585417960000000015e-01 4.299999999999999933e-01 7.392382129999999916e-06 4.299999999999999933e-01 9.687448109999999730e-09 4.299999999999999933e-01 4.671146440000000164e-07 4.299999999999999933e-01 8.622441510000000106e-14 4.299999999999999933e-01 4.460381900000000011e-01 4.299999999999999933e-01 2.831739549999999863e-05 4.299999999999999933e-01 5.123114630000000259e-07 4.299999999999999933e-01 1.784002480000000089e-06 4.299999999999999933e-01 7.393106069999999863e-15 4.299999999999999933e-01 4.959290650000000023e-01 4.299999999999999933e-01 3.918876099999999991e-06 4.299999999999999933e-01 1.245443909999999957e-08 4.299999999999999933e-01 2.248769250000000018e-07 4.299999999999999933e-01 1.197452980000000018e-14 4.299999999999999933e-01 5.650809180000000431e-01 4.299999999999999933e-01 1.551972509999999940e-06 4.299999999999999933e-01 1.982831119999999888e-09 4.299999999999999933e-01 8.897540570000000622e-08 4.299999999999999933e-01 2.418039679999999882e-14 4.299999999999999933e-01 5.629528670000000234e-01 4.299999999999999933e-01 7.769013859999999738e-07 4.299999999999999933e-01 5.474034810000000300e-10 4.299999999999999933e-01 4.484090100000000250e-08 4.299999999999999933e-01 4.337987730000000045e-14 4.299999999999999933e-01 5.543652669999999949e-01 4.299999999999999933e-01 3.899038029999999953e-07 4.299999999999999933e-01 1.578209170000000100e-10 4.299999999999999933e-01 2.258623439999999983e-08 4.299999999999999933e-01 7.904909329999999743e-14 4.299999999999999933e-01 5.497633899999999629e-01
4.400000000000000022e-01 2.950952759999999741e-04 4.400000000000000022e-01 1.068826239999999978e-05 4.400000000000000022e-01 2.323230299999999934e-05 4.400000000000000022e-01 5.231797629999999967e-15 4.400000000000000022e-01 4.156317050000000179e-01 4.400000000000000022e-01 4.651542899999999784e-05 4.400000000000000022e-01 2.775352930000000074e-07 4.400000000000000022e-01 2.786894649999999811e-06 4.400000000000000022e-01 8.239975949999999385e-15 4.400000000000000022e-01 5.035520070000000237e-01 4.400000000000000022e-01 2.526365199999999872e-05 4.400000000000000022e-01 7.154844079999999477e-08 4.400000000000000022e-01 1.509577110000000100e-06 4.400000000000000022e-01 1.765964820000000084e-14 4.400000000000000022e-01 4.792176249999999804e-01 4.400000000000000022e-01 1.519909650000000031e-05 4.400000000000000022e-01 2.822420700000000161e-08 4.400000000000000022e-01 9.469143509999999544e-07 4.400000000000000022e-01 4.046626440000000055e-14 4.400000000000000022e-01 4.585417960000000015e-01 4.400000000000000022e-01 8.451105160000000366e-06 4.400000000000000022e-01 1.089473509999999922e-08 4.400000000000000022e-01 5.462492340000000382e-07 4.400000000000000022e-01 8.808144869999999659e-14 4.400000000000000022e-01 4.460381900000000011e-01 4.400000000000000022e-01 3.265177200000000143e-05 4.400000000000000022e-01 5.908426629999999873e-07 4.400000000000000022e-01 2.088422169999999940e-06 4.400000000000000022e-01 7.491587369999999604e-15 4.400000000000000022e-01 4.959290650000000023e-01 4.400000000000000022e-01 4.616176970000000053e-06 4.400000000000000022e-01 1.468269209999999932e-08 4.400000000000000022e-01 2.674641390000000198e-07 4.400000000000000022e-01 1.215836359999999996e-14 4.400000000000000022e-01 5.650809180000000431e-01 4.400000000000000022e-01 1.828811959999999939e-06 4.400000000000000022e-01 2.334625249999999966e-09 4.400000000000000022e-01 1.058442239999999967e-07 4.400000000000000022e-01 2.454681789999999877e-14 4.400000000000000022e-01 5.629528670000000234e-01 4.400000000000000022e-01 9.142809280000000362e-07 4.400000000000000022e-01 6.422428039999999871e-10 4.400000000000000022e-01 5.327960860000000226e-08 4.400000000000000022e-01 4.411061399999999761e-14 4.400000000000000022e-01 5.543652669999999949e-01 4.400000000000000022e-01 4.585118089999999919e-07 4.400000000000000022e-01 1.846768900000000035e-10 4.400000000000000022e-01 2.681978579999999916e-08 4.400000000000000022e-01 8.030926660000000012e-14 4.400000000000000022e-01 5.497633899999999629e-01
4.500000000000000111e-01 3.236634890000000190e-04 4.500000000000000111e-01 1.172723109999999987e-05 4.500000000000000111e-01 2.632523919999999986e-05 4.500000000000000111e-01 5.284792000000000067e-15 4.500000000000000111e-01 4.156317050000000179e-01 4.500000000000000111e-01 5.396480219999999739e-05 4.500000000000000111e-01 3.195335129999999881e-07 4.500000000000000111e-01 3.288550070000000091e-06 4.500000000000000111e-01 8.426850690000000718e-15 4.500000000000000111e-01 5.035520070000000237e-01 4.500000000000000111e-01 2.929804990000000155e-05 4.500000000000000111e-01 8.167421679999999697e-08 4.500000000000000111e-01 1.781993750000000035e-06 4.500000000000000111e-01 1.807801720000000075e-14 4.500000000000000111e-01 4.792176249999999804e-01 4.500000000000000111e-01 1.743220100000000166e-05 4.500000000000000111e-01 3.185575570000000072e-08 4.500000000000000111e-01 1.109887809999999991e-06 4.500000000000000111e-01 4.139393299999999956e-14 4.500000000000000111e-01 4.585417960000000015e-01 4.500000000000000111e-01 9.609234939999999523e-06 4.500000000000000111e-01 1.219693549999999926e-08 4.500000000000000111e-01 6.364682809999999923e-07 4.500000000000000111e-01 8.993060260000000031e-14 4.500000000000000111e-01 4.460381900000000011e-01 4.500000000000000111e-01 3.751439939999999816e-05 4.500000000000000111e-01 6.790852640000000005e-07 4.500000000000000111e-01 2.438799219999999977e-06 4.500000000000000111e-01 7.587806319999999609e-15 4.500000000000000111e-01 4.959290650000000023e-01 4.500000000000000111e-01 5.426410670000000210e-06 4.500000000000000111e-01 1.726766790000000118e-08 4.500000000000000111e-01 3.175767659999999838e-07 4.500000000000000111e-01 1.234211909999999964e-14 4.500000000000000111e-01 5.650809180000000431e-01 4.500000000000000111e-01 2.150693179999999833e-06 4.500000000000000111e-01 2.741371850000000192e-09 4.500000000000000111e-01 1.257017270000000118e-07 4.500000000000000111e-01 2.491271730000000114e-14 4.500000000000000111e-01 5.629528670000000234e-01 4.500000000000000111e-01 1.073685610000000091e-06 4.500000000000000111e-01 7.513333299999999756e-10 4.500000000000000111e-01 6.319991350000000068e-08 4.500000000000000111e-01 4.485982710000000040e-14 4.500000000000000111e-01 5.543652669999999949e-01 4.500000000000000111e-01 5.380212779999999735e-07 4.500000000000000111e-01 2.154417279999999971e-10 4.500000000000000111e-01 3.179279869999999923e-08 4.500000000000000111e-01 8.163595059999999673e-14 4.500000000000000111e-01 5.497633899999999629e-01
4.600000000000000200e-01 3.531750250000000144e-04 4.600000000000000200e-01 1.280504269999999968e-05 4.600000000000000200e-01 2.970871800000000161e-05 4.600000000000000200e-01 5.336751009999999614e-15 4.600000000000000200e-01 4.156317050000000179e-01 4.600000000000000200e-01 6.233422339999999961e-05 4.600000000000000200e-01 3.662336559999999919e-07 4.600000000000000200e-01 3.869258800000000001e-06 4.600000000000000200e-01 8.622645290000000652e-15 4.600000000000000200e-01 5.035520070000000237e-01 4.600000000000000200e-01 3.381254280000000305e-05 4.600000000000000200e-01 9.279487790000000387e-08 4.600000000000000200e-01 2.097139250000000082e-06 4.600000000000000200e-01 1.851045610000000133e-14 4.600000000000000200e-01 4.792176249999999804e-01 4.600000000000000200e-01 1.988557800000000133e-05 4.600000000000000200e-01 3.578962599999999810e-08 4.600000000000000200e-01 1.296293029999999896e-06 4.600000000000000200e-01 4.232798410000000120e-14 4.600000000000000200e-01 4.585417960000000015e-01 4.600000000000000200e-01 1.086574670000000042e-05 4.600000000000000200e-01 1.359408339999999929e-08 4.600000000000000200e-01 7.387620449999999859e-07 4.600000000000000200e-01 9.176270340000000404e-14 4.600000000000000200e-01 4.460381900000000011e-01 4.600000000000000200e-01 4.293609850000000306e-05 4.600000000000000200e-01 7.777060180000000016e-07 4.600000000000000200e-01 2.840574349999999876e-06 4.600000000000000200e-01 7.681544199999999814e-15 4.600000000000000200e-01 4.959290650000000023e-01 4.600000000000000200e-01 6.364899600000000069e-06 4.600000000000000200e-01 2.025702679999999929e-08 4.600000000000000200e-01 3.764197460000000101e-07 4.600000000000000200e-01 1.252512049999999940e-14 4.600000000000000200e-01 5.650809180000000431e-01 4.600000000000000200e-01 2.523762899999999973e-06 4.600000000000000200e-01 3.210081159999999939e-09 4.600000000000000200e-01 1.490286650000000063e-07 4.600000000000000200e-01 2.527675740000000062e-14 4.600000000000000200e-01 5.629528670000000234e-01 4.600000000000000200e-01 1.258001870000000075e-06 4.600000000000000200e-01 8.763690560000000177e-10 4.600000000000000200e-01 7.483634059999999532e-08 4.600000000000000200e-01 4.562448770000000196e-14 4.600000000000000200e-01 5.543652669999999949e-01 4.600000000000000200e-01 6.298252810000000036e-07 4.600000000000000200e-01 2.505506909999999951e-10 4.600000000000000200e-01 3.762118539999999939e-08 4.600000000000000200e-01 8.302574799999999623e-14 4.600000000000000200e-01 5.497633899999999629e-01
4.699999999999999734e-01 3.834548980000000219e-04 4.699999999999999734e-01 1.391653770000000047e-05 4.699999999999999734e-01 3.339130100000000273e-05 4.699999999999999734e-01 5.387630950000000168e-15 4.699999999999999734e-01 4.156317050000000179e-01 4.699999999999999734e-01 7.166622039999999611e-05 4.699999999999999734e-01 4.178376750000000245e-07 4.699999999999999734e-01 4.538444700000000400e-06 4.699999999999999734e-01 8.826669540000000389e-15 4.699999999999999734e-01 5.035520070000000237e-01 4.699999999999999734e-01 3.882191510000000109e-05 4.699999999999999734e-01 1.049344150000000017e-07 4.699999999999999734e-01 2.459895160000000175e-06 4.699999999999999734e-01 1.895493039999999967e-14 4.699999999999999734e-01 4.792176249999999804e-01 4.699999999999999734e-01 2.255812290000000140e-05 4.699999999999999734e-01 4.002761520000000257e-08 4.699999999999999734e-01 1.508330350000000006e-06 4.699999999999999734e-01 4.326343519999999691e-14 4.699999999999999734e-01 4.585417960000000015e-01 4.699999999999999734e-01 1.221807999999999941e-05 4.699999999999999734e-01 1.508556059999999912e-08 4.699999999999999734e-01 8.541027770000000199e-07 4.699999999999999734e-01 9.356905680000000487e-14 4.699999999999999734e-01 4.460381900000000011e-01 4.699999999999999734e-01 4.894212559999999821e-05 4.699999999999999734e-01 8.873086119999999637e-07 4.699999999999999734e-01 3.299469709999999945e-06 4.699999999999999734e-01 7.772614790000000614e-15 4.699999999999999734e-01 4.959290650000000023e-01 4.699999999999999734e-01 7.448075890000000311e-06 4.699999999999999734e-01 2.370263909999999966e-08 4.699999999999999734e-01 4.453569520000000200e-07 4.699999999999999734e-01 1.270671629999999980e-14 4.699999999999999734e-01 5.650809180000000431e-01 4.699999999999999734e-01 2.954615490000000127e-06 4.699999999999999734e-01 3.748368709999999788e-09 4.699999999999999734e-01 1.763695550000000107e-07 4.699999999999999734e-01 2.563765370000000129e-14 4.699999999999999734e-01 5.629528670000000234e-01 4.699999999999999734e-01 1.470284079999999985e-06 4.699999999999999734e-01 1.019166889999999905e-09 4.699999999999999734e-01 8.845315799999999545e-08 4.699999999999999734e-01 4.640137480000000158e-14 4.699999999999999734e-01 5.543652669999999949e-01 4.699999999999999734e-01 7.353858570000000286e-07 4.699999999999999734e-01 2.904648529999999753e-10 4.699999999999999734e-01 4.443515500000000029e-08 4.699999999999999734e-01 8.447439829999999892e-14 4.699999999999999734e-01 5.497633899999999629e-01
4.799999999999999822e-01 4.143268049999999990e-04 4.799999999999999822e-01 1.505648259999999932e-05 4.799999999999999822e-01 3.737978890000000248e-05 4.799999999999999822e-01 5.437393769999999901e-15 4.799999999999999822e-01 4.156317050000000179e-01 4.799999999999999822e-01 8.198914710000000433e-05 4.799999999999999822e-01 4.745033619999999869e-07 4.799999999999999822e-01 5.305888130000000238e-06 4.799999999999999822e-01 9.038097060000000408e-15 4.799999999999999822e-01 5.035520070000000237e-01 4.799999999999999822e-01 4.433245110000000040e-05 4.799999999999999822e-01 1.181080489999999936e-07 4.799999999999999822e-01 2.875249119999999899e-06 4.799999999999999822e-01 1.940919679999999892e-14 4.799999999999999822e-01 4.792176249999999804e-01 4.799999999999999822e-01 2.544500140000000032e-05 4.799999999999999822e-01 4.456927269999999951e-08 4.799999999999999822e-01 1.748170329999999996e-06 4.799999999999999822e-01 4.419535540000000039e-14 4.799999999999999822e-01 4.585417960000000015e-01 4.799999999999999822e-01 1.366227300000000078e-05 4.799999999999999822e-01 1.667016780000000027e-08 4.799999999999999822e-01 9.834299780000000912e-07 4.799999999999999822e-01 9.534159810000000010e-14 4.799999999999999822e-01 4.460381900000000011e-01 4.799999999999999822e-01 5.555092180000000066e-05 4.799999999999999822e-01 1.008415100000000092e-06 4.799999999999999822e-01 3.821426959999999918e-06 4.799999999999999822e-01 7.860864319999999717e-15 4.799999999999999822e-01 4.959290650000000023e-01 4.799999999999999822e-01 8.693240479999999506e-06 4.799999999999999822e-01 2.766043429999999867e-08 4.799999999999999822e-01 5.259211640000000273e-07 4.799999999999999822e-01 1.288628750000000025e-14 4.799999999999999822e-01 5.650809180000000431e-01 4.799999999999999822e-01 3.450197080000000013e-06 4.799999999999999822e-01 4.364458750000000058e-09 4.799999999999999822e-01 2.083367139999999896e-07 4.799999999999999822e-01 2.599419100000000106e-14 4.799999999999999822e-01 5.629528670000000234e-01 4.799999999999999822e-01 1.713699200000000062e-06 4.799999999999999822e-01 1.181663400000000082e-09 4.799999999999999822e-01 1.043457939999999940e-07 4.799999999999999822e-01 4.718712819999999840e-14 4.799999999999999822e-01 5.543652669999999949e-01 4.799999999999999822e-01 8.562047589999999558e-07 4.799999999999999822e-01 3.356694060000000215e-10 4.799999999999999822e-01 5.237976320000000047e-08 4.799999999999999822e-01 8.597680230000000147e-14 4.799999999999999822e-01 5.497633899999999629e-01
4.899999999999999911e-01 4.456182800000000211e-04 4.899999999999999911e-01 1.621971799999999913e-05 4.899999999999999911e-01 4.167923469999999992e-05 4.899999999999999911e-01 5.486006899999999944e-15 4.899999999999999911e-01 4.156317050000000179e-01 4.899999999999999911e-01 9.331504280000000467e-05 4.899999999999999911e-01 5.363399210000000281e-07 4.899999999999999911e-01 6.181572849999999800e-06 4.899999999999999911e-01 9.255975030000000283e-15 4.899999999999999911e-01 5.035520070000000237e-01 4.899999999999999911e-01 5.034128079999999672e-05 4.899999999999999911e-01 1.323222269999999883e-07 4.899999999999999911e-01 3.348206200000000022e-06 4.899999999999999911e-01 1.987084530000000069e-14 4.899999999999999911e-01 4.792176249999999804e-01 4.899999999999999911e-01 2.853787089999999902e-05 4.899999999999999911e-01 4.941208859999999782e-08 4.899999999999999911e-01 2.017917360000000065e-06 4.899999999999999911e-01 4.511896570000000115e-14 4.899999999999999911e-01 4.585417960000000015e-01 4.899999999999999911e-01 1.519316179999999999e-05 4.899999999999999911e-01 1.834620949999999991e-08 4.899999999999999911e-01 1.127637329999999901e-06 4.899999999999999911e-01 9.707301479999999679e-14 4.899999999999999911e-01 4.460381900000000011e-01 4.899999999999999911e-01 6.277307599999999807e-05 4.899999999999999911e-01 1.141449690000000034e-06 4.899999999999999911e-01 4.412533639999999737e-06 4.899999999999999911e-01 7.946170720000000168e-15 4.899999999999999911e-01 4.959290650000000023e-01 4.899999999999999911e-01 1.011822540000000062e-05 4.899999999999999911e-01 3.219010989999999935e-08 4.899999999999999911e-01 6.198211500000000431e-07 4.899999999999999911e-01 1.306325539999999924e-14 4.899999999999999911e-01 5.650809180000000431e-01 4.899999999999999911e-01 4.017672020000000237e-06 4.899999999999999911e-01 5.067177510000000148e-09 4.899999999999999911e-01 2.456131359999999809e-07 4.899999999999999911e-01 2.634523719999999864e-14 4.899999999999999911e-01 5.629528670000000234e-01 4.899999999999999911e-01 1.991455320000000037e-06 4.899999999999999911e-01 1.365909309999999916e-09 4.899999999999999911e-01 1.228416169999999961e-07 4.899999999999999911e-01 4.797830439999999708e-14 4.899999999999999911e-01 5.543652669999999949e-01 4.899999999999999911e-01 9.937869140000000887e-07 4.899999999999999911e-01 3.866714520000000054e-10 4.899999999999999911e-01 6.161513200000000188e-08 4.899999999999999911e-01 8.752707149999999437e-14 4.899999999999999911e-01 5.497633899999999629e-01
5.000000000000000000e-01 4.771650129999999916e-04 5.000000000000000000e-01 1.740128319999999893e-05 5.000000000000000000e-01 4.629300410000000135e-05 5.000000000000000000e-01 5.533443189999999663e-15 5.000000000000000000e-01 4.156317050000000179e-01 5.000000000000000000e-01 1.056383260000000058e-04 5.000000000000000000e-01 6.034056449999999532e-07 5.000000000000000000e-01 7.175515619999999650e-06 5.000000000000000000e-01 9.479238699999999231e-15 5.000000000000000000e-01 5.035520070000000237e-01 5.000000000000000000e-01 5.683625910000000278e-05 5.000000000000000000e-01 1.475749409999999940e-07 5.000000000000000000e-01 3.883696220000000028e-06 5.000000000000000000e-01 2.033734899999999922e-14 5.000000000000000000e-01 4.792176249999999804e-01 5.000000000000000000e-01 3.182528720000000273e-05 5.000000000000000000e-01 5.455173960000000075e-08 5.000000000000000000e-01 2.319576520000000157e-06 5.000000000000000000e-01 4.602973199999999828e-14 5.000000000000000000e-01 4.585417960000000015e-01 5.000000000000000000e-01 1.680462509999999831e-05 5.000000000000000000e-01 2.011158570000000031e-08 5.000000000000000000e-01 1.287561869999999924e-06 5.000000000000000000e-01 9.875684089999999788e-14 5.000000000000000000e-01 4.460381900000000011e-01 5.000000000000000000e-01 7.061057639999999860e-05 5.000000000000000000e-01 1.286725970000000080e-06 5.000000000000000000e-01 5.078940639999999810e-06 5.000000000000000000e-01 8.028442439999999516e-15 5.000000000000000000e-01 4.959290650000000023e-01 5.000000000000000000e-01 1.174096199999999928e-05 5.000000000000000000e-01 3.735468869999999769e-08 5.000000000000000000e-01 7.289448900000000181e-07 5.000000000000000000e-01 1.323708729999999960e-14 5.000000000000000000e-01 5.650809180000000431e-01 5.000000000000000000e-01 4.664252890000000385e-06 5.000000000000000000e-01 5.865934640000000226e-09 5.000000000000000000e-01 2.889538570000000185e-07 5.000000000000000000e-01 2.668975530000000088e-14 5.000000000000000000e-01 5.629528670000000234e-01 5.000000000000000000e-01 2.306715910000000197e-06 5.000000000000000000e-01 1.574061490000000062e-09 5.000000000000000000e-01 1.442999310000000029e-07 5.000000000000000000e-01 4.877143579999999716e-14 5.000000000000000000e-01 5.543652669999999949e-01 5.000000000000000000e-01 1.149597879999999904e-06 5.000000000000000000e-01 4.439973079999999888e-10 5.000000000000000000e-01 7.231627370000000006e-08 5.000000000000000000e-01 8.911860569999999839e-14 5.000000000000000000e-01 5.497633899999999629e-01
5.100000000000000089e-01 5.088141800000000508e-04 5.100000000000000089e-01 1.859651439999999862e-05 5.100000000000000089e-01 5.122287490000000047e-05 5.100000000000000089e-01 5.579680659999999860e-15 5.100000000000000089e-01 4.156317050000000179e-01 5.100000000000000089e-01 1.189354689999999951e-04 5.100000000000000089e-01 6.757078619999999805e-07 5.100000000000000089e-01 8.297587500000000793e-06 5.100000000000000089e-01 9.706730570000000546e-15 5.100000000000000089e-01 5.035520070000000237e-01 5.100000000000000089e-01 6.379639379999999828e-05 5.100000000000000089e-01 1.638563449999999892e-07 5.100000000000000089e-01 4.486482779999999950e-06 5.100000000000000089e-01 2.080611780000000015e-14 5.100000000000000089e-01 4.792176249999999804e-01 5.100000000000000089e-01 3.529325140000000213e-05 5.100000000000000089e-01 5.998237069999999810e-08 5.100000000000000089e-01 2.655025149999999955e-06 5.100000000000000089e-01 4.692344580000000162e-14 5.100000000000000089e-01 4.585417960000000015e-01 5.100000000000000089e-01 1.848985060000000015e-05 5.100000000000000089e-01 2.196388400000000009e-08 5.100000000000000089e-01 1.463975749999999999e-06 5.100000000000000089e-01 1.003875190000000005e-13 5.100000000000000089e-01 4.460381900000000011e-01 5.100000000000000089e-01 7.905640390000000359e-05 5.100000000000000089e-01 1.444438319999999976e-06 5.100000000000000089e-01 5.826773929999999932e-06 5.100000000000000089e-01 8.107616769999999587e-15 5.100000000000000089e-01 4.959290650000000023e-01 5.100000000000000089e-01 1.357896719999999953e-05 5.100000000000000089e-01 4.321992739999999925e-08 5.100000000000000089e-01 8.553580620000000151e-07 5.100000000000000089e-01 1.340730149999999969e-14 5.100000000000000089e-01 5.650809180000000431e-01 5.100000000000000089e-01 5.396999510000000294e-06 5.100000000000000089e-01 6.770691309999999750e-09 5.100000000000000089e-01 3.391854539999999821e-07 5.100000000000000089e-01 2.702681239999999904e-14 5.100000000000000089e-01 5.629528670000000234e-01 5.100000000000000089e-01 2.662503390000000146e-06 5.100000000000000089e-01 1.808372280000000056e-09 5.100000000000000089e-01 1.691110519999999882e-07 5.100000000000000089e-01 4.956308979999999817e-14 5.100000000000000089e-01 5.543652669999999949e-01 5.100000000000000089e-01 1.325017269999999986e-06 5.100000000000000089e-01 5.081892959999999863e-10 5.100000000000000089e-01 8.467246600000000174e-08 5.100000000000000089e-01 9.074419400000000230e-14 5.100000000000000089e-01 5.497633899999999629e-01
5.200000000000000178e-01 5.404267919999999718e-04 5.200000000000000178e-01 1.980111529999999836e-05 5.200000000000000178e-01 5.646916409999999778e-05 5.200000000000000178e-01 5.624702349999999644e-15 5.200000000000000178e-01 4.156317050000000179e-01 5.200000000000000178e-01 1.331656710000000054e-04 5.200000000000000178e-01 7.532050950000000009e-07 5.200000000000000178e-01 9.557336949999999527e-06 5.200000000000000178e-01 9.937223199999999603e-15 5.200000000000000178e-01 5.035520070000000237e-01 5.200000000000000178e-01 7.119277240000000369e-05 5.200000000000000178e-01 1.811496060000000043e-07 5.200000000000000178e-01 5.161078980000000002e-06 5.200000000000000178e-01 2.127455540000000075e-14 5.200000000000000178e-01 4.792176249999999804e-01 5.200000000000000178e-01 3.892584439999999935e-05 5.200000000000000178e-01 6.569689799999999653e-08 5.200000000000000178e-01 3.025990450000000209e-06 5.200000000000000178e-01 4.779629220000000066e-14 5.200000000000000178e-01 4.585417960000000015e-01 5.200000000000000178e-01 2.024160269999999951e-05 5.200000000000000178e-01 2.390047089999999851e-08 5.200000000000000178e-01 1.657580659999999956e-06 5.200000000000000178e-01 1.019604319999999997e-13 5.200000000000000178e-01 4.460381900000000011e-01 5.200000000000000178e-01 8.809449629999999880e-05 5.200000000000000178e-01 1.614657969999999976e-06 5.200000000000000178e-01 6.662043910000000165e-06 5.200000000000000178e-01 8.183657840000000528e-15 5.200000000000000178e-01 4.959290650000000023e-01 5.200000000000000178e-01 1.564877059999999923e-05 5.200000000000000178e-01 4.985358569999999956e-08 5.200000000000000178e-01 1.001297070000000012e-06 5.200000000000000178e-01 1.357347080000000070e-14 5.200000000000000178e-01 5.650809180000000431e-01 5.200000000000000178e-01 6.222595449999999735e-06 5.200000000000000178e-01 7.791913829999999721e-09 5.200000000000000178e-01 3.972034129999999761e-07 5.200000000000000178e-01 2.735558539999999930e-14 5.200000000000000178e-01 5.629528670000000234e-01 5.200000000000000178e-01 3.061597080000000041e-06 5.200000000000000178e-01 2.071176190000000064e-09 5.200000000000000178e-01 1.976943910000000121e-07 5.200000000000000178e-01 5.034992569999999889e-14 5.200000000000000178e-01 5.543652669999999949e-01 5.200000000000000178e-01 1.521290659999999945e-06 5.200000000000000178e-01 5.798020729999999532e-10 5.200000000000000178e-01 9.888615250000000016e-08 5.200000000000000178e-01 9.239613930000000034e-14 5.200000000000000178e-01 5.497633899999999629e-01
5.300000000000000266e-01 5.718791059999999739e-04 5.300000000000000266e-01 2.101120139999999883e-05 5.300000000000000266e-01 6.203087459999999441e-05 5.300000000000000266e-01 5.668496039999999638e-15 5.300000000000000266e-01 4.156317050000000179e-01 5.300000000000000266e-01 1.482724770000000110e-04 5.300000000000000266e-01 8.358111969999999659e-07 5.300000000000000266e-01 1.096382440000000038e-05 5.300000000000000266e-01 1.016944509999999971e-14 5.300000000000000266e-01 5.035520070000000237e-01 5.300000000000000266e-01 7.898989089999999781e-05 5.300000000000000266e-01 1.994319260000000049e-07 5.300000000000000266e-01 5.911674590000000023e-06 5.300000000000000266e-01 2.174011509999999885e-14 5.300000000000000266e-01 4.792176249999999804e-01 5.300000000000000266e-01 4.270589359999999764e-05 5.300000000000000266e-01 7.168731189999999715e-08 5.300000000000000266e-01 3.434033620000000055e-06 5.300000000000000266e-01 4.864489989999999969e-14 5.300000000000000266e-01 4.585417960000000015e-01 5.300000000000000266e-01 2.205247449999999960e-05 5.300000000000000266e-01 2.591857510000000056e-08 5.300000000000000266e-01 1.869004869999999898e-06 5.300000000000000266e-01 1.034719079999999971e-13 5.300000000000000266e-01 4.460381900000000011e-01 5.300000000000000266e-01 9.770008139999999768e-05 5.300000000000000266e-01 1.797333940000000013e-06 5.300000000000000266e-01 7.590556400000000033e-06 5.300000000000000266e-01 8.256554409999999628e-15 5.300000000000000266e-01 4.959290650000000023e-01 5.300000000000000266e-01 1.796531139999999876e-05 5.300000000000000266e-01 5.732458119999999766e-08 5.300000000000000266e-01 1.169156169999999998e-06 5.300000000000000266e-01 1.373522459999999993e-14 5.300000000000000266e-01 5.650809180000000431e-01 5.300000000000000266e-01 7.147114229999999885e-06 5.300000000000000266e-01 8.940512490000000725e-09 5.300000000000000266e-01 4.639671999999999990e-07 5.300000000000000266e-01 2.767536490000000003e-14 5.300000000000000266e-01 5.629528670000000234e-01 5.300000000000000266e-01 3.506431409999999807e-06 5.300000000000000266e-01 2.364873899999999923e-09 5.300000000000000266e-01 2.304955110000000011e-07 5.300000000000000266e-01 5.112874779999999723e-14 5.300000000000000266e-01 5.543652669999999949e-01 5.300000000000000266e-01 1.739483030000000095e-06 5.300000000000000266e-01 6.593985229999999735e-10 5.300000000000000266e-01 1.151713670000000006e-07 5.300000000000000266e-01 9.406639910000000476e-14 5.300000000000000266e-01 5.497633899999999629e-01
5.400000000000000355e-01 6.030632170000000368e-04 5.400000000000000355e-01 2.222332249999999936e-05 5.400000000000000355e-01 6.790585049999999770e-05 5.400000000000000355e-01 5.711054029999999650e-15 5.400000000000000355e-01 4.156317050000000179e-01 5.400000000000000355e-01 1.641861400000000130e-04 5.400000000000000355e-01 9.234010589999999472e-07 5.400000000000000355e-01 1.252547719999999922e-05 5.400000000000000355e-01 1.040210819999999927e-14 5.400000000000000355e-01 5.035520070000000237e-01 5.400000000000000355e-01 8.714725069999999601e-05 5.400000000000000355e-01 2.186756700000000128e-07 5.400000000000000355e-01 6.742077969999999708e-06 5.400000000000000355e-01 2.220035289999999901e-14 5.400000000000000355e-01 4.792176249999999804e-01 5.400000000000000355e-01 4.661562050000000079e-05 5.400000000000000355e-01 7.794497059999999475e-08 5.400000000000000355e-01 3.880540579999999767e-06 5.400000000000000355e-01 4.946637630000000201e-14 5.400000000000000355e-01 4.585417960000000015e-01 5.400000000000000355e-01 2.391510950000000010e-05 5.400000000000000355e-01 2.801536279999999957e-08 5.400000000000000355e-01 2.098802660000000041e-06 5.400000000000000355e-01 1.049191960000000021e-13 5.400000000000000355e-01 4.460381900000000011e-01 5.400000000000000355e-01 1.078403529999999964e-04 5.400000000000000355e-01 1.992298490000000206e-06 5.400000000000000355e-01 8.617828619999999947e-06 5.400000000000000355e-01 8.326317409999999654e-15 5.400000000000000355e-01 4.959290650000000023e-01 5.400000000000000355e-01 2.054134289999999866e-05 5.400000000000000355e-01 6.570205999999999428e-08 5.400000000000000355e-01 1.361468569999999923e-06 5.400000000000000355e-01 1.389224960000000015e-14 5.400000000000000355e-01 5.650809180000000431e-01 5.400000000000000355e-01 8.175788990000000647e-06 5.400000000000000355e-01 1.022776570000000042e-08 5.400000000000000355e-01 5.404930009999999718e-07 5.400000000000000355e-01 2.798555620000000099e-14 5.400000000000000355e-01 5.629528670000000234e-01 5.400000000000000355e-01 3.999000839999999826e-06 5.400000000000000355e-01 2.691913980000000010e-09 5.400000000000000355e-01 2.679821940000000126e-07 5.400000000000000355e-01 5.189655269999999751e-14 5.400000000000000355e-01 5.543652669999999949e-01 5.400000000000000355e-01 1.980436529999999871e-06 5.400000000000000355e-01 7.475453070000000305e-10 5.400000000000000355e-01 1.337517120000000063e-07 5.400000000000000355e-01 9.574673990000000541e-14 5.400000000000000355e-01 5.497633899999999629e-01
5.500000000000000444e-01 6.338869800000000504e-04 5.500000000000000444e-01 2.343446540000000138e-05 5.500000000000000444e-01 7.409093609999999573e-05 5.500000000000000444e-01 5.752372850000000305e-15 5.500000000000000444e-01 4.156317050000000179e-01 5.500000000000000444e-01 1.808265249999999958e-04 5.500000000000000444e-01 1.015817400000000097e-06 5.500000000000000444e-01 1.424997040000000014e-05 5.500000000000000444e-01 1.063393599999999933e-14 5.500000000000000444e-01 5.035520070000000237e-01 5.500000000000000444e-01 9.562107870000000618e-05 5.500000000000000444e-01 2.388495179999999966e-07 5.500000000000000444e-01 7.655674669999999201e-06 5.500000000000000444e-01 2.265297610000000065e-14 5.500000000000000444e-01 4.792176249999999804e-01 5.500000000000000444e-01 5.063722999999999900e-05 5.500000000000000444e-01 8.446086939999999913e-08 5.500000000000000444e-01 4.366718920000000074e-06 5.500000000000000444e-01 5.025832419999999743e-14 5.500000000000000444e-01 4.585417960000000015e-01 5.500000000000000444e-01 2.582238609999999859e-05 5.500000000000000444e-01 3.018800250000000119e-08 5.500000000000000444e-01 2.347455819999999797e-06 5.500000000000000444e-01 1.063004239999999983e-13 5.500000000000000444e-01 4.460381900000000011e-01 5.500000000000000444e-01 1.184754399999999968e-04 5.500000000000000444e-01 2.199276659999999885e-06 5.500000000000000444e-01 9.749013489999999767e-06 5.500000000000000444e-01 8.392977489999999819e-15 5.500000000000000444e-01 4.959290650000000023e-01 5.500000000000000444e-01 2.338688199999999873e-05 5.500000000000000444e-01 7.505442630000000017e-08 5.500000000000000444e-01 1.580881750000000054e-06 5.500000000000000444e-01 1.404428940000000019e-14 5.500000000000000444e-01 5.650809180000000431e-01 5.500000000000000444e-01 9.312800599999999647e-06 5.500000000000000444e-01 1.166523079999999969e-08 5.500000000000000444e-01 6.278442400000000173e-07 5.500000000000000444e-01 2.828567770000000056e-14 5.500000000000000444e-01 5.629528670000000234e-01 5.500000000000000444e-01 4.540777770000000255e-06 5.500000000000000444e-01 3.054772600000000197e-09 5.500000000000000444e-01 3.106396180000000248e-07 5.500000000000000444e-01 5.265056979999999997e-14 5.500000000000000444e-01 5.543652669999999949e-01 5.500000000000000444e-01 2.244735560000000115e-06 5.500000000000000444e-01 8.448081669999999839e-10 5.500000000000000444e-01 1.548579479999999927e-07 5.500000000000000444e-01 9.742889629999999472e-14 5.500000000000000444e-01 5.497633899999999629e-01
5.600000000000000533e-01 6.642734160000000193e-04 5.600000000000000533e-01 2.464204249999999845e-05 5.600000000000000533e-01 8.058213080000000382e-05 5.600000000000000533e-01 5.792453009999999934e-15 5.600000000000000533e-01 4.156317050000000179e-01 5.600000000000000533e-01 1.981062630000000099e-04 5.600000000000000533e-01 1.112878109999999970e-06 5.600000000000000533e-01 1.614413930000000168e-05 5.600000000000000533e-01 1.086369060000000031e-14 5.600000000000000533e-01 5.035520070000000237e-01 5.600000000000000533e-01 1.043660299999999986e-04 5.600000000000000533e-01 2.599196030000000032e-07 5.600000000000000533e-01 8.655403280000000213e-06 5.600000000000000533e-01 2.309588360000000024e-14 5.600000000000000533e-01 4.792176249999999804e-01 5.600000000000000533e-01 5.475341269999999731e-05 5.600000000000000533e-01 9.122588070000000574e-08 5.600000000000000533e-01 4.893600330000000177e-06 5.600000000000000533e-01 5.101884410000000296e-14 5.600000000000000533e-01 4.585417960000000015e-01 5.600000000000000533e-01 2.776756079999999832e-05 5.600000000000000533e-01 3.243371909999999925e-08 5.600000000000000533e-01 2.615376660000000018e-06 5.600000000000000533e-01 1.076145359999999991e-13 5.600000000000000533e-01 4.460381900000000011e-01 5.600000000000000533e-01 1.295595990000000027e-04 5.600000000000000533e-01 2.417899140000000022e-06 5.600000000000000533e-01 1.098883479999999975e-05 5.600000000000000533e-01 8.456582519999999395e-15 5.600000000000000533e-01 4.959290650000000023e-01 5.600000000000000533e-01 2.650874189999999909e-05 5.600000000000000533e-01 8.544837279999999830e-08 5.600000000000000533e-01 1.830127680000000098e-06 5.600000000000000533e-01 1.419114309999999992e-14 5.600000000000000533e-01 5.650809180000000431e-01 5.600000000000000533e-01 1.056109810000000072e-05 5.600000000000000533e-01 1.326464380000000060e-08 5.600000000000000533e-01 7.271201190000000234e-07 5.600000000000000533e-01 2.857535739999999943e-14 5.600000000000000533e-01 5.629528670000000234e-01 5.600000000000000533e-01 5.132648789999999950e-06 5.600000000000000533e-01 3.455931789999999988e-09 5.600000000000000533e-01 3.589647999999999745e-07 5.600000000000000533e-01 5.338829339999999823e-14 5.600000000000000533e-01 5.543652669999999949e-01 5.600000000000000533e-01 2.532681310000000085e-06 5.600000000000000533e-01 9.517471019999999389e-10 5.600000000000000533e-01 1.787252789999999870e-07 5.600000000000000533e-01 9.910472980000000223e-14 5.600000000000000533e-01 5.497633899999999629e-01
5.699999999999999512e-01 6.941597339999999597e-04 5.699999999999999512e-01 2.584386880000000034e-05 5.699999999999999512e-01 8.737473590000000240e-05 5.699999999999999512e-01 5.831298680000000152e-15 5.699999999999999512e-01 4.156317050000000179e-01 5.699999999999999512e-01 2.159339410000000016e-04 5.699999999999999512e-01 1.214383649999999952e-06 5.699999999999999512e-01 1.821392230000000022e-05 5.699999999999999512e-01 1.109019790000000061e-14 5.699999999999999512e-01 5.035520070000000237e-01 5.699999999999999512e-01 1.133367620000000050e-04 5.699999999999999512e-01 2.818505610000000226e-07 5.699999999999999512e-01 9.743747720000000718e-06 5.699999999999999512e-01 2.352719870000000120e-14 5.699999999999999512e-01 4.792176249999999804e-01 5.699999999999999512e-01 5.894774490000000296e-05 5.699999999999999512e-01 9.823095819999999787e-08 5.699999999999999512e-01 5.462047539999999623e-06 5.699999999999999512e-01 5.174652200000000178e-14 5.699999999999999512e-01 4.585417960000000015e-01 5.699999999999999512e-01 2.974437100000000003e-05 5.699999999999999512e-01 3.474983700000000113e-08 5.699999999999999512e-01 2.902912430000000178e-06 5.699999999999999512e-01 1.088612219999999972e-13 5.699999999999999512e-01 4.460381900000000011e-01 5.699999999999999512e-01 1.410425619999999998e-04 5.699999999999999512e-01 2.647717570000000074e-06 5.699999999999999512e-01 1.234153519999999928e-05 5.699999999999999512e-01 8.517195139999999725e-15 5.699999999999999512e-01 4.959290650000000023e-01 5.699999999999999512e-01 2.991017979999999909e-05 5.699999999999999512e-01 9.694795920000000252e-08 5.699999999999999512e-01 2.111988939999999968e-06 5.699999999999999512e-01 1.433266300000000071e-14 5.699999999999999512e-01 5.650809180000000431e-01 5.699999999999999512e-01 1.192226339999999955e-05 5.699999999999999512e-01 1.503781040000000116e-08 5.699999999999999512e-01 8.394425889999999730e-07 5.699999999999999512e-01 2.885432820000000153e-14 5.699999999999999512e-01 5.629528670000000234e-01 5.699999999999999512e-01 5.774873370000000143e-06 5.699999999999999512e-01 3.897856939999999624e-09 5.699999999999999512e-01 4.134605109999999986e-07 5.699999999999999512e-01 5.410750590000000025e-14 5.699999999999999512e-01 5.543652669999999949e-01 5.699999999999999512e-01 2.844277280000000194e-06 5.699999999999999512e-01 1.068911569999999945e-09 5.699999999999999512e-01 2.055904419999999920e-07 5.699999999999999512e-01 1.007663809999999978e-13 5.699999999999999512e-01 5.497633899999999629e-01
5.799999999999999600e-01 7.234961260000000519e-04 5.799999999999999600e-01 2.703813250000000010e-05 5.799999999999999600e-01 9.446349099999999644e-05 5.799999999999999600e-01 5.868917440000000383e-15 5.799999999999999600e-01 4.156317050000000179e-01 5.799999999999999600e-01 2.342170710000000117e-04 5.799999999999999600e-01 1.320124059999999896e-06 5.799999999999999600e-01 2.046433609999999997e-05 5.799999999999999600e-01 1.131236960000000052e-14 5.799999999999999600e-01 5.035520070000000237e-01 5.799999999999999600e-01 1.224892810000000011e-04 5.799999999999999600e-01 3.046064879999999915e-07 5.799999999999999600e-01 1.092274419999999987e-05 5.799999999999999600e-01 2.394529220000000023e-14 5.799999999999999600e-01 4.792176249999999804e-01 5.799999999999999600e-01 6.320498280000000585e-05 5.799999999999999600e-01 1.054673070000000026e-07 5.799999999999999600e-01 6.072764749999999937e-06 5.799999999999999600e-01 5.244040570000000126e-14 5.799999999999999600e-01 4.585417960000000015e-01 5.799999999999999600e-01 3.174710020000000294e-05 5.799999999999999600e-01 3.713381370000000201e-08 5.799999999999999600e-01 3.210350410000000108e-06 5.799999999999999600e-01 1.100408309999999992e-13 5.799999999999999600e-01 4.460381900000000011e-01 5.799999999999999600e-01 1.528709530000000054e-04 5.799999999999999600e-01 2.888221249999999939e-06 5.799999999999999600e-01 1.381083770000000078e-05 5.799999999999999600e-01 8.574890389999999920e-15 5.799999999999999600e-01 4.959290650000000023e-01 5.799999999999999600e-01 3.359068259999999713e-05 5.799999999999999600e-01 1.096137789999999971e-07 5.799999999999999600e-01 2.429261920000000118e-06 5.799999999999999600e-01 1.446875130000000122e-14 5.799999999999999600e-01 5.650809180000000431e-01 5.799999999999999600e-01 1.339642940000000010e-05 5.799999999999999600e-01 1.699649209999999850e-08 5.799999999999999600e-01 9.659422210000000950e-07 5.799999999999999600e-01 2.912242119999999940e-14 5.799999999999999600e-01 5.629528670000000234e-01 5.799999999999999600e-01 6.467067359999999641e-06 5.799999999999999600e-01 4.382974270000000010e-09 5.799999999999999600e-01 4.746289030000000000e-07 5.799999999999999600e-01 5.480629360000000033e-14 5.799999999999999600e-01 5.543652669999999949e-01 5.799999999999999600e-01 3.179226710000000103e-06 5.799999999999999600e-01 1.196835850000000099e-09 5.799999999999999600e-01 2.356887019999999914e-07 5.799999999999999600e-01 1.024064080000000054e-13 5.799999999999999600e-01 5.497633899999999629e-01
5.899999999999999689e-01 7.522444199999999510e-04 5.899999999999999689e-01 2.822336050000000013e-05 5.899999999999999689e-01 1.018426969999999983e-04 5.899999999999999689e-01 5.905319960000000284e-15 5.899999999999999689e-01 4.156317050000000179e-01 5.899999999999999689e-01 2.528647249999999729e-04 5.899999999999999689e-01 1.429885350000000074e-06 5.899999999999999689e-01 2.289947839999999945e-05 5.899999999999999689e-01 1.152922120000000059e-14 5.899999999999999689e-01 5.035520070000000237e-01 5.899999999999999689e-01 1.317820339999999926e-04 5.899999999999999689e-01 3.281517570000000045e-07 5.899999999999999689e-01 1.219400040000000024e-05 5.899999999999999689e-01 2.434879600000000068e-14 5.899999999999999689e-01 4.792176249999999804e-01 5.899999999999999689e-01 6.751125529999999690e-05 5.899999999999999689e-01 1.129265150000000035e-07 5.899999999999999689e-01 6.726310480000000196e-06 5.899999999999999689e-01 5.309997209999999775e-14 5.899999999999999689e-01 4.585417960000000015e-01 5.899999999999999689e-01 3.377061130000000316e-05 5.899999999999999689e-01 3.958326320000000232e-08 5.899999999999999689e-01 3.537923639999999822e-06 5.899999999999999689e-01 1.111542919999999956e-13 5.899999999999999689e-01 4.460381900000000011e-01 5.899999999999999689e-01 1.649897010000000064e-04 5.899999999999999689e-01 3.138854460000000111e-06 5.899999999999999689e-01 1.539992209999999984e-05 5.899999999999999689e-01 8.629753480000000417e-15 5.899999999999999689e-01 4.959290650000000023e-01 5.899999999999999689e-01 3.754590479999999958e-05 5.899999999999999689e-01 1.235022489999999931e-07 5.899999999999999689e-01 2.784718739999999999e-06 5.899999999999999689e-01 1.459935690000000119e-14 5.899999999999999689e-01 5.650809180000000431e-01 5.899999999999999689e-01 1.498225490000000083e-05 5.899999999999999689e-01 1.915229190000000044e-08 5.899999999999999689e-01 1.107743539999999969e-06 5.899999999999999689e-01 2.937955780000000087e-14 5.899999999999999689e-01 5.629528670000000234e-01 5.899999999999999689e-01 7.208211769999999999e-06 5.899999999999999689e-01 4.913648969999999635e-09 5.899999999999999689e-01 5.429650930000000380e-07 5.899999999999999689e-01 5.548305280000000005e-14 5.899999999999999689e-01 5.543652669999999949e-01 5.899999999999999689e-01 3.536941500000000160e-06 5.899999999999999689e-01 1.336034740000000009e-09 5.899999999999999689e-01 2.692508910000000083e-07 5.899999999999999689e-01 1.040179069999999995e-13 5.899999999999999689e-01 5.497633899999999629e-01
5.999999999999999778e-01 7.803766919999999968e-04 5.999999999999999778e-01 2.939838240000000014e-05 5.999999999999999778e-01 1.095063249999999938e-04 5.999999999999999778e-01 5.940519719999999795e-15 5.999999999999999778e-01 4.156317050000000179e-01 5.999999999999999778e-01 2.717896909999999860e-04 5.999999999999999778e-01 1.543454910000000043e-06 5.999999999999999778e-01 2.552255439999999914e-05 5.999999999999999778e-01 1.173988610000000065e-14 5.999999999999999778e-01 5.035520070000000237e-01 5.999999999999999778e-01 1.411767049999999933e-04 5.999999999999999778e-01 3.524516960000000206e-07 5.999999999999999778e-01 1.355872420000000000e-05 5.999999999999999778e-01 2.473660769999999908e-14 5.999999999999999778e-01 4.792176249999999804e-01 5.999999999999999778e-01 7.185416780000000324e-05 5.999999999999999778e-01 1.206006570000000089e-07 5.999999999999999778e-01 7.423111830000000056e-06 5.999999999999999778e-01 5.372508700000000280e-14 5.999999999999999778e-01 4.585417960000000015e-01 5.999999999999999778e-01 3.581035300000000337e-05 5.999999999999999778e-01 4.209597309999999826e-08 5.999999999999999778e-01 3.885816679999999653e-06 5.999999999999999778e-01 1.122030200000000031e-13 5.999999999999999778e-01 4.460381900000000011e-01 5.999999999999999778e-01 1.773433910000000091e-04 5.999999999999999778e-01 3.399033449999999985e-06 5.999999999999999778e-01 1.711141469999999973e-05 5.999999999999999778e-01 8.681877750000000187e-15 5.999999999999999778e-01 4.959290650000000023e-01 5.999999999999999778e-01 4.176775889999999970e-05 5.999999999999999778e-01 1.386650469999999897e-07 5.999999999999999778e-01 3.181069179999999927e-06 5.999999999999999778e-01 1.472447059999999912e-14 5.999999999999999778e-01 5.650809180000000431e-01 5.999999999999999778e-01 1.667695820000000142e-05 5.999999999999999778e-01 2.151654250000000144e-08 5.999999999999999778e-01 1.265950400000000105e-06 5.999999999999999778e-01 2.962574199999999892e-14 5.999999999999999778e-01 5.629528670000000234e-01 5.999999999999999778e-01 7.996685709999999222e-06 5.999999999999999778e-01 5.492164850000000083e-09 5.999999999999999778e-01 6.189509640000000230e-07 5.999999999999999778e-01 5.613648900000000214e-14 5.999999999999999778e-01 5.543652669999999949e-01 5.999999999999999778e-01 3.916562050000000097e-06 5.999999999999999778e-01 1.486999679999999954e-09 5.999999999999999778e-01 3.065005779999999774e-07 5.999999999999999778e-01 1.055946099999999979e-13 5.999999999999999778e-01 5.497633899999999629e-01
6.099999999999999867e-01 8.078738939999999735e-04 6.099999999999999867e-01 3.056229440000000046e-05 6.099999999999999867e-01 1.174481130000000001e-04 6.099999999999999867e-01 5.974532759999999972e-15 6.099999999999999867e-01 4.156317050000000179e-01 6.099999999999999867e-01 2.909101510000000113e-04 6.099999999999999867e-01 1.660625999999999904e-06 6.099999999999999867e-01 2.833592309999999871e-05 6.099999999999999867e-01 1.194362389999999989e-14 6.099999999999999867e-01 5.035520070000000237e-01 6.099999999999999867e-01 1.506387299999999868e-04 6.099999999999999867e-01 3.774731329999999874e-07 6.099999999999999867e-01 1.501775860000000019e-05 6.099999999999999867e-01 2.510788770000000143e-14 6.099999999999999867e-01 4.792176249999999804e-01 6.099999999999999867e-01 7.622282979999999689e-05 6.099999999999999867e-01 1.284823619999999883e-07 6.099999999999999867e-01 8.163479499999999603e-06 6.099999999999999867e-01 5.431596170000000045e-14 6.099999999999999867e-01 4.585417960000000015e-01 6.099999999999999867e-01 3.786234559999999771e-05 6.099999999999999867e-01 4.466991349999999953e-08 6.099999999999999867e-01 4.254171469999999916e-06 6.099999999999999867e-01 1.131888360000000029e-13 6.099999999999999867e-01 4.460381900000000011e-01 6.099999999999999867e-01 1.898774899999999919e-04 6.099999999999999867e-01 3.668162399999999857e-06 6.099999999999999867e-01 1.894739110000000123e-05 6.099999999999999867e-01 8.731362720000000246e-15 6.099999999999999867e-01 4.959290650000000023e-01 6.099999999999999867e-01 4.624465029999999928e-05 6.099999999999999867e-01 1.551487169999999877e-07 6.099999999999999867e-01 3.620924390000000096e-06 6.099999999999999867e-01 1.484412159999999922e-14 6.099999999999999867e-01 5.650809180000000431e-01 6.099999999999999867e-01 1.847640490000000024e-05 6.099999999999999867e-01 2.410020179999999889e-08 6.099999999999999867e-01 1.441631980000000061e-06 6.099999999999999867e-01 2.986105130000000168e-14 6.099999999999999867e-01 5.629528670000000234e-01 6.099999999999999867e-01 8.830320549999999343e-06 6.099999999999999867e-01 6.120706110000000302e-09 6.099999999999999867e-01 7.030493970000000218e-07 6.099999999999999867e-01 5.676560849999999933e-14 6.099999999999999867e-01 5.543652669999999949e-01 6.099999999999999867e-01 4.316986150000000287e-06 6.099999999999999867e-01 1.650195499999999960e-09 6.099999999999999867e-01 3.476515000000000078e-07 6.099999999999999867e-01 1.071309619999999974e-13 6.099999999999999867e-01 5.497633899999999629e-01
6.199999999999999956e-01 8.347245499999999836e-04 6.199999999999999956e-01 3.171442430000000299e-05 6.199999999999999956e-01 1.256616469999999916e-04 6.199999999999999956e-01 6.007377349999999892e-15 6.199999999999999956e-01 4.156317050000000179e-01 6.199999999999999956e-01 3.101508450000000153e-04 6.199999999999999956e-01 1.781201250000000076e-06 6.199999999999999956e-01 3.134115739999999951e-05 6.199999999999999956e-01 1.213982550000000070e-14 6.199999999999999956e-01 5.035520070000000237e-01 6.199999999999999956e-01 1.601375789999999921e-04 6.199999999999999956e-01 4.031847979999999755e-07 6.199999999999999956e-01 1.657162110000000145e-05 6.199999999999999956e-01 2.546204819999999998e-14 6.199999999999999956e-01 4.792176249999999804e-01 6.199999999999999956e-01 8.060782410000000156e-05 6.199999999999999956e-01 1.365648620000000079e-07 6.199999999999999956e-01 8.947622710000000109e-06 6.199999999999999956e-01 5.487310659999999978e-14 6.199999999999999956e-01 4.585417960000000015e-01 6.199999999999999956e-01 3.992315209999999781e-05 6.199999999999999956e-01 4.730324149999999935e-08 6.199999999999999956e-01 4.643092910000000393e-06 6.199999999999999956e-01 1.141138880000000123e-13 6.199999999999999956e-01 4.460381900000000011e-01 6.199999999999999956e-01 2.025394130000000099e-04 6.199999999999999956e-01 3.945647810000000391e-06 6.199999999999999956e-01 2.090939030000000089e-05 6.199999999999999956e-01 8.778312419999999219e-15 6.199999999999999956e-01 4.959290650000000023e-01 6.199999999999999956e-01 5.096183760000000141e-05 6.199999999999999956e-01 1.729944369999999909e-07 6.199999999999999956e-01 4.106763470000000056e-06 6.199999999999999956e-01 1.495837239999999970e-14 6.199999999999999956e-01 5.650809180000000431e-01 6.199999999999999956e-01 2.037524290000000037e-05 6.199999999999999956e-01 2.691375900000000126e-08 6.199999999999999956e-01 1.635809910000000026e-06 6.199999999999999956e-01 3.008562799999999931e-14 6.199999999999999956e-01 5.629528670000000234e-01 6.199999999999999956e-01 9.706471519999999335e-06 6.199999999999999956e-01 6.801341820000000257e-09 6.199999999999999956e-01 7.956991400000000151e-07 6.199999999999999956e-01 5.736970560000000191e-14 6.199999999999999956e-01 5.543652669999999949e-01 6.199999999999999956e-01 4.736905120000000274e-06 6.199999999999999956e-01 1.826057759999999947e-09 6.199999999999999956e-01 3.929053029999999974e-07 6.199999999999999956e-01 1.086221690000000027e-13 6.199999999999999956e-01 5.497633899999999629e-01
6.300000000000000044e-01 8.609235449999999741e-04 6.300000000000000044e-01 3.285429859999999900e-05 6.300000000000000044e-01 1.341404309999999988e-04 6.300000000000000044e-01 6.039073789999999845e-15 6.300000000000000044e-01 4.156317050000000179e-01 6.300000000000000044e-01 3.294437980000000199e-04 6.300000000000000044e-01 1.904995099999999985e-06 6.300000000000000044e-01 3.453911329999999975e-05 6.300000000000000044e-01 1.232801300000000077e-14 6.300000000000000044e-01 5.035520070000000237e-01 6.300000000000000044e-01 1.696468050000000038e-04 6.300000000000000044e-01 4.295576179999999783e-07 6.300000000000000044e-01 1.822054430000000133e-05 6.300000000000000044e-01 2.579873710000000132e-14 6.300000000000000044e-01 4.792176249999999804e-01 6.300000000000000044e-01 8.500113199999999585e-05 6.300000000000000044e-01 1.448420159999999994e-07 6.300000000000000044e-01 9.775663549999999552e-06 6.300000000000000044e-01 5.539728479999999909e-14 6.300000000000000044e-01 4.585417960000000015e-01 6.300000000000000044e-01 4.198983950000000044e-05 6.300000000000000044e-01 4.999430069999999911e-08 6.300000000000000044e-01 5.052654070000000388e-06 6.300000000000000044e-01 1.149805710000000103e-13 6.300000000000000044e-01 4.460381900000000011e-01 6.300000000000000044e-01 2.152794110000000078e-04 6.300000000000000044e-01 4.230910970000000209e-06 6.300000000000000044e-01 2.299843919999999979e-05 6.300000000000000044e-01 8.822833819999999935e-15 6.300000000000000044e-01 4.959290650000000023e-01 6.300000000000000044e-01 5.590189249999999698e-05 6.300000000000000044e-01 1.922379580000000104e-07 6.300000000000000044e-01 4.640904270000000355e-06 6.300000000000000044e-01 1.506731499999999978e-14 6.300000000000000044e-01 5.650809180000000431e-01 6.300000000000000044e-01 2.236707479999999976e-05 6.300000000000000044e-01 2.996715390000000069e-08 6.300000000000000044e-01 1.849446909999999942e-06 6.300000000000000044e-01 3.029967039999999713e-14 6.300000000000000044e-01 5.629528670000000234e-01 6.300000000000000044e-01 1.062210180000000009e-05 6.300000000000000044e-01 7.536013429999999268e-09 6.300000000000000044e-01 8.973104590000000034e-07 6.300000000000000044e-01 5.794834339999999706e-14 6.300000000000000044e-01 5.543652669999999949e-01 6.300000000000000044e-01 5.174844780000000221e-06 6.300000000000000044e-01 2.014990880000000081e-09 6.300000000000000044e-01 4.424496850000000168e-07 6.300000000000000044e-01 1.100642219999999972e-13 6.300000000000000044e-01 5.497633899999999629e-01
6.400000000000000133e-01 8.864710240000000163e-04 6.400000000000000133e-01 3.398161260000000255e-05 6.400000000000000133e-01 1.428779460000000089e-04 6.400000000000000133e-01 6.069644129999999805e-15 6.400000000000000133e-01 4.156317050000000179e-01 6.400000000000000133e-01 3.487286410000000128e-04 6.400000000000000133e-01 2.031835550000000178e-06 6.400000000000000133e-01 3.793000539999999779e-05 6.400000000000000133e-01 1.250783600000000006e-14 6.400000000000000133e-01 5.035520070000000237e-01 6.400000000000000133e-01 1.791439469999999996e-04 6.400000000000000133e-01 4.565648940000000248e-07 6.400000000000000133e-01 1.996451650000000017e-05 6.400000000000000133e-01 2.611781779999999848e-14 6.400000000000000133e-01 4.792176249999999804e-01 6.400000000000000133e-01 8.939602889999999694e-05 6.400000000000000133e-01 1.533083159999999936e-07 6.400000000000000133e-01 1.064765049999999930e-05 6.400000000000000133e-01 5.588946739999999709e-14 6.400000000000000133e-01 4.585417960000000015e-01 6.400000000000000133e-01 4.405993299999999834e-05 6.400000000000000133e-01 5.274161800000000071e-08 6.400000000000000133e-01 5.482901009999999695e-06 6.400000000000000133e-01 1.157914629999999998e-13 6.400000000000000133e-01 4.460381900000000011e-01 6.400000000000000133e-01 2.280512570000000055e-04 6.400000000000000133e-01 4.523398259999999795e-06 6.400000000000000133e-01 2.521508420000000134e-05 6.400000000000000133e-01 8.865035530000000195e-15 6.400000000000000133e-01 4.959290650000000023e-01 6.400000000000000133e-01 6.104523099999999429e-05 6.400000000000000133e-01 2.129096859999999912e-07 6.400000000000000133e-01 5.225479110000000018e-06 6.400000000000000133e-01 1.517106600000000054e-14 6.400000000000000133e-01 5.650809180000000431e-01 6.400000000000000133e-01 2.444465750000000034e-05 6.400000000000000133e-01 3.326971210000000199e-08 6.400000000000000133e-01 2.083437320000000099e-06 6.400000000000000133e-01 3.050342419999999823e-14 6.400000000000000133e-01 5.629528670000000234e-01 6.400000000000000133e-01 1.157387439999999973e-05 6.400000000000000133e-01 8.326525780000000423e-09 6.400000000000000133e-01 1.008261670000000026e-06 6.400000000000000133e-01 5.850133219999999682e-14 6.400000000000000133e-01 5.543652669999999949e-01 6.400000000000000133e-01 5.629208980000000210e-06 6.400000000000000133e-01 2.217366950000000026e-09 6.400000000000000133e-01 4.964569559999999560e-07 6.400000000000000133e-01 1.114539050000000047e-13 6.400000000000000133e-01 5.497633899999999629e-01
6.500000000000000222e-01 9.113714149999999807e-04 6.500000000000000222e-01 3.509620290000000113e-05 6.500000000000000222e-01 1.518676939999999930e-04 6.500000000000000222e-01 6.099111900000000269e-15 6.500000000000000222e-01 4.156317050000000179e-01 6.500000000000000222e-01 3.679526200000000197e-04 6.500000000000000222e-01 2.161565099999999800e-06 6.500000000000000222e-01 4.151348249999999696e-05 6.500000000000000222e-01 1.267906530000000041e-14 6.500000000000000222e-01 5.035520070000000237e-01 6.500000000000000222e-01 1.886102970000000042e-04 6.500000000000000222e-01 4.841824029999999671e-07 6.500000000000000222e-01 2.180332019999999969e-05 6.500000000000000222e-01 2.641934550000000046e-14 6.500000000000000222e-01 4.792176249999999804e-01 6.500000000000000222e-01 9.378696200000000453e-05 6.500000000000000222e-01 1.619588790000000123e-07 6.500000000000000222e-01 1.156357079999999966e-05 6.500000000000000222e-01 5.635079010000000071e-14 6.500000000000000222e-01 4.585417960000000015e-01 6.500000000000000222e-01 4.613136859999999892e-05 6.500000000000000222e-01 5.554389750000000299e-08 6.500000000000000222e-01 5.933857159999999662e-06 6.500000000000000222e-01 1.165492660000000117e-13 6.500000000000000222e-01 4.460381900000000011e-01 6.500000000000000222e-01 2.408127440000000063e-04 6.500000000000000222e-01 4.822589180000000348e-06 6.500000000000000222e-01 2.755942929999999992e-05 6.500000000000000222e-01 8.905026579999999301e-15 6.500000000000000222e-01 4.959290650000000023e-01 6.500000000000000222e-01 6.637068230000000364e-05 6.500000000000000222e-01 2.350349020000000018e-07 6.500000000000000222e-01 5.862416050000000390e-06 6.500000000000000222e-01 1.526976289999999933e-14 6.500000000000000222e-01 5.650809180000000431e-01 6.500000000000000222e-01 2.660011630000000160e-05 6.500000000000000222e-01 3.683009689999999904e-08 6.500000000000000222e-01 2.338599700000000119e-06 6.500000000000000222e-01 3.069717440000000178e-14 6.500000000000000222e-01 5.629528670000000234e-01 6.500000000000000222e-01 1.255824640000000007e-05 6.500000000000000222e-01 9.174541490000000683e-09 6.500000000000000222e-01 1.128896619999999919e-06 6.500000000000000222e-01 5.902870549999999832e-14 6.500000000000000222e-01 5.543652669999999949e-01 6.500000000000000222e-01 6.098323440000000027e-06 6.500000000000000222e-01 2.433525369999999818e-09 6.500000000000000222e-01 5.550830359999999667e-07 6.500000000000000222e-01 1.127887690000000053e-13 6.500000000000000222e-01 5.497633899999999629e-01
6.600000000000000311e-01 9.356325690000000467e-04 6.600000000000000311e-01 3.619802329999999909e-05 6.600000000000000311e-01 1.611032430000000105e-04 6.600000000000000311e-01 6.127501949999999919e-15 6.600000000000000311e-01 4.156317050000000179e-01 6.600000000000000311e-01 3.870703549999999831e-04 6.600000000000000311e-01 2.294041070000000090e-06 6.600000000000000311e-01 4.528870290000000222e-05 6.600000000000000311e-01 1.284158289999999939e-14 6.600000000000000311e-01 5.035520070000000237e-01 6.600000000000000311e-01 1.980305950000000074e-04 6.600000000000000311e-01 5.123884189999999801e-07 6.600000000000000311e-01 2.373656860000000117e-05 6.600000000000000311e-01 2.670354269999999876e-14 6.600000000000000311e-01 4.792176249999999804e-01 6.600000000000000311e-01 9.816941979999999372e-05 6.600000000000000311e-01 1.707894370000000052e-07 6.600000000000000311e-01 1.252336140000000083e-05 6.600000000000000311e-01 5.678251489999999732e-14 6.600000000000000311e-01 4.585417960000000015e-01 6.600000000000000311e-01 4.820244500000000094e-05 6.600000000000000311e-01 5.840001289999999931e-08 6.600000000000000311e-01 6.405527150000000354e-06 6.600000000000000311e-01 1.172567489999999955e-13 6.600000000000000311e-01 4.460381900000000011e-01 6.600000000000000311e-01 2.535259990000000158e-04 6.600000000000000311e-01 5.128002250000000188e-06 6.600000000000000311e-01 3.003117780000000135e-05 6.600000000000000311e-01 8.942915439999999812e-15 6.600000000000000311e-01 4.959290650000000023e-01 6.600000000000000311e-01 7.185606710000000613e-05 6.600000000000000311e-01 2.586340820000000179e-07 6.600000000000000311e-01 6.553425919999999804e-06 6.600000000000000311e-01 1.536356019999999988e-14 6.600000000000000311e-01 5.650809180000000431e-01 6.600000000000000311e-01 2.882516190000000087e-05 6.600000000000000311e-01 4.065627900000000314e-08 6.600000000000000311e-01 2.615671620000000181e-06 6.600000000000000311e-01 3.088123789999999807e-14 6.600000000000000311e-01 5.629528670000000234e-01 6.600000000000000311e-01 1.357156170000000020e-05 6.600000000000000311e-01 1.008157870000000025e-08 6.600000000000000311e-01 1.259523080000000047e-06 6.600000000000000311e-01 5.953069419999999471e-14 6.600000000000000311e-01 5.543652669999999949e-01 6.600000000000000311e-01 6.580477930000000128e-06 6.600000000000000311e-01 2.663773129999999876e-09 6.600000000000000311e-01 6.184668909999999505e-07 6.600000000000000311e-01 1.140671040000000040e-13 6.600000000000000311e-01 5.497633899999999629e-01
6.700000000000000400e-01 9.592650159999999886e-04 6.700000000000000400e-01 3.728712370000000168e-05 6.700000000000000400e-01 1.705782500000000096e-04 6.700000000000000400e-01 6.154840169999999615e-15 6.700000000000000400e-01 4.156317050000000179e-01 6.700000000000000400e-01 4.060434230000000192e-04 6.700000000000000400e-01 2.429135569999999817e-06 6.700000000000000400e-01 4.925440659999999997e-05 6.700000000000000400e-01 1.299537210000000000e-14 6.700000000000000400e-01 5.035520070000000237e-01 6.700000000000000400e-01 2.073926670000000004e-04 6.700000000000000400e-01 5.411636799999999652e-07 6.700000000000000400e-01 2.576373770000000115e-05 6.700000000000000400e-01 2.697077380000000035e-14 6.700000000000000400e-01 4.792176249999999804e-01 6.700000000000000400e-01 1.025398009999999998e-04 6.700000000000000400e-01 1.797963070000000060e-07 6.700000000000000400e-01 1.352691889999999956e-05 6.700000000000000400e-01 5.718599340000000233e-14 6.700000000000000400e-01 4.585417960000000015e-01 6.700000000000000400e-01 5.027177669999999759e-05 6.700000000000000400e-01 6.130899850000000443e-08 6.700000000000000400e-01 6.897900220000000010e-06 6.700000000000000400e-01 1.179167099999999904e-13 6.700000000000000400e-01 4.460381900000000011e-01 6.700000000000000400e-01 2.661576279999999773e-04 6.700000000000000400e-01 5.439198910000000017e-06 6.700000000000000400e-01 3.262967669999999924e-05 6.700000000000000400e-01 8.978809219999999799e-15 6.700000000000000400e-01 4.959290650000000023e-01 6.700000000000000400e-01 7.747875750000000135e-05 6.700000000000000400e-01 2.837233069999999810e-07 6.700000000000000400e-01 7.299995069999999680e-06 6.700000000000000400e-01 1.545262540000000044e-14 6.700000000000000400e-01 5.650809180000000431e-01 6.700000000000000400e-01 3.111130270000000151e-05 6.700000000000000400e-01 4.475552240000000050e-08 6.700000000000000400e-01 2.915306580000000006e-06 6.700000000000000400e-01 3.105595599999999822e-14 6.700000000000000400e-01 5.629528670000000234e-01 6.700000000000000400e-01 1.461013760000000012e-05 6.700000000000000400e-01 1.104901230000000082e-08 6.700000000000000400e-01 1.400412050000000056e-06 6.700000000000000400e-01 6.000770060000000505e-14 6.700000000000000400e-01 5.543652669999999949e-01 6.700000000000000400e-01 7.073965200000000343e-06 6.700000000000000400e-01 2.908385699999999998e-09 6.700000000000000400e-01 6.867303659999999602e-07 6.700000000000000400e-01 1.152878859999999959e-13 6.700000000000000400e-01 5.497633899999999629e-01
6.800000000000000488e-01 9.822813289999999826e-04 6.800000000000000488e-01 3.836363150000000264e-05 6.800000000000000488e-01 1.802864890000000127e-04 6.800000000000000488e-01 6.181153330000000059e-15 6.800000000000000488e-01 4.156317050000000179e-01 6.800000000000000488e-01 4.248398220000000115e-04 6.800000000000000488e-01 2.566735010000000077e-06 6.800000000000000488e-01 5.340898179999999725e-05 6.800000000000000488e-01 1.314050470000000038e-14 6.800000000000000488e-01 5.035520070000000237e-01 6.800000000000000488e-01 2.166870520000000030e-04 6.800000000000000488e-01 5.704913220000000526e-07 6.800000000000000488e-01 2.788419599999999882e-05 6.800000000000000488e-01 2.722152010000000060e-14 6.800000000000000488e-01 4.792176249999999804e-01 6.800000000000000488e-01 1.068952870000000041e-04 6.800000000000000488e-01 1.889763630000000041e-07 6.800000000000000488e-01 1.457410770000000034e-05 6.800000000000000488e-01 5.756263640000000154e-14 6.800000000000000488e-01 4.585417960000000015e-01 6.800000000000000488e-01 5.233825019999999975e-05 6.800000000000000488e-01 6.427004030000000370e-08 6.800000000000000488e-01 7.410953129999999878e-06 6.800000000000000488e-01 1.185319320000000064e-13 6.800000000000000488e-01 4.460381900000000011e-01 6.800000000000000488e-01 2.786787250000000073e-04 6.800000000000000488e-01 5.755785550000000327e-06 6.800000000000000488e-01 3.535396149999999864e-05 6.800000000000000488e-01 9.012812879999999298e-15 6.800000000000000488e-01 4.959290650000000023e-01 6.800000000000000488e-01 8.321619589999999528e-05 6.800000000000000488e-01 3.103147189999999962e-07 6.800000000000000488e-01 8.103383499999999222e-06 6.800000000000000488e-01 1.553713630000000054e-14 6.800000000000000488e-01 5.650809180000000431e-01 6.800000000000000488e-01 3.345003979999999945e-05 6.800000000000000488e-01 4.913438759999999959e-08 6.800000000000000488e-01 3.238072980000000206e-06 6.800000000000000488e-01 3.122168839999999743e-14 6.800000000000000488e-01 5.629528670000000234e-01 6.800000000000000488e-01 1.567034339999999874e-05 6.800000000000000488e-01 1.207807750000000057e-08 6.800000000000000488e-01 1.551797919999999984e-06 6.800000000000000488e-01 6.046027269999999381e-14 6.800000000000000488e-01 5.543652669999999949e-01 6.800000000000000488e-01 7.577115399999999801e-06 6.800000000000000488e-01 3.167608599999999951e-09 6.800000000000000488e-01 7.599783970000000149e-07 6.800000000000000488e-01 1.164507169999999894e-13 6.800000000000000488e-01 5.497633899999999629e-01
6.899999999999999467e-01 1.004695589999999921e-03 6.899999999999999467e-01 3.942773590000000220e-05 6.899999999999999467e-01 1.902218689999999907e-04 6.899999999999999467e-01 6.206468880000000254e-15 6.899999999999999467e-01 4.156317050000000179e-01 6.899999999999999467e-01 4.434333680000000148e-04 6.899999999999999467e-01 2.706739470000000092e-06 6.899999999999999467e-01 5.775052630000000140e-05 6.899999999999999467e-01 1.327712890000000064e-14 6.899999999999999467e-01 5.035520070000000237e-01 6.899999999999999467e-01 2.259066240000000021e-04 6.899999999999999467e-01 6.003567649999999752e-07 6.899999999999999467e-01 3.009722919999999964e-05 6.899999999999999467e-01 2.745635620000000020e-14 6.899999999999999467e-01 4.792176249999999804e-01 6.899999999999999467e-01 1.112337229999999947e-04 6.899999999999999467e-01 1.983270090000000059e-07 6.899999999999999467e-01 1.566476770000000050e-05 6.899999999999999467e-01 5.791388639999999714e-14 6.899999999999999467e-01 4.585417960000000015e-01 6.899999999999999467e-01 5.440098329999999802e-05 6.899999999999999467e-01 6.728246609999999792e-08 6.899999999999999467e-01 7.944652729999999771e-06 6.899999999999999467e-01 1.191051559999999981e-13 6.899999999999999467e-01 4.460381900000000011e-01 6.899999999999999467e-01 2.910647540000000266e-04 6.899999999999999467e-01 6.077414050000000394e-06 6.899999999999999467e-01 3.820280049999999754e-05 6.899999999999999467e-01 9.045028760000000394e-15 6.899999999999999467e-01 4.959290650000000023e-01 6.899999999999999467e-01 8.904635500000000542e-05 6.899999999999999467e-01 3.384170219999999794e-07 6.899999999999999467e-01 8.964627949999999642e-06 6.899999999999999467e-01 1.561727759999999849e-14 6.899999999999999467e-01 5.650809180000000431e-01 6.899999999999999467e-01 3.583304299999999823e-05 6.899999999999999467e-01 5.379874830000000168e-08 6.899999999999999467e-01 3.584454900000000032e-06 6.899999999999999467e-01 3.137880769999999803e-14 6.899999999999999467e-01 5.629528670000000234e-01 6.899999999999999467e-01 1.674866780000000034e-05 6.899999999999999467e-01 1.316987650000000015e-08 6.899999999999999467e-01 1.713879300000000100e-06 6.899999999999999467e-01 6.088907930000000463e-14 6.899999999999999467e-01 5.543652669999999949e-01 6.899999999999999467e-01 8.088325239999999362e-06 6.899999999999999467e-01 3.441659300000000070e-09 6.899999999999999467e-01 8.382995299999999716e-07 6.899999999999999467e-01 1.175557640000000113e-13 6.899999999999999467e-01 5.497633899999999629e-01
6.999999999999999556e-01 1.026522929999999952e-03 6.999999999999999556e-01 4.047967430000000178e-05 6.999999999999999556e-01 2.003784450000000090e-04 6.999999999999999556e-01 6.230814789999999897e-15 6.999999999999999556e-01 4.156317050000000179e-01 6.999999999999999556e-01 4.618030689999999918e-04 6.999999999999999556e-01 2.849061819999999954e-06 6.999999999999999556e-01 6.227690249999999678e-05 6.999999999999999556e-01 1.340545650000000054e-14 6.999999999999999556e-01 5.035520070000000237e-01 6.999999999999999556e-01 2.350462339999999991e-04 6.999999999999999556e-01 6.307475980000000284e-07 6.999999999999999556e-01 3.240206179999999882e-05 6.999999999999999556e-01 2.767592849999999953e-14 6.999999999999999556e-01 4.792176249999999804e-01 6.999999999999999556e-01 1.155535089999999953e-04 6.999999999999999556e-01 2.078461379999999915e-07 6.999999999999999556e-01 1.679871989999999870e-05 6.999999999999999556e-01 5.824119390000000250e-14 6.999999999999999556e-01 4.585417960000000015e-01 6.999999999999999556e-01 5.645928860000000015e-05 6.999999999999999556e-01 7.034573560000000181e-08 6.999999999999999556e-01 8.498958019999999195e-06 6.999999999999999556e-01 1.196390539999999892e-13 6.999999999999999556e-01 4.460381900000000011e-01 6.999999999999999556e-01 3.032953450000000061e-04 6.999999999999999556e-01 6.403781029999999580e-06 6.999999999999999556e-01 4.117473800000000131e-05 6.999999999999999556e-01 9.075556059999999426e-15 6.999999999999999556e-01 4.959290650000000023e-01 6.999999999999999556e-01 9.494812869999999766e-05 6.999999999999999556e-01 3.680359809999999849e-07 6.999999999999999556e-01 9.884549179999999228e-06 6.999999999999999556e-01 1.569323840000000126e-14 6.999999999999999556e-01 5.650809180000000431e-01 6.999999999999999556e-01 3.825229889999999863e-05 6.999999999999999556e-01 5.875382130000000215e-08 6.999999999999999556e-01 3.954854629999999987e-06 6.999999999999999556e-01 3.152769350000000109e-14 6.999999999999999556e-01 5.629528670000000234e-01 6.999999999999999556e-01 1.784177449999999941e-05 6.999999999999999556e-01 1.432538710000000021e-08 6.999999999999999556e-01 1.886820519999999984e-06 6.999999999999999556e-01 6.129488689999999736e-14 6.999999999999999556e-01 5.543652669999999949e-01 6.999999999999999556e-01 8.606081509999999701e-06 6.999999999999999556e-01 3.730729589999999620e-09 6.999999999999999556e-01 9.217667109999999555e-07 6.999999999999999556e-01 1.186036839999999875e-13 6.999999999999999556e-01 5.497633899999999629e-01
7.099999999999999645e-01 1.047779179999999916e-03 7.099999999999999645e-01 4.151972139999999877e-05 7.099999999999999645e-01 2.107504240000000132e-04 7.099999999999999645e-01 6.254219380000000200e-15 7.099999999999999645e-01 4.156317050000000179e-01 7.099999999999999645e-01 4.799324930000000073e-04 7.099999999999999645e-01 2.993626810000000075e-06 7.099999999999999645e-01 6.698578630000000147e-05 7.099999999999999645e-01 1.352575149999999987e-14 7.099999999999999645e-01 5.035520070000000237e-01 7.099999999999999645e-01 2.441023780000000092e-04 7.099999999999999645e-01 6.616534380000000293e-07 7.099999999999999645e-01 3.479787549999999727e-05 7.099999999999999645e-01 2.788093479999999916e-14 7.099999999999999645e-01 4.792176249999999804e-01 7.099999999999999645e-01 1.198535049999999939e-04 7.099999999999999645e-01 2.175321060000000060e-07 7.099999999999999645e-01 1.797577190000000004e-05 7.099999999999999645e-01 5.854599929999999812e-14 7.099999999999999645e-01 4.585417960000000015e-01 7.099999999999999645e-01 5.851264080000000178e-05 7.099999999999999645e-01 7.345943179999999823e-08 7.099999999999999645e-01 9.073821979999999955e-06 7.099999999999999645e-01 1.201362130000000000e-13 7.099999999999999645e-01 4.460381900000000011e-01 7.099999999999999645e-01 3.153540159999999935e-04 7.099999999999999645e-01 6.734626109999999919e-06 7.099999999999999645e-01 4.426813399999999685e-05 7.099999999999999645e-01 9.104490529999999665e-15 7.099999999999999645e-01 4.959290650000000023e-01 7.099999999999999645e-01 1.009016470000000050e-04 7.099999999999999645e-01 3.991749230000000112e-07 7.099999999999999645e-01 1.086376279999999980e-05 7.099999999999999645e-01 1.576521019999999961e-14 7.099999999999999645e-01 5.650809180000000431e-01 7.099999999999999645e-01 4.070023280000000079e-05 7.099999999999999645e-01 6.400420629999999984e-08 7.099999999999999645e-01 4.349596410000000144e-06 7.099999999999999645e-01 3.166872900000000074e-14 7.099999999999999645e-01 5.629528670000000234e-01 7.099999999999999645e-01 1.894654530000000020e-05 7.099999999999999645e-01 1.554547259999999967e-08 7.099999999999999645e-01 2.070753640000000112e-06 7.099999999999999645e-01 6.167853780000000018e-14 7.099999999999999645e-01 5.543652669999999949e-01 7.099999999999999645e-01 9.128978850000000326e-06 7.099999999999999645e-01 4.034988159999999601e-09 7.099999999999999645e-01 1.010438280000000048e-06 7.099999999999999645e-01 1.195955549999999890e-13 7.099999999999999645e-01 5.497633899999999629e-01
7.199999999999999734e-01 1.068480560000000055e-03 7.199999999999999734e-01 4.254817919999999941e-05 7.199999999999999734e-01 2.213321789999999907e-04 7.199999999999999734e-01 6.276711179999999972e-15 7.199999999999999734e-01 4.156317050000000179e-01 7.199999999999999734e-01 4.978091699999999615e-04 7.199999999999999734e-01 3.140370109999999819e-06 7.199999999999999734e-01 7.187470949999999405e-05 7.199999999999999734e-01 1.363831810000000065e-14 7.199999999999999734e-01 5.035520070000000237e-01 7.199999999999999734e-01 2.530728940000000248e-04 7.199999999999999734e-01 6.930657919999999804e-07 7.199999999999999734e-01 3.728382379999999947e-05 7.199999999999999734e-01 2.807210719999999982e-14 7.199999999999999734e-01 4.792176249999999804e-01 7.199999999999999734e-01 1.241329390000000122e-04 7.199999999999999734e-01 2.273836939999999949e-07 7.199999999999999734e-01 1.919572149999999866e-05 7.199999999999999734e-01 5.882971609999999772e-14 7.199999999999999734e-01 4.585417960000000015e-01 7.199999999999999734e-01 6.056064789999999717e-05 7.199999999999999734e-01 7.662325099999999460e-08 7.199999999999999734e-01 9.669193009999999525e-06 7.199999999999999734e-01 1.205991150000000001e-13 7.199999999999999734e-01 4.460381900000000011e-01 7.199999999999999734e-01 3.272278480000000026e-04 7.199999999999999734e-01 7.069729419999999832e-06 7.199999999999999734e-01 4.748120179999999757e-05 7.199999999999999734e-01 9.131924200000000320e-15 7.199999999999999734e-01 4.959290650000000023e-01 7.199999999999999734e-01 1.068885119999999977e-04 7.199999999999999734e-01 4.318352100000000226e-07 7.199999999999999734e-01 1.190269309999999952e-05 7.199999999999999734e-01 1.583338430000000014e-14 7.199999999999999734e-01 5.650809180000000431e-01 7.199999999999999734e-01 4.316980049999999928e-05 7.199999999999999734e-01 6.955393390000000572e-08 7.199999999999999734e-01 4.768931330000000134e-06 7.199999999999999734e-01 3.180229650000000071e-14 7.199999999999999734e-01 5.629528670000000234e-01 7.199999999999999734e-01 2.006011140000000113e-05 7.199999999999999734e-01 1.683089310000000096e-08 7.199999999999999734e-01 2.265780719999999916e-06 7.199999999999999734e-01 6.204093089999999958e-14 7.199999999999999734e-01 5.543652669999999949e-01 7.199999999999999734e-01 9.655731959999999618e-06 7.199999999999999734e-01 4.354583339999999649e-09 7.199999999999999734e-01 1.104359129999999938e-06 7.199999999999999734e-01 1.205328090000000104e-13 7.199999999999999734e-01 5.497633899999999629e-01
7.299999999999999822e-01 1.088643440000000009e-03 7.299999999999999822e-01 4.356536959999999950e-05 7.299999999999999822e-01 2.321182410000000018e-04 7.299999999999999822e-01 6.298318790000000372e-15 7.299999999999999822e-01 4.156317050000000179e-01 7.299999999999999822e-01 5.154240210000000282e-04 7.299999999999999822e-01 3.289237329999999881e-06 7.299999999999999822e-01 7.694109669999999791e-05 7.299999999999999822e-01 1.374349099999999943e-14 7.299999999999999822e-01 5.035520070000000237e-01 7.299999999999999822e-01 2.619566990000000094e-04 7.299999999999999822e-01 7.249779109999999635e-07 7.299999999999999822e-01 3.985904420000000267e-05 7.299999999999999822e-01 2.825019679999999881e-14 7.299999999999999822e-01 4.792176249999999804e-01 7.299999999999999822e-01 1.283913389999999984e-04 7.299999999999999822e-01 2.374000760000000060e-07 7.299999999999999822e-01 2.045836049999999909e-05 7.299999999999999822e-01 5.909371920000000303e-14 7.299999999999999822e-01 4.585417960000000015e-01 7.299999999999999822e-01 6.260302610000000631e-05 7.299999999999999822e-01 7.983699520000000060e-08 7.299999999999999822e-01 1.028501619999999926e-05 7.299999999999999822e-01 1.210301330000000104e-13 7.299999999999999822e-01 4.460381900000000011e-01 7.299999999999999822e-01 3.389071389999999862e-04 7.299999999999999822e-01 7.408908610000000015e-06 7.299999999999999822e-01 5.081204210000000055e-05 7.299999999999999822e-01 9.157945229999999717e-15 7.299999999999999822e-01 4.959290650000000023e-01 7.299999999999999822e-01 1.128919649999999934e-04 7.299999999999999822e-01 4.660166810000000173e-07 7.299999999999999822e-01 1.300158819999999971e-05 7.299999999999999822e-01 1.589795100000000012e-14 7.299999999999999822e-01 5.650809180000000431e-01 7.299999999999999822e-01 4.565455330000000119e-05 7.299999999999999822e-01 7.540651970000000226e-08 7.299999999999999822e-01 5.213042969999999702e-06 7.299999999999999822e-01 3.192877440000000231e-14 7.299999999999999822e-01 5.629528670000000234e-01 7.299999999999999822e-01 2.117987330000000126e-05 7.299999999999999822e-01 1.818231730000000052e-08 7.299999999999999822e-01 2.471976489999999851e-06 7.299999999999999822e-01 6.238300350000000035e-14 7.299999999999999822e-01 5.543652669999999949e-01 7.299999999999999822e-01 1.018518290000000056e-05 7.299999999999999822e-01 4.689645980000000117e-09 7.299999999999999822e-01 1.203561900000000075e-06 7.299999999999999822e-01 1.214171619999999951e-13 7.299999999999999822e-01 5.497633899999999629e-01
7.399999999999999911e-01 1.108284140000000053e-03 7.399999999999999911e-01 4.457162789999999689e-05 7.399999999999999911e-01 2.431033070000000133e-04 7.399999999999999911e-01 6.319070810000000198e-15 7.399999999999999911e-01 4.156317050000000179e-01 7.399999999999999911e-01 5.327708449999999946e-04 7.399999999999999911e-01 3.440183089999999971e-06 7.399999999999999911e-01 8.218229630000000482e-05 7.399999999999999911e-01 1.384162570000000004e-14 7.399999999999999911e-01 5.035520070000000237e-01 7.399999999999999911e-01 2.707535559999999886e-04 7.399999999999999911e-01 7.573846549999999682e-07 7.399999999999999911e-01 4.252266789999999949e-05 7.399999999999999911e-01 2.841596079999999864e-14 7.399999999999999911e-01 4.792176249999999804e-01 7.399999999999999911e-01 1.326284639999999939e-04 7.399999999999999911e-01 2.475807930000000153e-07 7.399999999999999911e-01 2.176347730000000117e-05 7.399999999999999911e-01 5.933933509999999926e-14 7.399999999999999911e-01 4.585417960000000015e-01 7.399999999999999911e-01 6.463957870000000474e-05 7.399999999999999911e-01 8.310056370000000564e-08 7.399999999999999911e-01 1.092123409999999933e-05 7.399999999999999911e-01 1.214315209999999910e-13 7.399999999999999911e-01 4.460381900000000011e-01 7.399999999999999911e-01 3.503850310000000256e-04 7.399999999999999911e-01 7.752015520000000035e-06 7.399999999999999911e-01 5.425867300000000227e-05 7.399999999999999911e-01 9.182637760000000063e-15 7.399999999999999911e-01 4.959290650000000023e-01 7.399999999999999911e-01 1.188969769999999939e-04 7.399999999999999911e-01 5.017180599999999726e-07 7.399999999999999911e-01 1.416053740000000034e-05 7.399999999999999911e-01 1.595909720000000063e-14 7.399999999999999911e-01 5.650809180000000431e-01 7.399999999999999911e-01 4.814867690000000080e-05 7.399999999999999911e-01 8.156502120000000292e-08 7.399999999999999911e-01 5.682053560000000296e-06 7.399999999999999911e-01 3.204853470000000166e-14 7.399999999999999911e-01 5.629528670000000234e-01 7.399999999999999911e-01 2.230351040000000130e-05 7.399999999999999911e-01 1.960033529999999950e-08 7.399999999999999911e-01 2.689391070000000040e-06 7.399999999999999911e-01 6.270571629999999676e-14 7.399999999999999911e-01 5.543652669999999949e-01 7.399999999999999911e-01 1.071630400000000032e-05 7.399999999999999911e-01 5.040292220000000143e-09 7.399999999999999911e-01 1.308068339999999947e-06 7.399999999999999911e-01 1.222505549999999913e-13 7.399999999999999911e-01 5.497633899999999629e-01
7.500000000000000000e-01 1.127418800000000096e-03 7.500000000000000000e-01 4.556729760000000139e-05 7.500000000000000000e-01 2.542822370000000177e-04 7.500000000000000000e-01 6.338995639999999857e-15 7.500000000000000000e-01 4.156317050000000179e-01 7.500000000000000000e-01 5.498458459999999584e-04 7.500000000000000000e-01 3.593170120000000204e-06 7.500000000000000000e-01 8.759560730000000609e-05 7.500000000000000000e-01 1.393309079999999923e-14 7.500000000000000000e-01 5.035520070000000237e-01 7.500000000000000000e-01 2.794638750000000044e-04 7.500000000000000000e-01 7.902823570000000332e-07 7.500000000000000000e-01 4.527382679999999738e-05 7.500000000000000000e-01 2.857015160000000268e-14 7.500000000000000000e-01 4.792176249999999804e-01 7.500000000000000000e-01 1.368442529999999984e-04 7.500000000000000000e-01 2.579257219999999738e-07 7.500000000000000000e-01 2.311085869999999893e-05 7.500000000000000000e-01 5.956783499999999737e-14 7.500000000000000000e-01 4.585417960000000015e-01 7.500000000000000000e-01 6.667017740000000096e-05 7.500000000000000000e-01 8.641394579999999471e-08 7.500000000000000000e-01 1.157778790000000008e-05 7.500000000000000000e-01 1.218054110000000126e-13 7.500000000000000000e-01 4.460381900000000011e-01 7.500000000000000000e-01 3.616571580000000024e-04 7.500000000000000000e-01 8.098932770000000580e-06 7.500000000000000000e-01 5.781905659999999936e-05 7.500000000000000000e-01 9.206081889999999558e-15 7.500000000000000000e-01 4.959290650000000023e-01 7.500000000000000000e-01 1.248902819999999898e-04 7.500000000000000000e-01 5.389373119999999708e-07 7.500000000000000000e-01 1.537948849999999925e-05 7.500000000000000000e-01 1.601700600000000024e-14 7.500000000000000000e-01 5.650809180000000431e-01 7.500000000000000000e-01 5.064700799999999998e-05 7.500000000000000000e-01 8.803209720000000161e-08 7.500000000000000000e-01 6.176030459999999778e-06 7.500000000000000000e-01 3.216194049999999966e-14 7.500000000000000000e-01 5.629528670000000234e-01 7.500000000000000000e-01 2.342898170000000144e-05 7.500000000000000000e-01 2.108547020000000087e-08 7.500000000000000000e-01 2.918052779999999874e-06 7.500000000000000000e-01 6.301003989999999709e-14 7.500000000000000000e-01 5.543652669999999949e-01 7.500000000000000000e-01 1.124819640000000064e-05 7.500000000000000000e-01 5.406626330000000373e-09 7.500000000000000000e-01 1.417890540000000000e-06 7.500000000000000000e-01 1.230350969999999917e-13 7.500000000000000000e-01 5.497633899999999629e-01
7.600000000000000089e-01 1.146063240000000025e-03 7.600000000000000089e-01 4.655272640000000328e-05 7.600000000000000089e-01 2.656500490000000001e-04 7.600000000000000089e-01 6.358121499999999791e-15 7.600000000000000089e-01 4.156317050000000179e-01 7.600000000000000089e-01 5.666472239999999563e-04 7.600000000000000089e-01 3.748168420000000176e-06 7.600000000000000089e-01 9.317830090000000652e-05 7.600000000000000089e-01 1.401826070000000059e-14 7.600000000000000089e-01 5.035520070000000237e-01 7.600000000000000089e-01 2.880885539999999924e-04 7.600000000000000089e-01 8.236687000000000121e-07 7.600000000000000089e-01 4.811165990000000115e-05 7.600000000000000089e-01 2.871350839999999776e-14 7.600000000000000089e-01 4.792176249999999804e-01 7.600000000000000089e-01 1.410387789999999913e-04 7.600000000000000089e-01 2.684350460000000159e-07 7.600000000000000089e-01 2.450029149999999995e-05 7.600000000000000089e-01 5.978042980000000338e-14 7.600000000000000089e-01 4.585417960000000015e-01 7.600000000000000089e-01 6.869474730000000153e-05 7.600000000000000089e-01 8.977721410000000090e-08 7.600000000000000089e-01 1.225461750000000075e-05 7.600000000000000089e-01 1.221538080000000107e-13 7.600000000000000089e-01 4.460381900000000011e-01 7.600000000000000089e-01 3.727212909999999871e-04 7.600000000000000089e-01 8.449570259999999650e-06 7.600000000000000089e-01 6.149112270000000637e-05 7.600000000000000089e-01 9.228353670000000288e-15 7.600000000000000089e-01 4.959290650000000023e-01 7.600000000000000089e-01 1.308603670000000013e-04 7.600000000000000089e-01 5.776719540000000047e-07 7.600000000000000089e-01 1.665826549999999834e-05 7.600000000000000089e-01 1.607185549999999845e-14 7.600000000000000089e-01 5.650809180000000431e-01 7.600000000000000089e-01 5.314503090000000009e-05 7.600000000000000089e-01 9.481006670000000633e-08 7.600000000000000089e-01 6.694992620000000185e-06 7.600000000000000089e-01 3.226934449999999907e-14 7.600000000000000089e-01 5.629528670000000234e-01 7.600000000000000089e-01 2.455452000000000153e-05 7.600000000000000089e-01 2.263819070000000019e-08 7.600000000000000089e-01 3.157970899999999983e-06 7.600000000000000089e-01 6.329694350000000352e-14 7.600000000000000089e-01 5.543652669999999949e-01 7.600000000000000089e-01 1.178008670000000055e-05 7.600000000000000089e-01 5.788743270000000307e-09 7.600000000000000089e-01 1.533032250000000072e-06 7.600000000000000089e-01 1.237730140000000119e-13 7.600000000000000089e-01 5.497633899999999629e-01
7.700000000000000178e-01 1.164232930000000041e-03 7.700000000000000178e-01 4.752826270000000094e-05 7.700000000000000178e-01 2.772019189999999915e-04 7.700000000000000178e-01 6.376476249999999717e-15 7.700000000000000178e-01 4.156317050000000179e-01 7.700000000000000178e-01 5.831748030000000410e-04 7.700000000000000178e-01 3.905154500000000017e-06 7.700000000000000178e-01 9.892763889999999969e-05 7.700000000000000178e-01 1.409751019999999975e-14 7.700000000000000178e-01 5.035520070000000237e-01 7.700000000000000178e-01 2.966288349999999770e-04 7.700000000000000178e-01 8.575425969999999854e-07 7.700000000000000178e-01 5.103531660000000254e-05 7.700000000000000178e-01 2.884675000000000277e-14 7.700000000000000178e-01 4.792176249999999804e-01 7.700000000000000178e-01 1.452122119999999981e-04 7.700000000000000178e-01 2.791092380000000045e-07 7.700000000000000178e-01 2.593156390000000080e-05 7.700000000000000178e-01 5.997826689999999372e-14 7.700000000000000178e-01 4.585417960000000015e-01 7.700000000000000178e-01 7.071325410000000526e-05 7.700000000000000178e-01 9.319051820000000571e-08 7.700000000000000178e-01 1.295166260000000072e-05 7.700000000000000178e-01 1.224785969999999930e-13 7.700000000000000178e-01 4.460381900000000011e-01 7.700000000000000178e-01 3.835770069999999894e-04 7.700000000000000178e-01 8.803861819999999675e-06 7.700000000000000178e-01 6.527278759999999693e-05 7.700000000000000178e-01 9.249525150000000324e-15 7.700000000000000178e-01 4.959290650000000023e-01 7.700000000000000178e-01 1.367974029999999871e-04 7.700000000000000178e-01 6.179193329999999796e-07 7.700000000000000178e-01 1.799658550000000012e-05 7.700000000000000178e-01 1.612381779999999899e-14 7.700000000000000178e-01 5.650809180000000431e-01 7.700000000000000178e-01 5.563885900000000139e-05 7.700000000000000178e-01 1.019009660000000028e-07 7.700000000000000178e-01 7.238917030000000422e-06 7.700000000000000178e-01 3.237108750000000164e-14 7.700000000000000178e-01 5.629528670000000234e-01 7.700000000000000178e-01 2.567861960000000004e-05 7.700000000000000178e-01 2.425892169999999891e-08 7.700000000000000178e-01 3.409138359999999920e-06 7.700000000000000178e-01 6.356738520000000451e-14 7.700000000000000178e-01 5.543652669999999949e-01 7.700000000000000178e-01 1.231131980000000001e-05 7.700000000000000178e-01 6.186731220000000261e-09 7.700000000000000178e-01 1.653490069999999901e-06 7.700000000000000178e-01 1.244666049999999978e-13 7.700000000000000178e-01 5.497633899999999629e-01
7.800000000000000266e-01 1.181942860000000095e-03 7.800000000000000266e-01 4.849425309999999718e-05 7.800000000000000266e-01 2.889331750000000121e-04 7.800000000000000266e-01 6.394087380000000208e-15 7.800000000000000266e-01 4.156317050000000179e-01 7.800000000000000266e-01 5.994297229999999942e-04 7.800000000000000266e-01 4.064110680000000389e-06 7.800000000000000266e-01 1.048408879999999948e-04 7.800000000000000266e-01 1.417120929999999951e-14 7.800000000000000266e-01 5.035520070000000237e-01 7.800000000000000266e-01 3.050861970000000116e-04 7.800000000000000266e-01 8.919040849999999812e-07 7.800000000000000266e-01 5.404396020000000006e-05 7.800000000000000266e-01 2.897056960000000019e-14 7.800000000000000266e-01 4.792176249999999804e-01 7.800000000000000266e-01 1.493647910000000124e-04 7.800000000000000266e-01 2.899490330000000117e-07 7.800000000000000266e-01 2.740446619999999846e-05 7.800000000000000266e-01 6.016242900000000382e-14 7.800000000000000266e-01 4.585417960000000015e-01 7.800000000000000266e-01 7.272569330000000303e-05 7.800000000000000266e-01 9.665407940000000194e-08 7.800000000000000266e-01 1.366886239999999967e-05 7.800000000000000266e-01 1.227815400000000084e-13 7.800000000000000266e-01 4.460381900000000011e-01 7.800000000000000266e-01 3.942253870000000265e-04 7.800000000000000266e-01 9.161762019999999973e-06 7.800000000000000266e-01 6.916197150000000498e-05 7.800000000000000266e-01 9.269664420000000029e-15 7.800000000000000266e-01 4.959290650000000023e-01 7.800000000000000266e-01 1.426931639999999926e-04 7.800000000000000266e-01 6.596768409999999641e-07 7.800000000000000266e-01 1.939407579999999898e-05 7.800000000000000266e-01 1.617305900000000033e-14 7.800000000000000266e-01 5.650809180000000431e-01 7.800000000000000266e-01 5.812520320000000187e-05 7.800000000000000266e-01 1.093066039999999935e-07 7.800000000000000266e-01 7.807744789999999859e-06 7.800000000000000266e-01 3.246749749999999880e-14 7.800000000000000266e-01 5.629528670000000234e-01 7.800000000000000266e-01 2.680002030000000043e-05 7.800000000000000266e-01 2.594805570000000136e-08 7.800000000000000266e-01 3.671534269999999927e-06 7.800000000000000266e-01 6.382230430000000449e-14 7.800000000000000266e-01 5.543652669999999949e-01 7.800000000000000266e-01 1.284135129999999951e-05 7.800000000000000266e-01 6.600673869999999782e-09 7.800000000000000266e-01 1.779254630000000014e-06 7.800000000000000266e-01 1.251182030000000027e-13 7.800000000000000266e-01 5.497633899999999629e-01
7.900000000000000355e-01 1.199207560000000025e-03 7.900000000000000355e-01 4.945104070000000206e-05 7.900000000000000355e-01 3.008392919999999826e-04 7.900000000000000355e-01 6.410981900000000345e-15 7.900000000000000355e-01 4.156317050000000179e-01 7.900000000000000355e-01 6.154141639999999953e-04 7.900000000000000355e-01 4.225024470000000244e-06 7.900000000000000355e-01 1.109153320000000060e-04 7.900000000000000355e-01 1.423971940000000108e-14 7.900000000000000355e-01 5.035520070000000237e-01 7.900000000000000355e-01 3.134622640000000039e-04 7.900000000000000355e-01 9.267542270000000441e-07 7.900000000000000355e-01 5.713676949999999807e-05 7.900000000000000355e-01 2.908563109999999986e-14 7.900000000000000355e-01 4.792176249999999804e-01 7.900000000000000355e-01 1.534967930000000116e-04 7.900000000000000355e-01 3.009554089999999854e-07 7.900000000000000355e-01 2.891879109999999863e-05 7.900000000000000355e-01 6.033393339999999881e-14 7.900000000000000355e-01 4.585417960000000015e-01 7.900000000000000355e-01 7.473208169999999819e-05 7.900000000000000355e-01 1.001681849999999968e-07 7.900000000000000355e-01 1.440615630000000053e-05 7.900000000000000355e-01 1.230642830000000003e-13 7.900000000000000355e-01 4.460381900000000011e-01 7.900000000000000355e-01 4.046687349999999995e-04 7.900000000000000355e-01 9.523243180000000083e-06 7.900000000000000355e-01 7.315661179999999981e-05 7.900000000000000355e-01 9.288835740000000456e-15 7.900000000000000355e-01 4.959290650000000023e-01 7.900000000000000355e-01 1.485409049999999998e-04 7.900000000000000355e-01 7.029421109999999483e-07 7.900000000000000355e-01 2.085028859999999939e-05 7.900000000000000355e-01 1.621973839999999906e-14 7.900000000000000355e-01 5.650809180000000431e-01 7.900000000000000355e-01 6.060133209999999775e-05 7.900000000000000355e-01 1.170286129999999944e-07 7.900000000000000355e-01 8.401386980000000352e-06 7.900000000000000355e-01 3.255888869999999710e-14 7.900000000000000355e-01 5.629528670000000234e-01 7.900000000000000355e-01 2.791768790000000096e-05 7.900000000000000355e-01 2.770596209999999957e-08 7.900000000000000355e-01 3.945126290000000005e-06 7.900000000000000355e-01 6.406261510000000607e-14 7.900000000000000355e-01 5.543652669999999949e-01 7.900000000000000355e-01 1.336973810000000065e-05 7.900000000000000355e-01 7.030652429999999776e-09 7.900000000000000355e-01 1.910311599999999886e-06 7.900000000000000355e-01 1.257301450000000034e-13 7.900000000000000355e-01 5.497633899999999629e-01
8.000000000000000444e-01 1.216041059999999931e-03 8.000000000000000444e-01 5.039896340000000167e-05 8.000000000000000444e-01 3.129158890000000070e-04 8.000000000000000444e-01 6.427186350000000084e-15 8.000000000000000444e-01 4.156317050000000179e-01 8.000000000000000444e-01 6.311311170000000192e-04 8.000000000000000444e-01 4.387887939999999825e-06 8.000000000000000444e-01 1.171482800000000032e-04 8.000000000000000444e-01 1.430339080000000132e-14 8.000000000000000444e-01 5.035520070000000237e-01 8.000000000000000444e-01 3.217587349999999954e-04 8.000000000000000444e-01 9.620950209999999043e-07 8.000000000000000444e-01 6.031294009999999748e-05 8.000000000000000444e-01 2.919256630000000163e-14 8.000000000000000444e-01 4.792176249999999804e-01 8.000000000000000444e-01 1.576085249999999887e-04 8.000000000000000444e-01 3.121295720000000122e-07 8.000000000000000444e-01 3.047433450000000166e-05 8.000000000000000444e-01 6.049373270000000283e-14 8.000000000000000444e-01 4.585417960000000015e-01 8.000000000000000444e-01 7.673245090000000541e-05 8.000000000000000444e-01 1.037331860000000062e-07 8.000000000000000444e-01 1.516348399999999930e-05 8.000000000000000444e-01 1.233283549999999900e-13 8.000000000000000444e-01 4.460381900000000011e-01 8.000000000000000444e-01 4.149103340000000173e-04 8.000000000000000444e-01 9.888292669999999718e-06 8.000000000000000444e-01 7.725467370000000495e-05 8.000000000000000444e-01 9.307099630000000175e-15 8.000000000000000444e-01 4.959290650000000023e-01 8.000000000000000444e-01 1.543352390000000127e-04 8.000000000000000444e-01 7.477131590000000407e-07 8.000000000000000444e-01 2.236471569999999844e-05 8.000000000000000444e-01 1.626400829999999931e-14 8.000000000000000444e-01 5.650809180000000431e-01 8.000000000000000444e-01 6.306502549999999988e-05 8.000000000000000444e-01 1.250684969999999950e-07 8.000000000000000444e-01 9.019729929999999318e-06 8.000000000000000444e-01 3.264556160000000238e-14 8.000000000000000444e-01 5.629528670000000234e-01 8.000000000000000444e-01 2.903079360000000044e-05 8.000000000000000444e-01 2.953299630000000096e-08 8.000000000000000444e-01 4.229872800000000374e-06 8.000000000000000444e-01 6.428920169999999840e-14 8.000000000000000444e-01 5.543652669999999949e-01 8.000000000000000444e-01 1.389612810000000053e-05 8.000000000000000444e-01 7.476747549999999482e-09 8.000000000000000444e-01 2.046642719999999982e-06 8.000000000000000444e-01 1.263047410000000004e-13 8.000000000000000444e-01 5.497633899999999629e-01
8.100000000000000533e-01 1.232456849999999902e-03 8.100000000000000533e-01 5.133835300000000107e-05 8.100000000000000533e-01 3.251587210000000255e-04 8.100000000000000533e-01 6.442726670000000275e-15 8.100000000000000533e-01 4.156317050000000179e-01 8.100000000000000533e-01 6.465841940000000530e-04 8.100000000000000533e-01 4.552697289999999749e-06 8.100000000000000533e-01 1.235370740000000091e-04 8.100000000000000533e-01 1.436255970000000126e-14 8.100000000000000533e-01 5.035520070000000237e-01 8.100000000000000533e-01 3.299773299999999980e-04 8.100000000000000533e-01 9.979293209999999620e-07 8.100000000000000533e-01 6.357168459999999906e-05 8.100000000000000533e-01 2.929197310000000198e-14 8.100000000000000533e-01 4.792176249999999804e-01 8.100000000000000533e-01 1.617002960000000101e-04 8.100000000000000533e-01 3.234729399999999949e-07 8.100000000000000533e-01 3.207089510000000283e-05 8.100000000000000533e-01 6.064271620000000408e-14 8.100000000000000533e-01 4.585417960000000015e-01 8.100000000000000533e-01 7.872684120000000190e-05 8.100000000000000533e-01 1.073494890000000043e-07 8.100000000000000533e-01 1.594078540000000031e-05 8.100000000000000533e-01 1.235751780000000119e-13 8.100000000000000533e-01 4.460381900000000011e-01 8.100000000000000533e-01 4.249542190000000033e-04 8.100000000000000533e-01 1.025691050000000040e-05 8.100000000000000533e-01 8.145415929999999950e-05 8.100000000000000533e-01 9.324513009999999981e-15 8.100000000000000533e-01 4.959290650000000023e-01 8.100000000000000533e-01 1.600719940000000052e-04 8.100000000000000533e-01 7.939885099999999730e-07 8.100000000000000533e-01 2.393680129999999846e-05 8.100000000000000533e-01 1.630601380000000018e-14 8.100000000000000533e-01 5.650809180000000431e-01 8.100000000000000533e-01 6.551452480000000285e-05 8.100000000000000533e-01 1.334276730000000004e-07 8.100000000000000533e-01 9.662640130000000127e-06 8.100000000000000533e-01 3.272780209999999788e-14 8.100000000000000533e-01 5.629528670000000234e-01 8.100000000000000533e-01 3.013869189999999980e-05 8.100000000000000533e-01 3.142950780000000278e-08 8.100000000000000533e-01 4.525724790000000067e-06 8.100000000000000533e-01 6.450291469999999872e-14 8.100000000000000533e-01 5.543652669999999949e-01 8.100000000000000533e-01 1.442025069999999928e-05 8.100000000000000533e-01 7.939040910000000453e-09 8.100000000000000533e-01 2.188226600000000002e-06 8.100000000000000533e-01 1.268442570000000025e-13 8.100000000000000533e-01 5.497633899999999629e-01
8.199999999999999512e-01 1.248467920000000076e-03 8.199999999999999512e-01 5.226953410000000289e-05 8.199999999999999512e-01 3.375636769999999852e-04 8.199999999999999512e-01 6.457628240000000293e-15 8.199999999999999512e-01 4.156317050000000179e-01 8.199999999999999512e-01 6.617774629999999964e-04 8.199999999999999512e-01 4.719452370000000105e-06 8.199999999999999512e-01 1.300790970000000046e-04 8.199999999999999512e-01 1.441754709999999989e-14 8.199999999999999512e-01 5.035520070000000237e-01 8.199999999999999512e-01 3.381197460000000070e-04 8.199999999999999512e-01 1.034260769999999986e-06 8.199999999999999512e-01 6.691223280000000665e-05 8.199999999999999512e-01 2.938441479999999732e-14 8.199999999999999512e-01 4.792176249999999804e-01 8.199999999999999512e-01 1.657724189999999905e-04 8.199999999999999512e-01 3.349871240000000070e-07 8.199999999999999512e-01 3.370827489999999709e-05 8.199999999999999512e-01 6.078171200000000177e-14 8.199999999999999512e-01 4.585417960000000015e-01 8.199999999999999512e-01 8.071529779999999407e-05 8.199999999999999512e-01 1.110175570000000029e-07 8.199999999999999512e-01 1.673800100000000075e-05 8.199999999999999512e-01 1.238060710000000114e-13 8.199999999999999512e-01 4.460381900000000011e-01 8.199999999999999512e-01 4.348049939999999920e-04 8.199999999999999512e-01 1.062910700000000042e-05 8.199999999999999512e-01 8.575311429999999703e-05 8.199999999999999512e-01 9.341129339999999717e-15 8.199999999999999512e-01 4.959290650000000023e-01 8.199999999999999512e-01 1.657480789999999954e-04 8.199999999999999512e-01 8.417672810000000362e-07 8.199999999999999512e-01 2.556595329999999841e-05 8.199999999999999512e-01 1.634589309999999890e-14 8.199999999999999512e-01 5.650809180000000431e-01 8.199999999999999512e-01 6.794848200000000590e-05 8.199999999999999512e-01 1.421075119999999944e-07 8.199999999999999512e-01 1.032996859999999980e-05 8.199999999999999512e-01 3.280588179999999782e-14 8.199999999999999512e-01 5.629528670000000234e-01 8.199999999999999512e-01 3.124089910000000327e-05 8.199999999999999512e-01 3.339584680000000086e-08 8.199999999999999512e-01 4.832627650000000253e-06 8.199999999999999512e-01 6.470456830000000560e-14 8.199999999999999512e-01 5.543652669999999949e-01 8.199999999999999512e-01 1.494190629999999960e-05 8.199999999999999512e-01 8.417616650000000724e-09 8.199999999999999512e-01 2.335039510000000052e-06 8.199999999999999512e-01 1.273508940000000108e-13 8.199999999999999512e-01 5.497633899999999629e-01
8.299999999999999600e-01 1.264086750000000025e-03 8.299999999999999600e-01 5.319282429999999711e-05 8.299999999999999600e-01 3.501267719999999798e-04 8.299999999999999600e-01 6.471915779999999633e-15 8.299999999999999600e-01 4.156317050000000179e-01 8.299999999999999600e-01 6.767153159999999721e-04 8.299999999999999600e-01 4.888156270000000033e-06 8.299999999999999600e-01 1.367717720000000007e-04 8.299999999999999600e-01 1.446865789999999911e-14 8.299999999999999600e-01 5.035520070000000237e-01 8.299999999999999600e-01 3.461876329999999890e-04 8.299999999999999600e-01 1.071093720000000092e-06 8.299999999999999600e-01 7.033383109999999708e-05 8.299999999999999600e-01 2.947042010000000289e-14 8.299999999999999600e-01 4.792176249999999804e-01 8.299999999999999600e-01 1.698251930000000093e-04 8.299999999999999600e-01 3.466739220000000061e-07 8.299999999999999600e-01 3.538627899999999954e-05 8.299999999999999600e-01 6.091148929999999626e-14 8.299999999999999600e-01 4.585417960000000015e-01 8.299999999999999600e-01 8.269786719999999941e-05 8.299999999999999600e-01 1.147379040000000006e-07 8.299999999999999600e-01 1.755507169999999926e-05 8.299999999999999600e-01 1.240222539999999962e-13 8.299999999999999600e-01 4.460381900000000011e-01 8.299999999999999600e-01 4.444676669999999760e-04 8.299999999999999600e-01 1.100490119999999956e-05 8.299999999999999600e-01 9.014963219999999903e-05 8.299999999999999600e-01 9.356998789999999816e-15 8.299999999999999600e-01 4.959290650000000023e-01 8.299999999999999600e-01 1.713613419999999901e-04 8.299999999999999600e-01 8.910492499999999544e-07 8.299999999999999600e-01 2.725155339999999962e-05 8.299999999999999600e-01 1.638377700000000030e-14 8.299999999999999600e-01 5.650809180000000431e-01 8.299999999999999600e-01 7.036590920000000454e-05 8.299999999999999600e-01 1.511093699999999989e-07 8.299999999999999600e-01 1.102155460000000013e-05 8.299999999999999600e-01 3.288005820000000315e-14 8.299999999999999600e-01 5.629528670000000234e-01 8.299999999999999600e-01 3.233707170000000105e-05 8.299999999999999600e-01 3.543237059999999826e-08 8.299999999999999600e-01 5.150522640000000033e-06 8.299999999999999600e-01 6.489493850000000554e-14 8.299999999999999600e-01 5.543652669999999949e-01 8.299999999999999600e-01 1.546095659999999913e-05 8.299999999999999600e-01 8.912562599999999673e-09 8.299999999999999600e-01 2.487056029999999824e-06 8.299999999999999600e-01 1.278267729999999906e-13 8.299999999999999600e-01 5.497633899999999629e-01
8.399999999999999689e-01 1.279325310000000056e-03 8.399999999999999689e-01 5.410853329999999712e-05 8.399999999999999689e-01 3.628441439999999913e-04 8.399999999999999689e-01 6.485613390000000266e-15 8.399999999999999689e-01 4.156317050000000179e-01 8.399999999999999689e-01 6.914023639999999872e-04 8.399999999999999689e-01 5.058815009999999771e-06 8.399999999999999689e-01 1.436125680000000003e-04 8.399999999999999689e-01 1.451617960000000080e-14 8.399999999999999689e-01 5.035520070000000237e-01 8.399999999999999689e-01 3.541825669999999890e-04 8.399999999999999689e-01 1.108433199999999994e-06 8.399999999999999689e-01 7.383574230000000498e-05 8.399999999999999689e-01 2.955048299999999917e-14 8.399999999999999689e-01 4.792176249999999804e-01 8.399999999999999689e-01 1.738589019999999886e-04 8.399999999999999689e-01 3.585353070000000026e-07 8.399999999999999689e-01 3.710471520000000161e-05 8.399999999999999689e-01 6.103276099999999486e-14 8.399999999999999689e-01 4.585417960000000015e-01 8.399999999999999689e-01 8.467459520000000025e-05 8.399999999999999689e-01 1.185110919999999978e-07 8.399999999999999689e-01 1.839193890000000097e-05 8.399999999999999689e-01 1.242248530000000033e-13 8.399999999999999689e-01 4.460381900000000011e-01 8.399999999999999689e-01 4.539475089999999813e-04 8.399999999999999689e-01 1.138431869999999922e-05 8.399999999999999689e-01 9.464185820000000097e-05 8.399999999999999689e-01 9.372168349999999706e-15 8.399999999999999689e-01 4.959290650000000023e-01 8.399999999999999689e-01 1.769104420000000078e-04 8.399999999999999689e-01 9.418349050000000154e-07 8.399999999999999689e-01 2.899296610000000034e-05 8.399999999999999689e-01 1.641978940000000102e-14 8.399999999999999689e-01 5.650809180000000431e-01 8.399999999999999689e-01 7.276612949999999847e-05 8.399999999999999689e-01 1.604346199999999917e-07 8.399999999999999689e-01 1.173722940000000081e-05 8.399999999999999689e-01 3.295057459999999849e-14 8.399999999999999689e-01 5.629528670000000234e-01 8.399999999999999689e-01 3.342698690000000318e-05 8.399999999999999689e-01 3.753944890000000199e-08 8.399999999999999689e-01 5.479348220000000213e-06 8.399999999999999689e-01 6.507476229999999838e-14 8.399999999999999689e-01 5.543652669999999949e-01 8.399999999999999689e-01 1.597731609999999901e-05 8.399999999999999689e-01 9.423971279999999991e-09 8.399999999999999689e-01 2.644249660000000174e-06 8.399999999999999689e-01 1.282739319999999915e-13 8.399999999999999689e-01 5.497633899999999629e-01
8.499999999999999778e-01 1.294195109999999932e-03 8.499999999999999778e-01 5.501696310000000236e-05 8.499999999999999778e-01 3.757120490000000180e-04 8.499999999999999778e-01 6.498744490000000343e-15 8.499999999999999778e-01 4.156317050000000179e-01 8.499999999999999778e-01 7.058433499999999545e-04 8.499999999999999778e-01 5.231437190000000023e-06 8.499999999999999778e-01 1.505989989999999897e-04 8.499999999999999778e-01 1.456038270000000045e-14 8.499999999999999778e-01 5.035520070000000237e-01 8.499999999999999778e-01 3.621060390000000124e-04 8.499999999999999778e-01 1.146284860000000072e-06 8.499999999999999778e-01 7.741724429999999649e-05 8.499999999999999778e-01 2.962506400000000108e-14 8.499999999999999778e-01 4.792176249999999804e-01 8.499999999999999778e-01 1.778738100000000120e-04 8.499999999999999778e-01 3.705734160000000192e-07 8.499999999999999778e-01 3.886339440000000133e-05 8.499999999999999778e-01 6.114618670000000505e-14 8.499999999999999778e-01 4.585417960000000015e-01 8.499999999999999778e-01 8.664552469999999593e-05 8.499999999999999778e-01 1.223377309999999970e-07 8.499999999999999778e-01 1.924854429999999894e-05 8.499999999999999778e-01 1.244149100000000091e-13 8.499999999999999778e-01 4.460381900000000011e-01 8.499999999999999778e-01 4.632499420000000265e-04 8.499999999999999778e-01 1.176739100000000058e-05 8.499999999999999778e-01 9.922799100000000139e-05 8.499999999999999778e-01 9.386682019999999354e-15 8.499999999999999778e-01 4.959290650000000023e-01 8.499999999999999778e-01 1.823947190000000025e-04 8.499999999999999778e-01 9.941254709999998984e-07 8.499999999999999778e-01 3.078954609999999797e-05 8.499999999999999778e-01 1.645404709999999896e-14 8.499999999999999778e-01 5.650809180000000431e-01 8.499999999999999778e-01 7.514873140000000564e-05 8.499999999999999778e-01 1.700846740000000126e-07 8.499999999999999778e-01 1.247681849999999947e-05 8.499999999999999778e-01 3.301766059999999928e-14 8.499999999999999778e-01 5.629528670000000234e-01 8.499999999999999778e-01 3.451052310000000224e-05 8.499999999999999778e-01 3.971746779999999780e-08 8.499999999999999778e-01 5.819041109999999943e-06 8.499999999999999778e-01 6.524473750000000364e-14 8.499999999999999778e-01 5.543652669999999949e-01 8.499999999999999778e-01 1.649094279999999935e-05 8.499999999999999778e-01 9.951940740000000675e-09 8.499999999999999778e-01 2.806593239999999988e-06 8.499999999999999778e-01 1.286943109999999924e-13 8.499999999999999778e-01 5.497633899999999629e-01
8.599999999999999867e-01 1.308707159999999894e-03 8.599999999999999867e-01 5.591840799999999833e-05 8.599999999999999867e-01 3.887268539999999941e-04 8.599999999999999867e-01 6.511331799999999716e-15 8.599999999999999867e-01 4.156317050000000179e-01 8.599999999999999867e-01 7.200430739999999930e-04 8.599999999999999867e-01 5.406033790000000383e-06 8.599999999999999867e-01 1.577286299999999949e-04 8.599999999999999867e-01 1.460152049999999978e-14 8.599999999999999867e-01 5.035520070000000237e-01 8.599999999999999867e-01 3.699594470000000025e-04 8.599999999999999867e-01 1.184654909999999980e-06 8.599999999999999867e-01 8.107762950000000181e-05 8.599999999999999867e-01 2.969459110000000098e-14 8.599999999999999867e-01 4.792176249999999804e-01 8.599999999999999867e-01 1.818701569999999878e-04 8.599999999999999867e-01 3.827905430000000128e-07 8.599999999999999867e-01 4.066212960000000051e-05 8.599999999999999867e-01 6.125237579999999916e-14 8.599999999999999867e-01 4.585417960000000015e-01 8.599999999999999867e-01 8.861069449999999675e-05 8.599999999999999867e-01 1.262184739999999979e-07 8.599999999999999867e-01 2.012483019999999944e-05 8.599999999999999867e-01 1.245933830000000053e-13 8.599999999999999867e-01 4.460381900000000011e-01 8.599999999999999867e-01 4.723131940000000134e-04 8.599999999999999867e-01 1.215413440000000051e-05 8.599999999999999867e-01 1.039060519999999998e-04 8.599999999999999867e-01 9.399250820000000482e-15 8.599999999999999867e-01 4.959290650000000023e-01 8.599999999999999867e-01 1.877872610000000104e-04 8.599999999999999867e-01 1.047920249999999930e-06 8.599999999999999867e-01 3.264055189999999756e-05 8.599999999999999867e-01 1.648432729999999988e-14 8.599999999999999867e-01 5.650809180000000431e-01 8.599999999999999867e-01 7.750244789999999816e-05 8.599999999999999867e-01 1.800605100000000094e-07 8.599999999999999867e-01 1.324010659999999989e-05 8.599999999999999867e-01 3.307685089999999851e-14 8.599999999999999867e-01 5.629528670000000234e-01 8.599999999999999867e-01 3.558255769999999738e-05 8.599999999999999867e-01 4.196672140000000170e-08 8.599999999999999867e-01 6.169519809999999620e-06 8.599999999999999867e-01 6.539626469999999814e-14 8.599999999999999867e-01 5.543652669999999949e-01 8.599999999999999867e-01 1.699940189999999909e-05 8.599999999999999867e-01 1.049654809999999951e-08 8.599999999999999867e-01 2.974051039999999887e-06 8.599999999999999867e-01 1.290714789999999918e-13 8.599999999999999867e-01 5.497633899999999629e-01
8.699999999999999956e-01 1.322872039999999950e-03 8.699999999999999956e-01 5.681315459999999721e-05 8.699999999999999956e-01 4.018850350000000146e-04 8.699999999999999956e-01 6.523397359999999941e-15 8.699999999999999956e-01 4.156317050000000179e-01 8.699999999999999956e-01 7.340063469999999609e-04 8.699999999999999956e-01 5.582617870000000370e-06 8.699999999999999956e-01 1.649990729999999898e-04 8.699999999999999956e-01 1.463982930000000041e-14 8.699999999999999956e-01 5.035520070000000237e-01 8.699999999999999956e-01 3.777440910000000231e-04 8.699999999999999956e-01 1.223550110000000102e-06 8.699999999999999956e-01 8.481620399999999368e-05 8.699999999999999956e-01 2.975946109999999685e-14 8.699999999999999956e-01 4.792176249999999804e-01 8.699999999999999956e-01 1.858481609999999937e-04 8.699999999999999956e-01 3.951891320000000082e-07 8.699999999999999956e-01 4.250073640000000280e-05 8.699999999999999956e-01 6.135189049999999586e-14 8.699999999999999956e-01 4.585417960000000015e-01 8.699999999999999956e-01 9.057013910000000039e-05 8.699999999999999956e-01 1.301540190000000047e-07 8.699999999999999956e-01 2.102073909999999844e-05 8.699999999999999956e-01 1.247611570000000030e-13 8.699999999999999956e-01 4.460381900000000011e-01 8.699999999999999956e-01 4.811757930000000027e-04 8.699999999999999956e-01 1.254453020000000020e-05 8.699999999999999956e-01 1.086736380000000065e-04 8.699999999999999956e-01 9.410651700000000469e-15 8.699999999999999956e-01 4.959290650000000023e-01 8.699999999999999956e-01 1.931007200000000007e-04 8.699999999999999956e-01 1.103213609999999904e-06 8.699999999999999956e-01 3.454504800000000007e-05 8.699999999999999956e-01 1.651202509999999873e-14 8.699999999999999956e-01 5.650809180000000431e-01 8.699999999999999956e-01 7.983226949999999787e-05 8.699999999999999956e-01 1.903621169999999951e-07 8.699999999999999956e-01 1.402679609999999994e-05 8.699999999999999956e-01 3.313094080000000095e-14 8.699999999999999956e-01 5.629528670000000234e-01 8.699999999999999956e-01 3.664541890000000022e-05 8.699999999999999956e-01 4.428728700000000028e-08 8.699999999999999956e-01 6.530665530000000110e-06 8.699999999999999956e-01 6.553507319999999485e-14 8.699999999999999956e-01 5.543652669999999949e-01 8.699999999999999956e-01 1.750381600000000046e-05 8.699999999999999956e-01 1.105781940000000082e-08 8.699999999999999956e-01 3.146569629999999814e-06 8.699999999999999956e-01 1.294172290000000057e-13 8.699999999999999956e-01 5.497633899999999629e-01
8.800000000000000044e-01 1.336699900000000094e-03 8.800000000000000044e-01 5.770148219999999699e-05 8.800000000000000044e-01 4.151831709999999798e-04 8.800000000000000044e-01 6.534962510000000329e-15 8.800000000000000044e-01 4.156317050000000179e-01 8.800000000000000044e-01 7.477379449999999646e-04 8.800000000000000044e-01 5.761204459999999660e-06 8.800000000000000044e-01 1.724079850000000125e-04 8.800000000000000044e-01 1.467552920000000059e-14 8.800000000000000044e-01 5.035520070000000237e-01 8.800000000000000044e-01 3.854611749999999797e-04 8.800000000000000044e-01 1.262977720000000091e-06 8.800000000000000044e-01 8.863228619999999325e-05 8.800000000000000044e-01 2.982004110000000147e-14 8.800000000000000044e-01 4.792176249999999804e-01 8.800000000000000044e-01 1.898080170000000094e-04 8.800000000000000044e-01 4.077717759999999883e-07 8.800000000000000044e-01 4.437903229999999881e-05 8.800000000000000044e-01 6.144524849999999977e-14 8.800000000000000044e-01 4.585417960000000015e-01 8.800000000000000044e-01 9.252388739999999436e-05 8.800000000000000044e-01 1.341451029999999909e-07 8.800000000000000044e-01 2.193621400000000010e-05 8.800000000000000044e-01 1.249190450000000009e-13 8.800000000000000044e-01 4.460381900000000011e-01 8.800000000000000044e-01 4.898720989999999584e-04 8.800000000000000044e-01 1.293861370000000024e-05 8.800000000000000044e-01 1.135290140000000018e-04 8.800000000000000044e-01 9.421506059999999456e-15 8.800000000000000044e-01 4.959290650000000023e-01 8.800000000000000044e-01 1.983472440000000044e-04 8.800000000000000044e-01 1.160007649999999915e-06 8.800000000000000044e-01 3.650234319999999863e-05 8.800000000000000044e-01 1.653826460000000140e-14 8.800000000000000044e-01 5.650809180000000431e-01 8.800000000000000044e-01 8.214302350000000376e-05 8.800000000000000044e-01 2.009908509999999918e-07 8.800000000000000044e-01 1.483668840000000003e-05 8.800000000000000044e-01 3.318218189999999880e-14 8.800000000000000044e-01 5.629528670000000234e-01 8.800000000000000044e-01 3.770134260000000226e-05 8.800000000000000044e-01 4.667955480000000212e-08 8.800000000000000044e-01 6.902405060000000330e-06 8.800000000000000044e-01 6.566581919999999478e-14 8.800000000000000044e-01 5.543652669999999949e-01 8.800000000000000044e-01 1.800525890000000148e-05 8.800000000000000044e-01 1.163585750000000001e-08 8.800000000000000044e-01 3.324117459999999882e-06 8.800000000000000044e-01 1.297412439999999886e-13 8.800000000000000044e-01 5.497633899999999629e-01
8.900000000000000133e-01 1.350200499999999922e-03 8.900000000000000133e-01 5.858366250000000028e-05 8.900000000000000133e-01 4.286179419999999827e-04 8.900000000000000133e-01 6.546047870000000325e-15 8.900000000000000133e-01 4.156317050000000179e-01 8.900000000000000133e-01 7.612425770000000530e-04 8.900000000000000133e-01 5.941810300000000108e-06 8.900000000000000133e-01 1.799530750000000016e-04 8.900000000000000133e-01 1.470882450000000141e-14 8.900000000000000133e-01 5.035520070000000237e-01 8.900000000000000133e-01 3.931118079999999944e-04 8.900000000000000133e-01 1.302945480000000072e-06 8.900000000000000133e-01 9.252520600000000285e-05 8.900000000000000133e-01 2.987667009999999800e-14 8.900000000000000133e-01 4.792176249999999804e-01 8.900000000000000133e-01 1.937498969999999982e-04 8.900000000000000133e-01 4.205412050000000093e-07 8.900000000000000133e-01 4.629683679999999828e-05 8.900000000000000133e-01 6.153292650000000395e-14 8.900000000000000133e-01 4.585417960000000015e-01 8.900000000000000133e-01 9.447196340000000474e-05 8.900000000000000133e-01 1.381925050000000031e-07 8.900000000000000133e-01 2.287119800000000003e-05 8.900000000000000133e-01 1.250677949999999905e-13 8.900000000000000133e-01 4.460381900000000011e-01 8.900000000000000133e-01 4.984075489999999480e-04 8.900000000000000133e-01 1.333642549999999966e-05 8.900000000000000133e-01 1.184705440000000039e-04 8.900000000000000133e-01 9.431848060000000759e-15 8.900000000000000133e-01 4.959290650000000023e-01 8.900000000000000133e-01 2.035279620000000097e-04 8.900000000000000133e-01 1.218305660000000041e-06 8.900000000000000133e-01 3.851177349999999693e-05 8.900000000000000133e-01 1.656313900000000055e-14 8.900000000000000133e-01 5.650809180000000431e-01 8.900000000000000133e-01 8.443499399999999737e-05 8.900000000000000133e-01 2.119482639999999912e-07 8.900000000000000133e-01 1.566959400000000012e-05 8.900000000000000133e-01 3.323075630000000030e-14 8.900000000000000133e-01 5.629528670000000234e-01 8.900000000000000133e-01 3.875046680000000094e-05 8.900000000000000133e-01 4.914396299999999800e-08 8.900000000000000133e-01 7.284669710000000346e-06 8.900000000000000133e-01 6.578905639999999608e-14 8.900000000000000133e-01 5.543652669999999949e-01 8.900000000000000133e-01 1.850379949999999922e-05 8.900000000000000133e-01 1.223077790000000081e-08 8.900000000000000133e-01 3.506665139999999993e-06 8.900000000000000133e-01 1.300450880000000121e-13 8.900000000000000133e-01 5.497633899999999629e-01
9.000000000000000222e-01 1.363383180000000061e-03 9.000000000000000222e-01 5.945996059999999675e-05 9.000000000000000222e-01 4.421861220000000117e-04 9.000000000000000222e-01 6.556673390000000281e-15 9.000000000000000222e-01 4.156317050000000179e-01 9.000000000000000222e-01 7.745248639999999761e-04 9.000000000000000222e-01 6.124453770000000202e-06 9.000000000000000222e-01 1.876320959999999911e-04 9.000000000000000222e-01 1.473990410000000040e-14 9.000000000000000222e-01 5.035520070000000237e-01 9.000000000000000222e-01 4.006970090000000072e-04 9.000000000000000222e-01 1.343461599999999968e-06 9.000000000000000222e-01 9.649430420000000292e-05 9.000000000000000222e-01 2.992966069999999957e-14 9.000000000000000222e-01 4.792176249999999804e-01 9.000000000000000222e-01 1.976739479999999960e-04 9.000000000000000222e-01 4.335002900000000037e-07 9.000000000000000222e-01 4.825397079999999993e-05 9.000000000000000222e-01 6.161536290000000521e-14 9.000000000000000222e-01 4.585417960000000015e-01 9.000000000000000222e-01 9.641438559999999827e-05 9.000000000000000222e-01 1.422970449999999981e-07 9.000000000000000222e-01 2.382563440000000048e-05 9.000000000000000222e-01 1.252080949999999995e-13 9.000000000000000222e-01 4.460381900000000011e-01 9.000000000000000222e-01 5.067874089999999630e-04 9.000000000000000222e-01 1.373800760000000005e-05 9.000000000000000222e-01 1.234966460000000053e-04 9.000000000000000222e-01 9.441709530000000225e-15 9.000000000000000222e-01 4.959290650000000023e-01 9.000000000000000222e-01 2.086442169999999901e-04 9.000000000000000222e-01 1.278111710000000010e-06 9.000000000000000222e-01 4.057268750000000117e-05 9.000000000000000222e-01 1.658673519999999949e-14 9.000000000000000222e-01 5.650809180000000431e-01 9.000000000000000222e-01 8.670855550000000015e-05 9.000000000000000222e-01 2.232360230000000053e-07 9.000000000000000222e-01 1.652532690000000143e-05 9.000000000000000222e-01 3.327683450000000314e-14 9.000000000000000222e-01 5.629528670000000234e-01 9.000000000000000222e-01 3.979296199999999938e-05 9.000000000000000222e-01 5.168097830000000270e-08 9.000000000000000222e-01 7.677392299999999986e-06 9.000000000000000222e-01 6.590530250000000336e-14 9.000000000000000222e-01 5.543652669999999949e-01 9.000000000000000222e-01 1.899951980000000147e-05 9.000000000000000222e-01 1.284270349999999938e-08 9.000000000000000222e-01 3.694184039999999841e-06 9.000000000000000222e-01 1.303302249999999895e-13 9.000000000000000222e-01 5.497633899999999629e-01
9.100000000000000311e-01 1.376256950000000071e-03 9.100000000000000311e-01 6.033063470000000231e-05 9.100000000000000311e-01 4.558845760000000170e-04 9.100000000000000311e-01 6.566858299999999890e-15 9.100000000000000311e-01 4.156317050000000179e-01 9.100000000000000311e-01 7.875893249999999998e-04 9.100000000000000311e-01 6.309154730000000408e-06 9.100000000000000311e-01 1.954428459999999975e-04 9.100000000000000311e-01 1.476894310000000075e-14 9.100000000000000311e-01 5.035520070000000237e-01 9.100000000000000311e-01 4.082177120000000264e-04 9.100000000000000311e-01 1.384534709999999957e-06 9.100000000000000311e-01 1.005389309999999987e-04 9.100000000000000311e-01 2.997930049999999857e-14 9.100000000000000311e-01 4.792176249999999804e-01 9.100000000000000311e-01 2.015803009999999945e-04 9.100000000000000311e-01 4.466520350000000160e-07 9.100000000000000311e-01 5.025025680000000150e-05 9.100000000000000311e-01 6.169296030000000047e-14 9.100000000000000311e-01 4.585417960000000015e-01 9.100000000000000311e-01 9.835116739999999729e-05 9.100000000000000311e-01 1.464595799999999878e-07 9.100000000000000311e-01 2.479946690000000011e-05 9.100000000000000311e-01 1.253405759999999963e-13 9.100000000000000311e-01 4.460381900000000011e-01 9.100000000000000311e-01 5.150167470000000273e-04 9.100000000000000311e-01 1.414340259999999924e-05 9.100000000000000311e-01 1.286057899999999937e-04 9.100000000000000311e-01 9.451120140000000400e-15 9.100000000000000311e-01 4.959290650000000023e-01 9.100000000000000311e-01 2.136975149999999993e-04 9.100000000000000311e-01 1.339430549999999901e-06 9.100000000000000311e-01 4.268444799999999875e-05 9.100000000000000311e-01 1.660913489999999928e-14 9.100000000000000311e-01 5.650809180000000431e-01 9.100000000000000311e-01 8.896414949999999623e-05 9.100000000000000311e-01 2.348559150000000048e-07 9.100000000000000311e-01 1.740370520000000099e-05 9.100000000000000311e-01 3.332057600000000070e-14 9.100000000000000311e-01 5.629528670000000234e-01 9.100000000000000311e-01 4.082902180000000191e-05 9.100000000000000311e-01 5.429109639999999721e-08 9.100000000000000311e-01 8.080507500000000493e-06 9.100000000000000311e-01 6.601504040000000224e-14 9.100000000000000311e-01 5.543652669999999949e-01 9.100000000000000311e-01 1.949251150000000162e-05 9.100000000000000311e-01 1.347176529999999943e-08 9.100000000000000311e-01 3.886646430000000270e-06 9.100000000000000311e-01 1.305980190000000034e-13 9.100000000000000311e-01 5.497633899999999629e-01
9.200000000000000400e-01 1.388830460000000083e-03 9.200000000000000400e-01 6.119593640000000636e-05 9.200000000000000400e-01 4.697102600000000188e-04 9.200000000000000400e-01 6.576621139999999758e-15 9.200000000000000400e-01 4.156317050000000179e-01 9.200000000000000400e-01 8.004403619999999903e-04 9.200000000000000400e-01 6.495934429999999673e-06 9.200000000000000400e-01 2.033831710000000086e-04 9.200000000000000400e-01 1.479610269999999869e-14 9.200000000000000400e-01 5.035520070000000237e-01 9.200000000000000400e-01 4.156747729999999926e-04 9.200000000000000400e-01 1.426173899999999978e-06 9.200000000000000400e-01 1.046584460000000066e-04 9.200000000000000400e-01 3.002585400000000104e-14 9.200000000000000400e-01 4.792176249999999804e-01 9.200000000000000400e-01 2.054690629999999997e-04 9.200000000000000400e-01 4.599995789999999978e-07 9.200000000000000400e-01 5.228551819999999851e-05 9.200000000000000400e-01 6.176608860000000202e-14 9.200000000000000400e-01 4.585417960000000015e-01 9.200000000000000400e-01 1.002823180000000030e-04 9.200000000000000400e-01 1.506810049999999895e-07 9.200000000000000400e-01 2.579263900000000105e-05 9.200000000000000400e-01 1.254658189999999962e-13 9.200000000000000400e-01 4.460381900000000011e-01 9.200000000000000400e-01 5.231004190000000361e-04 9.200000000000000400e-01 1.455265330000000002e-05 9.200000000000000400e-01 1.337964949999999916e-04 9.200000000000000400e-01 9.460107549999999460e-15 9.200000000000000400e-01 4.959290650000000023e-01 9.200000000000000400e-01 2.186894679999999930e-04 9.200000000000000400e-01 1.402267640000000038e-06 9.200000000000000400e-01 4.484643330000000325e-05 9.200000000000000400e-01 1.663041409999999885e-14 9.200000000000000400e-01 5.650809180000000431e-01 9.200000000000000400e-01 9.120226430000000228e-05 9.200000000000000400e-01 2.468098510000000132e-07 9.200000000000000400e-01 1.830455159999999981e-05 9.200000000000000400e-01 3.336212999999999766e-14 9.200000000000000400e-01 5.629528670000000234e-01 9.200000000000000400e-01 4.185885520000000011e-05 9.200000000000000400e-01 5.697484339999999869e-08 9.200000000000000400e-01 8.493951979999999355e-06 9.200000000000000400e-01 6.611872040000000317e-14 9.200000000000000400e-01 5.543652669999999949e-01 9.200000000000000400e-01 1.998287209999999973e-05 9.200000000000000400e-01 1.411810190000000048e-08 9.200000000000000400e-01 4.084025499999999952e-06 9.200000000000000400e-01 1.308497410000000078e-13 9.200000000000000400e-01 5.497633899999999629e-01
9.300000000000000488e-01 1.401112020000000067e-03 9.300000000000000488e-01 6.205611150000000522e-05 9.300000000000000488e-01 4.836602119999999804e-04 9.300000000000000488e-01 6.585979779999999824e-15 9.300000000000000488e-01 4.156317050000000179e-01 9.300000000000000488e-01 8.130822559999999720e-04 9.300000000000000488e-01 6.684815409999999715e-06 9.300000000000000488e-01 2.114509559999999916e-04 9.300000000000000488e-01 1.482153139999999902e-14 9.300000000000000488e-01 5.035520070000000237e-01 9.300000000000000488e-01 4.230689729999999836e-04 9.300000000000000488e-01 1.468388640000000078e-06 9.300000000000000488e-01 1.088522169999999942e-04 9.300000000000000488e-01 3.006956449999999786e-14 9.300000000000000488e-01 4.792176249999999804e-01 9.300000000000000488e-01 2.093403269999999925e-04 9.300000000000000488e-01 4.735461930000000093e-07 9.300000000000000488e-01 5.435957969999999752e-05 9.300000000000000488e-01 6.183508699999999929e-14 9.300000000000000488e-01 4.585417960000000015e-01 9.300000000000000488e-01 1.022078399999999969e-04 9.300000000000000488e-01 1.549622560000000103e-07 9.300000000000000488e-01 2.680509450000000018e-05 9.300000000000000488e-01 1.255843560000000044e-13 9.300000000000000488e-01 4.460381900000000011e-01 9.300000000000000488e-01 5.310430550000000286e-04 9.300000000000000488e-01 1.496580299999999980e-05 9.300000000000000488e-01 1.390673280000000059e-04 9.300000000000000488e-01 9.468697500000000660e-15 9.300000000000000488e-01 4.959290650000000023e-01 9.300000000000000488e-01 2.236217510000000001e-04 9.300000000000000488e-01 1.466629080000000102e-06 9.300000000000000488e-01 4.705803839999999944e-05 9.300000000000000488e-01 1.665064390000000119e-14 9.300000000000000488e-01 5.650809180000000431e-01 9.300000000000000488e-01 9.342341910000000096e-05 9.300000000000000488e-01 2.590998679999999818e-07 9.300000000000000488e-01 1.922769399999999914e-05 9.300000000000000488e-01 3.340163539999999743e-14 9.300000000000000488e-01 5.629528670000000234e-01 9.300000000000000488e-01 4.288268080000000006e-05 9.300000000000000488e-01 5.973277559999999754e-08 9.300000000000000488e-01 8.917664569999999354e-06 9.300000000000000488e-01 6.621676110000000019e-14 9.300000000000000488e-01 5.543652669999999949e-01 9.300000000000000488e-01 2.047070279999999866e-05 9.300000000000000488e-01 1.478186009999999969e-08 9.300000000000000488e-01 4.286295440000000340e-06 9.300000000000000488e-01 1.310865720000000111e-13 9.300000000000000488e-01 5.497633899999999629e-01
9.399999999999999467e-01 1.413109639999999894e-03 9.399999999999999467e-01 6.291139949999999736e-05 9.399999999999999467e-01 4.977315540000000179e-04 9.399999999999999467e-01 6.594951420000000146e-15 9.399999999999999467e-01 4.156317050000000179e-01 9.399999999999999467e-01 8.255191650000000270e-04 9.399999999999999467e-01 6.875821430000000327e-06 9.399999999999999467e-01 2.196441329999999968e-04 9.399999999999999467e-01 1.484536599999999921e-14 9.399999999999999467e-01 5.035520070000000237e-01 9.399999999999999467e-01 4.304010319999999955e-04 9.399999999999999467e-01 1.511188829999999959e-06 9.399999999999999467e-01 1.131196190000000057e-04 9.399999999999999467e-01 3.011065470000000260e-14 9.399999999999999467e-01 4.792176249999999804e-01 9.399999999999999467e-01 2.131941699999999904e-04 9.399999999999999467e-01 4.872952800000000068e-07 9.399999999999999467e-01 5.647226669999999961e-05 9.399999999999999467e-01 6.190026700000000245e-14 9.399999999999999467e-01 4.585417960000000015e-01 9.399999999999999467e-01 1.041277360000000010e-04 9.399999999999999467e-01 1.593043060000000065e-07 9.399999999999999467e-01 2.783677700000000130e-05 9.399999999999999467e-01 1.256966760000000023e-13 9.399999999999999467e-01 4.460381900000000011e-01 9.399999999999999467e-01 5.388490609999999634e-04 9.399999999999999467e-01 1.538289480000000118e-05 9.399999999999999467e-01 1.444169009999999990e-04 9.399999999999999467e-01 9.476913979999999680e-15 9.399999999999999467e-01 4.959290650000000023e-01 9.399999999999999467e-01 2.284960710000000033e-04 9.399999999999999467e-01 1.532521659999999948e-06 9.399999999999999467e-01 4.931867510000000255e-05 9.399999999999999467e-01 1.666989090000000061e-14 9.399999999999999467e-01 5.650809180000000431e-01 9.399999999999999467e-01 9.562814949999999883e-05 9.399999999999999467e-01 2.717281369999999772e-07 9.399999999999999467e-01 2.017296530000000057e-05 9.399999999999999467e-01 3.343922209999999870e-14 9.399999999999999467e-01 5.629528670000000234e-01 9.399999999999999467e-01 4.390072140000000190e-05 9.399999999999999467e-01 6.256547990000000382e-08 9.399999999999999467e-01 9.351586310000000065e-06 9.399999999999999467e-01 6.630955179999999580e-14 9.399999999999999467e-01 5.543652669999999949e-01 9.399999999999999467e-01 2.095610569999999906e-05 9.399999999999999467e-01 1.546319430000000161e-08 9.399999999999999467e-01 4.493431470000000061e-06 9.399999999999999467e-01 1.313096079999999927e-13 9.399999999999999467e-01 5.497633899999999629e-01
9.499999999999999556e-01 1.424831039999999941e-03 9.499999999999999556e-01 6.376203460000000648e-05 9.499999999999999556e-01 5.119214840000000516e-04 9.499999999999999556e-01 6.603552600000000112e-15 9.499999999999999556e-01 4.156317050000000179e-01 9.499999999999999556e-01 8.377551229999999740e-04 9.499999999999999556e-01 7.068977420000000250e-06 9.499999999999999556e-01 2.279606700000000124e-04 9.499999999999999556e-01 1.486773229999999870e-14 9.499999999999999556e-01 5.035520070000000237e-01 9.499999999999999556e-01 4.376716080000000010e-04 9.499999999999999556e-01 1.554584750000000066e-06 9.499999999999999556e-01 1.174600329999999938e-04 9.499999999999999556e-01 3.014932930000000049e-14 9.499999999999999556e-01 4.792176249999999804e-01 9.499999999999999556e-01 2.170306539999999895e-04 9.499999999999999556e-01 5.012503759999999529e-07 9.499999999999999556e-01 5.862340520000000209e-05 9.499999999999999556e-01 6.196191400000000430e-14 9.499999999999999556e-01 4.585417960000000015e-01 9.499999999999999556e-01 1.060420009999999948e-04 9.499999999999999556e-01 1.637081669999999962e-07 9.499999999999999556e-01 2.888763039999999951e-05 9.499999999999999556e-01 1.258032280000000036e-13 9.499999999999999556e-01 4.460381900000000011e-01 9.499999999999999556e-01 5.465226159999999472e-04 9.499999999999999556e-01 1.580397190000000163e-05 9.499999999999999556e-01 1.498438680000000096e-04 9.499999999999999556e-01 9.484779340000000385e-15 9.499999999999999556e-01 4.959290650000000023e-01 9.499999999999999556e-01 2.333141319999999970e-04 9.499999999999999556e-01 1.599952750000000053e-06 9.499999999999999556e-01 5.162777229999999880e-05 9.499999999999999556e-01 1.668821679999999863e-14 9.499999999999999556e-01 5.650809180000000431e-01 9.499999999999999556e-01 9.781699680000000409e-05 9.499999999999999556e-01 2.846969569999999746e-07 9.499999999999999556e-01 2.114020399999999889e-05 9.499999999999999556e-01 3.347501120000000176e-14 9.499999999999999556e-01 5.629528670000000234e-01 9.499999999999999556e-01 4.491319949999999746e-05 9.499999999999999556e-01 6.547357410000000603e-08 9.499999999999999556e-01 9.795660459999999374e-06 9.499999999999999556e-01 6.639745429999999428e-14 9.499999999999999556e-01 5.543652669999999949e-01 9.499999999999999556e-01 2.143918240000000018e-05 9.499999999999999556e-01 1.616226710000000017e-08 9.499999999999999556e-01 4.705409799999999849e-06 9.499999999999999556e-01 1.315198640000000033e-13 9.499999999999999556e-01 5.497633899999999629e-01
9.599999999999999645e-01 1.436283650000000009e-03 9.599999999999999645e-01 6.460824549999999694e-05 9.599999999999999645e-01 5.262272779999999615e-04 9.599999999999999645e-01 6.611799210000000019e-15 9.599999999999999645e-01 4.156317050000000179e-01 9.599999999999999645e-01 8.497940410000000147e-04 9.599999999999999645e-01 7.264309410000000100e-06 9.599999999999999645e-01 2.363985779999999899e-04 9.599999999999999645e-01 1.488874549999999884e-14 9.599999999999999645e-01 5.035520070000000237e-01 9.599999999999999645e-01 4.448813110000000024e-04 9.599999999999999645e-01 1.598587100000000038e-06 9.599999999999999645e-01 1.218728480000000011e-04 9.599999999999999645e-01 3.018577570000000196e-14 9.599999999999999645e-01 4.792176249999999804e-01 9.599999999999999645e-01 2.208498290000000070e-04 9.599999999999999645e-01 5.154151509999999786e-07 9.599999999999999645e-01 6.081282210000000003e-05 9.599999999999999645e-01 6.202028980000000188e-14 9.599999999999999645e-01 4.585417960000000015e-01 9.599999999999999645e-01 1.079506280000000062e-04 9.599999999999999645e-01 1.681748879999999995e-07 9.599999999999999645e-01 2.995759829999999861e-05 9.599999999999999645e-01 1.259044250000000035e-13 9.599999999999999645e-01 4.460381900000000011e-01 9.599999999999999645e-01 5.540676740000000100e-04 9.599999999999999645e-01 1.622907709999999885e-05 9.599999999999999645e-01 1.553469249999999899e-04 9.599999999999999645e-01 9.492314390000000606e-15 9.599999999999999645e-01 4.959290650000000023e-01 9.599999999999999645e-01 2.380776199999999935e-04 9.599999999999999645e-01 1.668930370000000074e-06 9.599999999999999645e-01 5.398477590000000132e-05 9.599999999999999645e-01 1.670567950000000060e-14 9.599999999999999645e-01 5.650809180000000431e-01 9.599999999999999645e-01 9.999049870000000677e-05 9.599999999999999645e-01 2.980087610000000117e-07 9.599999999999999645e-01 2.212925399999999919e-05 9.599999999999999645e-01 3.350911549999999892e-14 9.599999999999999645e-01 5.629528670000000234e-01 9.599999999999999645e-01 4.592033440000000088e-05 9.599999999999999645e-01 6.845770640000000233e-08 9.599999999999999645e-01 1.024983250000000026e-05 9.599999999999999645e-01 6.648080379999999837e-14 9.599999999999999645e-01 5.543652669999999949e-01 9.599999999999999645e-01 2.192003249999999908e-05 9.599999999999999645e-01 1.687924879999999838e-08 9.599999999999999645e-01 4.922207689999999801e-06 9.599999999999999645e-01 1.317182799999999998e-13 9.599999999999999645e-01 5.497633899999999629e-01
9.699999999999999734e-01 1.447474650000000031e-03 9.699999999999999734e-01 6.545025589999999374e-05 9.699999999999999734e-01 5.406462850000000406e-04 9.699999999999999734e-01 6.619706520000000270e-15 9.699999999999999734e-01 4.156317050000000179e-01 9.699999999999999734e-01 8.616397089999999672e-04 9.699999999999999734e-01 7.461844510000000173e-06 9.699999999999999734e-01 2.449559060000000002e-04 9.699999999999999734e-01 1.490851159999999946e-14 9.699999999999999734e-01 5.035520070000000237e-01 9.699999999999999734e-01 4.520306999999999884e-04 9.699999999999999734e-01 1.643206970000000081e-06 9.699999999999999734e-01 1.263574579999999961e-04 9.699999999999999734e-01 3.022016559999999818e-14 9.699999999999999734e-01 4.792176249999999804e-01 9.699999999999999734e-01 2.246517349999999915e-04 9.699999999999999734e-01 5.297934070000000054e-07 9.699999999999999734e-01 6.304034419999999703e-05 9.699999999999999734e-01 6.207563449999999928e-14 9.699999999999999734e-01 4.585417960000000015e-01 9.699999999999999734e-01 1.098536089999999993e-04 9.699999999999999734e-01 1.727055589999999998e-07 9.699999999999999734e-01 3.104662409999999910e-05 9.699999999999999734e-01 1.260006430000000100e-13 9.699999999999999734e-01 4.460381900000000011e-01 9.699999999999999734e-01 5.614879729999999606e-04 9.699999999999999734e-01 1.665825289999999922e-05 9.699999999999999734e-01 1.609248060000000112e-04 9.699999999999999734e-01 9.499538480000000014e-15 9.699999999999999734e-01 4.959290650000000023e-01 9.699999999999999734e-01 2.427881790000000102e-04 9.699999999999999734e-01 1.739463110000000045e-06 9.699999999999999734e-01 5.638914829999999798e-05 9.699999999999999734e-01 1.672233270000000001e-14 9.699999999999999734e-01 5.650809180000000431e-01 9.699999999999999734e-01 1.021491830000000013e-04 9.699999999999999734e-01 3.116661110000000119e-07 9.699999999999999734e-01 2.313996459999999986e-05 9.699999999999999734e-01 3.354164020000000279e-14 9.699999999999999734e-01 5.629528670000000234e-01 9.699999999999999734e-01 4.692233959999999931e-05 9.699999999999999734e-01 7.151855560000000397e-08 9.699999999999999734e-01 1.071405009999999945e-05 9.699999999999999734e-01 6.655991150000000255e-14 9.699999999999999734e-01 5.543652669999999949e-01 9.699999999999999734e-01 2.239875260000000144e-05 9.699999999999999734e-01 1.761431760000000009e-08 9.699999999999999734e-01 5.143803360000000108e-06 9.699999999999999734e-01 1.319057230000000093e-13 9.699999999999999734e-01 5.497633899999999629e-01
9.799999999999999822e-01 1.458410959999999895e-03 9.799999999999999822e-01 6.628828460000000622e-05 9.799999999999999822e-01 5.551759229999999809e-04 9.799999999999999822e-01 6.627289189999999806e-15 9.799999999999999822e-01 4.156317050000000179e-01 9.799999999999999822e-01 8.732958049999999884e-04 9.799999999999999822e-01 7.661610850000000655e-06 9.799999999999999822e-01 2.536307409999999894e-04 9.799999999999999822e-01 1.492712749999999892e-14 9.799999999999999822e-01 5.035520070000000237e-01 9.799999999999999822e-01 4.591202999999999756e-04 9.799999999999999822e-01 1.688455830000000087e-06 9.799999999999999822e-01 1.309132630000000045e-04 9.799999999999999822e-01 3.025265619999999872e-14 9.799999999999999822e-01 4.792176249999999804e-01 9.799999999999999822e-01 2.284364040000000048e-04 9.799999999999999822e-01 5.443890850000000355e-07 9.799999999999999822e-01 6.530579930000000627e-05 9.799999999999999822e-01 6.212816780000000430e-14 9.799999999999999822e-01 4.585417960000000015e-01 9.799999999999999822e-01 1.117509309999999991e-04 9.799999999999999822e-01 1.773013080000000127e-07 9.799999999999999822e-01 3.215465160000000126e-05 9.799999999999999822e-01 1.260922310000000044e-13 9.799999999999999822e-01 4.460381900000000011e-01 9.799999999999999822e-01 5.687870440000000012e-04 9.799999999999999822e-01 1.709154179999999892e-05 9.799999999999999822e-01 1.665762800000000050e-04 9.799999999999999822e-01 9.506469650000000096e-15 9.799999999999999822e-01 4.959290650000000023e-01 9.799999999999999822e-01 2.474474019999999973e-04 9.799999999999999822e-01 1.811560100000000049e-06 9.799999999999999822e-01 5.884036830000000058e-05 9.799999999999999822e-01 1.673822660000000044e-14 9.799999999999999822e-01 5.650809180000000431e-01 9.799999999999999822e-01 1.042935599999999976e-04 9.799999999999999822e-01 3.256717010000000068e-07 9.799999999999999822e-01 2.417219000000000141e-05 9.799999999999999822e-01 3.357268299999999894e-14 9.799999999999999822e-01 5.629528670000000234e-01 9.799999999999999822e-01 4.791942059999999831e-05 9.799999999999999822e-01 7.465683090000000541e-08 9.799999999999999822e-01 1.118826289999999977e-05 9.799999999999999822e-01 6.663506569999999593e-14 9.799999999999999822e-01 5.543652669999999949e-01 9.799999999999999822e-01 2.287543529999999843e-05 9.799999999999999822e-01 1.836765960000000011e-08 9.799999999999999822e-01 5.370175959999999886e-06 9.799999999999999822e-01 1.320829950000000009e-13 9.799999999999999822e-01 5.497633899999999629e-01
9.899999999999999911e-01 1.469099260000000014e-03 9.899999999999999911e-01 6.712254580000000248e-05 9.899999999999999911e-01 5.698136779999999615e-04 9.899999999999999911e-01 6.634561270000000041e-15 9.899999999999999911e-01 4.156317050000000179e-01 9.899999999999999911e-01 8.847658910000000482e-04 9.899999999999999911e-01 7.863637570000000103e-06 9.899999999999999911e-01 2.624212029999999887e-04 9.899999999999999911e-01 1.494468220000000010e-14 9.899999999999999911e-01 5.035520070000000237e-01 9.899999999999999911e-01 4.661505959999999774e-04 9.899999999999999911e-01 1.734345559999999950e-06 9.899999999999999911e-01 1.355396659999999996e-04 9.899999999999999911e-01 3.028339130000000294e-14 9.899999999999999911e-01 4.792176249999999804e-01 9.899999999999999911e-01 2.322038580000000132e-04 9.899999999999999911e-01 5.592062640000000426e-07 9.899999999999999911e-01 6.760901489999999873e-05 9.899999999999999911e-01 6.217809149999999952e-14 9.899999999999999911e-01 4.585417960000000015e-01 9.899999999999999911e-01 1.136425799999999937e-04 9.899999999999999911e-01 1.819633070000000015e-07 9.899999999999999911e-01 3.328162379999999906e-05 9.899999999999999911e-01 1.261795069999999926e-13 9.899999999999999911e-01 4.460381900000000011e-01 9.899999999999999911e-01 5.759682159999999487e-04 9.899999999999999911e-01 1.752898579999999953e-05 9.899999999999999911e-01 1.723001539999999949e-04 9.899999999999999911e-01 9.513124699999999403e-15 9.899999999999999911e-01 4.959290650000000023e-01 9.899999999999999911e-01 2.520568209999999860e-04 9.899999999999999911e-01 1.885231070000000018e-06 9.899999999999999911e-01 6.133793029999999786e-05 9.899999999999999911e-01 1.675340789999999980e-14 9.899999999999999911e-01 5.650809180000000431e-01 9.899999999999999911e-01 1.064241210000000005e-04 9.899999999999999911e-01 3.400283540000000194e-07 9.899999999999999911e-01 2.522578969999999943e-05 9.899999999999999911e-01 3.360233530000000247e-14 9.899999999999999911e-01 5.629528670000000234e-01 9.899999999999999911e-01 4.891177380000000051e-05 9.899999999999999911e-01 7.787327139999999575e-08 9.899999999999999911e-01 1.167242270000000001e-05 9.899999999999999911e-01 6.670653330000000302e-14 9.899999999999999911e-01 5.543652669999999949e-01 9.899999999999999911e-01 2.335016880000000082e-05 9.899999999999999911e-01 1.913946840000000061e-08 9.899999999999999911e-01 5.601305559999999896e-06 9.899999999999999911e-01 1.322508349999999993e-13 9.899999999999999911e-01 5.497633899999999629e-01
1.000000000000000000e+00 1.479545999999999986e-03 1.000000000000000000e+00 6.795324919999999570e-05 1.000000000000000000e+00 5.845571030000000024e-04 1.000000000000000000e+00 6.641536240000000125e-15 1.000000000000000000e+00 4.156317050000000179e-01 1.000000000000000000e+00 8.960534269999999822e-04 1.000000000000000000e+00 8.067954819999999675e-06 1.000000000000000000e+00 2.713254499999999858e-04 1.000000000000000000e+00 1.496125710000000098e-14 1.000000000000000000e+00 5.035520070000000237e-01 1.000000000000000000e+00 4.731220470000000030e-04 1.000000000000000000e+00 1.780888449999999996e-06 1.000000000000000000e+00 1.402360780000000038e-04 1.000000000000000000e+00 3.031250269999999972e-14 1.000000000000000000e+00 4.792176249999999804e-01 1.000000000000000000e+00 2.359541149999999990e-04 1.000000000000000000e+00 5.742491639999999820e-07 1.000000000000000000e+00 6.994981910000000263e-05 1.000000000000000000e+00 6.222559049999999899e-14 1.000000000000000000e+00 4.585417960000000015e-01 1.000000000000000000e+00 1.155285410000000024e-04 1.000000000000000000e+00 1.866927630000000034e-07 1.000000000000000000e+00 3.442748420000000143e-05 1.000000000000000000e+00 1.262627629999999978e-13 1.000000000000000000e+00 4.460381900000000011e-01 1.000000000000000000e+00 5.830346280000000539e-04 1.000000000000000000e+00 1.797062689999999927e-05 1.000000000000000000e+00 1.780952620000000050e-04 1.000000000000000000e+00 9.519519279999999852e-15 1.000000000000000000e+00 4.959290650000000023e-01 1.000000000000000000e+00 2.566178969999999933e-04 1.000000000000000000e+00 1.960486250000000003e-06 1.000000000000000000e+00 6.388134359999999494e-05 1.000000000000000000e+00 1.676791999999999973e-14 1.000000000000000000e+00 5.650809180000000431e-01 1.000000000000000000e+00 1.085413369999999983e-04 1.000000000000000000e+00 3.547390210000000077e-07 1.000000000000000000e+00 2.630062800000000016e-05 1.000000000000000000e+00 3.363068169999999814e-14 1.000000000000000000e+00 5.629528670000000234e-01 1.000000000000000000e+00 4.989958550000000282e-05 1.000000000000000000e+00 8.116864600000000339e-08 1.000000000000000000e+00 1.216648319999999952e-05 1.000000000000000000e+00 6.677456160000000140e-14 1.000000000000000000e+00 5.543652669999999949e-01 1.000000000000000000e+00 2.382303649999999859e-05 1.000000000000000000e+00 1.992994539999999959e-08 1.000000000000000000e+00 5.837173109999999857e-06 1.000000000000000000e+00 1.324099249999999953e-13 1.000000000000000000e+00 5.497633899999999629e-01
1.010000000000000009e+00 1.489757420000000030e-03 1.010000000000000009e+00 6.878060060000000650e-05 1.010000000000000009e+00 5.994038129999999841e-04 1.010000000000000009e+00 6.648227030000000098e-15 1.010000000000000009e+00 4.156317050000000179e-01 1.010000000000000009e+00 9.071617680000000454e-04 1.010000000000000009e+00 8.274593679999999460e-06 1.010000000000000009e+00 2.803416739999999951e-04 1.010000000000000009e+00 1.497692670000000078e-14 1.010000000000000009e+00 5.035520070000000237e-01 1.010000000000000009e+00 4.800350850000000068e-04 1.010000000000000009e+00 1.828097180000000059e-06 1.010000000000000009e+00 1.450019130000000005e-04 1.010000000000000009e+00 3.034011090000000209e-14 1.010000000000000009e+00 4.792176249999999804e-01 1.010000000000000009e+00 2.396871850000000036e-04 1.010000000000000009e+00 5.895221490000000141e-07 1.010000000000000009e+00 7.232804000000000555e-05 1.010000000000000009e+00 6.227083409999999432e-14 1.010000000000000009e+00 4.585417960000000015e-01 1.010000000000000009e+00 1.174087960000000022e-04 1.010000000000000009e+00 1.914909309999999918e-07 1.010000000000000009e+00 3.559217560000000247e-05 1.010000000000000009e+00 1.263422679999999904e-13 1.010000000000000009e+00 4.460381900000000011e-01 1.010000000000000009e+00 5.899892439999999657e-04 1.010000000000000009e+00 1.841650689999999981e-05 1.010000000000000009e+00 1.839604739999999971e-04 1.010000000000000009e+00 9.525667940000000400e-15 1.010000000000000009e+00 4.959290650000000023e-01 1.010000000000000009e+00 2.611320219999999862e-04 1.010000000000000009e+00 2.037336399999999863e-06 1.010000000000000009e+00 6.647013179999999670e-05 1.010000000000000009e+00 1.678180349999999924e-14 1.010000000000000009e+00 5.650809180000000431e-01 1.010000000000000009e+00 1.106456509999999960e-04 1.010000000000000009e+00 3.698067790000000162e-07 1.010000000000000009e+00 2.739657349999999873e-05 1.010000000000000009e+00 3.365780139999999695e-14 1.010000000000000009e+00 5.629528670000000234e-01 1.010000000000000009e+00 5.088303120000000192e-05 1.010000000000000009e+00 8.454375319999999995e-08 1.010000000000000009e+00 1.267039989999999991e-05 1.010000000000000009e+00 6.683937909999999725e-14 1.010000000000000009e+00 5.543652669999999949e-01 1.010000000000000009e+00 2.429411689999999994e-05 1.010000000000000009e+00 2.073929960000000083e-08 1.010000000000000009e+00 6.077760340000000197e-06 1.010000000000000009e+00 1.325608930000000022e-13 1.010000000000000009e+00 5.497633899999999629e-01
1.020000000000000018e+00 1.499739560000000081e-03 1.020000000000000018e+00 6.960480150000000223e-05 1.020000000000000018e+00 6.143514869999999652e-04 1.020000000000000018e+00 6.654646000000000100e-15 1.020000000000000018e+00 4.156317050000000179e-01 1.020000000000000018e+00 9.180941750000000011e-04 1.020000000000000018e+00 8.483586220000000807e-06 1.020000000000000018e+00 2.894680990000000117e-04 1.020000000000000018e+00 1.499175929999999980e-14 1.020000000000000018e+00 5.035520070000000237e-01 1.020000000000000018e+00 4.868901199999999766e-04 1.020000000000000018e+00 1.875984870000000084e-06 1.020000000000000018e+00 1.498365869999999922e-04 1.020000000000000018e+00 3.036632610000000282e-14 1.020000000000000018e+00 4.792176249999999804e-01 1.020000000000000018e+00 2.434030759999999949e-04 1.020000000000000018e+00 6.050297329999999963e-07 1.020000000000000018e+00 7.474350560000000358e-05 1.020000000000000018e+00 6.231397779999999853e-14 1.020000000000000018e+00 4.585417960000000015e-01 1.020000000000000018e+00 1.192833279999999934e-04 1.020000000000000018e+00 1.963591039999999983e-07 1.020000000000000018e+00 3.677564099999999954e-05 1.020000000000000018e+00 1.264182679999999892e-13 1.020000000000000018e+00 4.460381900000000011e-01 1.020000000000000018e+00 5.968348570000000164e-04 1.020000000000000018e+00 1.886666739999999962e-05 1.020000000000000018e+00 1.898946839999999994e-04 1.020000000000000018e+00 9.531584260000000181e-15 1.020000000000000018e+00 4.959290650000000023e-01 1.020000000000000018e+00 2.656005120000000191e-04 1.020000000000000018e+00 2.115792799999999856e-06 1.020000000000000018e+00 6.910383189999999651e-05 1.020000000000000018e+00 1.679509590000000104e-14 1.020000000000000018e+00 5.650809180000000431e-01 1.020000000000000018e+00 1.127374810000000041e-04 1.020000000000000018e+00 3.852348320000000208e-07 1.020000000000000018e+00 2.851349940000000104e-05 1.020000000000000018e+00 3.368376770000000147e-14 1.020000000000000018e+00 5.629528670000000234e-01 1.020000000000000018e+00 5.186227560000000107e-05 1.020000000000000018e+00 8.799942079999999456e-08 1.020000000000000018e+00 1.318412980000000022e-05 1.020000000000000018e+00 6.690119759999999662e-14 1.020000000000000018e+00 5.543652669999999949e-01 1.020000000000000018e+00 2.476348340000000093e-05 1.020000000000000018e+00 2.156774769999999895e-08 1.020000000000000018e+00 6.323049739999999868e-06 1.020000000000000018e+00 1.327043160000000106e-13 1.020000000000000018e+00 5.497633899999999629e-01
1.030000000000000027e+00 1.509498240000000085e-03 1.030000000000000027e+00 7.042604979999999985e-05 1.030000000000000027e+00 6.293978599999999974e-04 1.030000000000000027e+00 6.660805010000000362e-15 1.030000000000000027e+00 4.156317050000000179e-01 1.030000000000000027e+00 9.288538149999999880e-04 1.030000000000000027e+00 8.694965460000000251e-06 1.030000000000000027e+00 2.987029810000000111e-04 1.030000000000000027e+00 1.500581739999999943e-14 1.030000000000000027e+00 5.035520070000000237e-01 1.030000000000000027e+00 4.936875450000000227e-04 1.030000000000000027e+00 1.924565039999999988e-06 1.030000000000000027e+00 1.547395230000000077e-04 1.030000000000000027e+00 3.039124930000000265e-14 1.030000000000000027e+00 4.792176249999999804e-01 1.030000000000000027e+00 2.471017929999999802e-04 1.030000000000000027e+00 6.207765800000000124e-07 1.030000000000000027e+00 7.719604419999999433e-05 1.030000000000000027e+00 6.235516420000000489e-14 1.030000000000000027e+00 4.585417960000000015e-01 1.030000000000000027e+00 1.211521170000000016e-04 1.030000000000000027e+00 2.012986229999999905e-07 1.030000000000000027e+00 3.797782310000000206e-05 1.030000000000000027e+00 1.264909919999999973e-13 1.030000000000000027e+00 4.460381900000000011e-01 1.030000000000000027e+00 6.035741039999999689e-04 1.030000000000000027e+00 1.932115000000000050e-05 1.030000000000000027e+00 1.958968160000000016e-04 1.030000000000000027e+00 9.537280890000000071e-15 1.030000000000000027e+00 4.959290650000000023e-01 1.030000000000000027e+00 2.700246080000000119e-04 1.030000000000000027e+00 2.195867220000000115e-06 1.030000000000000027e+00 7.178199399999999502e-05 1.030000000000000027e+00 1.680783229999999881e-14 1.030000000000000027e+00 5.650809180000000431e-01 1.030000000000000027e+00 1.148172210000000066e-04 1.030000000000000027e+00 4.010265070000000198e-07 1.030000000000000027e+00 2.965128279999999878e-05 1.030000000000000027e+00 3.370864910000000252e-14 1.030000000000000027e+00 5.629528670000000234e-01 1.030000000000000027e+00 5.283747209999999854e-05 1.030000000000000027e+00 9.153650570000000393e-08 1.030000000000000027e+00 1.370763189999999994e-05 1.030000000000000027e+00 6.696021279999999898e-14 1.030000000000000027e+00 5.543652669999999949e-01 1.030000000000000027e+00 2.523120409999999914e-05 1.030000000000000027e+00 2.241551380000000087e-08 1.030000000000000027e+00 6.573024519999999586e-06 1.030000000000000027e+00 1.328407290000000063e-13 1.030000000000000027e+00 5.497633899999999629e-01
1.040000000000000036e+00 1.519039119999999977e-03 1.040000000000000036e+00 7.124453970000000670e-05 1.040000000000000036e+00 6.445407260000000048e-04 1.040000000000000036e+00 6.666715389999999634e-15 1.040000000000000036e+00 4.156317050000000179e-01 1.040000000000000036e+00 9.394437700000000512e-04 1.040000000000000036e+00 8.908765350000000032e-06 1.040000000000000036e+00 3.080446089999999996e-04 1.040000000000000036e+00 1.501915809999999884e-14 1.040000000000000036e+00 5.035520070000000237e-01 1.040000000000000036e+00 5.004277379999999900e-04 1.040000000000000036e+00 1.973851650000000013e-06 1.040000000000000036e+00 1.597101470000000095e-04 1.040000000000000036e+00 3.041497289999999758e-14 1.040000000000000036e+00 4.792176249999999804e-01 1.040000000000000036e+00 2.507833359999999865e-04 1.040000000000000036e+00 6.367675099999999709e-07 1.040000000000000036e+00 7.968548419999999400e-05 1.040000000000000036e+00 6.239452410000000245e-14 1.040000000000000036e+00 4.585417960000000015e-01 1.040000000000000036e+00 1.230151429999999982e-04 1.040000000000000036e+00 2.063108700000000052e-07 1.040000000000000036e+00 3.919866419999999934e-05 1.040000000000000036e+00 1.265606470000000089e-13 1.040000000000000036e+00 4.460381900000000011e-01 1.040000000000000036e+00 6.102094759999999530e-04 1.040000000000000036e+00 1.977999650000000079e-05 1.040000000000000036e+00 2.019658199999999982e-04 1.040000000000000036e+00 9.542769599999999531e-15 1.040000000000000036e+00 4.959290650000000023e-01 1.040000000000000036e+00 2.744054780000000139e-04 1.040000000000000036e+00 2.277571900000000148e-06 1.040000000000000036e+00 7.450418000000000264e-05 1.040000000000000036e+00 1.682004539999999929e-14 1.040000000000000036e+00 5.650809180000000431e-01 1.040000000000000036e+00 1.168852370000000049e-04 1.040000000000000036e+00 4.171852539999999815e-07 1.040000000000000036e+00 3.080980470000000326e-05 1.040000000000000036e+00 3.373250920000000127e-14 1.040000000000000036e+00 5.629528670000000234e-01 1.040000000000000036e+00 5.380876339999999739e-05 1.040000000000000036e+00 9.515589399999999454e-08 1.040000000000000036e+00 1.424086629999999962e-05 1.040000000000000036e+00 6.701660580000000013e-14 1.040000000000000036e+00 5.543652669999999949e-01 1.040000000000000036e+00 2.569734229999999845e-05 1.040000000000000036e+00 2.328282970000000107e-08 1.040000000000000036e+00 6.827668550000000344e-06 1.040000000000000036e+00 1.329706190000000088e-13 1.040000000000000036e+00 5.497633899999999629e-01
1.050000000000000044e+00 1.528367650000000098e-03 1.050000000000000044e+00 7.206046209999999997e-05 1.050000000000000044e+00 6.597779340000000173e-04 1.050000000000000044e+00 6.672387989999999907e-15 1.050000000000000044e+00 4.156317050000000179e-01 1.050000000000000044e+00 9.498670380000000290e-04 1.050000000000000044e+00 9.125020810000000616e-06 1.050000000000000044e+00 3.174913009999999762e-04 1.050000000000000044e+00 1.503183360000000127e-14 1.050000000000000044e+00 5.035520070000000237e-01 1.050000000000000044e+00 5.071110650000000422e-04 1.050000000000000044e+00 2.023859089999999841e-06 1.050000000000000044e+00 1.647478880000000025e-04 1.050000000000000044e+00 3.043758120000000084e-14 1.050000000000000044e+00 4.792176249999999804e-01 1.050000000000000044e+00 2.544477049999999867e-04 1.050000000000000044e+00 6.530075050000000506e-07 1.050000000000000044e+00 8.221165370000000370e-05 1.050000000000000044e+00 6.243217739999999804e-14 1.050000000000000044e+00 4.585417960000000015e-01 1.050000000000000044e+00 1.248723859999999956e-04 1.050000000000000044e+00 2.113972769999999959e-07 1.050000000000000044e+00 4.043810660000000105e-05 1.050000000000000044e+00 1.266274260000000082e-13 1.050000000000000044e+00 4.460381900000000011e-01 1.050000000000000044e+00 6.167433289999999868e-04 1.050000000000000044e+00 2.024324849999999891e-05 1.050000000000000044e+00 2.081006670000000078e-04 1.050000000000000044e+00 9.548061399999999733e-15 1.050000000000000044e+00 4.959290650000000023e-01 1.050000000000000044e+00 2.787442179999999824e-04 1.050000000000000044e+00 2.360919600000000078e-06 1.050000000000000044e+00 7.726996320000000592e-05 1.050000000000000044e+00 1.683176550000000018e-14 1.050000000000000044e+00 5.650809180000000431e-01 1.050000000000000044e+00 1.189418710000000011e-04 1.050000000000000044e+00 4.337146449999999989e-07 1.050000000000000044e+00 3.198894959999999828e-05 1.050000000000000044e+00 3.375540719999999970e-14 1.050000000000000044e+00 5.629528670000000234e-01 1.050000000000000044e+00 5.477628159999999697e-05 1.050000000000000044e+00 9.885850029999999657e-08 1.050000000000000044e+00 1.478379460000000055e-05 1.050000000000000044e+00 6.707054400000000149e-14 1.050000000000000044e+00 5.543652669999999949e-01 1.050000000000000044e+00 2.616195640000000064e-05 1.050000000000000044e+00 2.416993470000000139e-08 1.050000000000000044e+00 7.086966290000000404e-06 1.050000000000000044e+00 1.330944390000000062e-13 1.050000000000000044e+00 5.497633899999999629e-01
1.060000000000000053e+00 1.537489130000000087e-03 1.060000000000000053e+00 7.287400430000000643e-05 1.060000000000000053e+00 6.751073879999999533e-04 1.060000000000000053e+00 6.677833180000000103e-15 1.060000000000000053e+00 4.156317050000000179e-01 1.060000000000000053e+00 9.601265399999999589e-04 1.060000000000000053e+00 9.343767699999999522e-06 1.060000000000000053e+00 3.270414039999999865e-04 1.060000000000000053e+00 1.504389180000000125e-14 1.060000000000000053e+00 5.035520070000000237e-01 1.060000000000000053e+00 5.137378799999999576e-04 1.060000000000000053e+00 2.074602229999999839e-06 1.060000000000000053e+00 1.698521799999999984e-04 1.060000000000000053e+00 3.045915190000000157e-14 1.060000000000000053e+00 4.792176249999999804e-01 1.060000000000000053e+00 2.580948979999999888e-04 1.060000000000000053e+00 6.695017109999999660e-07 1.060000000000000053e+00 8.477438099999999393e-05 1.060000000000000053e+00 6.246823459999999385e-14 1.060000000000000053e+00 4.585417960000000015e-01 1.060000000000000053e+00 1.267238250000000098e-04 1.060000000000000053e+00 2.165593230000000075e-07 1.060000000000000053e+00 4.169609260000000327e-05 1.060000000000000053e+00 1.266915039999999952e-13 1.060000000000000053e+00 4.460381900000000011e-01 1.060000000000000053e+00 6.231778909999999500e-04 1.060000000000000053e+00 2.071094790000000159e-05 1.060000000000000053e+00 2.143003549999999958e-04 1.060000000000000053e+00 9.553166520000000412e-15 1.060000000000000053e+00 4.959290650000000023e-01 1.060000000000000053e+00 2.830418549999999880e-04 1.060000000000000053e+00 2.445923519999999932e-06 1.060000000000000053e+00 8.007892740000000366e-05 1.060000000000000053e+00 1.684302089999999954e-14 1.060000000000000053e+00 5.650809180000000431e-01 1.060000000000000053e+00 1.209874400000000025e-04 1.060000000000000053e+00 4.506183720000000181e-07 1.060000000000000053e+00 3.318860519999999956e-05 1.060000000000000053e+00 3.377739819999999734e-14 1.060000000000000053e+00 5.629528670000000234e-01 1.060000000000000053e+00 5.574014859999999944e-05 1.060000000000000053e+00 1.026452679999999964e-07 1.060000000000000053e+00 1.533637970000000157e-05 1.060000000000000053e+00 6.712218229999999724e-14 1.060000000000000053e+00 5.543652669999999949e-01 1.060000000000000053e+00 2.662510029999999838e-05 1.060000000000000053e+00 2.507707569999999947e-08 1.060000000000000053e+00 7.350902769999999883e-06 1.060000000000000053e+00 1.332126030000000121e-13 1.060000000000000053e+00 5.497633899999999629e-01
1.070000000000000062e+00 1.546408669999999909e-03 1.070000000000000062e+00 7.368535100000000364e-05 1.070000000000000062e+00 6.905270439999999571e-04 1.070000000000000062e+00 6.683060900000000008e-15 1.070000000000000062e+00 4.156317050000000179e-01 1.070000000000000062e+00 9.702251199999999695e-04 1.070000000000000062e+00 9.565042849999999273e-06 1.070000000000000062e+00 3.366932960000000065e-04 1.070000000000000062e+00 1.505537660000000032e-14 1.070000000000000062e+00 5.035520070000000237e-01 1.070000000000000062e+00 5.203085299999999757e-04 1.070000000000000062e+00 2.126096360000000203e-06 1.070000000000000062e+00 1.750224590000000013e-04 1.070000000000000062e+00 3.047975570000000284e-14 1.070000000000000062e+00 4.792176249999999804e-01 1.070000000000000062e+00 2.617249130000000009e-04 1.070000000000000062e+00 6.862554459999999500e-07 1.070000000000000062e+00 8.737349440000000296e-05 1.070000000000000062e+00 6.250279680000000007e-14 1.070000000000000062e+00 4.585417960000000015e-01 1.070000000000000062e+00 1.285694400000000123e-04 1.070000000000000062e+00 2.217985339999999902e-07 1.070000000000000062e+00 4.297256370000000260e-05 1.070000000000000062e+00 1.267530460000000096e-13 1.070000000000000062e+00 4.460381900000000011e-01 1.070000000000000062e+00 6.295152759999999605e-04 1.070000000000000062e+00 2.118313690000000012e-05 1.070000000000000062e+00 2.205639009999999867e-04 1.070000000000000062e+00 9.558094529999999847e-15 1.070000000000000062e+00 4.959290650000000023e-01 1.070000000000000062e+00 2.872993489999999895e-04 1.070000000000000062e+00 2.532597340000000204e-06 1.070000000000000062e+00 8.293066650000000038e-05 1.070000000000000062e+00 1.685383789999999895e-14 1.070000000000000062e+00 5.650809180000000431e-01 1.070000000000000062e+00 1.230222370000000039e-04 1.070000000000000062e+00 4.679002490000000042e-07 1.070000000000000062e+00 3.440866250000000219e-05 1.070000000000000062e+00 3.379853359999999756e-14 1.070000000000000062e+00 5.629528670000000234e-01 1.070000000000000062e+00 5.670047639999999773e-05 1.070000000000000062e+00 1.065171699999999948e-07 1.070000000000000062e+00 1.589858570000000077e-05 1.070000000000000062e+00 6.717166399999999631e-14 1.070000000000000062e+00 5.543652669999999949e-01 1.070000000000000062e+00 2.708682339999999891e-05 1.070000000000000062e+00 2.600450730000000036e-08 1.070000000000000062e+00 7.619463559999999590e-06 1.070000000000000062e+00 1.333254929999999957e-13 1.070000000000000062e+00 5.497633899999999629e-01
1.080000000000000071e+00 1.555131260000000007e-03 1.080000000000000071e+00 7.449468330000000521e-05 1.080000000000000071e+00 7.060349049999999852e-04 1.080000000000000071e+00 6.688080610000000288e-15 1.080000000000000071e+00 4.156317050000000179e-01 1.080000000000000071e+00 9.801655540000000274e-04 1.080000000000000071e+00 9.788884029999999449e-06 1.080000000000000071e+00 3.464453800000000206e-04 1.080000000000000071e+00 1.506632800000000077e-14 1.080000000000000071e+00 5.035520070000000237e-01 1.080000000000000071e+00 5.268233560000000352e-04 1.080000000000000071e+00 2.178357299999999873e-06 1.080000000000000071e+00 1.802581640000000031e-04 1.080000000000000071e+00 3.049945759999999925e-14 1.080000000000000071e+00 4.792176249999999804e-01 1.080000000000000071e+00 2.653377459999999846e-04 1.080000000000000071e+00 7.032742040000000268e-07 1.080000000000000071e+00 9.000882200000000482e-05 1.080000000000000071e+00 6.253595740000000621e-14 1.080000000000000071e+00 4.585417960000000015e-01 1.080000000000000071e+00 1.304092079999999865e-04 1.080000000000000071e+00 2.271164900000000109e-07 1.080000000000000071e+00 4.426746190000000039e-05 1.080000000000000071e+00 1.268121999999999996e-13 1.080000000000000071e+00 4.460381900000000011e-01 1.080000000000000071e+00 6.357574890000000298e-04 1.080000000000000071e+00 2.165985789999999925e-05 1.080000000000000071e+00 2.268903439999999988e-04 1.080000000000000071e+00 9.562854349999999586e-15 1.080000000000000071e+00 4.959290650000000023e-01 1.080000000000000071e+00 2.915175979999999763e-04 1.080000000000000071e+00 2.620955200000000096e-06 1.080000000000000071e+00 8.582478349999999678e-05 1.080000000000000071e+00 1.686424100000000029e-14 1.080000000000000071e+00 5.650809180000000431e-01 1.080000000000000071e+00 1.250465330000000066e-04 1.080000000000000071e+00 4.855642090000000364e-07 1.080000000000000071e+00 3.564901499999999804e-05 1.080000000000000071e+00 3.381886099999999810e-14 1.080000000000000071e+00 5.629528670000000234e-01 1.080000000000000071e+00 5.765736809999999864e-05 1.080000000000000071e+00 1.104752080000000017e-07 1.080000000000000071e+00 1.647037780000000067e-05 1.080000000000000071e+00 6.721912159999999693e-14 1.080000000000000071e+00 5.543652669999999949e-01 1.080000000000000071e+00 2.754717080000000025e-05 1.080000000000000071e+00 2.695249159999999994e-08 1.080000000000000071e+00 7.892634659999999560e-06 1.080000000000000071e+00 1.334334590000000075e-13 1.080000000000000071e+00 5.497633899999999629e-01
1.090000000000000080e+00 1.563661679999999929e-03 1.090000000000000080e+00 7.530217989999999913e-05 1.090000000000000080e+00 7.216290279999999953e-04 1.090000000000000080e+00 6.692901380000000098e-15 1.090000000000000080e+00 4.156317050000000179e-01 1.090000000000000080e+00 9.899505460000000614e-04 1.090000000000000080e+00 1.001532999999999920e-05 1.090000000000000080e+00 3.562960890000000020e-04 1.090000000000000080e+00 1.507678279999999912e-14 1.090000000000000080e+00 5.035520070000000237e-01 1.090000000000000080e+00 5.332826939999999859e-04 1.090000000000000080e+00 2.231401320000000060e-06 1.090000000000000080e+00 1.855587409999999947e-04 1.090000000000000080e+00 3.051831730000000214e-14 1.090000000000000080e+00 4.792176249999999804e-01 1.090000000000000080e+00 2.689333940000000062e-04 1.090000000000000080e+00 7.205636630000000409e-07 1.090000000000000080e+00 9.268019200000000564e-05 1.090000000000000080e+00 6.256780180000000319e-14 1.090000000000000080e+00 4.585417960000000015e-01 1.090000000000000080e+00 1.322431090000000125e-04 1.090000000000000080e+00 2.325148210000000004e-07 1.090000000000000080e+00 4.558072830000000025e-05 1.090000000000000080e+00 1.268691049999999969e-13 1.090000000000000080e+00 4.460381900000000011e-01 1.090000000000000080e+00 6.419064340000000309e-04 1.090000000000000080e+00 2.214115370000000005e-05 1.090000000000000080e+00 2.332787400000000094e-04 1.090000000000000080e+00 9.567454309999999707e-15 1.090000000000000080e+00 4.959290650000000023e-01 1.090000000000000080e+00 2.956974410000000114e-04 1.090000000000000080e+00 2.711011720000000126e-06 1.090000000000000080e+00 8.876089039999999824e-05 1.090000000000000080e+00 1.687425299999999948e-14 1.090000000000000080e+00 5.650809180000000431e-01 1.090000000000000080e+00 1.270605779999999874e-04 1.090000000000000080e+00 5.036143020000000357e-07 1.090000000000000080e+00 3.690955899999999760e-05 1.090000000000000080e+00 3.383842499999999725e-14 1.090000000000000080e+00 5.629528670000000234e-01 1.090000000000000080e+00 5.861091809999999903e-05 1.090000000000000080e+00 1.145204100000000008e-07 1.090000000000000080e+00 1.705172200000000160e-05 1.090000000000000080e+00 6.726467759999999912e-14 1.090000000000000080e+00 5.543652669999999949e-01 1.090000000000000080e+00 2.800618390000000094e-05 1.090000000000000080e+00 2.792129869999999994e-08 1.090000000000000080e+00 8.170402530000000230e-06 1.090000000000000080e+00 1.335368249999999892e-13 1.090000000000000080e+00 5.497633899999999629e-01
1.100000000000000089e+00 1.572004610000000057e-03 1.100000000000000089e+00 7.610801669999999537e-05 1.100000000000000089e+00 7.373075139999999859e-04 1.100000000000000089e+00 6.697531860000000246e-15 1.100000000000000089e+00 4.156317050000000179e-01 1.100000000000000089e+00 9.995827390000000274e-04 1.100000000000000089e+00 1.024442060000000073e-05 1.100000000000000089e+00 3.662438809999999864e-04 1.100000000000000089e+00 1.508677459999999879e-14 1.100000000000000089e+00 5.035520070000000237e-01 1.100000000000000089e+00 5.396868730000000313e-04 1.100000000000000089e+00 2.285245219999999871e-06 1.100000000000000089e+00 1.909236340000000024e-04 1.100000000000000089e+00 3.053638920000000171e-14 1.100000000000000089e+00 4.792176249999999804e-01 1.100000000000000089e+00 2.725118540000000234e-04 1.100000000000000089e+00 7.381296869999999823e-07 1.100000000000000089e+00 9.538743259999999801e-05 1.100000000000000089e+00 6.259840899999999572e-14 1.100000000000000089e+00 4.585417960000000015e-01 1.100000000000000089e+00 1.340711220000000115e-04 1.100000000000000089e+00 2.379952139999999901e-07 1.100000000000000089e+00 4.691230439999999877e-05 1.100000000000000089e+00 1.269238880000000103e-13 1.100000000000000089e+00 4.460381900000000011e-01 1.100000000000000089e+00 6.479639279999999677e-04 1.100000000000000089e+00 2.262706739999999838e-05 1.100000000000000089e+00 2.397281669999999892e-04 1.100000000000000089e+00 9.571902200000000386e-15 1.100000000000000089e+00 4.959290650000000023e-01 1.100000000000000089e+00 2.998396600000000057e-04 1.100000000000000089e+00 2.802781959999999865e-06 1.100000000000000089e+00 9.173860690000000377e-05 1.100000000000000089e+00 1.688389519999999898e-14 1.100000000000000089e+00 5.650809180000000431e-01 1.100000000000000089e+00 1.290646010000000071e-04 1.100000000000000089e+00 5.220547019999999498e-07 1.100000000000000089e+00 3.819019309999999813e-05 1.100000000000000089e+00 3.385726689999999703e-14 1.100000000000000089e+00 5.629528670000000234e-01 1.100000000000000089e+00 5.956121240000000083e-05 1.100000000000000089e+00 1.186538380000000062e-07 1.100000000000000089e+00 1.764258529999999990e-05 1.100000000000000089e+00 6.730844549999999824e-14 1.100000000000000089e+00 5.543652669999999949e-01 1.100000000000000089e+00 2.846390040000000010e-05 1.100000000000000089e+00 2.891120639999999956e-08 1.100000000000000089e+00 8.452754010000000447e-06 1.100000000000000089e+00 1.336358880000000073e-13 1.100000000000000089e+00 5.497633899999999629e-01
1.110000000000000098e+00 1.580164569999999895e-03 1.110000000000000098e+00 7.691236690000000391e-05 1.110000000000000098e+00 7.530685109999999847e-04 1.110000000000000098e+00 6.701980330000000032e-15 1.110000000000000098e+00 4.156317050000000179e-01 1.110000000000000098e+00 1.009064710000000037e-03 1.110000000000000098e+00 1.047619640000000024e-05 1.110000000000000098e+00 3.762872430000000021e-04 1.110000000000000098e+00 1.509633420000000054e-14 1.110000000000000098e+00 5.035520070000000237e-01 1.110000000000000098e+00 5.460362220000000493e-04 1.110000000000000098e+00 2.339906319999999879e-06 1.110000000000000098e+00 1.963522949999999933e-04 1.110000000000000098e+00 3.055372359999999838e-14 1.110000000000000098e+00 4.792176249999999804e-01 1.110000000000000098e+00 2.760731229999999941e-04 1.110000000000000098e+00 7.559783370000000262e-07 1.110000000000000098e+00 9.813037180000000513e-05 1.110000000000000098e+00 6.262785160000000230e-14 1.110000000000000098e+00 4.585417960000000015e-01 1.110000000000000098e+00 1.358932260000000132e-04 1.110000000000000098e+00 2.435594090000000186e-07 1.110000000000000098e+00 4.826213110000000307e-05 1.110000000000000098e+00 1.269766679999999993e-13 1.110000000000000098e+00 4.460381900000000011e-01 1.110000000000000098e+00 6.539316999999999786e-04 1.110000000000000098e+00 2.311764280000000148e-05 1.110000000000000098e+00 2.462377200000000037e-04 1.110000000000000098e+00 9.576205280000000316e-15 1.110000000000000098e+00 4.959290650000000023e-01 1.110000000000000098e+00 3.039449880000000118e-04 1.110000000000000098e+00 2.896281460000000206e-06 1.110000000000000098e+00 9.475756060000000249e-05 1.110000000000000098e+00 1.689318730000000156e-14 1.110000000000000098e+00 5.650809180000000431e-01 1.110000000000000098e+00 1.310588150000000006e-04 1.110000000000000098e+00 5.408896979999999845e-07 1.110000000000000098e+00 3.949081830000000218e-05 1.110000000000000098e+00 3.387542539999999995e-14 1.110000000000000098e+00 5.629528670000000234e-01 1.110000000000000098e+00 6.050833009999999834e-05 1.110000000000000098e+00 1.228765790000000039e-07 1.110000000000000098e+00 1.824293559999999982e-05 1.110000000000000098e+00 6.735053040000000375e-14 1.110000000000000098e+00 5.543652669999999949e-01 1.110000000000000098e+00 2.892035459999999891e-05 1.110000000000000098e+00 2.992250030000000053e-08 1.110000000000000098e+00 8.739676330000000688e-06 1.110000000000000098e+00 1.337309210000000063e-13 1.110000000000000098e+00 5.497633899999999629e-01
1.120000000000000107e+00 1.588145929999999978e-03 1.120000000000000107e+00 7.771540140000000050e-05 1.120000000000000107e+00 7.689102099999999560e-04 1.120000000000000107e+00 6.706254669999999614e-15 1.120000000000000107e+00 4.156317050000000179e-01 1.120000000000000107e+00 1.018398979999999990e-03 1.120000000000000107e+00 1.071069929999999937e-05 1.120000000000000107e+00 3.864246829999999936e-04 1.120000000000000107e+00 1.510548989999999927e-14 1.120000000000000107e+00 5.035520070000000237e-01 1.120000000000000107e+00 5.523310670000000384e-04 1.120000000000000107e+00 2.395402459999999999e-06 1.120000000000000107e+00 2.018441770000000118e-04 1.120000000000000107e+00 3.057036639999999966e-14 1.120000000000000107e+00 4.792176249999999804e-01 1.120000000000000107e+00 2.796171979999999843e-04 1.120000000000000107e+00 7.741158780000000288e-07 1.120000000000000107e+00 1.009088380000000025e-04 1.120000000000000107e+00 6.265619649999999509e-14 1.120000000000000107e+00 4.585417960000000015e-01 1.120000000000000107e+00 1.377093989999999971e-04 1.120000000000000107e+00 2.492092060000000243e-07 1.120000000000000107e+00 4.963014920000000167e-05 1.120000000000000107e+00 1.270275539999999885e-13 1.120000000000000107e+00 4.460381900000000011e-01 1.120000000000000107e+00 6.598114019999999679e-04 1.120000000000000107e+00 2.361292409999999944e-05 1.120000000000000107e+00 2.528065079999999810e-04 1.120000000000000107e+00 9.580370369999999846e-15 1.120000000000000107e+00 4.959290650000000023e-01 1.120000000000000107e+00 3.080141080000000113e-04 1.120000000000000107e+00 2.991526189999999997e-06 1.120000000000000107e+00 9.781738600000000475e-05 1.120000000000000107e+00 1.690214790000000071e-14 1.120000000000000107e+00 5.650809180000000431e-01 1.120000000000000107e+00 1.330434140000000059e-04 1.120000000000000107e+00 5.601237029999999485e-07 1.120000000000000107e+00 4.081133740000000105e-05 1.120000000000000107e+00 3.389293640000000269e-14 1.120000000000000107e+00 5.629528670000000234e-01 1.120000000000000107e+00 6.145234290000000049e-05 1.120000000000000107e+00 1.271897519999999898e-07 1.120000000000000107e+00 1.885274159999999837e-05 1.120000000000000107e+00 6.739102940000000134e-14 1.120000000000000107e+00 5.543652669999999949e-01 1.120000000000000107e+00 2.937557789999999862e-05 1.120000000000000107e+00 3.095547419999999722e-08 1.120000000000000107e+00 9.031156999999999903e-06 1.120000000000000107e+00 1.338221770000000100e-13 1.120000000000000107e+00 5.497633899999999629e-01
1.129999999999999893e+00 1.595952949999999981e-03 1.129999999999999893e+00 7.851728859999999800e-05 1.129999999999999893e+00 7.848308480000000054e-04 1.129999999999999893e+00 6.710362429999999999e-15 1.129999999999999893e+00 4.156317050000000179e-01 1.129999999999999893e+00 1.027588010000000029e-03 1.129999999999999893e+00 1.094797199999999927e-05 1.129999999999999893e+00 3.966547380000000063e-04 1.129999999999999893e+00 1.511426769999999979e-14 1.129999999999999893e+00 5.035520070000000237e-01 1.129999999999999893e+00 5.585717310000000088e-04 1.129999999999999893e+00 2.451752080000000207e-06 1.129999999999999893e+00 2.073987360000000089e-04 1.129999999999999893e+00 3.058635999999999792e-14 1.129999999999999893e+00 4.792176249999999804e-01 1.129999999999999893e+00 2.831440789999999943e-04 1.129999999999999893e+00 7.925487839999999694e-07 1.129999999999999893e+00 1.037226579999999938e-04 1.129999999999999893e+00 6.268350549999999452e-14 1.129999999999999893e+00 4.585417960000000015e-01 1.129999999999999893e+00 1.395196209999999889e-04 1.129999999999999893e+00 2.549464669999999854e-07 1.129999999999999893e+00 5.101629920000000194e-05 1.129999999999999893e+00 1.270766449999999916e-13 1.129999999999999893e+00 4.460381900000000011e-01 1.129999999999999893e+00 6.656046150000000149e-04 1.129999999999999893e+00 2.411295609999999893e-05 1.129999999999999893e+00 2.594336590000000174e-04 1.129999999999999893e+00 9.584403819999999410e-15 1.129999999999999893e+00 4.959290650000000023e-01 1.129999999999999893e+00 3.120476589999999985e-04 1.129999999999999893e+00 3.088532619999999905e-06 1.129999999999999893e+00 1.009177240000000035e-04 1.129999999999999893e+00 1.691079409999999967e-14 1.129999999999999893e+00 5.650809180000000431e-01 1.129999999999999893e+00 1.350185749999999933e-04 1.129999999999999893e+00 5.797612489999999760e-07 1.129999999999999893e+00 4.215165510000000015e-05 1.129999999999999893e+00 3.390983340000000238e-14 1.129999999999999893e+00 5.629528670000000234e-01 1.129999999999999893e+00 6.239331620000000483e-05 1.129999999999999893e+00 1.315945040000000088e-07 1.129999999999999893e+00 1.947197239999999907e-05 1.129999999999999893e+00 6.743003259999999686e-14 1.129999999999999893e+00 5.543652669999999949e-01 1.129999999999999893e+00 2.982959860000000067e-05 1.129999999999999893e+00 3.201043020000000158e-08 1.129999999999999893e+00 9.327183879999999369e-06 1.129999999999999893e+00 1.339098880000000019e-13 1.129999999999999893e+00 5.497633899999999629e-01
1.139999999999999902e+00 1.603589749999999921e-03 1.139999999999999902e+00 7.931819499999999521e-05 1.139999999999999902e+00 8.008287019999999704e-04 1.139999999999999902e+00 6.714310789999999895e-15 1.139999999999999902e+00 4.156317050000000179e-01 1.139999999999999902e+00 1.036634210000000065e-03 1.139999999999999902e+00 1.118805840000000037e-05 1.139999999999999902e+00 4.069759669999999975e-04 1.139999999999999902e+00 1.512269130000000096e-14 1.139999999999999902e+00 5.035520070000000237e-01 1.139999999999999902e+00 5.647585359999999751e-04 1.139999999999999902e+00 2.508974150000000072e-06 1.139999999999999902e+00 2.130154320000000011e-04 1.139999999999999902e+00 3.060174319999999879e-14 1.139999999999999902e+00 4.792176249999999804e-01 1.139999999999999902e+00 2.866537629999999816e-04 1.139999999999999902e+00 8.112837469999999827e-07 1.139999999999999902e+00 1.065716620000000043e-04 1.139999999999999902e+00 6.270983559999999665e-14 1.139999999999999902e+00 4.585417960000000015e-01 1.139999999999999902e+00 1.413238719999999871e-04 1.139999999999999902e+00 2.607731139999999919e-07 1.139999999999999902e+00 5.242052170000000271e-05 1.139999999999999902e+00 1.271240359999999979e-13 1.139999999999999902e+00 4.460381900000000011e-01 1.139999999999999902e+00 6.713128540000000291e-04 1.139999999999999902e+00 2.461778419999999945e-05 1.139999999999999902e+00 2.661183170000000096e-04 1.139999999999999902e+00 9.588311599999999513e-15 1.139999999999999902e+00 4.959290650000000023e-01 1.139999999999999902e+00 3.160462410000000155e-04 1.139999999999999902e+00 3.187317660000000070e-06 1.139999999999999902e+00 1.040582230000000022e-04 1.139999999999999902e+00 1.691914199999999870e-14 1.139999999999999902e+00 5.650809180000000431e-01 1.139999999999999902e+00 1.369844640000000043e-04 1.139999999999999902e+00 5.998069900000000089e-07 1.139999999999999902e+00 4.351167799999999862e-05 1.139999999999999902e+00 3.392614759999999971e-14 1.139999999999999902e+00 5.629528670000000234e-01 1.139999999999999902e+00 6.333130989999999697e-05 1.139999999999999902e+00 1.360920160000000037e-07 1.139999999999999902e+00 2.010059799999999982e-05 1.139999999999999902e+00 6.746762350000000368e-14 1.139999999999999902e+00 5.543652669999999949e-01 1.139999999999999902e+00 3.028244249999999954e-05 1.139999999999999902e+00 3.308767850000000328e-08 1.139999999999999902e+00 9.627745049999999894e-06 1.139999999999999902e+00 1.339942669999999879e-13 1.139999999999999902e+00 5.497633899999999629e-01
1.149999999999999911e+00 1.611060319999999902e-03 1.149999999999999911e+00 8.011828479999999735e-05 1.149999999999999911e+00 8.169020889999999624e-04 1.149999999999999911e+00 6.718106639999999639e-15 1.149999999999999911e+00 4.156317050000000179e-01 1.149999999999999911e+00 1.045539930000000031e-03 1.149999999999999911e+00 1.143100340000000081e-05 1.149999999999999911e+00 4.173869539999999875e-04 1.149999999999999911e+00 1.513078269999999883e-14 1.149999999999999911e+00 5.035520070000000237e-01 1.149999999999999911e+00 5.708918019999999595e-04 1.149999999999999911e+00 2.567088269999999965e-06 1.149999999999999911e+00 2.186937279999999928e-04 1.149999999999999911e+00 3.061655180000000214e-14 1.149999999999999911e+00 4.792176249999999804e-01 1.149999999999999911e+00 2.901462500000000005e-04 1.149999999999999911e+00 8.303276849999999646e-07 1.149999999999999911e+00 1.094556759999999973e-04 1.149999999999999911e+00 6.273523949999999514e-14 1.149999999999999911e+00 4.585417960000000015e-01 1.149999999999999911e+00 1.431221309999999945e-04 1.149999999999999911e+00 2.666911350000000023e-07 1.149999999999999911e+00 5.384275669999999978e-05 1.149999999999999911e+00 1.271698120000000110e-13 1.149999999999999911e+00 4.460381900000000011e-01 1.149999999999999911e+00 6.769375729999999470e-04 1.149999999999999911e+00 2.512745470000000167e-05 1.149999999999999911e+00 2.728596380000000233e-04 1.149999999999999911e+00 9.592099280000000728e-15 1.149999999999999911e+00 4.959290650000000023e-01 1.149999999999999911e+00 3.200104139999999930e-04 1.149999999999999911e+00 3.287898710000000085e-06 1.149999999999999911e+00 1.072385339999999996e-04 1.149999999999999911e+00 1.692720650000000141e-14 1.149999999999999911e+00 5.650809180000000431e-01 1.149999999999999911e+00 1.389412300000000128e-04 1.149999999999999911e+00 6.202657040000000151e-07 1.149999999999999911e+00 4.489131399999999992e-05 1.149999999999999911e+00 3.394190840000000202e-14 1.149999999999999911e+00 5.629528670000000234e-01 1.149999999999999911e+00 6.426637820000000157e-05 1.149999999999999911e+00 1.406834959999999892e-07 1.149999999999999911e+00 2.073858880000000168e-05 1.149999999999999911e+00 6.750387950000000156e-14 1.149999999999999911e+00 5.543652669999999949e-01 1.149999999999999911e+00 3.073413299999999795e-05 1.149999999999999911e+00 3.418753799999999978e-08 1.149999999999999911e+00 9.932828880000000581e-06 1.149999999999999911e+00 1.340755110000000019e-13 1.149999999999999911e+00 5.497633899999999629e-01
1.159999999999999920e+00 1.618368540000000031e-03 1.159999999999999920e+00 8.091772009999999911e-05 1.159999999999999920e+00 8.330493670000000371e-04 1.159999999999999920e+00 6.721756509999999633e-15 1.159999999999999920e+00 4.156317050000000179e-01 1.159999999999999920e+00 1.054307470000000061e-03 1.159999999999999920e+00 1.167685299999999972e-05 1.159999999999999920e+00 4.278863050000000171e-04 1.159999999999999920e+00 1.513856189999999927e-14 1.159999999999999920e+00 5.035520070000000237e-01 1.159999999999999920e+00 5.769718489999999846e-04 1.159999999999999920e+00 2.626114639999999893e-06 1.159999999999999920e+00 2.244330909999999997e-04 1.159999999999999920e+00 3.063081880000000202e-14 1.159999999999999920e+00 4.792176249999999804e-01 1.159999999999999920e+00 2.936215399999999968e-04 1.159999999999999920e+00 8.496877530000000353e-07 1.159999999999999920e+00 1.123745300000000017e-04 1.159999999999999920e+00 6.275976589999999699e-14 1.159999999999999920e+00 4.585417960000000015e-01 1.159999999999999920e+00 1.449143780000000095e-04 1.159999999999999920e+00 2.727025840000000032e-07 1.159999999999999920e+00 5.528294430000000074e-05 1.159999999999999920e+00 1.272140540000000099e-13 1.159999999999999920e+00 4.460381900000000011e-01 1.159999999999999920e+00 6.824801700000000370e-04 1.159999999999999920e+00 2.564201429999999924e-05 1.159999999999999920e+00 2.796567950000000019e-04 1.159999999999999920e+00 9.595772100000000534e-15 1.159999999999999920e+00 4.959290650000000023e-01 1.159999999999999920e+00 3.239407059999999897e-04 1.159999999999999920e+00 3.390293620000000114e-06 1.159999999999999920e+00 1.104583179999999950e-04 1.159999999999999920e+00 1.693500169999999897e-14 1.159999999999999920e+00 5.650809180000000431e-01 1.159999999999999920e+00 1.408890120000000053e-04 1.159999999999999920e+00 6.411422909999999816e-07 1.159999999999999920e+00 4.629047259999999976e-05 1.159999999999999920e+00 3.395714279999999812e-14 1.159999999999999920e+00 5.629528670000000234e-01 1.159999999999999920e+00 6.519857059999999702e-05 1.159999999999999920e+00 1.453701859999999971e-07 1.159999999999999920e+00 2.138591590000000017e-05 1.159999999999999920e+00 6.753887220000000286e-14 1.159999999999999920e+00 5.543652669999999949e-01 1.159999999999999920e+00 3.118469140000000161e-05 1.159999999999999920e+00 3.531033609999999947e-08 1.159999999999999920e+00 1.024242389999999942e-05 1.159999999999999920e+00 1.341538029999999920e-13 1.159999999999999920e+00 5.497633899999999629e-01
1.169999999999999929e+00 1.625518170000000030e-03 1.169999999999999929e+00 8.171666139999999613e-05 1.169999999999999929e+00 8.492689309999999943e-04 1.169999999999999929e+00 6.725266670000000326e-15 1.169999999999999929e+00 4.156317050000000179e-01 1.169999999999999929e+00 1.062939080000000055e-03 1.169999999999999929e+00 1.192565430000000068e-05 1.169999999999999929e+00 4.384726499999999768e-04 1.169999999999999929e+00 1.514604749999999893e-14 1.169999999999999929e+00 5.035520070000000237e-01 1.169999999999999929e+00 5.829989959999999681e-04 1.169999999999999929e+00 2.686074120000000139e-06 1.169999999999999929e+00 2.302329890000000062e-04 1.169999999999999929e+00 3.064457459999999927e-14 1.169999999999999929e+00 4.792176249999999804e-01 1.169999999999999929e+00 2.970796350000000168e-04 1.169999999999999929e+00 8.693713500000000353e-07 1.169999999999999929e+00 1.153280499999999943e-04 1.169999999999999929e+00 6.278345999999999408e-14 1.169999999999999929e+00 4.585417960000000015e-01 1.169999999999999929e+00 1.467005930000000037e-04 1.169999999999999929e+00 2.788095889999999846e-07 1.169999999999999929e+00 5.674102419999999989e-05 1.169999999999999929e+00 1.272568369999999876e-13 1.169999999999999929e+00 4.460381900000000011e-01 1.169999999999999929e+00 6.879419910000000166e-04 1.169999999999999929e+00 2.616151089999999862e-05 1.169999999999999929e+00 2.865089720000000076e-04 1.169999999999999929e+00 9.599334949999999629e-15 1.169999999999999929e+00 4.959290650000000023e-01 1.169999999999999929e+00 3.278376119999999792e-04 1.169999999999999929e+00 3.494520760000000090e-06 1.169999999999999929e+00 1.137172369999999973e-04 1.169999999999999929e+00 1.694254059999999850e-14 1.169999999999999929e+00 5.650809180000000431e-01 1.169999999999999929e+00 1.428279380000000126e-04 1.169999999999999929e+00 6.624417819999999473e-07 1.169999999999999929e+00 4.770906470000000314e-05 1.169999999999999929e+00 3.397187629999999921e-14 1.169999999999999929e+00 5.629528670000000234e-01 1.169999999999999929e+00 6.612793230000000330e-05 1.169999999999999929e+00 1.501533580000000095e-07 1.169999999999999929e+00 2.204255080000000076e-05 1.169999999999999929e+00 6.757266839999999553e-14 1.169999999999999929e+00 5.543652669999999949e-01 1.169999999999999929e+00 3.163413710000000209e-05 1.169999999999999929e+00 3.645640940000000048e-08 1.169999999999999929e+00 1.055651899999999995e-05 1.169999999999999929e+00 1.342293100000000102e-13 1.169999999999999929e+00 5.497633899999999629e-01
1.179999999999999938e+00 1.632512870000000019e-03 1.179999999999999938e+00 8.251526720000000560e-05 1.179999999999999938e+00 8.655592140000000238e-04 1.179999999999999938e+00 6.728643079999999856e-15 1.179999999999999938e+00 4.156317050000000179e-01 1.179999999999999938e+00 1.071436959999999897e-03 1.179999999999999938e+00 1.217745549999999981e-05 1.179999999999999938e+00 4.491446409999999946e-04 1.179999999999999938e+00 1.515325630000000109e-14 1.179999999999999938e+00 5.035520070000000237e-01 1.179999999999999938e+00 5.889735610000000491e-04 1.179999999999999938e+00 2.746988209999999922e-06 1.179999999999999938e+00 2.360928950000000038e-04 1.179999999999999938e+00 3.065784709999999835e-14 1.179999999999999938e+00 4.792176249999999804e-01 1.179999999999999938e+00 3.005205369999999982e-04 1.179999999999999938e+00 8.893861289999999856e-07 1.179999999999999938e+00 1.183160649999999946e-04 1.179999999999999938e+00 6.280636340000000416e-14 1.179999999999999938e+00 4.585417960000000015e-01 1.179999999999999938e+00 1.484807560000000028e-04 1.179999999999999938e+00 2.850143460000000246e-07 1.179999999999999938e+00 5.821693590000000181e-05 1.179999999999999938e+00 1.272982300000000009e-13 1.179999999999999938e+00 4.460381900000000011e-01 1.179999999999999938e+00 6.933243340000000117e-04 1.179999999999999938e+00 2.668599290000000089e-05 1.179999999999999938e+00 2.934153699999999805e-04 1.179999999999999938e+00 9.602792460000000335e-15 1.179999999999999938e+00 4.959290650000000023e-01 1.179999999999999938e+00 3.317015979999999968e-04 1.179999999999999938e+00 3.600598930000000024e-06 1.179999999999999938e+00 1.170149600000000009e-04 1.179999999999999938e+00 1.694983540000000096e-14 1.179999999999999938e+00 5.650809180000000431e-01 1.179999999999999938e+00 1.447581259999999967e-04 1.179999999999999938e+00 6.841693309999999733e-07 1.179999999999999938e+00 4.914700230000000256e-05 1.179999999999999938e+00 3.398613270000000101e-14 1.179999999999999938e+00 5.629528670000000234e-01 1.179999999999999938e+00 6.705450430000000565e-05 1.179999999999999938e+00 1.550343179999999992e-07 1.179999999999999938e+00 2.270846530000000026e-05 1.179999999999999938e+00 6.760532980000000319e-14 1.179999999999999938e+00 5.543652669999999949e-01 1.179999999999999938e+00 3.208248749999999901e-05 1.179999999999999938e+00 3.762610339999999878e-08 1.179999999999999938e+00 1.087510300000000015e-05 1.179999999999999938e+00 1.343021880000000032e-13 1.179999999999999938e+00 5.497633899999999629e-01
1.189999999999999947e+00 1.639356179999999948e-03 1.189999999999999947e+00 8.331369460000000149e-05 1.189999999999999947e+00 8.819186839999999588e-04 1.189999999999999947e+00 6.731891430000000353e-15 1.189999999999999947e+00 4.156317050000000179e-01 1.189999999999999947e+00 1.079803270000000062e-03 1.189999999999999947e+00 1.243230599999999928e-05 1.189999999999999947e+00 4.599009510000000062e-04 1.189999999999999947e+00 1.516020429999999972e-14 1.189999999999999947e+00 5.035520070000000237e-01 1.189999999999999947e+00 5.948958600000000489e-04 1.189999999999999947e+00 2.808879110000000150e-06 1.189999999999999947e+00 2.420122859999999953e-04 1.189999999999999947e+00 3.067066230000000087e-14 1.189999999999999947e+00 4.792176249999999804e-01 1.189999999999999947e+00 3.039442469999999912e-04 1.189999999999999947e+00 9.097400060000000140e-07 1.189999999999999947e+00 1.213384029999999984e-04 1.189999999999999947e+00 6.282851500000000444e-14 1.189999999999999947e+00 4.585417960000000015e-01 1.189999999999999947e+00 1.502548470000000054e-04 1.189999999999999947e+00 2.913191300000000112e-07 1.189999999999999947e+00 5.971061900000000254e-05 1.189999999999999947e+00 1.273382959999999944e-13 1.189999999999999947e+00 4.460381900000000011e-01 1.189999999999999947e+00 6.986284520000000031e-04 1.189999999999999947e+00 2.721550969999999976e-05 1.189999999999999947e+00 3.003751979999999913e-04 1.189999999999999947e+00 9.606148930000000299e-15 1.189999999999999947e+00 4.959290650000000023e-01 1.189999999999999947e+00 3.355331070000000071e-04 1.189999999999999947e+00 3.708547489999999840e-06 1.189999999999999947e+00 1.203511609999999938e-04 1.189999999999999947e+00 1.695689750000000113e-14 1.189999999999999947e+00 5.650809180000000431e-01 1.189999999999999947e+00 1.466796819999999950e-04 1.189999999999999947e+00 7.063302269999999756e-07 1.189999999999999947e+00 5.060419840000000006e-05 1.189999999999999947e+00 3.399993419999999950e-14 1.189999999999999947e+00 5.629528670000000234e-01 1.189999999999999947e+00 6.797832419999999477e-05 1.189999999999999947e+00 1.600144060000000097e-07 1.189999999999999947e+00 2.338363170000000026e-05 1.189999999999999947e+00 6.763691400000000284e-14 1.189999999999999947e+00 5.543652669999999949e-01 1.189999999999999947e+00 3.252975870000000120e-05 1.189999999999999947e+00 3.881977300000000327e-08 1.189999999999999947e+00 1.119816519999999975e-05 1.189999999999999947e+00 1.343725790000000085e-13 1.189999999999999947e+00 5.497633899999999629e-01
1.199999999999999956e+00 1.646051539999999948e-03 1.199999999999999956e+00 8.411209890000000296e-05 1.199999999999999956e+00 8.983458450000000308e-04 1.199999999999999956e+00 6.735017160000000051e-15 1.199999999999999956e+00 4.156317050000000179e-01 1.199999999999999956e+00 1.088040109999999965e-03 1.199999999999999956e+00 1.269025640000000052e-05 1.199999999999999956e+00 4.707402750000000218e-04 1.199999999999999956e+00 1.516690569999999857e-14 1.199999999999999956e+00 5.035520070000000237e-01 1.199999999999999956e+00 6.007662100000000019e-04 1.199999999999999956e+00 2.871769720000000036e-06 1.199999999999999956e+00 2.479906400000000065e-04 1.199999999999999956e+00 3.068304409999999938e-14 1.199999999999999956e+00 4.792176249999999804e-01 1.199999999999999956e+00 3.073507699999999758e-04 1.199999999999999956e+00 9.304411759999999900e-07 1.199999999999999956e+00 1.243948930000000116e-04 1.199999999999999956e+00 6.284995089999999789e-14 1.199999999999999956e+00 4.585417960000000015e-01 1.199999999999999956e+00 1.520228480000000021e-04 1.199999999999999956e+00 2.977262930000000060e-07 1.199999999999999956e+00 6.122201260000000012e-05 1.199999999999999956e+00 1.273770960000000013e-13 1.199999999999999956e+00 4.460381900000000011e-01 1.199999999999999956e+00 7.038555580000000226e-04 1.199999999999999956e+00 2.775011160000000023e-05 1.199999999999999956e+00 3.073876819999999885e-04 1.199999999999999956e+00 9.609408440000000365e-15 1.199999999999999956e+00 4.959290650000000023e-01 1.199999999999999956e+00 3.393325529999999821e-04 1.199999999999999956e+00 3.818386239999999789e-06 1.199999999999999956e+00 1.237255160000000104e-04 1.199999999999999956e+00 1.696373760000000025e-14 1.199999999999999956e+00 5.650809180000000431e-01 1.199999999999999956e+00 1.485927080000000065e-04 1.199999999999999956e+00 7.289298880000000203e-07 1.199999999999999956e+00 5.208056749999999846e-05 1.199999999999999956e+00 3.401330150000000044e-14 1.199999999999999956e+00 5.629528670000000234e-01 1.199999999999999956e+00 6.889942640000000398e-05 1.199999999999999956e+00 1.650949939999999885e-07 1.199999999999999956e+00 2.406802269999999870e-05 1.199999999999999956e+00 6.766747419999999752e-14 1.199999999999999956e+00 5.543652669999999949e-01 1.199999999999999956e+00 3.297596519999999816e-05 1.199999999999999956e+00 4.003778280000000116e-08 1.199999999999999956e+00 1.152569470000000029e-05 1.199999999999999956e+00 1.344406150000000023e-13 1.199999999999999956e+00 5.497633899999999629e-01
1.209999999999999964e+00 1.652602289999999903e-03 1.209999999999999964e+00 8.491063410000000450e-05 1.209999999999999964e+00 9.148392330000000182e-04 1.209999999999999964e+00 6.738025440000000384e-15 1.209999999999999964e+00 4.156317050000000179e-01 1.209999999999999964e+00 1.096149550000000009e-03 1.209999999999999964e+00 1.295135860000000080e-05 1.209999999999999964e+00 4.816613290000000222e-04 1.209999999999999964e+00 1.517337400000000153e-14 1.209999999999999964e+00 5.035520070000000237e-01 1.209999999999999964e+00 6.065849259999999505e-04 1.209999999999999964e+00 2.935683710000000104e-06 1.209999999999999964e+00 2.540274380000000242e-04 1.209999999999999964e+00 3.069501459999999936e-14 1.209999999999999964e+00 4.792176249999999804e-01 1.209999999999999964e+00 3.107401079999999984e-04 1.209999999999999964e+00 9.514981169999999625e-07 1.209999999999999964e+00 1.274853610000000110e-04 1.209999999999999964e+00 6.287070430000000378e-14 1.209999999999999964e+00 4.585417960000000015e-01 1.209999999999999964e+00 1.537847389999999915e-04 1.209999999999999964e+00 3.042382720000000082e-07 1.209999999999999964e+00 6.275105559999999611e-05 1.209999999999999964e+00 1.274146860000000114e-13 1.209999999999999964e+00 4.460381900000000011e-01 1.209999999999999964e+00 7.090068250000000454e-04 1.209999999999999964e+00 2.828984980000000168e-05 1.209999999999999964e+00 3.144520569999999932e-04 1.209999999999999964e+00 9.612574799999999847e-15 1.209999999999999964e+00 4.959290650000000023e-01 1.209999999999999964e+00 3.431003340000000120e-04 1.209999999999999964e+00 3.930135539999999610e-06 1.209999999999999964e+00 1.271377060000000107e-04 1.209999999999999964e+00 1.697036559999999970e-14 1.209999999999999964e+00 5.650809180000000431e-01 1.209999999999999964e+00 1.504972949999999927e-04 1.209999999999999964e+00 7.519738690000000352e-07 1.209999999999999964e+00 5.357602450000000037e-05 1.209999999999999964e+00 3.402625409999999715e-14 1.209999999999999964e+00 5.629528670000000234e-01 1.209999999999999964e+00 6.981784220000000578e-05 1.209999999999999964e+00 1.702774909999999911e-07 1.209999999999999964e+00 2.476161129999999844e-05 1.209999999999999964e+00 6.769706029999999404e-14 1.209999999999999964e+00 5.543652669999999949e-01 1.209999999999999964e+00 3.342112020000000220e-05 1.209999999999999964e+00 4.128050740000000265e-08 1.209999999999999964e+00 1.185768099999999968e-05 1.209999999999999964e+00 1.345064199999999876e-13 1.209999999999999964e+00 5.497633899999999629e-01
1.219999999999999973e+00 1.659011659999999914e-03 1.219999999999999973e+00 8.570945270000000663e-05 1.219999999999999973e+00 9.313974189999999929e-04 1.219999999999999973e+00 6.740921219999999672e-15 1.219999999999999973e+00 4.156317050000000179e-01 1.219999999999999973e+00 1.104133599999999969e-03 1.219999999999999973e+00 1.321566550000000016e-05 1.219999999999999973e+00 4.926628480000000204e-04 1.219999999999999973e+00 1.517962140000000007e-14 1.219999999999999973e+00 5.035520070000000237e-01 1.219999999999999973e+00 6.123523210000000536e-04 1.219999999999999973e+00 3.000645490000000176e-06 1.219999999999999973e+00 2.601221669999999840e-04 1.219999999999999973e+00 3.070659439999999711e-14 1.219999999999999973e+00 4.792176249999999804e-01 1.219999999999999973e+00 3.141122669999999806e-04 1.219999999999999973e+00 9.729196069999999040e-07 1.219999999999999973e+00 1.306096380000000079e-04 1.219999999999999973e+00 6.289080669999999434e-14 1.219999999999999973e+00 4.585417960000000015e-01 1.219999999999999973e+00 1.555405009999999953e-04 1.219999999999999973e+00 3.108575839999999898e-07 1.219999999999999973e+00 6.429768689999999884e-05 1.219999999999999973e+00 1.274511179999999902e-13 1.219999999999999973e+00 4.460381900000000011e-01 1.219999999999999973e+00 7.140833899999999733e-04 1.219999999999999973e+00 2.883477669999999938e-05 1.219999999999999973e+00 3.215675689999999824e-04 1.219999999999999973e+00 9.615651629999999671e-15 1.219999999999999973e+00 4.959290650000000023e-01 1.219999999999999973e+00 3.468368240000000119e-04 1.219999999999999973e+00 4.043816229999999939e-06 1.219999999999999973e+00 1.305874179999999985e-04 1.219999999999999973e+00 1.697679100000000091e-14 1.219999999999999973e+00 5.650809180000000431e-01 1.219999999999999973e+00 1.523935310000000087e-04 1.219999999999999973e+00 7.754678640000000287e-07 1.219999999999999973e+00 5.509048550000000084e-05 1.219999999999999973e+00 3.403881030000000213e-14 1.219999999999999973e+00 5.629528670000000234e-01 1.219999999999999973e+00 7.073360050000000124e-05 1.219999999999999973e+00 1.755633409999999881e-07 1.219999999999999973e+00 2.546437069999999884e-05 1.219999999999999973e+00 6.772571850000000300e-14 1.219999999999999973e+00 5.543652669999999949e-01 1.219999999999999973e+00 3.386523590000000252e-05 1.219999999999999973e+00 4.254833119999999794e-08 1.219999999999999973e+00 1.219411359999999921e-05 1.219999999999999973e+00 1.345701059999999947e-13 1.219999999999999973e+00 5.497633899999999629e-01
1.229999999999999982e+00 1.665282809999999933e-03 1.229999999999999982e+00 8.650870609999999526e-05 1.229999999999999982e+00 9.480190050000000118e-04 1.229999999999999982e+00 6.743709210000000223e-15 1.229999999999999982e+00 4.156317050000000179e-01 1.229999999999999982e+00 1.111994239999999955e-03 1.229999999999999982e+00 1.348323139999999948e-05 1.229999999999999982e+00 5.037435889999999960e-04 1.229999999999999982e+00 1.518565949999999844e-14 1.229999999999999982e+00 5.035520070000000237e-01 1.229999999999999982e+00 6.180687080000000361e-04 1.229999999999999982e+00 3.066680260000000184e-06 1.229999999999999982e+00 2.662743139999999842e-04 1.229999999999999982e+00 3.071780239999999869e-14 1.229999999999999982e+00 4.792176249999999804e-01 1.229999999999999982e+00 3.174672510000000150e-04 1.229999999999999982e+00 9.947147360000000718e-07 1.229999999999999982e+00 1.337675499999999929e-04 1.229999999999999982e+00 6.291028680000000544e-14 1.229999999999999982e+00 4.585417960000000015e-01 1.229999999999999982e+00 1.572901150000000081e-04 1.229999999999999982e+00 3.175868410000000025e-07 1.229999999999999982e+00 6.586184510000000158e-05 1.229999999999999982e+00 1.274864409999999983e-13 1.229999999999999982e+00 4.460381900000000011e-01 1.229999999999999982e+00 7.190863580000000531e-04 1.229999999999999982e+00 2.938494529999999838e-05 1.229999999999999982e+00 3.287334789999999817e-04 1.229999999999999982e+00 9.618642299999999231e-15 1.229999999999999982e+00 4.959290650000000023e-01 1.229999999999999982e+00 3.505423800000000189e-04 1.229999999999999982e+00 4.159449709999999629e-06 1.229999999999999982e+00 1.340743400000000008e-04 1.229999999999999982e+00 1.698302249999999916e-14 1.229999999999999982e+00 5.650809180000000431e-01 1.229999999999999982e+00 1.542814950000000098e-04 1.229999999999999982e+00 7.994177069999999880e-07 1.229999999999999982e+00 5.662386749999999950e-05 1.229999999999999982e+00 3.405098709999999968e-14 1.229999999999999982e+00 5.629528670000000234e-01 1.229999999999999982e+00 7.164672789999999793e-05 1.229999999999999982e+00 1.809540240000000013e-07 1.229999999999999982e+00 2.617627449999999898e-05 1.229999999999999982e+00 6.775349189999999455e-14 1.229999999999999982e+00 5.543652669999999949e-01 1.229999999999999982e+00 3.430832349999999908e-05 1.229999999999999982e+00 4.384164969999999895e-08 1.229999999999999982e+00 1.253498220000000007e-05 1.229999999999999982e+00 1.346317800000000106e-13 1.229999999999999982e+00 5.497633899999999629e-01
1.239999999999999991e+00 1.671418789999999915e-03 1.239999999999999991e+00 8.730854429999999444e-05 1.239999999999999991e+00 9.647026250000000037e-04 1.239999999999999991e+00 6.746393919999999648e-15 1.239999999999999991e+00 4.156317050000000179e-01 1.239999999999999991e+00 1.119733410000000023e-03 1.239999999999999991e+00 1.375411190000000055e-05 1.239999999999999991e+00 5.149023280000000150e-04 1.239999999999999991e+00 1.519149870000000106e-14 1.239999999999999991e+00 5.035520070000000237e-01 1.239999999999999991e+00 6.237343979999999564e-04 1.239999999999999991e+00 3.133814079999999793e-06 1.239999999999999991e+00 2.724833719999999906e-04 1.239999999999999991e+00 3.072865640000000090e-14 1.239999999999999991e+00 4.792176249999999804e-01 1.239999999999999991e+00 3.208050649999999730e-04 1.239999999999999991e+00 1.016892920000000106e-06 1.239999999999999991e+00 1.369589250000000026e-04 1.239999999999999991e+00 6.292917190000000376e-14 1.239999999999999991e+00 4.585417960000000015e-01 1.239999999999999991e+00 1.590335629999999935e-04 1.239999999999999991e+00 3.244287439999999974e-07 1.239999999999999991e+00 6.744346870000000611e-05 1.239999999999999991e+00 1.275206999999999960e-13 1.239999999999999991e+00 4.460381900000000011e-01 1.239999999999999991e+00 7.240168020000000088e-04 1.239999999999999991e+00 2.994040999999999952e-05 1.239999999999999991e+00 3.359490549999999886e-04 1.239999999999999991e+00 9.621550019999999525e-15 1.239999999999999991e+00 4.959290650000000023e-01 1.239999999999999991e+00 3.542173460000000136e-04 1.239999999999999991e+00 4.277057910000000093e-06 1.239999999999999991e+00 1.375981640000000015e-04 1.239999999999999991e+00 1.698906829999999930e-14 1.239999999999999991e+00 5.650809180000000431e-01 1.239999999999999991e+00 1.561612609999999985e-04 1.239999999999999991e+00 8.238293780000000060e-07 1.239999999999999991e+00 5.817608809999999899e-05 1.239999999999999991e+00 3.406280049999999955e-14 1.239999999999999991e+00 5.629528670000000234e-01 1.239999999999999991e+00 7.255724869999999630e-05 1.239999999999999991e+00 1.864510600000000123e-07 1.239999999999999991e+00 2.689729659999999948e-05 1.239999999999999991e+00 6.778042070000000564e-14 1.239999999999999991e+00 5.543652669999999949e-01 1.239999999999999991e+00 3.475039309999999762e-05 1.239999999999999991e+00 4.516086859999999769e-08 1.239999999999999991e+00 1.288027669999999992e-05 1.239999999999999991e+00 1.346915379999999928e-13 1.239999999999999991e+00 5.497633899999999629e-01
1.250000000000000000e+00 1.677422569999999918e-03 1.250000000000000000e+00 8.810911650000000160e-05 1.250000000000000000e+00 9.814469409999998940e-04 1.250000000000000000e+00 6.748979610000000334e-15 1.250000000000000000e+00 4.156317050000000179e-01 1.250000000000000000e+00 1.127352990000000032e-03 1.250000000000000000e+00 1.402836409999999918e-05 1.250000000000000000e+00 5.261378590000000176e-04 1.250000000000000000e+00 1.519714879999999986e-14 1.250000000000000000e+00 5.035520070000000237e-01 1.250000000000000000e+00 6.293497019999999813e-04 1.250000000000000000e+00 3.202073840000000197e-06 1.250000000000000000e+00 2.787488350000000194e-04 1.250000000000000000e+00 3.073917280000000078e-14 1.250000000000000000e+00 4.792176249999999804e-01 1.250000000000000000e+00 3.241257149999999935e-04 1.250000000000000000e+00 1.039463900000000084e-06 1.250000000000000000e+00 1.401835940000000077e-04 1.250000000000000000e+00 6.294748719999999737e-14 1.250000000000000000e+00 4.585417960000000015e-01 1.250000000000000000e+00 1.607708260000000001e-04 1.250000000000000000e+00 3.313860910000000127e-07 1.250000000000000000e+00 6.904249579999999415e-05 1.250000000000000000e+00 1.275539390000000007e-13 1.250000000000000000e+00 4.460381900000000011e-01 1.250000000000000000e+00 7.288757650000000097e-04 1.250000000000000000e+00 3.050122619999999962e-05 1.250000000000000000e+00 3.432135770000000071e-04 1.250000000000000000e+00 9.624377800000000012e-15 1.250000000000000000e+00 4.959290650000000023e-01 1.250000000000000000e+00 3.578620469999999987e-04 1.250000000000000000e+00 4.396663309999999868e-06 1.250000000000000000e+00 1.411585859999999956e-04 1.250000000000000000e+00 1.699493609999999993e-14 1.250000000000000000e+00 5.650809180000000431e-01 1.250000000000000000e+00 1.580328989999999932e-04 1.250000000000000000e+00 8.487090029999999644e-07 1.250000000000000000e+00 5.974706560000000321e-05 1.250000000000000000e+00 3.407426549999999904e-14 1.250000000000000000e+00 5.629528670000000234e-01 1.250000000000000000e+00 7.346518570000000286e-05 1.250000000000000000e+00 1.920560060000000046e-07 1.250000000000000000e+00 2.762741090000000096e-05 1.250000000000000000e+00 6.780654239999999480e-14 1.250000000000000000e+00 5.543652669999999949e-01 1.250000000000000000e+00 3.519145420000000082e-05 1.250000000000000000e+00 4.650640529999999817e-08 1.250000000000000000e+00 1.322998670000000000e-05 1.250000000000000000e+00 1.347494710000000070e-13 1.250000000000000000e+00 5.497633899999999629e-01
1.260000000000000009e+00 1.683297029999999929e-03 1.260000000000000009e+00 8.891057079999999959e-05 1.260000000000000009e+00 9.982506450000000302e-04 1.260000000000000009e+00 6.751470399999999962e-15 1.260000000000000009e+00 4.156317050000000179e-01 1.260000000000000009e+00 1.134854839999999924e-03 1.260000000000000009e+00 1.430604620000000063e-05 1.260000000000000009e+00 5.374489949999999763e-04 1.260000000000000009e+00 1.520261899999999950e-14 1.260000000000000009e+00 5.035520070000000237e-01 1.260000000000000009e+00 6.349149259999999724e-04 1.260000000000000009e+00 3.271487340000000172e-06 1.260000000000000009e+00 2.850701990000000245e-04 1.260000000000000009e+00 3.074936680000000191e-14 1.260000000000000009e+00 4.792176249999999804e-01 1.260000000000000009e+00 3.274292079999999942e-04 1.260000000000000009e+00 1.062437800000000096e-06 1.260000000000000009e+00 1.434413820000000027e-04 1.260000000000000009e+00 6.296525629999999467e-14 1.260000000000000009e+00 4.585417960000000015e-01 1.260000000000000009e+00 1.625018849999999957e-04 1.260000000000000009e+00 3.384617829999999840e-07 1.260000000000000009e+00 7.065886450000000163e-05 1.260000000000000009e+00 1.275861959999999928e-13 1.260000000000000009e+00 4.460381900000000011e-01 1.260000000000000009e+00 7.336642620000000115e-04 1.260000000000000009e+00 3.106745040000000332e-05 1.260000000000000009e+00 3.505263350000000010e-04 1.260000000000000009e+00 9.627128490000000179e-15 1.260000000000000009e+00 4.959290650000000023e-01 1.260000000000000009e+00 3.614767970000000202e-04 1.260000000000000009e+00 4.518288960000000193e-06 1.260000000000000009e+00 1.447553049999999932e-04 1.260000000000000009e+00 1.700063329999999971e-14 1.260000000000000009e+00 5.650809180000000431e-01 1.260000000000000009e+00 1.598964759999999972e-04 1.260000000000000009e+00 8.740628619999999855e-07 1.260000000000000009e+00 6.133671919999999350e-05 1.260000000000000009e+00 3.408539630000000190e-14 1.260000000000000009e+00 5.629528670000000234e-01 1.260000000000000009e+00 7.437055970000000494e-05 1.260000000000000009e+00 1.977704600000000045e-07 1.260000000000000009e+00 2.836659170000000040e-05 1.260000000000000009e+00 6.783189209999999674e-14 1.260000000000000009e+00 5.543652669999999949e-01 1.260000000000000009e+00 3.563151540000000008e-05 1.260000000000000009e+00 4.787868850000000306e-08 1.260000000000000009e+00 1.358410239999999948e-05 1.260000000000000009e+00 1.348056629999999875e-13 1.260000000000000009e+00 5.497633899999999629e-01
1.270000000000000018e+00 1.689044970000000033e-03 1.270000000000000018e+00 8.971305430000000236e-05 1.270000000000000018e+00 1.015112459999999986e-03 1.270000000000000018e+00 6.753870170000000200e-15 1.270000000000000018e+00 4.156317050000000179e-01 1.270000000000000018e+00 1.142240770000000055e-03 1.270000000000000018e+00 1.458721779999999921e-05 1.270000000000000018e+00 5.488345690000000004e-04 1.270000000000000018e+00 1.520791759999999848e-14 1.270000000000000018e+00 5.035520070000000237e-01 1.270000000000000018e+00 6.404303779999999998e-04 1.270000000000000018e+00 3.342083300000000139e-06 1.270000000000000018e+00 2.914469669999999860e-04 1.270000000000000018e+00 3.075925269999999855e-14 1.270000000000000018e+00 4.792176249999999804e-01 1.270000000000000018e+00 3.307155490000000093e-04 1.270000000000000018e+00 1.085825079999999970e-06 1.270000000000000018e+00 1.467321210000000083e-04 1.270000000000000018e+00 6.298250149999999478e-14 1.270000000000000018e+00 4.585417960000000015e-01 1.270000000000000018e+00 1.642267219999999977e-04 1.270000000000000018e+00 3.456588240000000085e-07 1.270000000000000018e+00 7.229251280000000522e-05 1.270000000000000018e+00 1.276175109999999904e-13 1.270000000000000018e+00 4.460381900000000011e-01 1.270000000000000018e+00 7.383832809999999695e-04 1.270000000000000018e+00 3.163914019999999931e-05 1.270000000000000018e+00 3.578866299999999986e-04 1.270000000000000018e+00 9.629804789999999540e-15 1.270000000000000018e+00 4.959290650000000023e-01 1.270000000000000018e+00 3.650618960000000181e-04 1.270000000000000018e+00 4.641958479999999929e-06 1.270000000000000018e+00 1.483880229999999924e-04 1.270000000000000018e+00 1.700616650000000063e-14 1.270000000000000018e+00 5.650809180000000431e-01 1.270000000000000018e+00 1.617520509999999918e-04 1.270000000000000018e+00 8.998973890000000095e-07 1.270000000000000018e+00 6.294496850000000517e-05 1.270000000000000018e+00 3.409620620000000258e-14 1.270000000000000018e+00 5.629528670000000234e-01 1.270000000000000018e+00 7.527339040000000244e-05 1.270000000000000018e+00 2.035960599999999981e-07 1.270000000000000018e+00 2.911481359999999968e-05 1.270000000000000018e+00 6.785650260000000554e-14 1.270000000000000018e+00 5.543652669999999949e-01 1.270000000000000018e+00 3.607058490000000057e-05 1.270000000000000018e+00 4.927815879999999729e-08 1.270000000000000018e+00 1.394261369999999943e-05 1.270000000000000018e+00 1.348601930000000023e-13 1.270000000000000018e+00 5.497633899999999629e-01
1.280000000000000027e+00 1.694669100000000027e-03 1.280000000000000027e+00 9.051671340000000225e-05 1.280000000000000027e+00 1.032031130000000008e-03 1.280000000000000027e+00 6.756182660000000375e-15 1.280000000000000027e+00 4.156317050000000179e-01 1.280000000000000027e+00 1.149512560000000034e-03 1.280000000000000027e+00 1.487194029999999994e-05 1.280000000000000027e+00 5.602934300000000272e-04 1.280000000000000027e+00 1.521305259999999851e-14 1.280000000000000027e+00 5.035520070000000237e-01 1.280000000000000027e+00 6.458963600000000495e-04 1.280000000000000027e+00 3.413891400000000187e-06 1.280000000000000027e+00 2.978786419999999925e-04 1.280000000000000027e+00 3.076884379999999779e-14 1.280000000000000027e+00 4.792176249999999804e-01 1.280000000000000027e+00 3.339847460000000068e-04 1.280000000000000027e+00 1.109636599999999924e-06 1.280000000000000027e+00 1.500556359999999920e-04 1.280000000000000027e+00 6.299924349999999713e-14 1.280000000000000027e+00 4.585417960000000015e-01 1.280000000000000027e+00 1.659453199999999930e-04 1.280000000000000027e+00 3.529803300000000075e-07 1.280000000000000027e+00 7.394337819999999718e-05 1.280000000000000027e+00 1.276479180000000001e-13 1.280000000000000027e+00 4.460381900000000011e-01 1.280000000000000027e+00 7.430337870000000393e-04 1.280000000000000027e+00 3.221635439999999932e-05 1.280000000000000027e+00 3.652937719999999923e-04 1.280000000000000027e+00 9.632409229999999216e-15 1.280000000000000027e+00 4.959290650000000023e-01 1.280000000000000027e+00 3.686176360000000180e-04 1.280000000000000027e+00 4.767696080000000289e-06 1.280000000000000027e+00 1.520564450000000064e-04 1.280000000000000027e+00 1.701154230000000148e-14 1.280000000000000027e+00 5.650809180000000431e-01 1.280000000000000027e+00 1.635996850000000040e-04 1.280000000000000027e+00 9.262191790000000309e-07 1.280000000000000027e+00 6.457173380000000025e-05 1.280000000000000027e+00 3.410670750000000202e-14 1.280000000000000027e+00 5.629528670000000234e-01 1.280000000000000027e+00 7.617369600000000124e-05 1.280000000000000027e+00 2.095344879999999988e-07 1.280000000000000027e+00 2.987205109999999906e-05 1.280000000000000027e+00 6.788040439999999995e-14 1.280000000000000027e+00 5.543652669999999949e-01 1.280000000000000027e+00 3.650867019999999943e-05 1.280000000000000027e+00 5.070526929999999791e-08 1.280000000000000027e+00 1.430551080000000072e-05 1.280000000000000027e+00 1.349131340000000064e-13 1.280000000000000027e+00 5.497633899999999629e-01
1.290000000000000036e+00 1.700172079999999909e-03 1.290000000000000036e+00 9.132169370000000567e-05 1.290000000000000036e+00 1.049005439999999966e-03 1.290000000000000036e+00 6.758411409999999849e-15 1.290000000000000036e+00 4.156317050000000179e-01 1.290000000000000036e+00 1.156671940000000105e-03 1.290000000000000036e+00 1.516027610000000048e-05 1.290000000000000036e+00 5.718244450000000301e-04 1.290000000000000036e+00 1.521803120000000146e-14 1.290000000000000036e+00 5.035520070000000237e-01 1.290000000000000036e+00 6.513131759999999911e-04 1.290000000000000036e+00 3.486942350000000122e-06 1.290000000000000036e+00 3.043647300000000121e-04 1.290000000000000036e+00 3.077815249999999738e-14 1.290000000000000036e+00 4.792176249999999804e-01 1.290000000000000036e+00 3.372368050000000171e-04 1.290000000000000036e+00 1.133883619999999936e-06 1.290000000000000036e+00 1.534117580000000057e-04 1.290000000000000036e+00 6.301550170000000455e-14 1.290000000000000036e+00 4.585417960000000015e-01 1.290000000000000036e+00 1.676576590000000071e-04 1.290000000000000036e+00 3.604295299999999946e-07 1.290000000000000036e+00 7.561139830000000186e-05 1.290000000000000036e+00 1.276774500000000095e-13 1.290000000000000036e+00 4.460381900000000011e-01 1.290000000000000036e+00 7.476167200000000427e-04 1.290000000000000036e+00 3.279915309999999900e-05 1.290000000000000036e+00 3.727470809999999888e-04 1.290000000000000036e+00 9.634944240000000349e-15 1.290000000000000036e+00 4.959290650000000023e-01 1.290000000000000036e+00 3.721442939999999974e-04 1.290000000000000036e+00 4.895526590000000075e-06 1.290000000000000036e+00 1.557602790000000095e-04 1.290000000000000036e+00 1.701676660000000122e-14 1.290000000000000036e+00 5.650809180000000431e-01 1.290000000000000036e+00 1.654394310000000120e-04 1.290000000000000036e+00 9.530349900000000005e-07 1.290000000000000036e+00 6.621693589999999975e-05 1.290000000000000036e+00 3.411691210000000124e-14 1.290000000000000036e+00 5.629528670000000234e-01 1.290000000000000036e+00 7.707149369999999767e-05 1.290000000000000036e+00 2.155874679999999872e-07 1.290000000000000036e+00 3.063827920000000016e-05 1.290000000000000036e+00 6.790362639999999683e-14 1.290000000000000036e+00 5.543652669999999949e-01 1.290000000000000036e+00 3.694577840000000081e-05 1.290000000000000036e+00 5.216048589999999959e-08 1.290000000000000036e+00 1.467278390000000083e-05 1.290000000000000036e+00 1.349645529999999944e-13 1.290000000000000036e+00 5.497633899999999629e-01
1.300000000000000044e+00 1.705556470000000073e-03 1.300000000000000044e+00 9.212814039999999891e-05 1.300000000000000044e+00 1.066034179999999923e-03 1.300000000000000044e+00 6.760559820000000377e-15 1.300000000000000044e+00 4.156317050000000179e-01 1.300000000000000044e+00 1.163720609999999980e-03 1.300000000000000044e+00 1.545228940000000078e-05 1.300000000000000044e+00 5.834265000000000154e-04 1.300000000000000044e+00 1.522286019999999979e-14 1.300000000000000044e+00 5.035520070000000237e-01 1.300000000000000044e+00 6.566811250000000391e-04 1.300000000000000044e+00 3.561267869999999810e-06 1.300000000000000044e+00 3.109047429999999891e-04 1.300000000000000044e+00 3.078719049999999837e-14 1.300000000000000044e+00 4.792176249999999804e-01 1.300000000000000044e+00 3.404717330000000121e-04 1.300000000000000044e+00 1.158577830000000058e-06 1.300000000000000044e+00 1.568003150000000048e-04 1.300000000000000044e+00 6.303129440000000426e-14 1.300000000000000044e+00 4.585417960000000015e-01 1.300000000000000044e+00 1.693637229999999955e-04 1.300000000000000044e+00 3.680097750000000022e-07 1.300000000000000044e+00 7.729651040000000146e-05 1.300000000000000044e+00 1.277061400000000064e-13 1.300000000000000044e+00 4.460381900000000011e-01 1.300000000000000044e+00 7.521329979999999979e-04 1.300000000000000044e+00 3.338759750000000183e-05 1.300000000000000044e+00 3.802458850000000170e-04 1.300000000000000044e+00 9.637412089999999374e-15 1.300000000000000044e+00 4.959290650000000023e-01 1.300000000000000044e+00 3.756421430000000039e-04 1.300000000000000044e+00 5.025475459999999915e-06 1.300000000000000044e+00 1.594992349999999949e-04 1.300000000000000044e+00 1.702184519999999878e-14 1.300000000000000044e+00 5.650809180000000431e-01 1.300000000000000044e+00 1.672713429999999897e-04 1.300000000000000044e+00 9.803517520000000693e-07 1.300000000000000044e+00 6.788049630000000565e-05 1.300000000000000044e+00 3.412683099999999825e-14 1.300000000000000044e+00 5.629528670000000234e-01 1.300000000000000044e+00 7.796679960000000057e-05 1.300000000000000044e+00 2.217567720000000118e-07 1.300000000000000044e+00 3.141347269999999797e-05 1.300000000000000044e+00 6.792619529999999456e-14 1.300000000000000044e+00 5.543652669999999949e-01 1.300000000000000044e+00 3.738191609999999733e-05 1.300000000000000044e+00 5.364428749999999780e-08 1.300000000000000044e+00 1.504442320000000063e-05 1.300000000000000044e+00 1.350145140000000050e-13 1.300000000000000044e+00 5.497633899999999629e-01
1.310000000000000053e+00 1.710824759999999894e-03 1.310000000000000053e+00 9.293619769999999938e-05 1.310000000000000053e+00 1.083116180000000001e-03 1.310000000000000053e+00 6.762631109999999802e-15 1.310000000000000053e+00 4.156317050000000179e-01 1.310000000000000053e+00 1.170660239999999925e-03 1.310000000000000053e+00 1.574804600000000152e-05 1.310000000000000053e+00 5.950984940000000455e-04 1.310000000000000053e+00 1.522754599999999865e-14 1.310000000000000053e+00 5.035520070000000237e-01 1.310000000000000053e+00 6.620005029999999867e-04 1.310000000000000053e+00 3.636900789999999969e-06 1.310000000000000053e+00 3.174981909999999839e-04 1.310000000000000053e+00 3.079596850000000200e-14 1.310000000000000053e+00 4.792176249999999804e-01 1.310000000000000053e+00 3.436895370000000180e-04 1.310000000000000053e+00 1.183731329999999927e-06 1.310000000000000053e+00 1.602211359999999949e-04 1.310000000000000053e+00 6.304663899999999946e-14 1.310000000000000053e+00 4.585417960000000015e-01 1.310000000000000053e+00 1.710634920000000112e-04 1.310000000000000053e+00 3.757245399999999835e-07 1.310000000000000053e+00 7.899865180000000529e-05 1.310000000000000053e+00 1.277340170000000045e-13 1.310000000000000053e+00 4.460381900000000011e-01 1.310000000000000053e+00 7.565835160000000149e-04 1.310000000000000053e+00 3.398175010000000201e-05 1.310000000000000053e+00 3.877895220000000115e-04 1.310000000000000053e+00 9.639814960000000632e-15 1.310000000000000053e+00 4.959290650000000023e-01 1.310000000000000053e+00 3.791114429999999742e-04 1.310000000000000053e+00 5.157568749999999899e-06 1.310000000000000053e+00 1.632730259999999980e-04 1.310000000000000053e+00 1.702678329999999956e-14 1.310000000000000053e+00 5.650809180000000431e-01 1.310000000000000053e+00 1.690954689999999891e-04 1.310000000000000053e+00 1.008176570000000070e-06 1.310000000000000053e+00 6.956233679999999431e-05 1.310000000000000053e+00 3.413647459999999750e-14 1.310000000000000053e+00 5.629528670000000234e-01 1.310000000000000053e+00 7.885962890000000071e-05 1.310000000000000053e+00 2.280442159999999898e-07 1.310000000000000053e+00 3.219760689999999904e-05 1.310000000000000053e+00 6.794813649999999485e-14 1.310000000000000053e+00 5.543652669999999949e-01 1.310000000000000053e+00 3.781708960000000039e-05 1.310000000000000053e+00 5.515716699999999915e-08 1.310000000000000053e+00 1.542041900000000094e-05 1.310000000000000053e+00 1.350630770000000022e-13 1.310000000000000053e+00 5.497633899999999629e-01
1.320000000000000062e+00 1.715979380000000071e-03 1.320000000000000062e+00 9.374600990000000241e-05 1.320000000000000062e+00 1.100250290000000025e-03 1.320000000000000062e+00 6.764628359999999935e-15 1.320000000000000062e+00 4.156317050000000179e-01 1.320000000000000062e+00 1.177492449999999972e-03 1.320000000000000062e+00 1.604761309999999913e-05 1.320000000000000062e+00 6.068393469999999908e-04 1.320000000000000062e+00 1.523209450000000015e-14 1.320000000000000062e+00 5.035520070000000237e-01 1.320000000000000062e+00 6.672716069999999481e-04 1.320000000000000062e+00 3.713875079999999948e-06 1.320000000000000062e+00 3.241445920000000252e-04 1.320000000000000062e+00 3.080449690000000009e-14 1.320000000000000062e+00 4.792176249999999804e-01 1.320000000000000062e+00 3.468902250000000030e-04 1.320000000000000062e+00 1.209356719999999932e-06 1.320000000000000062e+00 1.636740490000000128e-04 1.320000000000000062e+00 6.306155170000000615e-14 1.320000000000000062e+00 4.585417960000000015e-01 1.320000000000000062e+00 1.727569489999999865e-04 1.320000000000000062e+00 3.835774319999999996e-07 1.320000000000000062e+00 8.071775920000000607e-05 1.320000000000000062e+00 1.277611089999999989e-13 1.320000000000000062e+00 4.460381900000000011e-01 1.320000000000000062e+00 7.609691509999999505e-04 1.320000000000000062e+00 3.458167480000000306e-05 1.320000000000000062e+00 3.953773389999999796e-04 1.320000000000000062e+00 9.642154910000000596e-15 1.320000000000000062e+00 4.959290650000000023e-01 1.320000000000000062e+00 3.825524489999999737e-04 1.320000000000000062e+00 5.291833190000000215e-06 1.320000000000000062e+00 1.670813690000000113e-04 1.320000000000000062e+00 1.703158609999999945e-14 1.320000000000000062e+00 5.650809180000000431e-01 1.320000000000000062e+00 1.709118590000000004e-04 1.320000000000000062e+00 1.036516709999999997e-06 1.320000000000000062e+00 7.126237990000000436e-05 1.320000000000000062e+00 3.414585289999999718e-14 1.320000000000000062e+00 5.629528670000000234e-01 1.320000000000000062e+00 7.974999619999999939e-05 1.320000000000000062e+00 2.344516649999999898e-07 1.320000000000000062e+00 3.299065710000000312e-05 1.320000000000000062e+00 6.796947370000000292e-14 1.320000000000000062e+00 5.543652669999999949e-01 1.320000000000000062e+00 3.825130470000000308e-05 1.320000000000000062e+00 5.669963140000000310e-08 1.320000000000000062e+00 1.580076179999999905e-05 1.320000000000000062e+00 1.351102970000000077e-13 1.320000000000000062e+00 5.497633899999999629e-01
1.330000000000000071e+00 1.721022680000000105e-03 1.330000000000000071e+00 9.455772039999999878e-05 1.330000000000000071e+00 1.117435400000000092e-03 1.330000000000000071e+00 6.766554540000000242e-15 1.330000000000000071e+00 4.156317050000000179e-01 1.330000000000000071e+00 1.184218849999999976e-03 1.330000000000000071e+00 1.635105969999999911e-05 1.330000000000000071e+00 6.186479909999999987e-04 1.330000000000000071e+00 1.523651140000000010e-14 1.330000000000000071e+00 5.035520070000000237e-01 1.330000000000000071e+00 6.724947259999999611e-04 1.330000000000000071e+00 3.792225849999999839e-06 1.330000000000000071e+00 3.308434629999999830e-04 1.330000000000000071e+00 3.081278529999999720e-14 1.330000000000000071e+00 4.792176249999999804e-01 1.330000000000000071e+00 3.500738020000000012e-04 1.330000000000000071e+00 1.235467049999999977e-06 1.330000000000000071e+00 1.671588830000000101e-04 1.330000000000000071e+00 6.307604769999999636e-14 1.330000000000000071e+00 4.585417960000000015e-01 1.330000000000000071e+00 1.744440769999999893e-04 1.330000000000000071e+00 3.915721950000000264e-07 1.330000000000000071e+00 8.245376959999999803e-05 1.330000000000000071e+00 1.277874419999999973e-13 1.330000000000000071e+00 4.460381900000000011e-01 1.330000000000000071e+00 7.652907579999999660e-04 1.330000000000000071e+00 3.518743679999999924e-05 1.330000000000000071e+00 4.030086910000000048e-04 1.330000000000000071e+00 9.644433880000000495e-15 1.330000000000000071e+00 4.959290650000000023e-01 1.330000000000000071e+00 3.859654069999999952e-04 1.330000000000000071e+00 5.428296190000000131e-06 1.330000000000000071e+00 1.709239819999999960e-04 1.330000000000000071e+00 1.703625840000000074e-14 1.330000000000000071e+00 5.650809180000000431e-01 1.330000000000000071e+00 1.727205570000000102e-04 1.330000000000000071e+00 1.065379650000000082e-06 1.330000000000000071e+00 7.298054830000000315e-05 1.330000000000000071e+00 3.415497499999999881e-14 1.330000000000000071e+00 5.629528670000000234e-01 1.330000000000000071e+00 8.063791519999999335e-05 1.330000000000000071e+00 2.409810340000000231e-07 1.330000000000000071e+00 3.379259870000000146e-05 1.330000000000000071e+00 6.799022920000000527e-14 1.330000000000000071e+00 5.543652669999999949e-01 1.330000000000000071e+00 3.868456719999999849e-05 1.330000000000000071e+00 5.827220239999999895e-08 1.330000000000000071e+00 1.618544189999999918e-05 1.330000000000000071e+00 1.351562260000000122e-13 1.330000000000000071e+00 5.497633899999999629e-01
1.340000000000000080e+00 1.725956959999999912e-03 1.340000000000000080e+00 9.537147269999999785e-05 1.340000000000000080e+00 1.134670379999999949e-03 1.340000000000000080e+00 6.768412430000000222e-15 1.340000000000000080e+00 4.156317050000000179e-01 1.340000000000000080e+00 1.190840980000000071e-03 1.340000000000000080e+00 1.665845650000000085e-05 1.340000000000000080e+00 6.305233760000000364e-04 1.340000000000000080e+00 1.524080180000000073e-14 1.340000000000000080e+00 5.035520070000000237e-01 1.340000000000000080e+00 6.776701509999999472e-04 1.340000000000000080e+00 3.871989490000000147e-06 1.340000000000000080e+00 3.375943269999999745e-04 1.340000000000000080e+00 3.082084249999999808e-14 1.340000000000000080e+00 4.792176249999999804e-01 1.340000000000000080e+00 3.532402769999999767e-04 1.340000000000000080e+00 1.262075879999999914e-06 1.340000000000000080e+00 1.706754679999999882e-04 1.340000000000000080e+00 6.309014169999999583e-14 1.340000000000000080e+00 4.585417960000000015e-01 1.340000000000000080e+00 1.761248580000000102e-04 1.340000000000000080e+00 3.997127189999999871e-07 1.340000000000000080e+00 8.420661959999999600e-05 1.340000000000000080e+00 1.278130409999999891e-13 1.340000000000000080e+00 4.460381900000000011e-01 1.340000000000000080e+00 7.695491739999999695e-04 1.340000000000000080e+00 3.579910249999999764e-05 1.340000000000000080e+00 4.106829430000000225e-04 1.340000000000000080e+00 9.646653749999999991e-15 1.340000000000000080e+00 4.959290650000000023e-01 1.340000000000000080e+00 3.893505570000000012e-04 1.340000000000000080e+00 5.566985829999999864e-06 1.340000000000000080e+00 1.748005849999999869e-04 1.340000000000000080e+00 1.704080459999999950e-14 1.340000000000000080e+00 5.650809180000000431e-01 1.340000000000000080e+00 1.745216080000000015e-04 1.340000000000000080e+00 1.094773049999999949e-06 1.340000000000000080e+00 7.471676549999999820e-05 1.340000000000000080e+00 3.416384990000000078e-14 1.340000000000000080e+00 5.629528670000000234e-01 1.340000000000000080e+00 8.152339909999999491e-05 1.340000000000000080e+00 2.476342899999999989e-07 1.340000000000000080e+00 3.460340719999999707e-05 1.340000000000000080e+00 6.801042389999999500e-14 1.340000000000000080e+00 5.543652669999999949e-01 1.340000000000000080e+00 3.911688250000000029e-05 1.340000000000000080e+00 5.987541700000000237e-08 1.340000000000000080e+00 1.657444999999999849e-05 1.340000000000000080e+00 1.352009120000000069e-13 1.340000000000000080e+00 5.497633899999999629e-01
1.350000000000000089e+00 1.730784449999999905e-03 1.350000000000000089e+00 9.618740979999999743e-05 1.350000000000000089e+00 1.151954180000000104e-03 1.350000000000000089e+00 6.770204730000000179e-15 1.350000000000000089e+00 4.156317050000000179e-01 1.350000000000000089e+00 1.197360379999999960e-03 1.350000000000000089e+00 1.696987570000000115e-05 1.350000000000000089e+00 6.424644680000000073e-04 1.350000000000000089e+00 1.524497070000000115e-14 1.350000000000000089e+00 5.035520070000000237e-01 1.350000000000000089e+00 6.827981679999999562e-04 1.350000000000000089e+00 3.953203640000000190e-06 1.350000000000000089e+00 3.443967080000000041e-04 1.350000000000000089e+00 3.082867730000000113e-14 1.350000000000000089e+00 4.792176249999999804e-01 1.350000000000000089e+00 3.563896570000000099e-04 1.350000000000000089e+00 1.289197310000000066e-06 1.350000000000000089e+00 1.742236320000000111e-04 1.350000000000000089e+00 6.310384720000000530e-14 1.350000000000000089e+00 4.585417960000000015e-01 1.350000000000000089e+00 1.777992729999999897e-04 1.350000000000000089e+00 4.080030410000000204e-07 1.350000000000000089e+00 8.597624560000000473e-05 1.350000000000000089e+00 1.278379309999999886e-13 1.350000000000000089e+00 4.460381900000000011e-01 1.350000000000000089e+00 7.737452180000000497e-04 1.350000000000000089e+00 3.641674000000000262e-05 1.350000000000000089e+00 4.183994669999999941e-04 1.350000000000000089e+00 9.648816280000000343e-15 1.350000000000000089e+00 4.959290650000000023e-01 1.350000000000000089e+00 3.927081339999999744e-04 1.350000000000000089e+00 5.707930909999999700e-06 1.350000000000000089e+00 1.787109010000000064e-04 1.350000000000000089e+00 1.704522900000000125e-14 1.350000000000000089e+00 5.650809180000000431e-01 1.350000000000000089e+00 1.763150539999999960e-04 1.350000000000000089e+00 1.124704750000000084e-06 1.350000000000000089e+00 7.647095510000000206e-05 1.350000000000000089e+00 3.417248580000000159e-14 1.350000000000000089e+00 5.629528670000000234e-01 1.350000000000000089e+00 8.240646060000000482e-05 1.350000000000000089e+00 2.544134519999999884e-07 1.350000000000000089e+00 3.542305859999999776e-05 1.350000000000000089e+00 6.803007779999999374e-14 1.350000000000000089e+00 5.543652669999999949e-01 1.350000000000000089e+00 3.954825570000000028e-05 1.350000000000000089e+00 6.150982820000000104e-08 1.350000000000000089e+00 1.696777640000000120e-05 1.350000000000000089e+00 1.352444019999999898e-13 1.350000000000000089e+00 5.497633899999999629e-01
1.360000000000000098e+00 1.735507299999999951e-03 1.360000000000000098e+00 9.700567469999999532e-05 1.360000000000000098e+00 1.169285730000000061e-03 1.360000000000000098e+00 6.771933979999999654e-15 1.360000000000000098e+00 4.156317050000000179e-01 1.360000000000000098e+00 1.203778549999999937e-03 1.360000000000000098e+00 1.728539149999999894e-05 1.360000000000000098e+00 6.544702459999999795e-04 1.360000000000000098e+00 1.524902250000000057e-14 1.360000000000000098e+00 5.035520070000000237e-01 1.360000000000000098e+00 6.878790600000000499e-04 1.360000000000000098e+00 4.035907279999999913e-06 1.360000000000000098e+00 3.512501340000000064e-04 1.360000000000000098e+00 3.083629749999999864e-14 1.360000000000000098e+00 4.792176249999999804e-01 1.360000000000000098e+00 3.595219470000000266e-04 1.360000000000000098e+00 1.316845969999999929e-06 1.360000000000000098e+00 1.778032040000000031e-04 1.360000000000000098e+00 6.311717739999999714e-14 1.360000000000000098e+00 4.585417960000000015e-01 1.360000000000000098e+00 1.794673059999999916e-04 1.360000000000000098e+00 4.164473600000000056e-07 1.360000000000000098e+00 8.776258380000000539e-05 1.360000000000000098e+00 1.278621340000000045e-13 1.360000000000000098e+00 4.460381900000000011e-01 1.360000000000000098e+00 7.778796890000000495e-04 1.360000000000000098e+00 3.704041849999999922e-05 1.360000000000000098e+00 4.261576420000000157e-04 1.360000000000000098e+00 9.650923159999999671e-15 1.360000000000000098e+00 4.959290650000000023e-01 1.360000000000000098e+00 3.960383649999999834e-04 1.360000000000000098e+00 5.851160930000000348e-06 1.360000000000000098e+00 1.826546560000000111e-04 1.360000000000000098e+00 1.704953579999999893e-14 1.360000000000000098e+00 5.650809180000000431e-01 1.360000000000000098e+00 1.781009349999999967e-04 1.360000000000000098e+00 1.155182800000000044e-06 1.360000000000000098e+00 7.824304139999999465e-05 1.360000000000000098e+00 3.418089060000000299e-14 1.360000000000000098e+00 5.629528670000000234e-01 1.360000000000000098e+00 8.328711189999999872e-05 1.360000000000000098e+00 2.613205950000000011e-07 1.360000000000000098e+00 3.625152839999999980e-05 1.360000000000000098e+00 6.804920929999999818e-14 1.360000000000000098e+00 5.543652669999999949e-01 1.360000000000000098e+00 3.997869179999999882e-05 1.360000000000000098e+00 6.317600539999999449e-08 1.360000000000000098e+00 1.736541189999999933e-05 1.360000000000000098e+00 1.352867379999999911e-13 1.360000000000000098e+00 5.497633899999999629e-01
1.370000000000000107e+00 1.740127620000000075e-03 1.370000000000000107e+00 9.782641040000000288e-05 1.370000000000000107e+00 1.186663979999999898e-03 1.370000000000000107e+00 6.773602649999999780e-15 1.370000000000000107e+00 4.156317050000000179e-01 1.370000000000000107e+00 1.210096940000000062e-03 1.370000000000000107e+00 1.760508000000000052e-05 1.370000000000000107e+00 6.665397059999999532e-04 1.370000000000000107e+00 1.525296180000000131e-14 1.370000000000000107e+00 5.035520070000000237e-01 1.370000000000000107e+00 6.929131059999999809e-04 1.370000000000000107e+00 4.120140789999999683e-06 1.370000000000000107e+00 3.581541330000000242e-04 1.370000000000000107e+00 3.084371079999999869e-14 1.370000000000000107e+00 4.792176249999999804e-01 1.370000000000000107e+00 3.626371549999999949e-04 1.370000000000000107e+00 1.345037080000000081e-06 1.370000000000000107e+00 1.814140139999999930e-04 1.370000000000000107e+00 6.313014440000000389e-14 1.370000000000000107e+00 4.585417960000000015e-01 1.370000000000000107e+00 1.811289390000000066e-04 1.370000000000000107e+00 4.250500369999999864e-07 1.370000000000000107e+00 8.956557040000000627e-05 1.370000000000000107e+00 1.278856719999999950e-13 1.370000000000000107e+00 4.460381900000000011e-01 1.370000000000000107e+00 7.819533709999999804e-04 1.370000000000000107e+00 3.767020900000000192e-05 1.370000000000000107e+00 4.339568579999999770e-04 1.370000000000000107e+00 9.652975999999999262e-15 1.370000000000000107e+00 4.959290650000000023e-01 1.370000000000000107e+00 3.993414730000000045e-04 1.370000000000000107e+00 5.996706169999999839e-06 1.370000000000000107e+00 1.866315780000000037e-04 1.370000000000000107e+00 1.705372860000000136e-14 1.370000000000000107e+00 5.650809180000000431e-01 1.370000000000000107e+00 1.798792929999999983e-04 1.370000000000000107e+00 1.186215469999999969e-06 1.370000000000000107e+00 8.003294880000000160e-05 1.370000000000000107e+00 3.418907180000000048e-14 1.370000000000000107e+00 5.629528670000000234e-01 1.370000000000000107e+00 8.416536469999999492e-05 1.370000000000000107e+00 2.683578519999999925e-07 1.370000000000000107e+00 3.708879280000000069e-05 1.370000000000000107e+00 6.806783619999999880e-14 1.370000000000000107e+00 5.543652669999999949e-01 1.370000000000000107e+00 4.040819580000000303e-05 1.370000000000000107e+00 6.487453520000000097e-08 1.370000000000000107e+00 1.776734720000000024e-05 1.370000000000000107e+00 1.353279609999999972e-13 1.370000000000000107e+00 5.497633899999999629e-01
1.379999999999999893e+00 1.744647470000000068e-03 1.379999999999999893e+00 9.864975960000000287e-05 1.379999999999999893e+00 1.204087940000000100e-03 1.379999999999999893e+00 6.775213050000000142e-15 1.379999999999999893e+00 4.156317050000000179e-01 1.379999999999999893e+00 1.216316980000000042e-03 1.379999999999999893e+00 1.792901899999999925e-05 1.379999999999999893e+00 6.786718569999999852e-04 1.379999999999999893e+00 1.525679249999999951e-14 1.379999999999999893e+00 5.035520070000000237e-01 1.379999999999999893e+00 6.979005840000000477e-04 1.379999999999999893e+00 4.205945990000000004e-06 1.379999999999999893e+00 3.651082400000000183e-04 1.379999999999999893e+00 3.085092429999999685e-14 1.379999999999999893e+00 4.792176249999999804e-01 1.379999999999999893e+00 3.657352869999999992e-04 1.379999999999999893e+00 1.373786479999999958e-06 1.379999999999999893e+00 1.850558899999999905e-04 1.379999999999999893e+00 6.314276000000000448e-14 1.379999999999999893e+00 4.585417960000000015e-01 1.379999999999999893e+00 1.827841549999999942e-04 1.379999999999999893e+00 4.338156100000000129e-07 1.379999999999999893e+00 9.138514119999999554e-05 1.379999999999999893e+00 1.279085650000000069e-13 1.379999999999999893e+00 4.460381900000000011e-01 1.379999999999999893e+00 7.859670310000000304e-04 1.379999999999999893e+00 3.830618359999999906e-05 1.379999999999999893e+00 4.417965100000000186e-04 1.379999999999999893e+00 9.654976330000000419e-15 1.379999999999999893e+00 4.959290650000000023e-01 1.379999999999999893e+00 4.026176739999999879e-04 1.379999999999999893e+00 6.144597659999999986e-06 1.379999999999999893e+00 1.906413960000000098e-04 1.379999999999999893e+00 1.705781120000000155e-14 1.379999999999999893e+00 5.650809180000000431e-01 1.379999999999999893e+00 1.816501639999999924e-04 1.379999999999999893e+00 1.217811239999999916e-06 1.379999999999999893e+00 8.184060229999999732e-05 1.379999999999999893e+00 3.419703639999999909e-14 1.379999999999999893e+00 5.629528670000000234e-01 1.379999999999999893e+00 8.504123039999999666e-05 1.379999999999999893e+00 2.755274130000000186e-07 1.379999999999999893e+00 3.793482780000000148e-05 1.379999999999999893e+00 6.808597509999999894e-14 1.379999999999999893e+00 5.543652669999999949e-01 1.379999999999999893e+00 4.083677220000000172e-05 1.379999999999999893e+00 6.660602199999999476e-08 1.379999999999999893e+00 1.817357280000000123e-05 1.379999999999999893e+00 1.353681089999999886e-13 1.379999999999999893e+00 5.497633899999999629e-01
1.389999999999999902e+00 1.749068840000000003e-03 1.389999999999999902e+00 9.947586559999999458e-05 1.389999999999999902e+00 1.221556609999999892e-03 1.389999999999999902e+00 6.776767420000000337e-15 1.389999999999999902e+00 4.156317050000000179e-01 1.389999999999999902e+00 1.222440090000000059e-03 1.389999999999999902e+00 1.825728839999999910e-05 1.389999999999999902e+00 6.908657229999999637e-04 1.389999999999999902e+00 1.526051850000000079e-14 1.389999999999999902e+00 5.035520070000000237e-01 1.389999999999999902e+00 7.028417660000000310e-04 1.389999999999999902e+00 4.293366229999999947e-06 1.389999999999999902e+00 3.721119909999999996e-04 1.389999999999999902e+00 3.085794479999999821e-14 1.389999999999999902e+00 4.792176249999999804e-01 1.389999999999999902e+00 3.688163500000000115e-04 1.389999999999999902e+00 1.403110629999999978e-06 1.389999999999999902e+00 1.887286629999999931e-04 1.389999999999999902e+00 6.315503539999999690e-14 1.389999999999999902e+00 4.585417960000000015e-01 1.389999999999999902e+00 1.844329359999999991e-04 1.389999999999999902e+00 4.427487969999999945e-07 1.389999999999999902e+00 9.322123200000000207e-05 1.389999999999999902e+00 1.279308319999999927e-13 1.389999999999999902e+00 4.460381900000000011e-01 1.389999999999999902e+00 7.899214190000000213e-04 1.389999999999999902e+00 3.894841639999999816e-05 1.389999999999999902e+00 4.496760009999999780e-04 1.389999999999999902e+00 9.656925639999999717e-15 1.389999999999999902e+00 4.959290650000000023e-01 1.389999999999999902e+00 4.058671820000000000e-04 1.389999999999999902e+00 6.294867209999999924e-06 1.389999999999999902e+00 1.946838419999999891e-04 1.389999999999999902e+00 1.706178699999999887e-14 1.389999999999999902e+00 5.650809180000000431e-01 1.389999999999999902e+00 1.834135880000000091e-04 1.389999999999999902e+00 1.249978790000000031e-06 1.389999999999999902e+00 8.366592719999999840e-05 1.389999999999999902e+00 3.420479130000000075e-14 1.389999999999999902e+00 5.629528670000000234e-01 1.389999999999999902e+00 8.591472019999999712e-05 1.389999999999999902e+00 2.828315309999999938e-07 1.389999999999999902e+00 3.878960950000000143e-05 1.389999999999999902e+00 6.810364170000000522e-14 1.389999999999999902e+00 5.543652669999999949e-01 1.389999999999999902e+00 4.126442570000000049e-05 1.389999999999999902e+00 6.837108870000000404e-08 1.389999999999999902e+00 1.858407950000000110e-05 1.389999999999999902e+00 1.354072180000000092e-13 1.389999999999999902e+00 5.497633899999999629e-01
1.399999999999999911e+00 1.753393650000000014e-03 1.399999999999999911e+00 1.003048709999999964e-04 1.399999999999999911e+00 1.239068999999999978e-03 1.399999999999999911e+00 6.778267889999999981e-15 1.399999999999999911e+00 4.156317050000000179e-01 1.399999999999999911e+00 1.228467630000000099e-03 1.399999999999999911e+00 1.858996989999999955e-05 1.399999999999999911e+00 7.031203399999999461e-04 1.399999999999999911e+00 1.526414350000000131e-14 1.399999999999999911e+00 5.035520070000000237e-01 1.399999999999999911e+00 7.077369240000000363e-04 1.399999999999999911e+00 4.382446439999999650e-06 1.399999999999999911e+00 3.791649219999999789e-04 1.399999999999999911e+00 3.086477879999999843e-14 1.399999999999999911e+00 4.792176249999999804e-01 1.399999999999999911e+00 3.718803480000000159e-04 1.399999999999999911e+00 1.433026660000000022e-06 1.399999999999999911e+00 1.924321610000000106e-04 1.399999999999999911e+00 6.316698110000000135e-14 1.399999999999999911e+00 4.585417960000000015e-01 1.399999999999999911e+00 1.860752650000000081e-04 1.399999999999999911e+00 4.518545080000000072e-07 1.399999999999999911e+00 9.507377840000000400e-05 1.399999999999999911e+00 1.279524929999999993e-13 1.399999999999999911e+00 4.460381900000000011e-01 1.399999999999999911e+00 7.938172710000000482e-04 1.399999999999999911e+00 3.959698269999999918e-05 1.399999999999999911e+00 4.575947429999999822e-04 1.399999999999999911e+00 9.658825310000000063e-15 1.399999999999999911e+00 4.959290650000000023e-01 1.399999999999999911e+00 4.090902040000000267e-04 1.399999999999999911e+00 6.447547449999999644e-06 1.399999999999999911e+00 1.987586509999999976e-04 1.399999999999999911e+00 1.706565929999999905e-14 1.399999999999999911e+00 5.650809180000000431e-01 1.399999999999999911e+00 1.851695989999999938e-04 1.399999999999999911e+00 1.282727069999999958e-06 1.399999999999999911e+00 8.550884930000000590e-05 1.399999999999999911e+00 3.421234269999999803e-14 1.399999999999999911e+00 5.629528670000000234e-01 1.399999999999999911e+00 8.678584480000000505e-05 1.399999999999999911e+00 2.902725220000000077e-07 1.399999999999999911e+00 3.965311430000000134e-05 1.399999999999999911e+00 6.812085099999999601e-14 1.399999999999999911e+00 5.543652669999999949e-01 1.399999999999999911e+00 4.169116069999999666e-05 1.399999999999999911e+00 7.017037750000000520e-08 1.399999999999999911e+00 1.899885820000000032e-05 1.399999999999999911e+00 1.354453219999999899e-13 1.399999999999999911e+00 5.497633899999999629e-01
1.409999999999999920e+00 1.757623800000000097e-03 1.409999999999999920e+00 1.011369209999999946e-04 1.409999999999999920e+00 1.256624160000000033e-03 1.409999999999999920e+00 6.779716490000000286e-15 1.409999999999999920e+00 4.156317050000000179e-01 1.409999999999999920e+00 1.234400949999999971e-03 1.409999999999999920e+00 1.892714759999999862e-05 1.409999999999999920e+00 7.154347610000000302e-04 1.409999999999999920e+00 1.526767080000000050e-14 1.409999999999999920e+00 5.035520070000000237e-01 1.409999999999999920e+00 7.125863229999999807e-04 1.409999999999999920e+00 4.473233190000000124e-06 1.409999999999999920e+00 3.862665769999999894e-04 1.409999999999999920e+00 3.087143230000000275e-14 1.409999999999999920e+00 4.792176249999999804e-01 1.409999999999999920e+00 3.749272879999999844e-04 1.409999999999999920e+00 1.463552399999999970e-06 1.409999999999999920e+00 1.961662129999999944e-04 1.409999999999999920e+00 6.317860720000000023e-14 1.409999999999999920e+00 4.585417960000000015e-01 1.409999999999999920e+00 1.877111240000000117e-04 1.409999999999999920e+00 4.611378540000000094e-07 1.409999999999999920e+00 9.694271579999999653e-05 1.409999999999999920e+00 1.279735660000000107e-13 1.409999999999999920e+00 4.460381900000000011e-01 1.409999999999999920e+00 7.976553059999999485e-04 1.409999999999999920e+00 4.025195959999999763e-05 1.409999999999999920e+00 4.655521540000000257e-04 1.409999999999999920e+00 9.660676699999999636e-15 1.409999999999999920e+00 4.959290650000000023e-01 1.409999999999999920e+00 4.122869440000000120e-04 1.409999999999999920e+00 6.602671849999999646e-06 1.409999999999999920e+00 2.028655590000000058e-04 1.409999999999999920e+00 1.706943130000000151e-14 1.409999999999999920e+00 5.650809180000000431e-01 1.409999999999999920e+00 1.869182329999999922e-04 1.409999999999999920e+00 1.316065240000000102e-06 1.409999999999999920e+00 8.736929460000000380e-05 1.409999999999999920e+00 3.421969689999999926e-14 1.409999999999999920e+00 5.629528670000000234e-01 1.409999999999999920e+00 8.765461470000000560e-05 1.409999999999999920e+00 2.978527690000000227e-07 1.409999999999999920e+00 4.052531849999999698e-05 1.409999999999999920e+00 6.813761710000000349e-14 1.409999999999999920e+00 5.543652669999999949e-01 1.409999999999999920e+00 4.211698169999999938e-05 1.409999999999999920e+00 7.200455070000000259e-08 1.409999999999999920e+00 1.941789970000000107e-05 1.409999999999999920e+00 1.354824520000000072e-13 1.409999999999999920e+00 5.497633899999999629e-01
1.419999999999999929e+00 1.761761130000000057e-03 1.419999999999999929e+00 1.019721570000000016e-04 1.419999999999999929e+00 1.274221160000000089e-03 1.419999999999999929e+00 6.781115160000000115e-15 1.419999999999999929e+00 4.156317050000000179e-01 1.419999999999999929e+00 1.240241360000000079e-03 1.419999999999999929e+00 1.926890729999999839e-05 1.419999999999999929e+00 7.278080500000000527e-04 1.419999999999999929e+00 1.527110390000000087e-14 1.419999999999999929e+00 5.035520070000000237e-01 1.419999999999999929e+00 7.173902270000000019e-04 1.419999999999999929e+00 4.565774799999999618e-06 1.419999999999999929e+00 3.934164970000000221e-04 1.419999999999999929e+00 3.087791129999999746e-14 1.419999999999999929e+00 4.792176249999999804e-01 1.419999999999999929e+00 3.779571750000000055e-04 1.419999999999999929e+00 1.494706430000000095e-06 1.419999999999999929e+00 1.999306490000000004e-04 1.419999999999999929e+00 6.318992349999999809e-14 1.419999999999999929e+00 4.585417960000000015e-01 1.419999999999999929e+00 1.893404969999999926e-04 1.419999999999999929e+00 4.706041579999999874e-07 1.419999999999999929e+00 9.882797930000000047e-05 1.419999999999999929e+00 1.279940660000000055e-13 1.419999999999999929e+00 4.460381900000000011e-01 1.419999999999999929e+00 8.014362290000000494e-04 1.419999999999999929e+00 4.091342570000000334e-05 1.419999999999999929e+00 4.735476590000000209e-04 1.419999999999999929e+00 9.662481089999999782e-15 1.419999999999999929e+00 4.959290650000000023e-01 1.419999999999999929e+00 4.154576020000000239e-04 1.419999999999999929e+00 6.760274750000000407e-06 1.419999999999999929e+00 2.070043030000000078e-04 1.419999999999999929e+00 1.707310589999999942e-14 1.419999999999999929e+00 5.650809180000000431e-01 1.419999999999999929e+00 1.886595259999999962e-04 1.419999999999999929e+00 1.350002710000000081e-06 1.419999999999999929e+00 8.924718949999999615e-05 1.419999999999999929e+00 3.422685960000000025e-14 1.419999999999999929e+00 5.629528670000000234e-01 1.419999999999999929e+00 8.852104030000000601e-05 1.419999999999999929e+00 3.055747209999999755e-07 1.419999999999999929e+00 4.140619879999999742e-05 1.419999999999999929e+00 6.815395350000000314e-14 1.419999999999999929e+00 5.543652669999999949e-01 1.419999999999999929e+00 4.254189279999999766e-05 1.419999999999999929e+00 7.387429150000000222e-08 1.419999999999999929e+00 1.984119479999999879e-05 1.419999999999999929e+00 1.355186400000000047e-13 1.419999999999999929e+00 5.497633899999999629e-01
1.429999999999999938e+00 1.765807409999999977e-03 1.429999999999999938e+00 1.028107250000000032e-04 1.429999999999999938e+00 1.291859079999999917e-03 1.429999999999999938e+00 6.782465759999999920e-15 1.429999999999999938e+00 4.156317050000000179e-01 1.429999999999999938e+00 1.245990140000000079e-03 1.429999999999999938e+00 1.961533730000000110e-05 1.429999999999999938e+00 7.402392830000000196e-04 1.429999999999999938e+00 1.527444569999999874e-14 1.429999999999999938e+00 5.035520070000000237e-01 1.429999999999999938e+00 7.221488940000000446e-04 1.429999999999999938e+00 4.660121379999999701e-06 1.429999999999999938e+00 4.006142299999999857e-04 1.429999999999999938e+00 3.088422120000000054e-14 1.429999999999999938e+00 4.792176249999999804e-01 1.429999999999999938e+00 3.809700140000000048e-04 1.429999999999999938e+00 1.526508090000000035e-06 1.429999999999999938e+00 2.037252999999999991e-04 1.429999999999999938e+00 6.320093909999999645e-14 1.429999999999999938e+00 4.585417960000000015e-01 1.429999999999999938e+00 1.909633649999999995e-04 1.429999999999999938e+00 4.802589639999999878e-07 1.429999999999999938e+00 1.007295039999999960e-04 1.429999999999999938e+00 1.280140120000000116e-13 1.429999999999999938e+00 4.460381900000000011e-01 1.429999999999999938e+00 8.051607279999999870e-04 1.429999999999999938e+00 4.158146140000000134e-05 1.429999999999999938e+00 4.815806900000000148e-04 1.429999999999999938e+00 9.664239730000000276e-15 1.429999999999999938e+00 4.959290650000000023e-01 1.429999999999999938e+00 4.186023709999999961e-04 1.429999999999999938e+00 6.920391350000000018e-06 1.429999999999999938e+00 2.111746250000000043e-04 1.429999999999999938e+00 1.707668589999999858e-14 1.429999999999999938e+00 5.650809180000000431e-01 1.429999999999999938e+00 1.903935110000000094e-04 1.429999999999999938e+00 1.384549139999999997e-06 1.429999999999999938e+00 9.114246079999999356e-05 1.429999999999999938e+00 3.423383629999999687e-14 1.429999999999999938e+00 5.629528670000000234e-01 1.429999999999999938e+00 8.938513150000000195e-05 1.429999999999999938e+00 3.134409000000000151e-07 1.429999999999999938e+00 4.229573159999999667e-05 1.429999999999999938e+00 6.816987289999999583e-14 1.429999999999999938e+00 5.543652669999999949e-01 1.429999999999999938e+00 4.296589829999999737e-05 1.429999999999999938e+00 7.578030479999999884e-08 1.429999999999999938e+00 2.026873449999999895e-05 1.429999999999999938e+00 1.355539140000000026e-13 1.429999999999999938e+00 5.497633899999999629e-01
1.439999999999999947e+00 1.769764380000000059e-03 1.439999999999999947e+00 1.036527679999999971e-04 1.439999999999999947e+00 1.309537009999999901e-03 1.439999999999999947e+00 6.783770060000000173e-15 1.439999999999999947e+00 4.156317050000000179e-01 1.439999999999999947e+00 1.251648560000000101e-03 1.439999999999999947e+00 1.996652799999999926e-05 1.439999999999999947e+00 7.527275509999999852e-04 1.439999999999999947e+00 1.527769919999999989e-14 1.439999999999999947e+00 5.035520070000000237e-01 1.439999999999999947e+00 7.268625809999999495e-04 1.439999999999999947e+00 4.756324920000000288e-06 1.439999999999999947e+00 4.078593250000000017e-04 1.439999999999999947e+00 3.089036730000000155e-14 1.439999999999999947e+00 4.792176249999999804e-01 1.439999999999999947e+00 3.839658090000000207e-04 1.439999999999999947e+00 1.558977549999999902e-06 1.439999999999999947e+00 2.075499930000000042e-04 1.439999999999999947e+00 6.321166290000000316e-14 1.439999999999999947e+00 4.585417960000000015e-01 1.439999999999999947e+00 1.925797130000000111e-04 1.439999999999999947e+00 4.901080509999999571e-07 1.439999999999999947e+00 1.026472250000000038e-04 1.439999999999999947e+00 1.280334179999999887e-13 1.439999999999999947e+00 4.460381900000000011e-01 1.439999999999999947e+00 8.088294809999999795e-04 1.439999999999999947e+00 4.225614880000000103e-05 1.439999999999999947e+00 4.896506869999999682e-04 1.439999999999999947e+00 9.665953789999999331e-15 1.439999999999999947e+00 4.959290650000000023e-01 1.439999999999999947e+00 4.217214450000000207e-04 1.439999999999999947e+00 7.083057779999999734e-06 1.439999999999999947e+00 2.153762650000000042e-04 1.439999999999999947e+00 1.708017409999999849e-14 1.439999999999999947e+00 5.650809180000000431e-01 1.439999999999999947e+00 1.921202210000000083e-04 1.439999999999999947e+00 1.419714460000000084e-06 1.439999999999999947e+00 9.305503550000000313e-05 1.439999999999999947e+00 3.424063229999999762e-14 1.439999999999999947e+00 5.629528670000000234e-01 1.439999999999999947e+00 9.024689829999999412e-05 1.439999999999999947e+00 3.214539010000000257e-07 1.439999999999999947e+00 4.319389359999999703e-05 1.439999999999999947e+00 6.818538759999999511e-14 1.439999999999999947e+00 5.543652669999999949e-01 1.439999999999999947e+00 4.338900239999999935e-05 1.439999999999999947e+00 7.772331839999999616e-08 1.439999999999999947e+00 2.070050980000000024e-05 1.439999999999999947e+00 1.355883010000000025e-13 1.439999999999999947e+00 5.497633899999999629e-01
1.449999999999999956e+00 1.773633740000000016e-03 1.449999999999999956e+00 1.044984330000000059e-04 1.449999999999999956e+00 1.327254080000000048e-03 1.449999999999999956e+00 6.785029769999999776e-15 1.449999999999999956e+00 4.156317050000000179e-01 1.449999999999999956e+00 1.257217859999999960e-03 1.449999999999999956e+00 2.032257209999999920e-05 1.449999999999999956e+00 7.652719569999999558e-04 1.449999999999999956e+00 1.528086720000000065e-14 1.449999999999999956e+00 5.035520070000000237e-01 1.449999999999999956e+00 7.315315400000000105e-04 1.449999999999999956e+00 4.854439400000000256e-06 1.449999999999999956e+00 4.151513330000000212e-04 1.449999999999999956e+00 3.089635479999999955e-14 1.449999999999999956e+00 4.792176249999999804e-01 1.449999999999999956e+00 3.869445639999999830e-04 1.449999999999999956e+00 1.592135810000000062e-06 1.449999999999999956e+00 2.114045590000000134e-04 1.449999999999999956e+00 6.322210319999999466e-14 1.449999999999999956e+00 4.585417960000000015e-01 1.449999999999999956e+00 1.941895229999999908e-04 1.449999999999999956e+00 5.001574429999999889e-07 1.449999999999999956e+00 1.045810760000000017e-04 1.449999999999999956e+00 1.280523000000000096e-13 1.449999999999999956e+00 4.460381900000000011e-01 1.449999999999999956e+00 8.124431479999999917e-04 1.449999999999999956e+00 4.293757180000000055e-05 1.449999999999999956e+00 4.977570959999999805e-04 1.449999999999999956e+00 9.667624419999999893e-15 1.449999999999999956e+00 4.959290650000000023e-01 1.449999999999999956e+00 4.248150100000000050e-04 1.449999999999999956e+00 7.248311110000000406e-06 1.449999999999999956e+00 2.196089689999999926e-04 1.449999999999999956e+00 1.708357309999999869e-14 1.449999999999999956e+00 5.650809180000000431e-01 1.449999999999999956e+00 1.938396889999999967e-04 1.449999999999999956e+00 1.455508879999999896e-06 1.449999999999999956e+00 9.498484110000000283e-05 1.449999999999999956e+00 3.424725260000000161e-14 1.449999999999999956e+00 5.629528670000000234e-01 1.449999999999999956e+00 9.110635030000000380e-05 1.449999999999999956e+00 3.296163970000000157e-07 1.449999999999999956e+00 4.410066180000000232e-05 1.449999999999999956e+00 6.820050900000000525e-14 1.449999999999999956e+00 5.543652669999999949e-01 1.449999999999999956e+00 4.381120919999999941e-05 1.449999999999999956e+00 7.970408349999999540e-08 1.449999999999999956e+00 2.113651159999999971e-05 1.449999999999999956e+00 1.356218280000000058e-13 1.449999999999999956e+00 5.497633899999999629e-01
1.459999999999999964e+00 1.777417130000000017e-03 1.459999999999999964e+00 1.053478650000000058e-04 1.459999999999999964e+00 1.345009400000000011e-03 1.459999999999999964e+00 6.786246500000000018e-15 1.459999999999999964e+00 4.156317050000000179e-01 1.459999999999999964e+00 1.262699230000000105e-03 1.459999999999999964e+00 2.068356489999999894e-05 1.459999999999999964e+00 7.778716150000000024e-04 1.459999999999999964e+00 1.528395240000000055e-14 1.459999999999999964e+00 5.035520070000000237e-01 1.459999999999999964e+00 7.361560179999999997e-04 1.459999999999999964e+00 4.954520849999999779e-06 1.459999999999999964e+00 4.224898079999999832e-04 1.459999999999999964e+00 3.090218830000000005e-14 1.459999999999999964e+00 4.792176249999999804e-01 1.459999999999999964e+00 3.899062829999999842e-04 1.459999999999999964e+00 1.626004810000000059e-06 1.459999999999999964e+00 2.152888270000000051e-04 1.459999999999999964e+00 6.323226839999999466e-14 1.459999999999999964e+00 4.585417960000000015e-01 1.459999999999999964e+00 1.957927770000000107e-04 1.459999999999999964e+00 5.104134230000000050e-07 1.459999999999999964e+00 1.065309930000000012e-04 1.459999999999999964e+00 1.280706709999999901e-13 1.459999999999999964e+00 4.460381900000000011e-01 1.459999999999999964e+00 8.160023770000000365e-04 1.459999999999999964e+00 4.362581600000000210e-05 1.459999999999999964e+00 5.058993690000000189e-04 1.459999999999999964e+00 9.669252710000000190e-15 1.459999999999999964e+00 4.959290650000000023e-01 1.459999999999999964e+00 4.278832489999999768e-04 1.459999999999999964e+00 7.416189399999999912e-06 1.459999999999999964e+00 2.238724809999999895e-04 1.459999999999999964e+00 1.708688529999999873e-14 1.459999999999999964e+00 5.650809180000000431e-01 1.459999999999999964e+00 1.955519460000000132e-04 1.459999999999999964e+00 1.491942869999999933e-06 1.459999999999999964e+00 9.693180520000000279e-05 1.459999999999999964e+00 3.425370209999999848e-14 1.459999999999999964e+00 5.629528670000000234e-01 1.459999999999999964e+00 9.196349720000000305e-05 1.459999999999999964e+00 3.379311390000000115e-07 1.459999999999999964e+00 4.501601299999999952e-05 1.459999999999999964e+00 6.821524820000000215e-14 1.459999999999999964e+00 5.543652669999999949e-01 1.459999999999999964e+00 4.423252259999999687e-05 1.459999999999999964e+00 8.172337599999999740e-08 1.459999999999999964e+00 2.157673100000000109e-05 1.459999999999999964e+00 1.356545200000000016e-13 1.459999999999999964e+00 5.497633899999999629e-01
1.469999999999999973e+00 1.781116139999999997e-03 1.469999999999999973e+00 1.062012110000000058e-04 1.469999999999999973e+00 1.362802140000000072e-03 1.469999999999999973e+00 6.787421809999999829e-15 1.469999999999999973e+00 4.156317050000000179e-01 1.469999999999999973e+00 1.268093870000000078e-03 1.469999999999999973e+00 2.104960389999999850e-05 1.469999999999999973e+00 7.905256530000000312e-04 1.469999999999999973e+00 1.528695729999999912e-14 1.469999999999999973e+00 5.035520070000000237e-01 1.469999999999999973e+00 7.407362600000000222e-04 1.469999999999999973e+00 5.056627460000000087e-06 1.469999999999999973e+00 4.298743059999999812e-04 1.469999999999999973e+00 3.090787260000000216e-14 1.469999999999999973e+00 4.792176249999999804e-01 1.469999999999999973e+00 3.928509680000000161e-04 1.469999999999999973e+00 1.660607410000000020e-06 1.469999999999999973e+00 2.192026280000000042e-04 1.469999999999999973e+00 6.324216610000000180e-14 1.469999999999999973e+00 4.585417960000000015e-01 1.469999999999999973e+00 1.973894580000000031e-04 1.469999999999999973e+00 5.208825489999999717e-07 1.469999999999999973e+00 1.084969099999999952e-04 1.469999999999999973e+00 1.280885470000000028e-13 1.469999999999999973e+00 4.460381900000000011e-01 1.469999999999999973e+00 8.195078029999999618e-04 1.469999999999999973e+00 4.432096899999999988e-05 1.469999999999999973e+00 5.140769639999999722e-04 1.469999999999999973e+00 9.670839720000000031e-15 1.469999999999999973e+00 4.959290650000000023e-01 1.469999999999999973e+00 4.309263450000000179e-04 1.469999999999999973e+00 7.586731669999999614e-06 1.469999999999999973e+00 2.281665499999999949e-04 1.469999999999999973e+00 1.709011310000000135e-14 1.469999999999999973e+00 5.650809180000000431e-01 1.469999999999999973e+00 1.972570229999999882e-04 1.469999999999999973e+00 1.529027219999999948e-06 1.469999999999999973e+00 9.889585609999999405e-05 1.469999999999999973e+00 3.425998540000000003e-14 1.469999999999999973e+00 5.629528670000000234e-01 1.469999999999999973e+00 9.281834810000000162e-05 1.469999999999999973e+00 3.464009610000000233e-07 1.469999999999999973e+00 4.593992410000000099e-05 1.469999999999999973e+00 6.822961570000000603e-14 1.469999999999999973e+00 5.543652669999999949e-01 1.469999999999999973e+00 4.465294679999999935e-05 1.469999999999999973e+00 8.378199789999999973e-08 1.469999999999999973e+00 2.202115910000000131e-05 1.469999999999999973e+00 1.356863989999999987e-13 1.469999999999999973e+00 5.497633899999999629e-01
1.479999999999999982e+00 1.784732349999999931e-03 1.479999999999999982e+00 1.070586180000000011e-04 1.479999999999999982e+00 1.380631449999999939e-03 1.479999999999999982e+00 6.788557189999999728e-15 1.479999999999999982e+00 4.156317050000000179e-01 1.479999999999999982e+00 1.273402920000000094e-03 1.479999999999999982e+00 2.142078919999999975e-05 1.479999999999999982e+00 8.032332070000000254e-04 1.479999999999999982e+00 1.528988439999999908e-14 1.479999999999999982e+00 5.035520070000000237e-01 1.479999999999999982e+00 7.452725059999999865e-04 1.479999999999999982e+00 5.160819699999999672e-06 1.479999999999999982e+00 4.373043859999999885e-04 1.479999999999999982e+00 3.091341209999999878e-14 1.479999999999999982e+00 4.792176249999999804e-01 1.479999999999999982e+00 3.957786210000000166e-04 1.479999999999999982e+00 1.695967479999999923e-06 1.479999999999999982e+00 2.231457899999999932e-04 1.479999999999999982e+00 6.325180390000000209e-14 1.479999999999999982e+00 4.585417960000000015e-01 1.479999999999999982e+00 1.989795500000000048e-04 1.479999999999999982e+00 5.315716630000000384e-07 1.479999999999999982e+00 1.104787610000000034e-04 1.479999999999999982e+00 1.281059399999999953e-13 1.479999999999999982e+00 4.460381900000000011e-01 1.479999999999999982e+00 8.229600460000000006e-04 1.479999999999999982e+00 4.502312019999999717e-05 1.479999999999999982e+00 5.222893480000000187e-04 1.479999999999999982e+00 9.672386469999999231e-15 1.479999999999999982e+00 4.959290650000000023e-01 1.479999999999999982e+00 4.339444719999999752e-04 1.479999999999999982e+00 7.759978009999999883e-06 1.479999999999999982e+00 2.324909250000000089e-04 1.479999999999999982e+00 1.709325869999999984e-14 1.479999999999999982e+00 5.650809180000000431e-01 1.479999999999999982e+00 1.989549509999999875e-04 1.479999999999999982e+00 1.566773000000000076e-06 1.479999999999999982e+00 1.008769220000000033e-04 1.479999999999999982e+00 3.426610680000000233e-14 1.479999999999999982e+00 5.629528670000000234e-01 1.479999999999999982e+00 9.367091230000000569e-05 1.479999999999999982e+00 3.550287850000000098e-07 1.479999999999999982e+00 4.687237230000000025e-05 1.479999999999999982e+00 6.824362159999999928e-14 1.479999999999999982e+00 5.543652669999999949e-01 1.479999999999999982e+00 4.507248550000000290e-05 1.479999999999999982e+00 8.588077759999999515e-08 1.479999999999999982e+00 2.246978700000000070e-05 1.479999999999999982e+00 1.357174879999999992e-13 1.479999999999999982e+00 5.497633899999999629e-01
1.489999999999999991e+00 1.788267270000000074e-03 1.489999999999999991e+00 1.079202339999999968e-04 1.489999999999999991e+00 1.398496510000000071e-03 1.489999999999999991e+00 6.789654050000000252e-15 1.489999999999999991e+00 4.156317050000000179e-01 1.489999999999999991e+00 1.278627519999999936e-03 1.489999999999999991e+00 2.179722349999999956e-05 1.489999999999999991e+00 8.159934300000000083e-04 1.489999999999999991e+00 1.529273609999999999e-14 1.489999999999999991e+00 5.035520070000000237e-01 1.489999999999999991e+00 7.497649920000000337e-04 1.489999999999999991e+00 5.267160370000000181e-06 1.489999999999999991e+00 4.447796100000000205e-04 1.489999999999999991e+00 3.091881100000000179e-14 1.489999999999999991e+00 4.792176249999999804e-01 1.489999999999999991e+00 3.986892449999999738e-04 1.489999999999999991e+00 1.732109939999999958e-06 1.489999999999999991e+00 2.271181439999999969e-04 1.489999999999999991e+00 6.326118889999999741e-14 1.489999999999999991e+00 4.585417960000000015e-01 1.489999999999999991e+00 2.005630360000000025e-04 1.489999999999999991e+00 5.424879149999999897e-07 1.489999999999999991e+00 1.124764789999999954e-04 1.489999999999999991e+00 1.281228640000000027e-13 1.489999999999999991e+00 4.460381900000000011e-01 1.489999999999999991e+00 8.263597159999999924e-04 1.489999999999999991e+00 4.573236100000000278e-05 1.489999999999999991e+00 5.305359900000000033e-04 1.489999999999999991e+00 9.673893930000000772e-15 1.489999999999999991e+00 4.959290650000000023e-01 1.489999999999999991e+00 4.369378050000000168e-04 1.489999999999999991e+00 7.935969580000000101e-06 1.489999999999999991e+00 2.368453569999999964e-04 1.489999999999999991e+00 1.709632440000000009e-14 1.489999999999999991e+00 5.650809180000000431e-01 1.489999999999999991e+00 2.006457599999999998e-04 1.489999999999999991e+00 1.605191599999999917e-06 1.489999999999999991e+00 1.028749309999999980e-04 1.489999999999999991e+00 3.427207069999999828e-14 1.489999999999999991e+00 5.629528670000000234e-01 1.489999999999999991e+00 9.452119889999999788e-05 1.489999999999999991e+00 3.638176209999999842e-07 1.489999999999999991e+00 4.781333479999999759e-05 1.489999999999999991e+00 6.825727560000000224e-14 1.489999999999999991e+00 5.543652669999999949e-01 1.489999999999999991e+00 4.549114280000000335e-05 1.489999999999999991e+00 8.802057200000000039e-08 1.489999999999999991e+00 2.292260579999999957e-05 1.489999999999999991e+00 1.357478090000000117e-13 1.489999999999999991e+00 5.497633899999999629e-01
1.500000000000000000e+00 1.791722369999999972e-03 1.500000000000000000e+00 1.087862079999999938e-04 1.500000000000000000e+00 1.416396529999999938e-03 1.500000000000000000e+00 6.790713770000000363e-15 1.500000000000000000e+00 4.156317050000000179e-01 1.500000000000000000e+00 1.283768779999999938e-03 1.500000000000000000e+00 2.217901240000000153e-05 1.500000000000000000e+00 8.288054799999999833e-04 1.500000000000000000e+00 1.529551440000000150e-14 1.500000000000000000e+00 5.035520070000000237e-01 1.500000000000000000e+00 7.542139509999999918e-04 1.500000000000000000e+00 5.375714789999999700e-06 1.500000000000000000e+00 4.522995409999999803e-04 1.500000000000000000e+00 3.092407349999999780e-14 1.500000000000000000e+00 4.792176249999999804e-01 1.500000000000000000e+00 4.015828399999999960e-04 1.500000000000000000e+00 1.769060850000000000e-06 1.500000000000000000e+00 2.311195179999999978e-04 1.500000000000000000e+00 6.327032820000000226e-14 1.500000000000000000e+00 4.585417960000000015e-01 1.500000000000000000e+00 2.021398969999999907e-04 1.500000000000000000e+00 5.536387710000000150e-07 1.500000000000000000e+00 1.144899990000000005e-04 1.500000000000000000e+00 1.281393300000000043e-13 1.500000000000000000e+00 4.460381900000000011e-01 1.500000000000000000e+00 8.297074059999999529e-04 1.500000000000000000e+00 4.644878479999999725e-05 1.500000000000000000e+00 5.388163689999999478e-04 1.500000000000000000e+00 9.675363049999999749e-15 1.500000000000000000e+00 4.959290650000000023e-01 1.500000000000000000e+00 4.399065130000000094e-04 1.500000000000000000e+00 8.114748619999999336e-06 1.500000000000000000e+00 2.412295989999999957e-04 1.500000000000000000e+00 1.709931219999999859e-14 1.500000000000000000e+00 5.650809180000000431e-01 1.500000000000000000e+00 2.023294779999999945e-04 1.500000000000000000e+00 1.644294740000000057e-06 1.500000000000000000e+00 1.048898129999999954e-04 1.500000000000000000e+00 3.427788109999999977e-14 1.500000000000000000e+00 5.629528670000000234e-01 1.500000000000000000e+00 9.536921680000000497e-05 1.500000000000000000e+00 3.727705719999999793e-07 1.500000000000000000e+00 4.876278870000000186e-05 1.500000000000000000e+00 6.827058680000000381e-14 1.500000000000000000e+00 5.543652669999999949e-01 1.500000000000000000e+00 4.590892250000000175e-05 1.500000000000000000e+00 9.020226710000000010e-08 1.500000000000000000e+00 2.337960689999999978e-05 1.500000000000000000e+00 1.357773820000000074e-13 1.500000000000000000e+00 5.497633899999999629e-01
1.510000000000000009e+00 1.795099110000000081e-03 1.510000000000000009e+00 1.096566909999999986e-04 1.510000000000000009e+00 1.434330699999999958e-03 1.510000000000000009e+00 6.791737629999999831e-15 1.510000000000000009e+00 4.156317050000000179e-01 1.510000000000000009e+00 1.288827779999999904e-03 1.510000000000000009e+00 2.256626390000000102e-05 1.510000000000000009e+00 8.416685309999999984e-04 1.510000000000000009e+00 1.529822160000000003e-14 1.510000000000000009e+00 5.035520070000000237e-01 1.510000000000000009e+00 7.586196100000000379e-04 1.510000000000000009e+00 5.486550860000000166e-06 1.510000000000000009e+00 4.598637449999999757e-04 1.510000000000000009e+00 3.092920350000000189e-14 1.510000000000000009e+00 4.792176249999999804e-01 1.510000000000000009e+00 4.044594070000000251e-04 1.510000000000000009e+00 1.806847400000000001e-06 1.510000000000000009e+00 2.351497439999999895e-04 1.510000000000000009e+00 6.327922850000000596e-14 1.510000000000000009e+00 4.585417960000000015e-01 1.510000000000000009e+00 2.037101180000000023e-04 1.510000000000000009e+00 5.650320389999999563e-07 1.510000000000000009e+00 1.165192549999999978e-04 1.510000000000000009e+00 1.281553520000000100e-13 1.510000000000000009e+00 4.460381900000000011e-01 1.510000000000000009e+00 8.330037010000000382e-04 1.510000000000000009e+00 4.717248709999999877e-05 1.510000000000000009e+00 5.471299669999999706e-04 1.510000000000000009e+00 9.676794760000000729e-15 1.510000000000000009e+00 4.959290650000000023e-01 1.510000000000000009e+00 4.428507619999999946e-04 1.510000000000000009e+00 8.296358530000000011e-06 1.510000000000000009e+00 2.456434049999999870e-04 1.510000000000000009e+00 1.710222420000000127e-14 1.510000000000000009e+00 5.650809180000000431e-01 1.510000000000000009e+00 2.040061349999999871e-04 1.510000000000000009e+00 1.684094490000000023e-06 1.510000000000000009e+00 1.069214969999999945e-04 1.510000000000000009e+00 3.428354190000000296e-14 1.510000000000000009e+00 5.629528670000000234e-01 1.510000000000000009e+00 9.621497470000000304e-05 1.510000000000000009e+00 3.818908400000000167e-07 1.510000000000000009e+00 4.972071159999999956e-05 1.510000000000000009e+00 6.828356400000000241e-14 1.510000000000000009e+00 5.543652669999999949e-01 1.510000000000000009e+00 4.632582830000000096e-05 1.510000000000000009e+00 9.242677950000000521e-08 1.510000000000000009e+00 2.384078140000000164e-05 1.510000000000000009e+00 1.358062259999999892e-13 1.510000000000000009e+00 5.497633899999999629e-01
1.520000000000000018e+00 1.798398870000000090e-03 1.520000000000000018e+00 1.105318340000000042e-04 1.520000000000000018e+00 1.452298249999999956e-03 1.520000000000000018e+00 6.792726900000000004e-15 1.520000000000000018e+00 4.156317050000000179e-01 1.520000000000000018e+00 1.293805589999999896e-03 1.520000000000000018e+00 2.295908920000000160e-05 1.520000000000000018e+00 8.545817649999999611e-04 1.520000000000000018e+00 1.530085970000000154e-14 1.520000000000000018e+00 5.035520070000000237e-01 1.520000000000000018e+00 7.629821930000000359e-04 1.520000000000000018e+00 5.599739199999999832e-06 1.520000000000000018e+00 4.674717899999999982e-04 1.520000000000000018e+00 3.093420480000000075e-14 1.520000000000000018e+00 4.792176249999999804e-01 1.520000000000000018e+00 4.073189440000000148e-04 1.520000000000000018e+00 1.845498059999999899e-06 1.520000000000000018e+00 2.392086500000000090e-04 1.520000000000000018e+00 6.328789630000000419e-14 1.520000000000000018e+00 4.585417960000000015e-01 1.520000000000000018e+00 2.052736800000000048e-04 1.520000000000000018e+00 5.766758819999999905e-07 1.520000000000000018e+00 1.185641790000000015e-04 1.520000000000000018e+00 1.281709400000000056e-13 1.520000000000000018e+00 4.460381900000000011e-01 1.520000000000000018e+00 8.362491700000000347e-04 1.520000000000000018e+00 4.790356539999999721e-05 1.520000000000000018e+00 5.554762730000000533e-04 1.520000000000000018e+00 9.678189920000000400e-15 1.520000000000000018e+00 4.959290650000000023e-01 1.520000000000000018e+00 4.457707160000000217e-04 1.520000000000000018e+00 8.480843879999999270e-06 1.520000000000000018e+00 2.500865329999999885e-04 1.520000000000000018e+00 1.710506220000000149e-14 1.520000000000000018e+00 5.650809180000000431e-01 1.520000000000000018e+00 2.056757570000000094e-04 1.520000000000000018e+00 1.724603240000000078e-06 1.520000000000000018e+00 1.089699130000000040e-04 1.520000000000000018e+00 3.428905679999999770e-14 1.520000000000000018e+00 5.629528670000000234e-01 1.520000000000000018e+00 9.705848129999999528e-05 1.520000000000000018e+00 3.911817280000000077e-07 1.520000000000000018e+00 5.068708069999999777e-05 1.520000000000000018e+00 6.829621580000000280e-14 1.520000000000000018e+00 5.543652669999999949e-01 1.520000000000000018e+00 4.674186419999999854e-05 1.520000000000000018e+00 9.469505829999999898e-08 1.520000000000000018e+00 2.430612059999999859e-05 1.520000000000000018e+00 1.358343619999999975e-13 1.520000000000000018e+00 5.497633899999999629e-01
1.530000000000000027e+00 1.801623029999999907e-03 1.530000000000000027e+00 1.114117889999999994e-04 1.530000000000000027e+00 1.470298430000000107e-03 1.530000000000000027e+00 6.793682769999999880e-15 1.530000000000000027e+00 4.156317050000000179e-01 1.530000000000000027e+00 1.298703250000000095e-03 1.530000000000000027e+00 2.335760220000000014e-05 1.530000000000000027e+00 8.675443759999999479e-04 1.530000000000000027e+00 1.530343069999999935e-14 1.530000000000000027e+00 5.035520070000000237e-01 1.530000000000000027e+00 7.673019189999999781e-04 1.530000000000000027e+00 5.715353290000000124e-06 1.530000000000000027e+00 4.751232459999999770e-04 1.530000000000000027e+00 3.093908109999999687e-14 1.530000000000000027e+00 4.792176249999999804e-01 1.530000000000000027e+00 4.101614510000000193e-04 1.530000000000000027e+00 1.885042580000000039e-06 1.530000000000000027e+00 2.432960660000000035e-04 1.530000000000000027e+00 6.329633789999999896e-14 1.530000000000000027e+00 4.585417960000000015e-01 1.530000000000000027e+00 2.068305680000000039e-04 1.530000000000000027e+00 5.885788429999999789e-07 1.530000000000000027e+00 1.206247060000000004e-04 1.530000000000000027e+00 1.281861070000000075e-13 1.530000000000000027e+00 4.460381900000000011e-01 1.530000000000000027e+00 8.394443709999999895e-04 1.530000000000000027e+00 4.864211939999999807e-05 1.530000000000000027e+00 5.638547830000000417e-04 1.530000000000000027e+00 9.679549390000000186e-15 1.530000000000000027e+00 4.959290650000000023e-01 1.530000000000000027e+00 4.486665339999999975e-04 1.530000000000000027e+00 8.668250450000000124e-06 1.530000000000000027e+00 2.545587390000000265e-04 1.530000000000000027e+00 1.710782819999999890e-14 1.530000000000000027e+00 5.650809180000000431e-01 1.530000000000000027e+00 2.073383729999999996e-04 1.530000000000000027e+00 1.765833769999999994e-06 1.530000000000000027e+00 1.110349889999999998e-04 1.530000000000000027e+00 3.429442940000000229e-14 1.530000000000000027e+00 5.629528670000000234e-01 1.530000000000000027e+00 9.789974490000000543e-05 1.530000000000000027e+00 4.006466439999999800e-07 1.530000000000000027e+00 5.166187370000000157e-05 1.530000000000000027e+00 6.830855039999999718e-14 1.530000000000000027e+00 5.543652669999999949e-01 1.530000000000000027e+00 4.715703379999999908e-05 1.530000000000000027e+00 9.700808570000000004e-08 1.530000000000000027e+00 2.477561580000000100e-05 1.530000000000000027e+00 1.358618060000000042e-13 1.530000000000000027e+00 5.497633899999999629e-01
1.540000000000000036e+00 1.804772909999999893e-03 1.540000000000000036e+00 1.122967089999999963e-04 1.540000000000000036e+00 1.488330470000000022e-03 1.540000000000000036e+00 6.794606380000000041e-15 1.540000000000000036e+00 4.156317050000000179e-01 1.540000000000000036e+00 1.303521769999999936e-03 1.540000000000000036e+00 2.376191999999999831e-05 1.540000000000000036e+00 8.805555660000000031e-04 1.540000000000000036e+00 1.530593659999999941e-14 1.540000000000000036e+00 5.035520070000000237e-01 1.540000000000000036e+00 7.715790039999999772e-04 1.540000000000000036e+00 5.833469619999999624e-06 1.540000000000000036e+00 4.828176859999999920e-04 1.540000000000000036e+00 3.094383580000000227e-14 1.540000000000000036e+00 4.792176249999999804e-01 1.540000000000000036e+00 4.129869240000000005e-04 1.540000000000000036e+00 1.925512119999999949e-06 1.540000000000000036e+00 2.474118219999999748e-04 1.540000000000000036e+00 6.330455930000000183e-14 1.540000000000000036e+00 4.585417960000000015e-01 1.540000000000000036e+00 2.083807619999999982e-04 1.540000000000000036e+00 6.007498639999999594e-07 1.540000000000000036e+00 1.227007679999999950e-04 1.540000000000000036e+00 1.282008630000000014e-13 1.540000000000000036e+00 4.460381900000000011e-01 1.540000000000000036e+00 8.425898509999999939e-04 1.540000000000000036e+00 4.938825119999999859e-05 1.540000000000000036e+00 5.722649949999999899e-04 1.540000000000000036e+00 9.680874009999999936e-15 1.540000000000000036e+00 4.959290650000000023e-01 1.540000000000000036e+00 4.515383729999999994e-04 1.540000000000000036e+00 8.858625300000000065e-06 1.540000000000000036e+00 2.590597840000000260e-04 1.540000000000000036e+00 1.711052379999999952e-14 1.540000000000000036e+00 5.650809180000000431e-01 1.540000000000000036e+00 2.089940089999999895e-04 1.540000000000000036e+00 1.807799230000000041e-06 1.540000000000000036e+00 1.131166569999999963e-04 1.540000000000000036e+00 3.429966320000000031e-14 1.540000000000000036e+00 5.629528670000000234e-01 1.540000000000000036e+00 9.873877399999999953e-05 1.540000000000000036e+00 4.102891069999999932e-07 1.540000000000000036e+00 5.264506819999999746e-05 1.540000000000000036e+00 6.832057539999999682e-14 1.540000000000000036e+00 5.543652669999999949e-01 1.540000000000000036e+00 4.757134079999999864e-05 1.540000000000000036e+00 9.936687939999999696e-08 1.540000000000000036e+00 2.524925840000000053e-05 1.540000000000000036e+00 1.358885759999999934e-13 1.540000000000000036e+00 5.497633899999999629e-01
1.550000000000000044e+00 1.807849810000000060e-03 1.550000000000000044e+00 1.131867510000000046e-04 1.550000000000000044e+00 1.506393640000000013e-03 1.550000000000000044e+00 6.795498850000000288e-15 1.550000000000000044e+00 4.156317050000000179e-01 1.550000000000000044e+00 1.308262140000000014e-03 1.550000000000000044e+00 2.417216280000000100e-05 1.550000000000000044e+00 8.936145500000000109e-04 1.550000000000000044e+00 1.530837900000000144e-14 1.550000000000000044e+00 5.035520070000000237e-01 1.550000000000000044e+00 7.758136569999999569e-04 1.550000000000000044e+00 5.954167809999999585e-06 1.550000000000000044e+00 4.905546840000000108e-04 1.550000000000000044e+00 3.094847249999999735e-14 1.550000000000000044e+00 4.792176249999999804e-01 1.550000000000000044e+00 4.157953610000000204e-04 1.550000000000000044e+00 1.966939279999999938e-06 1.550000000000000044e+00 2.515557469999999828e-04 1.550000000000000044e+00 6.331256649999999909e-14 1.550000000000000044e+00 4.585417960000000015e-01 1.550000000000000044e+00 2.099242459999999975e-04 1.550000000000000044e+00 6.131983080000000149e-07 1.550000000000000044e+00 1.247922990000000052e-04 1.550000000000000044e+00 1.282152189999999916e-13 1.550000000000000044e+00 4.460381900000000011e-01 1.550000000000000044e+00 8.456861439999999739e-04 1.550000000000000044e+00 5.014206490000000158e-05 1.550000000000000044e+00 5.807064160000000247e-04 1.550000000000000044e+00 9.682164569999999507e-15 1.550000000000000044e+00 4.959290650000000023e-01 1.550000000000000044e+00 4.543863850000000163e-04 1.550000000000000044e+00 9.052016789999999184e-06 1.550000000000000044e+00 2.635894269999999743e-04 1.550000000000000044e+00 1.711315089999999985e-14 1.550000000000000044e+00 5.650809180000000431e-01 1.550000000000000044e+00 2.106426910000000106e-04 1.550000000000000044e+00 1.850513180000000066e-06 1.550000000000000044e+00 1.152148460000000061e-04 1.550000000000000044e+00 3.430476170000000061e-14 1.550000000000000044e+00 5.629528670000000234e-01 1.550000000000000044e+00 9.957557670000000485e-05 1.550000000000000044e+00 4.201127519999999983e-07 1.550000000000000044e+00 5.363664179999999906e-05 1.550000000000000044e+00 6.833229840000000034e-14 1.550000000000000044e+00 5.543652669999999949e-01 1.550000000000000044e+00 4.798478890000000004e-05 1.550000000000000044e+00 1.017724939999999983e-07 1.550000000000000044e+00 2.572703970000000078e-05 1.550000000000000044e+00 1.359146879999999875e-13 1.550000000000000044e+00 5.497633899999999629e-01
1.560000000000000053e+00 1.810855000000000103e-03 1.560000000000000053e+00 1.140820690000000052e-04 1.560000000000000053e+00 1.524487219999999922e-03 1.560000000000000053e+00 6.796361219999999642e-15 1.560000000000000053e+00 4.156317050000000179e-01 1.560000000000000053e+00 1.312925360000000022e-03 1.560000000000000053e+00 2.458845409999999923e-05 1.560000000000000053e+00 9.067205520000000364e-04 1.560000000000000053e+00 1.531075989999999876e-14 1.560000000000000053e+00 5.035520070000000237e-01 1.560000000000000053e+00 7.800060839999999615e-04 1.560000000000000053e+00 6.077530799999999752e-06 1.560000000000000053e+00 4.983338179999999848e-04 1.560000000000000053e+00 3.095299449999999731e-14 1.560000000000000053e+00 4.792176249999999804e-01 1.560000000000000053e+00 4.185867559999999947e-04 1.560000000000000053e+00 2.009358230000000079e-06 1.560000000000000053e+00 2.557276719999999979e-04 1.560000000000000053e+00 6.332036510000000234e-14 1.560000000000000053e+00 4.585417960000000015e-01 1.560000000000000053e+00 2.114610029999999883e-04 1.560000000000000053e+00 6.259339909999999658e-07 1.560000000000000053e+00 1.268992310000000045e-04 1.560000000000000053e+00 1.282291849999999888e-13 1.560000000000000053e+00 4.460381900000000011e-01 1.560000000000000053e+00 8.487337720000000122e-04 1.560000000000000053e+00 5.090366730000000313e-05 1.560000000000000053e+00 5.891785560000000442e-04 1.560000000000000053e+00 9.683421860000000335e-15 1.560000000000000053e+00 4.959290650000000023e-01 1.560000000000000053e+00 4.572107199999999910e-04 1.560000000000000053e+00 9.248474619999999465e-06 1.560000000000000053e+00 2.681474320000000011e-04 1.560000000000000053e+00 1.711571099999999962e-14 1.560000000000000053e+00 5.650809180000000431e-01 1.560000000000000053e+00 2.122844450000000132e-04 1.560000000000000053e+00 1.893989560000000026e-06 1.560000000000000053e+00 1.173294880000000026e-04 1.560000000000000053e+00 3.430972790000000263e-14 1.560000000000000053e+00 5.629528670000000234e-01 1.560000000000000053e+00 1.004101610000000030e-04 1.560000000000000053e+00 4.301213320000000039e-07 1.560000000000000053e+00 5.463657230000000292e-05 1.560000000000000053e+00 6.834372680000000011e-14 1.560000000000000053e+00 5.543652669999999949e-01 1.560000000000000053e+00 4.839738170000000111e-05 1.560000000000000053e+00 1.042260210000000064e-07 1.560000000000000053e+00 2.620895130000000007e-05 1.560000000000000053e+00 1.359401590000000023e-13 1.560000000000000053e+00 5.497633899999999629e-01
1.570000000000000062e+00 1.813789699999999918e-03 1.570000000000000062e+00 1.149828219999999998e-04 1.570000000000000062e+00 1.542610509999999945e-03 1.570000000000000062e+00 6.797194510000000288e-15 1.570000000000000062e+00 4.156317050000000179e-01 1.570000000000000062e+00 1.317512359999999929e-03 1.570000000000000062e+00 2.501092039999999915e-05 1.570000000000000062e+00 9.198728040000000040e-04 1.570000000000000062e+00 1.531308080000000058e-14 1.570000000000000062e+00 5.035520070000000237e-01 1.570000000000000062e+00 7.841564870000000513e-04 1.570000000000000062e+00 6.203644990000000137e-06 1.570000000000000062e+00 5.061546660000000282e-04 1.570000000000000062e+00 3.095740489999999843e-14 1.570000000000000062e+00 4.792176249999999804e-01 1.570000000000000062e+00 4.213611049999999936e-04 1.570000000000000062e+00 2.052804780000000040e-06 1.570000000000000062e+00 2.599274259999999987e-04 1.570000000000000062e+00 6.332796079999999480e-14 1.570000000000000062e+00 4.585417960000000015e-01 1.570000000000000062e+00 2.129910149999999884e-04 1.570000000000000062e+00 6.389672019999999719e-07 1.570000000000000062e+00 1.290214969999999896e-04 1.570000000000000062e+00 1.282427710000000040e-13 1.570000000000000062e+00 4.460381900000000011e-01 1.570000000000000062e+00 8.517332470000000145e-04 1.570000000000000062e+00 5.167316719999999811e-05 1.570000000000000062e+00 5.976809310000000307e-04 1.570000000000000062e+00 9.684646620000000709e-15 1.570000000000000062e+00 4.959290650000000023e-01 1.570000000000000062e+00 4.600115239999999907e-04 1.570000000000000062e+00 9.448049890000000350e-06 1.570000000000000062e+00 2.727335630000000196e-04 1.570000000000000062e+00 1.711820589999999851e-14 1.570000000000000062e+00 5.650809180000000431e-01 1.570000000000000062e+00 2.139192939999999868e-04 1.570000000000000062e+00 1.938242769999999854e-06 1.570000000000000062e+00 1.194605119999999986e-04 1.570000000000000062e+00 3.431456499999999950e-14 1.570000000000000062e+00 5.629528670000000234e-01 1.570000000000000062e+00 1.012425349999999941e-04 1.570000000000000062e+00 4.403187270000000027e-07 1.570000000000000062e+00 5.564483759999999706e-05 1.570000000000000062e+00 6.835486739999999489e-14 1.570000000000000062e+00 5.543652669999999949e-01 1.570000000000000062e+00 4.880912270000000141e-05 1.570000000000000062e+00 1.067285960000000059e-07 1.570000000000000062e+00 2.669498449999999862e-05 1.570000000000000062e+00 1.359650039999999909e-13 1.570000000000000062e+00 5.497633899999999629e-01
1.580000000000000071e+00 1.816655109999999913e-03 1.580000000000000071e+00 1.158891690000000036e-04 1.580000000000000071e+00 1.560762789999999922e-03 1.580000000000000071e+00 6.797999689999999684e-15 1.580000000000000071e+00 4.156317050000000179e-01 1.580000000000000071e+00 1.322024080000000100e-03 1.580000000000000071e+00 2.543969220000000107e-05 1.580000000000000071e+00 9.330705480000000152e-04 1.580000000000000071e+00 1.531534350000000025e-14 1.580000000000000071e+00 5.035520070000000237e-01 1.580000000000000071e+00 7.882650609999999891e-04 1.580000000000000071e+00 6.332600420000000405e-06 1.580000000000000071e+00 5.140168079999999761e-04 1.580000000000000071e+00 3.096170699999999696e-14 1.580000000000000071e+00 4.792176249999999804e-01 1.580000000000000071e+00 4.241183999999999948e-04 1.580000000000000071e+00 2.097316449999999976e-06 1.580000000000000071e+00 2.641548370000000221e-04 1.580000000000000071e+00 6.333535889999999759e-14 1.580000000000000071e+00 4.585417960000000015e-01 1.580000000000000071e+00 2.145142629999999924e-04 1.580000000000000071e+00 6.523087320000000020e-07 1.580000000000000071e+00 1.311590289999999882e-04 1.580000000000000071e+00 1.282559879999999910e-13 1.580000000000000071e+00 4.460381900000000011e-01 1.580000000000000071e+00 8.546850680000000469e-04 1.580000000000000071e+00 5.245067629999999826e-05 1.580000000000000071e+00 6.062130619999999467e-04 1.580000000000000071e+00 9.685839590000000495e-15 1.580000000000000071e+00 4.959290650000000023e-01 1.580000000000000071e+00 4.627889409999999819e-04 1.580000000000000071e+00 9.650795169999999202e-06 1.580000000000000071e+00 2.773475849999999928e-04 1.580000000000000071e+00 1.712063699999999942e-14 1.580000000000000071e+00 5.650809180000000431e-01 1.580000000000000071e+00 2.155472650000000133e-04 1.580000000000000071e+00 1.983287629999999946e-06 1.580000000000000071e+00 1.216078510000000043e-04 1.580000000000000071e+00 3.431927610000000012e-14 1.580000000000000071e+00 5.629528670000000234e-01 1.580000000000000071e+00 1.020727060000000059e-04 1.580000000000000071e+00 4.507089499999999934e-07 1.580000000000000071e+00 5.666141570000000162e-05 1.580000000000000071e+00 6.836572699999999609e-14 1.580000000000000071e+00 5.543652669999999949e-01 1.580000000000000071e+00 4.922001559999999700e-05 1.580000000000000071e+00 1.092813929999999939e-07 1.580000000000000071e+00 2.718513090000000153e-05 1.580000000000000071e+00 1.359892380000000076e-13 1.580000000000000071e+00 5.497633899999999629e-01
1.590000000000000080e+00 1.819452399999999968e-03 1.590000000000000080e+00 1.168012709999999966e-04 1.590000000000000080e+00 1.578943379999999969e-03 1.590000000000000080e+00 6.798777700000000027e-15 1.590000000000000080e+00 4.156317050000000179e-01 1.590000000000000080e+00 1.326461429999999933e-03 1.590000000000000080e+00 2.587490309999999834e-05 1.590000000000000080e+00 9.463130370000000192e-04 1.590000000000000080e+00 1.531754960000000065e-14 1.590000000000000080e+00 5.035520070000000237e-01 1.590000000000000080e+00 7.923319969999999875e-04 1.590000000000000080e+00 6.464490990000000248e-06 1.590000000000000080e+00 5.219198279999999728e-04 1.590000000000000080e+00 3.096590359999999870e-14 1.590000000000000080e+00 4.792176249999999804e-01 1.590000000000000080e+00 4.268586319999999800e-04 1.590000000000000080e+00 2.142932640000000086e-06 1.590000000000000080e+00 2.684097369999999803e-04 1.590000000000000080e+00 6.334256469999999398e-14 1.590000000000000080e+00 4.585417960000000015e-01 1.590000000000000080e+00 2.160307310000000099e-04 1.590000000000000080e+00 6.659699109999999688e-07 1.590000000000000080e+00 1.333117590000000010e-04 1.590000000000000080e+00 1.282688439999999988e-13 1.590000000000000080e+00 4.460381900000000011e-01 1.590000000000000080e+00 8.575897230000000026e-04 1.590000000000000080e+00 5.323630870000000033e-05 1.590000000000000080e+00 6.147744749999999514e-04 1.590000000000000080e+00 9.687001489999999564e-15 1.590000000000000080e+00 4.959290650000000023e-01 1.590000000000000080e+00 4.655431090000000096e-04 1.590000000000000080e+00 9.856764499999999773e-06 1.590000000000000080e+00 2.819892639999999886e-04 1.590000000000000080e+00 1.712300579999999892e-14 1.590000000000000080e+00 5.650809180000000431e-01 1.590000000000000080e+00 2.171683780000000126e-04 1.590000000000000080e+00 2.029139440000000110e-06 1.590000000000000080e+00 1.237714340000000053e-04 1.590000000000000080e+00 3.432386410000000082e-14 1.590000000000000080e+00 5.629528670000000234e-01 1.590000000000000080e+00 1.029006809999999969e-04 1.590000000000000080e+00 4.612961479999999845e-07 1.590000000000000080e+00 5.768628439999999959e-05 1.590000000000000080e+00 6.837631219999999621e-14 1.590000000000000080e+00 5.543652669999999949e-01 1.590000000000000080e+00 4.963006369999999772e-05 1.590000000000000080e+00 1.118856339999999960e-07 1.590000000000000080e+00 2.767938199999999871e-05 1.590000000000000080e+00 1.360128750000000118e-13 1.590000000000000080e+00 5.497633899999999629e-01
1.600000000000000089e+00 1.822182710000000080e-03 1.600000000000000089e+00 1.177192910000000051e-04 1.600000000000000089e+00 1.597151609999999944e-03 1.600000000000000089e+00 6.799529440000000367e-15 1.600000000000000089e+00 4.156317050000000179e-01 1.600000000000000089e+00 1.330825319999999912e-03 1.600000000000000089e+00 2.631669069999999883e-05 1.600000000000000089e+00 9.595995320000000415e-04 1.600000000000000089e+00 1.531970050000000152e-14 1.600000000000000089e+00 5.035520070000000237e-01 1.600000000000000089e+00 7.963574819999999499e-04 1.600000000000000089e+00 6.599414600000000313e-06 1.600000000000000089e+00 5.298633099999999459e-04 1.600000000000000089e+00 3.096999790000000309e-14 1.600000000000000089e+00 4.792176249999999804e-01 1.600000000000000089e+00 4.295817929999999813e-04 1.600000000000000089e+00 2.189694680000000157e-06 1.600000000000000089e+00 2.726919530000000225e-04 1.600000000000000089e+00 6.334958339999999566e-14 1.600000000000000089e+00 4.585417960000000015e-01 1.600000000000000089e+00 2.175403990000000125e-04 1.600000000000000089e+00 6.799626340000000343e-07 1.600000000000000089e+00 1.354796209999999937e-04 1.600000000000000089e+00 1.282813500000000065e-13 1.600000000000000089e+00 4.460381900000000011e-01 1.600000000000000089e+00 8.604476900000000315e-04 1.600000000000000089e+00 5.403018089999999957e-05 1.600000000000000089e+00 6.233647009999999673e-04 1.600000000000000089e+00 9.688133009999999370e-15 1.600000000000000089e+00 4.959290650000000023e-01 1.600000000000000089e+00 4.682741660000000103e-04 1.600000000000000089e+00 1.006601350000000011e-05 1.600000000000000089e+00 2.866583700000000044e-04 1.600000000000000089e+00 1.712531389999999989e-14 1.600000000000000089e+00 5.650809180000000431e-01 1.600000000000000089e+00 2.187826589999999894e-04 1.600000000000000089e+00 2.075813970000000164e-06 1.600000000000000089e+00 1.259511949999999941e-04 1.600000000000000089e+00 3.432833169999999795e-14 1.600000000000000089e+00 5.629528670000000234e-01 1.600000000000000089e+00 1.037264689999999989e-04 1.600000000000000089e+00 4.720846139999999845e-07 1.600000000000000089e+00 5.871942199999999909e-05 1.600000000000000089e+00 6.838662920000000043e-14 1.600000000000000089e+00 5.543652669999999949e-01 1.600000000000000089e+00 5.003927050000000316e-05 1.600000000000000089e+00 1.145425839999999951e-07 1.600000000000000089e+00 2.817772939999999866e-05 1.600000000000000089e+00 1.360359289999999884e-13 1.600000000000000089e+00 5.497633899999999629e-01
1.610000000000000098e+00 1.824847149999999935e-03 1.610000000000000098e+00 1.186433929999999973e-04 1.610000000000000098e+00 1.615386820000000098e-03 1.610000000000000098e+00 6.800255769999999760e-15 1.610000000000000098e+00 4.156317050000000179e-01 1.610000000000000098e+00 1.335116610000000072e-03 1.610000000000000098e+00 2.676519600000000157e-05 1.610000000000000098e+00 9.729293019999999672e-04 1.610000000000000098e+00 1.532179789999999940e-14 1.610000000000000098e+00 5.035520070000000237e-01 1.610000000000000098e+00 8.003416960000000243e-04 1.610000000000000098e+00 6.737473410000000186e-06 1.610000000000000098e+00 5.378468400000000317e-04 1.610000000000000098e+00 3.097399269999999699e-14 1.610000000000000098e+00 4.792176249999999804e-01 1.610000000000000098e+00 4.322878699999999964e-04 1.610000000000000098e+00 2.237645990000000147e-06 1.610000000000000098e+00 2.770013160000000109e-04 1.610000000000000098e+00 6.335641989999999858e-14 1.610000000000000098e+00 4.585417960000000015e-01 1.610000000000000098e+00 2.190432499999999869e-04 1.610000000000000098e+00 6.942994020000000178e-07 1.610000000000000098e+00 1.376625450000000018e-04 1.610000000000000098e+00 1.282935139999999874e-13 1.610000000000000098e+00 4.460381900000000011e-01 1.610000000000000098e+00 8.632594340000000104e-04 1.610000000000000098e+00 5.483241260000000289e-05 1.610000000000000098e+00 6.319832750000000093e-04 1.610000000000000098e+00 9.689234819999999792e-15 1.610000000000000098e+00 4.959290650000000023e-01 1.610000000000000098e+00 4.709822430000000027e-04 1.610000000000000098e+00 1.027859940000000051e-05 1.610000000000000098e+00 2.913546709999999913e-04 1.610000000000000098e+00 1.712756249999999894e-14 1.610000000000000098e+00 5.650809180000000431e-01 1.610000000000000098e+00 2.203901270000000032e-04 1.610000000000000098e+00 2.123327510000000122e-06 1.610000000000000098e+00 1.281470649999999890e-04 1.610000000000000098e+00 3.433268169999999732e-14 1.610000000000000098e+00 5.629528670000000234e-01 1.610000000000000098e+00 1.045500760000000014e-04 1.610000000000000098e+00 4.830787920000000205e-07 1.610000000000000098e+00 5.976080649999999993e-05 1.610000000000000098e+00 6.839668410000000452e-14 1.610000000000000098e+00 5.543652669999999949e-01 1.610000000000000098e+00 5.044763940000000107e-05 1.610000000000000098e+00 1.172535609999999947e-07 1.610000000000000098e+00 2.868016460000000147e-05 1.610000000000000098e+00 1.360584130000000046e-13 1.610000000000000098e+00 5.497633899999999629e-01
1.620000000000000107e+00 1.827446780000000067e-03 1.620000000000000107e+00 1.195737430000000010e-04 1.620000000000000107e+00 1.633648340000000074e-03 1.620000000000000107e+00 6.800957519999999634e-15 1.620000000000000107e+00 4.156317050000000179e-01 1.620000000000000107e+00 1.339336150000000050e-03 1.620000000000000107e+00 2.722056430000000126e-05 1.620000000000000107e+00 9.863016250000000793e-04 1.620000000000000107e+00 1.532384310000000036e-14 1.620000000000000107e+00 5.035520070000000237e-01 1.620000000000000107e+00 8.042848150000000496e-04 1.620000000000000107e+00 6.878774039999999958e-06 1.620000000000000107e+00 5.458700070000000295e-04 1.620000000000000107e+00 3.097789079999999883e-14 1.620000000000000107e+00 4.792176249999999804e-01 1.620000000000000107e+00 4.349768510000000189e-04 1.620000000000000107e+00 2.286832180000000123e-06 1.620000000000000107e+00 2.813376539999999822e-04 1.620000000000000107e+00 6.336307909999999872e-14 1.620000000000000107e+00 4.585417960000000015e-01 1.620000000000000107e+00 2.205392640000000128e-04 1.620000000000000107e+00 7.089933579999999500e-07 1.620000000000000107e+00 1.398604629999999991e-04 1.620000000000000107e+00 1.283053450000000094e-13 1.620000000000000107e+00 4.460381900000000011e-01 1.620000000000000107e+00 8.660254109999999603e-04 1.620000000000000107e+00 5.564312590000000214e-05 1.620000000000000107e+00 6.406297369999999639e-04 1.620000000000000107e+00 9.690307580000000711e-15 1.620000000000000107e+00 4.959290650000000023e-01 1.620000000000000107e+00 4.736674710000000053e-04 1.620000000000000107e+00 1.049458120000000070e-05 1.620000000000000107e+00 2.960779389999999931e-04 1.620000000000000107e+00 1.712975309999999898e-14 1.620000000000000107e+00 5.650809180000000431e-01 1.620000000000000107e+00 2.219908060000000123e-04 1.620000000000000107e+00 2.171696850000000112e-06 1.620000000000000107e+00 1.303589749999999948e-04 1.620000000000000107e+00 3.433691680000000160e-14 1.620000000000000107e+00 5.629528670000000234e-01 1.620000000000000107e+00 1.053715090000000037e-04 1.620000000000000107e+00 4.942832799999999897e-07 1.620000000000000107e+00 6.081041630000000168e-05 1.620000000000000107e+00 6.840648279999999793e-14 1.620000000000000107e+00 5.543652669999999949e-01 1.620000000000000107e+00 5.085517379999999956e-05 1.620000000000000107e+00 1.200199309999999999e-07 1.620000000000000107e+00 2.918667939999999855e-05 1.620000000000000107e+00 1.360803400000000011e-13 1.620000000000000107e+00 5.497633899999999629e-01
1.629999999999999893e+00 1.829982680000000065e-03 1.629999999999999893e+00 1.205105100000000050e-04 1.629999999999999893e+00 1.651935540000000003e-03 1.629999999999999893e+00 6.801635489999999845e-15 1.629999999999999893e+00 4.156317050000000179e-01 1.629999999999999893e+00 1.343484789999999920e-03 1.629999999999999893e+00 2.768294479999999872e-05 1.629999999999999893e+00 9.997157880000000826e-04 1.629999999999999893e+00 1.532583760000000099e-14 1.629999999999999893e+00 5.035520070000000237e-01 1.629999999999999893e+00 8.081870080000000010e-04 1.629999999999999893e+00 7.023427810000000254e-06 1.629999999999999893e+00 5.539323999999999550e-04 1.629999999999999893e+00 3.098169489999999867e-14 1.629999999999999893e+00 4.792176249999999804e-01 1.629999999999999893e+00 4.376487210000000005e-04 1.629999999999999893e+00 2.337301219999999818e-06 1.629999999999999893e+00 2.857007960000000233e-04 1.629999999999999893e+00 6.336956579999999521e-14 1.629999999999999893e+00 4.585417960000000015e-01 1.629999999999999893e+00 2.220284229999999997e-04 1.629999999999999893e+00 7.240583280000000094e-07 1.629999999999999893e+00 1.420733070000000133e-04 1.629999999999999893e+00 1.283168509999999952e-13 1.629999999999999893e+00 4.460381900000000011e-01 1.629999999999999893e+00 8.687460670000000506e-04 1.629999999999999893e+00 5.646244600000000256e-05 1.629999999999999893e+00 6.493036320000000229e-04 1.629999999999999893e+00 9.691351940000000432e-15 1.629999999999999893e+00 4.959290650000000023e-01 1.629999999999999893e+00 4.763299740000000106e-04 1.629999999999999893e+00 1.071401939999999947e-05 1.629999999999999893e+00 3.008279450000000033e-04 1.629999999999999893e+00 1.713188709999999973e-14 1.629999999999999893e+00 5.650809180000000431e-01 1.629999999999999893e+00 2.235847139999999991e-04 1.629999999999999893e+00 2.220939370000000078e-06 1.629999999999999893e+00 1.325868580000000079e-04 1.629999999999999893e+00 3.434103950000000087e-14 1.629999999999999893e+00 5.629528670000000234e-01 1.629999999999999893e+00 1.061907750000000048e-04 1.629999999999999893e+00 5.057028460000000357e-07 1.629999999999999893e+00 6.186822950000000240e-05 1.629999999999999893e+00 6.841603100000000173e-14 1.629999999999999893e+00 5.543652669999999949e-01 1.629999999999999893e+00 5.126187670000000019e-05 1.629999999999999893e+00 1.228431170000000111e-07 1.629999999999999893e+00 2.969726530000000016e-05 1.629999999999999893e+00 1.361017229999999946e-13 1.629999999999999893e+00 5.497633899999999629e-01
1.639999999999999902e+00 1.832455860000000011e-03 1.639999999999999902e+00 1.214538629999999982e-04 1.639999999999999902e+00 1.670247780000000057e-03 1.639999999999999902e+00 6.802290450000000254e-15 1.639999999999999902e+00 4.156317050000000179e-01 1.639999999999999902e+00 1.347563350000000092e-03 1.639999999999999902e+00 2.815249089999999899e-05 1.639999999999999902e+00 1.013171090000000068e-03 1.639999999999999902e+00 1.532778280000000103e-14 1.639999999999999902e+00 5.035520070000000237e-01 1.639999999999999902e+00 8.120484399999999782e-04 1.639999999999999902e+00 7.171550990000000387e-06 1.639999999999999902e+00 5.620336110000000293e-04 1.639999999999999902e+00 3.098540769999999917e-14 1.639999999999999902e+00 4.792176249999999804e-01 1.639999999999999902e+00 4.403034620000000131e-04 1.639999999999999902e+00 2.389103550000000092e-06 1.639999999999999902e+00 2.900905710000000045e-04 1.639999999999999902e+00 6.337588470000000297e-14 1.639999999999999902e+00 4.585417960000000015e-01 1.639999999999999902e+00 2.235107079999999963e-04 1.639999999999999902e+00 7.395088669999999490e-07 1.639999999999999902e+00 1.443010079999999947e-04 1.639999999999999902e+00 1.283280420000000061e-13 1.639999999999999902e+00 4.460381900000000011e-01 1.639999999999999902e+00 8.714218329999999686e-04 1.639999999999999902e+00 5.729050099999999916e-05 1.639999999999999902e+00 6.580045090000000369e-04 1.639999999999999902e+00 9.692368520000000421e-15 1.639999999999999902e+00 4.959290650000000023e-01 1.639999999999999902e+00 4.789698770000000070e-04 1.639999999999999902e+00 1.093697649999999952e-05 1.639999999999999902e+00 3.056044630000000033e-04 1.639999999999999902e+00 1.713396560000000101e-14 1.639999999999999902e+00 5.650809180000000431e-01 1.639999999999999902e+00 2.251718719999999880e-04 1.639999999999999902e+00 2.271072970000000153e-06 1.639999999999999902e+00 1.348306469999999981e-04 1.639999999999999902e+00 3.434505229999999785e-14 1.639999999999999902e+00 5.629528670000000234e-01 1.639999999999999902e+00 1.070078810000000039e-04 1.639999999999999902e+00 5.173424279999999656e-07 1.639999999999999902e+00 6.293422460000000669e-05 1.639999999999999902e+00 6.842533420000000547e-14 1.639999999999999902e+00 5.543652669999999949e-01 1.639999999999999902e+00 5.166775160000000252e-05 1.639999999999999902e+00 1.257245969999999898e-07 1.639999999999999902e+00 3.021191419999999937e-05 1.639999999999999902e+00 1.361225729999999895e-13 1.639999999999999902e+00 5.497633899999999629e-01
1.649999999999999911e+00 1.834867320000000031e-03 1.649999999999999911e+00 1.224039749999999939e-04 1.649999999999999911e+00 1.688584450000000072e-03 1.649999999999999911e+00 6.802923139999999940e-15 1.649999999999999911e+00 4.156317050000000179e-01 1.649999999999999911e+00 1.351572620000000011e-03 1.649999999999999911e+00 2.862936020000000117e-05 1.649999999999999911e+00 1.026666820000000056e-03 1.649999999999999911e+00 1.532967990000000026e-14 1.649999999999999911e+00 5.035520070000000237e-01 1.649999999999999911e+00 8.158692680000000043e-04 1.649999999999999911e+00 7.323265070000000390e-06 1.649999999999999911e+00 5.701732340000000314e-04 1.649999999999999911e+00 3.098903179999999986e-14 1.649999999999999911e+00 4.792176249999999804e-01 1.649999999999999911e+00 4.429410560000000201e-04 1.649999999999999911e+00 2.442292270000000016e-06 1.649999999999999911e+00 2.945068080000000127e-04 1.649999999999999911e+00 6.338204030000000542e-14 1.649999999999999911e+00 4.585417960000000015e-01 1.649999999999999911e+00 2.249860980000000052e-04 1.649999999999999911e+00 7.553603060000000070e-07 1.649999999999999911e+00 1.465434979999999984e-04 1.649999999999999911e+00 1.283389259999999903e-13 1.649999999999999911e+00 4.460381900000000011e-01 1.649999999999999911e+00 8.740531339999999677e-04 1.649999999999999911e+00 5.812742200000000205e-05 1.649999999999999911e+00 6.667319199999999528e-04 1.649999999999999911e+00 9.693357940000000567e-15 1.649999999999999911e+00 4.959290650000000023e-01 1.649999999999999911e+00 4.815872960000000189e-04 1.649999999999999911e+00 1.116351690000000067e-05 1.649999999999999911e+00 3.104072669999999746e-04 1.649999999999999911e+00 1.713598989999999943e-14 1.649999999999999911e+00 5.650809180000000431e-01 1.649999999999999911e+00 2.267522990000000115e-04 1.649999999999999911e+00 2.322116200000000076e-06 1.649999999999999911e+00 1.370902739999999931e-04 1.649999999999999911e+00 3.434895770000000153e-14 1.649999999999999911e+00 5.629528670000000234e-01 1.649999999999999911e+00 1.078228330000000041e-04 1.649999999999999911e+00 5.292071470000000389e-07 1.649999999999999911e+00 6.400837989999999555e-05 1.649999999999999911e+00 6.843439789999999868e-14 1.649999999999999911e+00 5.543652669999999949e-01 1.649999999999999911e+00 5.207280140000000311e-05 1.649999999999999911e+00 1.286659119999999940e-07 1.649999999999999911e+00 3.073061760000000303e-05 1.649999999999999911e+00 1.361429030000000022e-13 1.649999999999999911e+00 5.497633899999999629e-01
1.659999999999999920e+00 1.837218029999999934e-03 1.659999999999999920e+00 1.233610200000000016e-04 1.659999999999999920e+00 1.706944929999999923e-03 1.659999999999999920e+00 6.803534280000000350e-15 1.659999999999999920e+00 4.156317050000000179e-01 1.659999999999999920e+00 1.355513380000000030e-03 1.659999999999999920e+00 2.911371490000000156e-05 1.659999999999999920e+00 1.040202309999999899e-03 1.659999999999999920e+00 1.533153040000000157e-14 1.659999999999999920e+00 5.035520070000000237e-01 1.659999999999999920e+00 8.196496440000000140e-04 1.659999999999999920e+00 7.478697040000000346e-06 1.659999999999999920e+00 5.783508619999999613e-04 1.659999999999999920e+00 3.099256989999999710e-14 1.659999999999999920e+00 4.792176249999999804e-01 1.659999999999999920e+00 4.455614810000000010e-04 1.659999999999999920e+00 2.496923309999999825e-06 1.659999999999999920e+00 2.989493349999999762e-04 1.659999999999999920e+00 6.338803709999999860e-14 1.659999999999999920e+00 4.585417960000000015e-01 1.659999999999999920e+00 2.264545729999999980e-04 1.659999999999999920e+00 7.716288050000000409e-07 1.659999999999999920e+00 1.488007070000000058e-04 1.659999999999999920e+00 1.283495109999999968e-13 1.659999999999999920e+00 4.460381900000000011e-01 1.659999999999999920e+00 8.766403820000000279e-04 1.659999999999999920e+00 5.897334350000000235e-05 1.659999999999999920e+00 6.754854240000000148e-04 1.659999999999999920e+00 9.694320780000000766e-15 1.659999999999999920e+00 4.959290650000000023e-01 1.659999999999999920e+00 4.841823480000000124e-04 1.659999999999999920e+00 1.139370689999999990e-05 1.659999999999999920e+00 3.152361339999999951e-04 1.659999999999999920e+00 1.713796130000000106e-14 1.659999999999999920e+00 5.650809180000000431e-01 1.659999999999999920e+00 2.283260129999999978e-04 1.659999999999999920e+00 2.374088199999999822e-06 1.659999999999999920e+00 1.393656709999999935e-04 1.659999999999999920e+00 3.435275800000000205e-14 1.659999999999999920e+00 5.629528670000000234e-01 1.659999999999999920e+00 1.086356369999999950e-04 1.659999999999999920e+00 5.413023140000000393e-07 1.659999999999999920e+00 6.509067409999999717e-05 1.659999999999999920e+00 6.844322719999999623e-14 1.659999999999999920e+00 5.543652669999999949e-01 1.659999999999999920e+00 5.247702930000000001e-05 1.659999999999999920e+00 1.316686620000000041e-07 1.659999999999999920e+00 3.125336750000000244e-05 1.659999999999999920e+00 1.361627250000000053e-13 1.659999999999999920e+00 5.497633899999999629e-01
1.669999999999999929e+00 1.839508950000000006e-03 1.669999999999999929e+00 1.243251760000000012e-04 1.669999999999999929e+00 1.725328610000000096e-03 1.669999999999999929e+00 6.804124559999999782e-15 1.669999999999999929e+00 4.156317050000000179e-01 1.669999999999999929e+00 1.359386410000000068e-03 1.669999999999999929e+00 2.960572169999999882e-05 1.669999999999999929e+00 1.053776869999999968e-03 1.669999999999999929e+00 1.533333560000000157e-14 1.669999999999999929e+00 5.035520070000000237e-01 1.669999999999999929e+00 8.233897149999999622e-04 1.669999999999999929e+00 7.637979689999999352e-06 1.669999999999999929e+00 5.865660920000000198e-04 1.669999999999999929e+00 3.099602429999999994e-14 1.669999999999999929e+00 4.792176249999999804e-01 1.669999999999999929e+00 4.481647139999999935e-04 1.669999999999999929e+00 2.553055609999999871e-06 1.669999999999999929e+00 3.034179799999999860e-04 1.669999999999999929e+00 6.339387960000000379e-14 1.669999999999999929e+00 4.585417960000000015e-01 1.669999999999999929e+00 2.279161120000000043e-04 1.669999999999999929e+00 7.883314080000000441e-07 1.669999999999999929e+00 1.510725669999999905e-04 1.669999999999999929e+00 1.283598049999999988e-13 1.669999999999999929e+00 4.460381900000000011e-01 1.669999999999999929e+00 8.791839799999999483e-04 1.669999999999999929e+00 5.982840309999999776e-05 1.669999999999999929e+00 6.842645820000000257e-04 1.669999999999999929e+00 9.695257649999999329e-15 1.669999999999999929e+00 4.959290650000000023e-01 1.669999999999999929e+00 4.867551449999999737e-04 1.669999999999999929e+00 1.162761489999999969e-05 1.669999999999999929e+00 3.200908399999999841e-04 1.669999999999999929e+00 1.713988099999999938e-14 1.669999999999999929e+00 5.650809180000000431e-01 1.669999999999999929e+00 2.298930309999999873e-04 1.669999999999999929e+00 2.427008790000000136e-06 1.669999999999999929e+00 1.416567709999999960e-04 1.669999999999999929e+00 3.435645559999999898e-14 1.669999999999999929e+00 5.629528670000000234e-01 1.669999999999999929e+00 1.094462990000000068e-04 1.669999999999999929e+00 5.536334409999999504e-07 1.669999999999999929e+00 6.618108550000000609e-05 1.669999999999999929e+00 6.845182720000000035e-14 1.669999999999999929e+00 5.543652669999999949e-01 1.669999999999999929e+00 5.288043830000000155e-05 1.669999999999999929e+00 1.347345179999999937e-07 1.669999999999999929e+00 3.178015549999999934e-05 1.669999999999999929e+00 1.361820479999999911e-13 1.669999999999999929e+00 5.497633899999999629e-01
1.679999999999999938e+00 1.841741000000000038e-03 1.679999999999999938e+00 1.252966199999999903e-04 1.679999999999999938e+00 1.743734910000000089e-03 1.679999999999999938e+00 6.804694639999999696e-15 1.679999999999999938e+00 4.156317050000000179e-01 1.679999999999999938e+00 1.363192440000000026e-03 1.679999999999999938e+00 3.010555209999999884e-05 1.679999999999999938e+00 1.067389819999999944e-03 1.679999999999999938e+00 1.533509650000000008e-14 1.679999999999999938e+00 5.035520070000000237e-01 1.679999999999999938e+00 8.270896179999999518e-04 1.679999999999999938e+00 7.801251950000000568e-06 1.679999999999999938e+00 5.948185219999999702e-04 1.679999999999999938e+00 3.099939769999999844e-14 1.679999999999999938e+00 4.792176249999999804e-01 1.679999999999999938e+00 4.507507279999999972e-04 1.679999999999999938e+00 2.610751300000000006e-06 1.679999999999999938e+00 3.079125720000000207e-04 1.679999999999999938e+00 6.339957200000000128e-14 1.679999999999999938e+00 4.585417960000000015e-01 1.679999999999999938e+00 2.293706939999999995e-04 1.679999999999999938e+00 8.054861020000000429e-07 1.679999999999999938e+00 1.533590059999999963e-04 1.679999999999999938e+00 1.283698159999999950e-13 1.679999999999999938e+00 4.460381900000000011e-01 1.679999999999999938e+00 8.816843200000000057e-04 1.679999999999999938e+00 6.069274170000000260e-05 1.679999999999999938e+00 6.930689599999999848e-04 1.679999999999999938e+00 9.696169099999999313e-15 1.679999999999999938e+00 4.959290650000000023e-01 1.679999999999999938e+00 4.893057939999999632e-04 1.679999999999999938e+00 1.186531119999999968e-05 1.679999999999999938e+00 3.249711630000000156e-04 1.679999999999999938e+00 1.714175010000000050e-14 1.679999999999999938e+00 5.650809180000000431e-01 1.679999999999999938e+00 2.314533699999999933e-04 1.679999999999999938e+00 2.480898449999999923e-06 1.679999999999999938e+00 1.439635089999999893e-04 1.679999999999999938e+00 3.436005260000000139e-14 1.679999999999999938e+00 5.629528670000000234e-01 1.679999999999999938e+00 1.102548240000000059e-04 1.679999999999999938e+00 5.662062499999999883e-07 1.679999999999999938e+00 6.727959290000000132e-05 1.679999999999999938e+00 6.846020279999999439e-14 1.679999999999999938e+00 5.543652669999999949e-01 1.679999999999999938e+00 5.328303129999999751e-05 1.679999999999999938e+00 1.378652179999999941e-07 1.679999999999999938e+00 3.231097350000000033e-05 1.679999999999999938e+00 1.362008840000000077e-13 1.679999999999999938e+00 5.497633899999999629e-01
1.689999999999999947e+00 1.843915079999999904e-03 1.689999999999999947e+00 1.262755359999999925e-04 1.689999999999999947e+00 1.762163240000000092e-03 1.689999999999999947e+00 6.805245159999999976e-15 1.689999999999999947e+00 4.156317050000000179e-01 1.689999999999999947e+00 1.366932209999999984e-03 1.689999999999999947e+00 3.061338269999999934e-05 1.689999999999999947e+00 1.081040489999999903e-03 1.689999999999999947e+00 1.533681459999999999e-14 1.689999999999999947e+00 5.035520070000000237e-01 1.689999999999999947e+00 8.307494869999999896e-04 1.689999999999999947e+00 7.968659190000000020e-06 1.689999999999999947e+00 6.031077510000000053e-04 1.689999999999999947e+00 3.100269240000000163e-14 1.689999999999999947e+00 4.792176249999999804e-01 1.689999999999999947e+00 4.533194950000000154e-04 1.689999999999999947e+00 2.670075949999999858e-06 1.689999999999999947e+00 3.124329370000000165e-04 1.689999999999999947e+00 6.340511860000000610e-14 1.689999999999999947e+00 4.585417960000000015e-01 1.689999999999999947e+00 2.308182969999999904e-04 1.689999999999999947e+00 8.231118880000000361e-07 1.689999999999999947e+00 1.556599569999999927e-04 1.689999999999999947e+00 1.283795509999999905e-13 1.689999999999999947e+00 4.460381900000000011e-01 1.689999999999999947e+00 8.841417829999999789e-04 1.689999999999999947e+00 6.156650400000000518e-05 1.689999999999999947e+00 7.018981259999999920e-04 1.689999999999999947e+00 9.697055700000000616e-15 1.689999999999999947e+00 4.959290650000000023e-01 1.689999999999999947e+00 4.918343990000000531e-04 1.689999999999999947e+00 1.210686859999999968e-05 1.689999999999999947e+00 3.298768829999999927e-04 1.689999999999999947e+00 1.714356970000000106e-14 1.689999999999999947e+00 5.650809180000000431e-01 1.689999999999999947e+00 2.330070439999999872e-04 1.689999999999999947e+00 2.535778419999999999e-06 1.689999999999999947e+00 1.462858170000000011e-04 1.689999999999999947e+00 3.436355120000000258e-14 1.689999999999999947e+00 5.629528670000000234e-01 1.689999999999999947e+00 1.110612190000000052e-04 1.689999999999999947e+00 5.790266840000000059e-07 1.689999999999999947e+00 6.838617490000000604e-05 1.689999999999999947e+00 6.846835880000000272e-14 1.689999999999999947e+00 5.543652669999999949e-01 1.689999999999999947e+00 5.368481109999999974e-05 1.689999999999999947e+00 1.410625759999999945e-07 1.689999999999999947e+00 3.284581339999999847e-05 1.689999999999999947e+00 1.362192429999999903e-13 1.689999999999999947e+00 5.497633899999999629e-01
1.699999999999999956e+00 1.846032060000000032e-03 1.699999999999999956e+00 1.272621060000000124e-04 1.699999999999999956e+00 1.780613020000000038e-03 1.699999999999999956e+00 6.805776759999999719e-15 1.699999999999999956e+00 4.156317050000000179e-01 1.699999999999999956e+00 1.370606429999999924e-03 1.699999999999999956e+00 3.112939500000000013e-05 1.699999999999999956e+00 1.094728240000000016e-03 1.699999999999999956e+00 1.533849100000000109e-14 1.699999999999999956e+00 5.035520070000000237e-01 1.699999999999999956e+00 8.343694460000000137e-04 1.699999999999999956e+00 8.140353619999999915e-06 1.699999999999999956e+00 6.114333789999999887e-04 1.699999999999999956e+00 3.100591089999999962e-14 1.699999999999999956e+00 4.792176249999999804e-01 1.699999999999999956e+00 4.558709800000000254e-04 1.699999999999999956e+00 2.731098799999999873e-06 1.699999999999999956e+00 3.169789040000000062e-04 1.699999999999999956e+00 6.341052359999999854e-14 1.699999999999999956e+00 4.585417960000000015e-01 1.699999999999999956e+00 2.322588990000000106e-04 1.699999999999999956e+00 8.412288470000000224e-07 1.699999999999999956e+00 1.579753489999999923e-04 1.699999999999999956e+00 1.283890190000000024e-13 1.699999999999999956e+00 4.460381900000000011e-01 1.699999999999999956e+00 8.865567410000000075e-04 1.699999999999999956e+00 6.244983799999999688e-05 1.699999999999999956e+00 7.107516540000000148e-04 1.699999999999999956e+00 9.697917999999999984e-15 1.699999999999999956e+00 4.959290650000000023e-01 1.699999999999999956e+00 4.943410619999999986e-04 1.699999999999999956e+00 1.235236199999999990e-05 1.699999999999999956e+00 3.348077779999999895e-04 1.699999999999999956e+00 1.714534090000000087e-14 1.699999999999999956e+00 5.650809180000000431e-01 1.699999999999999956e+00 2.345540679999999901e-04 1.699999999999999956e+00 2.591670639999999905e-06 1.699999999999999956e+00 1.486236280000000011e-04 1.699999999999999956e+00 3.436695360000000217e-14 1.699999999999999956e+00 5.629528670000000234e-01 1.699999999999999956e+00 1.118654880000000021e-04 1.699999999999999956e+00 5.921009219999999710e-07 1.699999999999999956e+00 6.950081019999999421e-05 1.699999999999999956e+00 6.847629990000000241e-14 1.699999999999999956e+00 5.543652669999999949e-01 1.699999999999999956e+00 5.408578040000000151e-05 1.699999999999999956e+00 1.443284840000000025e-07 1.699999999999999956e+00 3.338466700000000215e-05 1.699999999999999956e+00 1.362371359999999937e-13 1.699999999999999956e+00 5.497633899999999629e-01
1.709999999999999964e+00 1.848092809999999980e-03 1.709999999999999964e+00 1.282565180000000036e-04 1.709999999999999964e+00 1.799083689999999994e-03 1.709999999999999964e+00 6.806290019999999607e-15 1.709999999999999964e+00 4.156317050000000179e-01 1.709999999999999964e+00 1.374215800000000084e-03 1.709999999999999964e+00 3.165377559999999965e-05 1.709999999999999964e+00 1.108452410000000101e-03 1.709999999999999964e+00 1.534012680000000003e-14 1.709999999999999964e+00 5.035520070000000237e-01 1.709999999999999964e+00 8.379496129999999864e-04 1.709999999999999964e+00 8.316494659999999599e-06 1.709999999999999964e+00 6.197950079999999928e-04 1.709999999999999964e+00 3.100905539999999830e-14 1.709999999999999964e+00 4.792176249999999804e-01 1.709999999999999964e+00 4.584051499999999965e-04 1.709999999999999964e+00 2.793892970000000172e-06 1.709999999999999964e+00 3.215502989999999804e-04 1.709999999999999964e+00 6.341579109999999996e-14 1.709999999999999964e+00 4.585417960000000015e-01 1.709999999999999964e+00 2.336924749999999974e-04 1.709999999999999964e+00 8.598582169999999625e-07 1.709999999999999964e+00 1.603051120000000039e-04 1.709999999999999964e+00 1.283982270000000106e-13 1.709999999999999964e+00 4.460381900000000011e-01 1.709999999999999964e+00 8.889295549999999503e-04 1.709999999999999964e+00 6.334289570000000054e-05 1.709999999999999964e+00 7.196291200000000127e-04 1.709999999999999964e+00 9.698756540000000473e-15 1.709999999999999964e+00 4.959290650000000023e-01 1.709999999999999964e+00 4.968258789999999581e-04 1.709999999999999964e+00 1.260186890000000068e-05 1.709999999999999964e+00 3.397636310000000056e-04 1.709999999999999964e+00 1.714706479999999973e-14 1.709999999999999964e+00 5.650809180000000431e-01 1.709999999999999964e+00 2.360944560000000005e-04 1.709999999999999964e+00 2.648597890000000115e-06 1.709999999999999964e+00 1.509768760000000090e-04 1.709999999999999964e+00 3.437026179999999978e-14 1.709999999999999964e+00 5.629528670000000234e-01 1.709999999999999964e+00 1.126676360000000037e-04 1.709999999999999964e+00 6.054353849999999884e-07 1.709999999999999964e+00 7.062347759999999905e-05 1.709999999999999964e+00 6.848403069999999894e-14 1.709999999999999964e+00 5.543652669999999949e-01 1.709999999999999964e+00 5.448594209999999937e-05 1.709999999999999964e+00 1.476649160000000054e-07 1.709999999999999964e+00 3.392752630000000266e-05 1.709999999999999964e+00 1.362545720000000099e-13 1.709999999999999964e+00 5.497633899999999629e-01
1.719999999999999973e+00 1.850098159999999901e-03 1.719999999999999973e+00 1.292589600000000009e-04 1.719999999999999973e+00 1.817574690000000031e-03 1.719999999999999973e+00 6.806785530000000325e-15 1.719999999999999973e+00 4.156317050000000179e-01 1.719999999999999973e+00 1.377760989999999956e-03 1.719999999999999973e+00 3.218671690000000294e-05 1.719999999999999973e+00 1.122212339999999978e-03 1.719999999999999973e+00 1.534172319999999976e-14 1.719999999999999973e+00 5.035520070000000237e-01 1.719999999999999973e+00 8.414900970000000141e-04 1.719999999999999973e+00 8.497249360000000052e-06 1.719999999999999973e+00 6.281922389999999856e-04 1.719999999999999973e+00 3.101212829999999725e-14 1.719999999999999973e+00 4.792176249999999804e-01 1.719999999999999973e+00 4.609219639999999839e-04 1.719999999999999973e+00 2.858535789999999842e-06 1.719999999999999973e+00 3.261469489999999798e-04 1.719999999999999973e+00 6.342092509999999702e-14 1.719999999999999973e+00 4.585417960000000015e-01 1.719999999999999973e+00 2.351190009999999924e-04 1.719999999999999973e+00 8.790224829999999998e-07 1.719999999999999973e+00 1.626491750000000130e-04 1.719999999999999973e+00 1.284071819999999950e-13 1.719999999999999973e+00 4.460381900000000011e-01 1.719999999999999973e+00 8.912605770000000269e-04 1.719999999999999973e+00 6.424583269999999612e-05 1.719999999999999973e+00 7.285301060000000297e-04 1.719999999999999973e+00 9.699571850000000412e-15 1.719999999999999973e+00 4.959290650000000023e-01 1.719999999999999973e+00 4.992889419999999977e-04 1.719999999999999973e+00 1.285546899999999935e-05 1.719999999999999973e+00 3.447442229999999946e-04 1.719999999999999973e+00 1.714874250000000060e-14 1.719999999999999973e+00 5.650809180000000431e-01 1.719999999999999973e+00 2.376282209999999934e-04 1.719999999999999973e+00 2.706583750000000190e-06 1.719999999999999973e+00 1.533454949999999903e-04 1.719999999999999973e+00 3.437347789999999819e-14 1.719999999999999973e+00 5.629528670000000234e-01 1.719999999999999973e+00 1.134676680000000037e-04 1.719999999999999973e+00 6.190367550000000506e-07 1.719999999999999973e+00 7.175415589999999957e-05 1.719999999999999973e+00 6.849155549999999470e-14 1.719999999999999973e+00 5.543652669999999949e-01 1.719999999999999973e+00 5.488529850000000039e-05 1.719999999999999973e+00 1.510739329999999886e-07 1.719999999999999973e+00 3.447438319999999984e-05 1.719999999999999973e+00 1.362715609999999994e-13 1.719999999999999973e+00 5.497633899999999629e-01
1.729999999999999982e+00 1.852048910000000069e-03 1.729999999999999982e+00 1.302696249999999920e-04 1.729999999999999982e+00 1.836085469999999961e-03 1.729999999999999982e+00 6.807263860000000192e-15 1.729999999999999982e+00 4.156317050000000179e-01 1.729999999999999982e+00 1.381242680000000075e-03 1.729999999999999982e+00 3.272841679999999987e-05 1.729999999999999982e+00 1.136007409999999955e-03 1.729999999999999982e+00 1.534328140000000005e-14 1.729999999999999982e+00 5.035520070000000237e-01 1.729999999999999982e+00 8.449910010000000107e-04 1.729999999999999982e+00 8.682792839999999552e-06 1.729999999999999982e+00 6.366246780000000237e-04 1.729999999999999982e+00 3.101513200000000236e-14 1.729999999999999982e+00 4.792176249999999804e-01 1.729999999999999982e+00 4.634213789999999970e-04 1.729999999999999982e+00 2.925109050000000173e-06 1.729999999999999982e+00 3.307686799999999950e-04 1.729999999999999982e+00 6.342592969999999844e-14 1.729999999999999982e+00 4.585417960000000015e-01 1.729999999999999982e+00 2.365384530000000103e-04 1.729999999999999982e+00 8.987454580000000123e-07 1.729999999999999982e+00 1.650074680000000011e-04 1.729999999999999982e+00 1.284158920000000046e-13 1.729999999999999982e+00 4.460381900000000011e-01 1.729999999999999982e+00 8.935501479999999590e-04 1.729999999999999982e+00 6.515880890000000337e-05 1.729999999999999982e+00 7.374541940000000012e-04 1.729999999999999982e+00 9.700364449999999706e-15 1.729999999999999982e+00 4.959290650000000023e-01 1.729999999999999982e+00 5.017303409999999747e-04 1.729999999999999982e+00 1.311324499999999984e-05 1.729999999999999982e+00 3.497493380000000064e-04 1.729999999999999982e+00 1.715037500000000014e-14 1.729999999999999982e+00 5.650809180000000431e-01 1.729999999999999982e+00 2.391553730000000103e-04 1.729999999999999982e+00 2.765652679999999920e-06 1.729999999999999982e+00 1.557294179999999960e-04 1.729999999999999982e+00 3.437660389999999705e-14 1.729999999999999982e+00 5.629528670000000234e-01 1.729999999999999982e+00 1.142655879999999996e-04 1.729999999999999982e+00 6.329119839999999649e-07 1.729999999999999982e+00 7.289282390000000186e-05 1.729999999999999982e+00 6.849887879999999833e-14 1.729999999999999982e+00 5.543652669999999949e-01 1.729999999999999982e+00 5.528385219999999961e-05 1.729999999999999982e+00 1.545576909999999908e-07 1.729999999999999982e+00 3.502522960000000032e-05 1.729999999999999982e+00 1.362881120000000045e-13 1.729999999999999982e+00 5.497633899999999629e-01
1.739999999999999991e+00 1.853945860000000105e-03 1.739999999999999991e+00 1.312887090000000069e-04 1.739999999999999991e+00 1.854615489999999990e-03 1.739999999999999991e+00 6.807725539999999901e-15 1.739999999999999991e+00 4.156317050000000179e-01 1.739999999999999991e+00 1.384661510000000052e-03 1.739999999999999991e+00 3.327907879999999721e-05 1.739999999999999991e+00 1.149836989999999948e-03 1.739999999999999991e+00 1.534480250000000072e-14 1.739999999999999991e+00 5.035520070000000237e-01 1.739999999999999991e+00 8.484524180000000380e-04 1.739999999999999991e+00 8.873308729999999507e-06 1.739999999999999991e+00 6.450919269999999626e-04 1.739999999999999991e+00 3.101806870000000059e-14 1.739999999999999991e+00 4.792176249999999804e-01 1.739999999999999991e+00 4.659033470000000106e-04 1.739999999999999991e+00 2.993699339999999961e-06 1.739999999999999991e+00 3.354153190000000125e-04 1.739999999999999991e+00 6.343080890000000351e-14 1.739999999999999991e+00 4.585417960000000015e-01 1.739999999999999991e+00 2.379508020000000042e-04 1.739999999999999991e+00 9.190523920000000089e-07 1.739999999999999991e+00 1.673799200000000080e-04 1.739999999999999991e+00 1.284243649999999874e-13 1.739999999999999991e+00 4.460381900000000011e-01 1.739999999999999991e+00 8.957986000000000464e-04 1.739999999999999991e+00 6.608198819999999891e-05 1.739999999999999991e+00 7.464009709999999513e-04 1.739999999999999991e+00 9.701134839999999844e-15 1.739999999999999991e+00 4.959290650000000023e-01 1.739999999999999991e+00 5.041501589999999909e-04 1.739999999999999991e+00 1.337528189999999964e-05 1.739999999999999991e+00 3.547787579999999905e-04 1.739999999999999991e+00 1.715196330000000133e-14 1.739999999999999991e+00 5.650809180000000431e-01 1.739999999999999991e+00 2.406759230000000071e-04 1.739999999999999991e+00 2.825830059999999893e-06 1.739999999999999991e+00 1.581285799999999876e-04 1.739999999999999991e+00 3.437964160000000235e-14 1.739999999999999991e+00 5.629528670000000234e-01 1.739999999999999991e+00 1.150613990000000066e-04 1.739999999999999991e+00 6.470683129999999519e-07 1.739999999999999991e+00 7.403946059999999497e-05 1.739999999999999991e+00 6.850600470000000595e-14 1.739999999999999991e+00 5.543652669999999949e-01 1.739999999999999991e+00 5.568160560000000233e-05 1.739999999999999991e+00 1.581184409999999984e-07 1.739999999999999991e+00 3.558005760000000042e-05 1.739999999999999991e+00 1.363042350000000111e-13 1.739999999999999991e+00 5.497633899999999629e-01
1.750000000000000000e+00 1.855789779999999969e-03 1.750000000000000000e+00 1.323164079999999943e-04 1.750000000000000000e+00 1.873164210000000107e-03 1.750000000000000000e+00 6.808171100000000146e-15 1.750000000000000000e+00 4.156317050000000179e-01 1.750000000000000000e+00 1.388018100000000012e-03 1.750000000000000000e+00 3.383891279999999785e-05 1.750000000000000000e+00 1.163700439999999911e-03 1.750000000000000000e+00 1.534628760000000155e-14 1.750000000000000000e+00 5.035520070000000237e-01 1.750000000000000000e+00 8.518744329999999735e-04 1.750000000000000000e+00 9.068989729999999710e-06 1.750000000000000000e+00 6.535935949999999552e-04 1.750000000000000000e+00 3.102094050000000104e-14 1.750000000000000000e+00 4.792176249999999804e-01 1.750000000000000000e+00 4.683678180000000078e-04 1.750000000000000000e+00 3.064398410000000205e-06 1.750000000000000000e+00 3.400866889999999807e-04 1.750000000000000000e+00 6.343556650000000523e-14 1.750000000000000000e+00 4.585417960000000015e-01 1.750000000000000000e+00 2.393560219999999968e-04 1.750000000000000000e+00 9.399700739999999695e-07 1.750000000000000000e+00 1.697664599999999921e-04 1.750000000000000000e+00 1.284326060000000120e-13 1.750000000000000000e+00 4.460381900000000011e-01 1.750000000000000000e+00 8.980062529999999861e-04 1.750000000000000000e+00 6.701553890000000414e-05 1.750000000000000000e+00 7.553700299999999883e-04 1.750000000000000000e+00 9.701883540000000731e-15 1.750000000000000000e+00 4.959290650000000023e-01 1.750000000000000000e+00 5.065484790000000402e-04 1.750000000000000000e+00 1.364166799999999930e-05 1.750000000000000000e+00 3.598322689999999889e-04 1.750000000000000000e+00 1.715350830000000084e-14 1.750000000000000000e+00 5.650809180000000431e-01 1.750000000000000000e+00 2.421898790000000061e-04 1.750000000000000000e+00 2.887142229999999940e-06 1.750000000000000000e+00 1.605429150000000119e-04 1.750000000000000000e+00 3.438259309999999791e-14 1.750000000000000000e+00 5.629528670000000234e-01 1.750000000000000000e+00 1.158551070000000006e-04 1.750000000000000000e+00 6.615132879999999617e-07 1.750000000000000000e+00 7.519404490000000359e-05 1.750000000000000000e+00 6.851293739999999787e-14 1.750000000000000000e+00 5.543652669999999949e-01 1.750000000000000000e+00 5.607856089999999706e-05 1.750000000000000000e+00 1.617585390000000080e-07 1.750000000000000000e+00 3.613885909999999999e-05 1.750000000000000000e+00 1.363199379999999922e-13 1.750000000000000000e+00 5.497633899999999629e-01
1.760000000000000009e+00 1.857581430000000092e-03 1.760000000000000009e+00 1.333529250000000104e-04 1.760000000000000009e+00 1.891731110000000006e-03 1.760000000000000009e+00 6.808601070000000042e-15 1.760000000000000009e+00 4.156317050000000179e-01 1.760000000000000009e+00 1.391313080000000039e-03 1.760000000000000009e+00 3.440813460000000280e-05 1.760000000000000009e+00 1.177597139999999936e-03 1.760000000000000009e+00 1.534773779999999920e-14 1.760000000000000009e+00 5.035520070000000237e-01 1.760000000000000009e+00 8.552571219999999469e-04 1.760000000000000009e+00 9.270038080000000253e-06 1.760000000000000009e+00 6.621292849999999616e-04 1.760000000000000009e+00 3.102374990000000010e-14 1.760000000000000009e+00 4.792176249999999804e-01 1.760000000000000009e+00 4.708147330000000074e-04 1.760000000000000009e+00 3.137303500000000006e-06 1.760000000000000009e+00 3.447826159999999984e-04 1.760000000000000009e+00 6.344020650000000287e-14 1.760000000000000009e+00 4.585417960000000015e-01 1.760000000000000009e+00 2.407540839999999956e-04 1.760000000000000009e+00 9.615269499999999556e-07 1.760000000000000009e+00 1.721670169999999932e-04 1.760000000000000009e+00 1.284406239999999947e-13 1.760000000000000009e+00 4.460381900000000011e-01 1.760000000000000009e+00 9.001734200000000453e-04 1.760000000000000009e+00 6.795963370000000390e-05 1.760000000000000009e+00 7.643609620000000118e-04 1.760000000000000009e+00 9.702611040000000702e-15 1.760000000000000009e+00 4.959290650000000023e-01 1.760000000000000009e+00 5.089253760000000395e-04 1.760000000000000009e+00 1.391249429999999943e-05 1.760000000000000009e+00 3.649096559999999933e-04 1.760000000000000009e+00 1.715501109999999849e-14 1.760000000000000009e+00 5.650809180000000431e-01 1.760000000000000009e+00 2.436972519999999905e-04 1.760000000000000009e+00 2.949616550000000209e-06 1.760000000000000009e+00 1.629723560000000116e-04 1.760000000000000009e+00 3.438546009999999923e-14 1.760000000000000009e+00 5.629528670000000234e-01 1.760000000000000009e+00 1.166467130000000047e-04 1.760000000000000009e+00 6.762547740000000433e-07 1.760000000000000009e+00 7.635655580000000320e-05 1.760000000000000009e+00 6.851968099999999544e-14 1.760000000000000009e+00 5.543652669999999949e-01 1.760000000000000009e+00 5.647472029999999941e-05 1.760000000000000009e+00 1.654804490000000109e-07 1.760000000000000009e+00 3.670162609999999710e-05 1.760000000000000009e+00 1.363352310000000093e-13 1.760000000000000009e+00 5.497633899999999629e-01
1.770000000000000018e+00 1.859321520000000024e-03 1.770000000000000018e+00 1.343984630000000029e-04 1.770000000000000018e+00 1.910315670000000028e-03 1.770000000000000018e+00 6.809015930000000291e-15 1.770000000000000018e+00 4.156317050000000179e-01 1.770000000000000018e+00 1.394547049999999904e-03 1.770000000000000018e+00 3.498696669999999713e-05 1.770000000000000018e+00 1.191526499999999997e-03 1.770000000000000018e+00 1.534915409999999980e-14 1.770000000000000018e+00 5.035520070000000237e-01 1.770000000000000018e+00 8.586005490000000280e-04 1.770000000000000018e+00 9.476666169999999298e-06 1.770000000000000018e+00 6.706986060000000261e-04 1.770000000000000018e+00 3.102649900000000055e-14 1.770000000000000018e+00 4.792176249999999804e-01 1.770000000000000018e+00 4.732440319999999781e-04 1.770000000000000018e+00 3.212517810000000178e-06 1.770000000000000018e+00 3.495029250000000060e-04 1.770000000000000018e+00 6.344473270000000207e-14 1.770000000000000018e+00 4.585417960000000015e-01 1.770000000000000018e+00 2.421449580000000119e-04 1.770000000000000018e+00 9.837532529999999462e-07 1.770000000000000018e+00 1.745815180000000048e-04 1.770000000000000018e+00 1.284484249999999975e-13 1.770000000000000018e+00 4.460381900000000011e-01 1.770000000000000018e+00 9.023004010000000010e-04 1.770000000000000018e+00 6.891444989999999718e-05 1.770000000000000018e+00 7.733733640000000058e-04 1.770000000000000018e+00 9.703317819999999670e-15 1.770000000000000018e+00 4.959290650000000023e-01 1.770000000000000018e+00 5.112809220000000265e-04 1.770000000000000018e+00 1.418785510000000032e-05 1.770000000000000018e+00 3.700107059999999874e-04 1.770000000000000018e+00 1.715647270000000040e-14 1.770000000000000018e+00 5.650809180000000431e-01 1.770000000000000018e+00 2.451980450000000025e-04 1.770000000000000018e+00 3.013281430000000205e-06 1.770000000000000018e+00 1.654168380000000022e-04 1.770000000000000018e+00 3.438824450000000279e-14 1.770000000000000018e+00 5.629528670000000234e-01 1.770000000000000018e+00 1.174362199999999935e-04 1.770000000000000018e+00 6.913009739999999891e-07 1.770000000000000018e+00 7.752697220000000493e-05 1.770000000000000018e+00 6.852623930000000427e-14 1.770000000000000018e+00 5.543652669999999949e-01 1.770000000000000018e+00 5.687008580000000137e-05 1.770000000000000018e+00 1.692867519999999994e-07 1.770000000000000018e+00 3.726835079999999990e-05 1.770000000000000018e+00 1.363501209999999917e-13 1.770000000000000018e+00 5.497633899999999629e-01
1.780000000000000027e+00 1.861010769999999924e-03 1.780000000000000027e+00 1.354532310000000042e-04 1.780000000000000027e+00 1.928917370000000084e-03 1.780000000000000027e+00 6.809416180000000016e-15 1.780000000000000027e+00 4.156317050000000179e-01 1.780000000000000027e+00 1.397720589999999893e-03 1.780000000000000027e+00 3.557563810000000093e-05 1.780000000000000027e+00 1.205487880000000048e-03 1.780000000000000027e+00 1.535053759999999999e-14 1.780000000000000027e+00 5.035520070000000237e-01 1.780000000000000027e+00 8.619047719999999848e-04 1.780000000000000027e+00 9.689097129999999660e-06 1.780000000000000027e+00 6.793011649999999846e-04 1.780000000000000027e+00 3.102918989999999886e-14 1.780000000000000027e+00 4.792176249999999804e-01 1.780000000000000027e+00 4.756556449999999828e-04 1.780000000000000027e+00 3.290150909999999871e-06 1.780000000000000027e+00 3.542474380000000100e-04 1.780000000000000027e+00 6.344914900000000528e-14 1.780000000000000027e+00 4.585417960000000015e-01 1.780000000000000027e+00 2.435286099999999919e-04 1.780000000000000027e+00 1.006681140000000018e-06 1.780000000000000027e+00 1.770098920000000124e-04 1.780000000000000027e+00 1.284560160000000003e-13 1.780000000000000027e+00 4.460381900000000011e-01 1.780000000000000027e+00 9.043874889999999837e-04 1.780000000000000027e+00 6.988016969999999862e-05 1.780000000000000027e+00 7.824068370000000468e-04 1.780000000000000027e+00 9.704004360000000704e-15 1.780000000000000027e+00 4.959290650000000023e-01 1.780000000000000027e+00 5.136151849999999464e-04 1.780000000000000027e+00 1.446784760000000050e-05 1.780000000000000027e+00 3.751352040000000172e-04 1.780000000000000027e+00 1.715789380000000013e-14 1.780000000000000027e+00 5.650809180000000431e-01 1.780000000000000027e+00 2.466922659999999830e-04 1.780000000000000027e+00 3.078166420000000183e-06 1.780000000000000027e+00 1.678762950000000037e-04 1.780000000000000027e+00 3.439094799999999883e-14 1.780000000000000027e+00 5.629528670000000234e-01 1.780000000000000027e+00 1.182236320000000051e-04 1.780000000000000027e+00 7.066604529999999520e-07 1.780000000000000027e+00 7.870527320000000285e-05 1.780000000000000027e+00 6.853261620000000159e-14 1.780000000000000027e+00 5.543652669999999949e-01 1.780000000000000027e+00 5.726465919999999848e-05 1.780000000000000027e+00 1.731801539999999958e-07 1.780000000000000027e+00 3.783902519999999967e-05 1.780000000000000027e+00 1.363646180000000007e-13 1.780000000000000027e+00 5.497633899999999629e-01
1.790000000000000036e+00 1.862649880000000029e-03 1.790000000000000036e+00 1.365174379999999923e-04 1.790000000000000036e+00 1.947535719999999963e-03 1.790000000000000036e+00 6.809802279999999922e-15 1.790000000000000036e+00 4.156317050000000179e-01 1.790000000000000036e+00 1.400834259999999935e-03 1.790000000000000036e+00 3.617438470000000129e-05 1.790000000000000036e+00 1.219480709999999982e-03 1.790000000000000036e+00 1.535188939999999958e-14 1.790000000000000036e+00 5.035520070000000237e-01 1.790000000000000036e+00 8.651698359999999630e-04 1.790000000000000036e+00 9.907565500000000441e-06 1.790000000000000036e+00 6.879365709999999898e-04 1.790000000000000036e+00 3.103182489999999777e-14 1.790000000000000036e+00 4.792176249999999804e-01 1.790000000000000036e+00 4.780494989999999880e-04 1.790000000000000036e+00 3.370319190000000099e-06 1.790000000000000036e+00 3.590159790000000089e-04 1.790000000000000036e+00 6.345345909999999606e-14 1.790000000000000036e+00 4.585417960000000015e-01 1.790000000000000036e+00 2.449050089999999782e-04 1.790000000000000036e+00 1.030344860000000001e-06 1.790000000000000036e+00 1.794520660000000097e-04 1.790000000000000036e+00 1.284634050000000015e-13 1.790000000000000036e+00 4.460381900000000011e-01 1.790000000000000036e+00 9.064349649999999545e-04 1.790000000000000036e+00 7.085698039999999435e-05 1.790000000000000036e+00 7.914609819999999943e-04 1.790000000000000036e+00 9.704671150000000561e-15 1.790000000000000036e+00 4.959290650000000023e-01 1.790000000000000036e+00 5.159282279999999809e-04 1.790000000000000036e+00 1.475257299999999947e-05 1.790000000000000036e+00 3.802829390000000043e-04 1.790000000000000036e+00 1.715927550000000065e-14 1.790000000000000036e+00 5.650809180000000431e-01 1.790000000000000036e+00 2.481799190000000244e-04 1.790000000000000036e+00 3.144302250000000021e-06 1.790000000000000036e+00 1.703506610000000087e-04 1.790000000000000036e+00 3.439357250000000279e-14 1.790000000000000036e+00 5.629528670000000234e-01 1.790000000000000036e+00 1.190089499999999950e-04 1.790000000000000036e+00 7.223421509999999627e-07 1.790000000000000036e+00 7.989143779999999956e-05 1.790000000000000036e+00 6.853881560000000247e-14 1.790000000000000036e+00 5.543652669999999949e-01 1.790000000000000036e+00 5.765844239999999804e-05 1.790000000000000036e+00 1.771634890000000099e-07 1.790000000000000036e+00 3.841364139999999954e-05 1.790000000000000036e+00 1.363787289999999908e-13 1.790000000000000036e+00 5.497633899999999629e-01
1.800000000000000044e+00 1.864239510000000087e-03 1.800000000000000044e+00 1.375913009999999944e-04 1.800000000000000044e+00 1.966170210000000185e-03 1.800000000000000044e+00 6.810174689999999926e-15 1.800000000000000044e+00 4.156317050000000179e-01 1.800000000000000044e+00 1.403888629999999922e-03 1.800000000000000044e+00 3.678344969999999950e-05 1.800000000000000044e+00 1.233504370000000107e-03 1.800000000000000044e+00 1.535321040000000156e-14 1.800000000000000044e+00 5.035520070000000237e-01 1.800000000000000044e+00 8.683957740000000473e-04 1.800000000000000044e+00 1.013231790000000052e-05 1.800000000000000044e+00 6.966044319999999818e-04 1.800000000000000044e+00 3.103440619999999688e-14 1.800000000000000044e+00 4.792176249999999804e-01 1.800000000000000044e+00 4.804255139999999880e-04 1.800000000000000044e+00 3.453146480000000070e-06 1.800000000000000044e+00 3.638083690000000134e-04 1.800000000000000044e+00 6.345766690000000210e-14 1.800000000000000044e+00 4.585417960000000015e-01 1.800000000000000044e+00 2.462741170000000142e-04 1.800000000000000044e+00 1.054780889999999972e-06 1.800000000000000044e+00 1.819079680000000132e-04 1.800000000000000044e+00 1.284705990000000064e-13 1.800000000000000044e+00 4.460381900000000011e-01 1.800000000000000044e+00 9.084431010000000193e-04 1.800000000000000044e+00 7.184507430000000474e-05 1.800000000000000044e+00 8.005354050000000133e-04 1.800000000000000044e+00 9.705318650000000736e-15 1.800000000000000044e+00 4.959290650000000023e-01 1.800000000000000044e+00 5.182201090000000069e-04 1.800000000000000044e+00 1.504213579999999979e-05 1.800000000000000044e+00 3.854536979999999865e-04 1.800000000000000044e+00 1.716061869999999863e-14 1.800000000000000044e+00 5.650809180000000431e-01 1.800000000000000044e+00 2.496610050000000144e-04 1.800000000000000044e+00 3.211720909999999929e-06 1.800000000000000044e+00 1.728398710000000058e-04 1.800000000000000044e+00 3.439611960000000174e-14 1.800000000000000044e+00 5.629528670000000234e-01 1.800000000000000044e+00 1.197921759999999957e-04 1.800000000000000044e+00 7.383554140000000424e-07 1.800000000000000044e+00 8.108544519999999413e-05 1.800000000000000044e+00 6.854484120000000309e-14 1.800000000000000044e+00 5.543652669999999949e-01 1.800000000000000044e+00 5.805143690000000084e-05 1.800000000000000044e+00 1.812397320000000075e-07 1.800000000000000044e+00 3.899219139999999758e-05 1.800000000000000044e+00 1.363924630000000046e-13 1.800000000000000044e+00 5.497633899999999629e-01
1.810000000000000053e+00 1.865780330000000025e-03 1.810000000000000053e+00 1.386750359999999879e-04 1.810000000000000053e+00 1.984820349999999890e-03 1.810000000000000053e+00 6.810533859999999947e-15 1.810000000000000053e+00 4.156317050000000179e-01 1.810000000000000053e+00 1.406884219999999944e-03 1.810000000000000053e+00 3.740308349999999925e-05 1.810000000000000053e+00 1.247558279999999922e-03 1.810000000000000053e+00 1.535450179999999940e-14 1.810000000000000053e+00 5.035520070000000237e-01 1.810000000000000053e+00 8.715826100000000336e-04 1.810000000000000053e+00 1.036361380000000027e-05 1.810000000000000053e+00 7.053043560000000090e-04 1.810000000000000053e+00 3.103693589999999897e-14 1.810000000000000053e+00 4.792176249999999804e-01 1.810000000000000053e+00 4.827836010000000132e-04 1.810000000000000053e+00 3.538764540000000016e-06 1.810000000000000053e+00 3.686244289999999796e-04 1.810000000000000053e+00 6.346177609999999434e-14 1.810000000000000053e+00 4.585417960000000015e-01 1.810000000000000053e+00 2.476358979999999997e-04 1.810000000000000053e+00 1.080028150000000082e-06 1.810000000000000053e+00 1.843775239999999934e-04 1.810000000000000053e+00 1.284776030000000075e-13 1.810000000000000053e+00 4.460381900000000011e-01 1.810000000000000053e+00 9.104121580000000026e-04 1.810000000000000053e+00 7.284464939999999757e-05 1.810000000000000053e+00 8.096297140000000437e-04 1.810000000000000053e+00 9.705947319999999568e-15 1.810000000000000053e+00 4.959290650000000023e-01 1.810000000000000053e+00 5.204908830000000214e-04 1.810000000000000053e+00 1.533664410000000014e-05 1.810000000000000053e+00 3.906472699999999939e-04 1.810000000000000053e+00 1.716192410000000026e-14 1.810000000000000053e+00 5.650809180000000431e-01 1.810000000000000053e+00 2.511355259999999991e-04 1.810000000000000053e+00 3.280455700000000000e-06 1.810000000000000053e+00 1.753438589999999878e-04 1.810000000000000053e+00 3.439859110000000169e-14 1.810000000000000053e+00 5.629528670000000234e-01 1.810000000000000053e+00 1.205733110000000032e-04 1.810000000000000053e+00 7.547100129999999541e-07 1.810000000000000053e+00 8.228727440000000273e-05 1.810000000000000053e+00 6.855069650000000597e-14 1.810000000000000053e+00 5.543652669999999949e-01 1.810000000000000053e+00 5.844364420000000088e-05 1.810000000000000053e+00 1.854120040000000074e-07 1.810000000000000053e+00 3.957466750000000017e-05 1.810000000000000053e+00 1.364058260000000031e-13 1.810000000000000053e+00 5.497633899999999629e-01
1.820000000000000062e+00 1.867272969999999926e-03 1.820000000000000062e+00 1.397688660000000031e-04 1.820000000000000062e+00 2.003485650000000166e-03 1.820000000000000062e+00 6.810880239999999905e-15 1.820000000000000062e+00 4.156317050000000179e-01 1.820000000000000062e+00 1.409821570000000012e-03 1.820000000000000062e+00 3.803354440000000113e-05 1.820000000000000062e+00 1.261641860000000011e-03 1.820000000000000062e+00 1.535576459999999924e-14 1.820000000000000062e+00 5.035520070000000237e-01 1.820000000000000062e+00 8.747303529999999943e-04 1.820000000000000062e+00 1.060172639999999970e-05 1.820000000000000062e+00 7.140359539999999996e-04 1.820000000000000062e+00 3.103941619999999733e-14 1.820000000000000062e+00 4.792176249999999804e-01 1.820000000000000062e+00 4.851236640000000135e-04 1.820000000000000062e+00 3.627313720000000200e-06 1.820000000000000062e+00 3.734639800000000265e-04 1.820000000000000062e+00 6.346579039999999420e-14 1.820000000000000062e+00 4.585417960000000015e-01 1.820000000000000062e+00 2.489903109999999902e-04 1.820000000000000062e+00 1.106128199999999895e-06 1.820000000000000062e+00 1.868606609999999980e-04 1.820000000000000062e+00 1.284844259999999971e-13 1.820000000000000062e+00 4.460381900000000011e-01 1.820000000000000062e+00 9.123423899999999736e-04 1.820000000000000062e+00 7.385590900000000344e-05 1.820000000000000062e+00 8.187435190000000177e-04 1.820000000000000062e+00 9.706557620000000129e-15 1.820000000000000062e+00 4.959290650000000023e-01 1.820000000000000062e+00 5.227405980000000493e-04 1.820000000000000062e+00 1.563621029999999999e-05 1.820000000000000062e+00 3.958634449999999983e-04 1.820000000000000062e+00 1.716319289999999902e-14 1.820000000000000062e+00 5.650809180000000431e-01 1.820000000000000062e+00 2.526034829999999746e-04 1.820000000000000062e+00 3.350541339999999975e-06 1.820000000000000062e+00 1.778625599999999975e-04 1.820000000000000062e+00 3.440098860000000234e-14 1.820000000000000062e+00 5.629528670000000234e-01 1.820000000000000062e+00 1.213523560000000001e-04 1.820000000000000062e+00 7.714161690000000345e-07 1.820000000000000062e+00 8.349690450000000585e-05 1.820000000000000062e+00 6.855638519999999466e-14 1.820000000000000062e+00 5.543652669999999949e-01 1.820000000000000062e+00 5.883506560000000246e-05 1.820000000000000062e+00 1.896835839999999928e-07 1.820000000000000062e+00 4.016106169999999863e-05 1.820000000000000062e+00 1.364188279999999973e-13 1.820000000000000062e+00 5.497633899999999629e-01
1.830000000000000071e+00 1.868718060000000092e-03 1.830000000000000071e+00 1.408730160000000084e-04 1.830000000000000071e+00 2.022165649999999818e-03 1.830000000000000071e+00 6.811214229999999726e-15 1.830000000000000071e+00 4.156317050000000179e-01 1.830000000000000071e+00 1.412701180000000079e-03 1.830000000000000071e+00 3.867509849999999761e-05 1.830000000000000071e+00 1.275754519999999911e-03 1.830000000000000071e+00 1.535699960000000092e-14 1.830000000000000071e+00 5.035520070000000237e-01 1.830000000000000071e+00 8.778390020000000418e-04 1.830000000000000071e+00 1.084694310000000035e-05 1.830000000000000071e+00 7.227988330000000060e-04 1.830000000000000071e+00 3.104184929999999788e-14 1.830000000000000071e+00 4.792176249999999804e-01 1.830000000000000071e+00 4.874456000000000210e-04 1.830000000000000071e+00 3.718943649999999821e-06 1.830000000000000071e+00 3.783268420000000061e-04 1.830000000000000071e+00 6.346971359999999468e-14 1.830000000000000071e+00 4.585417960000000015e-01 1.830000000000000071e+00 2.503373129999999949e-04 1.830000000000000071e+00 1.133125460000000031e-06 1.830000000000000071e+00 1.893573059999999935e-04 1.830000000000000071e+00 1.284910740000000119e-13 1.830000000000000071e+00 4.460381900000000011e-01 1.830000000000000071e+00 9.142340369999999491e-04 1.830000000000000071e+00 7.487906259999999839e-05 1.830000000000000071e+00 8.278764329999999637e-04 1.830000000000000071e+00 9.707150000000000761e-15 1.830000000000000071e+00 4.959290650000000023e-01 1.830000000000000071e+00 5.249692980000000234e-04 1.830000000000000071e+00 1.594095069999999981e-05 1.830000000000000071e+00 4.011020119999999752e-04 1.830000000000000071e+00 1.716442560000000112e-14 1.830000000000000071e+00 5.650809180000000431e-01 1.830000000000000071e+00 2.540648720000000110e-04 1.830000000000000071e+00 3.422014009999999804e-06 1.830000000000000071e+00 1.803959070000000044e-04 1.830000000000000071e+00 3.440331369999999708e-14 1.830000000000000071e+00 5.629528670000000234e-01 1.830000000000000071e+00 1.221293110000000134e-04 1.830000000000000071e+00 7.884845860000000427e-07 1.830000000000000071e+00 8.471431450000000611e-05 1.830000000000000071e+00 6.856191089999999378e-14 1.830000000000000071e+00 5.543652669999999949e-01 1.830000000000000071e+00 5.922570219999999982e-05 1.830000000000000071e+00 1.940579159999999894e-07 1.830000000000000071e+00 4.075136620000000107e-05 1.830000000000000071e+00 1.364314759999999920e-13 1.830000000000000071e+00 5.497633899999999629e-01
1.840000000000000080e+00 1.870116200000000077e-03 1.840000000000000080e+00 1.419877160000000064e-04 1.840000000000000080e+00 2.040859859999999935e-03 1.840000000000000080e+00 6.811536270000000121e-15 1.840000000000000080e+00 4.156317050000000179e-01 1.840000000000000080e+00 1.415523539999999922e-03 1.840000000000000080e+00 3.932802000000000162e-05 1.840000000000000080e+00 1.289895689999999949e-03 1.840000000000000080e+00 1.535820810000000107e-14 1.840000000000000080e+00 5.035520070000000237e-01 1.840000000000000080e+00 8.809085390000000312e-04 1.840000000000000080e+00 1.109956709999999924e-05 1.840000000000000080e+00 7.315926029999999603e-04 1.840000000000000080e+00 3.104423729999999708e-14 1.840000000000000080e+00 4.792176249999999804e-01 1.840000000000000080e+00 4.897492960000000535e-04 1.840000000000000080e+00 3.813813969999999872e-06 1.840000000000000080e+00 3.832128319999999989e-04 1.840000000000000080e+00 6.347354950000000141e-14 1.840000000000000080e+00 4.585417960000000015e-01 1.840000000000000080e+00 2.516768600000000270e-04 1.840000000000000080e+00 1.161067440000000038e-06 1.840000000000000080e+00 1.918673830000000124e-04 1.840000000000000080e+00 1.284975540000000064e-13 1.840000000000000080e+00 4.460381900000000011e-01 1.840000000000000080e+00 9.160873309999999778e-04 1.840000000000000080e+00 7.591432559999999722e-05 1.840000000000000080e+00 8.370280710000000107e-04 1.840000000000000080e+00 9.707724909999999806e-15 1.840000000000000080e+00 4.959290650000000023e-01 1.840000000000000080e+00 5.271770210000000087e-04 1.840000000000000080e+00 1.625098630000000062e-05 1.840000000000000080e+00 4.063627610000000051e-04 1.840000000000000080e+00 1.716562330000000005e-14 1.840000000000000080e+00 5.650809180000000431e-01 1.840000000000000080e+00 2.555196900000000120e-04 1.840000000000000080e+00 3.494911450000000018e-06 1.840000000000000080e+00 1.829438359999999934e-04 1.840000000000000080e+00 3.440556810000000141e-14 1.840000000000000080e+00 5.629528670000000234e-01 1.840000000000000080e+00 1.229041749999999929e-04 1.840000000000000080e+00 8.059264759999999927e-07 1.840000000000000080e+00 8.593948369999999406e-05 1.840000000000000080e+00 6.856727680000000272e-14 1.840000000000000080e+00 5.543652669999999949e-01 1.840000000000000080e+00 5.961555500000000253e-05 1.840000000000000080e+00 1.985386259999999952e-07 1.840000000000000080e+00 4.134557309999999705e-05 1.840000000000000080e+00 1.364437759999999989e-13 1.840000000000000080e+00 5.497633899999999629e-01
1.850000000000000089e+00 1.871467969999999949e-03 1.850000000000000089e+00 1.431131989999999876e-04 1.850000000000000089e+00 2.059567820000000188e-03 1.850000000000000089e+00 6.811846760000000229e-15 1.850000000000000089e+00 4.156317050000000179e-01 1.850000000000000089e+00 1.418289139999999969e-03 1.850000000000000089e+00 3.999259190000000044e-05 1.850000000000000089e+00 1.304064809999999977e-03 1.850000000000000089e+00 1.535939089999999953e-14 1.850000000000000089e+00 5.035520070000000237e-01 1.850000000000000089e+00 8.839389359999999659e-04 1.850000000000000089e+00 1.135991780000000048e-05 1.850000000000000089e+00 7.404168730000000153e-04 1.850000000000000089e+00 3.104658240000000085e-14 1.850000000000000089e+00 4.792176249999999804e-01 1.850000000000000089e+00 4.920346270000000143e-04 1.850000000000000089e+00 3.912095189999999907e-06 1.850000000000000089e+00 3.881217669999999773e-04 1.850000000000000089e+00 6.347730189999999478e-14 1.850000000000000089e+00 4.585417960000000015e-01 1.850000000000000089e+00 2.530089030000000111e-04 1.850000000000000089e+00 1.190005020000000040e-06 1.850000000000000089e+00 1.943908179999999982e-04 1.850000000000000089e+00 1.285038719999999923e-13 1.850000000000000089e+00 4.460381900000000011e-01 1.850000000000000089e+00 9.179024940000000401e-04 1.850000000000000089e+00 7.696191999999999378e-05 1.850000000000000089e+00 8.461980519999999463e-04 1.850000000000000089e+00 9.708282810000000335e-15 1.850000000000000089e+00 4.959290650000000023e-01 1.850000000000000089e+00 5.293638009999999776e-04 1.850000000000000089e+00 1.656644250000000076e-05 1.850000000000000089e+00 4.116454830000000013e-04 1.850000000000000089e+00 1.716678679999999883e-14 1.850000000000000089e+00 5.650809180000000431e-01 1.850000000000000089e+00 2.569679329999999934e-04 1.850000000000000089e+00 3.569273080000000040e-06 1.850000000000000089e+00 1.855062789999999920e-04 1.850000000000000089e+00 3.440775340000000239e-14 1.850000000000000089e+00 5.629528670000000234e-01 1.850000000000000089e+00 1.236769490000000024e-04 1.850000000000000089e+00 8.237535929999999586e-07 1.850000000000000089e+00 8.717239109999999939e-05 1.850000000000000089e+00 6.857248649999999562e-14 1.850000000000000089e+00 5.543652669999999949e-01 1.850000000000000089e+00 6.000462469999999829e-05 1.850000000000000089e+00 2.031295239999999870e-07 1.850000000000000089e+00 4.194367469999999971e-05 1.850000000000000089e+00 1.364557370000000101e-13 1.850000000000000089e+00 5.497633899999999629e-01
1.860000000000000098e+00 1.872773949999999993e-03 1.860000000000000098e+00 1.442497039999999999e-04 1.860000000000000098e+00 2.078289059999999851e-03 1.860000000000000098e+00 6.812146099999999978e-15 1.860000000000000098e+00 4.156317050000000179e-01 1.860000000000000098e+00 1.420998419999999979e-03 1.860000000000000098e+00 4.066910579999999983e-05 1.860000000000000098e+00 1.318261289999999968e-03 1.860000000000000098e+00 1.536054919999999925e-14 1.860000000000000098e+00 5.035520070000000237e-01 1.860000000000000098e+00 8.869301440000000418e-04 1.860000000000000098e+00 1.162833189999999937e-05 1.860000000000000098e+00 7.492712510000000027e-04 1.860000000000000098e+00 3.104888689999999931e-14 1.860000000000000098e+00 4.792176249999999804e-01 1.860000000000000098e+00 4.943014599999999469e-04 1.860000000000000098e+00 4.013969549999999893e-06 1.860000000000000098e+00 3.930534630000000261e-04 1.860000000000000098e+00 6.348097439999999937e-14 1.860000000000000098e+00 4.585417960000000015e-01 1.860000000000000098e+00 2.543333899999999925e-04 1.860000000000000098e+00 1.219992780000000033e-06 1.860000000000000098e+00 1.969275360000000065e-04 1.860000000000000098e+00 1.285100359999999932e-13 1.860000000000000098e+00 4.460381900000000011e-01 1.860000000000000098e+00 9.196797380000000478e-04 1.860000000000000098e+00 7.802207429999999660e-05 1.860000000000000098e+00 8.553859949999999919e-04 1.860000000000000098e+00 9.708824120000000696e-15 1.860000000000000098e+00 4.959290650000000023e-01 1.860000000000000098e+00 5.315296650000000392e-04 1.860000000000000098e+00 1.688744940000000077e-05 1.860000000000000098e+00 4.169499679999999898e-04 1.860000000000000098e+00 1.716791690000000047e-14 1.860000000000000098e+00 5.650809180000000431e-01 1.860000000000000098e+00 2.584095919999999913e-04 1.860000000000000098e+00 3.645140080000000173e-06 1.860000000000000098e+00 1.880831720000000122e-04 1.860000000000000098e+00 3.440987110000000293e-14 1.860000000000000098e+00 5.629528670000000234e-01 1.860000000000000098e+00 1.244476290000000036e-04 1.860000000000000098e+00 8.419782669999999865e-07 1.860000000000000098e+00 8.841301569999999760e-05 1.860000000000000098e+00 6.857754329999999395e-14 1.860000000000000098e+00 5.543652669999999949e-01 1.860000000000000098e+00 6.039291179999999867e-05 1.860000000000000098e+00 2.078346249999999975e-07 1.860000000000000098e+00 4.254566300000000038e-05 1.860000000000000098e+00 1.364673650000000118e-13 1.860000000000000098e+00 5.497633899999999629e-01
1.870000000000000107e+00 1.874034699999999921e-03 1.870000000000000107e+00 1.453974720000000018e-04 1.870000000000000107e+00 2.097023150000000211e-03 1.870000000000000107e+00 6.812434680000000087e-15 1.870000000000000107e+00 4.156317050000000179e-01 1.870000000000000107e+00 1.423651850000000026e-03 1.870000000000000107e+00 4.135786249999999996e-05 1.870000000000000107e+00 1.332484589999999910e-03 1.870000000000000107e+00 1.536168380000000008e-14 1.870000000000000107e+00 5.035520070000000237e-01 1.870000000000000107e+00 8.898821039999999525e-04 1.870000000000000107e+00 1.190516500000000005e-05 1.870000000000000107e+00 7.581553449999999710e-04 1.870000000000000107e+00 3.105115279999999841e-14 1.870000000000000107e+00 4.792176249999999804e-01 1.870000000000000107e+00 4.965496499999999969e-04 1.870000000000000107e+00 4.119632020000000019e-06 1.870000000000000107e+00 3.980077340000000210e-04 1.870000000000000107e+00 6.348457079999999558e-14 1.870000000000000107e+00 4.585417960000000015e-01 1.870000000000000107e+00 2.556502670000000243e-04 1.870000000000000107e+00 1.251089259999999977e-06 1.870000000000000107e+00 1.994774599999999927e-04 1.870000000000000107e+00 1.285160529999999891e-13 1.870000000000000107e+00 4.460381900000000011e-01 1.870000000000000107e+00 9.214192639999999566e-04 1.870000000000000107e+00 7.909502399999999978e-05 1.870000000000000107e+00 8.645915210000000356e-04 1.870000000000000107e+00 9.709349279999999231e-15 1.870000000000000107e+00 4.959290650000000023e-01 1.870000000000000107e+00 5.336746359999999930e-04 1.870000000000000107e+00 1.721414259999999959e-05 1.870000000000000107e+00 4.222760069999999927e-04 1.870000000000000107e+00 1.716901439999999852e-14 1.870000000000000107e+00 5.650809180000000431e-01 1.870000000000000107e+00 2.598446589999999835e-04 1.870000000000000107e+00 3.722555459999999945e-06 1.870000000000000107e+00 1.906744489999999924e-04 1.870000000000000107e+00 3.441192280000000273e-14 1.870000000000000107e+00 5.629528670000000234e-01 1.870000000000000107e+00 1.252162149999999966e-04 1.870000000000000107e+00 8.606134430000000238e-07 1.870000000000000107e+00 8.966133670000000133e-05 1.870000000000000107e+00 6.858245039999999715e-14 1.870000000000000107e+00 5.543652669999999949e-01 1.870000000000000107e+00 6.078041669999999664e-05 1.870000000000000107e+00 2.126581599999999956e-07 1.870000000000000107e+00 4.315153029999999865e-05 1.870000000000000107e+00 1.364786670000000091e-13 1.870000000000000107e+00 5.497633899999999629e-01
1.879999999999999893e+00 1.875250750000000003e-03 1.879999999999999893e+00 1.465567500000000093e-04 1.879999999999999893e+00 2.115769610000000148e-03 1.879999999999999893e+00 6.812712889999999696e-15 1.879999999999999893e+00 4.156317050000000179e-01 1.879999999999999893e+00 1.426249839999999989e-03 1.879999999999999893e+00 4.205917229999999693e-05 1.879999999999999893e+00 1.346734139999999913e-03 1.879999999999999893e+00 1.536279569999999868e-14 1.879999999999999893e+00 5.035520070000000237e-01 1.879999999999999893e+00 8.927947360000000176e-04 1.879999999999999893e+00 1.219079219999999990e-05 1.879999999999999893e+00 7.670687619999999726e-04 1.879999999999999893e+00 3.105338249999999771e-14 1.879999999999999893e+00 4.792176249999999804e-01 1.879999999999999893e+00 4.987790360000000488e-04 1.879999999999999893e+00 4.229291410000000285e-06 1.879999999999999893e+00 4.029843930000000045e-04 1.879999999999999893e+00 6.348809490000000166e-14 1.879999999999999893e+00 4.585417960000000015e-01 1.879999999999999893e+00 2.569594719999999748e-04 1.879999999999999893e+00 1.283357419999999984e-06 1.879999999999999893e+00 2.020405150000000125e-04 1.879999999999999893e+00 1.285219289999999914e-13 1.879999999999999893e+00 4.460381900000000011e-01 1.879999999999999893e+00 9.231212629999999792e-04 1.879999999999999893e+00 8.018101200000000311e-05 1.879999999999999893e+00 8.738142549999999495e-04 1.879999999999999893e+00 9.709858740000000593e-15 1.879999999999999893e+00 4.959290650000000023e-01 1.879999999999999893e+00 5.357987289999999962e-04 1.879999999999999893e+00 1.754666289999999974e-05 1.879999999999999893e+00 4.276233909999999777e-04 1.879999999999999893e+00 1.717008009999999913e-14 1.879999999999999893e+00 5.650809180000000431e-01 1.879999999999999893e+00 2.612731220000000178e-04 1.879999999999999893e+00 3.801564260000000109e-06 1.879999999999999893e+00 1.932800430000000105e-04 1.879999999999999893e+00 3.441390999999999836e-14 1.879999999999999893e+00 5.629528670000000234e-01 1.879999999999999893e+00 1.259827039999999933e-04 1.879999999999999893e+00 8.796727209999999590e-07 1.879999999999999893e+00 9.091733299999999460e-05 1.879999999999999893e+00 6.858721110000000147e-14 1.879999999999999893e+00 5.543652669999999949e-01 1.879999999999999893e+00 6.116713950000000400e-05 1.879999999999999893e+00 2.176045880000000096e-07 1.879999999999999893e+00 4.376126869999999761e-05 1.879999999999999893e+00 1.364896510000000005e-13 1.879999999999999893e+00 5.497633899999999629e-01
1.889999999999999902e+00 1.876422619999999894e-03 1.889999999999999902e+00 1.477277889999999952e-04 1.889999999999999902e+00 2.134528010000000080e-03 1.889999999999999902e+00 6.812981100000000316e-15 1.889999999999999902e+00 4.156317050000000179e-01 1.889999999999999902e+00 1.428792830000000062e-03 1.889999999999999902e+00 4.277335519999999957e-05 1.889999999999999902e+00 1.361009399999999966e-03 1.889999999999999902e+00 1.536388610000000116e-14 1.889999999999999902e+00 5.035520070000000237e-01 1.889999999999999902e+00 8.956679439999999702e-04 1.889999999999999902e+00 1.248560990000000028e-05 1.889999999999999902e+00 7.760111089999999516e-04 1.889999999999999902e+00 3.105557810000000000e-14 1.889999999999999902e+00 4.792176249999999804e-01 1.889999999999999902e+00 5.009894480000000230e-04 1.889999999999999902e+00 4.343171499999999723e-06 1.889999999999999902e+00 4.079832509999999730e-04 1.889999999999999902e+00 6.349155059999999480e-14 1.889999999999999902e+00 4.585417960000000015e-01 1.889999999999999902e+00 2.582609439999999793e-04 1.889999999999999902e+00 1.316864930000000097e-06 1.889999999999999902e+00 2.046166239999999941e-04 1.889999999999999902e+00 1.285276710000000052e-13 1.889999999999999902e+00 4.460381900000000011e-01 1.889999999999999902e+00 9.247859150000000469e-04 1.889999999999999902e+00 8.128028859999999849e-05 1.889999999999999902e+00 8.830538220000000394e-04 1.889999999999999902e+00 9.710352929999999970e-15 1.889999999999999902e+00 4.959290650000000023e-01 1.889999999999999902e+00 5.379019550000000045e-04 1.889999999999999902e+00 1.788515670000000036e-05 1.889999999999999902e+00 4.329919120000000170e-04 1.889999999999999902e+00 1.717111489999999899e-14 1.889999999999999902e+00 5.650809180000000431e-01 1.889999999999999902e+00 2.626949679999999836e-04 1.889999999999999902e+00 3.882213600000000069e-06 1.889999999999999902e+00 1.958998890000000011e-04 1.889999999999999902e+00 3.441583430000000216e-14 1.889999999999999902e+00 5.629528670000000234e-01 1.889999999999999902e+00 1.267470909999999867e-04 1.889999999999999902e+00 8.991703939999999709e-07 1.889999999999999902e+00 9.218098380000000361e-05 1.889999999999999902e+00 6.859182859999999370e-14 1.889999999999999902e+00 5.543652669999999949e-01 1.889999999999999902e+00 6.155308000000000394e-05 1.889999999999999902e+00 2.226786140000000077e-07 1.889999999999999902e+00 4.437487049999999688e-05 1.889999999999999902e+00 1.365003229999999976e-13 1.889999999999999902e+00 5.497633899999999629e-01
1.899999999999999911e+00 1.877550840000000078e-03 1.899999999999999911e+00 1.489108449999999937e-04 1.899999999999999911e+00 2.153297919999999990e-03 1.899999999999999911e+00 6.813239690000000302e-15 1.899999999999999911e+00 4.156317050000000179e-01 1.899999999999999911e+00 1.431281209999999988e-03 1.899999999999999911e+00 4.350074159999999684e-05 1.899999999999999911e+00 1.375309820000000099e-03 1.899999999999999911e+00 1.536495590000000103e-14 1.899999999999999911e+00 5.035520070000000237e-01 1.899999999999999911e+00 8.985016119999999487e-04 1.899999999999999911e+00 1.279003690000000081e-05 1.899999999999999911e+00 7.849819889999999764e-04 1.899999999999999911e+00 3.105774190000000170e-14 1.899999999999999911e+00 4.792176249999999804e-01 1.899999999999999911e+00 5.031806970000000240e-04 1.899999999999999911e+00 4.461512449999999609e-06 1.899999999999999911e+00 4.130041179999999808e-04 1.899999999999999911e+00 6.349494170000000588e-14 1.899999999999999911e+00 4.585417960000000015e-01 1.899999999999999911e+00 2.595546119999999962e-04 1.899999999999999911e+00 1.351684740000000033e-06 1.899999999999999911e+00 2.072057080000000093e-04 1.899999999999999911e+00 1.285332860000000103e-13 1.899999999999999911e+00 4.460381900000000011e-01 1.899999999999999911e+00 9.264133890000000263e-04 1.899999999999999911e+00 8.239311220000000507e-05 1.899999999999999911e+00 8.923098489999999527e-04 1.899999999999999911e+00 9.710832270000000444e-15 1.899999999999999911e+00 4.959290650000000023e-01 1.899999999999999911e+00 5.399843160000000102e-04 1.899999999999999911e+00 1.822977669999999842e-05 1.899999999999999911e+00 4.383813599999999738e-04 1.899999999999999911e+00 1.717211940000000116e-14 1.899999999999999911e+00 5.650809180000000431e-01 1.899999999999999911e+00 2.641101819999999950e-04 1.899999999999999911e+00 3.964552840000000152e-06 1.899999999999999911e+00 1.985339210000000110e-04 1.899999999999999911e+00 3.441769710000000125e-14 1.899999999999999911e+00 5.629528670000000234e-01 1.899999999999999911e+00 1.275093729999999886e-04 1.899999999999999911e+00 9.191215049999999941e-07 1.899999999999999911e+00 9.345226780000000233e-05 1.899999999999999911e+00 6.859630609999999851e-14 1.899999999999999911e+00 5.543652669999999949e-01 1.899999999999999911e+00 6.193823789999999493e-05 1.899999999999999911e+00 2.278852060000000115e-07 1.899999999999999911e+00 4.499232770000000130e-05 1.899999999999999911e+00 1.365106900000000055e-13 1.899999999999999911e+00 5.497633899999999629e-01
1.909999999999999920e+00 1.878635889999999940e-03 1.909999999999999920e+00 1.501061779999999959e-04 1.909999999999999920e+00 2.172078889999999943e-03 1.909999999999999920e+00 6.813489020000000378e-15 1.909999999999999920e+00 4.156317050000000179e-01 1.909999999999999920e+00 1.433715359999999982e-03 1.909999999999999920e+00 4.424167220000000024e-05 1.909999999999999920e+00 1.389634839999999948e-03 1.909999999999999920e+00 1.536600610000000128e-14 1.909999999999999920e+00 5.035520070000000237e-01 1.909999999999999920e+00 9.012956039999999542e-04 1.909999999999999920e+00 1.310451590000000014e-05 1.909999999999999920e+00 7.939810089999999911e-04 1.909999999999999920e+00 3.105987619999999925e-14 1.909999999999999920e+00 4.792176249999999804e-01 1.909999999999999920e+00 5.053525799999999957e-04 1.909999999999999920e+00 4.584572129999999604e-06 1.909999999999999920e+00 4.180468009999999861e-04 1.909999999999999920e+00 6.349827190000000584e-14 1.909999999999999920e+00 4.585417960000000015e-01 1.909999999999999920e+00 2.608404029999999920e-04 1.909999999999999920e+00 1.387895479999999995e-06 1.909999999999999920e+00 2.098076900000000133e-04 1.909999999999999920e+00 1.285387810000000118e-13 1.909999999999999920e+00 4.460381900000000011e-01 1.909999999999999920e+00 9.280038460000000333e-04 1.909999999999999920e+00 8.351974949999999801e-05 1.909999999999999920e+00 9.015819659999999751e-04 1.909999999999999920e+00 9.711297190000000359e-15 1.909999999999999920e+00 4.959290650000000023e-01 1.909999999999999920e+00 5.420458100000000211e-04 1.909999999999999920e+00 1.858068160000000084e-05 1.909999999999999920e+00 4.437915280000000249e-04 1.909999999999999920e+00 1.717309469999999911e-14 1.909999999999999920e+00 5.650809180000000431e-01 1.909999999999999920e+00 2.655187440000000235e-04 1.909999999999999920e+00 4.048633750000000326e-06 1.909999999999999920e+00 2.011820709999999866e-04 1.909999999999999920e+00 3.441949989999999853e-14 1.909999999999999920e+00 5.629528670000000234e-01 1.909999999999999920e+00 1.282695449999999920e-04 1.909999999999999920e+00 9.395418869999999705e-07 1.909999999999999920e+00 9.473116420000000340e-05 1.909999999999999920e+00 6.860064649999999961e-14 1.909999999999999920e+00 5.543652669999999949e-01 1.909999999999999920e+00 6.232261249999999605e-05 1.909999999999999920e+00 2.332296120000000000e-07 1.909999999999999920e+00 4.561363259999999694e-05 1.909999999999999920e+00 1.365207580000000103e-13 1.909999999999999920e+00 5.497633899999999629e-01
1.919999999999999929e+00 1.879678239999999986e-03 1.919999999999999929e+00 1.513140530000000000e-04 1.919999999999999929e+00 2.190870489999999920e-03 1.919999999999999929e+00 6.813729459999999687e-15 1.919999999999999929e+00 4.156317050000000179e-01 1.919999999999999929e+00 1.436095670000000005e-03 1.919999999999999929e+00 4.499649869999999764e-05 1.919999999999999929e+00 1.403983940000000071e-03 1.919999999999999929e+00 1.536703759999999858e-14 1.919999999999999929e+00 5.035520070000000237e-01 1.919999999999999929e+00 9.040497639999999597e-04 1.919999999999999929e+00 1.342951529999999994e-05 1.919999999999999929e+00 8.030077689999999676e-04 1.919999999999999929e+00 3.106198319999999855e-14 1.919999999999999929e+00 4.792176249999999804e-01 1.919999999999999929e+00 5.075048749999999578e-04 1.919999999999999929e+00 4.712627810000000288e-06 1.919999999999999929e+00 4.231111040000000130e-04 1.919999999999999929e+00 6.350154519999999396e-14 1.919999999999999929e+00 4.585417960000000015e-01 1.919999999999999929e+00 2.621182370000000152e-04 1.919999999999999929e+00 1.425582089999999995e-06 1.919999999999999929e+00 2.124224900000000005e-04 1.919999999999999929e+00 1.285441640000000082e-13 1.919999999999999929e+00 4.460381900000000011e-01 1.919999999999999929e+00 9.295574320000000263e-04 1.919999999999999929e+00 8.466047610000000635e-05 1.919999999999999929e+00 9.108698029999999588e-04 1.919999999999999929e+00 9.711748129999999635e-15 1.919999999999999929e+00 4.959290650000000023e-01 1.919999999999999929e+00 5.440864259999999729e-04 1.919999999999999929e+00 1.893803729999999998e-05 1.919999999999999929e+00 4.492222069999999754e-04 1.919999999999999929e+00 1.717404129999999908e-14 1.919999999999999929e+00 5.650809180000000431e-01 1.919999999999999929e+00 2.669206349999999825e-04 1.919999999999999929e+00 4.134510619999999955e-06 1.919999999999999929e+00 2.038442730000000020e-04 1.919999999999999929e+00 3.442124430000000001e-14 1.919999999999999929e+00 5.629528670000000234e-01 1.919999999999999929e+00 1.290276009999999937e-04 1.919999999999999929e+00 9.604482250000000737e-07 1.919999999999999929e+00 9.601765169999999436e-05 1.919999999999999929e+00 6.860485310000000587e-14 1.919999999999999929e+00 5.543652669999999949e-01 1.919999999999999929e+00 6.270620279999999773e-05 1.919999999999999929e+00 2.387173809999999852e-07 1.919999999999999929e+00 4.623877739999999868e-05 1.919999999999999929e+00 1.365305339999999921e-13 1.919999999999999929e+00 5.497633899999999629e-01
1.929999999999999938e+00 1.880678379999999993e-03 1.929999999999999938e+00 1.525347429999999993e-04 1.929999999999999938e+00 2.209672309999999827e-03 1.929999999999999938e+00 6.813961359999999745e-15 1.929999999999999938e+00 4.156317050000000179e-01 1.929999999999999938e+00 1.438422489999999958e-03 1.929999999999999938e+00 4.576558420000000050e-05 1.929999999999999938e+00 1.418356580000000025e-03 1.929999999999999938e+00 1.536805159999999904e-14 1.929999999999999938e+00 5.035520070000000237e-01 1.929999999999999938e+00 9.067639120000000339e-04 1.929999999999999938e+00 1.376553080000000051e-05 1.929999999999999938e+00 8.120618709999999785e-04 1.929999999999999938e+00 3.106406529999999919e-14 1.929999999999999938e+00 4.792176249999999804e-01 1.929999999999999938e+00 5.096373410000000059e-04 1.929999999999999938e+00 4.845977870000000254e-06 1.929999999999999938e+00 4.281968319999999734e-04 1.929999999999999938e+00 6.350476559999999476e-14 1.929999999999999938e+00 4.585417960000000015e-01 1.929999999999999938e+00 2.633880269999999799e-04 1.929999999999999938e+00 1.464836379999999977e-06 1.929999999999999938e+00 2.150500279999999925e-04 1.929999999999999938e+00 1.285494420000000046e-13 1.929999999999999938e+00 4.460381900000000011e-01 1.929999999999999938e+00 9.310742849999999963e-04 1.929999999999999938e+00 8.581557650000000458e-05 1.929999999999999938e+00 9.201729929999999608e-04 1.929999999999999938e+00 9.712185509999999774e-15 1.929999999999999938e+00 4.959290650000000023e-01 1.929999999999999938e+00 5.461061480000000377e-04 1.929999999999999938e+00 1.930201630000000112e-05 1.929999999999999938e+00 4.546731870000000138e-04 1.929999999999999938e+00 1.717496010000000090e-14 1.929999999999999938e+00 5.650809180000000431e-01 1.929999999999999938e+00 2.683158310000000220e-04 1.929999999999999938e+00 4.222240459999999804e-06 1.929999999999999938e+00 2.065204609999999957e-04 1.929999999999999938e+00 3.442293160000000231e-14 1.929999999999999938e+00 5.629528670000000234e-01 1.929999999999999938e+00 1.297835339999999947e-04 1.929999999999999938e+00 9.818581110000000617e-07 1.929999999999999938e+00 9.731170909999999486e-05 1.929999999999999938e+00 6.860892880000000098e-14 1.929999999999999938e+00 5.543652669999999949e-01 1.929999999999999938e+00 6.308900750000000245e-05 1.929999999999999938e+00 2.443543860000000160e-07 1.929999999999999938e+00 4.686775409999999783e-05 1.929999999999999938e+00 1.365400250000000062e-13 1.929999999999999938e+00 5.497633899999999629e-01
1.939999999999999947e+00 1.881636739999999978e-03 1.939999999999999947e+00 1.537685209999999872e-04 1.939999999999999947e+00 2.228483920000000080e-03 1.939999999999999947e+00 6.814185079999999698e-15 1.939999999999999947e+00 4.156317050000000179e-01 1.939999999999999947e+00 1.440696150000000042e-03 1.939999999999999947e+00 4.654930349999999788e-05 1.939999999999999947e+00 1.432752220000000016e-03 1.939999999999999947e+00 1.536904909999999931e-14 1.939999999999999947e+00 5.035520070000000237e-01 1.939999999999999947e+00 9.094378440000000161e-04 1.939999999999999947e+00 1.411308749999999958e-05 1.939999999999999947e+00 8.211429130000000038e-04 1.939999999999999947e+00 3.106612479999999758e-14 1.939999999999999947e+00 4.792176249999999804e-01 1.939999999999999947e+00 5.117497140000000022e-04 1.939999999999999947e+00 4.984943740000000181e-06 1.939999999999999947e+00 4.333037840000000199e-04 1.939999999999999947e+00 6.350793690000000124e-14 1.939999999999999947e+00 4.585417960000000015e-01 1.939999999999999947e+00 2.646496779999999945e-04 1.939999999999999947e+00 1.505757769999999962e-06 1.939999999999999947e+00 2.176902229999999876e-04 1.939999999999999947e+00 1.285546199999999937e-13 1.939999999999999947e+00 4.460381900000000011e-01 1.939999999999999947e+00 9.325545299999999857e-04 1.939999999999999947e+00 8.698534480000000204e-05 1.939999999999999947e+00 9.294911670000000460e-04 1.939999999999999947e+00 9.712609760000000700e-15 1.939999999999999947e+00 4.959290650000000023e-01 1.939999999999999947e+00 5.481049499999999944e-04 1.939999999999999947e+00 1.967279919999999956e-05 1.939999999999999947e+00 4.601442599999999955e-04 1.939999999999999947e+00 1.717585180000000128e-14 1.939999999999999947e+00 5.650809180000000431e-01 1.939999999999999947e+00 2.697043059999999748e-04 1.939999999999999947e+00 4.311883179999999718e-06 1.939999999999999947e+00 2.092105679999999913e-04 1.939999999999999947e+00 3.442456330000000199e-14 1.939999999999999947e+00 5.629528670000000234e-01 1.939999999999999947e+00 1.305373369999999957e-04 1.939999999999999947e+00 1.003790109999999940e-06 1.939999999999999947e+00 9.861331530000000249e-05 1.939999999999999947e+00 6.861287660000000334e-14 1.939999999999999947e+00 5.543652669999999949e-01 1.939999999999999947e+00 6.347102510000000267e-05 1.939999999999999947e+00 2.501468409999999756e-07 1.939999999999999947e+00 4.750055490000000254e-05 1.939999999999999947e+00 1.365492359999999949e-13 1.939999999999999947e+00 5.497633899999999629e-01
1.949999999999999956e+00 1.882553770000000093e-03 1.949999999999999956e+00 1.550156699999999984e-04 1.949999999999999956e+00 2.247304910000000149e-03 1.949999999999999956e+00 6.814400970000000272e-15 1.949999999999999956e+00 4.156317050000000179e-01 1.949999999999999956e+00 1.442916989999999981e-03 1.949999999999999956e+00 4.734804360000000197e-05 1.949999999999999956e+00 1.447170329999999993e-03 1.949999999999999956e+00 1.537003109999999921e-14 1.949999999999999956e+00 5.035520070000000237e-01 1.949999999999999956e+00 9.120713299999999579e-04 1.949999999999999956e+00 1.447274149999999971e-05 1.949999999999999956e+00 8.302504930000000234e-04 1.949999999999999956e+00 3.106816409999999961e-14 1.949999999999999956e+00 4.792176249999999804e-01 1.949999999999999956e+00 5.138417099999999975e-04 1.949999999999999956e+00 5.129872089999999981e-06 1.949999999999999956e+00 4.384317579999999839e-04 1.949999999999999956e+00 6.351106319999999689e-14 1.949999999999999956e+00 4.585417960000000015e-01 1.949999999999999956e+00 2.659030910000000211e-04 1.949999999999999956e+00 1.548454060000000089e-06 1.949999999999999956e+00 2.203429940000000114e-04 1.949999999999999956e+00 1.285597080000000117e-13 1.949999999999999956e+00 4.460381900000000011e-01 1.949999999999999956e+00 9.339982819999999688e-04 1.949999999999999956e+00 8.817008550000000173e-05 1.949999999999999956e+00 9.388239620000000387e-04 1.949999999999999956e+00 9.713021300000000759e-15 1.949999999999999956e+00 4.959290650000000023e-01 1.949999999999999956e+00 5.500827999999999707e-04 1.949999999999999956e+00 2.005057419999999952e-05 1.949999999999999956e+00 4.656352160000000007e-04 1.949999999999999956e+00 1.717671730000000007e-14 1.949999999999999956e+00 5.650809180000000431e-01 1.949999999999999956e+00 2.710860310000000111e-04 1.949999999999999956e+00 4.403501790000000204e-06 1.949999999999999956e+00 2.119145249999999936e-04 1.949999999999999956e+00 3.442614079999999881e-14 1.949999999999999956e+00 5.629528670000000234e-01 1.949999999999999956e+00 1.312890000000000096e-04 1.949999999999999956e+00 1.026263829999999897e-06 1.949999999999999956e+00 9.992244870000000325e-05 1.949999999999999956e+00 6.861669950000000611e-14 1.949999999999999956e+00 5.543652669999999949e-01 1.949999999999999956e+00 6.385225350000000135e-05 1.949999999999999956e+00 2.561013329999999885e-07 1.949999999999999956e+00 4.813717190000000234e-05 1.949999999999999956e+00 1.365581750000000075e-13 1.949999999999999956e+00 5.497633899999999629e-01
1.959999999999999964e+00 1.883429880000000002e-03 1.959999999999999964e+00 1.562764750000000054e-04 1.959999999999999964e+00 2.266134859999999977e-03 1.959999999999999964e+00 6.814609369999999828e-15 1.959999999999999964e+00 4.156317050000000179e-01 1.959999999999999964e+00 1.445085320000000055e-03 1.959999999999999964e+00 4.816220410000000032e-05 1.959999999999999964e+00 1.461610379999999905e-03 1.959999999999999964e+00 1.537099859999999857e-14 1.959999999999999964e+00 5.035520070000000237e-01 1.959999999999999964e+00 9.146641140000000151e-04 1.959999999999999964e+00 1.484508220000000019e-05 1.959999999999999964e+00 8.393842040000000374e-04 1.959999999999999964e+00 3.107018570000000167e-14 1.959999999999999964e+00 4.792176249999999804e-01 1.959999999999999964e+00 5.159130160000000498e-04 1.959999999999999964e+00 5.281137160000000260e-06 1.959999999999999964e+00 4.435805489999999798e-04 1.959999999999999964e+00 6.351414860000000306e-14 1.959999999999999964e+00 4.585417960000000015e-01 1.959999999999999964e+00 2.671481519999999730e-04 1.959999999999999964e+00 1.593042280000000094e-06 1.959999999999999964e+00 2.230082569999999929e-04 1.959999999999999964e+00 1.285647119999999943e-13 1.959999999999999964e+00 4.460381900000000011e-01 1.959999999999999964e+00 9.354056429999999716e-04 1.959999999999999964e+00 8.937011339999999531e-05 1.959999999999999964e+00 9.481710109999999959e-04 1.959999999999999964e+00 9.713420549999999875e-15 1.959999999999999964e+00 4.959290650000000023e-01 1.959999999999999964e+00 5.520396570000000221e-04 1.959999999999999964e+00 2.043553820000000161e-05 1.959999999999999964e+00 4.711458459999999971e-04 1.959999999999999964e+00 1.717755730000000030e-14 1.959999999999999964e+00 5.650809180000000431e-01 1.959999999999999964e+00 2.724609729999999917e-04 1.959999999999999964e+00 4.497162589999999936e-06 1.959999999999999964e+00 2.146322659999999952e-04 1.959999999999999964e+00 3.442766560000000196e-14 1.959999999999999964e+00 5.629528670000000234e-01 1.959999999999999964e+00 1.320385139999999912e-04 1.959999999999999964e+00 1.049300000000000059e-06 1.959999999999999964e+00 1.012390879999999982e-04 1.959999999999999964e+00 6.862040040000000559e-14 1.959999999999999964e+00 5.543652669999999949e-01 1.959999999999999964e+00 6.423269040000000496e-05 1.959999999999999964e+00 2.622248459999999779e-07 1.959999999999999964e+00 4.877759729999999860e-05 1.959999999999999964e+00 1.365668459999999925e-13 1.959999999999999964e+00 5.497633899999999629e-01
1.969999999999999973e+00 1.884265489999999979e-03 1.969999999999999973e+00 1.575512309999999949e-04 1.969999999999999973e+00 2.284973369999999861e-03 1.969999999999999973e+00 6.814810619999999882e-15 1.969999999999999973e+00 4.156317050000000179e-01 1.969999999999999973e+00 1.447201429999999973e-03 1.969999999999999973e+00 4.899219770000000135e-05 1.969999999999999973e+00 1.476071860000000057e-03 1.969999999999999973e+00 1.537195260000000036e-14 1.969999999999999973e+00 5.035520070000000237e-01 1.969999999999999973e+00 9.172159120000000212e-04 1.969999999999999973e+00 1.523073490000000053e-05 1.969999999999999973e+00 8.485436380000000497e-04 1.969999999999999973e+00 3.107219199999999702e-14 1.969999999999999973e+00 4.792176249999999804e-01 1.969999999999999973e+00 5.179632929999999956e-04 1.969999999999999973e+00 5.439143430000000358e-06 1.969999999999999973e+00 4.487499490000000256e-04 1.969999999999999973e+00 6.351719720000000323e-14 1.969999999999999973e+00 4.585417960000000015e-01 1.969999999999999973e+00 2.683847429999999964e-04 1.969999999999999973e+00 1.639649689999999982e-06 1.969999999999999973e+00 2.256859289999999928e-04 1.969999999999999973e+00 1.285696389999999970e-13 1.969999999999999973e+00 4.460381900000000011e-01 1.969999999999999973e+00 9.367767029999999598e-04 1.969999999999999973e+00 9.058575449999999474e-05 1.969999999999999973e+00 9.575319529999999505e-04 1.969999999999999973e+00 9.713807959999999545e-15 1.969999999999999973e+00 4.959290650000000023e-01 1.969999999999999973e+00 5.539754710000000231e-04 1.969999999999999973e+00 2.082789719999999926e-05 1.969999999999999973e+00 4.766759390000000146e-04 1.969999999999999973e+00 1.717837259999999866e-14 1.969999999999999973e+00 5.650809180000000431e-01 1.969999999999999973e+00 2.738290979999999982e-04 1.969999999999999973e+00 4.592935440000000338e-06 1.969999999999999973e+00 2.173637220000000007e-04 1.969999999999999973e+00 3.442913920000000171e-14 1.969999999999999973e+00 5.629528670000000234e-01 1.969999999999999973e+00 1.327858680000000113e-04 1.969999999999999973e+00 1.072920530000000071e-06 1.969999999999999973e+00 1.025632119999999936e-04 1.969999999999999973e+00 6.862398229999999494e-14 1.969999999999999973e+00 5.543652669999999949e-01 1.969999999999999973e+00 6.461233299999999489e-05 1.969999999999999973e+00 2.685247909999999870e-07 1.969999999999999973e+00 4.942182310000000294e-05 1.969999999999999973e+00 1.365752579999999926e-13 1.969999999999999973e+00 5.497633899999999629e-01
1.979999999999999982e+00 1.885060999999999942e-03 1.979999999999999982e+00 1.588402330000000080e-04 1.979999999999999982e+00 2.303820040000000100e-03 1.979999999999999982e+00 6.815005080000000370e-15 1.979999999999999982e+00 4.156317050000000179e-01 1.979999999999999982e+00 1.449265610000000093e-03 1.979999999999999982e+00 4.983845060000000016e-05 1.979999999999999982e+00 1.490554239999999963e-03 1.979999999999999982e+00 1.537289440000000119e-14 1.979999999999999982e+00 5.035520070000000237e-01 1.979999999999999982e+00 9.197264049999999500e-04 1.979999999999999982e+00 1.563036320000000065e-05 1.979999999999999982e+00 8.577283839999999679e-04 1.979999999999999982e+00 3.107418550000000098e-14 1.979999999999999982e+00 4.792176249999999804e-01 1.979999999999999982e+00 5.199921720000000086e-04 1.979999999999999982e+00 5.604328529999999801e-06 1.979999999999999982e+00 4.539397440000000005e-04 1.979999999999999982e+00 6.352021320000000296e-14 1.979999999999999982e+00 4.585417960000000015e-01 1.979999999999999982e+00 2.696127310000000265e-04 1.979999999999999982e+00 1.688414850000000086e-06 1.979999999999999982e+00 2.283759230000000063e-04 1.979999999999999982e+00 1.285744980000000120e-13 1.979999999999999982e+00 4.460381900000000011e-01 1.979999999999999982e+00 9.381115410000000513e-04 1.979999999999999982e+00 9.181734659999999466e-05 1.979999999999999982e+00 9.669064250000000520e-04 1.979999999999999982e+00 9.714183929999999697e-15 1.979999999999999982e+00 4.959290650000000023e-01 1.979999999999999982e+00 5.558901839999999886e-04 1.979999999999999982e+00 2.122786649999999884e-05 1.979999999999999982e+00 4.822252850000000252e-04 1.979999999999999982e+00 1.717916390000000134e-14 1.979999999999999982e+00 5.650809180000000431e-01 1.979999999999999982e+00 2.751903639999999816e-04 1.979999999999999982e+00 4.690893970000000206e-06 1.979999999999999982e+00 2.201088250000000110e-04 1.979999999999999982e+00 3.443056279999999784e-14 1.979999999999999982e+00 5.629528670000000234e-01 1.979999999999999982e+00 1.335310510000000056e-04 1.979999999999999982e+00 1.097148649999999921e-06 1.979999999999999982e+00 1.038947980000000013e-04 1.979999999999999982e+00 6.862744799999999891e-14 1.979999999999999982e+00 5.543652669999999949e-01 1.979999999999999982e+00 6.499117820000000520e-05 1.979999999999999982e+00 2.750090379999999768e-07 1.979999999999999982e+00 5.006984129999999991e-05 1.979999999999999982e+00 1.365834139999999883e-13 1.979999999999999982e+00 5.497633899999999629e-01
1.989999999999999991e+00 1.885816790000000107e-03 1.989999999999999991e+00 1.601437880000000104e-04 1.989999999999999991e+00 2.322674460000000163e-03 1.989999999999999991e+00 6.815193069999999656e-15 1.989999999999999991e+00 4.156317050000000179e-01 1.989999999999999991e+00 1.451278100000000107e-03 1.989999999999999991e+00 5.070140329999999845e-05 1.989999999999999991e+00 1.505056999999999966e-03 1.989999999999999991e+00 1.537382480000000092e-14 1.989999999999999991e+00 5.035520070000000237e-01 1.989999999999999991e+00 9.221952459999999954e-04 1.989999999999999991e+00 1.604467130000000123e-05 1.989999999999999991e+00 8.669380270000000407e-04 1.989999999999999991e+00 3.107616889999999730e-14 1.989999999999999991e+00 4.792176249999999804e-01 1.989999999999999991e+00 5.219992479999999721e-04 1.989999999999999991e+00 5.777166479999999886e-06 1.989999999999999991e+00 4.591497190000000048e-04 1.989999999999999991e+00 6.352320079999999519e-14 1.989999999999999991e+00 4.585417960000000015e-01 1.989999999999999991e+00 2.708319729999999841e-04 1.989999999999999991e+00 1.739488889999999965e-06 1.989999999999999991e+00 2.310781539999999935e-04 1.989999999999999991e+00 1.285792950000000004e-13 1.989999999999999991e+00 4.460381900000000011e-01 1.989999999999999991e+00 9.394102209999999906e-04 1.989999999999999991e+00 9.306523960000000098e-05 1.989999999999999991e+00 9.762940640000000161e-04 1.989999999999999991e+00 9.714548910000000250e-15 1.989999999999999991e+00 4.959290650000000023e-01 1.989999999999999991e+00 5.577837279999999735e-04 1.989999999999999991e+00 2.163567200000000030e-05 1.989999999999999991e+00 4.877936720000000084e-04 1.989999999999999991e+00 1.717993199999999874e-14 1.989999999999999991e+00 5.650809180000000431e-01 1.989999999999999991e+00 2.765447290000000013e-04 1.989999999999999991e+00 4.791115910000000076e-06 1.989999999999999991e+00 2.228675060000000034e-04 1.989999999999999991e+00 3.443193789999999954e-14 1.989999999999999991e+00 5.629528670000000234e-01 1.989999999999999991e+00 1.342740470000000109e-04 1.989999999999999991e+00 1.122008940000000046e-06 1.989999999999999991e+00 1.052338260000000065e-04 1.989999999999999991e+00 6.863080030000000436e-14 1.989999999999999991e+00 5.543652669999999949e-01 1.989999999999999991e+00 6.536922240000000420e-05 1.989999999999999991e+00 2.816859479999999952e-07 1.989999999999999991e+00 5.072164399999999938e-05 1.989999999999999991e+00 1.365913220000000034e-13 1.989999999999999991e+00 5.497633899999999629e-01
2.000000000000000000e+00 1.886533219999999905e-03 2.000000000000000000e+00 1.614622039999999913e-04 2.000000000000000000e+00 2.341536239999999873e-03 2.000000000000000000e+00 6.815374940000000045e-15 2.000000000000000000e+00 4.156317050000000179e-01 2.000000000000000000e+00 1.453239179999999981e-03 2.000000000000000000e+00 5.158151080000000094e-05 2.000000000000000000e+00 1.519579629999999936e-03 2.000000000000000000e+00 1.537474509999999931e-14 2.000000000000000000e+00 5.035520070000000237e-01 2.000000000000000000e+00 9.246220499999999610e-04 2.000000000000000000e+00 1.647440729999999999e-05 2.000000000000000000e+00 8.761721489999999869e-04 2.000000000000000000e+00 3.107814459999999815e-14 2.000000000000000000e+00 4.792176249999999804e-01 2.000000000000000000e+00 5.239840820000000142e-04 2.000000000000000000e+00 5.958171320000000125e-06 2.000000000000000000e+00 4.643796549999999919e-04 2.000000000000000000e+00 6.352616440000000435e-14 2.000000000000000000e+00 4.585417960000000015e-01 2.000000000000000000e+00 2.720423130000000048e-04 2.000000000000000000e+00 1.793036890000000015e-06 2.000000000000000000e+00 2.337925330000000120e-04 2.000000000000000000e+00 1.285840390000000045e-13 2.000000000000000000e+00 4.460381900000000011e-01 2.000000000000000000e+00 9.406727969999999954e-04 2.000000000000000000e+00 9.432979660000000480e-05 2.000000000000000000e+00 9.856945089999999843e-04 2.000000000000000000e+00 9.714903329999999548e-15 2.000000000000000000e+00 4.959290650000000023e-01 2.000000000000000000e+00 5.596560249999999641e-04 2.000000000000000000e+00 2.205155020000000053e-05 2.000000000000000000e+00 4.933808889999999944e-04 2.000000000000000000e+00 1.718067770000000017e-14 2.000000000000000000e+00 5.650809180000000431e-01 2.000000000000000000e+00 2.778921459999999740e-04 2.000000000000000000e+00 4.893683319999999891e-06 2.000000000000000000e+00 2.256396960000000098e-04 2.000000000000000000e+00 3.443326590000000026e-14 2.000000000000000000e+00 5.629528670000000234e-01 2.000000000000000000e+00 1.350148429999999979e-04 2.000000000000000000e+00 1.147527479999999970e-06 2.000000000000000000e+00 1.065802719999999967e-04 2.000000000000000000e+00 6.863404220000000444e-14 2.000000000000000000e+00 5.543652669999999949e-01 2.000000000000000000e+00 6.574646130000000636e-05 2.000000000000000000e+00 2.885644170000000195e-07 2.000000000000000000e+00 5.137722310000000119e-05 2.000000000000000000e+00 1.365989870000000055e-13 2.000000000000000000e+00 5.497633899999999629e-01
2.009999999999999787e+00 1.887210660000000024e-03 2.009999999999999787e+00 1.627957990000000082e-04 2.009999999999999787e+00 2.360404989999999922e-03 2.009999999999999787e+00 6.815551019999999897e-15 2.009999999999999787e+00 4.156317050000000179e-01 2.009999999999999787e+00 1.455149059999999960e-03 2.009999999999999787e+00 5.247924309999999983e-05 2.009999999999999787e+00 1.534121610000000000e-03 2.009999999999999787e+00 1.537565629999999934e-14 2.009999999999999787e+00 5.035520070000000237e-01 2.009999999999999787e+00 9.270063960000000111e-04 2.009999999999999787e+00 1.692036640000000160e-05 2.009999999999999787e+00 8.854303269999999788e-04 2.009999999999999787e+00 3.108011549999999987e-14 2.009999999999999787e+00 4.792176249999999804e-01 2.009999999999999787e+00 5.259461929999999967e-04 2.009999999999999787e+00 6.147901079999999723e-06 2.009999999999999787e+00 4.696293250000000015e-04 2.009999999999999787e+00 6.352910840000000443e-14 2.009999999999999787e+00 4.585417960000000015e-01 2.009999999999999787e+00 2.732435770000000248e-04 2.009999999999999787e+00 1.849239470000000044e-06 2.009999999999999787e+00 2.365189699999999877e-04 2.009999999999999787e+00 1.285887379999999979e-13 2.009999999999999787e+00 4.460381900000000011e-01 2.009999999999999787e+00 9.418993080000000184e-04 2.009999999999999787e+00 9.561139430000000254e-05 2.009999999999999787e+00 9.951073989999999897e-04 2.009999999999999787e+00 9.715247600000000674e-15 2.009999999999999787e+00 4.959290650000000023e-01 2.009999999999999787e+00 5.615069849999999949e-04 2.009999999999999787e+00 2.247574939999999943e-05 2.009999999999999787e+00 4.989867220000000249e-04 2.009999999999999787e+00 1.718140179999999917e-14 2.009999999999999787e+00 5.650809180000000431e-01 2.009999999999999787e+00 2.792325620000000032e-04 2.009999999999999787e+00 4.998682950000000296e-06 2.009999999999999787e+00 2.284253250000000117e-04 2.009999999999999787e+00 3.443454830000000288e-14 2.009999999999999787e+00 5.629528670000000234e-01 2.009999999999999787e+00 1.357534220000000073e-04 2.009999999999999787e+00 1.173731949999999942e-06 2.009999999999999787e+00 1.079341150000000016e-04 2.009999999999999787e+00 6.863717630000000500e-14 2.009999999999999787e+00 5.543652669999999949e-01 2.009999999999999787e+00 6.612289029999999753e-05 2.009999999999999787e+00 2.956539119999999802e-07 2.009999999999999787e+00 5.203657049999999842e-05 2.009999999999999787e+00 1.366064159999999996e-13 2.009999999999999787e+00 5.497633899999999629e-01
2.020000000000000018e+00 1.887849449999999974e-03 2.020000000000000018e+00 1.641448949999999940e-04 2.020000000000000018e+00 2.379280320000000132e-03 2.020000000000000018e+00 6.815721649999999942e-15 2.020000000000000018e+00 4.156317050000000179e-01 2.020000000000000018e+00 1.457007960000000031e-03 2.020000000000000018e+00 5.339508630000000300e-05 2.020000000000000018e+00 1.548682439999999987e-03 2.020000000000000018e+00 1.537655960000000079e-14 2.020000000000000018e+00 5.035520070000000237e-01 2.020000000000000018e+00 9.293478230000000364e-04 2.020000000000000018e+00 1.738339389999999892e-05 2.020000000000000018e+00 8.947121339999999879e-04 2.020000000000000018e+00 3.108208420000000199e-14 2.020000000000000018e+00 4.792176249999999804e-01 2.020000000000000018e+00 5.278850549999999616e-04 2.020000000000000018e+00 6.346962270000000106e-06 2.020000000000000018e+00 4.748985010000000232e-04 2.020000000000000018e+00 6.353203730000000406e-14 2.020000000000000018e+00 4.585417960000000015e-01 2.020000000000000018e+00 2.744355779999999782e-04 2.020000000000000018e+00 1.908294560000000180e-06 2.020000000000000018e+00 2.392573740000000131e-04 2.020000000000000018e+00 1.285933990000000107e-13 2.020000000000000018e+00 4.460381900000000011e-01 2.020000000000000018e+00 9.430897789999999597e-04 2.020000000000000018e+00 9.691042359999999889e-05 2.020000000000000018e+00 1.004532370000000077e-03 2.020000000000000018e+00 9.715582180000000390e-15 2.020000000000000018e+00 4.959290650000000023e-01 2.020000000000000018e+00 5.633365100000000238e-04 2.020000000000000018e+00 2.290853000000000138e-05 2.020000000000000018e+00 5.046109570000000336e-04 2.020000000000000018e+00 1.718210489999999880e-14 2.020000000000000018e+00 5.650809180000000431e-01 2.020000000000000018e+00 2.805659219999999832e-04 2.020000000000000018e+00 5.106206599999999718e-06 2.020000000000000018e+00 2.312243239999999867e-04 2.020000000000000018e+00 3.443578639999999770e-14 2.020000000000000018e+00 5.629528670000000234e-01 2.020000000000000018e+00 1.364897669999999986e-04 2.020000000000000018e+00 1.200651779999999993e-06 2.020000000000000018e+00 1.092953330000000006e-04 2.020000000000000018e+00 6.864020559999999918e-14 2.020000000000000018e+00 5.543652669999999949e-01 2.020000000000000018e+00 6.649850409999999619e-05 2.020000000000000018e+00 3.029645169999999818e-07 2.020000000000000018e+00 5.269967820000000269e-05 2.020000000000000018e+00 1.366136140000000037e-13 2.020000000000000018e+00 5.497633899999999629e-01
2.029999999999999805e+00 1.888449919999999954e-03 2.029999999999999805e+00 1.655098230000000086e-04 2.029999999999999805e+00 2.398161849999999855e-03 2.029999999999999805e+00 6.815887170000000119e-15 2.029999999999999805e+00 4.156317050000000179e-01 2.029999999999999805e+00 1.458816080000000046e-03 2.029999999999999805e+00 5.432954229999999851e-05 2.029999999999999805e+00 1.563261600000000022e-03 2.029999999999999805e+00 1.537745610000000031e-14 2.029999999999999805e+00 5.035520070000000237e-01 2.029999999999999805e+00 9.316458269999999906e-04 2.029999999999999805e+00 1.786438900000000119e-05 2.029999999999999805e+00 9.040171390000000017e-04 2.029999999999999805e+00 3.108405360000000083e-14 2.029999999999999805e+00 4.792176249999999804e-01 2.029999999999999805e+00 5.298000950000000299e-04 2.029999999999999805e+00 6.556014820000000392e-06 2.029999999999999805e+00 4.801869470000000241e-04 2.029999999999999805e+00 6.353495569999999612e-14 2.029999999999999805e+00 4.585417960000000015e-01 2.029999999999999805e+00 2.756181089999999874e-04 2.029999999999999805e+00 1.970419430000000193e-06 2.029999999999999805e+00 2.420076500000000071e-04 2.029999999999999805e+00 1.285980310000000097e-13 2.029999999999999805e+00 4.460381900000000011e-01 2.029999999999999805e+00 9.442442209999999921e-04 2.029999999999999805e+00 9.822729090000000441e-05 2.029999999999999805e+00 1.013969069999999919e-03 2.029999999999999805e+00 9.715907500000000194e-15 2.029999999999999805e+00 4.959290650000000023e-01 2.029999999999999805e+00 5.651444879999999562e-04 2.029999999999999805e+00 2.335016570000000101e-05 2.029999999999999805e+00 5.102533800000000081e-04 2.029999999999999805e+00 1.718278789999999890e-14 2.029999999999999805e+00 5.650809180000000431e-01 2.029999999999999805e+00 2.818921639999999993e-04 2.029999999999999805e+00 5.216351479999999903e-06 2.029999999999999805e+00 2.340366200000000097e-04 2.029999999999999805e+00 3.443698150000000025e-14 2.029999999999999805e+00 5.629528670000000234e-01 2.029999999999999805e+00 1.372238560000000056e-04 2.029999999999999805e+00 1.228318219999999979e-06 2.029999999999999805e+00 1.106639030000000043e-04 2.029999999999999805e+00 6.864313289999999910e-14 2.029999999999999805e+00 5.543652669999999949e-01 2.029999999999999805e+00 6.687329689999999569e-05 2.029999999999999805e+00 3.105069809999999996e-07 2.029999999999999805e+00 5.336653789999999702e-05 2.029999999999999805e+00 1.366205870000000041e-13 2.029999999999999805e+00 5.497633899999999629e-01
2.040000000000000036e+00 1.889012399999999946e-03 2.040000000000000036e+00 1.668909179999999873e-04 2.040000000000000036e+00 2.417049200000000175e-03 2.040000000000000036e+00 6.816047920000000365e-15 2.040000000000000036e+00 4.156317050000000179e-01 2.040000000000000036e+00 1.460573609999999897e-03 2.040000000000000036e+00 5.528313049999999940e-05 2.040000000000000036e+00 1.577858589999999936e-03 2.040000000000000036e+00 1.537834710000000082e-14 2.040000000000000036e+00 5.035520070000000237e-01 2.040000000000000036e+00 9.338998590000000075e-04 2.040000000000000036e+00 1.836430880000000109e-05 2.040000000000000036e+00 9.133449040000000355e-04 2.040000000000000036e+00 3.108602650000000219e-14 2.040000000000000036e+00 4.792176249999999804e-01 2.040000000000000036e+00 5.316906840000000046e-04 2.040000000000000036e+00 6.775777610000000299e-06 2.040000000000000036e+00 4.854944219999999915e-04 2.040000000000000036e+00 6.353786829999999554e-14 2.040000000000000036e+00 4.585417960000000015e-01 2.040000000000000036e+00 2.767909399999999957e-04 2.040000000000000036e+00 2.035853000000000039e-06 2.040000000000000036e+00 2.447697039999999929e-04 2.040000000000000036e+00 1.286026419999999937e-13 2.040000000000000036e+00 4.460381900000000011e-01 2.040000000000000036e+00 9.453626330000000112e-04 2.040000000000000036e+00 9.956241830000000484e-05 2.040000000000000036e+00 1.023417140000000081e-03 2.040000000000000036e+00 9.716223990000000011e-15 2.040000000000000036e+00 4.959290650000000023e-01 2.040000000000000036e+00 5.669307949999999622e-04 2.040000000000000036e+00 2.380094429999999960e-05 2.040000000000000036e+00 5.159137750000000527e-04 2.040000000000000036e+00 1.718345149999999933e-14 2.040000000000000036e+00 5.650809180000000431e-01 2.040000000000000036e+00 2.832112209999999939e-04 2.040000000000000036e+00 5.329220620000000414e-06 2.040000000000000036e+00 2.368621430000000078e-04 2.040000000000000036e+00 3.443813519999999764e-14 2.040000000000000036e+00 5.629528670000000234e-01 2.040000000000000036e+00 1.379556689999999997e-04 2.040000000000000036e+00 1.256764549999999920e-06 2.040000000000000036e+00 1.120398019999999963e-04 2.040000000000000036e+00 6.864596079999999799e-14 2.040000000000000036e+00 5.543652669999999949e-01 2.040000000000000036e+00 6.724726219999999490e-05 2.040000000000000036e+00 3.182927720000000234e-07 2.040000000000000036e+00 5.403714140000000335e-05 2.040000000000000036e+00 1.366273399999999937e-13 2.040000000000000036e+00 5.497633899999999629e-01
2.049999999999999822e+00 1.889537180000000092e-03 2.049999999999999822e+00 1.682885249999999881e-04 2.049999999999999822e+00 2.435941980000000048e-03 2.049999999999999822e+00 6.816204229999999833e-15 2.049999999999999822e+00 4.156317050000000179e-01 2.049999999999999822e+00 1.462280710000000029e-03 2.049999999999999822e+00 5.625638750000000145e-05 2.049999999999999822e+00 1.592472909999999992e-03 2.049999999999999822e+00 1.537923359999999899e-14 2.049999999999999822e+00 5.035520070000000237e-01 2.049999999999999822e+00 9.361093219999999790e-04 2.049999999999999822e+00 1.888417229999999944e-05 2.049999999999999822e+00 9.226949870000000125e-04 2.049999999999999822e+00 3.108800589999999923e-14 2.049999999999999822e+00 4.792176249999999804e-01 2.049999999999999822e+00 5.335561350000000286e-04 2.049999999999999822e+00 7.007034619999999797e-06 2.049999999999999822e+00 4.908206769999999986e-04 2.049999999999999822e+00 6.354077980000000462e-14 2.049999999999999822e+00 4.585417960000000015e-01 2.049999999999999822e+00 2.779538220000000222e-04 2.049999999999999822e+00 2.104858460000000041e-06 2.049999999999999822e+00 2.475434360000000177e-04 2.049999999999999822e+00 1.286072410000000050e-13 2.049999999999999822e+00 4.460381900000000011e-01 2.049999999999999822e+00 9.464449949999999886e-04 2.049999999999999822e+00 1.009162450000000044e-04 2.049999999999999822e+00 1.032876210000000091e-03 2.049999999999999822e+00 9.716532109999999757e-15 2.049999999999999822e+00 4.959290650000000023e-01 2.049999999999999822e+00 5.686952940000000473e-04 2.049999999999999822e+00 2.426116870000000114e-05 2.049999999999999822e+00 5.215919229999999582e-04 2.049999999999999822e+00 1.718409649999999995e-14 2.049999999999999822e+00 5.650809180000000431e-01 2.049999999999999822e+00 2.845230199999999876e-04 2.049999999999999822e+00 5.444923329999999879e-06 2.049999999999999822e+00 2.397008200000000019e-04 2.049999999999999822e+00 3.443924879999999910e-14 2.049999999999999822e+00 5.629528670000000234e-01 2.049999999999999822e+00 1.386851829999999916e-04 2.049999999999999822e+00 1.286026220000000087e-06 2.049999999999999822e+00 1.134230090000000062e-04 2.049999999999999822e+00 6.864869220000000478e-14 2.049999999999999822e+00 5.543652669999999949e-01 2.049999999999999822e+00 6.762039249999999668e-05 2.049999999999999822e+00 3.263341350000000024e-07 2.049999999999999822e+00 5.471148029999999967e-05 2.049999999999999822e+00 1.366338809999999961e-13 2.049999999999999822e+00 5.497633899999999629e-01
2.060000000000000053e+00 1.890024570000000022e-03 2.060000000000000053e+00 1.697029939999999948e-04 2.060000000000000053e+00 2.454839820000000086e-03 2.060000000000000053e+00 6.816356450000000037e-15 2.060000000000000053e+00 4.156317050000000179e-01 2.060000000000000053e+00 1.463937530000000058e-03 2.060000000000000053e+00 5.724986809999999958e-05 2.060000000000000053e+00 1.607104040000000098e-03 2.060000000000000053e+00 1.538011690000000089e-14 2.060000000000000053e+00 5.035520070000000237e-01 2.060000000000000053e+00 9.382735670000000045e-04 2.060000000000000053e+00 1.942506490000000074e-05 2.060000000000000053e+00 9.320669399999999879e-04 2.060000000000000053e+00 3.108999479999999771e-14 2.060000000000000053e+00 4.792176249999999804e-01 2.060000000000000053e+00 5.353956929999999746e-04 2.060000000000000053e+00 7.250641780000000025e-06 2.060000000000000053e+00 4.961654580000000305e-04 2.060000000000000053e+00 6.354369530000000036e-14 2.060000000000000053e+00 4.585417960000000015e-01 2.060000000000000053e+00 2.791064749999999932e-04 2.060000000000000053e+00 2.177726239999999813e-06 2.060000000000000053e+00 2.503287460000000204e-04 2.060000000000000053e+00 1.286118359999999918e-13 2.060000000000000053e+00 4.460381900000000011e-01 2.060000000000000053e+00 9.474912750000000520e-04 2.060000000000000053e+00 1.022892280000000064e-04 2.060000000000000053e+00 1.042345920000000087e-03 2.060000000000000053e+00 9.716832299999999353e-15 2.060000000000000053e+00 4.959290650000000023e-01 2.060000000000000053e+00 5.704378350000000519e-04 2.060000000000000053e+00 2.473115749999999836e-05 2.060000000000000053e+00 5.272876070000000496e-04 2.060000000000000053e+00 1.718472380000000061e-14 2.060000000000000053e+00 5.650809180000000431e-01 2.060000000000000053e+00 2.858274830000000211e-04 2.060000000000000053e+00 5.563575709999999744e-06 2.060000000000000053e+00 2.425525790000000086e-04 2.060000000000000053e+00 3.444032369999999806e-14 2.060000000000000053e+00 5.629528670000000234e-01 2.060000000000000053e+00 1.394123700000000118e-04 2.060000000000000053e+00 1.316141000000000059e-06 2.060000000000000053e+00 1.148134980000000023e-04 2.060000000000000053e+00 6.865132979999999691e-14 2.060000000000000053e+00 5.543652669999999949e-01 2.060000000000000053e+00 6.799268009999999386e-05 2.060000000000000053e+00 3.346441540000000180e-07 2.060000000000000053e+00 5.538954640000000112e-05 2.060000000000000053e+00 1.366402129999999921e-13 2.060000000000000053e+00 5.497633899999999629e-01
2.069999999999999840e+00 1.890474849999999917e-03 2.069999999999999840e+00 1.711346840000000096e-04 2.069999999999999840e+00 2.473742340000000071e-03 2.069999999999999840e+00 6.816504910000000129e-15 2.069999999999999840e+00 4.156317050000000179e-01 2.069999999999999840e+00 1.465544199999999899e-03 2.069999999999999840e+00 5.826414619999999910e-05 2.069999999999999840e+00 1.621751490000000046e-03 2.069999999999999840e+00 1.538099819999999999e-14 2.069999999999999840e+00 5.035520070000000237e-01 2.069999999999999840e+00 9.403918879999999779e-04 2.069999999999999840e+00 1.998814339999999999e-05 2.069999999999999840e+00 9.414603060000000532e-04 2.069999999999999840e+00 3.109199639999999706e-14 2.069999999999999840e+00 4.792176249999999804e-01 2.069999999999999840e+00 5.372085349999999870e-04 2.069999999999999840e+00 7.507534590000000021e-06 2.069999999999999840e+00 5.015285020000000539e-04 2.069999999999999840e+00 6.354661970000000396e-14 2.069999999999999840e+00 4.585417960000000015e-01 2.069999999999999840e+00 2.802485929999999929e-04 2.069999999999999840e+00 2.254777400000000175e-06 2.069999999999999840e+00 2.531255299999999827e-04 2.069999999999999840e+00 1.286164369999999902e-13 2.069999999999999840e+00 4.460381900000000011e-01 2.069999999999999840e+00 9.485014219999999717e-04 2.069999999999999840e+00 1.036818430000000050e-04 2.069999999999999840e+00 1.051825909999999989e-03 2.069999999999999840e+00 9.717125010000000296e-15 2.069999999999999840e+00 4.959290650000000023e-01 2.069999999999999840e+00 5.721582519999999887e-04 2.069999999999999840e+00 2.521124690000000042e-05 2.069999999999999840e+00 5.330006060000000174e-04 2.069999999999999840e+00 1.718533400000000119e-14 2.069999999999999840e+00 5.650809180000000431e-01 2.069999999999999840e+00 2.871245240000000042e-04 2.069999999999999840e+00 5.685301149999999739e-06 2.069999999999999840e+00 2.454173449999999751e-04 2.069999999999999840e+00 3.444136139999999740e-14 2.069999999999999840e+00 5.629528670000000234e-01 2.069999999999999840e+00 1.401372040000000015e-04 2.069999999999999840e+00 1.347149230000000055e-06 2.069999999999999840e+00 1.162112480000000009e-04 2.069999999999999840e+00 6.865387639999999912e-14 2.069999999999999840e+00 5.543652669999999949e-01 2.069999999999999840e+00 6.836411590000000382e-05 2.069999999999999840e+00 3.432368189999999969e-07 2.069999999999999840e+00 5.607133110000000277e-05 2.069999999999999840e+00 1.366463430000000118e-13 2.069999999999999840e+00 5.497633899999999629e-01
2.080000000000000071e+00 1.890888289999999999e-03 2.080000000000000071e+00 1.725839589999999873e-04 2.080000000000000071e+00 2.492649190000000101e-03 2.080000000000000071e+00 6.816649950000000049e-15 2.080000000000000071e+00 4.156317050000000179e-01 2.080000000000000071e+00 1.467100839999999941e-03 2.080000000000000071e+00 5.929981520000000194e-05 2.080000000000000071e+00 1.636414760000000097e-03 2.080000000000000071e+00 1.538187889999999920e-14 2.080000000000000071e+00 5.035520070000000237e-01 2.080000000000000071e+00 9.424635240000000126e-04 2.080000000000000071e+00 2.057464099999999999e-05 2.080000000000000071e+00 9.508746219999999983e-04 2.080000000000000071e+00 3.109401379999999987e-14 2.080000000000000071e+00 4.792176249999999804e-01 2.080000000000000071e+00 5.389937520000000117e-04 2.080000000000000071e+00 7.778736649999999493e-06 2.080000000000000071e+00 5.069095369999999630e-04 2.080000000000000071e+00 6.354955820000000187e-14 2.080000000000000071e+00 4.585417960000000015e-01 2.080000000000000071e+00 2.813798349999999744e-04 2.080000000000000071e+00 2.336367540000000185e-06 2.080000000000000071e+00 2.559336820000000031e-04 2.080000000000000071e+00 1.286210519999999986e-13 2.080000000000000071e+00 4.460381900000000011e-01 2.080000000000000071e+00 9.494753710000000072e-04 2.080000000000000071e+00 1.050945859999999967e-04 2.080000000000000071e+00 1.061315829999999894e-03 2.080000000000000071e+00 9.717410709999999345e-15 2.080000000000000071e+00 4.959290650000000023e-01 2.080000000000000071e+00 5.738563630000000429e-04 2.080000000000000071e+00 2.570179120000000040e-05 2.080000000000000071e+00 5.387306979999999896e-04 2.080000000000000071e+00 1.718592790000000155e-14 2.080000000000000071e+00 5.650809180000000431e-01 2.080000000000000071e+00 2.884140509999999795e-04 2.080000000000000071e+00 5.810230930000000047e-06 2.080000000000000071e+00 2.482950449999999764e-04 2.080000000000000071e+00 3.444236309999999691e-14 2.080000000000000071e+00 5.629528670000000234e-01 2.080000000000000071e+00 1.408596530000000074e-04 2.080000000000000071e+00 1.379093949999999925e-06 2.080000000000000071e+00 1.176162339999999934e-04 2.080000000000000071e+00 6.865633470000000144e-14 2.080000000000000071e+00 5.543652669999999949e-01 2.080000000000000071e+00 6.873469039999999676e-05 2.080000000000000071e+00 3.521271049999999976e-07 2.080000000000000071e+00 5.675682579999999968e-05 2.080000000000000071e+00 1.366522769999999910e-13 2.080000000000000071e+00 5.497633899999999629e-01
2.089999999999999858e+00 1.891265139999999921e-03 2.089999999999999858e+00 1.740511940000000017e-04 2.089999999999999858e+00 2.511559989999999961e-03 2.089999999999999858e+00 6.816791929999999730e-15 2.089999999999999858e+00 4.156317050000000179e-01 2.089999999999999858e+00 1.468607540000000039e-03 2.089999999999999858e+00 6.035748879999999940e-05 2.089999999999999858e+00 1.651093339999999904e-03 2.089999999999999858e+00 1.538276020000000146e-14 2.089999999999999858e+00 5.035520070000000237e-01 2.089999999999999858e+00 9.444876459999999516e-04 2.089999999999999858e+00 2.118587290000000111e-05 2.089999999999999858e+00 9.603094179999999667e-04 2.089999999999999858e+00 3.109605039999999923e-14 2.089999999999999858e+00 4.792176249999999804e-01 2.089999999999999858e+00 5.407503529999999970e-04 2.089999999999999858e+00 8.065369069999999714e-06 2.089999999999999858e+00 5.123082810000000173e-04 2.089999999999999858e+00 6.355251610000000259e-14 2.089999999999999858e+00 4.585417960000000015e-01 2.089999999999999858e+00 2.824998249999999766e-04 2.089999999999999858e+00 2.422891229999999868e-06 2.089999999999999858e+00 2.587530889999999908e-04 2.089999999999999858e+00 1.286256910000000028e-13 2.089999999999999858e+00 4.460381900000000011e-01 2.089999999999999858e+00 9.504130359999999602e-04 2.089999999999999858e+00 1.065279740000000028e-04 2.089999999999999858e+00 1.070815300000000020e-03 2.089999999999999858e+00 9.717689849999999575e-15 2.089999999999999858e+00 4.959290650000000023e-01 2.089999999999999858e+00 5.755319720000000219e-04 2.089999999999999858e+00 2.620316429999999978e-05 2.089999999999999858e+00 5.444776589999999940e-04 2.089999999999999858e+00 1.718650640000000152e-14 2.089999999999999858e+00 5.650809180000000431e-01 2.089999999999999858e+00 2.896959640000000211e-04 2.089999999999999858e+00 5.938504860000000244e-06 2.089999999999999858e+00 2.511856009999999988e-04 2.089999999999999858e+00 3.444333040000000262e-14 2.089999999999999858e+00 5.629528670000000234e-01 2.089999999999999858e+00 1.415796839999999986e-04 2.089999999999999858e+00 1.412021200000000026e-06 2.089999999999999858e+00 1.190284330000000040e-04 2.089999999999999858e+00 6.865870750000000338e-14 2.089999999999999858e+00 5.543652669999999949e-01 2.089999999999999858e+00 6.910439260000000308e-05 2.089999999999999858e+00 3.613310500000000173e-07 2.089999999999999858e+00 5.744602199999999871e-05 2.089999999999999858e+00 1.366580199999999983e-13 2.089999999999999858e+00 5.497633899999999629e-01
2.100000000000000089e+00 1.891605669999999904e-03 2.100000000000000089e+00 1.755367699999999941e-04 2.100000000000000089e+00 2.530474369999999827e-03 2.100000000000000089e+00 6.816931199999999899e-15 2.100000000000000089e+00 4.156317050000000179e-01 2.100000000000000089e+00 1.470064380000000092e-03 2.100000000000000089e+00 6.143780179999999876e-05 2.100000000000000089e+00 1.665786739999999908e-03 2.100000000000000089e+00 1.538364350000000020e-14 2.100000000000000089e+00 5.035520070000000237e-01 2.100000000000000089e+00 9.464633629999999942e-04 2.100000000000000089e+00 2.182324239999999934e-05 2.100000000000000089e+00 9.697642130000000372e-04 2.100000000000000089e+00 3.109810949999999770e-14 2.100000000000000089e+00 4.792176249999999804e-01 2.100000000000000089e+00 5.424772429999999814e-04 2.100000000000000089e+00 8.368661019999999652e-06 2.100000000000000089e+00 5.177244449999999620e-04 2.100000000000000089e+00 6.355549889999999568e-14 2.100000000000000089e+00 4.585417960000000015e-01 2.100000000000000089e+00 2.836081400000000090e-04 2.100000000000000089e+00 2.514787110000000086e-06 2.100000000000000089e+00 2.615836390000000141e-04 2.100000000000000089e+00 1.286303639999999882e-13 2.100000000000000089e+00 4.460381900000000011e-01 2.100000000000000089e+00 9.513143180000000095e-04 2.100000000000000089e+00 1.079825450000000014e-04 2.100000000000000089e+00 1.080323970000000031e-03 2.100000000000000089e+00 9.717962909999999323e-15 2.100000000000000089e+00 4.959290650000000023e-01 2.100000000000000089e+00 5.771848640000000258e-04 2.100000000000000089e+00 2.671576150000000061e-05 2.100000000000000089e+00 5.502412619999999619e-04 2.100000000000000089e+00 1.718707030000000097e-14 2.100000000000000089e+00 5.650809180000000431e-01 2.100000000000000089e+00 2.909701540000000225e-04 2.100000000000000089e+00 6.070271979999999718e-06 2.100000000000000089e+00 2.540889380000000168e-04 2.100000000000000089e+00 3.444426459999999851e-14 2.100000000000000089e+00 5.629528670000000234e-01 2.100000000000000089e+00 1.422972610000000106e-04 2.100000000000000089e+00 1.445980220000000039e-06 2.100000000000000089e+00 1.204478199999999970e-04 2.100000000000000089e+00 6.866099749999999498e-14 2.100000000000000089e+00 5.543652669999999949e-01 2.100000000000000089e+00 6.947321100000000097e-05 2.100000000000000089e+00 3.708658470000000079e-07 2.100000000000000089e+00 5.813891070000000194e-05 2.100000000000000089e+00 1.366635789999999883e-13 2.100000000000000089e+00 5.497633899999999629e-01
2.109999999999999876e+00 1.891910099999999937e-03 2.109999999999999876e+00 1.770410770000000052e-04 2.109999999999999876e+00 2.549391979999999797e-03 2.109999999999999876e+00 6.817068099999999706e-15 2.109999999999999876e+00 4.156317050000000179e-01 2.109999999999999876e+00 1.471471430000000037e-03 2.109999999999999876e+00 6.254141109999999894e-05 2.109999999999999876e+00 1.680494459999999938e-03 2.109999999999999876e+00 1.538453020000000148e-14 2.109999999999999876e+00 5.035520070000000237e-01 2.109999999999999876e+00 9.483897060000000007e-04 2.109999999999999876e+00 2.248824700000000119e-05 2.109999999999999876e+00 9.792385199999999873e-04 2.109999999999999876e+00 3.110019470000000093e-14 2.109999999999999876e+00 4.792176249999999804e-01 2.109999999999999876e+00 5.441732229999999854e-04 2.109999999999999876e+00 8.689961370000000074e-06 2.109999999999999876e+00 5.231577230000000441e-04 2.109999999999999876e+00 6.355851209999999592e-14 2.109999999999999876e+00 4.585417960000000015e-01 2.109999999999999876e+00 2.847043149999999782e-04 2.109999999999999876e+00 2.612543680000000028e-06 2.109999999999999876e+00 2.644252120000000102e-04 2.109999999999999876e+00 1.286350799999999974e-13 2.109999999999999876e+00 4.460381900000000011e-01 2.109999999999999876e+00 9.521790959999999878e-04 2.109999999999999876e+00 1.094588630000000021e-04 2.109999999999999876e+00 1.089841459999999927e-03 2.109999999999999876e+00 9.718230360000000080e-15 2.109999999999999876e+00 4.959290650000000023e-01 2.109999999999999876e+00 5.788148030000000218e-04 2.109999999999999876e+00 2.724000019999999996e-05 2.109999999999999876e+00 5.560212790000000453e-04 2.109999999999999876e+00 1.718762029999999977e-14 2.109999999999999876e+00 5.650809180000000431e-01 2.109999999999999876e+00 2.922365040000000176e-04 2.109999999999999876e+00 6.205691269999999608e-06 2.109999999999999876e+00 2.570049780000000167e-04 2.109999999999999876e+00 3.444516729999999691e-14 2.109999999999999876e+00 5.629528670000000234e-01 2.109999999999999876e+00 1.430123440000000135e-04 2.109999999999999876e+00 1.481023740000000024e-06 2.109999999999999876e+00 1.218743700000000045e-04 2.109999999999999876e+00 6.866320750000000098e-14 2.109999999999999876e+00 5.543652669999999949e-01 2.109999999999999876e+00 6.984113270000000674e-05 2.109999999999999876e+00 3.807499390000000085e-07 2.109999999999999876e+00 5.883548319999999942e-05 2.109999999999999876e+00 1.366689569999999919e-13 2.109999999999999876e+00 5.497633899999999629e-01
2.120000000000000107e+00 1.892178659999999967e-03 2.120000000000000107e+00 1.785645119999999938e-04 2.120000000000000107e+00 2.568312450000000049e-03 2.120000000000000107e+00 6.817202979999999877e-15 2.120000000000000107e+00 4.156317050000000179e-01 2.120000000000000107e+00 1.472828710000000010e-03 2.120000000000000107e+00 6.366899609999999705e-05 2.120000000000000107e+00 1.695216000000000041e-03 2.120000000000000107e+00 1.538542159999999877e-14 2.120000000000000107e+00 5.035520070000000237e-01 2.120000000000000107e+00 9.502656340000000109e-04 2.120000000000000107e+00 2.318248539999999910e-05 2.120000000000000107e+00 9.887318399999999678e-04 2.120000000000000107e+00 3.110230969999999879e-14 2.120000000000000107e+00 4.792176249999999804e-01 2.120000000000000107e+00 5.458369739999999670e-04 2.120000000000000107e+00 9.030751649999999736e-06 2.120000000000000107e+00 5.286078019999999964e-04 2.120000000000000107e+00 6.356156160000000539e-14 2.120000000000000107e+00 4.585417960000000015e-01 2.120000000000000107e+00 2.857878270000000225e-04 2.120000000000000107e+00 2.716706029999999819e-06 2.120000000000000107e+00 2.672776829999999907e-04 2.120000000000000107e+00 1.286398500000000095e-13 2.120000000000000107e+00 4.460381900000000011e-01 2.120000000000000107e+00 9.530072290000000251e-04 2.120000000000000107e+00 1.109575139999999943e-04 2.120000000000000107e+00 1.099367429999999982e-03 2.120000000000000107e+00 9.718492690000000181e-15 2.120000000000000107e+00 4.959290650000000023e-01 2.120000000000000107e+00 5.804215370000000412e-04 2.120000000000000107e+00 2.777632220000000041e-05 2.120000000000000107e+00 5.618174809999999667e-04 2.120000000000000107e+00 1.718815730000000090e-14 2.120000000000000107e+00 5.650809180000000431e-01 2.120000000000000107e+00 2.934948880000000219e-04 2.120000000000000107e+00 6.344932549999999720e-06 2.120000000000000107e+00 2.599336419999999891e-04 2.120000000000000107e+00 3.444603969999999761e-14 2.120000000000000107e+00 5.629528670000000234e-01 2.120000000000000107e+00 1.437248910000000124e-04 2.120000000000000107e+00 1.517208290000000062e-06 2.120000000000000107e+00 1.233080579999999910e-04 2.120000000000000107e+00 6.866534019999999882e-14 2.120000000000000107e+00 5.543652669999999949e-01 2.120000000000000107e+00 7.020814349999999853e-05 2.120000000000000107e+00 3.910031300000000189e-07 2.120000000000000107e+00 5.953573040000000174e-05 2.120000000000000107e+00 1.366741620000000077e-13 2.120000000000000107e+00 5.497633899999999629e-01
2.129999999999999893e+00 1.892411560000000024e-03 2.129999999999999893e+00 1.801074819999999869e-04 2.129999999999999893e+00 2.587235429999999812e-03 2.129999999999999893e+00 6.817336220000000343e-15 2.129999999999999893e+00 4.156317050000000179e-01 2.129999999999999893e+00 1.474136270000000028e-03 2.129999999999999893e+00 6.482125969999999796e-05 2.129999999999999893e+00 1.709950870000000005e-03 2.129999999999999893e+00 1.538631930000000123e-14 2.129999999999999893e+00 5.035520070000000237e-01 2.129999999999999893e+00 9.520900209999999704e-04 2.129999999999999893e+00 2.390766470000000094e-05 2.129999999999999893e+00 9.982436609999999644e-04 2.129999999999999893e+00 3.110445809999999696e-14 2.129999999999999893e+00 4.792176249999999804e-01 2.129999999999999893e+00 5.474670429999999857e-04 2.129999999999999893e+00 9.392660330000000601e-06 2.129999999999999893e+00 5.340743499999999529e-04 2.129999999999999893e+00 6.356465330000000096e-14 2.129999999999999893e+00 4.585417960000000015e-01 2.129999999999999893e+00 2.868580939999999736e-04 2.129999999999999893e+00 2.827883499999999926e-06 2.129999999999999893e+00 2.701409239999999793e-04 2.129999999999999893e+00 1.286446829999999913e-13 2.129999999999999893e+00 4.460381900000000011e-01 2.129999999999999893e+00 9.537985589999999937e-04 2.129999999999999893e+00 1.124791120000000048e-04 2.129999999999999893e+00 1.108901490000000021e-03 2.129999999999999893e+00 9.718750379999999540e-15 2.129999999999999893e+00 4.959290650000000023e-01 2.129999999999999893e+00 5.820047909999999901e-04 2.129999999999999893e+00 2.832519520000000067e-05 2.129999999999999893e+00 5.676296320000000185e-04 2.129999999999999893e+00 1.718868210000000108e-14 2.129999999999999893e+00 5.650809180000000431e-01 2.129999999999999893e+00 2.947451669999999945e-04 2.129999999999999893e+00 6.488177310000000050e-06 2.129999999999999893e+00 2.628748489999999864e-04 2.129999999999999893e+00 3.444688349999999716e-14 2.129999999999999893e+00 5.629528670000000234e-01 2.129999999999999893e+00 1.444348560000000014e-04 2.129999999999999893e+00 1.554594500000000071e-06 2.129999999999999893e+00 1.247488590000000021e-04 2.129999999999999893e+00 6.866739849999999743e-14 2.129999999999999893e+00 5.543652669999999949e-01 2.129999999999999893e+00 7.057422800000000263e-05 2.129999999999999893e+00 4.016466959999999791e-07 2.129999999999999893e+00 6.023964300000000271e-05 2.129999999999999893e+00 1.366791990000000033e-13 2.129999999999999893e+00 5.497633899999999629e-01
2.140000000000000124e+00 1.892609009999999918e-03 2.140000000000000124e+00 1.816704030000000029e-04 2.140000000000000124e+00 2.606160570000000051e-03 2.140000000000000124e+00 6.817468170000000252e-15 2.140000000000000124e+00 4.156317050000000179e-01 2.140000000000000124e+00 1.475394089999999955e-03 2.140000000000000124e+00 6.599892939999999495e-05 2.140000000000000124e+00 1.724698559999999917e-03 2.140000000000000124e+00 1.538722459999999916e-14 2.140000000000000124e+00 5.035520070000000237e-01 2.140000000000000124e+00 9.538616549999999515e-04 2.140000000000000124e+00 2.466560809999999995e-05 2.140000000000000124e+00 1.007773459999999899e-03 2.140000000000000124e+00 3.110664390000000101e-14 2.140000000000000124e+00 4.792176249999999804e-01 2.140000000000000124e+00 5.490618330000000260e-04 2.140000000000000124e+00 9.777478619999999931e-06 2.140000000000000124e+00 5.395570249999999792e-04 2.140000000000000124e+00 6.356779330000000361e-14 2.140000000000000124e+00 4.585417960000000015e-01 2.140000000000000124e+00 2.879144610000000095e-04 2.140000000000000124e+00 2.946758439999999904e-06 2.140000000000000124e+00 2.730147989999999773e-04 2.140000000000000124e+00 1.286495909999999912e-13 2.140000000000000124e+00 4.460381900000000011e-01 2.140000000000000124e+00 9.545529029999999743e-04 2.140000000000000124e+00 1.140242980000000066e-04 2.140000000000000124e+00 1.118443270000000003e-03 2.140000000000000124e+00 9.719003929999999645e-15 2.140000000000000124e+00 4.959290650000000023e-01 2.140000000000000124e+00 5.835642679999999711e-04 2.140000000000000124e+00 2.888711449999999961e-05 2.140000000000000124e+00 5.734574969999999472e-04 2.140000000000000124e+00 1.718919550000000016e-14 2.140000000000000124e+00 5.650809180000000431e-01 2.140000000000000124e+00 2.959871939999999808e-04 2.140000000000000124e+00 6.635619710000000182e-06 2.140000000000000124e+00 2.658285170000000111e-04 2.140000000000000124e+00 3.444769999999999846e-14 2.140000000000000124e+00 5.629528670000000234e-01 2.140000000000000124e+00 1.451421860000000027e-04 2.140000000000000124e+00 1.593247470000000090e-06 2.140000000000000124e+00 1.261967469999999926e-04 2.140000000000000124e+00 6.866938500000000265e-14 2.140000000000000124e+00 5.543652669999999949e-01 2.140000000000000124e+00 7.093936929999999713e-05 2.140000000000000124e+00 4.127035199999999935e-07 2.140000000000000124e+00 6.094721180000000114e-05 2.140000000000000124e+00 1.366840739999999902e-13 2.140000000000000124e+00 5.497633899999999629e-01
2.149999999999999911e+00 1.892771190000000015e-03 2.149999999999999911e+00 1.832536999999999968e-04 2.149999999999999911e+00 2.625087500000000077e-03 2.149999999999999911e+00 6.817599210000000326e-15 2.149999999999999911e+00 4.156317050000000179e-01 2.149999999999999911e+00 1.476602160000000047e-03 2.149999999999999911e+00 6.720275800000000490e-05 2.149999999999999911e+00 1.739458589999999961e-03 2.149999999999999911e+00 1.538813919999999858e-14 2.149999999999999911e+00 5.035520070000000237e-01 2.149999999999999911e+00 9.555792289999999727e-04 2.149999999999999911e+00 2.545826279999999873e-05 2.149999999999999911e+00 1.017320709999999925e-03 2.149999999999999911e+00 3.110887109999999761e-14 2.149999999999999911e+00 4.792176249999999804e-01 2.149999999999999911e+00 5.506195839999999649e-04 2.149999999999999911e+00 1.018717769999999963e-05 2.149999999999999911e+00 5.450554640000000077e-04 2.149999999999999911e+00 6.357098780000000592e-14 2.149999999999999911e+00 4.585417960000000015e-01 2.149999999999999911e+00 2.889561990000000073e-04 2.149999999999999911e+00 3.074096359999999851e-06 2.149999999999999911e+00 2.758991650000000139e-04 2.149999999999999911e+00 1.286545849999999882e-13 2.149999999999999911e+00 4.460381900000000011e-01 2.149999999999999911e+00 9.552700590000000151e-04 2.149999999999999911e+00 1.155937430000000018e-04 2.149999999999999911e+00 1.127992420000000027e-03 2.149999999999999911e+00 9.719253850000000403e-15 2.149999999999999911e+00 4.959290650000000023e-01 2.149999999999999911e+00 5.850996449999999738e-04 2.149999999999999911e+00 2.946260540000000157e-05 2.149999999999999911e+00 5.793008369999999487e-04 2.149999999999999911e+00 1.718969840000000112e-14 2.149999999999999911e+00 5.650809180000000431e-01 2.149999999999999911e+00 2.972208090000000237e-04 2.149999999999999911e+00 6.787467659999999813e-06 2.149999999999999911e+00 2.687945650000000074e-04 2.149999999999999911e+00 3.444849080000000123e-14 2.149999999999999911e+00 5.629528670000000234e-01 2.149999999999999911e+00 1.458468290000000070e-04 2.149999999999999911e+00 1.633237160000000000e-06 2.149999999999999911e+00 1.276516939999999931e-04 2.149999999999999911e+00 6.867130259999999819e-14 2.149999999999999911e+00 5.543652669999999949e-01 2.149999999999999911e+00 7.130354920000000324e-05 2.149999999999999911e+00 4.241982240000000163e-07 2.149999999999999911e+00 6.165842719999999608e-05 2.149999999999999911e+00 1.366887909999999929e-13 2.149999999999999911e+00 5.497633899999999629e-01
2.160000000000000142e+00 1.892898289999999989e-03 2.160000000000000142e+00 1.848578050000000044e-04 2.160000000000000142e+00 2.644015869999999987e-03 2.160000000000000142e+00 6.817729709999999707e-15 2.160000000000000142e+00 4.156317050000000179e-01 2.160000000000000142e+00 1.477760449999999991e-03 2.160000000000000142e+00 6.843352450000000507e-05 2.160000000000000142e+00 1.754230440000000045e-03 2.160000000000000142e+00 1.538906459999999921e-14 2.160000000000000142e+00 5.035520070000000237e-01 2.160000000000000142e+00 9.572413380000000102e-04 2.160000000000000142e+00 2.628770929999999848e-05 2.160000000000000142e+00 1.026884860000000076e-03 2.160000000000000142e+00 3.111114389999999862e-14 2.160000000000000142e+00 4.792176249999999804e-01 2.160000000000000142e+00 5.521383599999999487e-04 2.160000000000000142e+00 1.062392770000000015e-05 2.160000000000000142e+00 5.505692870000000391e-04 2.160000000000000142e+00 6.357424349999999720e-14 2.160000000000000142e+00 4.585417960000000015e-01 2.160000000000000142e+00 2.899824859999999989e-04 2.160000000000000142e+00 3.210757430000000192e-06 2.160000000000000142e+00 2.787938709999999878e-04 2.160000000000000142e+00 1.286596760000000120e-13 2.160000000000000142e+00 4.460381900000000011e-01 2.160000000000000142e+00 9.559498020000000394e-04 2.160000000000000142e+00 1.171881490000000045e-04 2.160000000000000142e+00 1.137548549999999915e-03 2.160000000000000142e+00 9.719500640000000147e-15 2.160000000000000142e+00 4.959290650000000023e-01 2.160000000000000142e+00 5.866105759999999713e-04 2.160000000000000142e+00 3.005222470000000026e-05 2.160000000000000142e+00 5.851594090000000184e-04 2.160000000000000142e+00 1.719019170000000066e-14 2.160000000000000142e+00 5.650809180000000431e-01 2.160000000000000142e+00 2.984458390000000014e-04 2.160000000000000142e+00 6.943943990000000247e-06 2.160000000000000142e+00 2.717729050000000017e-04 2.160000000000000142e+00 3.444925720000000209e-14 2.160000000000000142e+00 5.629528670000000234e-01 2.160000000000000142e+00 1.465487239999999872e-04 2.160000000000000142e+00 1.674638799999999954e-06 2.160000000000000142e+00 1.291136739999999990e-04 2.160000000000000142e+00 6.867315399999999934e-14 2.160000000000000142e+00 5.543652669999999949e-01 2.160000000000000142e+00 7.166674749999999599e-05 2.160000000000000142e+00 4.361573310000000154e-07 2.160000000000000142e+00 6.237327950000000191e-05 2.160000000000000142e+00 1.366933580000000100e-13 2.160000000000000142e+00 5.497633899999999629e-01
2.169999999999999929e+00 1.892990470000000067e-03 2.169999999999999929e+00 1.864831630000000093e-04 2.169999999999999929e+00 2.662945349999999798e-03 2.169999999999999929e+00 6.817860049999999906e-15 2.169999999999999929e+00 4.156317050000000179e-01 2.169999999999999929e+00 1.478868890000000066e-03 2.169999999999999929e+00 6.969203520000000185e-05 2.169999999999999929e+00 1.769013629999999920e-03 2.169999999999999929e+00 1.539000240000000076e-14 2.169999999999999929e+00 5.035520070000000237e-01 2.169999999999999929e+00 9.588464700000000340e-04 2.169999999999999929e+00 2.715616960000000082e-05 2.169999999999999929e+00 1.036465349999999988e-03 2.169999999999999929e+00 3.111346649999999697e-14 2.169999999999999929e+00 4.792176249999999804e-01 2.169999999999999929e+00 5.536160290000000398e-04 2.169999999999999929e+00 1.109011819999999987e-05 2.169999999999999929e+00 5.560980940000000454e-04 2.169999999999999929e+00 6.357756699999999522e-14 2.169999999999999929e+00 4.585417960000000015e-01 2.169999999999999929e+00 2.909923989999999862e-04 2.169999999999999929e+00 3.357709700000000091e-06 2.169999999999999929e+00 2.816987599999999843e-04 2.169999999999999929e+00 1.286648760000000097e-13 2.169999999999999929e+00 4.460381900000000011e-01 2.169999999999999929e+00 9.565918809999999660e-04 2.169999999999999929e+00 1.188082480000000033e-04 2.169999999999999929e+00 1.147111290000000063e-03 2.169999999999999929e+00 9.719744850000000355e-15 2.169999999999999929e+00 4.959290650000000023e-01 2.169999999999999929e+00 5.880966870000000485e-04 2.169999999999999929e+00 3.065656349999999731e-05 2.169999999999999929e+00 5.910329659999999504e-04 2.169999999999999929e+00 1.719067619999999863e-14 2.169999999999999929e+00 5.650809180000000431e-01 2.169999999999999929e+00 2.996620950000000185e-04 2.169999999999999929e+00 7.105287660000000100e-06 2.169999999999999929e+00 2.747634520000000083e-04 2.169999999999999929e+00 3.445000089999999756e-14 2.169999999999999929e+00 5.629528670000000234e-01 2.169999999999999929e+00 1.472478060000000132e-04 2.169999999999999929e+00 1.717533400000000106e-06 2.169999999999999929e+00 1.305826589999999868e-04 2.169999999999999929e+00 6.867494219999999925e-14 2.169999999999999929e+00 5.543652669999999949e-01 2.169999999999999929e+00 7.202894219999999550e-05 2.169999999999999929e+00 4.486094250000000234e-07 2.169999999999999929e+00 6.309175880000000261e-05 2.169999999999999929e+00 1.366977789999999903e-13 2.169999999999999929e+00 5.497633899999999629e-01
2.180000000000000160e+00 1.893047890000000046e-03 2.180000000000000160e+00 1.881302269999999904e-04 2.180000000000000160e+00 2.681875570000000122e-03 2.180000000000000160e+00 6.817990620000000064e-15 2.180000000000000160e+00 4.156317050000000179e-01 2.180000000000000160e+00 1.479927420000000078e-03 2.180000000000000160e+00 7.097912450000000320e-05 2.180000000000000160e+00 1.783807650000000106e-03 2.180000000000000160e+00 1.539095449999999974e-14 2.180000000000000160e+00 5.035520070000000237e-01 2.180000000000000160e+00 9.603930000000000322e-04 2.180000000000000160e+00 2.806601760000000147e-05 2.180000000000000160e+00 1.046061600000000027e-03 2.180000000000000160e+00 3.111584340000000133e-14 2.180000000000000160e+00 4.792176249999999804e-01 2.180000000000000160e+00 5.550502459999999590e-04 2.180000000000000160e+00 1.158837999999999932e-05 2.180000000000000160e+00 5.616414619999999819e-04 2.180000000000000160e+00 6.358096530000000500e-14 2.180000000000000160e+00 4.585417960000000015e-01 2.180000000000000160e+00 2.919848970000000089e-04 2.180000000000000160e+00 3.516044200000000125e-06 2.180000000000000160e+00 2.846136609999999818e-04 2.180000000000000160e+00 1.286701970000000047e-13 2.180000000000000160e+00 4.460381900000000011e-01 2.180000000000000160e+00 9.571960230000000182e-04 2.180000000000000160e+00 1.204548099999999981e-04 2.180000000000000160e+00 1.156680260000000036e-03 2.180000000000000160e+00 9.719986999999999357e-15 2.180000000000000160e+00 4.959290650000000023e-01 2.180000000000000160e+00 5.895575749999999726e-04 2.180000000000000160e+00 3.127624950000000261e-05 2.180000000000000160e+00 5.969212579999999850e-04 2.180000000000000160e+00 1.719115280000000117e-14 2.180000000000000160e+00 5.650809180000000431e-01 2.180000000000000160e+00 3.008693760000000108e-04 2.180000000000000160e+00 7.271755220000000177e-06 2.180000000000000160e+00 2.777661170000000034e-04 2.180000000000000160e+00 3.445072339999999686e-14 2.180000000000000160e+00 5.629528670000000234e-01 2.180000000000000160e+00 1.479440050000000123e-04 2.180000000000000160e+00 1.762008219999999988e-06 2.180000000000000160e+00 1.320586209999999869e-04 2.180000000000000160e+00 6.867666980000000375e-14 2.180000000000000160e+00 5.543652669999999949e-01 2.180000000000000160e+00 7.239010949999999931e-05 2.180000000000000160e+00 4.615853419999999836e-07 2.180000000000000160e+00 6.381385490000000100e-05 2.180000000000000160e+00 1.367020609999999893e-13 2.180000000000000160e+00 5.497633899999999629e-01
2.189999999999999947e+00 1.893070699999999974e-03 2.189999999999999947e+00 1.897994599999999949e-04 2.189999999999999947e+00 2.700806190000000148e-03 2.189999999999999947e+00 6.818121810000000110e-15 2.189999999999999947e+00 4.156317050000000179e-01 2.189999999999999947e+00 1.480935920000000074e-03 2.189999999999999947e+00 7.229565620000000259e-05 2.189999999999999947e+00 1.798612009999999957e-03 2.189999999999999947e+00 1.539192239999999902e-14 2.189999999999999947e+00 5.035520070000000237e-01 2.189999999999999947e+00 9.618791840000000346e-04 2.189999999999999947e+00 2.901978830000000157e-05 2.189999999999999947e+00 1.055673009999999988e-03 2.189999999999999947e+00 3.111827939999999820e-14 2.189999999999999947e+00 4.792176249999999804e-01 2.189999999999999947e+00 5.564384280000000526e-04 2.189999999999999947e+00 1.212160920000000046e-05 2.189999999999999947e+00 5.671989450000000047e-04 2.189999999999999947e+00 6.358444560000000003e-14 2.189999999999999947e+00 4.585417960000000015e-01 2.189999999999999947e+00 2.929588100000000256e-04 2.189999999999999947e+00 3.686992030000000120e-06 2.189999999999999947e+00 2.875383959999999869e-04 2.189999999999999947e+00 1.286756509999999946e-13 2.189999999999999947e+00 4.460381900000000011e-01 2.189999999999999947e+00 9.577619269999999895e-04 2.189999999999999947e+00 1.221286400000000112e-04 2.189999999999999947e+00 1.166255080000000053e-03 2.189999999999999947e+00 9.720227630000000210e-15 2.189999999999999947e+00 4.959290650000000023e-01 2.189999999999999947e+00 5.909928059999999600e-04 2.189999999999999947e+00 3.191194950000000061e-05 2.189999999999999947e+00 6.028240320000000487e-04 2.189999999999999947e+00 1.719162229999999868e-14 2.189999999999999947e+00 5.650809180000000431e-01 2.189999999999999947e+00 3.020674629999999861e-04 2.189999999999999947e+00 7.443622219999999899e-06 2.189999999999999947e+00 2.807808090000000253e-04 2.189999999999999947e+00 3.445142620000000285e-14 2.189999999999999947e+00 5.629528670000000234e-01 2.189999999999999947e+00 1.486372449999999901e-04 2.189999999999999947e+00 1.808157310000000049e-06 2.189999999999999947e+00 1.335415289999999878e-04 2.189999999999999947e+00 6.867833990000000283e-14 2.189999999999999947e+00 5.543652669999999949e-01 2.189999999999999947e+00 7.275022340000000289e-05 2.189999999999999947e+00 4.751183649999999805e-07 2.189999999999999947e+00 6.453955749999999486e-05 2.189999999999999947e+00 1.367062089999999998e-13 2.189999999999999947e+00 5.497633899999999629e-01
2.200000000000000178e+00 1.893059029999999985e-03 2.200000000000000178e+00 1.914913350000000032e-04 2.200000000000000178e+00 2.719736869999999935e-03 2.200000000000000178e+00 6.818254029999999971e-15 2.200000000000000178e+00 4.156317050000000179e-01 2.200000000000000178e+00 1.481894290000000019e-03 2.200000000000000178e+00 7.364252420000000062e-05 2.200000000000000178e+00 1.813426199999999995e-03 2.200000000000000178e+00 1.539290790000000145e-14 2.200000000000000178e+00 5.035520070000000237e-01 2.200000000000000178e+00 9.633031500000000403e-04 2.200000000000000178e+00 3.002018840000000128e-05 2.200000000000000178e+00 1.065298969999999923e-03 2.200000000000000178e+00 3.112077909999999938e-14 2.200000000000000178e+00 4.792176249999999804e-01 2.200000000000000178e+00 5.577777400000000479e-04 2.200000000000000178e+00 1.269299110000000060e-05 2.200000000000000178e+00 5.727700679999999517e-04 2.200000000000000178e+00 6.358801529999999789e-14 2.200000000000000178e+00 4.585417960000000015e-01 2.200000000000000178e+00 2.939128150000000104e-04 2.200000000000000178e+00 3.871943759999999645e-06 2.200000000000000178e+00 2.904727710000000159e-04 2.200000000000000178e+00 1.286812519999999896e-13 2.200000000000000178e+00 4.460381900000000011e-01 2.200000000000000178e+00 9.582892669999999898e-04 2.200000000000000178e+00 1.238305790000000025e-04 2.200000000000000178e+00 1.175835369999999897e-03 2.200000000000000178e+00 9.720467309999999656e-15 2.200000000000000178e+00 4.959290650000000023e-01 2.200000000000000178e+00 5.924019130000000334e-04 2.200000000000000178e+00 3.256437220000000279e-05 2.200000000000000178e+00 6.087410269999999918e-04 2.200000000000000178e+00 1.719208580000000043e-14 2.200000000000000178e+00 5.650809180000000431e-01 2.200000000000000178e+00 3.032561179999999738e-04 2.200000000000000178e+00 7.621184909999999661e-06 2.200000000000000178e+00 2.838074350000000120e-04 2.200000000000000178e+00 3.445211079999999950e-14 2.200000000000000178e+00 5.629528670000000234e-01 2.200000000000000178e+00 1.493274440000000032e-04 2.200000000000000178e+00 1.856082199999999915e-06 2.200000000000000178e+00 1.350313549999999929e-04 2.200000000000000178e+00 6.867995519999999916e-14 2.200000000000000178e+00 5.543652669999999949e-01 2.200000000000000178e+00 7.310925530000000666e-05 2.200000000000000178e+00 4.892444510000000048e-07 2.200000000000000178e+00 6.526885579999999753e-05 2.200000000000000178e+00 1.367102290000000081e-13 2.200000000000000178e+00 5.497633899999999629e-01
2.209999999999999964e+00 1.893013009999999991e-03 2.209999999999999964e+00 1.932063360000000056e-04 2.209999999999999964e+00 2.738667250000000053e-03 2.209999999999999964e+00 6.818387690000000362e-15 2.209999999999999964e+00 4.156317050000000179e-01 2.209999999999999964e+00 1.482802359999999941e-03 2.209999999999999964e+00 7.502065410000000403e-05 2.209999999999999964e+00 1.828249730000000009e-03 2.209999999999999964e+00 1.539391310000000034e-14 2.209999999999999964e+00 5.035520070000000237e-01 2.209999999999999964e+00 9.646628950000000298e-04 2.209999999999999964e+00 3.107010690000000009e-05 2.209999999999999964e+00 1.074938859999999925e-03 2.209999999999999964e+00 3.112334760000000079e-14 2.209999999999999964e+00 4.792176249999999804e-01 2.209999999999999964e+00 5.590650690000000238e-04 2.209999999999999964e+00 1.330602600000000046e-05 2.209999999999999964e+00 5.783543269999999936e-04 2.209999999999999964e+00 6.359168209999999405e-14 2.209999999999999964e+00 4.585417960000000015e-01 2.209999999999999964e+00 2.948454230000000040e-04 2.209999999999999964e+00 4.072471129999999643e-06 2.209999999999999964e+00 2.934165810000000205e-04 2.209999999999999964e+00 1.286870119999999876e-13 2.209999999999999964e+00 4.460381900000000011e-01 2.209999999999999964e+00 9.587776870000000321e-04 2.209999999999999964e+00 1.255615119999999865e-04 2.209999999999999964e+00 1.185420740000000042e-03 2.209999999999999964e+00 9.720706590000000752e-15 2.209999999999999964e+00 4.959290650000000023e-01 2.209999999999999964e+00 5.937843960000000225e-04 2.209999999999999964e+00 3.323427079999999870e-05 2.209999999999999964e+00 6.146719809999999940e-04 2.209999999999999964e+00 1.719254419999999994e-14 2.209999999999999964e+00 5.650809180000000431e-01 2.209999999999999964e+00 3.044350870000000131e-04 2.209999999999999964e+00 7.804761940000000647e-06 2.209999999999999964e+00 2.868458990000000218e-04 2.209999999999999964e+00 3.445277899999999911e-14 2.209999999999999964e+00 5.629528670000000234e-01 2.209999999999999964e+00 1.500145110000000086e-04 2.209999999999999964e+00 1.905892499999999938e-06 2.209999999999999964e+00 1.365280679999999905e-04 2.209999999999999964e+00 6.868151869999999850e-14 2.209999999999999964e+00 5.543652669999999949e-01 2.209999999999999964e+00 7.346717439999999547e-05 2.209999999999999964e+00 5.040024680000000191e-07 2.209999999999999964e+00 6.600173890000000378e-05 2.209999999999999964e+00 1.367141260000000070e-13 2.209999999999999964e+00 5.497633899999999629e-01
2.220000000000000195e+00 1.892932749999999987e-03 2.220000000000000195e+00 1.949449580000000030e-04 2.220000000000000195e+00 2.757597010000000046e-03 2.220000000000000195e+00 6.818523209999999628e-15 2.220000000000000195e+00 4.156317050000000179e-01 2.220000000000000195e+00 1.483659989999999967e-03 2.220000000000000195e+00 7.643100380000000164e-05 2.220000000000000195e+00 1.843082079999999907e-03 2.220000000000000195e+00 1.539493969999999852e-14 2.220000000000000195e+00 5.035520070000000237e-01 2.220000000000000195e+00 9.659562700000000248e-04 2.220000000000000195e+00 3.217262570000000056e-05 2.220000000000000195e+00 1.084592010000000068e-03 2.220000000000000195e+00 3.112599010000000151e-14 2.220000000000000195e+00 4.792176249999999804e-01 2.220000000000000195e+00 5.602970039999999492e-04 2.220000000000000195e+00 1.396455409999999919e-05 2.220000000000000195e+00 5.839511849999999994e-04 2.220000000000000195e+00 6.359545399999999968e-14 2.220000000000000195e+00 4.585417960000000015e-01 2.220000000000000195e+00 2.957549490000000174e-04 2.220000000000000195e+00 4.290351270000000087e-06 2.220000000000000195e+00 2.963696030000000244e-04 2.220000000000000195e+00 1.286929459999999921e-13 2.220000000000000195e+00 4.460381900000000011e-01 2.220000000000000195e+00 9.592268050000000166e-04 2.220000000000000195e+00 1.273223609999999924e-04 2.220000000000000195e+00 1.195010789999999918e-03 2.220000000000000195e+00 9.720946070000000234e-15 2.220000000000000195e+00 4.959290650000000023e-01 2.220000000000000195e+00 5.951397150000000249e-04 2.220000000000000195e+00 3.392244639999999789e-05 2.220000000000000195e+00 6.206166250000000459e-04 2.220000000000000195e+00 1.719299830000000023e-14 2.220000000000000195e+00 5.650809180000000431e-01 2.220000000000000195e+00 3.056040920000000220e-04 2.220000000000000195e+00 7.994696300000000429e-06 2.220000000000000195e+00 2.898961030000000126e-04 2.220000000000000195e+00 3.445343220000000141e-14 2.220000000000000195e+00 5.629528670000000234e-01 2.220000000000000195e+00 1.506983479999999913e-04 2.220000000000000195e+00 1.957706650000000102e-06 2.220000000000000195e+00 1.380316350000000041e-04 2.220000000000000195e+00 6.868303329999999717e-14 2.220000000000000195e+00 5.543652669999999949e-01 2.220000000000000195e+00 7.382394680000000178e-05 2.220000000000000195e+00 5.194344630000000295e-07 2.220000000000000195e+00 6.673819539999999682e-05 2.220000000000000195e+00 1.367179079999999950e-13 2.220000000000000195e+00 5.497633899999999629e-01
2.229999999999999982e+00 1.892818359999999967e-03 2.229999999999999982e+00 1.967077070000000064e-04 2.229999999999999982e+00 2.776525800000000013e-03 2.229999999999999982e+00 6.818661010000000062e-15 2.229999999999999982e+00 4.156317050000000179e-01 2.229999999999999982e+00 1.484466970000000068e-03 2.229999999999999982e+00 7.787456480000000251e-05 2.229999999999999982e+00 1.857922759999999915e-03 2.229999999999999982e+00 1.539598979999999879e-14 2.229999999999999982e+00 5.035520070000000237e-01 2.229999999999999982e+00 9.671809819999999721e-04 2.229999999999999982e+00 3.333103039999999834e-05 2.229999999999999982e+00 1.094257759999999954e-03 2.229999999999999982e+00 3.112871200000000055e-14 2.229999999999999982e+00 4.792176249999999804e-01 2.229999999999999982e+00 5.614698129999999912e-04 2.229999999999999982e+00 1.467278039999999957e-05 2.229999999999999982e+00 5.895600699999999778e-04 2.229999999999999982e+00 6.359933930000000383e-14 2.229999999999999982e+00 4.585417960000000015e-01 2.229999999999999982e+00 2.966394939999999949e-04 2.229999999999999982e+00 4.527593270000000009e-06 2.229999999999999982e+00 2.993315970000000109e-04 2.229999999999999982e+00 1.286990669999999945e-13 2.229999999999999982e+00 4.460381900000000011e-01 2.229999999999999982e+00 9.596362059999999751e-04 2.229999999999999982e+00 1.291140969999999893e-04 2.229999999999999982e+00 1.204605139999999960e-03 2.229999999999999982e+00 9.721186339999999574e-15 2.229999999999999982e+00 4.959290650000000023e-01 2.229999999999999982e+00 5.964672929999999609e-04 2.229999999999999982e+00 3.462975099999999763e-05 2.229999999999999982e+00 6.265746829999999492e-04 2.229999999999999982e+00 1.719344920000000109e-14 2.229999999999999982e+00 5.650809180000000431e-01 2.229999999999999982e+00 3.067628349999999989e-04 2.229999999999999982e+00 8.191357360000000372e-06 2.229999999999999982e+00 2.929579470000000046e-04 2.229999999999999982e+00 3.445407210000000295e-14 2.229999999999999982e+00 5.629528670000000234e-01 2.229999999999999982e+00 1.513788499999999915e-04 2.229999999999999982e+00 2.011652720000000169e-06 2.229999999999999982e+00 1.395420239999999989e-04 2.229999999999999982e+00 6.868450200000000096e-14 2.229999999999999982e+00 5.543652669999999949e-01 2.229999999999999982e+00 7.417953590000000378e-05 2.229999999999999982e+00 5.355859509999999702e-07 2.229999999999999982e+00 6.747821390000000052e-05 2.229999999999999982e+00 1.367215789999999967e-13 2.229999999999999982e+00 5.497633899999999629e-01
2.240000000000000213e+00 1.892669910000000085e-03 2.240000000000000213e+00 1.984951000000000098e-04 2.240000000000000213e+00 2.795453270000000049e-03 2.240000000000000213e+00 6.818801530000000006e-15 2.240000000000000213e+00 4.156317050000000179e-01 2.240000000000000213e+00 1.485223099999999959e-03 2.240000000000000213e+00 7.935236350000000633e-05 2.240000000000000213e+00 1.872771249999999939e-03 2.240000000000000213e+00 1.539706540000000077e-14 2.240000000000000213e+00 5.035520070000000237e-01 2.240000000000000213e+00 9.683345780000000239e-04 2.240000000000000213e+00 3.454882090000000285e-05 2.240000000000000213e+00 1.103935390000000075e-03 2.240000000000000213e+00 3.113151889999999690e-14 2.240000000000000213e+00 4.792176249999999804e-01 2.240000000000000213e+00 5.625794310000000213e-04 2.240000000000000213e+00 1.543529659999999979e-05 2.240000000000000213e+00 5.951803709999999850e-04 2.240000000000000213e+00 6.360334650000000181e-14 2.240000000000000213e+00 4.585417960000000015e-01 2.240000000000000213e+00 2.974969159999999845e-04 2.240000000000000213e+00 4.786466849999999643e-06 2.240000000000000213e+00 3.023023019999999928e-04 2.240000000000000213e+00 1.287053899999999983e-13 2.240000000000000213e+00 4.460381900000000011e-01 2.240000000000000213e+00 9.600054470000000516e-04 2.240000000000000213e+00 1.309377329999999952e-04 2.240000000000000213e+00 1.214203380000000070e-03 2.240000000000000213e+00 9.721428000000000241e-15 2.240000000000000213e+00 4.959290650000000023e-01 2.240000000000000213e+00 5.977665110000000273e-04 2.240000000000000213e+00 3.535709079999999950e-05 2.240000000000000213e+00 6.325458759999999514e-04 2.240000000000000213e+00 1.719389779999999921e-14 2.240000000000000213e+00 5.650809180000000431e-01 2.240000000000000213e+00 3.079109919999999914e-04 2.240000000000000213e+00 8.395143109999999355e-06 2.240000000000000213e+00 2.960313249999999875e-04 2.240000000000000213e+00 3.445470049999999710e-14 2.240000000000000213e+00 5.629528670000000234e-01 2.240000000000000213e+00 1.520559010000000117e-04 2.240000000000000213e+00 2.067869280000000089e-06 2.240000000000000213e+00 1.410592000000000063e-04 2.240000000000000213e+00 6.868592770000000618e-14 2.240000000000000213e+00 5.543652669999999949e-01 2.240000000000000213e+00 7.453390150000000218e-05 2.240000000000000213e+00 5.525062339999999598e-07 2.240000000000000213e+00 6.822178209999999355e-05 2.240000000000000213e+00 1.367251449999999984e-13 2.240000000000000213e+00 5.497633899999999629e-01
2.250000000000000000e+00 1.892487499999999942e-03 2.250000000000000000e+00 2.003076659999999867e-04 2.250000000000000000e+00 2.814379080000000213e-03 2.250000000000000000e+00 6.818945230000000167e-15 2.250000000000000000e+00 4.156317050000000179e-01 2.250000000000000000e+00 1.485928139999999949e-03 2.250000000000000000e+00 8.086546239999999595e-05 2.250000000000000000e+00 1.887627050000000029e-03 2.250000000000000000e+00 1.539816870000000093e-14 2.250000000000000000e+00 5.035520070000000237e-01 2.250000000000000000e+00 9.694144469999999882e-04 2.250000000000000000e+00 3.582972150000000237e-05 2.250000000000000000e+00 1.113624199999999976e-03 2.250000000000000000e+00 3.113441669999999898e-14 2.250000000000000000e+00 4.792176249999999804e-01 2.250000000000000000e+00 5.636214400000000204e-04 2.250000000000000000e+00 1.625709949999999920e-05 2.250000000000000000e+00 6.008114330000000362e-04 2.250000000000000000e+00 6.360748450000000148e-14 2.250000000000000000e+00 4.585417960000000015e-01 2.250000000000000000e+00 2.983248009999999828e-04 2.250000000000000000e+00 5.069532699999999947e-06 2.250000000000000000e+00 3.052814360000000128e-04 2.250000000000000000e+00 1.287119310000000008e-13 2.250000000000000000e+00 4.460381900000000011e-01 2.250000000000000000e+00 9.603340509999999837e-04 2.250000000000000000e+00 1.327943319999999908e-04 2.250000000000000000e+00 1.223805120000000073e-03 2.250000000000000000e+00 9.721671680000000545e-15 2.250000000000000000e+00 4.959290650000000023e-01 2.250000000000000000e+00 5.990367070000000502e-04 2.250000000000000000e+00 3.610542949999999895e-05 2.250000000000000000e+00 6.385299170000000068e-04 2.250000000000000000e+00 1.719434520000000070e-14 2.250000000000000000e+00 5.650809180000000431e-01 2.250000000000000000e+00 3.090482129999999887e-04 2.250000000000000000e+00 8.606482480000000496e-06 2.250000000000000000e+00 2.991161300000000096e-04 2.250000000000000000e+00 3.445531889999999936e-14 2.250000000000000000e+00 5.629528670000000234e-01 2.250000000000000000e+00 1.527293770000000056e-04 2.250000000000000000e+00 2.126506360000000085e-06 2.250000000000000000e+00 1.425831299999999956e-04 2.250000000000000000e+00 6.868731369999999645e-14 2.250000000000000000e+00 5.543652669999999949e-01 2.250000000000000000e+00 7.488699989999999813e-05 2.250000000000000000e+00 5.702487459999999651e-07 2.250000000000000000e+00 6.896888769999999524e-05 2.250000000000000000e+00 1.367286139999999986e-13 2.250000000000000000e+00 5.497633899999999629e-01
2.259999999999999787e+00 1.892271199999999909e-03 2.259999999999999787e+00 2.021459450000000018e-04 2.259999999999999787e+00 2.833302900000000089e-03 2.259999999999999787e+00 6.819092569999999672e-15 2.259999999999999787e+00 4.156317050000000179e-01 2.259999999999999787e+00 1.486581820000000033e-03 2.259999999999999787e+00 8.241496120000000615e-05 2.259999999999999787e+00 1.902489640000000091e-03 2.259999999999999787e+00 1.539930189999999885e-14 2.259999999999999787e+00 5.035520070000000237e-01 2.259999999999999787e+00 9.704178060000000347e-04 2.259999999999999787e+00 3.717769110000000184e-05 2.259999999999999787e+00 1.123323430000000090e-03 2.259999999999999787e+00 3.113741139999999939e-14 2.259999999999999787e+00 4.792176249999999804e-01 2.259999999999999787e+00 5.645910639999999906e-04 2.259999999999999787e+00 1.714360260000000145e-05 2.259999999999999787e+00 6.064525579999999931e-04 2.259999999999999787e+00 6.361176240000000437e-14 2.259999999999999787e+00 4.585417960000000015e-01 2.259999999999999787e+00 2.991204410000000225e-04 2.259999999999999787e+00 5.379673279999999983e-06 2.259999999999999787e+00 3.082686910000000005e-04 2.259999999999999787e+00 1.287187059999999990e-13 2.259999999999999787e+00 4.460381900000000011e-01 2.259999999999999787e+00 9.606215089999999620e-04 2.259999999999999787e+00 1.346850060000000053e-04 2.259999999999999787e+00 1.233409929999999951e-03 2.259999999999999787e+00 9.721918020000000370e-15 2.259999999999999787e+00 4.959290650000000023e-01 2.259999999999999787e+00 6.002771710000000477e-04 2.259999999999999787e+00 3.687579160000000193e-05 2.259999999999999787e+00 6.445265109999999929e-04 2.259999999999999787e+00 1.719479239999999907e-14 2.259999999999999787e+00 5.650809180000000431e-01 2.259999999999999787e+00 3.101741209999999793e-04 2.259999999999999787e+00 8.825837990000000223e-06 2.259999999999999787e+00 3.022122510000000263e-04 2.259999999999999787e+00 3.445592919999999992e-14 2.259999999999999787e+00 5.629528670000000234e-01 2.259999999999999787e+00 1.533991410000000053e-04 2.259999999999999787e+00 2.187726440000000020e-06 2.259999999999999787e+00 1.441137749999999872e-04 2.259999999999999787e+00 6.868866279999999653e-14 2.259999999999999787e+00 5.543652669999999949e-01 2.259999999999999787e+00 7.523878369999999671e-05 2.259999999999999787e+00 5.888714360000000259e-07 2.259999999999999787e+00 6.971951770000000333e-05 2.259999999999999787e+00 1.367319899999999967e-13 2.259999999999999787e+00 5.497633899999999629e-01
2.270000000000000018e+00 1.892021050000000041e-03 2.270000000000000018e+00 2.040104889999999908e-04 2.270000000000000018e+00 2.852224390000000168e-03 2.270000000000000018e+00 6.819244000000000018e-15 2.270000000000000018e+00 4.156317050000000179e-01 2.270000000000000018e+00 1.487183860000000028e-03 2.270000000000000018e+00 8.400199799999999418e-05 2.270000000000000018e+00 1.917358509999999997e-03 2.270000000000000018e+00 1.540046730000000045e-14 2.270000000000000018e+00 5.035520070000000237e-01 2.270000000000000018e+00 9.713416990000000488e-04 2.270000000000000018e+00 3.859693119999999770e-05 2.270000000000000018e+00 1.133032290000000105e-03 2.270000000000000018e+00 3.114050930000000016e-14 2.270000000000000018e+00 4.792176249999999804e-01 2.270000000000000018e+00 5.654831679999999588e-04 2.270000000000000018e+00 1.810063909999999908e-05 2.270000000000000018e+00 6.121029960000000337e-04 2.270000000000000018e+00 6.361619000000000239e-14 2.270000000000000018e+00 4.585417960000000015e-01 2.270000000000000018e+00 2.998807999999999834e-04 2.270000000000000018e+00 5.720122800000000209e-06 2.270000000000000018e+00 3.112637280000000095e-04 2.270000000000000018e+00 1.287257299999999966e-13 2.270000000000000018e+00 4.460381900000000011e-01 2.270000000000000018e+00 9.608672789999999839e-04 2.270000000000000018e+00 1.366109199999999914e-04 2.270000000000000018e+00 1.243017410000000003e-03 2.270000000000000018e+00 9.722167679999999597e-15 2.270000000000000018e+00 4.959290650000000023e-01 2.270000000000000018e+00 6.014871460000000090e-04 2.270000000000000018e+00 3.766926629999999709e-05 2.270000000000000018e+00 6.505353580000000245e-04 2.270000000000000018e+00 1.719524050000000044e-14 2.270000000000000018e+00 5.650809180000000431e-01 2.270000000000000018e+00 3.112883080000000214e-04 2.270000000000000018e+00 9.053708369999999896e-06 2.270000000000000018e+00 3.053195730000000095e-04 2.270000000000000018e+00 3.445653299999999850e-14 2.270000000000000018e+00 5.629528670000000234e-01 2.270000000000000018e+00 1.540650450000000061e-04 2.270000000000000018e+00 2.251705649999999928e-06 2.270000000000000018e+00 1.456511000000000123e-04 2.270000000000000018e+00 6.868997830000000265e-14 2.270000000000000018e+00 5.543652669999999949e-01 2.270000000000000018e+00 7.558920079999999740e-05 2.270000000000000018e+00 6.084371799999999489e-07 2.270000000000000018e+00 7.047365880000000049e-05 2.270000000000000018e+00 1.367352799999999975e-13 2.270000000000000018e+00 5.497633899999999629e-01
2.279999999999999805e+00 1.891737120000000060e-03 2.279999999999999805e+00 2.059018649999999921e-04 2.279999999999999805e+00 2.871143210000000074e-03 2.279999999999999805e+00 6.819400020000000327e-15 2.279999999999999805e+00 4.156317050000000179e-01 2.279999999999999805e+00 1.487733939999999911e-03 2.279999999999999805e+00 8.562775100000000639e-05 2.279999999999999805e+00 1.932233150000000049e-03 2.279999999999999805e+00 1.540166729999999897e-14 2.279999999999999805e+00 5.035520070000000237e-01 2.279999999999999805e+00 9.721829929999999727e-04 2.279999999999999805e+00 4.009189369999999685e-05 2.279999999999999805e+00 1.142749989999999926e-03 2.279999999999999805e+00 3.114371709999999691e-14 2.279999999999999805e+00 4.792176249999999804e-01 2.279999999999999805e+00 5.662922690000000417e-04 2.279999999999999805e+00 1.913445140000000024e-05 2.279999999999999805e+00 6.177619450000000016e-04 2.279999999999999805e+00 6.362077700000000327e-14 2.279999999999999805e+00 4.585417960000000015e-01 2.279999999999999805e+00 3.006024979999999814e-04 2.279999999999999805e+00 6.094493819999999869e-06 2.279999999999999805e+00 3.142661779999999963e-04 2.279999999999999805e+00 1.287330210000000029e-13 2.279999999999999805e+00 4.460381900000000011e-01 2.279999999999999805e+00 9.610707829999999736e-04 2.279999999999999805e+00 1.385732899999999961e-04 2.279999999999999805e+00 1.252627129999999995e-03 2.279999999999999805e+00 9.722421309999999687e-15 2.279999999999999805e+00 4.959290650000000023e-01 2.279999999999999805e+00 6.026658250000000144e-04 2.279999999999999805e+00 3.848701079999999951e-05 2.279999999999999805e+00 6.565561500000000311e-04 2.279999999999999805e+00 1.719569040000000148e-14 2.279999999999999805e+00 5.650809180000000431e-01 2.279999999999999805e+00 3.123903319999999837e-04 2.279999999999999805e+00 9.290631509999999779e-06 2.279999999999999805e+00 3.084379770000000008e-04 2.279999999999999805e+00 3.445713230000000104e-14 2.279999999999999805e+00 5.629528670000000234e-01 2.279999999999999805e+00 1.547269289999999968e-04 2.279999999999999805e+00 2.318634889999999849e-06 2.279999999999999805e+00 1.471950629999999949e-04 2.279999999999999805e+00 6.869126340000000163e-14 2.279999999999999805e+00 5.543652669999999949e-01 2.279999999999999805e+00 7.593819480000000058e-05 2.279999999999999805e+00 6.290142400000000205e-07 2.279999999999999805e+00 7.123129700000000201e-05 2.279999999999999805e+00 1.367384910000000063e-13 2.279999999999999805e+00 5.497633899999999629e-01
2.290000000000000036e+00 1.891419430000000103e-03 2.290000000000000036e+00 2.078206500000000039e-04 2.290000000000000036e+00 2.890059019999999864e-03 2.290000000000000036e+00 6.819561119999999722e-15 2.290000000000000036e+00 4.156317050000000179e-01 2.290000000000000036e+00 1.488231729999999918e-03 2.290000000000000036e+00 8.729343900000000012e-05 2.290000000000000036e+00 1.947113020000000019e-03 2.290000000000000036e+00 1.540290440000000027e-14 2.290000000000000036e+00 5.035520070000000237e-01 2.290000000000000036e+00 9.729383730000000421e-04 2.290000000000000036e+00 4.166728600000000173e-05 2.290000000000000036e+00 1.152475669999999952e-03 2.290000000000000036e+00 3.114704160000000105e-14 2.290000000000000036e+00 4.792176249999999804e-01 2.290000000000000036e+00 5.670125650000000040e-04 2.290000000000000036e+00 2.025166430000000095e-05 2.290000000000000036e+00 6.234285459999999680e-04 2.290000000000000036e+00 6.362553380000000513e-14 2.290000000000000036e+00 4.585417960000000015e-01 2.290000000000000036e+00 3.012817869999999767e-04 2.290000000000000036e+00 6.506797319999999707e-06 2.290000000000000036e+00 3.172756360000000071e-04 2.290000000000000036e+00 1.287405970000000020e-13 2.290000000000000036e+00 4.460381900000000011e-01 2.290000000000000036e+00 9.612314099999999875e-04 2.290000000000000036e+00 1.405733880000000055e-04 2.290000000000000036e+00 1.262238680000000047e-03 2.290000000000000036e+00 9.722679630000000510e-15 2.290000000000000036e+00 4.959290650000000023e-01 2.290000000000000036e+00 6.038123450000000428e-04 2.290000000000000036e+00 3.933025340000000309e-05 2.290000000000000036e+00 6.625885679999999863e-04 2.290000000000000036e+00 1.719614339999999880e-14 2.290000000000000036e+00 5.650809180000000431e-01 2.290000000000000036e+00 3.134797169999999794e-04 2.290000000000000036e+00 9.537187470000000429e-06 2.290000000000000036e+00 3.115673380000000118e-04 2.290000000000000036e+00 3.445772870000000095e-14 2.290000000000000036e+00 5.629528670000000234e-01 2.290000000000000036e+00 1.553846189999999949e-04 2.290000000000000036e+00 2.388721210000000172e-06 2.290000000000000036e+00 1.487456239999999865e-04 2.290000000000000036e+00 6.869252119999999606e-14 2.290000000000000036e+00 5.543652669999999949e-01 2.290000000000000036e+00 7.628570419999999451e-05 2.290000000000000036e+00 6.506767500000000167e-07 2.290000000000000036e+00 7.199241770000000659e-05 2.290000000000000036e+00 1.367416279999999906e-13 2.290000000000000036e+00 5.497633899999999629e-01
2.299999999999999822e+00 1.891068020000000009e-03 2.299999999999999822e+00 2.097674349999999958e-04 2.299999999999999822e+00 2.908971489999999990e-03 2.299999999999999822e+00 6.819727809999999687e-15 2.299999999999999822e+00 4.156317050000000179e-01 2.299999999999999822e+00 1.488676860000000008e-03 2.299999999999999822e+00 8.900032350000000331e-05 2.299999999999999822e+00 1.961997610000000211e-03 2.299999999999999822e+00 1.540418120000000074e-14 2.299999999999999822e+00 5.035520070000000237e-01 2.299999999999999822e+00 9.736043440000000191e-04 2.299999999999999822e+00 4.332807410000000329e-05 2.299999999999999822e+00 1.162208459999999974e-03 2.299999999999999822e+00 3.115048990000000184e-14 2.299999999999999822e+00 4.792176249999999804e-01 2.299999999999999822e+00 5.676379779999999545e-04 2.299999999999999822e+00 2.145923540000000166e-05 2.299999999999999822e+00 6.291018800000000273e-04 2.299999999999999822e+00 6.363047120000000603e-14 2.299999999999999822e+00 4.585417960000000015e-01 2.299999999999999822e+00 3.019145519999999862e-04 2.299999999999999822e+00 6.961451789999999998e-06 2.299999999999999822e+00 3.202916590000000232e-04 2.299999999999999822e+00 1.287484750000000099e-13 2.299999999999999822e+00 4.460381900000000011e-01 2.299999999999999822e+00 9.613485140000000047e-04 2.299999999999999822e+00 1.426125419999999986e-04 2.299999999999999822e+00 1.271851619999999966e-03 2.299999999999999822e+00 9.722943320000000367e-15 2.299999999999999822e+00 4.959290650000000023e-01 2.299999999999999822e+00 6.049257899999999598e-04 2.299999999999999822e+00 4.020029730000000196e-05 2.299999999999999822e+00 6.686322860000000002e-04 2.299999999999999822e+00 1.719660059999999853e-14 2.299999999999999822e+00 5.650809180000000431e-01 2.299999999999999822e+00 3.145559499999999982e-04 2.299999999999999822e+00 9.794001739999999700e-06 2.299999999999999822e+00 3.147075270000000160e-04 2.299999999999999822e+00 3.445832430000000100e-14 2.299999999999999822e+00 5.629528670000000234e-01 2.299999999999999822e+00 1.560379240000000047e-04 2.299999999999999822e+00 2.462189209999999940e-06 2.299999999999999822e+00 1.503027409999999921e-04 2.299999999999999822e+00 6.869375510000000425e-14 2.299999999999999822e+00 5.543652669999999949e-01 2.299999999999999822e+00 7.663166170000000144e-05 2.299999999999999822e+00 6.735052630000000224e-07 2.299999999999999822e+00 7.275700590000000641e-05 2.299999999999999822e+00 1.367446989999999994e-13 2.299999999999999822e+00 5.497633899999999629e-01
2.310000000000000053e+00 1.890682899999999956e-03 2.310000000000000053e+00 2.117428249999999898e-04 2.310000000000000053e+00 2.927880270000000115e-03 2.310000000000000053e+00 6.819900620000000129e-15 2.310000000000000053e+00 4.156317050000000179e-01 2.310000000000000053e+00 1.489068930000000046e-03 2.310000000000000053e+00 9.074970959999999708e-05 2.310000000000000053e+00 1.976886379999999964e-03 2.310000000000000053e+00 1.540550039999999989e-14 2.310000000000000053e+00 5.035520070000000237e-01 2.310000000000000053e+00 9.741772299999999557e-04 2.310000000000000053e+00 4.507948260000000138e-05 2.310000000000000053e+00 1.171947439999999983e-03 2.310000000000000053e+00 3.115406950000000108e-14 2.310000000000000053e+00 4.792176249999999804e-01 2.310000000000000053e+00 5.681622280000000504e-04 2.310000000000000053e+00 2.276437929999999913e-05 2.310000000000000053e+00 6.347809679999999715e-04 2.310000000000000053e+00 6.363560010000000085e-14 2.310000000000000053e+00 4.585417960000000015e-01 2.310000000000000053e+00 3.024963130000000219e-04 2.310000000000000053e+00 7.463275649999999736e-06 2.310000000000000053e+00 3.233137569999999968e-04 2.310000000000000053e+00 1.287566740000000042e-13 2.310000000000000053e+00 4.460381900000000011e-01 2.310000000000000053e+00 9.614214110000000478e-04 2.310000000000000053e+00 1.446921369999999978e-04 2.310000000000000053e+00 1.281465500000000032e-03 2.310000000000000053e+00 9.723213140000000698e-15 2.310000000000000053e+00 4.959290650000000023e-01 2.310000000000000053e+00 6.060051879999999629e-04 2.310000000000000053e+00 4.109852319999999907e-05 2.310000000000000053e+00 6.746869699999999978e-04 2.310000000000000053e+00 1.719706310000000046e-14 2.310000000000000053e+00 5.650809180000000431e-01 2.310000000000000053e+00 3.156184749999999851e-04 2.310000000000000053e+00 1.006174849999999991e-05 2.310000000000000053e+00 3.178584110000000026e-04 2.310000000000000053e+00 3.445892090000000087e-14 2.310000000000000053e+00 5.629528670000000234e-01 2.310000000000000053e+00 1.566866400000000012e-04 2.310000000000000053e+00 2.539282579999999894e-06 2.310000000000000053e+00 1.518663670000000099e-04 2.310000000000000053e+00 6.869496830000000039e-14 2.310000000000000053e+00 5.543652669999999949e-01 2.310000000000000053e+00 7.697599440000000637e-05 2.310000000000000053e+00 6.975873269999999801e-07 2.310000000000000053e+00 7.352504550000000616e-05 2.310000000000000053e+00 1.367477090000000002e-13 2.310000000000000053e+00 5.497633899999999629e-01
2.319999999999999840e+00 1.890264059999999984e-03 2.319999999999999840e+00 2.137474369999999870e-04 2.319999999999999840e+00 2.946785029999999823e-03 2.319999999999999840e+00 6.820080070000000164e-15 2.319999999999999840e+00 4.156317050000000179e-01 2.319999999999999840e+00 1.489407519999999974e-03 2.319999999999999840e+00 9.254294759999999605e-05 2.319999999999999840e+00 1.991778809999999837e-03 2.319999999999999840e+00 1.540686460000000041e-14 2.319999999999999840e+00 5.035520070000000237e-01 2.319999999999999840e+00 9.746531799999999524e-04 2.319999999999999840e+00 4.692698999999999910e-05 2.319999999999999840e+00 1.181691680000000006e-03 2.319999999999999840e+00 3.115778810000000053e-14 2.319999999999999840e+00 4.792176249999999804e-01 2.319999999999999840e+00 5.685789270000000126e-04 2.319999999999999840e+00 2.417446020000000085e-05 2.319999999999999840e+00 6.404647659999999606e-04 2.319999999999999840e+00 6.364093229999999378e-14 2.319999999999999840e+00 4.585417960000000015e-01 2.319999999999999840e+00 3.030222610000000007e-04 2.319999999999999840e+00 8.017456159999999260e-06 2.319999999999999840e+00 3.263413989999999895e-04 2.319999999999999840e+00 1.287652150000000000e-13 2.319999999999999840e+00 4.460381900000000011e-01 2.319999999999999840e+00 9.614493850000000504e-04 2.319999999999999840e+00 1.468136160000000105e-04 2.319999999999999840e+00 1.291079890000000011e-03 2.319999999999999840e+00 9.723489809999999795e-15 2.319999999999999840e+00 4.959290650000000023e-01 2.319999999999999840e+00 6.070495059999999514e-04 2.319999999999999840e+00 4.202639230000000095e-05 2.319999999999999840e+00 6.807522729999999564e-04 2.319999999999999840e+00 1.719753210000000122e-14 2.319999999999999840e+00 5.650809180000000431e-01 2.319999999999999840e+00 3.166666949999999946e-04 2.319999999999999840e+00 1.034115409999999929e-05 2.319999999999999840e+00 3.210198489999999930e-04 2.319999999999999840e+00 3.445952039999999707e-14 2.319999999999999840e+00 5.629528670000000234e-01 2.319999999999999840e+00 1.573305419999999888e-04 2.319999999999999840e+00 2.620265689999999980e-06 2.319999999999999840e+00 1.534364570000000029e-04 2.319999999999999840e+00 6.869616429999999963e-14 2.319999999999999840e+00 5.543652669999999949e-01 2.319999999999999840e+00 7.731862239999999519e-05 2.319999999999999840e+00 7.230181270000000069e-07 2.319999999999999840e+00 7.429652009999999549e-05 2.319999999999999840e+00 1.367506659999999916e-13 2.319999999999999840e+00 5.497633899999999629e-01
2.330000000000000071e+00 1.889811520000000012e-03 2.330000000000000071e+00 2.157819040000000059e-04 2.330000000000000071e+00 2.965685439999999999e-03 2.330000000000000071e+00 6.820266729999999689e-15 2.330000000000000071e+00 4.156317050000000179e-01 2.330000000000000071e+00 1.489692190000000034e-03 2.330000000000000071e+00 9.438143389999999872e-05 2.330000000000000071e+00 2.006674349999999860e-03 2.330000000000000071e+00 1.540827699999999855e-14 2.330000000000000071e+00 5.035520070000000237e-01 2.330000000000000071e+00 9.750281770000000141e-04 2.330000000000000071e+00 4.887632039999999939e-05 2.330000000000000071e+00 1.191440169999999962e-03 2.330000000000000071e+00 3.116165389999999872e-14 2.330000000000000071e+00 4.792176249999999804e-01 2.330000000000000071e+00 5.688817120000000047e-04 2.330000000000000071e+00 2.569684710000000121e-05 2.330000000000000071e+00 6.461521669999999726e-04 2.330000000000000071e+00 6.364647969999999845e-14 2.330000000000000071e+00 4.585417960000000015e-01 2.330000000000000071e+00 3.034873189999999889e-04 2.330000000000000071e+00 8.629487339999999525e-06 2.330000000000000071e+00 3.293740000000000079e-04 2.330000000000000071e+00 1.287741179999999938e-13 2.330000000000000071e+00 4.460381900000000011e-01 2.330000000000000071e+00 9.614316839999999817e-04 2.330000000000000071e+00 1.489784769999999870e-04 2.330000000000000071e+00 1.300694339999999968e-03 2.330000000000000071e+00 9.723774120000000672e-15 2.330000000000000071e+00 4.959290650000000023e-01 2.330000000000000071e+00 6.080576529999999480e-04 2.330000000000000071e+00 4.298544840000000122e-05 2.330000000000000071e+00 6.868278389999999973e-04 2.330000000000000071e+00 1.719800880000000059e-14 2.330000000000000071e+00 5.650809180000000431e-01 2.330000000000000071e+00 3.176999669999999937e-04 2.330000000000000071e+00 1.063300059999999931e-05 2.330000000000000071e+00 3.241916949999999742e-04 2.330000000000000071e+00 3.446012489999999867e-14 2.330000000000000071e+00 5.629528670000000234e-01 2.330000000000000071e+00 1.579693880000000131e-04 2.330000000000000071e+00 2.705425389999999953e-06 2.330000000000000071e+00 1.550129610000000081e-04 2.330000000000000071e+00 6.869734660000000450e-14 2.330000000000000071e+00 5.543652669999999949e-01 2.330000000000000071e+00 7.765945920000000182e-05 2.330000000000000071e+00 7.499011680000000132e-07 2.330000000000000071e+00 7.507141199999999362e-05 2.330000000000000071e+00 1.367535760000000104e-13 2.330000000000000071e+00 5.497633899999999629e-01
2.339999999999999858e+00 1.889325239999999984e-03 2.339999999999999858e+00 2.178468720000000132e-04 2.339999999999999858e+00 2.984581149999999874e-03 2.339999999999999858e+00 6.820461160000000183e-15 2.339999999999999858e+00 4.156317050000000179e-01 2.339999999999999858e+00 1.489922450000000015e-03 2.339999999999999858e+00 9.626661270000000500e-05 2.339999999999999858e+00 2.021572469999999982e-03 2.339999999999999858e+00 1.540974040000000014e-14 2.339999999999999858e+00 5.035520070000000237e-01 2.339999999999999858e+00 9.752980519999999943e-04 2.339999999999999858e+00 5.093342809999999742e-05 2.339999999999999858e+00 1.201191890000000021e-03 2.339999999999999858e+00 3.116567510000000049e-14 2.339999999999999858e+00 4.792176249999999804e-01 2.339999999999999858e+00 5.690644039999999968e-04 2.339999999999999858e+00 2.733873209999999879e-05 2.339999999999999858e+00 6.518420000000000247e-04 2.339999999999999858e+00 6.365225479999999683e-14 2.339999999999999858e+00 4.585417960000000015e-01 2.339999999999999858e+00 3.038862339999999973e-04 2.339999999999999858e+00 9.305069159999999158e-06 2.339999999999999858e+00 3.324109249999999873e-04 2.339999999999999858e+00 1.287834030000000071e-13 2.339999999999999858e+00 4.460381900000000011e-01 2.339999999999999858e+00 9.613675230000000510e-04 2.339999999999999858e+00 1.511882790000000133e-04 2.339999999999999858e+00 1.310308370000000085e-03 2.339999999999999858e+00 9.724066870000000030e-15 2.339999999999999858e+00 4.959290650000000023e-01 2.339999999999999858e+00 6.090284770000000021e-04 2.339999999999999858e+00 4.397731980000000142e-05 2.339999999999999858e+00 6.929133019999999567e-04 2.339999999999999858e+00 1.719849460000000148e-14 2.339999999999999858e+00 5.650809180000000431e-01 2.339999999999999858e+00 3.187175989999999830e-04 2.339999999999999858e+00 1.093812920000000040e-05 2.339999999999999858e+00 3.273737960000000155e-04 2.339999999999999858e+00 3.446073650000000216e-14 2.339999999999999858e+00 5.629528670000000234e-01 2.339999999999999858e+00 1.586029139999999905e-04 2.339999999999999858e+00 2.795072809999999976e-06 2.339999999999999858e+00 1.565958269999999895e-04 2.339999999999999858e+00 6.869851870000000489e-14 2.339999999999999858e+00 5.543652669999999949e-01 2.339999999999999858e+00 7.799840999999999578e-05 2.339999999999999858e+00 7.783490159999999559e-07 2.339999999999999858e+00 7.584970299999999467e-05 2.339999999999999858e+00 1.367564470000000047e-13 2.339999999999999858e+00 5.497633899999999629e-01
2.350000000000000089e+00 1.888805199999999979e-03 2.350000000000000089e+00 2.199430010000000008e-04 2.350000000000000089e+00 3.003471829999999898e-03 2.350000000000000089e+00 6.820663939999999961e-15 2.350000000000000089e+00 4.156317050000000179e-01 2.350000000000000089e+00 1.490097780000000042e-03 2.350000000000000089e+00 9.819997730000000024e-05 2.350000000000000089e+00 2.036472619999999800e-03 2.350000000000000089e+00 1.541125800000000143e-14 2.350000000000000089e+00 5.035520070000000237e-01 2.350000000000000089e+00 9.754584979999999725e-04 2.350000000000000089e+00 5.310447600000000055e-05 2.350000000000000089e+00 1.210945769999999906e-03 2.350000000000000089e+00 3.116986069999999791e-14 2.350000000000000089e+00 4.792176249999999804e-01 2.350000000000000089e+00 5.691212059999999507e-04 2.350000000000000089e+00 2.910690969999999998e-05 2.350000000000000089e+00 6.575330350000000443e-04 2.350000000000000089e+00 6.365827070000000235e-14 2.350000000000000089e+00 4.585417960000000015e-01 2.350000000000000089e+00 3.042137150000000256e-04 2.350000000000000089e+00 1.004996199999999971e-05 2.350000000000000089e+00 3.354514860000000205e-04 2.350000000000000089e+00 1.287930929999999917e-13 2.350000000000000089e+00 4.460381900000000011e-01 2.350000000000000089e+00 9.612560839999999491e-04 2.350000000000000089e+00 1.534446339999999908e-04 2.350000000000000089e+00 1.319921529999999992e-03 2.350000000000000089e+00 9.724368849999999304e-15 2.350000000000000089e+00 4.959290650000000023e-01 2.350000000000000089e+00 6.099607669999999654e-04 2.350000000000000089e+00 4.500371990000000055e-05 2.350000000000000089e+00 6.990082809999999475e-04 2.350000000000000089e+00 1.719899060000000053e-14 2.350000000000000089e+00 5.650809180000000431e-01 2.350000000000000089e+00 3.197188470000000078e-04 2.350000000000000089e+00 1.125744390000000042e-05 2.350000000000000089e+00 3.305659929999999933e-04 2.350000000000000089e+00 3.446135720000000085e-14 2.350000000000000089e+00 5.629528670000000234e-01 2.350000000000000089e+00 1.592308350000000026e-04 2.350000000000000089e+00 2.889545379999999901e-06 2.350000000000000089e+00 1.581850010000000002e-04 2.350000000000000089e+00 6.869968410000000332e-14 2.350000000000000089e+00 5.543652669999999949e-01 2.350000000000000089e+00 7.833537200000000565e-05 2.350000000000000089e+00 8.084840969999999832e-07 2.350000000000000089e+00 7.663137359999999524e-05 2.350000000000000089e+00 1.367592839999999925e-13 2.350000000000000089e+00 5.497633899999999629e-01
2.359999999999999876e+00 1.888251359999999941e-03 2.359999999999999876e+00 2.220709680000000012e-04 2.359999999999999876e+00 3.022357140000000129e-03 2.359999999999999876e+00 6.820875689999999703e-15 2.359999999999999876e+00 4.156317050000000179e-01 2.359999999999999876e+00 1.490217669999999986e-03 2.359999999999999876e+00 1.001830710000000004e-04 2.359999999999999876e+00 2.051374239999999814e-03 2.359999999999999876e+00 1.541283309999999868e-14 2.359999999999999876e+00 5.035520070000000237e-01 2.359999999999999876e+00 9.755050960000000420e-04 2.359999999999999876e+00 5.539580569999999731e-05 2.359999999999999876e+00 1.220700680000000012e-03 2.359999999999999876e+00 3.117421959999999883e-14 2.359999999999999876e+00 4.792176249999999804e-01 2.359999999999999876e+00 5.690469220000000288e-04 2.359999999999999876e+00 3.100752269999999892e-05 2.359999999999999876e+00 6.632239869999999619e-04 2.359999999999999876e+00 6.366454080000000628e-14 2.359999999999999876e+00 4.585417960000000015e-01 2.359999999999999876e+00 3.044646149999999862e-04 2.359999999999999876e+00 1.086979319999999957e-05 2.359999999999999876e+00 3.384949440000000246e-04 2.359999999999999876e+00 1.288032110000000002e-13 2.359999999999999876e+00 4.460381900000000011e-01 2.359999999999999876e+00 9.610965180000000324e-04 2.359999999999999876e+00 1.557492109999999996e-04 2.359999999999999876e+00 1.329533329999999913e-03 2.359999999999999876e+00 9.724680929999999914e-15 2.359999999999999876e+00 4.959290650000000023e-01 2.359999999999999876e+00 6.108532520000000375e-04 2.359999999999999876e+00 4.606644760000000151e-05 2.359999999999999876e+00 7.051123840000000182e-04 2.359999999999999876e+00 1.719949830000000063e-14 2.359999999999999876e+00 5.650809180000000431e-01 2.359999999999999876e+00 3.207029149999999964e-04 2.359999999999999876e+00 1.159191469999999946e-05 2.359999999999999876e+00 3.337681159999999906e-04 2.359999999999999876e+00 3.446198909999999752e-14 2.359999999999999876e+00 5.629528670000000234e-01 2.359999999999999876e+00 1.598528399999999913e-04 2.359999999999999876e+00 2.989208780000000197e-06 2.359999999999999876e+00 1.597804240000000049e-04 2.359999999999999876e+00 6.870084660000000544e-14 2.359999999999999876e+00 5.543652669999999949e-01 2.359999999999999876e+00 7.867023320000000462e-05 2.359999999999999876e+00 8.404395510000000392e-07 2.359999999999999876e+00 7.741640340000000096e-05 2.359999999999999876e+00 1.367620959999999911e-13 2.359999999999999876e+00 5.497633899999999629e-01
2.370000000000000107e+00 1.887663670000000070e-03 2.370000000000000107e+00 2.242314649999999868e-04 2.370000000000000107e+00 3.041236750000000152e-03 2.370000000000000107e+00 6.821097030000000085e-15 2.370000000000000107e+00 4.156317050000000179e-01 2.370000000000000107e+00 1.490281520000000075e-03 2.370000000000000107e+00 1.022174899999999943e-04 2.370000000000000107e+00 2.066276780000000056e-03 2.370000000000000107e+00 1.541446900000000076e-14 2.370000000000000107e+00 5.035520070000000237e-01 2.370000000000000107e+00 9.754333499999999534e-04 2.370000000000000107e+00 5.781389809999999831e-05 2.370000000000000107e+00 1.230455469999999947e-03 2.370000000000000107e+00 3.117876149999999836e-14 2.370000000000000107e+00 4.792176249999999804e-01 2.370000000000000107e+00 5.688372060000000327e-04 2.370000000000000107e+00 3.304578450000000226e-05 2.370000000000000107e+00 6.689135220000000121e-04 2.370000000000000107e+00 6.367107910000000609e-14 2.370000000000000107e+00 4.585417960000000015e-01 2.370000000000000107e+00 3.046341530000000095e-04 2.370000000000000107e+00 1.176981930000000050e-05 2.370000000000000107e+00 3.415405070000000201e-04 2.370000000000000107e+00 1.288137800000000095e-13 2.370000000000000107e+00 4.460381900000000011e-01 2.370000000000000107e+00 9.608879500000000028e-04 2.370000000000000107e+00 1.581037280000000054e-04 2.370000000000000107e+00 1.339143299999999990e-03 2.370000000000000107e+00 9.725003970000000130e-15 2.370000000000000107e+00 4.959290650000000023e-01 2.370000000000000107e+00 6.117046010000000075e-04 2.370000000000000107e+00 4.716738600000000011e-05 2.370000000000000107e+00 7.112252090000000405e-04 2.370000000000000107e+00 1.720001890000000156e-14 2.370000000000000107e+00 5.650809180000000431e-01 2.370000000000000107e+00 3.216689480000000040e-04 2.370000000000000107e+00 1.194258099999999949e-05 2.370000000000000107e+00 3.369799909999999978e-04 2.370000000000000107e+00 3.446263459999999805e-14 2.370000000000000107e+00 5.629528670000000234e-01 2.370000000000000107e+00 1.604685960000000130e-04 2.370000000000000107e+00 3.094459150000000024e-06 2.370000000000000107e+00 1.613820369999999953e-04 2.370000000000000107e+00 6.870200989999999479e-14 2.370000000000000107e+00 5.543652669999999949e-01 2.370000000000000107e+00 7.900287160000000585e-05 2.370000000000000107e+00 8.743601480000000098e-07 2.370000000000000107e+00 7.820477090000000286e-05 2.370000000000000107e+00 1.367648900000000055e-13 2.370000000000000107e+00 5.497633899999999629e-01
2.379999999999999893e+00 1.887042059999999993e-03 2.379999999999999893e+00 2.264251959999999907e-04 2.379999999999999893e+00 3.060110300000000103e-03 2.379999999999999893e+00 6.821328580000000206e-15 2.379999999999999893e+00 4.156317050000000179e-01 2.379999999999999893e+00 1.490288750000000025e-03 2.379999999999999893e+00 1.043048800000000035e-04 2.379999999999999893e+00 2.081179680000000160e-03 2.379999999999999893e+00 1.541616940000000070e-14 2.379999999999999893e+00 5.035520070000000237e-01 2.379999999999999893e+00 9.752387179999999663e-04 2.379999999999999893e+00 6.036532360000000213e-05 2.379999999999999893e+00 1.240208939999999952e-03 2.379999999999999893e+00 3.118349629999999787e-14 2.379999999999999893e+00 4.792176249999999804e-01 2.379999999999999893e+00 5.684888029999999584e-04 2.379999999999999893e+00 3.522569210000000027e-05 2.379999999999999893e+00 6.746002690000000353e-04 2.379999999999999893e+00 6.367790039999999913e-14 2.379999999999999893e+00 4.585417960000000015e-01 2.379999999999999893e+00 3.047181590000000071e-04 2.379999999999999893e+00 1.275465319999999968e-05 2.379999999999999893e+00 3.445873419999999744e-04 2.379999999999999893e+00 1.288248250000000089e-13 2.379999999999999893e+00 4.460381900000000011e-01 2.379999999999999893e+00 9.606294779999999950e-04 2.379999999999999893e+00 1.605099539999999870e-04 2.379999999999999893e+00 1.348750930000000093e-03 2.379999999999999893e+00 9.725338859999999789e-15 2.379999999999999893e+00 4.959290650000000023e-01 2.379999999999999893e+00 6.125134309999999806e-04 2.379999999999999893e+00 4.830850009999999829e-05 2.379999999999999893e+00 7.173463349999999617e-04 2.379999999999999893e+00 1.720055399999999989e-14 2.379999999999999893e+00 5.650809180000000431e-01 2.379999999999999893e+00 3.226160359999999806e-04 2.379999999999999893e+00 1.231055399999999950e-05 2.379999999999999893e+00 3.402014319999999994e-04 2.379999999999999893e+00 3.446329579999999892e-14 2.379999999999999893e+00 5.629528670000000234e-01 2.379999999999999893e+00 1.610777380000000085e-04 2.379999999999999893e+00 3.205725229999999902e-06 2.379999999999999893e+00 1.629897739999999914e-04 2.379999999999999893e+00 6.870317789999999907e-14 2.379999999999999893e+00 5.543652669999999949e-01 2.379999999999999893e+00 7.933315469999999668e-05 2.379999999999999893e+00 9.104032520000000435e-07 2.379999999999999893e+00 7.899645300000000651e-05 2.379999999999999893e+00 1.367676729999999904e-13 2.379999999999999893e+00 5.497633899999999629e-01
2.390000000000000124e+00 1.886386459999999992e-03 2.390000000000000124e+00 2.286528870000000121e-04 2.390000000000000124e+00 3.078977469999999959e-03 2.390000000000000124e+00 6.821571029999999942e-15 2.390000000000000124e+00 4.156317050000000179e-01 2.390000000000000124e+00 1.490238720000000008e-03 2.390000000000000124e+00 1.064469460000000048e-04 2.390000000000000124e+00 2.096082369999999803e-03 2.390000000000000124e+00 1.541793790000000099e-14 2.390000000000000124e+00 5.035520070000000237e-01 2.390000000000000124e+00 9.749166639999999910e-04 2.390000000000000124e+00 6.305668109999999511e-05 2.390000000000000124e+00 1.249959819999999899e-03 2.390000000000000124e+00 3.118843420000000184e-14 2.390000000000000124e+00 4.792176249999999804e-01 2.390000000000000124e+00 5.679997929999999967e-04 2.390000000000000124e+00 3.754975260000000258e-05 2.390000000000000124e+00 6.802828289999999839e-04 2.390000000000000124e+00 6.368501970000000163e-14 2.390000000000000124e+00 4.585417960000000015e-01 2.390000000000000124e+00 3.047133440000000023e-04 2.390000000000000124e+00 1.382797730000000066e-05 2.390000000000000124e+00 3.476345740000000230e-04 2.390000000000000124e+00 1.288363720000000063e-13 2.390000000000000124e+00 4.460381900000000011e-01 2.390000000000000124e+00 9.603201810000000027e-04 2.390000000000000124e+00 1.629696980000000072e-04 2.390000000000000124e+00 1.358355720000000051e-03 2.390000000000000124e+00 9.725686530000000303e-15 2.390000000000000124e+00 4.959290650000000023e-01 2.390000000000000124e+00 6.132783059999999484e-04 2.390000000000000124e+00 4.949183249999999825e-05 2.390000000000000124e+00 7.234753309999999863e-04 2.390000000000000124e+00 1.720110489999999852e-14 2.390000000000000124e+00 5.650809180000000431e-01 2.390000000000000124e+00 3.235432080000000114e-04 2.390000000000000124e+00 1.269701980000000040e-05 2.390000000000000124e+00 3.434322450000000114e-04 2.390000000000000124e+00 3.446397509999999968e-14 2.390000000000000124e+00 5.629528670000000234e-01 2.390000000000000124e+00 1.616798739999999990e-04 2.390000000000000124e+00 3.323470570000000209e-06 2.390000000000000124e+00 1.646035679999999896e-04 2.390000000000000124e+00 6.870435449999999550e-14 2.390000000000000124e+00 5.543652669999999949e-01 2.390000000000000124e+00 7.966093819999999534e-05 2.390000000000000124e+00 9.487398490000000452e-07 2.390000000000000124e+00 7.979142559999999437e-05 2.390000000000000124e+00 1.367704529999999948e-13 2.390000000000000124e+00 5.497633899999999629e-01
2.399999999999999911e+00 1.885696799999999913e-03 2.399999999999999911e+00 2.309152740000000104e-04 2.399999999999999911e+00 3.097837920000000213e-03 2.399999999999999911e+00 6.821825039999999964e-15 2.399999999999999911e+00 4.156317050000000179e-01 2.399999999999999911e+00 1.490130760000000099e-03 2.399999999999999911e+00 1.086454430000000060e-04 2.399999999999999911e+00 2.110984260000000039e-03 2.399999999999999911e+00 1.541977830000000097e-14 2.399999999999999911e+00 5.035520070000000237e-01 2.399999999999999911e+00 9.744627140000000154e-04 2.399999999999999911e+00 6.589452330000000182e-05 2.399999999999999911e+00 1.259706829999999913e-03 2.399999999999999911e+00 3.119358609999999883e-14 2.399999999999999911e+00 4.792176249999999804e-01 2.399999999999999911e+00 5.673697839999999794e-04 2.399999999999999911e+00 4.001874579999999950e-05 2.399999999999999911e+00 6.859597939999999543e-04 2.399999999999999911e+00 6.369245299999999808e-14 2.399999999999999911e+00 4.585417960000000015e-01 2.399999999999999911e+00 3.046175450000000186e-04 2.399999999999999911e+00 1.499227019999999991e-05 2.399999999999999911e+00 3.506813050000000135e-04 2.399999999999999911e+00 1.288484470000000095e-13 2.399999999999999911e+00 4.460381900000000011e-01 2.399999999999999911e+00 9.599591199999999835e-04 2.399999999999999911e+00 1.654848109999999882e-04 2.399999999999999911e+00 1.367957159999999952e-03 2.399999999999999911e+00 9.726047929999999923e-15 2.399999999999999911e+00 4.959290650000000023e-01 2.399999999999999911e+00 6.139977449999999741e-04 2.399999999999999911e+00 5.071949829999999713e-05 2.399999999999999911e+00 7.296117489999999527e-04 2.399999999999999911e+00 1.720167320000000033e-14 2.399999999999999911e+00 5.650809180000000431e-01 2.399999999999999911e+00 3.244494309999999956e-04 2.399999999999999911e+00 1.310324029999999940e-05 2.399999999999999911e+00 3.466722259999999818e-04 2.399999999999999911e+00 3.446467489999999990e-14 2.399999999999999911e+00 5.629528670000000234e-01 2.399999999999999911e+00 1.622745809999999944e-04 2.399999999999999911e+00 3.448195769999999982e-06 2.399999999999999911e+00 1.662233470000000068e-04 2.399999999999999911e+00 6.870554369999999596e-14 2.399999999999999911e+00 5.543652669999999949e-01 2.399999999999999911e+00 7.998606569999999521e-05 2.399999999999999911e+00 9.895556199999999685e-07 2.399999999999999911e+00 8.058966289999999907e-05 2.399999999999999911e+00 1.367732379999999919e-13 2.399999999999999911e+00 5.497633899999999629e-01
2.410000000000000142e+00 1.884972969999999977e-03 2.410000000000000142e+00 2.332131139999999965e-04 2.410000000000000142e+00 3.116691300000000095e-03 2.410000000000000142e+00 6.822091330000000141e-15 2.410000000000000142e+00 4.156317050000000179e-01 2.410000000000000142e+00 1.489964189999999980e-03 2.410000000000000142e+00 1.109021849999999957e-04 2.410000000000000142e+00 2.125884790000000073e-03 2.410000000000000142e+00 1.542169469999999988e-14 2.410000000000000142e+00 5.035520070000000237e-01 2.410000000000000142e+00 9.738725179999999657e-04 2.410000000000000142e+00 6.888527070000000183e-05 2.410000000000000142e+00 1.269448619999999969e-03 2.410000000000000142e+00 3.119896310000000262e-14 2.410000000000000142e+00 4.792176249999999804e-01 2.410000000000000142e+00 5.666000659999999561e-04 2.410000000000000142e+00 4.263155229999999703e-05 2.410000000000000142e+00 6.916297590000000314e-04 2.410000000000000142e+00 6.370021650000000451e-14 2.410000000000000142e+00 4.585417960000000015e-01 2.410000000000000142e+00 3.044299300000000196e-04 2.410000000000000142e+00 1.624858080000000040e-05 2.410000000000000142e+00 3.537266189999999739e-04 2.410000000000000142e+00 1.288610779999999884e-13 2.410000000000000142e+00 4.460381900000000011e-01 2.410000000000000142e+00 9.595453460000000429e-04 2.410000000000000142e+00 1.680571699999999921e-04 2.410000000000000142e+00 1.377554719999999960e-03 2.410000000000000142e+00 9.726424050000000048e-15 2.410000000000000142e+00 4.959290650000000023e-01 2.410000000000000142e+00 6.146702259999999593e-04 2.410000000000000142e+00 5.199367660000000059e-05 2.410000000000000142e+00 7.357551289999999643e-04 2.410000000000000142e+00 1.720226029999999876e-14 2.410000000000000142e+00 5.650809180000000431e-01 2.410000000000000142e+00 3.253336110000000221e-04 2.410000000000000142e+00 1.353055490000000082e-05 2.410000000000000142e+00 3.499211600000000106e-04 2.410000000000000142e+00 3.446539770000000230e-14 2.410000000000000142e+00 5.629528670000000234e-01 2.410000000000000142e+00 1.628614039999999965e-04 2.410000000000000142e+00 3.580440590000000127e-06 2.410000000000000142e+00 1.678490339999999981e-04 2.410000000000000142e+00 6.870674970000000602e-14 2.410000000000000142e+00 5.543652669999999949e-01 2.410000000000000142e+00 8.030836730000000300e-05 2.410000000000000142e+00 1.033052050000000027e-06 2.410000000000000142e+00 8.139113749999999997e-05 2.410000000000000142e+00 1.367760350000000121e-13 2.410000000000000142e+00 5.497633899999999629e-01
2.419999999999999929e+00 1.884214859999999974e-03 2.419999999999999929e+00 2.355471799999999988e-04 2.419999999999999929e+00 3.135537260000000135e-03 2.419999999999999929e+00 6.822370610000000346e-15 2.419999999999999929e+00 4.156317050000000179e-01 2.419999999999999929e+00 1.489738260000000045e-03 2.419999999999999929e+00 1.132190430000000058e-04 2.419999999999999929e+00 2.140783350000000172e-03 2.419999999999999929e+00 1.542369120000000015e-14 2.419999999999999929e+00 5.035520070000000237e-01 2.419999999999999929e+00 9.731419270000000489e-04 2.419999999999999929e+00 7.203511039999999793e-05 2.419999999999999929e+00 1.279183809999999942e-03 2.419999999999999929e+00 3.120457690000000165e-14 2.419999999999999929e+00 4.792176249999999804e-01 2.419999999999999929e+00 5.656936669999999704e-04 2.419999999999999929e+00 4.538506780000000284e-05 2.419999999999999929e+00 6.972913399999999991e-04 2.419999999999999929e+00 6.370832750000000201e-14 2.419999999999999929e+00 4.585417960000000015e-01 2.419999999999999929e+00 3.041511240000000014e-04 2.419999999999999929e+00 1.759638260000000019e-05 2.419999999999999929e+00 3.567695999999999867e-04 2.419999999999999929e+00 1.288742940000000071e-13 2.419999999999999929e+00 4.460381900000000011e-01 2.419999999999999929e+00 9.590779059999999774e-04 2.419999999999999929e+00 1.706886760000000123e-04 2.419999999999999929e+00 1.387147889999999946e-03 2.419999999999999929e+00 9.726815890000000498e-15 2.419999999999999929e+00 4.959290650000000023e-01 2.419999999999999929e+00 6.152941980000000300e-04 2.419999999999999929e+00 5.331660130000000133e-05 2.419999999999999929e+00 7.419049919999999836e-04 2.419999999999999929e+00 1.720286789999999981e-14 2.419999999999999929e+00 5.650809180000000431e-01 2.419999999999999929e+00 3.261945949999999817e-04 2.419999999999999929e+00 1.398038009999999940e-05 2.419999999999999929e+00 3.531788210000000251e-04 2.419999999999999929e+00 3.446614599999999694e-14 2.419999999999999929e+00 5.629528670000000234e-01 2.419999999999999929e+00 1.634398519999999888e-04 2.419999999999999929e+00 3.720786059999999850e-06 2.419999999999999929e+00 1.694805469999999931e-04 2.419999999999999929e+00 6.870797659999999655e-14 2.419999999999999929e+00 5.543652669999999949e-01 2.419999999999999929e+00 8.062765899999999497e-05 2.419999999999999929e+00 1.079447600000000076e-06 2.419999999999999929e+00 8.219582019999999449e-05 2.419999999999999929e+00 1.367788539999999905e-13 2.419999999999999929e+00 5.497633899999999629e-01
2.430000000000000160e+00 1.883422359999999910e-03 2.430000000000000160e+00 2.379182610000000087e-04 2.430000000000000160e+00 3.154375479999999878e-03 2.430000000000000160e+00 6.822663649999999652e-15 2.430000000000000160e+00 4.156317050000000179e-01 2.430000000000000160e+00 1.489452220000000039e-03 2.430000000000000160e+00 1.155979450000000031e-04 2.430000000000000160e+00 2.155679350000000091e-03 2.430000000000000160e+00 1.542577210000000100e-14 2.430000000000000160e+00 5.035520070000000237e-01 2.430000000000000160e+00 9.722670769999999839e-04 2.430000000000000160e+00 7.534988350000000666e-05 2.430000000000000160e+00 1.288910980000000086e-03 2.430000000000000160e+00 3.121043970000000002e-14 2.430000000000000160e+00 4.792176249999999804e-01 2.430000000000000160e+00 5.646553380000000118e-04 2.430000000000000160e+00 4.827422439999999810e-05 2.430000000000000160e+00 7.029431920000000274e-04 2.430000000000000160e+00 6.371680369999999687e-14 2.430000000000000160e+00 4.585417960000000015e-01 2.430000000000000160e+00 3.037832430000000201e-04 2.430000000000000160e+00 1.903353430000000114e-05 2.430000000000000160e+00 3.598093439999999776e-04 2.430000000000000160e+00 1.288881230000000101e-13 2.430000000000000160e+00 4.460381900000000011e-01 2.430000000000000160e+00 9.585558490000000093e-04 2.430000000000000160e+00 1.733812429999999902e-04 2.430000000000000160e+00 1.396736100000000019e-03 2.430000000000000160e+00 9.727224519999999503e-15 2.430000000000000160e+00 4.959290650000000023e-01 2.430000000000000160e+00 6.158680899999999583e-04 2.430000000000000160e+00 5.469054830000000039e-05 2.430000000000000160e+00 7.480608460000000249e-04 2.430000000000000160e+00 1.720349770000000001e-14 2.430000000000000160e+00 5.650809180000000431e-01 2.430000000000000160e+00 3.270311700000000051e-04 2.430000000000000160e+00 1.445420819999999971e-05 2.430000000000000160e+00 3.564449710000000006e-04 2.430000000000000160e+00 3.446692229999999917e-14 2.430000000000000160e+00 5.629528670000000234e-01 2.430000000000000160e+00 1.640093979999999898e-04 2.430000000000000160e+00 3.869856329999999768e-06 2.430000000000000160e+00 1.711178010000000062e-04 2.430000000000000160e+00 6.870922890000000143e-14 2.430000000000000160e+00 5.543652669999999949e-01 2.430000000000000160e+00 8.094374140000000083e-05 2.430000000000000160e+00 1.128978840000000016e-06 2.430000000000000160e+00 8.300367999999999809e-05 2.430000000000000160e+00 1.367817009999999891e-13 2.430000000000000160e+00 5.497633899999999629e-01
2.439999999999999947e+00 1.882595340000000088e-03 2.439999999999999947e+00 2.403271649999999960e-04 2.439999999999999947e+00 3.173205599999999894e-03 2.439999999999999947e+00 6.822971210000000287e-15 2.439999999999999947e+00 4.156317050000000179e-01 2.439999999999999947e+00 1.489105269999999905e-03 2.439999999999999947e+00 1.180408810000000048e-04 2.439999999999999947e+00 2.170572190000000061e-03 2.439999999999999947e+00 1.542794189999999846e-14 2.439999999999999947e+00 5.035520070000000237e-01 2.439999999999999947e+00 9.712444769999999507e-04 2.439999999999999947e+00 7.883495990000000564e-05 2.439999999999999947e+00 1.298628659999999987e-03 2.439999999999999947e+00 3.121656399999999864e-14 2.439999999999999947e+00 4.792176249999999804e-01 2.439999999999999947e+00 5.634914229999999930e-04 2.439999999999999947e+00 5.129212119999999701e-05 2.439999999999999947e+00 7.085840279999999465e-04 2.439999999999999947e+00 6.372566359999999522e-14 2.439999999999999947e+00 4.585417960000000015e-01 2.439999999999999947e+00 3.033298140000000227e-04 2.439999999999999947e+00 2.055635820000000023e-05 2.439999999999999947e+00 3.628449790000000158e-04 2.439999999999999947e+00 1.289025990000000039e-13 2.439999999999999947e+00 4.460381900000000011e-01 2.439999999999999947e+00 9.579782339999999953e-04 2.439999999999999947e+00 1.761367850000000030e-04 2.439999999999999947e+00 1.406318819999999910e-03 2.439999999999999947e+00 9.727651010000000025e-15 2.439999999999999947e+00 4.959290650000000023e-01 2.439999999999999947e+00 6.163903229999999822e-04 2.439999999999999947e+00 5.611782099999999737e-05 2.439999999999999947e+00 7.542221819999999537e-04 2.439999999999999947e+00 1.720415119999999911e-14 2.439999999999999947e+00 5.650809180000000431e-01 2.439999999999999947e+00 3.278420650000000210e-04 2.439999999999999947e+00 1.495360470000000081e-05 2.439999999999999947e+00 3.597193590000000185e-04 2.439999999999999947e+00 3.446772940000000217e-14 2.439999999999999947e+00 5.629528670000000234e-01 2.439999999999999947e+00 1.645694799999999956e-04 2.439999999999999947e+00 4.028320300000000409e-06 2.439999999999999947e+00 1.727607039999999984e-04 2.439999999999999947e+00 6.871051089999999781e-14 2.439999999999999947e+00 5.543652669999999949e-01 2.439999999999999947e+00 8.125639900000000075e-05 2.439999999999999947e+00 1.181901620000000015e-06 2.439999999999999947e+00 8.381468360000000558e-05 2.439999999999999947e+00 1.367845870000000123e-13 2.439999999999999947e+00 5.497633899999999629e-01
2.450000000000000178e+00 1.881733659999999982e-03 2.450000000000000178e+00 2.427747169999999982e-04 2.450000000000000178e+00 3.192027269999999847e-03 2.450000000000000178e+00 6.823294089999999743e-15 2.450000000000000178e+00 4.156317050000000179e-01 2.450000000000000178e+00 1.488696579999999924e-03 2.450000000000000178e+00 1.205498950000000023e-04 2.450000000000000178e+00 2.185461249999999956e-03 2.450000000000000178e+00 1.543020530000000117e-14 2.450000000000000178e+00 5.035520070000000237e-01 2.450000000000000178e+00 9.700711109999999660e-04 2.450000000000000178e+00 8.249510400000000670e-05 2.450000000000000178e+00 1.308335369999999919e-03 2.450000000000000178e+00 3.122296289999999832e-14 2.450000000000000178e+00 4.792176249999999804e-01 2.450000000000000178e+00 5.622096510000000385e-04 2.450000000000000178e+00 5.443026160000000261e-05 2.450000000000000178e+00 7.142126279999999692e-04 2.450000000000000178e+00 6.373492629999999678e-14 2.450000000000000178e+00 4.585417960000000015e-01 2.450000000000000178e+00 3.027955939999999748e-04 2.450000000000000178e+00 2.215982959999999980e-05 2.450000000000000178e+00 3.658756710000000186e-04 2.450000000000000178e+00 1.289177510000000022e-13 2.450000000000000178e+00 4.460381900000000011e-01 2.450000000000000178e+00 9.573441420000000299e-04 2.450000000000000178e+00 1.789572029999999896e-04 2.450000000000000178e+00 1.415895479999999948e-03 2.450000000000000178e+00 9.728096480000000286e-15 2.450000000000000178e+00 4.959290650000000023e-01 2.450000000000000178e+00 6.168593219999999981e-04 2.450000000000000178e+00 5.760073270000000108e-05 2.450000000000000178e+00 7.603884750000000246e-04 2.450000000000000178e+00 1.720483029999999990e-14 2.450000000000000178e+00 5.650809180000000431e-01 2.450000000000000178e+00 3.286259589999999953e-04 2.450000000000000178e+00 1.548020379999999900e-05 2.450000000000000178e+00 3.630017219999999911e-04 2.450000000000000178e+00 3.446857009999999911e-14 2.450000000000000178e+00 5.629528670000000234e-01 2.450000000000000178e+00 1.651194959999999993e-04 2.450000000000000178e+00 4.196892910000000328e-06 2.450000000000000178e+00 1.744091570000000130e-04 2.450000000000000178e+00 6.871182730000000061e-14 2.450000000000000178e+00 5.543652669999999949e-01 2.450000000000000178e+00 8.156539939999999365e-05 2.450000000000000178e+00 1.238492269999999997e-06 2.450000000000000178e+00 8.462879579999999771e-05 2.450000000000000178e+00 1.367875189999999893e-13 2.450000000000000178e+00 5.497633899999999629e-01
2.459999999999999964e+00 1.880837169999999975e-03 2.459999999999999964e+00 2.452617609999999766e-04 2.459999999999999964e+00 3.210840149999999796e-03 2.459999999999999964e+00 6.823633130000000232e-15 2.459999999999999964e+00 4.156317050000000179e-01 2.459999999999999964e+00 1.488225300000000023e-03 2.459999999999999964e+00 1.231270969999999939e-04 2.459999999999999964e+00 2.200345910000000085e-03 2.459999999999999964e+00 1.543256729999999874e-14 2.459999999999999964e+00 5.035520070000000237e-01 2.459999999999999964e+00 9.687445350000000377e-04 2.459999999999999964e+00 8.633433330000000289e-05 2.459999999999999964e+00 1.318029569999999966e-03 2.459999999999999964e+00 3.122965020000000286e-14 2.459999999999999964e+00 4.792176249999999804e-01 2.459999999999999964e+00 5.608188480000000095e-04 2.459999999999999964e+00 5.767887560000000227e-05 2.459999999999999964e+00 7.198278569999999685e-04 2.459999999999999964e+00 6.374461170000000112e-14 2.459999999999999964e+00 4.585417960000000015e-01 2.459999999999999964e+00 3.021863140000000158e-04 2.459999999999999964e+00 2.383785270000000087e-05 2.459999999999999964e+00 3.689006410000000087e-04 2.459999999999999964e+00 1.289336149999999986e-13 2.459999999999999964e+00 4.460381900000000011e-01 2.459999999999999964e+00 9.566526849999999749e-04 2.459999999999999964e+00 1.818443729999999893e-04 2.459999999999999964e+00 1.425465510000000022e-03 2.459999999999999964e+00 9.728562080000000078e-15 2.459999999999999964e+00 4.959290650000000023e-01 2.459999999999999964e+00 6.172735360000000237e-04 2.459999999999999964e+00 5.914158660000000108e-05 2.459999999999999964e+00 7.665591860000000061e-04 2.459999999999999964e+00 1.720553669999999894e-14 2.459999999999999964e+00 5.650809180000000431e-01 2.459999999999999964e+00 3.293814829999999771e-04 2.459999999999999964e+00 1.603570199999999841e-05 2.459999999999999964e+00 3.662917839999999914e-04 2.459999999999999964e+00 3.446944709999999899e-14 2.459999999999999964e+00 5.629528670000000234e-01 2.459999999999999964e+00 1.656588060000000102e-04 2.459999999999999964e+00 4.376335950000000103e-06 2.459999999999999964e+00 1.760630579999999967e-04 2.459999999999999964e+00 6.871318270000000271e-14 2.459999999999999964e+00 5.543652669999999949e-01 2.459999999999999964e+00 8.187049210000000470e-05 2.459999999999999964e+00 1.299048619999999946e-06 2.459999999999999964e+00 8.544597860000000434e-05 2.459999999999999964e+00 1.367905070000000067e-13 2.459999999999999964e+00 5.497633899999999629e-01
2.470000000000000195e+00 1.879905689999999919e-03 2.470000000000000195e+00 2.477891580000000146e-04 2.470000000000000195e+00 3.229643899999999797e-03 2.470000000000000195e+00 6.823989170000000028e-15 2.470000000000000195e+00 4.156317050000000179e-01 2.470000000000000195e+00 1.487690540000000073e-03 2.470000000000000195e+00 1.257746519999999890e-04 2.470000000000000195e+00 2.215225549999999891e-03 2.470000000000000195e+00 1.543503279999999976e-14 2.470000000000000195e+00 5.035520070000000237e-01 2.470000000000000195e+00 9.672629859999999462e-04 2.470000000000000195e+00 9.035577459999999828e-05 2.470000000000000195e+00 1.327709739999999913e-03 2.470000000000000195e+00 3.123664000000000027e-14 2.470000000000000195e+00 4.792176249999999804e-01 2.470000000000000195e+00 5.593286049999999631e-04 2.470000000000000195e+00 6.102729790000000057e-05 2.470000000000000195e+00 7.254286729999999883e-04 2.470000000000000195e+00 6.375474070000000133e-14 2.470000000000000195e+00 4.585417960000000015e-01 2.470000000000000195e+00 3.015083779999999810e-04 2.470000000000000195e+00 2.558358930000000157e-05 2.470000000000000195e+00 3.719191689999999900e-04 2.470000000000000195e+00 1.289502240000000060e-13 2.470000000000000195e+00 4.460381900000000011e-01 2.470000000000000195e+00 9.559030119999999782e-04 2.470000000000000195e+00 1.848001270000000000e-04 2.470000000000000195e+00 1.435028340000000027e-03 2.470000000000000195e+00 9.729049030000000759e-15 2.470000000000000195e+00 4.959290650000000023e-01 2.470000000000000195e+00 6.176314530000000290e-04 2.470000000000000195e+00 6.074265349999999981e-05 2.470000000000000195e+00 7.727337579999999555e-04 2.470000000000000195e+00 1.720627239999999901e-14 2.470000000000000195e+00 5.650809180000000431e-01 2.470000000000000195e+00 3.301072319999999970e-04 2.470000000000000195e+00 1.662184969999999927e-05 2.470000000000000195e+00 3.695892529999999935e-04 2.470000000000000195e+00 3.447036340000000126e-14 2.470000000000000195e+00 5.629528670000000234e-01 2.470000000000000195e+00 1.661867329999999960e-04 2.470000000000000195e+00 4.567458259999999675e-06 2.470000000000000195e+00 1.777222949999999904e-04 2.470000000000000195e+00 6.871458200000000006e-14 2.470000000000000195e+00 5.543652669999999949e-01 2.470000000000000195e+00 8.217140800000000600e-05 2.470000000000000195e+00 1.363891069999999983e-06 2.470000000000000195e+00 8.626619169999999405e-05 2.470000000000000195e+00 1.367935600000000061e-13 2.470000000000000195e+00 5.497633899999999629e-01
2.479999999999999982e+00 1.878939069999999980e-03 2.479999999999999982e+00 2.503577920000000221e-04 2.479999999999999982e+00 3.248438150000000028e-03 2.479999999999999982e+00 6.824363099999999759e-15 2.479999999999999982e+00 4.156317050000000179e-01 2.479999999999999982e+00 1.487091349999999966e-03 2.479999999999999982e+00 1.284947900000000078e-04 2.479999999999999982e+00 2.230099509999999841e-03 2.479999999999999982e+00 1.543760720000000012e-14 2.479999999999999982e+00 5.035520070000000237e-01 2.479999999999999982e+00 9.656254759999999531e-04 2.479999999999999982e+00 9.456152319999999863e-05 2.479999999999999982e+00 1.337374309999999960e-03 2.479999999999999982e+00 3.124394690000000055e-14 2.479999999999999982e+00 4.792176249999999804e-01 2.479999999999999982e+00 5.577489270000000367e-04 2.479999999999999982e+00 6.446436910000000588e-05 2.479999999999999982e+00 7.310141310000000097e-04 2.479999999999999982e+00 6.376533469999999986e-14 2.479999999999999982e+00 4.585417960000000015e-01 2.479999999999999982e+00 3.007685399999999879e-04 2.479999999999999982e+00 2.738979920000000039e-05 2.479999999999999982e+00 3.749306020000000238e-04 2.479999999999999982e+00 1.289676139999999926e-13 2.479999999999999982e+00 4.460381900000000011e-01 2.479999999999999982e+00 9.550943289999999598e-04 2.479999999999999982e+00 1.878262390000000077e-04 2.479999999999999982e+00 1.444583369999999974e-03 2.479999999999999982e+00 9.729558540000000535e-15 2.479999999999999982e+00 4.959290650000000023e-01 2.479999999999999982e+00 6.179316219999999573e-04 2.479999999999999982e+00 6.240614660000000087e-05 2.479999999999999982e+00 7.789116219999999780e-04 2.479999999999999982e+00 1.720703919999999980e-14 2.479999999999999982e+00 5.650809180000000431e-01 2.479999999999999982e+00 3.308017670000000044e-04 2.479999999999999982e+00 1.724044009999999949e-05 2.479999999999999982e+00 3.728938240000000235e-04 2.479999999999999982e+00 3.447132210000000220e-14 2.479999999999999982e+00 5.629528670000000234e-01 2.479999999999999982e+00 1.667025600000000027e-04 2.479999999999999982e+00 4.771115290000000136e-06 2.479999999999999982e+00 1.793867519999999970e-04 2.479999999999999982e+00 6.871603010000000124e-14 2.479999999999999982e+00 5.543652669999999949e-01 2.479999999999999982e+00 8.246785829999999685e-05 2.479999999999999982e+00 1.433363430000000020e-06 2.479999999999999982e+00 8.708939190000000664e-05 2.479999999999999982e+00 1.367966879999999982e-13 2.479999999999999982e+00 5.497633899999999629e-01
2.490000000000000213e+00 1.877937099999999913e-03 2.490000000000000213e+00 2.529685619999999849e-04 2.490000000000000213e+00 3.267222560000000112e-03 2.490000000000000213e+00 6.824755840000000047e-15 2.490000000000000213e+00 4.156317050000000179e-01 2.490000000000000213e+00 1.486426799999999949e-03 2.490000000000000213e+00 1.312897969999999963e-04 2.490000000000000213e+00 2.244967149999999891e-03 2.490000000000000213e+00 1.544029589999999882e-14 2.490000000000000213e+00 5.035520070000000237e-01 2.490000000000000213e+00 9.638318849999999958e-04 2.490000000000000213e+00 9.895251020000000227e-05 2.490000000000000213e+00 1.347021730000000014e-03 2.490000000000000213e+00 3.125158630000000092e-14 2.490000000000000213e+00 4.792176249999999804e-01 2.490000000000000213e+00 5.560898929999999636e-04 2.490000000000000213e+00 6.797882349999999460e-05 2.490000000000000213e+00 7.365833870000000443e-04 2.490000000000000213e+00 6.377641589999999903e-14 2.490000000000000213e+00 4.585417960000000015e-01 2.490000000000000213e+00 2.999736219999999906e-04 2.490000000000000213e+00 2.924915750000000152e-05 2.490000000000000213e+00 3.779343560000000043e-04 2.490000000000000213e+00 1.289858229999999896e-13 2.490000000000000213e+00 4.460381900000000011e-01 2.490000000000000213e+00 9.542259040000000258e-04 2.490000000000000213e+00 1.909244060000000077e-04 2.490000000000000213e+00 1.454130020000000013e-03 2.490000000000000213e+00 9.730091900000000749e-15 2.490000000000000213e+00 4.959290650000000023e-01 2.490000000000000213e+00 6.181726669999999943e-04 2.490000000000000213e+00 6.413419499999999964e-05 2.490000000000000213e+00 7.850921930000000258e-04 2.490000000000000213e+00 1.720783910000000093e-14 2.490000000000000213e+00 5.650809180000000431e-01 2.490000000000000213e+00 3.314636360000000007e-04 2.490000000000000213e+00 1.789329579999999944e-05 2.490000000000000213e+00 3.762051789999999968e-04 2.490000000000000213e+00 3.447232620000000128e-14 2.490000000000000213e+00 5.629528670000000234e-01 2.490000000000000213e+00 1.672055349999999993e-04 2.490000000000000213e+00 4.988207700000000349e-06 2.490000000000000213e+00 1.810563040000000008e-04 2.490000000000000213e+00 6.871753209999999588e-14 2.490000000000000213e+00 5.543652669999999949e-01 2.490000000000000213e+00 8.275953459999999527e-05 2.490000000000000213e+00 1.507833659999999906e-06 2.490000000000000213e+00 8.791553299999999905e-05 2.490000000000000213e+00 1.367998990000000070e-13 2.490000000000000213e+00 5.497633899999999629e-01
2.500000000000000000e+00 1.876899590000000043e-03 2.500000000000000000e+00 2.556223880000000215e-04 2.500000000000000000e+00 3.285996770000000188e-03 2.500000000000000000e+00 6.825168319999999936e-15 2.500000000000000000e+00 4.156317050000000179e-01 2.500000000000000000e+00 1.485695879999999938e-03 2.500000000000000000e+00 1.341620200000000088e-04 2.500000000000000000e+00 2.259827820000000036e-03 2.500000000000000000e+00 1.544310470000000115e-14 2.500000000000000000e+00 5.035520070000000237e-01 2.500000000000000000e+00 9.618830469999999945e-04 2.500000000000000000e+00 1.035283860000000048e-04 2.500000000000000000e+00 1.356650430000000060e-03 2.500000000000000000e+00 3.125957399999999853e-14 2.500000000000000000e+00 4.792176249999999804e-01 2.500000000000000000e+00 5.543613580000000471e-04 2.500000000000000000e+00 7.155963589999999859e-05 2.500000000000000000e+00 7.421356980000000251e-04 2.500000000000000000e+00 6.378800760000000410e-14 2.500000000000000000e+00 4.585417960000000015e-01 2.500000000000000000e+00 2.991302650000000158e-04 2.500000000000000000e+00 3.115452249999999950e-05 2.500000000000000000e+00 3.809299129999999954e-04 2.500000000000000000e+00 1.290048899999999962e-13 2.500000000000000000e+00 4.460381900000000011e-01 2.500000000000000000e+00 9.532970819999999745e-04 2.500000000000000000e+00 1.940962270000000075e-04 2.500000000000000000e+00 1.463667689999999938e-03 2.500000000000000000e+00 9.730650419999999589e-15 2.500000000000000000e+00 4.959290650000000023e-01 2.500000000000000000e+00 6.183533190000000063e-04 2.500000000000000000e+00 6.592881500000000584e-05 2.500000000000000000e+00 7.912748739999999909e-04 2.500000000000000000e+00 1.720867419999999889e-14 2.500000000000000000e+00 5.650809180000000431e-01 2.500000000000000000e+00 3.320913810000000114e-04 2.500000000000000000e+00 1.858225329999999953e-05 2.500000000000000000e+00 3.795229830000000052e-04 2.500000000000000000e+00 3.447337900000000106e-14 2.500000000000000000e+00 5.629528670000000234e-01 2.500000000000000000e+00 1.676948709999999865e-04 2.500000000000000000e+00 5.219678990000000417e-06 2.500000000000000000e+00 1.827308169999999953e-04 2.500000000000000000e+00 6.871909330000000510e-14 2.500000000000000000e+00 5.543652669999999949e-01 2.500000000000000000e+00 8.304610809999999775e-05 2.500000000000000000e+00 1.587694340000000071e-06 2.500000000000000000e+00 8.874456559999999790e-05 2.500000000000000000e+00 1.368032059999999986e-13 2.500000000000000000e+00 5.497633899999999629e-01
2.509999999999999787e+00 1.875826340000000085e-03 2.509999999999999787e+00 2.583202100000000080e-04 2.509999999999999787e+00 3.304760429999999919e-03 2.509999999999999787e+00 6.825601520000000040e-15 2.509999999999999787e+00 4.156317050000000179e-01 2.509999999999999787e+00 1.484897580000000064e-03 2.509999999999999787e+00 1.371138669999999915e-04 2.509999999999999787e+00 2.274680849999999917e-03 2.509999999999999787e+00 1.544603949999999972e-14 2.509999999999999787e+00 5.035520070000000237e-01 2.509999999999999787e+00 9.597808069999999494e-04 2.509999999999999787e+00 1.082874249999999977e-04 2.509999999999999787e+00 1.366258879999999922e-03 2.509999999999999787e+00 3.126792629999999992e-14 2.509999999999999787e+00 4.792176249999999804e-01 2.509999999999999787e+00 5.525727029999999906e-04 2.509999999999999787e+00 7.519630640000000662e-05 2.509999999999999787e+00 7.476704139999999473e-04 2.509999999999999787e+00 6.380013379999999814e-14 2.509999999999999787e+00 4.585417960000000015e-01 2.509999999999999787e+00 2.982447429999999849e-04 2.509999999999999787e+00 3.309914060000000203e-05 2.509999999999999787e+00 3.839168210000000144e-04 2.509999999999999787e+00 1.290248550000000052e-13 2.509999999999999787e+00 4.460381900000000011e-01 2.509999999999999787e+00 9.523073019999999875e-04 2.509999999999999787e+00 1.973431870000000093e-04 2.509999999999999787e+00 1.473195760000000059e-03 2.509999999999999787e+00 9.731235479999999961e-15 2.509999999999999787e+00 4.959290650000000023e-01 2.509999999999999787e+00 6.184724290000000310e-04 2.509999999999999787e+00 6.779188090000000031e-05 2.509999999999999787e+00 7.974590550000000338e-04 2.509999999999999787e+00 1.720954669999999957e-14 2.509999999999999787e+00 5.650809180000000431e-01 2.509999999999999787e+00 3.326835550000000179e-04 2.509999999999999787e+00 1.930914359999999841e-05 2.509999999999999787e+00 3.828468879999999755e-04 2.509999999999999787e+00 3.447448379999999779e-14 2.509999999999999787e+00 5.629528670000000234e-01 2.509999999999999787e+00 1.681697500000000072e-04 2.509999999999999787e+00 5.466511979999999928e-06 2.509999999999999787e+00 1.844101529999999896e-04 2.509999999999999787e+00 6.872071909999999638e-14 2.509999999999999787e+00 5.543652669999999949e-01 2.509999999999999787e+00 8.332722969999999791e-05 2.509999999999999787e+00 1.673362840000000029e-06 2.509999999999999787e+00 8.957643699999999964e-05 2.509999999999999787e+00 1.368066169999999966e-13 2.509999999999999787e+00 5.497633899999999629e-01
2.520000000000000018e+00 1.874717109999999914e-03 2.520000000000000018e+00 2.610629900000000034e-04 2.520000000000000018e+00 3.323513179999999876e-03 2.520000000000000018e+00 6.826056450000000175e-15 2.520000000000000018e+00 4.156317050000000179e-01 2.520000000000000018e+00 1.484030849999999971e-03 2.520000000000000018e+00 1.401478000000000001e-04 2.520000000000000018e+00 2.289525550000000124e-03 2.520000000000000018e+00 1.544910639999999976e-14 2.520000000000000018e+00 5.035520070000000237e-01 2.520000000000000018e+00 9.575280649999999821e-04 2.520000000000000018e+00 1.132264629999999963e-04 2.520000000000000018e+00 1.375845550000000077e-03 2.520000000000000018e+00 3.127666020000000202e-14 2.520000000000000018e+00 4.792176249999999804e-01 2.520000000000000018e+00 5.507326560000000469e-04 2.520000000000000018e+00 7.887907299999999443e-05 2.520000000000000018e+00 7.531869799999999686e-04 2.520000000000000018e+00 6.381281930000000193e-14 2.520000000000000018e+00 4.585417960000000015e-01 2.520000000000000018e+00 2.973228370000000000e-04 2.520000000000000018e+00 3.507678519999999814e-05 2.520000000000000018e+00 3.868946870000000053e-04 2.520000000000000018e+00 1.290457580000000094e-13 2.520000000000000018e+00 4.460381900000000011e-01 2.520000000000000018e+00 9.512560999999999673e-04 2.520000000000000018e+00 2.006666339999999937e-04 2.520000000000000018e+00 1.482713629999999954e-03 2.520000000000000018e+00 9.731848490000000034e-15 2.520000000000000018e+00 4.959290650000000023e-01 2.520000000000000018e+00 6.185289959999999481e-04 2.520000000000000018e+00 6.972509480000000412e-05 2.520000000000000018e+00 8.036441140000000379e-04 2.520000000000000018e+00 1.721045859999999947e-14 2.520000000000000018e+00 5.650809180000000431e-01 2.520000000000000018e+00 3.332387419999999862e-04 2.520000000000000018e+00 2.007577210000000014e-05 2.520000000000000018e+00 3.861765310000000030e-04 2.520000000000000018e+00 3.447564399999999716e-14 2.520000000000000018e+00 5.629528670000000234e-01 2.520000000000000018e+00 1.686293279999999915e-04 2.520000000000000018e+00 5.729723910000000086e-06 2.520000000000000018e+00 1.860941609999999910e-04 2.520000000000000018e+00 6.872241499999999712e-14 2.520000000000000018e+00 5.543652669999999949e-01 2.520000000000000018e+00 8.360253010000000501e-05 2.520000000000000018e+00 1.765281140000000048e-06 2.520000000000000018e+00 9.041109080000000466e-05 2.520000000000000018e+00 1.368101439999999990e-13 2.520000000000000018e+00 5.497633899999999629e-01
2.529999999999999805e+00 1.873571679999999975e-03 2.529999999999999805e+00 2.638517079999999951e-04 2.529999999999999805e+00 3.342254649999999803e-03 2.529999999999999805e+00 6.826534150000000155e-15 2.529999999999999805e+00 4.156317050000000179e-01 2.529999999999999805e+00 1.483094610000000070e-03 2.529999999999999805e+00 1.432663389999999941e-04 2.529999999999999805e+00 2.304361229999999944e-03 2.529999999999999805e+00 1.545231180000000010e-14 2.529999999999999805e+00 5.035520070000000237e-01 2.529999999999999805e+00 9.551287889999999581e-04 2.529999999999999805e+00 1.183408660000000043e-04 2.529999999999999805e+00 1.385408949999999972e-03 2.529999999999999805e+00 3.128579330000000167e-14 2.529999999999999805e+00 4.792176249999999804e-01 2.529999999999999805e+00 5.488491679999999958e-04 2.529999999999999805e+00 8.259905119999999578e-05 2.529999999999999805e+00 7.586849230000000275e-04 2.529999999999999805e+00 6.382608990000000450e-14 2.529999999999999805e+00 4.585417960000000015e-01 2.529999999999999805e+00 2.963697660000000236e-04 2.529999999999999805e+00 3.708183499999999697e-05 2.529999999999999805e+00 3.898631740000000137e-04 2.529999999999999805e+00 1.290676439999999944e-13 2.529999999999999805e+00 4.460381900000000011e-01 2.529999999999999805e+00 9.501431329999999835e-04 2.529999999999999805e+00 2.040677619999999872e-04 2.529999999999999805e+00 1.492220679999999933e-03 2.529999999999999805e+00 9.732490889999999550e-15 2.529999999999999805e+00 4.959290650000000023e-01 2.529999999999999805e+00 6.185221839999999541e-04 2.529999999999999805e+00 7.172995790000000628e-05 2.529999999999999805e+00 8.098294230000000187e-04 2.529999999999999805e+00 1.721141230000000132e-14 2.529999999999999805e+00 5.650809180000000431e-01 2.529999999999999805e+00 3.337555720000000238e-04 2.529999999999999805e+00 2.088389489999999978e-05 2.529999999999999805e+00 3.895115350000000220e-04 2.529999999999999805e+00 3.447686310000000171e-14 2.529999999999999805e+00 5.629528670000000234e-01 2.529999999999999805e+00 1.690727379999999887e-04 2.529999999999999805e+00 6.010360189999999883e-06 2.529999999999999805e+00 1.877826859999999953e-04 2.529999999999999805e+00 6.872418679999999998e-14 2.529999999999999805e+00 5.543652669999999949e-01 2.529999999999999805e+00 8.387162069999999430e-05 2.529999999999999805e+00 1.863915209999999966e-06 2.529999999999999805e+00 9.124846690000000375e-05 2.529999999999999805e+00 1.368137969999999913e-13 2.529999999999999805e+00 5.497633899999999629e-01
2.540000000000000036e+00 1.872389799999999967e-03 2.540000000000000036e+00 2.666873659999999908e-04 2.540000000000000036e+00 3.360984489999999797e-03 2.540000000000000036e+00 6.827035699999999786e-15 2.540000000000000036e+00 4.156317050000000179e-01 2.540000000000000036e+00 1.482087759999999987e-03 2.540000000000000036e+00 1.464720590000000112e-04 2.540000000000000036e+00 2.319187199999999966e-03 2.540000000000000036e+00 1.545566239999999954e-14 2.540000000000000036e+00 5.035520070000000237e-01 2.540000000000000036e+00 9.525880029999999688e-04 2.540000000000000036e+00 1.236245429999999928e-04 2.540000000000000036e+00 1.394947649999999902e-03 2.540000000000000036e+00 3.129534369999999877e-14 2.540000000000000036e+00 4.792176249999999804e-01 2.540000000000000036e+00 5.469293570000000179e-04 2.540000000000000036e+00 8.634830520000000493e-05 2.540000000000000036e+00 7.641638429999999876e-04 2.540000000000000036e+00 6.383997230000000420e-14 2.540000000000000036e+00 4.585417960000000015e-01 2.540000000000000036e+00 2.953901599999999867e-04 2.540000000000000036e+00 3.910930209999999882e-05 2.540000000000000036e+00 3.928219939999999977e-04 2.540000000000000036e+00 1.290905570000000027e-13 2.540000000000000036e+00 4.460381900000000011e-01 2.540000000000000036e+00 9.489681789999999473e-04 2.540000000000000036e+00 2.075475879999999918e-04 2.540000000000000036e+00 1.501716290000000087e-03 2.540000000000000036e+00 9.733164219999999807e-15 2.540000000000000036e+00 4.959290650000000023e-01 2.540000000000000036e+00 6.184513450000000360e-04 2.540000000000000036e+00 7.380774179999999979e-05 2.540000000000000036e+00 8.160143440000000321e-04 2.540000000000000036e+00 1.721241020000000152e-14 2.540000000000000036e+00 5.650809180000000431e-01 2.540000000000000036e+00 3.342327470000000045e-04 2.540000000000000036e+00 2.173519420000000169e-05 2.540000000000000036e+00 3.928515100000000188e-04 2.540000000000000036e+00 3.447814480000000130e-14 2.540000000000000036e+00 5.629528670000000234e-01 2.540000000000000036e+00 1.694991009999999873e-04 2.540000000000000036e+00 6.309486540000000201e-06 2.540000000000000036e+00 1.894755590000000002e-04 2.540000000000000036e+00 6.872604039999999442e-14 2.540000000000000036e+00 5.543652669999999949e-01 2.540000000000000036e+00 8.413409429999999640e-05 2.540000000000000036e+00 1.969753869999999923e-06 2.540000000000000036e+00 9.208850109999999864e-05 2.540000000000000036e+00 1.368175879999999967e-13 2.540000000000000036e+00 5.497633899999999629e-01
2.549999999999999822e+00 1.871171210000000060e-03 2.549999999999999822e+00 2.695709870000000227e-04 2.549999999999999822e+00 3.379702330000000036e-03 2.549999999999999822e+00 6.827562209999999655e-15 2.549999999999999822e+00 4.156317050000000179e-01 2.549999999999999822e+00 1.481009159999999939e-03 2.549999999999999822e+00 1.497675859999999940e-04 2.549999999999999822e+00 2.334002749999999991e-03 2.549999999999999822e+00 1.545916510000000000e-14 2.549999999999999822e+00 5.035520070000000237e-01 2.549999999999999822e+00 9.499117359999999927e-04 2.549999999999999822e+00 1.290699979999999903e-04 2.549999999999999822e+00 1.404460259999999999e-03 2.549999999999999822e+00 3.130533009999999941e-14 2.549999999999999822e+00 4.792176249999999804e-01 2.549999999999999822e+00 5.449794910000000043e-04 2.549999999999999822e+00 9.011986389999999405e-05 2.549999999999999822e+00 7.696234099999999748e-04 2.549999999999999822e+00 6.385449399999999925e-14 2.549999999999999822e+00 4.585417960000000015e-01 2.549999999999999822e+00 2.943880759999999955e-04 2.549999999999999822e+00 4.115482339999999704e-05 2.549999999999999822e+00 3.957709020000000147e-04 2.549999999999999822e+00 1.291145429999999883e-13 2.549999999999999822e+00 4.460381900000000011e-01 2.549999999999999822e+00 9.477311599999999536e-04 2.549999999999999822e+00 2.111069379999999868e-04 2.549999999999999822e+00 1.511199840000000075e-03 2.549999999999999822e+00 9.733870020000000529e-15 2.549999999999999822e+00 4.959290650000000023e-01 2.549999999999999822e+00 6.183160380000000044e-04 2.549999999999999822e+00 7.595946330000000375e-05 2.549999999999999822e+00 8.221982350000000411e-04 2.549999999999999822e+00 1.721345459999999965e-14 2.549999999999999822e+00 5.650809180000000431e-01 2.549999999999999822e+00 3.346690569999999929e-04 2.549999999999999822e+00 2.263125210000000164e-05 2.549999999999999822e+00 3.961960539999999733e-04 2.549999999999999822e+00 3.447949290000000156e-14 2.549999999999999822e+00 5.629528670000000234e-01 2.549999999999999822e+00 1.699075290000000120e-04 2.549999999999999822e+00 6.628179669999999647e-06 2.549999999999999822e+00 1.911726079999999882e-04 2.549999999999999822e+00 6.872798190000000144e-14 2.549999999999999822e+00 5.543652669999999949e-01 2.549999999999999822e+00 8.438952709999999438e-05 2.549999999999999822e+00 2.083307070000000050e-06 2.549999999999999822e+00 9.293112529999999853e-05 2.549999999999999822e+00 1.368215289999999876e-13 2.549999999999999822e+00 5.497633899999999629e-01
2.560000000000000053e+00 1.869915649999999993e-03 2.560000000000000053e+00 2.725036159999999811e-04 2.560000000000000053e+00 3.398407789999999869e-03 2.560000000000000053e+00 6.828114820000000348e-15 2.560000000000000053e+00 4.156317050000000179e-01 2.560000000000000053e+00 1.479857659999999969e-03 2.560000000000000053e+00 1.531555939999999913e-04 2.560000000000000053e+00 2.348807139999999939e-03 2.560000000000000053e+00 1.546282700000000020e-14 2.560000000000000053e+00 5.035520070000000237e-01 2.560000000000000053e+00 9.471069519999999586e-04 2.560000000000000053e+00 1.346684350000000021e-04 2.560000000000000053e+00 1.413945459999999899e-03 2.560000000000000053e+00 3.131577179999999696e-14 2.560000000000000053e+00 4.792176249999999804e-01 2.560000000000000053e+00 5.430050179999999782e-04 2.560000000000000053e+00 9.390769229999999497e-05 2.560000000000000053e+00 7.750633509999999959e-04 2.560000000000000053e+00 6.386968349999999397e-14 2.560000000000000053e+00 4.585417960000000015e-01 2.560000000000000053e+00 2.933670240000000110e-04 2.560000000000000053e+00 4.321462509999999787e-05 2.560000000000000053e+00 3.987096920000000205e-04 2.560000000000000053e+00 1.291396499999999929e-13 2.560000000000000053e+00 4.460381900000000011e-01 2.560000000000000053e+00 9.464321409999999594e-04 2.560000000000000053e+00 2.147464290000000004e-04 2.560000000000000053e+00 1.520670700000000030e-03 2.560000000000000053e+00 9.734609909999999847e-15 2.560000000000000053e+00 4.959290650000000023e-01 2.560000000000000053e+00 6.181160429999999796e-04 2.560000000000000053e+00 7.818586099999999962e-05 2.560000000000000053e+00 8.283804500000000251e-04 2.560000000000000053e+00 1.721454810000000157e-14 2.560000000000000053e+00 5.650809180000000431e-01 2.560000000000000053e+00 3.350634059999999773e-04 2.560000000000000053e+00 2.357352359999999975e-05 2.560000000000000053e+00 3.995447509999999758e-04 2.560000000000000053e+00 3.448091120000000179e-14 2.560000000000000053e+00 5.629528670000000234e-01 2.560000000000000053e+00 1.702971400000000092e-04 2.560000000000000053e+00 6.967516259999999897e-06 2.560000000000000053e+00 1.928736469999999979e-04 2.560000000000000053e+00 6.873001759999999781e-14 2.560000000000000053e+00 5.543652669999999949e-01 2.560000000000000053e+00 8.463748009999999414e-05 2.560000000000000053e+00 2.205103429999999809e-06 2.560000000000000053e+00 9.377626669999999346e-05 2.560000000000000053e+00 1.368256309999999938e-13 2.560000000000000053e+00 5.497633899999999629e-01
2.569999999999999840e+00 1.868622830000000058e-03 2.569999999999999840e+00 2.754863170000000053e-04 2.569999999999999840e+00 3.417100519999999829e-03 2.569999999999999840e+00 6.828694730000000070e-15 2.569999999999999840e+00 4.156317050000000179e-01 2.569999999999999840e+00 1.478632089999999981e-03 2.569999999999999840e+00 1.566388039999999995e-04 2.569999999999999840e+00 2.363599660000000047e-03 2.569999999999999840e+00 1.546665539999999881e-14 2.569999999999999840e+00 5.035520070000000237e-01 2.569999999999999840e+00 9.441814339999999922e-04 2.569999999999999840e+00 1.404098909999999941e-04 2.569999999999999840e+00 1.423402000000000044e-03 2.569999999999999840e+00 3.132668860000000048e-14 2.569999999999999840e+00 4.792176249999999804e-01 2.569999999999999840e+00 5.410106140000000121e-04 2.569999999999999840e+00 9.770663270000000617e-05 2.569999999999999840e+00 7.804834439999999620e-04 2.569999999999999840e+00 6.388557039999999566e-14 2.569999999999999840e+00 4.585417960000000015e-01 2.569999999999999840e+00 2.923300180000000244e-04 2.569999999999999840e+00 4.528547269999999662e-05 2.569999999999999840e+00 4.016381890000000096e-04 2.569999999999999840e+00 1.291659270000000014e-13 2.569999999999999840e+00 4.460381900000000011e-01 2.569999999999999840e+00 9.450713460000000456e-04 2.569999999999999840e+00 2.184664519999999881e-04 2.569999999999999840e+00 1.530128269999999962e-03 2.569999999999999840e+00 9.735385560000000616e-15 2.569999999999999840e+00 4.959290650000000023e-01 2.569999999999999840e+00 6.178513710000000259e-04 2.569999999999999840e+00 8.048737700000000166e-05 2.569999999999999840e+00 8.345603409999999712e-04 2.569999999999999840e+00 1.721569320000000051e-14 2.569999999999999840e+00 5.650809180000000431e-01 2.569999999999999840e+00 3.354148300000000149e-04 2.569999999999999840e+00 2.456331070000000106e-05 2.569999999999999840e+00 4.028971789999999777e-04 2.569999999999999840e+00 3.448240379999999812e-14 2.569999999999999840e+00 5.629528670000000234e-01 2.569999999999999840e+00 1.706670619999999937e-04 2.569999999999999840e+00 7.328560549999999851e-06 2.569999999999999840e+00 1.945784850000000063e-04 2.569999999999999840e+00 6.873215410000000127e-14 2.569999999999999840e+00 5.543652669999999949e-01 2.569999999999999840e+00 8.487750270000000183e-05 2.569999999999999840e+00 2.335687180000000013e-06 2.569999999999999840e+00 9.462384839999999795e-05 2.569999999999999840e+00 1.368299070000000065e-13 2.569999999999999840e+00 5.497633899999999629e-01
2.580000000000000071e+00 1.867292470000000070e-03 2.580000000000000071e+00 2.785201800000000226e-04 2.580000000000000071e+00 3.435780120000000212e-03 2.580000000000000071e+00 6.829303160000000179e-15 2.580000000000000071e+00 4.156317050000000179e-01 2.580000000000000071e+00 1.477331259999999959e-03 2.580000000000000071e+00 1.602199769999999911e-04 2.580000000000000071e+00 2.378379539999999921e-03 2.580000000000000071e+00 1.547065800000000078e-14 2.580000000000000071e+00 5.035520070000000237e-01 2.580000000000000071e+00 9.411436590000000482e-04 2.580000000000000071e+00 1.462834150000000039e-04 2.580000000000000071e+00 1.432828709999999905e-03 2.580000000000000071e+00 3.133810089999999999e-14 2.580000000000000071e+00 4.792176249999999804e-01 2.580000000000000071e+00 5.390002540000000519e-04 2.580000000000000071e+00 1.015123269999999942e-04 2.580000000000000071e+00 7.858835100000000464e-04 2.580000000000000071e+00 6.390218500000000202e-14 2.580000000000000071e+00 4.585417960000000015e-01 2.580000000000000071e+00 2.912796280000000122e-04 2.580000000000000071e+00 4.736461379999999888e-05 2.580000000000000071e+00 4.045562480000000193e-04 2.580000000000000071e+00 1.291934250000000110e-13 2.580000000000000071e+00 4.460381900000000011e-01 2.580000000000000071e+00 9.436491599999999747e-04 2.580000000000000071e+00 2.222671630000000041e-04 2.580000000000000071e+00 1.539571929999999965e-03 2.580000000000000071e+00 9.736198689999999369e-15 2.580000000000000071e+00 4.959290650000000023e-01 2.580000000000000071e+00 6.175222769999999918e-04 2.580000000000000071e+00 8.286414269999999439e-05 2.580000000000000071e+00 8.407372619999999670e-04 2.580000000000000071e+00 1.721689269999999912e-14 2.580000000000000071e+00 5.650809180000000431e-01 2.580000000000000071e+00 3.357225189999999814e-04 2.580000000000000071e+00 2.560173609999999927e-05 2.580000000000000071e+00 4.062529019999999865e-04 2.580000000000000071e+00 3.448397479999999927e-14 2.580000000000000071e+00 5.629528670000000234e-01 2.580000000000000071e+00 1.710164510000000042e-04 2.580000000000000071e+00 7.712350549999999610e-06 2.580000000000000071e+00 1.962869200000000075e-04 2.580000000000000071e+00 6.873439789999999488e-14 2.580000000000000071e+00 5.543652669999999949e-01 2.580000000000000071e+00 8.510913520000000032e-05 2.580000000000000071e+00 2.475614190000000082e-06 2.580000000000000071e+00 9.547378879999999385e-05 2.580000000000000071e+00 1.368343699999999918e-13 2.580000000000000071e+00 5.497633899999999629e-01
2.589999999999999858e+00 1.865924250000000010e-03 2.589999999999999858e+00 2.816063149999999886e-04 2.589999999999999858e+00 3.454446239999999814e-03 2.589999999999999858e+00 6.829941379999999658e-15 2.589999999999999858e+00 4.156317050000000179e-01 2.589999999999999858e+00 1.475953950000000008e-03 2.589999999999999858e+00 1.639019100000000111e-04 2.589999999999999858e+00 2.393146029999999955e-03 2.589999999999999858e+00 1.547484270000000151e-14 2.589999999999999858e+00 5.035520070000000237e-01 2.589999999999999858e+00 9.380026409999999955e-04 2.589999999999999858e+00 1.522772770000000104e-04 2.589999999999999858e+00 1.442224530000000031e-03 2.589999999999999858e+00 3.135002980000000115e-14 2.589999999999999858e+00 4.792176249999999804e-01 2.589999999999999858e+00 5.369772880000000474e-04 2.589999999999999858e+00 1.053211279999999935e-04 2.589999999999999858e+00 7.912634069999999490e-04 2.589999999999999858e+00 6.391955860000000426e-14 2.589999999999999858e+00 4.585417960000000015e-01 2.589999999999999858e+00 2.902180359999999835e-04 2.589999999999999858e+00 4.944971810000000278e-05 2.589999999999999858e+00 4.074637450000000031e-04 2.589999999999999858e+00 1.292221970000000058e-13 2.589999999999999858e+00 4.460381900000000011e-01 2.589999999999999858e+00 9.421661330000000428e-04 2.589999999999999858e+00 2.261484729999999976e-04 2.589999999999999858e+00 1.549001049999999954e-03 2.589999999999999858e+00 9.737051080000000520e-15 2.589999999999999858e+00 4.959290650000000023e-01 2.589999999999999858e+00 6.171292620000000438e-04 2.589999999999999858e+00 8.531596959999999919e-05 2.589999999999999858e+00 8.469105729999999678e-04 2.589999999999999858e+00 1.721814940000000005e-14 2.589999999999999858e+00 5.650809180000000431e-01 2.589999999999999858e+00 3.359858349999999866e-04 2.589999999999999858e+00 2.668972069999999889e-05 2.589999999999999858e+00 4.096114810000000216e-04 2.589999999999999858e+00 3.448562859999999813e-14 2.589999999999999858e+00 5.629528670000000234e-01 2.589999999999999858e+00 1.713444979999999935e-04 2.589999999999999858e+00 8.119883170000000535e-06 2.589999999999999858e+00 1.979987429999999964e-04 2.589999999999999858e+00 6.873675599999999631e-14 2.589999999999999858e+00 5.543652669999999949e-01 2.589999999999999858e+00 8.533191340000000405e-05 2.589999999999999858e+00 2.625447249999999971e-06 2.589999999999999858e+00 9.632600159999999800e-05 2.589999999999999858e+00 1.368390329999999916e-13 2.589999999999999858e+00 5.497633899999999629e-01
2.600000000000000089e+00 1.864517869999999990e-03 2.600000000000000089e+00 2.847458529999999919e-04 2.600000000000000089e+00 3.473098479999999801e-03 2.600000000000000089e+00 6.830610689999999850e-15 2.600000000000000089e+00 4.156317050000000179e-01 2.600000000000000089e+00 1.474498940000000015e-03 2.600000000000000089e+00 1.676874330000000001e-04 2.600000000000000089e+00 2.407898360000000192e-03 2.600000000000000089e+00 1.547921769999999953e-14 2.600000000000000089e+00 5.035520070000000237e-01 2.600000000000000089e+00 9.347677659999999514e-04 2.600000000000000089e+00 1.583791909999999917e-04 2.600000000000000089e+00 1.451588449999999903e-03 2.600000000000000089e+00 3.136249670000000012e-14 2.600000000000000089e+00 4.792176249999999804e-01 2.600000000000000089e+00 5.349445169999999736e-04 2.600000000000000089e+00 1.091300119999999999e-04 2.600000000000000089e+00 7.966230230000000091e-04 2.600000000000000089e+00 6.393772349999999971e-14 2.600000000000000089e+00 4.585417960000000015e-01 2.600000000000000089e+00 2.891470879999999887e-04 2.600000000000000089e+00 5.153882050000000136e-05 2.600000000000000089e+00 4.103605769999999929e-04 2.600000000000000089e+00 1.292522980000000074e-13 2.600000000000000089e+00 4.460381900000000011e-01 2.600000000000000089e+00 9.406229889999999589e-04 2.600000000000000089e+00 2.301100379999999879e-04 2.600000000000000089e+00 1.558415050000000078e-03 2.600000000000000089e+00 9.737944590000000579e-15 2.600000000000000089e+00 4.959290650000000023e-01 2.600000000000000089e+00 6.166730740000000120e-04 2.600000000000000089e+00 8.784234600000000344e-05 2.600000000000000089e+00 8.530796370000000252e-04 2.600000000000000089e+00 1.721946609999999965e-14 2.600000000000000089e+00 5.650809180000000431e-01 2.600000000000000089e+00 3.362043299999999775e-04 2.600000000000000089e+00 2.782796229999999940e-05 2.600000000000000089e+00 4.129724700000000220e-04 2.600000000000000089e+00 3.448736949999999708e-14 2.600000000000000089e+00 5.629528670000000234e-01 2.600000000000000089e+00 1.716504460000000049e-04 2.600000000000000089e+00 8.552098550000000705e-06 2.600000000000000089e+00 1.997137360000000037e-04 2.600000000000000089e+00 6.873923549999999481e-14 2.600000000000000089e+00 5.543652669999999949e-01 2.600000000000000089e+00 8.554537320000000535e-05 2.600000000000000089e+00 2.785750539999999809e-06 2.600000000000000089e+00 9.718039600000000461e-05 2.600000000000000089e+00 1.368439089999999973e-13 2.600000000000000089e+00 5.497633899999999629e-01
2.609999999999999876e+00 1.863072990000000069e-03 2.609999999999999876e+00 2.879399490000000253e-04 2.609999999999999876e+00 3.491736469999999915e-03 2.609999999999999876e+00 6.831312459999999721e-15 2.609999999999999876e+00 4.156317050000000179e-01 2.609999999999999876e+00 1.472964999999999908e-03 2.609999999999999876e+00 1.715793989999999964e-04 2.609999999999999876e+00 2.422635739999999885e-03 2.609999999999999876e+00 1.548379129999999967e-14 2.609999999999999876e+00 5.035520070000000237e-01 2.609999999999999876e+00 9.314486219999999848e-04 2.609999999999999876e+00 1.645765520000000079e-04 2.609999999999999876e+00 1.460919599999999964e-03 2.609999999999999876e+00 3.137552350000000241e-14 2.609999999999999876e+00 4.792176249999999804e-01 2.609999999999999876e+00 5.329042719999999489e-04 2.609999999999999876e+00 1.129364899999999979e-04 2.609999999999999876e+00 8.019622720000000281e-04 2.609999999999999876e+00 6.395671279999999820e-14 2.609999999999999876e+00 4.585417960000000015e-01 2.609999999999999876e+00 2.880683429999999785e-04 2.609999999999999876e+00 5.363026820000000287e-05 2.609999999999999876e+00 4.132466599999999992e-04 2.609999999999999876e+00 1.292837819999999935e-13 2.609999999999999876e+00 4.460381900000000011e-01 2.609999999999999876e+00 9.390206149999999734e-04 2.609999999999999876e+00 2.341512600000000062e-04 2.609999999999999876e+00 1.567813319999999955e-03 2.609999999999999876e+00 9.738881100000000785e-15 2.609999999999999876e+00 4.959290650000000023e-01 2.609999999999999876e+00 6.161547019999999561e-04 2.609999999999999876e+00 9.044244009999999421e-05 2.609999999999999876e+00 8.592438270000000424e-04 2.609999999999999876e+00 1.722084580000000053e-14 2.609999999999999876e+00 5.650809180000000431e-01 2.609999999999999876e+00 3.363777539999999772e-04 2.609999999999999876e+00 2.901691939999999833e-05 2.609999999999999876e+00 4.163354180000000009e-04 2.609999999999999876e+00 3.448920219999999844e-14 2.609999999999999876e+00 5.629528670000000234e-01 2.609999999999999876e+00 1.719336009999999925e-04 2.609999999999999876e+00 9.009864089999999881e-06 2.609999999999999876e+00 2.014316759999999990e-04 2.609999999999999876e+00 6.874184390000000482e-14 2.609999999999999876e+00 5.543652669999999949e-01 2.609999999999999876e+00 8.574905559999999513e-05 2.609999999999999876e+00 2.957083329999999910e-06 2.609999999999999876e+00 9.803687650000000224e-05 2.609999999999999876e+00 1.368490140000000059e-13 2.609999999999999876e+00 5.497633899999999629e-01
2.620000000000000107e+00 1.861589270000000088e-03 2.620000000000000107e+00 2.911897809999999896e-04 2.620000000000000107e+00 3.510359810000000021e-03 2.620000000000000107e+00 6.832048059999999811e-15 2.620000000000000107e+00 4.156317050000000179e-01 2.620000000000000107e+00 1.471350910000000008e-03 2.620000000000000107e+00 1.755806779999999974e-04 2.620000000000000107e+00 2.437357389999999981e-03 2.620000000000000107e+00 1.548857220000000034e-14 2.620000000000000107e+00 5.035520070000000237e-01 2.620000000000000107e+00 9.280548270000000448e-04 2.620000000000000107e+00 1.708566680000000060e-04 2.620000000000000107e+00 1.470217179999999940e-03 2.620000000000000107e+00 3.138913270000000081e-14 2.620000000000000107e+00 4.792176249999999804e-01 2.620000000000000107e+00 5.308584789999999751e-04 2.620000000000000107e+00 1.167385300000000026e-04 2.620000000000000107e+00 8.072810900000000449e-04 2.620000000000000107e+00 6.397656069999999988e-14 2.620000000000000107e+00 4.585417960000000015e-01 2.620000000000000107e+00 2.869831150000000147e-04 2.620000000000000107e+00 5.572267330000000196e-05 2.620000000000000107e+00 4.161219229999999804e-04 2.620000000000000107e+00 1.293167069999999916e-13 2.620000000000000107e+00 4.460381900000000011e-01 2.620000000000000107e+00 9.373600689999999789e-04 2.620000000000000107e+00 2.382712859999999917e-04 2.620000000000000107e+00 1.577195269999999991e-03 2.620000000000000107e+00 9.739862590000000781e-15 2.620000000000000107e+00 4.959290650000000023e-01 2.620000000000000107e+00 6.155753689999999764e-04 2.620000000000000107e+00 9.311510779999999758e-05 2.620000000000000107e+00 8.654025279999999834e-04 2.620000000000000107e+00 1.722229159999999897e-14 2.620000000000000107e+00 5.650809180000000431e-01 2.620000000000000107e+00 3.365060679999999789e-04 2.620000000000000107e+00 3.025679879999999876e-05 2.620000000000000107e+00 4.196998740000000257e-04 2.620000000000000107e+00 3.449113139999999820e-14 2.620000000000000107e+00 5.629528670000000234e-01 2.620000000000000107e+00 1.721933480000000015e-04 2.620000000000000107e+00 9.493958600000000666e-06 2.620000000000000107e+00 2.031523299999999916e-04 2.620000000000000107e+00 6.874458870000000289e-14 2.620000000000000107e+00 5.543652669999999949e-01 2.620000000000000107e+00 8.594251290000000322e-05 2.620000000000000107e+00 3.139992920000000158e-06 2.620000000000000107e+00 9.889534309999999746e-05 2.620000000000000107e+00 1.368543599999999900e-13 2.620000000000000107e+00 5.497633899999999629e-01
2.629999999999999893e+00 1.860066370000000103e-03 2.629999999999999893e+00 2.944965490000000228e-04 2.629999999999999893e+00 3.528968119999999903e-03 2.629999999999999893e+00 6.832818949999999858e-15 2.629999999999999893e+00 4.156317050000000179e-01 2.629999999999999893e+00 1.469655430000000066e-03 2.629999999999999893e+00 1.796941530000000029e-04 2.629999999999999893e+00 2.452062489999999855e-03 2.629999999999999893e+00 1.549356939999999994e-14 2.629999999999999893e+00 5.035520070000000237e-01 2.629999999999999893e+00 9.245958679999999536e-04 2.629999999999999893e+00 1.772069889999999890e-04 2.629999999999999893e+00 1.479480480000000065e-03 2.629999999999999893e+00 3.140334720000000068e-14 2.629999999999999893e+00 4.792176249999999804e-01 2.629999999999999893e+00 5.288087269999999914e-04 2.629999999999999893e+00 1.205344800000000014e-04 2.629999999999999893e+00 8.125794290000000345e-04 2.629999999999999893e+00 6.399730199999999848e-14 2.629999999999999893e+00 4.585417960000000015e-01 2.629999999999999893e+00 2.858925139999999991e-04 2.629999999999999893e+00 5.781487100000000173e-05 2.629999999999999893e+00 4.189863050000000176e-04 2.629999999999999893e+00 1.293511340000000095e-13 2.629999999999999893e+00 4.460381900000000011e-01 2.629999999999999893e+00 9.356425699999999833e-04 2.629999999999999893e+00 2.424690109999999956e-04 2.629999999999999893e+00 1.586560330000000079e-03 2.629999999999999893e+00 9.740891080000000204e-15 2.629999999999999893e+00 4.959290650000000023e-01 2.629999999999999893e+00 6.149365149999999570e-04 2.629999999999999893e+00 9.585890699999999711e-05 2.629999999999999893e+00 8.715551359999999846e-04 2.629999999999999893e+00 1.722380670000000071e-14 2.629999999999999893e+00 5.650809180000000431e-01 2.629999999999999893e+00 3.365894459999999922e-04 2.629999999999999893e+00 3.154754830000000191e-05 2.629999999999999893e+00 4.230653889999999931e-04 2.629999999999999893e+00 3.449316199999999864e-14 2.629999999999999893e+00 5.629528670000000234e-01 2.629999999999999893e+00 1.724291570000000082e-04 2.629999999999999893e+00 1.000505710000000080e-05 2.629999999999999893e+00 2.048754629999999992e-04 2.629999999999999893e+00 6.874747780000000338e-14 2.629999999999999893e+00 5.543652669999999949e-01 2.629999999999999893e+00 8.612531479999999801e-05 2.629999999999999893e+00 3.335007060000000032e-06 2.629999999999999893e+00 9.975569119999999623e-05 2.629999999999999893e+00 1.368599639999999908e-13 2.629999999999999893e+00 5.497633899999999629e-01
2.640000000000000124e+00 1.858503920000000075e-03 2.640000000000000124e+00 2.978614750000000127e-04 2.640000000000000124e+00 3.547561009999999817e-03 2.640000000000000124e+00 6.833626600000000387e-15 2.640000000000000124e+00 4.156317050000000179e-01 2.640000000000000124e+00 1.467877330000000010e-03 2.640000000000000124e+00 1.839227030000000016e-04 2.640000000000000124e+00 2.466750220000000181e-03 2.640000000000000124e+00 1.549879209999999996e-14 2.640000000000000124e+00 5.035520070000000237e-01 2.640000000000000124e+00 9.210809559999999854e-04 2.640000000000000124e+00 1.836153089999999948e-04 2.640000000000000124e+00 1.488708910000000095e-03 2.640000000000000124e+00 3.141819030000000097e-14 2.640000000000000124e+00 4.792176249999999804e-01 2.640000000000000124e+00 5.267563219999999834e-04 2.640000000000000124e+00 1.243230079999999905e-04 2.640000000000000124e+00 8.178572560000000203e-04 2.640000000000000124e+00 6.401897270000000014e-14 2.640000000000000124e+00 4.585417960000000015e-01 2.640000000000000124e+00 2.847974789999999741e-04 2.640000000000000124e+00 5.990588400000000142e-05 2.640000000000000124e+00 4.218397579999999774e-04 2.640000000000000124e+00 1.293871219999999926e-13 2.640000000000000124e+00 4.460381900000000011e-01 2.640000000000000124e+00 9.338694900000000338e-04 2.640000000000000124e+00 2.467430849999999913e-04 2.640000000000000124e+00 1.595907929999999895e-03 2.640000000000000124e+00 9.741968670000000253e-15 2.640000000000000124e+00 4.959290650000000023e-01 2.640000000000000124e+00 6.142397880000000348e-04 2.640000000000000124e+00 9.867211609999999541e-05 2.640000000000000124e+00 8.777010650000000025e-04 2.640000000000000124e+00 1.722539429999999887e-14 2.640000000000000124e+00 5.650809180000000431e-01 2.640000000000000124e+00 3.366282759999999845e-04 2.640000000000000124e+00 3.288885480000000323e-05 2.640000000000000124e+00 4.264315150000000127e-04 2.640000000000000124e+00 3.449529899999999886e-14 2.640000000000000124e+00 5.629528670000000234e-01 2.640000000000000124e+00 1.726406020000000074e-04 2.640000000000000124e+00 1.054371680000000033e-05 2.640000000000000124e+00 2.066008319999999897e-04 2.640000000000000124e+00 6.875051939999999850e-14 2.640000000000000124e+00 5.543652669999999949e-01 2.640000000000000124e+00 8.629705530000000261e-05 2.640000000000000124e+00 3.542625959999999909e-06 2.640000000000000124e+00 1.006178119999999969e-04 2.640000000000000124e+00 1.368658410000000119e-13 2.640000000000000124e+00 5.497633899999999629e-01
2.649999999999999911e+00 1.856901549999999965e-03 2.649999999999999911e+00 3.012858070000000140e-04 2.649999999999999911e+00 3.566138070000000101e-03 2.649999999999999911e+00 6.834472540000000333e-15 2.649999999999999911e+00 4.156317050000000179e-01 2.649999999999999911e+00 1.466015389999999943e-03 2.649999999999999911e+00 1.882692029999999980e-04 2.649999999999999911e+00 2.481419759999999898e-03 2.649999999999999911e+00 1.550424959999999873e-14 2.649999999999999911e+00 5.035520070000000237e-01 2.649999999999999911e+00 9.175189019999999531e-04 2.649999999999999911e+00 1.900699419999999891e-04 2.649999999999999911e+00 1.497901939999999980e-03 2.649999999999999911e+00 3.143368550000000061e-14 2.649999999999999911e+00 4.792176249999999804e-01 2.649999999999999911e+00 5.247023330000000164e-04 2.649999999999999911e+00 1.281030449999999996e-04 2.649999999999999911e+00 8.231145499999999778e-04 2.649999999999999911e+00 6.404160919999999831e-14 2.649999999999999911e+00 4.585417960000000015e-01 2.649999999999999911e+00 2.836988030000000237e-04 2.649999999999999911e+00 6.199489150000000515e-05 2.649999999999999911e+00 4.246822420000000197e-04 2.649999999999999911e+00 1.294247329999999926e-13 2.649999999999999911e+00 4.460381900000000011e-01 2.649999999999999911e+00 9.320423480000000239e-04 2.649999999999999911e+00 2.510919269999999808e-04 2.649999999999999911e+00 1.605237540000000037e-03 2.649999999999999911e+00 9.743097520000000540e-15 2.649999999999999911e+00 4.959290650000000023e-01 2.649999999999999911e+00 6.134870149999999567e-04 2.649999999999999911e+00 1.015527579999999996e-04 2.649999999999999911e+00 8.838397450000000377e-04 2.649999999999999911e+00 1.722705789999999912e-14 2.649999999999999911e+00 5.650809180000000431e-01 2.649999999999999911e+00 3.366231579999999978e-04 2.649999999999999911e+00 3.428014870000000325e-05 2.649999999999999911e+00 4.297978080000000155e-04 2.649999999999999911e+00 3.449754770000000105e-14 2.649999999999999911e+00 5.629528670000000234e-01 2.649999999999999911e+00 1.728273649999999956e-04 2.649999999999999911e+00 1.111036520000000036e-05 2.649999999999999911e+00 2.083281929999999894e-04 2.649999999999999911e+00 6.875372180000000254e-14 2.649999999999999911e+00 5.543652669999999949e-01 2.649999999999999911e+00 8.645735930000000608e-05 2.649999999999999911e+00 3.763313959999999853e-06 2.649999999999999911e+00 1.014815939999999978e-04 2.649999999999999911e+00 1.368720069999999998e-13 2.649999999999999911e+00 5.497633899999999629e-01
2.660000000000000142e+00 1.855258879999999990e-03 2.660000000000000142e+00 3.047708110000000095e-04 2.660000000000000142e+00 3.584698910000000144e-03 2.660000000000000142e+00 6.835358350000000201e-15 2.660000000000000142e+00 4.156317050000000179e-01 2.660000000000000142e+00 1.464068420000000066e-03 2.660000000000000142e+00 1.927365029999999883e-04 2.660000000000000142e+00 2.496070249999999841e-03 2.660000000000000142e+00 1.550995160000000081e-14 2.660000000000000142e+00 5.035520070000000237e-01 2.660000000000000142e+00 9.139180109999999564e-04 2.660000000000000142e+00 1.965598679999999872e-04 2.660000000000000142e+00 1.507059160000000057e-03 2.660000000000000142e+00 3.144985680000000158e-14 2.660000000000000142e+00 4.792176249999999804e-01 2.660000000000000142e+00 5.226476369999999471e-04 2.660000000000000142e+00 1.318737369999999987e-04 2.660000000000000142e+00 8.283512999999999510e-04 2.660000000000000142e+00 6.406524919999999568e-14 2.660000000000000142e+00 4.585417960000000015e-01 2.660000000000000142e+00 2.825971580000000106e-04 2.660000000000000142e+00 6.408120380000000005e-05 2.660000000000000142e+00 4.275137240000000051e-04 2.660000000000000142e+00 1.294640319999999917e-13 2.660000000000000142e+00 4.460381900000000011e-01 2.660000000000000142e+00 9.301627959999999662e-04 2.660000000000000142e+00 2.555137340000000127e-04 2.660000000000000142e+00 1.614548610000000103e-03 2.660000000000000142e+00 9.744279860000000662e-15 2.660000000000000142e+00 4.959290650000000023e-01 2.660000000000000142e+00 6.126801870000000072e-04 2.660000000000000142e+00 1.044986270000000032e-04 2.660000000000000142e+00 8.899706250000000152e-04 2.660000000000000142e+00 1.722880100000000084e-14 2.660000000000000142e+00 5.650809180000000431e-01 2.660000000000000142e+00 3.365748879999999957e-04 2.660000000000000142e+00 3.572061180000000113e-05 2.660000000000000142e+00 4.331638340000000011e-04 2.660000000000000142e+00 3.449991349999999794e-14 2.660000000000000142e+00 5.629528670000000234e-01 2.660000000000000142e+00 1.729892480000000052e-04 2.660000000000000142e+00 1.170528980000000067e-05 2.660000000000000142e+00 2.100572969999999905e-04 2.660000000000000142e+00 6.875709370000000446e-14 2.660000000000000142e+00 5.543652669999999949e-01 2.660000000000000142e+00 8.660588919999999673e-05 2.660000000000000142e+00 3.997491410000000235e-06 2.660000000000000142e+00 1.023469199999999955e-04 2.660000000000000142e+00 1.368784780000000023e-13 2.660000000000000142e+00 5.497633899999999629e-01
2.669999999999999929e+00 1.853575500000000055e-03 2.669999999999999929e+00 3.083177799999999827e-04 2.669999999999999929e+00 3.603243109999999891e-03 2.669999999999999929e+00 6.836285649999999698e-15 2.669999999999999929e+00 4.156317050000000179e-01 2.669999999999999929e+00 1.462035250000000069e-03 2.669999999999999929e+00 1.973274259999999950e-04 2.669999999999999929e+00 2.510700839999999937e-03 2.669999999999999929e+00 1.551590800000000126e-14 2.669999999999999929e+00 5.035520070000000237e-01 2.669999999999999929e+00 9.102860050000000395e-04 2.669999999999999929e+00 2.030748470000000045e-04 2.669999999999999929e+00 1.516180200000000070e-03 2.669999999999999929e+00 3.146672830000000271e-14 2.669999999999999929e+00 4.792176249999999804e-01 2.669999999999999929e+00 5.205929509999999462e-04 2.669999999999999929e+00 1.356344080000000056e-04 2.669999999999999929e+00 8.335675029999999519e-04 2.669999999999999929e+00 6.408993069999999801e-14 2.669999999999999929e+00 4.585417960000000015e-01 2.669999999999999929e+00 2.814931169999999763e-04 2.669999999999999929e+00 6.616424009999999345e-05 2.669999999999999929e+00 4.303341769999999874e-04 2.669999999999999929e+00 1.295050849999999905e-13 2.669999999999999929e+00 4.460381900000000011e-01 2.669999999999999929e+00 9.282326100000000283e-04 2.669999999999999929e+00 2.600065010000000214e-04 2.669999999999999929e+00 1.623840620000000000e-03 2.669999999999999929e+00 9.745517990000000207e-15 2.669999999999999929e+00 4.959290650000000023e-01 2.669999999999999929e+00 6.118214310000000353e-04 2.669999999999999929e+00 1.075073189999999984e-04 2.669999999999999929e+00 8.960931759999999887e-04 2.669999999999999929e+00 1.723062710000000023e-14 2.669999999999999929e+00 5.650809180000000431e-01 2.669999999999999929e+00 3.364844549999999835e-04 2.669999999999999929e+00 3.720919270000000217e-05 2.669999999999999929e+00 4.365291649999999989e-04 2.669999999999999929e+00 3.450240209999999796e-14 2.669999999999999929e+00 5.629528670000000234e-01 2.669999999999999929e+00 1.731261739999999914e-04 2.669999999999999929e+00 1.232863150000000034e-05 2.669999999999999929e+00 2.117878950000000120e-04 2.669999999999999929e+00 6.876064399999999951e-14 2.669999999999999929e+00 5.543652669999999949e-01 2.669999999999999929e+00 8.674235170000000543e-05 2.669999999999999929e+00 4.245526679999999636e-06 2.669999999999999929e+00 1.032136720000000009e-04 2.669999999999999929e+00 1.368852720000000034e-13 2.669999999999999929e+00 5.497633899999999629e-01
2.680000000000000160e+00 1.851851010000000021e-03 2.680000000000000160e+00 3.119280289999999916e-04 2.680000000000000160e+00 3.621770280000000033e-03 2.680000000000000160e+00 6.837256100000000104e-15 2.680000000000000160e+00 4.156317050000000179e-01 2.680000000000000160e+00 1.459914729999999992e-03 2.680000000000000160e+00 2.020447480000000118e-04 2.680000000000000160e+00 2.525310660000000193e-03 2.680000000000000160e+00 1.552212900000000141e-14 2.680000000000000160e+00 5.035520070000000237e-01 2.680000000000000160e+00 9.066299719999999611e-04 2.680000000000000160e+00 2.096054969999999892e-04 2.680000000000000160e+00 1.525264799999999973e-03 2.680000000000000160e+00 3.148432430000000277e-14 2.680000000000000160e+00 4.792176249999999804e-01 2.680000000000000160e+00 5.185388620000000535e-04 2.680000000000000160e+00 1.393845250000000087e-04 2.680000000000000160e+00 8.387631609999999724e-04 2.680000000000000160e+00 6.411569259999999515e-14 2.680000000000000160e+00 4.585417960000000015e-01 2.680000000000000160e+00 2.803871690000000268e-04 2.680000000000000160e+00 6.824351069999999326e-05 2.680000000000000160e+00 4.331435799999999964e-04 2.680000000000000160e+00 1.295479569999999963e-13 2.680000000000000160e+00 4.460381900000000011e-01 2.680000000000000160e+00 9.262536709999999581e-04 2.680000000000000160e+00 2.645680379999999754e-04 2.680000000000000160e+00 1.633113089999999913e-03 2.680000000000000160e+00 9.746814270000000326e-15 2.680000000000000160e+00 4.959290650000000023e-01 2.680000000000000160e+00 6.109129849999999891e-04 2.680000000000000160e+00 1.105762590000000016e-04 2.680000000000000160e+00 9.022068880000000445e-04 2.680000000000000160e+00 1.723254019999999973e-14 2.680000000000000160e+00 5.650809180000000431e-01 2.680000000000000160e+00 3.363530160000000003e-04 2.680000000000000160e+00 3.874462390000000243e-05 2.680000000000000160e+00 4.398933859999999869e-04 2.680000000000000160e+00 3.450501899999999697e-14 2.680000000000000160e+00 5.629528670000000234e-01 2.680000000000000160e+00 1.732381920000000024e-04 2.680000000000000160e+00 1.298038010000000050e-05 2.680000000000000160e+00 2.135197369999999959e-04 2.680000000000000160e+00 6.876438220000000174e-14 2.680000000000000160e+00 5.543652669999999949e-01 2.680000000000000160e+00 8.686650349999999873e-05 2.680000000000000160e+00 4.507728879999999787e-06 2.680000000000000160e+00 1.040817259999999943e-04 2.680000000000000160e+00 1.368924059999999938e-13 2.680000000000000160e+00 5.497633899999999629e-01
2.689999999999999947e+00 1.850084990000000051e-03 2.689999999999999947e+00 3.156028930000000145e-04 2.689999999999999947e+00 3.640279990000000118e-03 2.689999999999999947e+00 6.838271440000000317e-15 2.689999999999999947e+00 4.156317050000000179e-01 2.689999999999999947e+00 1.457705759999999894e-03 2.689999999999999947e+00 2.068911850000000011e-04 2.689999999999999947e+00 2.539898840000000182e-03 2.689999999999999947e+00 1.552862479999999941e-14 2.689999999999999947e+00 5.035520070000000237e-01 2.689999999999999947e+00 9.029563309999999845e-04 2.689999999999999947e+00 2.161433399999999904e-04 2.689999999999999947e+00 1.534312739999999994e-03 2.689999999999999947e+00 3.150266910000000054e-14 2.689999999999999947e+00 4.792176249999999804e-01 2.689999999999999947e+00 5.164858499999999773e-04 2.689999999999999947e+00 1.431236709999999938e-04 2.689999999999999947e+00 8.439382829999999766e-04 2.689999999999999947e+00 6.414257429999999894e-14 2.689999999999999947e+00 4.585417960000000015e-01 2.689999999999999947e+00 2.792797310000000137e-04 2.689999999999999947e+00 7.031860179999999680e-05 2.689999999999999947e+00 4.359419159999999914e-04 2.689999999999999947e+00 1.295927159999999968e-13 2.689999999999999947e+00 4.460381900000000011e-01 2.689999999999999947e+00 9.242279539999999956e-04 2.689999999999999947e+00 2.691959910000000112e-04 2.689999999999999947e+00 1.642365540000000025e-03 2.689999999999999947e+00 9.748171160000000576e-15 2.689999999999999947e+00 4.959290650000000023e-01 2.689999999999999947e+00 6.099571720000000188e-04 2.689999999999999947e+00 1.137027420000000065e-04 2.689999999999999947e+00 9.083112769999999482e-04 2.689999999999999947e+00 1.723454399999999869e-14 2.689999999999999947e+00 5.650809180000000431e-01 2.689999999999999947e+00 3.361818840000000037e-04 2.689999999999999947e+00 4.032544500000000164e-05 2.689999999999999947e+00 4.432560930000000073e-04 2.689999999999999947e+00 3.450777040000000017e-14 2.689999999999999947e+00 5.629528670000000234e-01 2.689999999999999947e+00 1.733254800000000046e-04 2.689999999999999947e+00 1.366037379999999951e-05 2.689999999999999947e+00 2.152525760000000075e-04 2.689999999999999947e+00 6.876831759999999371e-14 2.689999999999999947e+00 5.543652669999999949e-01 2.689999999999999947e+00 8.697815659999999602e-05 2.689999999999999947e+00 4.784341339999999698e-06 2.689999999999999947e+00 1.049509600000000025e-04 2.689999999999999947e+00 1.368998990000000016e-13 2.689999999999999947e+00 5.497633899999999629e-01
2.700000000000000178e+00 1.848277020000000086e-03 2.700000000000000178e+00 3.193437339999999759e-04 2.700000000000000178e+00 3.658771840000000011e-03 2.700000000000000178e+00 6.839333410000000023e-15 2.700000000000000178e+00 4.156317050000000179e-01 2.700000000000000178e+00 1.455407280000000107e-03 2.700000000000000178e+00 2.118693829999999880e-04 2.700000000000000178e+00 2.554464480000000030e-03 2.700000000000000178e+00 1.553540589999999969e-14 2.700000000000000178e+00 5.035520070000000237e-01 2.700000000000000178e+00 8.992708270000000304e-04 2.700000000000000178e+00 2.226808159999999945e-04 2.700000000000000178e+00 1.543323880000000044e-03 2.700000000000000178e+00 3.152178709999999795e-14 2.700000000000000178e+00 4.792176249999999804e-01 2.700000000000000178e+00 5.144343099999999823e-04 2.700000000000000178e+00 1.468515199999999895e-04 2.700000000000000178e+00 8.490928830000000170e-04 2.700000000000000178e+00 6.417061570000000535e-14 2.700000000000000178e+00 4.585417960000000015e-01 2.700000000000000178e+00 2.781711630000000164e-04 2.700000000000000178e+00 7.238916310000000521e-05 2.700000000000000178e+00 4.387291709999999742e-04 2.700000000000000178e+00 1.296394330000000109e-13 2.700000000000000178e+00 4.460381900000000011e-01 2.700000000000000178e+00 9.221575109999999645e-04 2.700000000000000178e+00 2.738878630000000231e-04 2.700000000000000178e+00 1.651597500000000045e-03 2.700000000000000178e+00 9.749591150000000510e-15 2.700000000000000178e+00 4.959290650000000023e-01 2.700000000000000178e+00 6.089563800000000150e-04 2.700000000000000178e+00 1.168839569999999967e-04 2.700000000000000178e+00 9.144058820000000240e-04 2.700000000000000178e+00 1.723664249999999953e-14 2.700000000000000178e+00 5.650809180000000431e-01 2.700000000000000178e+00 3.359725009999999781e-04 2.700000000000000178e+00 4.195002670000000226e-05 2.700000000000000178e+00 4.466168969999999880e-04 2.700000000000000178e+00 3.451066239999999698e-14 2.700000000000000178e+00 5.629528670000000234e-01 2.700000000000000178e+00 1.733883350000000039e-04 2.700000000000000178e+00 1.436830169999999996e-05 2.700000000000000178e+00 2.169861650000000038e-04 2.700000000000000178e+00 6.877246029999999570e-14 2.700000000000000178e+00 5.543652669999999949e-01 2.700000000000000178e+00 8.707718240000000430e-05 2.700000000000000178e+00 5.075536340000000050e-06 2.700000000000000178e+00 1.058212470000000045e-04 2.700000000000000178e+00 1.369077700000000044e-13 2.700000000000000178e+00 5.497633899999999629e-01
2.709999999999999964e+00 1.846426640000000015e-03 2.709999999999999964e+00 3.231519319999999994e-04 2.709999999999999964e+00 3.677245390000000169e-03 2.709999999999999964e+00 6.840443849999999680e-15 2.709999999999999964e+00 4.156317050000000179e-01 2.709999999999999964e+00 1.453018300000000033e-03 2.709999999999999964e+00 2.169818970000000089e-04 2.709999999999999964e+00 2.569006679999999865e-03 2.709999999999999964e+00 1.554248300000000032e-14 2.709999999999999964e+00 5.035520070000000237e-01 2.709999999999999964e+00 8.955785369999999784e-04 2.709999999999999964e+00 2.292112760000000065e-04 2.709999999999999964e+00 1.552298130000000047e-03 2.709999999999999964e+00 3.154170249999999694e-14 2.709999999999999964e+00 4.792176249999999804e-01 2.709999999999999964e+00 5.123845669999999627e-04 2.709999999999999964e+00 1.505678260000000031e-04 2.709999999999999964e+00 8.542269760000000337e-04 2.709999999999999964e+00 6.419985730000000394e-14 2.709999999999999964e+00 4.585417960000000015e-01 2.709999999999999964e+00 2.770617769999999809e-04 2.709999999999999964e+00 7.445489720000000606e-05 2.709999999999999964e+00 4.415053359999999809e-04 2.709999999999999964e+00 1.296881779999999880e-13 2.709999999999999964e+00 4.460381900000000011e-01 2.709999999999999964e+00 9.200444519999999987e-04 2.709999999999999964e+00 2.786410380000000015e-04 2.709999999999999964e+00 1.660808549999999916e-03 2.709999999999999964e+00 9.751076829999999662e-15 2.709999999999999964e+00 4.959290650000000023e-01 2.709999999999999964e+00 6.079130299999999532e-04 2.709999999999999964e+00 1.201170219999999955e-04 2.709999999999999964e+00 9.204902629999999700e-04 2.709999999999999964e+00 1.723883980000000151e-14 2.709999999999999964e+00 5.650809180000000431e-01 2.709999999999999964e+00 3.357264200000000063e-04 2.709999999999999964e+00 4.361659769999999813e-05 2.709999999999999964e+00 4.499754210000000260e-04 2.709999999999999964e+00 3.451370130000000206e-14 2.709999999999999964e+00 5.629528670000000234e-01 2.709999999999999964e+00 1.734271760000000065e-04 2.709999999999999964e+00 1.510370950000000007e-05 2.709999999999999964e+00 2.187202629999999992e-04 2.709999999999999964e+00 6.877682049999999954e-14 2.709999999999999964e+00 5.543652669999999949e-01 2.709999999999999964e+00 8.716351479999999766e-05 2.709999999999999964e+00 5.381411090000000047e-06 2.709999999999999964e+00 1.066924619999999981e-04 2.709999999999999964e+00 1.369160380000000052e-13 2.709999999999999964e+00 5.497633899999999629e-01
2.720000000000000195e+00 1.844533420000000036e-03 2.720000000000000195e+00 3.270288910000000043e-04 2.720000000000000195e+00 3.695700230000000062e-03 2.720000000000000195e+00 6.841604609999999743e-15 2.720000000000000195e+00 4.156317050000000179e-01 2.720000000000000195e+00 1.450537889999999920e-03 2.720000000000000195e+00 2.222311739999999897e-04 2.720000000000000195e+00 2.583524539999999814e-03 2.720000000000000195e+00 1.554986699999999934e-14 2.720000000000000195e+00 5.035520070000000237e-01 2.720000000000000195e+00 8.918838959999999963e-04 2.720000000000000195e+00 2.357289530000000039e-04 2.720000000000000195e+00 1.561235449999999947e-03 2.720000000000000195e+00 3.156243940000000264e-14 2.720000000000000195e+00 4.792176249999999804e-01 2.720000000000000195e+00 5.103368880000000440e-04 2.720000000000000195e+00 1.542723969999999886e-04 2.720000000000000195e+00 8.593405809999999506e-04 2.720000000000000195e+00 6.423033980000000315e-14 2.720000000000000195e+00 4.585417960000000015e-01 2.720000000000000195e+00 2.759518420000000249e-04 2.720000000000000195e+00 7.651555100000000239e-05 2.720000000000000195e+00 4.442704049999999811e-04 2.720000000000000195e+00 1.297390219999999974e-13 2.720000000000000195e+00 4.460381900000000011e-01 2.720000000000000195e+00 9.178909340000000446e-04 2.720000000000000195e+00 2.834528059999999873e-04 2.720000000000000195e+00 1.669998260000000057e-03 2.720000000000000195e+00 9.752630870000000705e-15 2.720000000000000195e+00 4.959290650000000023e-01 2.720000000000000195e+00 6.068295569999999700e-04 2.720000000000000195e+00 1.233990130000000044e-04 2.720000000000000195e+00 9.265640090000000191e-04 2.720000000000000195e+00 1.724114030000000068e-14 2.720000000000000195e+00 5.650809180000000431e-01 2.720000000000000195e+00 3.354452770000000022e-04 2.720000000000000195e+00 4.532327229999999843e-05 2.720000000000000195e+00 4.533313079999999758e-04 2.720000000000000195e+00 3.451689370000000159e-14 2.720000000000000195e+00 5.629528670000000234e-01 2.720000000000000195e+00 1.734425299999999936e-04 2.720000000000000195e+00 1.586600779999999887e-05 2.720000000000000195e+00 2.204546300000000039e-04 2.720000000000000195e+00 6.878140870000000020e-14 2.720000000000000195e+00 5.543652669999999949e-01 2.720000000000000195e+00 8.723715179999999765e-05 2.720000000000000195e+00 5.701985379999999692e-06 2.720000000000000195e+00 1.075644750000000015e-04 2.720000000000000195e+00 1.369247230000000003e-13 2.720000000000000195e+00 5.497633899999999629e-01
2.729999999999999982e+00 1.842596890000000077e-03 2.729999999999999982e+00 3.309760379999999807e-04 2.729999999999999982e+00 3.714135920000000146e-03 2.729999999999999982e+00 6.842817609999999868e-15 2.729999999999999982e+00 4.156317050000000179e-01 2.729999999999999982e+00 1.447965179999999991e-03 2.729999999999999982e+00 2.276195379999999954e-04 2.729999999999999982e+00 2.598017130000000122e-03 2.729999999999999982e+00 1.555756860000000113e-14 2.729999999999999982e+00 5.035520070000000237e-01 2.729999999999999982e+00 8.881907279999999832e-04 2.729999999999999982e+00 2.422289149999999884e-04 2.729999999999999982e+00 1.570135820000000040e-03 2.729999999999999982e+00 3.158402150000000132e-14 2.729999999999999982e+00 4.792176249999999804e-01 2.729999999999999982e+00 5.082914939999999939e-04 2.729999999999999982e+00 1.579650939999999865e-04 2.729999999999999982e+00 8.644337210000000013e-04 2.729999999999999982e+00 6.426210420000000191e-14 2.729999999999999982e+00 4.585417960000000015e-01 2.729999999999999982e+00 2.748415930000000225e-04 2.729999999999999982e+00 7.857090869999999998e-05 2.729999999999999982e+00 4.470243719999999988e-04 2.729999999999999982e+00 1.297920370000000008e-13 2.729999999999999982e+00 4.460381900000000011e-01 2.729999999999999982e+00 9.156991410000000489e-04 2.729999999999999982e+00 2.883203790000000077e-04 2.729999999999999982e+00 1.679166240000000074e-03 2.729999999999999982e+00 9.754255979999999997e-15 2.729999999999999982e+00 4.959290650000000023e-01 2.729999999999999982e+00 6.057083900000000088e-04 2.729999999999999982e+00 1.267269959999999971e-04 2.729999999999999982e+00 9.326267289999999989e-04 2.729999999999999982e+00 1.724354829999999944e-14 2.729999999999999982e+00 5.650809180000000431e-01 2.729999999999999982e+00 3.351307759999999874e-04 2.729999999999999982e+00 4.706807810000000232e-05 2.729999999999999982e+00 4.566842150000000153e-04 2.729999999999999982e+00 3.452024640000000065e-14 2.729999999999999982e+00 5.629528670000000234e-01 2.729999999999999982e+00 1.734350259999999999e-04 2.729999999999999982e+00 1.665448380000000091e-05 2.729999999999999982e+00 2.221890370000000113e-04 2.729999999999999982e+00 6.878623590000000201e-14 2.729999999999999982e+00 5.543652669999999949e-01 2.729999999999999982e+00 8.729815619999999998e-05 2.729999999999999982e+00 6.037200730000000301e-06 2.729999999999999982e+00 1.084371619999999951e-04 2.729999999999999982e+00 1.369338469999999985e-13 2.729999999999999982e+00 5.497633899999999629e-01
2.740000000000000213e+00 1.840616580000000065e-03 2.740000000000000213e+00 3.349948190000000053e-04 2.740000000000000213e+00 3.732552020000000012e-03 2.740000000000000213e+00 6.844084809999999700e-15 2.740000000000000213e+00 4.156317050000000179e-01 2.740000000000000213e+00 1.445299400000000069e-03 2.740000000000000213e+00 2.331491700000000119e-04 2.740000000000000213e+00 2.612483530000000130e-03 2.740000000000000213e+00 1.556559890000000054e-14 2.740000000000000213e+00 5.035520070000000237e-01 2.740000000000000213e+00 8.845022900000000434e-04 2.740000000000000213e+00 2.487070070000000016e-04 2.740000000000000213e+00 1.578999279999999950e-03 2.740000000000000213e+00 3.160647209999999826e-14 2.740000000000000213e+00 4.792176249999999804e-01 2.740000000000000213e+00 5.062485710000000447e-04 2.740000000000000213e+00 1.616458130000000056e-04 2.740000000000000213e+00 8.695064189999999853e-04 2.740000000000000213e+00 6.429519149999999915e-14 2.740000000000000213e+00 4.585417960000000015e-01 2.740000000000000213e+00 2.737312360000000180e-04 2.740000000000000213e+00 8.062078569999999919e-05 2.740000000000000213e+00 4.497672359999999839e-04 2.740000000000000213e+00 1.298472969999999977e-13 2.740000000000000213e+00 4.460381900000000011e-01 2.740000000000000213e+00 9.134712720000000069e-04 2.740000000000000213e+00 2.932409210000000107e-04 2.740000000000000213e+00 1.688312119999999927e-03 2.740000000000000213e+00 9.755954970000000186e-15 2.740000000000000213e+00 4.959290650000000023e-01 2.740000000000000213e+00 6.045519310000000129e-04 2.740000000000000213e+00 1.300980459999999926e-04 2.740000000000000213e+00 9.386780589999999544e-04 2.740000000000000213e+00 1.724606830000000012e-14 2.740000000000000213e+00 5.650809180000000431e-01 2.740000000000000213e+00 3.347846589999999944e-04 2.740000000000000213e+00 4.884898229999999825e-05 2.740000000000000213e+00 4.600338179999999754e-04 2.740000000000000213e+00 3.452376639999999799e-14 2.740000000000000213e+00 5.629528670000000234e-01 2.740000000000000213e+00 1.734053810000000064e-04 2.740000000000000213e+00 1.746831429999999989e-05 2.740000000000000213e+00 2.239232570000000071e-04 2.740000000000000213e+00 6.879131339999999977e-14 2.740000000000000213e+00 5.543652669999999949e-01 2.740000000000000213e+00 8.734665460000000565e-05 2.740000000000000213e+00 6.386921379999999837e-06 2.740000000000000213e+00 1.093103969999999946e-04 2.740000000000000213e+00 1.369434309999999895e-13 2.740000000000000213e+00 5.497633899999999629e-01
2.750000000000000000e+00 1.838592019999999924e-03 2.750000000000000000e+00 3.390867010000000168e-04 2.750000000000000000e+00 3.750948100000000077e-03 2.750000000000000000e+00 6.845408209999999670e-15 2.750000000000000000e+00 4.156317050000000179e-01 2.750000000000000000e+00 1.442539880000000014e-03 2.750000000000000000e+00 2.388220870000000028e-04 2.750000000000000000e+00 2.626922810000000084e-03 2.750000000000000000e+00 1.557396899999999872e-14 2.750000000000000000e+00 5.035520070000000237e-01 2.750000000000000000e+00 8.808213199999999701e-04 2.750000000000000000e+00 2.551597880000000236e-04 2.750000000000000000e+00 1.587825890000000087e-03 2.750000000000000000e+00 3.162981400000000196e-14 2.750000000000000000e+00 4.792176249999999804e-01 2.750000000000000000e+00 5.042082740000000110e-04 2.750000000000000000e+00 1.653144810000000125e-04 2.750000000000000000e+00 8.745587010000000156e-04 2.750000000000000000e+00 6.432964280000000325e-14 2.750000000000000000e+00 4.585417960000000015e-01 2.750000000000000000e+00 2.726209519999999928e-04 2.750000000000000000e+00 8.266502399999999440e-05 2.750000000000000000e+00 4.524989969999999905e-04 2.750000000000000000e+00 1.299048740000000003e-13 2.750000000000000000e+00 4.460381900000000011e-01 2.750000000000000000e+00 9.112095240000000302e-04 2.750000000000000000e+00 2.982115660000000099e-04 2.750000000000000000e+00 1.697435549999999930e-03 2.750000000000000000e+00 9.757730720000000756e-15 2.750000000000000000e+00 4.959290650000000023e-01 2.750000000000000000e+00 6.033625379999999925e-04 2.750000000000000000e+00 1.335092729999999919e-04 2.750000000000000000e+00 9.447176579999999472e-04 2.750000000000000000e+00 1.724870489999999874e-14 2.750000000000000000e+00 5.650809180000000431e-01 2.750000000000000000e+00 3.344086879999999757e-04 2.750000000000000000e+00 5.066391759999999732e-05 2.750000000000000000e+00 4.633798090000000027e-04 2.750000000000000000e+00 3.452746080000000180e-14 2.750000000000000000e+00 5.629528670000000234e-01 2.750000000000000000e+00 1.733543910000000037e-04 2.750000000000000000e+00 1.830658020000000037e-05 2.750000000000000000e+00 2.256570729999999908e-04 2.750000000000000000e+00 6.879665280000000403e-14 2.750000000000000000e+00 5.543652669999999949e-01 2.750000000000000000e+00 8.738283460000000231e-05 2.750000000000000000e+00 6.750936799999999687e-06 2.750000000000000000e+00 1.101840540000000019e-04 2.750000000000000000e+00 1.369534970000000074e-13 2.750000000000000000e+00 5.497633899999999629e-01
2.759999999999999787e+00 1.836522709999999919e-03 2.759999999999999787e+00 3.432531729999999744e-04 2.759999999999999787e+00 3.769323709999999970e-03 2.759999999999999787e+00 6.846789870000000194e-15 2.759999999999999787e+00 4.156317050000000179e-01 2.759999999999999787e+00 1.439686049999999934e-03 2.759999999999999787e+00 2.446401220000000163e-04 2.759999999999999787e+00 2.641334009999999916e-03 2.759999999999999787e+00 1.558268999999999999e-14 2.759999999999999787e+00 5.035520070000000237e-01 2.759999999999999787e+00 8.771500890000000130e-04 2.759999999999999787e+00 2.615844579999999941e-04 2.759999999999999787e+00 1.596615740000000092e-03 2.759999999999999787e+00 3.165406920000000215e-14 2.759999999999999787e+00 4.792176249999999804e-01 2.759999999999999787e+00 5.021707330000000236e-04 2.759999999999999787e+00 1.689710490000000131e-04 2.759999999999999787e+00 8.795905939999999843e-04 2.759999999999999787e+00 6.436549900000000370e-14 2.759999999999999787e+00 4.585417960000000015e-01 2.759999999999999787e+00 2.715109020000000084e-04 2.759999999999999787e+00 8.470348770000000549e-05 2.759999999999999787e+00 4.552196560000000146e-04 2.759999999999999787e+00 1.299648439999999948e-13 2.759999999999999787e+00 4.460381900000000011e-01 2.759999999999999787e+00 9.089160809999999573e-04 2.759999999999999787e+00 3.032294370000000088e-04 2.759999999999999787e+00 1.706536210000000062e-03 2.759999999999999787e+00 9.759586169999999597e-15 2.759999999999999787e+00 4.959290650000000023e-01 2.759999999999999787e+00 6.021425139999999612e-04 2.759999999999999787e+00 1.369578450000000084e-04 2.759999999999999787e+00 9.507452069999999507e-04 2.759999999999999787e+00 1.725146300000000073e-14 2.759999999999999787e+00 5.650809180000000431e-01 2.759999999999999787e+00 3.340046289999999761e-04 2.759999999999999787e+00 5.251080509999999735e-05 2.759999999999999787e+00 4.667218980000000092e-04 2.759999999999999787e+00 3.453133710000000126e-14 2.759999999999999787e+00 5.629528670000000234e-01 2.759999999999999787e+00 1.732829130000000098e-04 2.759999999999999787e+00 1.916828289999999931e-05 2.759999999999999787e+00 2.273902770000000076e-04 2.759999999999999787e+00 6.880226619999999682e-14 2.759999999999999787e+00 5.543652669999999949e-01 2.759999999999999787e+00 8.740694169999999833e-05 2.759999999999999787e+00 7.128965810000000124e-06 2.759999999999999787e+00 1.110580129999999950e-04 2.759999999999999787e+00 1.369640689999999972e-13 2.759999999999999787e+00 5.497633899999999629e-01
2.770000000000000018e+00 1.834408160000000057e-03 2.770000000000000018e+00 3.474957419999999820e-04 2.770000000000000018e+00 3.787678400000000188e-03 2.770000000000000018e+00 6.848231890000000106e-15 2.770000000000000018e+00 4.156317050000000179e-01 2.770000000000000018e+00 1.436737459999999893e-03 2.770000000000000018e+00 2.506049069999999822e-04 2.770000000000000018e+00 2.655716209999999834e-03 2.770000000000000018e+00 1.559177299999999920e-14 2.770000000000000018e+00 5.035520070000000237e-01 2.770000000000000018e+00 8.734904470000000440e-04 2.770000000000000018e+00 2.679787940000000136e-04 2.770000000000000018e+00 1.605368930000000000e-03 2.770000000000000018e+00 3.167925899999999817e-14 2.770000000000000018e+00 4.792176249999999804e-01 2.770000000000000018e+00 5.001360589999999644e-04 2.770000000000000018e+00 1.726154859999999959e-04 2.770000000000000018e+00 8.846021250000000004e-04 2.770000000000000018e+00 6.440280050000000583e-14 2.770000000000000018e+00 4.585417960000000015e-01 2.770000000000000018e+00 2.704012289999999812e-04 2.770000000000000018e+00 8.673605969999999353e-05 2.770000000000000018e+00 4.579292159999999901e-04 2.770000000000000018e+00 1.300272800000000124e-13 2.770000000000000018e+00 4.460381900000000011e-01 2.770000000000000018e+00 9.065930969999999632e-04 2.770000000000000018e+00 3.082916670000000249e-04 2.770000000000000018e+00 1.715613780000000083e-03 2.770000000000000018e+00 9.761524339999999323e-15 2.770000000000000018e+00 4.959290650000000023e-01 2.770000000000000018e+00 6.008940909999999991e-04 2.770000000000000018e+00 1.404409970000000045e-04 2.770000000000000018e+00 9.567604130000000517e-04 2.770000000000000018e+00 1.725434739999999891e-14 2.770000000000000018e+00 5.650809180000000431e-01 2.770000000000000018e+00 3.335742310000000001e-04 2.770000000000000018e+00 5.438757589999999685e-05 2.770000000000000018e+00 4.700598139999999934e-04 2.770000000000000018e+00 3.453540299999999814e-14 2.770000000000000018e+00 5.629528670000000234e-01 2.770000000000000018e+00 1.731918550000000013e-04 2.770000000000000018e+00 2.005235970000000042e-05 2.770000000000000018e+00 2.291226660000000013e-04 2.770000000000000018e+00 6.880816590000000432e-14 2.770000000000000018e+00 5.543652669999999949e-01 2.770000000000000018e+00 8.741927439999999357e-05 2.770000000000000018e+00 7.520661959999999916e-06 2.770000000000000018e+00 1.119321540000000064e-04 2.770000000000000018e+00 1.369751710000000053e-13 2.770000000000000018e+00 5.497633899999999629e-01
2.779999999999999805e+00 1.832247859999999989e-03 2.779999999999999805e+00 3.518159350000000097e-04 2.779999999999999805e+00 3.806011719999999928e-03 2.779999999999999805e+00 6.849736409999999810e-15 2.779999999999999805e+00 4.156317050000000179e-01 2.779999999999999805e+00 1.433693779999999909e-03 2.779999999999999805e+00 2.567178439999999906e-04 2.779999999999999805e+00 2.670068450000000204e-03 2.779999999999999805e+00 1.560122890000000068e-14 2.779999999999999805e+00 5.035520070000000237e-01 2.779999999999999805e+00 8.698438779999999879e-04 2.779999999999999805e+00 2.743410760000000162e-04 2.779999999999999805e+00 1.614085589999999940e-03 2.779999999999999805e+00 3.170540379999999895e-14 2.779999999999999805e+00 4.792176249999999804e-01 2.779999999999999805e+00 4.981043489999999879e-04 2.779999999999999805e+00 1.762477759999999977e-04 2.779999999999999805e+00 8.895933250000000484e-04 2.779999999999999805e+00 6.444158749999999610e-14 2.779999999999999805e+00 4.585417960000000015e-01 2.779999999999999805e+00 2.692920600000000002e-04 2.779999999999999805e+00 8.876263899999999615e-05 2.779999999999999805e+00 4.606276820000000053e-04 2.779999999999999805e+00 1.300922560000000018e-13 2.779999999999999805e+00 4.460381900000000011e-01 2.779999999999999805e+00 9.042426950000000217e-04 2.779999999999999805e+00 3.133954160000000221e-04 2.779999999999999805e+00 1.724667980000000028e-03 2.779999999999999805e+00 9.763548319999999377e-15 2.779999999999999805e+00 4.959290650000000023e-01 2.779999999999999805e+00 5.996194209999999641e-04 2.779999999999999805e+00 1.439560539999999896e-04 2.779999999999999805e+00 9.627630020000000439e-04 2.779999999999999805e+00 1.725736329999999866e-14 2.779999999999999805e+00 5.650809180000000431e-01 2.779999999999999805e+00 3.331192130000000095e-04 2.779999999999999805e+00 5.629218949999999742e-05 2.779999999999999805e+00 4.733933010000000025e-04 2.779999999999999805e+00 3.453966629999999734e-14 2.779999999999999805e+00 5.629528670000000234e-01 2.779999999999999805e+00 1.730821619999999971e-04 2.779999999999999805e+00 2.095770049999999896e-05 2.779999999999999805e+00 2.308540519999999912e-04 2.779999999999999805e+00 6.881436500000000210e-14 2.779999999999999805e+00 5.543652669999999949e-01 2.779999999999999805e+00 8.742017850000000491e-05 2.779999999999999805e+00 7.925620149999999592e-06 2.779999999999999805e+00 1.128063609999999979e-04 2.779999999999999805e+00 1.369868270000000019e-13 2.779999999999999805e+00 5.497633899999999629e-01
2.790000000000000036e+00 1.830041300000000018e-03 2.790000000000000036e+00 3.562152940000000217e-04 2.790000000000000036e+00 3.824323210000000160e-03 2.790000000000000036e+00 6.851305639999999696e-15 2.790000000000000036e+00 4.156317050000000179e-01 2.790000000000000036e+00 1.430554830000000050e-03 2.790000000000000036e+00 2.629800950000000062e-04 2.790000000000000036e+00 2.684389770000000092e-03 2.790000000000000036e+00 1.561106879999999930e-14 2.790000000000000036e+00 5.035520070000000237e-01 2.790000000000000036e+00 8.662115419999999802e-04 2.790000000000000036e+00 2.806700230000000245e-04 2.790000000000000036e+00 1.622765850000000044e-03 2.790000000000000036e+00 3.173252260000000107e-14 2.790000000000000036e+00 4.792176249999999804e-01 2.790000000000000036e+00 4.960756849999999833e-04 2.790000000000000036e+00 1.798679140000000113e-04 2.790000000000000036e+00 8.945642230000000125e-04 2.790000000000000036e+00 6.448189939999999897e-14 2.790000000000000036e+00 4.585417960000000015e-01 2.790000000000000036e+00 2.681835099999999852e-04 2.790000000000000036e+00 9.078313829999999358e-05 2.790000000000000036e+00 4.633150599999999821e-04 2.790000000000000036e+00 1.301598459999999876e-13 2.790000000000000036e+00 4.460381900000000011e-01 2.790000000000000036e+00 9.018669459999999888e-04 2.790000000000000036e+00 3.185378840000000216e-04 2.790000000000000036e+00 1.733698550000000067e-03 2.790000000000000036e+00 9.765661260000000769e-15 2.790000000000000036e+00 4.959290650000000023e-01 2.790000000000000036e+00 5.983205720000000496e-04 2.790000000000000036e+00 1.475004330000000119e-04 2.790000000000000036e+00 9.687527209999999625e-04 2.790000000000000036e+00 1.726051579999999906e-14 2.790000000000000036e+00 5.650809180000000431e-01 2.790000000000000036e+00 3.326412509999999751e-04 2.790000000000000036e+00 5.822264949999999927e-05 2.790000000000000036e+00 4.767221220000000077e-04 2.790000000000000036e+00 3.454413519999999740e-14 2.790000000000000036e+00 5.629528670000000234e-01 2.790000000000000036e+00 1.729548020000000051e-04 2.790000000000000036e+00 2.188316290000000134e-05 2.790000000000000036e+00 2.325842510000000079e-04 2.790000000000000036e+00 6.882087649999999412e-14 2.790000000000000036e+00 5.543652669999999949e-01 2.790000000000000036e+00 8.741004130000000537e-05 2.790000000000000036e+00 8.343383960000000710e-06 2.790000000000000036e+00 1.136805210000000011e-04 2.790000000000000036e+00 1.369990620000000016e-13 2.790000000000000036e+00 5.497633899999999629e-01
2.799999999999999822e+00 1.827787960000000055e-03 2.799999999999999822e+00 3.606953830000000027e-04 2.799999999999999822e+00 3.842612390000000201e-03 2.799999999999999822e+00 6.852941790000000155e-15 2.799999999999999822e+00 4.156317050000000179e-01 2.799999999999999822e+00 1.427320580000000002e-03 2.799999999999999822e+00 2.693925480000000042e-04 2.799999999999999822e+00 2.698679229999999783e-03 2.799999999999999822e+00 1.562130319999999946e-14 2.799999999999999822e+00 5.035520070000000237e-01 2.799999999999999822e+00 8.625943249999999500e-04 2.799999999999999822e+00 2.869647320000000149e-04 2.799999999999999822e+00 1.631409870000000107e-03 2.799999999999999822e+00 3.176063340000000130e-14 2.799999999999999822e+00 4.792176249999999804e-01 2.799999999999999822e+00 4.940501399999999840e-04 2.799999999999999822e+00 1.834759039999999937e-04 2.799999999999999822e+00 8.995148489999999896e-04 2.799999999999999822e+00 6.452377459999999490e-14 2.799999999999999822e+00 4.585417960000000015e-01 2.799999999999999822e+00 2.670756830000000086e-04 2.799999999999999822e+00 9.279748190000000640e-05 2.799999999999999822e+00 4.659913550000000090e-04 2.799999999999999822e+00 1.302301220000000073e-13 2.799999999999999822e+00 4.460381900000000011e-01 2.799999999999999822e+00 8.994678680000000410e-04 2.799999999999999822e+00 3.237163269999999830e-04 2.799999999999999822e+00 1.742705239999999900e-03 2.799999999999999822e+00 9.767866379999999765e-15 2.799999999999999822e+00 4.959290650000000023e-01 2.799999999999999822e+00 5.969995179999999574e-04 2.799999999999999822e+00 1.510716600000000097e-04 2.799999999999999822e+00 9.747293389999999716e-04 2.799999999999999822e+00 1.726381019999999916e-14 2.799999999999999822e+00 5.650809180000000431e-01 2.799999999999999822e+00 3.321419690000000213e-04 2.799999999999999822e+00 6.017701679999999995e-05 2.799999999999999822e+00 4.800460549999999746e-04 2.799999999999999822e+00 3.454881799999999996e-14 2.799999999999999822e+00 5.629528670000000234e-01 2.799999999999999822e+00 1.728107539999999896e-04 2.799999999999999822e+00 2.282758710000000083e-05 2.799999999999999822e+00 2.343130920000000028e-04 2.799999999999999822e+00 6.882771419999999683e-14 2.799999999999999822e+00 5.543652669999999949e-01 2.799999999999999822e+00 8.738928469999999776e-05 2.799999999999999822e+00 8.773453609999999162e-06 2.799999999999999822e+00 1.145545260000000002e-04 2.799999999999999822e+00 1.370119039999999993e-13 2.799999999999999822e+00 5.497633899999999629e-01
2.810000000000000053e+00 1.825487310000000049e-03 2.810000000000000053e+00 3.652577779999999978e-04 2.810000000000000053e+00 3.860878810000000112e-03 2.810000000000000053e+00 6.854647139999999989e-15 2.810000000000000053e+00 4.156317050000000179e-01 2.810000000000000053e+00 1.423991159999999897e-03 2.810000000000000053e+00 2.759558070000000109e-04 2.810000000000000053e+00 2.712935860000000119e-03 2.810000000000000053e+00 1.563194289999999923e-14 2.810000000000000053e+00 5.035520070000000237e-01 2.810000000000000053e+00 8.589928750000000186e-04 2.810000000000000053e+00 2.932246199999999857e-04 2.810000000000000053e+00 1.640017790000000003e-03 2.810000000000000053e+00 3.178975280000000295e-14 2.810000000000000053e+00 4.792176249999999804e-01 2.810000000000000053e+00 4.920277789999999473e-04 2.810000000000000053e+00 1.870717560000000133e-04 2.810000000000000053e+00 9.044452359999999563e-04 2.810000000000000053e+00 6.456725060000000555e-14 2.810000000000000053e+00 4.585417960000000015e-01 2.810000000000000053e+00 2.659686730000000200e-04 2.810000000000000053e+00 9.480560420000000671e-05 2.810000000000000053e+00 4.686565759999999957e-04 2.810000000000000053e+00 1.303031569999999909e-13 2.810000000000000053e+00 4.460381900000000011e-01 2.810000000000000053e+00 8.970474179999999480e-04 2.810000000000000053e+00 3.289280679999999780e-04 2.810000000000000053e+00 1.751687829999999972e-03 2.810000000000000053e+00 9.770166960000000507e-15 2.810000000000000053e+00 4.959290650000000023e-01 2.810000000000000053e+00 5.956581389999999815e-04 2.810000000000000053e+00 1.546673700000000004e-04 2.810000000000000053e+00 9.806926440000000508e-04 2.810000000000000053e+00 1.726725190000000113e-14 2.810000000000000053e+00 5.650809180000000431e-01 2.810000000000000053e+00 3.316229279999999822e-04 2.810000000000000053e+00 6.215342030000000316e-05 2.810000000000000053e+00 4.833648950000000175e-04 2.810000000000000053e+00 3.455372329999999717e-14 2.810000000000000053e+00 5.629528670000000234e-01 2.810000000000000053e+00 1.726509979999999919e-04 2.810000000000000053e+00 2.378980879999999853e-05 2.810000000000000053e+00 2.360404129999999997e-04 2.810000000000000053e+00 6.883489220000000454e-14 2.810000000000000053e+00 5.543652669999999949e-01 2.810000000000000053e+00 8.735835790000000050e-05 2.810000000000000053e+00 9.215294189999999986e-06 2.810000000000000053e+00 1.154282730000000002e-04 2.810000000000000053e+00 1.370253799999999965e-13 2.810000000000000053e+00 5.497633899999999629e-01
2.819999999999999840e+00 1.823138819999999948e-03 2.819999999999999840e+00 3.699040719999999844e-04 2.819999999999999840e+00 3.879121980000000119e-03 2.819999999999999840e+00 6.856423990000000360e-15 2.819999999999999840e+00 4.156317050000000179e-01 2.819999999999999840e+00 1.420566860000000093e-03 2.819999999999999840e+00 2.826701659999999896e-04 2.819999999999999840e+00 2.727158730000000045e-03 2.819999999999999840e+00 1.564299809999999993e-14 2.819999999999999840e+00 5.035520070000000237e-01 2.819999999999999840e+00 8.554076400000000220e-04 2.819999999999999840e+00 2.994493739999999952e-04 2.819999999999999840e+00 1.648589779999999920e-03 2.819999999999999840e+00 3.181989570000000020e-14 2.819999999999999840e+00 4.792176249999999804e-01 2.819999999999999840e+00 4.900086609999999626e-04 2.819999999999999840e+00 1.906554860000000062e-04 2.819999999999999840e+00 9.093554150000000055e-04 2.819999999999999840e+00 6.461236370000000229e-14 2.819999999999999840e+00 4.585417960000000015e-01 2.819999999999999840e+00 2.648625669999999971e-04 2.819999999999999840e+00 9.680744790000000391e-05 2.819999999999999840e+00 4.713107310000000188e-04 2.819999999999999840e+00 1.303790220000000078e-13 2.819999999999999840e+00 4.460381900000000011e-01 2.819999999999999840e+00 8.946074839999999719e-04 2.819999999999999840e+00 3.341705030000000033e-04 2.819999999999999840e+00 1.760646119999999997e-03 2.819999999999999840e+00 9.772566349999999235e-15 2.819999999999999840e+00 4.959290650000000023e-01 2.819999999999999840e+00 5.942982160000000527e-04 2.819999999999999840e+00 1.582853130000000028e-04 2.819999999999999840e+00 9.866424400000000077e-04 2.819999999999999840e+00 1.727084670000000078e-14 2.819999999999999840e+00 5.650809180000000431e-01 2.819999999999999840e+00 3.310856240000000059e-04 2.819999999999999840e+00 6.415006519999999501e-05 2.819999999999999840e+00 4.866784519999999741e-04 2.819999999999999840e+00 3.455885990000000007e-14 2.819999999999999840e+00 5.629528670000000234e-01 2.819999999999999840e+00 1.724765070000000003e-04 2.819999999999999840e+00 2.476867170000000081e-05 2.819999999999999840e+00 2.377660630000000058e-04 2.819999999999999840e+00 6.884242509999999568e-14 2.819999999999999840e+00 5.543652669999999949e-01 2.819999999999999840e+00 8.731773160000000031e-05 2.819999999999999840e+00 9.668343910000000503e-06 2.819999999999999840e+00 1.163016609999999981e-04 2.819999999999999840e+00 1.370395160000000010e-13 2.819999999999999840e+00 5.497633899999999629e-01
2.830000000000000071e+00 1.820741959999999920e-03 2.830000000000000071e+00 3.746358700000000002e-04 2.830000000000000071e+00 3.897341419999999969e-03 2.830000000000000071e+00 6.858274680000000059e-15 2.830000000000000071e+00 4.156317050000000179e-01 2.830000000000000071e+00 1.417048169999999933e-03 2.830000000000000071e+00 2.895355930000000143e-04 2.830000000000000071e+00 2.741346889999999887e-03 2.830000000000000071e+00 1.565447879999999974e-14 2.830000000000000071e+00 5.035520070000000237e-01 2.830000000000000071e+00 8.518389020000000263e-04 2.830000000000000071e+00 3.056389040000000233e-04 2.830000000000000071e+00 1.657126000000000085e-03 2.830000000000000071e+00 3.185107540000000010e-14 2.830000000000000071e+00 4.792176249999999804e-01 2.830000000000000071e+00 4.879928369999999888e-04 2.830000000000000071e+00 1.942271130000000048e-04 2.830000000000000071e+00 9.142454200000000013e-04 2.830000000000000071e+00 6.465914840000000099e-14 2.830000000000000071e+00 4.585417960000000015e-01 2.830000000000000071e+00 2.637574430000000076e-04 2.830000000000000071e+00 9.880296340000000105e-05 2.830000000000000071e+00 4.739538309999999800e-04 2.830000000000000071e+00 1.304577859999999886e-13 2.830000000000000071e+00 4.460381900000000011e-01 2.830000000000000071e+00 8.921498830000000081e-04 2.830000000000000071e+00 3.394411159999999750e-04 2.830000000000000071e+00 1.769579920000000084e-03 2.830000000000000071e+00 9.775067930000000076e-15 2.830000000000000071e+00 4.959290650000000023e-01 2.830000000000000071e+00 5.929214319999999514e-04 2.830000000000000071e+00 1.619233579999999938e-04 2.830000000000000071e+00 9.925785519999999994e-04 2.830000000000000071e+00 1.727460010000000028e-14 2.830000000000000071e+00 5.650809180000000431e-01 2.830000000000000071e+00 3.305314799999999899e-04 2.830000000000000071e+00 6.616523860000000164e-05 2.830000000000000071e+00 4.899865509999999473e-04 2.830000000000000071e+00 3.456423689999999755e-14 2.830000000000000071e+00 5.629528670000000234e-01 2.830000000000000071e+00 1.722882320000000092e-04 2.830000000000000071e+00 2.576303729999999986e-05 2.830000000000000071e+00 2.394898980000000001e-04 2.830000000000000071e+00 6.885032780000000228e-14 2.830000000000000071e+00 5.543652669999999949e-01 2.830000000000000071e+00 8.726789049999999570e-05 2.830000000000000071e+00 1.013202210000000069e-05 2.830000000000000071e+00 1.171745969999999997e-04 2.830000000000000071e+00 1.370543440000000072e-13 2.830000000000000071e+00 5.497633899999999629e-01
2.839999999999999858e+00 1.818296170000000033e-03 2.839999999999999858e+00 3.794547920000000229e-04 2.839999999999999858e+00 3.915536649999999848e-03 2.839999999999999858e+00 6.860201580000000236e-15 2.839999999999999858e+00 4.156317050000000179e-01 2.839999999999999858e+00 1.413435750000000034e-03 2.839999999999999858e+00 2.965517090000000270e-04 2.839999999999999858e+00 2.755499380000000012e-03 2.839999999999999858e+00 1.566639460000000011e-14 2.839999999999999858e+00 5.035520070000000237e-01 2.839999999999999858e+00 8.482868069999999899e-04 2.839999999999999858e+00 3.117933030000000238e-04 2.839999999999999858e+00 1.665626610000000077e-03 2.839999999999999858e+00 3.188330330000000061e-14 2.839999999999999858e+00 4.792176249999999804e-01 2.839999999999999858e+00 4.859803569999999887e-04 2.839999999999999858e+00 1.977866580000000067e-04 2.839999999999999858e+00 9.191152830000000329e-04 2.839999999999999858e+00 6.470763770000000203e-14 2.839999999999999858e+00 4.585417960000000015e-01 2.839999999999999858e+00 2.626533750000000270e-04 2.839999999999999858e+00 1.007921069999999993e-04 2.839999999999999858e+00 4.765858840000000100e-04 2.839999999999999858e+00 1.305395160000000035e-13 2.839999999999999858e+00 4.460381900000000011e-01 2.839999999999999858e+00 8.896763560000000388e-04 2.839999999999999858e+00 3.447374789999999999e-04 2.839999999999999858e+00 1.778489070000000005e-03 2.839999999999999858e+00 9.777675179999999247e-15 2.839999999999999858e+00 4.959290650000000023e-01 2.839999999999999858e+00 5.915293739999999498e-04 2.839999999999999858e+00 1.655794900000000019e-04 2.839999999999999858e+00 9.985008180000000226e-04 2.839999999999999858e+00 1.727851799999999856e-14 2.839999999999999858e+00 5.650809180000000431e-01 2.839999999999999858e+00 3.299618440000000232e-04 2.839999999999999858e+00 6.819731359999999692e-05 2.839999999999999858e+00 4.932890300000000424e-04 2.839999999999999858e+00 3.456986359999999741e-14 2.839999999999999858e+00 5.629528670000000234e-01 2.839999999999999858e+00 1.720871050000000082e-04 2.839999999999999858e+00 2.677179420000000019e-05 2.839999999999999858e+00 2.412117849999999991e-04 2.839999999999999858e+00 6.885861570000000264e-14 2.839999999999999858e+00 5.543652669999999949e-01 2.839999999999999858e+00 8.720932729999999393e-05 2.839999999999999858e+00 1.060573680000000046e-05 2.839999999999999858e+00 1.180469900000000026e-04 2.839999999999999858e+00 1.370698920000000099e-13 2.839999999999999858e+00 5.497633899999999629e-01
2.850000000000000089e+00 1.815800920000000020e-03 2.850000000000000089e+00 3.843624659999999985e-04 2.850000000000000089e+00 3.933707179999999977e-03 2.850000000000000089e+00 6.862207099999999669e-15 2.850000000000000089e+00 4.156317050000000179e-01 2.850000000000000089e+00 1.409730459999999994e-03 2.850000000000000089e+00 3.037177730000000073e-04 2.850000000000000089e+00 2.769615290000000153e-03 2.850000000000000089e+00 1.567875459999999939e-14 2.850000000000000089e+00 5.035520070000000237e-01 2.850000000000000089e+00 8.447513850000000100e-04 2.850000000000000089e+00 3.179128130000000055e-04 2.850000000000000089e+00 1.674091790000000043e-03 2.850000000000000089e+00 3.191658889999999686e-14 2.850000000000000089e+00 4.792176249999999804e-01 2.850000000000000089e+00 4.839712650000000034e-04 2.850000000000000089e+00 2.013341449999999971e-04 2.850000000000000089e+00 9.239650389999999602e-04 2.850000000000000089e+00 6.475786289999999661e-14 2.850000000000000089e+00 4.585417960000000015e-01 2.850000000000000089e+00 2.615504290000000083e-04 2.850000000000000089e+00 1.027748419999999988e-04 2.850000000000000089e+00 4.792069020000000066e-04 2.850000000000000089e+00 1.306242780000000025e-13 2.850000000000000089e+00 4.460381900000000011e-01 2.850000000000000089e+00 8.871885700000000166e-04 2.850000000000000089e+00 3.500572590000000216e-04 2.850000000000000089e+00 1.787373400000000006e-03 2.850000000000000089e+00 9.780391569999999279e-15 2.850000000000000089e+00 4.959290650000000023e-01 2.850000000000000089e+00 5.901235299999999569e-04 2.850000000000000089e+00 1.692518099999999986e-04 2.850000000000000089e+00 1.004409090000000018e-03 2.850000000000000089e+00 1.728260640000000086e-14 2.850000000000000089e+00 5.650809180000000431e-01 2.850000000000000089e+00 3.293779890000000064e-04 2.850000000000000089e+00 7.024475159999999762e-05 2.850000000000000089e+00 4.965857409999999833e-04 2.850000000000000089e+00 3.457574950000000109e-14 2.850000000000000089e+00 5.629528670000000234e-01 2.850000000000000089e+00 1.718740229999999908e-04 2.850000000000000089e+00 2.779386510000000086e-05 2.850000000000000089e+00 2.429316000000000103e-04 2.850000000000000089e+00 6.886730479999999388e-14 2.850000000000000089e+00 5.543652669999999949e-01 2.850000000000000089e+00 8.714253729999999723e-05 2.850000000000000089e+00 1.108889169999999979e-05 2.850000000000000089e+00 1.189187560000000036e-04 2.850000000000000089e+00 1.370861910000000100e-13 2.850000000000000089e+00 5.497633899999999629e-01
2.859999999999999876e+00 1.813255659999999910e-03 2.859999999999999876e+00 3.893605299999999955e-04 2.859999999999999876e+00 3.951852510000000186e-03 2.859999999999999876e+00 6.864293640000000293e-15 2.859999999999999876e+00 4.156317050000000179e-01 2.859999999999999876e+00 1.405933390000000012e-03 2.859999999999999876e+00 3.110326710000000153e-04 2.859999999999999876e+00 2.783693690000000123e-03 2.859999999999999876e+00 1.569156759999999915e-14 2.859999999999999876e+00 5.035520070000000237e-01 2.859999999999999876e+00 8.412325779999999930e-04 2.859999999999999876e+00 3.239977910000000055e-04 2.859999999999999876e+00 1.682521699999999995e-03 2.859999999999999876e+00 3.195093940000000018e-14 2.859999999999999876e+00 4.792176249999999804e-01 2.859999999999999876e+00 4.819656040000000236e-04 2.859999999999999876e+00 2.048695990000000118e-04 2.859999999999999876e+00 9.287947199999999808e-04 2.859999999999999876e+00 6.480985259999999852e-14 2.859999999999999876e+00 4.585417960000000015e-01 2.859999999999999876e+00 2.604486690000000211e-04 2.859999999999999876e+00 1.047511339999999936e-04 2.859999999999999876e+00 4.818168959999999802e-04 2.859999999999999876e+00 1.307121340000000125e-13 2.859999999999999876e+00 4.460381900000000011e-01 2.859999999999999876e+00 8.846881100000000050e-04 2.859999999999999876e+00 3.553982230000000183e-04 2.859999999999999876e+00 1.796232800000000093e-03 2.859999999999999876e+00 9.783220649999999532e-15 2.859999999999999876e+00 4.959290650000000023e-01 2.859999999999999876e+00 5.887052960000000324e-04 2.859999999999999876e+00 1.729385360000000029e-04 2.859999999999999876e+00 1.010303250000000024e-03 2.859999999999999876e+00 1.728687129999999977e-14 2.859999999999999876e+00 5.650809180000000431e-01 2.859999999999999876e+00 3.287811129999999773e-04 2.859999999999999876e+00 7.230610279999999369e-05 2.859999999999999876e+00 4.998765469999999923e-04 2.859999999999999876e+00 3.458190440000000052e-14 2.859999999999999876e+00 5.629528670000000234e-01 2.859999999999999876e+00 1.716498500000000012e-04 2.859999999999999876e+00 2.882821230000000054e-05 2.859999999999999876e+00 2.446492280000000055e-04 2.859999999999999876e+00 6.887641140000000146e-14 2.859999999999999876e+00 5.543652669999999949e-01 2.859999999999999876e+00 8.706801309999999427e-05 2.859999999999999876e+00 1.158089250000000069e-05 2.859999999999999876e+00 1.197898149999999972e-04 2.859999999999999876e+00 1.371032730000000016e-13 2.859999999999999876e+00 5.497633899999999629e-01
2.870000000000000107e+00 1.810659829999999989e-03 2.870000000000000107e+00 3.944506290000000001e-04 2.870000000000000107e+00 3.969972129999999912e-03 2.870000000000000107e+00 6.866463660000000086e-15 2.870000000000000107e+00 4.156317050000000179e-01 2.870000000000000107e+00 1.402045800000000040e-03 2.870000000000000107e+00 3.184948979999999933e-04 2.870000000000000107e+00 2.797733660000000129e-03 2.870000000000000107e+00 1.570484170000000109e-14 2.870000000000000107e+00 5.035520070000000237e-01 2.870000000000000107e+00 8.377302560000000247e-04 2.870000000000000107e+00 3.300486870000000146e-04 2.870000000000000107e+00 1.690916499999999944e-03 2.870000000000000107e+00 3.198635990000000018e-14 2.870000000000000107e+00 4.792176249999999804e-01 2.870000000000000107e+00 4.799634139999999979e-04 2.870000000000000107e+00 2.083930450000000051e-04 2.870000000000000107e+00 9.336043619999999507e-04 2.870000000000000107e+00 6.486363339999999666e-14 2.870000000000000107e+00 4.585417960000000015e-01 2.870000000000000107e+00 2.593481520000000002e-04 2.870000000000000107e+00 1.067209540000000045e-04 2.870000000000000107e+00 4.844158789999999872e-04 2.870000000000000107e+00 1.308031439999999974e-13 2.870000000000000107e+00 4.460381900000000011e-01 2.870000000000000107e+00 8.821764830000000538e-04 2.870000000000000107e+00 3.607582360000000099e-04 2.870000000000000107e+00 1.805067129999999957e-03 2.870000000000000107e+00 9.786165989999999364e-15 2.870000000000000107e+00 4.959290650000000023e-01 2.870000000000000107e+00 5.872759769999999491e-04 2.870000000000000107e+00 1.766379960000000009e-04 2.870000000000000107e+00 1.016183159999999941e-03 2.870000000000000107e+00 1.729131890000000050e-14 2.870000000000000107e+00 5.650809180000000431e-01 2.870000000000000107e+00 3.281723390000000021e-04 2.870000000000000107e+00 7.438000590000000086e-05 2.870000000000000107e+00 5.031613240000000226e-04 2.870000000000000107e+00 3.458833830000000020e-14 2.870000000000000107e+00 5.629528670000000234e-01 2.870000000000000107e+00 1.714154129999999874e-04 2.870000000000000107e+00 2.987384259999999970e-05 2.870000000000000107e+00 2.463645629999999744e-04 2.870000000000000107e+00 6.888595250000000338e-14 2.870000000000000107e+00 5.543652669999999949e-01 2.870000000000000107e+00 8.698623980000000366e-05 2.870000000000000107e+00 1.208115250000000054e-05 2.870000000000000107e+00 1.206600919999999984e-04 2.870000000000000107e+00 1.371211709999999978e-13 2.870000000000000107e+00 5.497633899999999629e-01
2.879999999999999893e+00 1.808012869999999894e-03 2.879999999999999893e+00 3.996344150000000249e-04 2.879999999999999893e+00 3.988065530000000324e-03 2.879999999999999893e+00 6.868719610000000185e-15 2.879999999999999893e+00 4.156317050000000179e-01 2.879999999999999893e+00 1.398069179999999979e-03 2.879999999999999893e+00 3.261025530000000020e-04 2.879999999999999893e+00 2.811734309999999824e-03 2.879999999999999893e+00 1.571858430000000072e-14 2.879999999999999893e+00 5.035520070000000237e-01 2.879999999999999893e+00 8.342442319999999849e-04 2.879999999999999893e+00 3.360660200000000191e-04 2.879999999999999893e+00 1.699276360000000078e-03 2.879999999999999893e+00 3.202285309999999953e-14 2.879999999999999893e+00 4.792176249999999804e-01 2.879999999999999893e+00 4.779647339999999875e-04 2.879999999999999893e+00 2.119045100000000045e-04 2.879999999999999893e+00 9.383939999999999469e-04 2.879999999999999893e+00 6.491922910000000568e-14 2.879999999999999893e+00 4.585417960000000015e-01 2.879999999999999893e+00 2.582489339999999929e-04 2.879999999999999893e+00 1.086842790000000015e-04 2.879999999999999893e+00 4.870038639999999756e-04 2.879999999999999893e+00 1.308973639999999976e-13 2.879999999999999893e+00 4.460381900000000011e-01 2.879999999999999893e+00 8.796551179999999824e-04 2.879999999999999893e+00 3.661352669999999804e-04 2.879999999999999893e+00 1.813876289999999999e-03 2.879999999999999893e+00 9.789231209999999700e-15 2.879999999999999893e+00 4.959290650000000023e-01 2.879999999999999893e+00 5.858367900000000482e-04 2.879999999999999893e+00 1.803486270000000038e-04 2.879999999999999893e+00 1.022048729999999912e-03 2.879999999999999893e+00 1.729595549999999876e-14 2.879999999999999893e+00 5.650809180000000431e-01 2.879999999999999893e+00 3.275527140000000174e-04 2.879999999999999893e+00 7.646518640000000251e-05 2.879999999999999893e+00 5.064399569999999918e-04 2.879999999999999893e+00 3.459506139999999830e-14 2.879999999999999893e+00 5.629528670000000234e-01 2.879999999999999893e+00 1.711714949999999921e-04 2.879999999999999893e+00 3.092980980000000071e-05 2.879999999999999893e+00 2.480775050000000185e-04 2.879999999999999893e+00 6.889594510000000291e-14 2.879999999999999893e+00 5.543652669999999949e-01 2.879999999999999893e+00 8.689769170000000316e-05 2.879999999999999893e+00 1.258909719999999947e-05 2.879999999999999893e+00 1.215295170000000024e-04 2.879999999999999893e+00 1.371399190000000050e-13 2.879999999999999893e+00 5.497633899999999629e-01
2.890000000000000124e+00 1.805314250000000006e-03 2.890000000000000124e+00 4.049135410000000244e-04 2.890000000000000124e+00 4.006132209999999950e-03 2.890000000000000124e+00 6.871063940000000149e-15 2.890000000000000124e+00 4.156317050000000179e-01 2.890000000000000124e+00 1.394005239999999935e-03 2.890000000000000124e+00 3.338533309999999819e-04 2.890000000000000124e+00 2.825694750000000161e-03 2.890000000000000124e+00 1.573280209999999999e-14 2.890000000000000124e+00 5.035520070000000237e-01 2.890000000000000124e+00 8.307742770000000297e-04 2.890000000000000124e+00 3.420503569999999759e-04 2.890000000000000124e+00 1.707601439999999974e-03 2.890000000000000124e+00 3.206041910000000137e-14 2.890000000000000124e+00 4.792176249999999804e-01 2.890000000000000124e+00 4.759695990000000149e-04 2.890000000000000124e+00 2.154040199999999875e-04 2.890000000000000124e+00 9.431636690000000465e-04 2.890000000000000124e+00 6.497666079999999968e-14 2.890000000000000124e+00 4.585417960000000015e-01 2.890000000000000124e+00 2.571510660000000123e-04 2.890000000000000124e+00 1.106410849999999992e-04 2.890000000000000124e+00 4.895808630000000059e-04 2.890000000000000124e+00 1.309948469999999972e-13 2.890000000000000124e+00 4.460381900000000011e-01 2.890000000000000124e+00 8.771253670000000264e-04 2.890000000000000124e+00 3.715273840000000061e-04 2.890000000000000124e+00 1.822660200000000104e-03 2.890000000000000124e+00 9.792419919999999891e-15 2.890000000000000124e+00 4.959290650000000023e-01 2.890000000000000124e+00 5.843888690000000269e-04 2.890000000000000124e+00 1.840689679999999947e-04 2.890000000000000124e+00 1.027899870000000080e-03 2.890000000000000124e+00 1.730078749999999970e-14 2.890000000000000124e+00 5.650809180000000431e-01 2.890000000000000124e+00 3.269232180000000102e-04 2.890000000000000124e+00 7.856045410000000019e-05 2.890000000000000124e+00 5.097123449999999781e-04 2.890000000000000124e+00 3.460208420000000239e-14 2.890000000000000124e+00 5.629528670000000234e-01 2.890000000000000124e+00 1.709188409999999928e-04 2.890000000000000124e+00 3.199521700000000141e-05 2.890000000000000124e+00 2.497879630000000135e-04 2.890000000000000124e+00 6.890640730000000623e-14 2.890000000000000124e+00 5.543652669999999949e-01 2.890000000000000124e+00 8.680282890000000286e-05 2.890000000000000124e+00 1.310416829999999961e-05 2.890000000000000124e+00 1.223980249999999978e-04 2.890000000000000124e+00 1.371595519999999981e-13 2.890000000000000124e+00 5.497633899999999629e-01
2.899999999999999911e+00 1.802563409999999961e-03 2.899999999999999911e+00 4.102896629999999950e-04 2.899999999999999911e+00 4.024171640000000043e-03 2.899999999999999911e+00 6.873499120000000323e-15 2.899999999999999911e+00 4.156317050000000179e-01 2.899999999999999911e+00 1.389855900000000043e-03 2.899999999999999911e+00 3.417445199999999818e-04 2.899999999999999911e+00 2.839614130000000201e-03 2.899999999999999911e+00 1.574750130000000095e-14 2.899999999999999911e+00 5.035520070000000237e-01 2.899999999999999911e+00 8.273201320000000015e-04 2.899999999999999911e+00 3.480023010000000234e-04 2.899999999999999911e+00 1.715891900000000077e-03 2.899999999999999911e+00 3.209905560000000296e-14 2.899999999999999911e+00 4.792176249999999804e-01 2.899999999999999911e+00 4.739780449999999906e-04 2.899999999999999911e+00 2.188915999999999898e-04 2.899999999999999911e+00 9.479134040000000011e-04 2.899999999999999911e+00 6.503594619999999757e-14 2.899999999999999911e+00 4.585417960000000015e-01 2.899999999999999911e+00 2.560545980000000213e-04 2.899999999999999911e+00 1.125913540000000017e-04 2.899999999999999911e+00 4.921468899999999680e-04 2.899999999999999911e+00 1.310956399999999941e-13 2.899999999999999911e+00 4.460381900000000011e-01 2.899999999999999911e+00 8.745885039999999741e-04 2.899999999999999911e+00 3.769327559999999765e-04 2.899999999999999911e+00 1.831418779999999941e-03 2.899999999999999911e+00 9.795735769999999281e-15 2.899999999999999911e+00 4.959290650000000023e-01 2.899999999999999911e+00 5.829332680000000105e-04 2.899999999999999911e+00 1.877976600000000101e-04 2.899999999999999911e+00 1.033736489999999937e-03 2.899999999999999911e+00 1.730582129999999902e-14 2.899999999999999911e+00 5.650809180000000431e-01 2.899999999999999911e+00 3.262847599999999806e-04 2.899999999999999911e+00 8.066470059999999661e-05 2.899999999999999911e+00 5.129783920000000400e-04 2.899999999999999911e+00 3.460941740000000109e-14 2.899999999999999911e+00 5.629528670000000234e-01 2.899999999999999911e+00 1.706581510000000114e-04 2.899999999999999911e+00 3.306921739999999800e-05 2.899999999999999911e+00 2.514958550000000160e-04 2.899999999999999911e+00 6.891735709999999750e-14 2.899999999999999911e+00 5.543652669999999949e-01 2.899999999999999911e+00 8.670209490000000600e-05 2.899999999999999911e+00 1.362582679999999986e-05 2.899999999999999911e+00 1.232655539999999883e-04 2.899999999999999911e+00 1.371801050000000022e-13 2.899999999999999911e+00 5.497633899999999629e-01
2.910000000000000142e+00 1.799759790000000047e-03 2.910000000000000142e+00 4.157644349999999956e-04 2.910000000000000142e+00 4.042183300000000076e-03 2.910000000000000142e+00 6.876027610000000263e-15 2.910000000000000142e+00 4.156317050000000179e-01 2.910000000000000142e+00 1.385623280000000072e-03 2.910000000000000142e+00 3.497730019999999922e-04 2.910000000000000142e+00 2.853491589999999911e-03 2.910000000000000142e+00 1.576268689999999953e-14 2.910000000000000142e+00 5.035520070000000237e-01 2.910000000000000142e+00 8.238815129999999508e-04 2.910000000000000142e+00 3.539224779999999913e-04 2.910000000000000142e+00 1.724147890000000006e-03 2.910000000000000142e+00 3.213875750000000206e-14 2.910000000000000142e+00 4.792176249999999804e-01 2.910000000000000142e+00 4.719901059999999956e-04 2.910000000000000142e+00 2.223672759999999887e-04 2.910000000000000142e+00 9.526432419999999882e-04 2.910000000000000142e+00 6.509710009999999669e-14 2.910000000000000142e+00 4.585417960000000015e-01 2.910000000000000142e+00 2.549595740000000065e-04 2.910000000000000142e+00 1.145350689999999956e-04 2.910000000000000142e+00 4.947019590000000227e-04 2.910000000000000142e+00 1.311997870000000056e-13 2.910000000000000142e+00 4.460381900000000011e-01 2.910000000000000142e+00 8.720457300000000137e-04 2.910000000000000142e+00 3.823496509999999818e-04 2.910000000000000142e+00 1.840151950000000047e-03 2.910000000000000142e+00 9.799182400000000367e-15 2.910000000000000142e+00 4.959290650000000023e-01 2.910000000000000142e+00 5.814709659999999902e-04 2.910000000000000142e+00 1.915334370000000130e-04 2.910000000000000142e+00 1.039558510000000019e-03 2.910000000000000142e+00 1.731106339999999871e-14 2.910000000000000142e+00 5.650809180000000431e-01 2.910000000000000142e+00 3.256381850000000214e-04 2.910000000000000142e+00 8.277689529999999801e-05 2.910000000000000142e+00 5.162380129999999748e-04 2.910000000000000142e+00 3.461707170000000193e-14 2.910000000000000142e+00 5.629528670000000234e-01 2.910000000000000142e+00 1.703900839999999896e-04 2.910000000000000142e+00 3.415101460000000009e-05 2.910000000000000142e+00 2.532011020000000164e-04 2.910000000000000142e+00 6.892881339999999540e-14 2.910000000000000142e+00 5.543652669999999949e-01 2.910000000000000142e+00 8.659591460000000342e-05 2.910000000000000142e+00 1.415355559999999935e-05 2.910000000000000142e+00 1.241320479999999946e-04 2.910000000000000142e+00 1.372016140000000108e-13 2.910000000000000142e+00 5.497633899999999629e-01
2.919999999999999929e+00 1.796902850000000034e-03 2.919999999999999929e+00 4.213395050000000005e-04 2.919999999999999929e+00 4.060166659999999567e-03 2.919999999999999929e+00 6.878651870000000316e-15 2.919999999999999929e+00 4.156317050000000179e-01 2.919999999999999929e+00 1.381309729999999954e-03 2.919999999999999929e+00 3.579352559999999877e-04 2.919999999999999929e+00 2.867326319999999925e-03 2.919999999999999929e+00 1.577836330000000125e-14 2.919999999999999929e+00 5.035520070000000237e-01 2.919999999999999929e+00 8.204581249999999722e-04 2.919999999999999929e+00 3.598115229999999986e-04 2.919999999999999929e+00 1.732369579999999947e-03 2.919999999999999929e+00 3.217951709999999690e-14 2.919999999999999929e+00 4.792176249999999804e-01 2.919999999999999929e+00 4.700058169999999985e-04 2.919999999999999929e+00 2.258310739999999889e-04 2.919999999999999929e+00 9.573532179999999763e-04 2.919999999999999929e+00 6.516013340000000454e-14 2.919999999999999929e+00 4.585417960000000015e-01 2.919999999999999929e+00 2.538660400000000011e-04 2.919999999999999929e+00 1.164722159999999964e-04 2.919999999999999929e+00 4.972460859999999977e-04 2.919999999999999929e+00 1.313073279999999993e-13 2.919999999999999929e+00 4.460381900000000011e-01 2.919999999999999929e+00 8.694981739999999709e-04 2.919999999999999929e+00 3.877764329999999998e-04 2.919999999999999929e+00 1.848859669999999931e-03 2.919999999999999929e+00 9.802763459999999339e-15 2.919999999999999929e+00 4.959290650000000023e-01 2.919999999999999929e+00 5.800028710000000240e-04 2.919999999999999929e+00 1.952751219999999900e-04 2.919999999999999929e+00 1.045365890000000053e-03 2.919999999999999929e+00 1.731652050000000070e-14 2.919999999999999929e+00 5.650809180000000431e-01 2.919999999999999929e+00 3.249842759999999856e-04 2.919999999999999929e+00 8.489608200000000606e-05 2.919999999999999929e+00 5.194911309999999819e-04 2.919999999999999929e+00 3.462505830000000289e-14 2.919999999999999929e+00 5.629528670000000234e-01 2.919999999999999929e+00 1.701152549999999908e-04 2.919999999999999929e+00 3.523986199999999718e-05 2.919999999999999929e+00 2.549036340000000234e-04 2.919999999999999929e+00 6.894079520000000282e-14 2.919999999999999929e+00 5.543652669999999949e-01 2.919999999999999929e+00 8.648469300000000311e-05 2.919999999999999929e+00 1.468686089999999998e-05 2.919999999999999929e+00 1.249974550000000075e-04 2.919999999999999929e+00 1.372241179999999982e-13 2.919999999999999929e+00 5.497633899999999629e-01
2.930000000000000160e+00 1.793992060000000090e-03 2.930000000000000160e+00 4.270165179999999960e-04 2.930000000000000160e+00 4.078121179999999804e-03 2.930000000000000160e+00 6.881374320000000045e-15 2.930000000000000160e+00 4.156317050000000179e-01 2.930000000000000160e+00 1.376917799999999911e-03 2.930000000000000160e+00 3.662273630000000154e-04 2.930000000000000160e+00 2.881117519999999970e-03 2.930000000000000160e+00 1.579453379999999921e-14 2.930000000000000160e+00 5.035520070000000237e-01 2.930000000000000160e+00 8.170496639999999793e-04 2.930000000000000160e+00 3.656700759999999815e-04 2.930000000000000160e+00 1.740557100000000032e-03 2.930000000000000160e+00 3.222132400000000198e-14 2.930000000000000160e+00 4.792176249999999804e-01 2.930000000000000160e+00 4.680252099999999797e-04 2.930000000000000160e+00 2.292830189999999987e-04 2.930000000000000160e+00 9.620433700000000305e-04 2.930000000000000160e+00 6.522505369999999450e-14 2.930000000000000160e+00 4.585417960000000015e-01 2.930000000000000160e+00 2.527740360000000079e-04 2.930000000000000160e+00 1.184027829999999976e-04 2.930000000000000160e+00 4.997792850000000540e-04 2.930000000000000160e+00 1.314182949999999946e-13 2.930000000000000160e+00 4.460381900000000011e-01 2.930000000000000160e+00 8.669468939999999549e-04 2.930000000000000160e+00 3.932115590000000160e-04 2.930000000000000160e+00 1.857541899999999970e-03 2.930000000000000160e+00 9.806482580000000276e-15 2.930000000000000160e+00 4.959290650000000023e-01 2.930000000000000160e+00 5.785298240000000041e-04 2.930000000000000160e+00 1.990216239999999910e-04 2.930000000000000160e+00 1.051158549999999924e-03 2.930000000000000160e+00 1.732219910000000068e-14 2.930000000000000160e+00 5.650809180000000431e-01 2.930000000000000160e+00 3.243237570000000159e-04 2.930000000000000160e+00 8.702137499999999825e-05 2.930000000000000160e+00 5.227376770000000117e-04 2.930000000000000160e+00 3.463338840000000197e-14 2.930000000000000160e+00 5.629528670000000234e-01 2.930000000000000160e+00 1.698342389999999943e-04 2.930000000000000160e+00 3.633506169999999833e-05 2.930000000000000160e+00 2.566033860000000257e-04 2.930000000000000160e+00 6.895332229999999725e-14 2.930000000000000160e+00 5.543652669999999949e-01 2.930000000000000160e+00 8.636881419999999359e-05 2.930000000000000160e+00 1.522527400000000028e-05 2.930000000000000160e+00 1.258617270000000020e-04 2.930000000000000160e+00 1.372476559999999887e-13 2.930000000000000160e+00 5.497633899999999629e-01
2.939999999999999947e+00 1.791026870000000026e-03 2.939999999999999947e+00 4.327971060000000204e-04 2.939999999999999947e+00 4.096046320000000344e-03 2.939999999999999947e+00 6.884197379999999805e-15 2.939999999999999947e+00 4.156317050000000179e-01 2.939999999999999947e+00 1.372450220000000090e-03 2.939999999999999947e+00 3.746450250000000104e-04 2.939999999999999947e+00 2.894864430000000047e-03 2.939999999999999947e+00 1.581120069999999931e-14 2.939999999999999947e+00 5.035520070000000237e-01 2.939999999999999947e+00 8.136558220000000103e-04 2.939999999999999947e+00 3.714987710000000089e-04 2.939999999999999947e+00 1.748710620000000016e-03 2.939999999999999947e+00 3.226416489999999760e-14 2.939999999999999947e+00 4.792176249999999804e-01 2.939999999999999947e+00 4.660483169999999741e-04 2.939999999999999947e+00 2.327231359999999997e-04 2.939999999999999947e+00 9.667137350000000028e-04 2.939999999999999947e+00 6.529186430000000070e-14 2.939999999999999947e+00 4.585417960000000015e-01 2.939999999999999947e+00 2.516836030000000257e-04 2.939999999999999947e+00 1.203267590000000025e-04 2.939999999999999947e+00 5.023015720000000191e-04 2.939999999999999947e+00 1.315327170000000053e-13 2.939999999999999947e+00 4.460381900000000011e-01 2.939999999999999947e+00 8.643928840000000054e-04 2.939999999999999947e+00 3.986535800000000200e-04 2.939999999999999947e+00 1.866198600000000107e-03 2.939999999999999947e+00 9.810343349999999376e-15 2.939999999999999947e+00 4.959290650000000023e-01 2.939999999999999947e+00 5.770526029999999661e-04 2.939999999999999947e+00 2.027719290000000018e-04 2.939999999999999947e+00 1.056936469999999930e-03 2.939999999999999947e+00 1.732810590000000060e-14 2.939999999999999947e+00 5.650809180000000431e-01 2.939999999999999947e+00 3.236572979999999830e-04 2.939999999999999947e+00 8.915195460000000004e-05 2.939999999999999947e+00 5.259775869999999947e-04 2.939999999999999947e+00 3.464207350000000024e-14 2.939999999999999947e+00 5.629528670000000234e-01 2.939999999999999947e+00 1.695475739999999915e-04 2.939999999999999947e+00 3.743596289999999920e-05 2.939999999999999947e+00 2.583002999999999840e-04 2.939999999999999947e+00 6.896641479999999718e-14 2.939999999999999947e+00 5.543652669999999949e-01 2.939999999999999947e+00 8.624864139999999810e-05 2.939999999999999947e+00 1.576835119999999882e-05 2.939999999999999947e+00 1.267248170000000033e-04 2.939999999999999947e+00 1.372722670000000068e-13 2.939999999999999947e+00 5.497633899999999629e-01
2.950000000000000178e+00 1.788006769999999929e-03 2.950000000000000178e+00 4.386828909999999893e-04 2.950000000000000178e+00 4.113941539999999876e-03 2.950000000000000178e+00 6.887123409999999957e-15 2.950000000000000178e+00 4.156317050000000179e-01 2.950000000000000178e+00 1.367909930000000022e-03 2.950000000000000178e+00 3.831835709999999889e-04 2.950000000000000178e+00 2.908566290000000158e-03 2.950000000000000178e+00 1.582836530000000131e-14 2.950000000000000178e+00 5.035520070000000237e-01 2.950000000000000178e+00 8.102762939999999829e-04 2.950000000000000178e+00 3.772982340000000188e-04 2.950000000000000178e+00 1.756830270000000029e-03 2.950000000000000178e+00 3.230802379999999926e-14 2.950000000000000178e+00 4.792176249999999804e-01 2.950000000000000178e+00 4.640751690000000204e-04 2.950000000000000178e+00 2.361514480000000084e-04 2.950000000000000178e+00 9.713643489999999664e-04 2.950000000000000178e+00 6.536056489999999479e-14 2.950000000000000178e+00 4.585417960000000015e-01 2.950000000000000178e+00 2.505947790000000110e-04 2.950000000000000178e+00 1.222441350000000066e-04 2.950000000000000178e+00 5.048129630000000459e-04 2.950000000000000178e+00 1.316506140000000025e-13 2.950000000000000178e+00 4.460381900000000011e-01 2.950000000000000178e+00 8.618370719999999922e-04 2.950000000000000178e+00 4.041011289999999986e-04 2.950000000000000178e+00 1.874829749999999988e-03 2.950000000000000178e+00 9.814349350000000727e-15 2.950000000000000178e+00 4.959290650000000023e-01 2.950000000000000178e+00 5.755719269999999641e-04 2.950000000000000178e+00 2.065250999999999990e-04 2.950000000000000178e+00 1.062699590000000093e-03 2.950000000000000178e+00 1.733424769999999923e-14 2.950000000000000178e+00 5.650809180000000431e-01 2.950000000000000178e+00 3.229855170000000197e-04 2.950000000000000178e+00 9.128706380000000049e-05 2.950000000000000178e+00 5.292108050000000462e-04 2.950000000000000178e+00 3.465112500000000196e-14 2.950000000000000178e+00 5.629528670000000234e-01 2.950000000000000178e+00 1.692557570000000023e-04 2.950000000000000178e+00 3.854196040000000165e-05 2.950000000000000178e+00 2.599943210000000096e-04 2.950000000000000178e+00 6.898009319999999575e-14 2.950000000000000178e+00 5.543652669999999949e-01 2.950000000000000178e+00 8.612451600000000230e-05 2.950000000000000178e+00 1.631567470000000046e-05 2.950000000000000178e+00 1.275866860000000045e-04 2.950000000000000178e+00 1.372979909999999950e-13 2.950000000000000178e+00 5.497633899999999629e-01
2.959999999999999964e+00 1.784931220000000006e-03 2.959999999999999964e+00 4.446754760000000027e-04 2.959999999999999964e+00 4.131806269999999809e-03 2.959999999999999964e+00 6.890154760000000081e-15 2.959999999999999964e+00 4.156317050000000179e-01 2.959999999999999964e+00 1.363300029999999895e-03 2.959999999999999964e+00 3.918379859999999862e-04 2.959999999999999964e+00 2.922222390000000104e-03 2.959999999999999964e+00 1.584602779999999886e-14 2.959999999999999964e+00 5.035520070000000237e-01 2.959999999999999964e+00 8.069107770000000235e-04 2.959999999999999964e+00 3.830690760000000092e-04 2.959999999999999964e+00 1.764916189999999946e-03 2.959999999999999964e+00 3.235288189999999773e-14 2.959999999999999964e+00 4.792176249999999804e-01 2.959999999999999964e+00 4.621057979999999908e-04 2.959999999999999964e+00 2.395679790000000101e-04 2.959999999999999964e+00 9.759952509999999821e-04 2.959999999999999964e+00 6.543115070000000287e-14 2.959999999999999964e+00 4.585417960000000015e-01 2.959999999999999964e+00 2.495075999999999826e-04 2.959999999999999964e+00 1.241549040000000106e-04 2.959999999999999964e+00 5.073134729999999662e-04 2.959999999999999964e+00 1.317720030000000021e-13 2.959999999999999964e+00 4.460381900000000011e-01 2.959999999999999964e+00 8.592803230000000368e-04 2.959999999999999964e+00 4.095529280000000170e-04 2.959999999999999964e+00 1.883435340000000086e-03 2.959999999999999964e+00 9.818504100000000541e-15 2.959999999999999964e+00 4.959290650000000023e-01 2.959999999999999964e+00 5.740884599999999472e-04 2.959999999999999964e+00 2.102802680000000126e-04 2.959999999999999964e+00 1.068447900000000020e-03 2.959999999999999964e+00 1.734063109999999853e-14 2.959999999999999964e+00 5.650809180000000431e-01 2.959999999999999964e+00 3.223089850000000127e-04 2.959999999999999964e+00 9.342600370000000585e-05 2.959999999999999964e+00 5.324372810000000409e-04 2.959999999999999964e+00 3.466055480000000183e-14 2.959999999999999964e+00 5.629528670000000234e-01 2.959999999999999964e+00 1.689592490000000008e-04 2.959999999999999964e+00 3.965249250000000311e-05 2.959999999999999964e+00 2.616853989999999770e-04 2.959999999999999964e+00 6.899437849999999549e-14 2.959999999999999964e+00 5.543652669999999949e-01 2.959999999999999964e+00 8.599675860000000451e-05 2.959999999999999964e+00 1.686685189999999983e-05 2.959999999999999964e+00 1.284472959999999949e-04 2.959999999999999964e+00 1.373248710000000023e-13 2.959999999999999964e+00 5.497633899999999629e-01
2.970000000000000195e+00 1.781799730000000045e-03 2.970000000000000195e+00 4.507764480000000075e-04 2.970000000000000195e+00 4.149639969999999699e-03 2.970000000000000195e+00 6.893293709999999765e-15 2.970000000000000195e+00 4.156317050000000179e-01 2.970000000000000195e+00 1.358623790000000088e-03 2.970000000000000195e+00 4.006029250000000012e-04 2.970000000000000195e+00 2.935832059999999959e-03 2.970000000000000195e+00 1.586418719999999846e-14 2.970000000000000195e+00 5.035520070000000237e-01 2.970000000000000195e+00 8.035589760000000099e-04 2.970000000000000195e+00 3.888118949999999760e-04 2.970000000000000195e+00 1.772968530000000034e-03 2.970000000000000195e+00 3.239871770000000004e-14 2.970000000000000195e+00 4.792176249999999804e-01 2.970000000000000195e+00 4.601402339999999822e-04 2.970000000000000195e+00 2.429727529999999903e-04 2.970000000000000195e+00 9.806064780000000106e-04 2.970000000000000195e+00 6.550361280000000446e-14 2.970000000000000195e+00 4.585417960000000015e-01 2.970000000000000195e+00 2.484221010000000176e-04 2.970000000000000195e+00 1.260590589999999883e-04 2.970000000000000195e+00 5.098031200000000332e-04 2.970000000000000195e+00 1.318968899999999903e-13 2.970000000000000195e+00 4.460381900000000011e-01 2.970000000000000195e+00 8.567234490000000388e-04 2.970000000000000195e+00 4.150077759999999953e-04 2.970000000000000195e+00 1.892015360000000009e-03 2.970000000000000195e+00 9.822811049999999774e-15 2.970000000000000195e+00 4.959290650000000023e-01 2.970000000000000195e+00 5.726028169999999515e-04 2.970000000000000195e+00 2.140366309999999946e-04 2.970000000000000195e+00 1.074181360000000087e-03 2.970000000000000195e+00 1.734726270000000049e-14 2.970000000000000195e+00 5.650809180000000431e-01 2.970000000000000195e+00 3.216282269999999784e-04 2.970000000000000195e+00 9.556812960000000642e-05 2.970000000000000195e+00 5.356569700000000499e-04 2.970000000000000195e+00 3.467037460000000091e-14 2.970000000000000195e+00 5.629528670000000234e-01 2.970000000000000195e+00 1.686584780000000114e-04 2.970000000000000195e+00 4.076703830000000332e-05 2.970000000000000195e+00 2.633734910000000038e-04 2.970000000000000195e+00 6.900929209999999887e-14 2.970000000000000195e+00 5.543652669999999949e-01 2.970000000000000195e+00 8.586566880000000561e-05 2.970000000000000195e+00 1.742151559999999982e-05 2.970000000000000195e+00 1.293066099999999868e-04 2.970000000000000195e+00 1.373529490000000084e-13 2.970000000000000195e+00 5.497633899999999629e-01
2.979999999999999982e+00 1.778611800000000093e-03 2.979999999999999982e+00 4.569873670000000046e-04 2.979999999999999982e+00 4.167442080000000049e-03 2.979999999999999982e+00 6.896542470000000189e-15 2.979999999999999982e+00 4.156317050000000179e-01 2.979999999999999982e+00 1.353884610000000025e-03 2.979999999999999982e+00 4.094727460000000267e-04 2.979999999999999982e+00 2.949394660000000112e-03 2.979999999999999982e+00 1.588284140000000048e-14 2.979999999999999982e+00 5.035520070000000237e-01 2.979999999999999982e+00 8.002206040000000046e-04 2.979999999999999982e+00 3.945272660000000067e-04 2.979999999999999982e+00 1.780987419999999991e-03 2.979999999999999982e+00 3.244550719999999788e-14 2.979999999999999982e+00 4.792176249999999804e-01 2.979999999999999982e+00 4.581785079999999791e-04 2.979999999999999982e+00 2.463657919999999966e-04 2.979999999999999982e+00 9.851980680000000084e-04 2.979999999999999982e+00 6.557793779999999566e-14 2.979999999999999982e+00 4.585417960000000015e-01 2.979999999999999982e+00 2.473383169999999760e-04 2.979999999999999982e+00 1.279565960000000099e-04 2.979999999999999982e+00 5.122819209999999622e-04 2.979999999999999982e+00 1.320252789999999918e-13 2.979999999999999982e+00 4.460381900000000011e-01 2.979999999999999982e+00 8.541672020000000290e-04 2.979999999999999982e+00 4.204645489999999796e-04 2.979999999999999982e+00 1.900569809999999972e-03 2.979999999999999982e+00 9.827273589999999393e-15 2.979999999999999982e+00 4.959290650000000023e-01 2.979999999999999982e+00 5.711155639999999922e-04 2.979999999999999982e+00 2.177934459999999865e-04 2.979999999999999982e+00 1.079899949999999940e-03 2.979999999999999982e+00 1.735414930000000070e-14 2.979999999999999982e+00 5.650809180000000431e-01 2.979999999999999982e+00 3.209437259999999925e-04 2.979999999999999982e+00 9.771284750000000399e-05 2.979999999999999982e+00 5.388698330000000125e-04 2.979999999999999982e+00 3.468059639999999703e-14 2.979999999999999982e+00 5.629528670000000234e-01 2.979999999999999982e+00 1.683538409999999928e-04 2.979999999999999982e+00 4.188511619999999678e-05 2.979999999999999982e+00 2.650585559999999829e-04 2.979999999999999982e+00 6.902485569999999881e-14 2.979999999999999982e+00 5.543652669999999949e-01 2.979999999999999982e+00 8.573152640000000161e-05 2.979999999999999982e+00 1.797932250000000069e-05 2.979999999999999982e+00 1.301645989999999876e-04 2.979999999999999982e+00 1.373822690000000055e-13 2.979999999999999982e+00 5.497633899999999629e-01
2.990000000000000213e+00 1.775366949999999900e-03 2.990000000000000213e+00 4.633097689999999820e-04 2.990000000000000213e+00 4.185212019999999707e-03 2.990000000000000213e+00 6.899903210000000174e-15 2.990000000000000213e+00 4.156317050000000179e-01 2.990000000000000213e+00 1.349086050000000009e-03 2.990000000000000213e+00 4.184415369999999962e-04 2.990000000000000213e+00 2.962909560000000046e-03 2.990000000000000213e+00 1.590198699999999923e-14 2.990000000000000213e+00 5.035520070000000237e-01 2.990000000000000213e+00 7.968953840000000304e-04 2.990000000000000213e+00 4.002157459999999898e-04 2.990000000000000213e+00 1.788972979999999989e-03 2.990000000000000213e+00 3.249322369999999921e-14 2.990000000000000213e+00 4.792176249999999804e-01 2.990000000000000213e+00 4.562206500000000244e-04 2.990000000000000213e+00 2.497471169999999994e-04 2.990000000000000213e+00 9.897700610000000326e-04 2.990000000000000213e+00 6.565410799999999544e-14 2.990000000000000213e+00 4.585417960000000015e-01 2.990000000000000213e+00 2.462562800000000010e-04 2.990000000000000213e+00 1.298475099999999870e-04 2.990000000000000213e+00 5.147498920000000144e-04 2.990000000000000213e+00 1.321571630000000014e-13 2.990000000000000213e+00 4.460381900000000011e-01 2.990000000000000213e+00 8.516122840000000214e-04 2.990000000000000213e+00 4.259221959999999951e-04 2.990000000000000213e+00 1.909098709999999897e-03 2.990000000000000213e+00 9.831895010000000384e-15 2.990000000000000213e+00 4.959290650000000023e-01 2.990000000000000213e+00 5.696272230000000436e-04 2.990000000000000213e+00 2.215500269999999918e-04 2.990000000000000213e+00 1.085603660000000054e-03 2.990000000000000213e+00 1.736129740000000117e-14 2.990000000000000213e+00 5.650809180000000431e-01 2.990000000000000213e+00 3.202559280000000078e-04 2.990000000000000213e+00 9.985961040000000232e-05 2.990000000000000213e+00 5.420758339999999639e-04 2.990000000000000213e+00 3.469123220000000066e-14 2.990000000000000213e+00 5.629528670000000234e-01 2.990000000000000213e+00 1.680457020000000084e-04 2.990000000000000213e+00 4.300628080000000003e-05 2.990000000000000213e+00 2.667405570000000079e-04 2.990000000000000213e+00 6.904109159999999447e-14 2.990000000000000213e+00 5.543652669999999949e-01 2.990000000000000213e+00 8.559459150000000216e-05 2.990000000000000213e+00 1.853995309999999837e-05 2.990000000000000213e+00 1.310212320000000129e-04 2.990000000000000213e+00 1.374128750000000109e-13 2.990000000000000213e+00 5.497633899999999629e-01
3.000000000000000000e+00 1.772064710000000043e-03 3.000000000000000000e+00 4.697451560000000096e-04 3.000000000000000000e+00 4.202949230000000043e-03 3.000000000000000000e+00 6.903377990000000137e-15 3.000000000000000000e+00 4.156317050000000179e-01 3.000000000000000000e+00 1.344231750000000024e-03 3.000000000000000000e+00 4.275031500000000271e-04 3.000000000000000000e+00 2.976376189999999870e-03 3.000000000000000000e+00 1.592161939999999869e-14 3.000000000000000000e+00 5.035520070000000237e-01 3.000000000000000000e+00 7.935830499999999574e-04 3.000000000000000000e+00 4.058778690000000144e-04 3.000000000000000000e+00 1.796925370000000037e-03 3.000000000000000000e+00 3.254183800000000299e-14 3.000000000000000000e+00 4.792176249999999804e-01 3.000000000000000000e+00 4.542666880000000061e-04 3.000000000000000000e+00 2.531167519999999839e-04 3.000000000000000000e+00 9.943224939999999352e-04 3.000000000000000000e+00 6.573210120000000149e-14 3.000000000000000000e+00 4.585417960000000015e-01 3.000000000000000000e+00 2.451760210000000230e-04 3.000000000000000000e+00 1.317317980000000128e-04 3.000000000000000000e+00 5.172070520000000057e-04 3.000000000000000000e+00 1.322925290000000026e-13 3.000000000000000000e+00 4.460381900000000011e-01 3.000000000000000000e+00 8.490593490000000049e-04 3.000000000000000000e+00 4.313797340000000125e-04 3.000000000000000000e+00 1.917602069999999959e-03 3.000000000000000000e+00 9.836678510000000592e-15 3.000000000000000000e+00 4.959290650000000023e-01 3.000000000000000000e+00 5.681382750000000268e-04 3.000000000000000000e+00 2.253057409999999921e-04 3.000000000000000000e+00 1.091292489999999994e-03 3.000000000000000000e+00 1.736871350000000072e-14 3.000000000000000000e+00 5.650809180000000431e-01 3.000000000000000000e+00 3.195652440000000083e-04 3.000000000000000000e+00 1.020079150000000040e-04 3.000000000000000000e+00 5.452749420000000281e-04 3.000000000000000000e+00 3.470229410000000015e-14 3.000000000000000000e+00 5.629528670000000234e-01 3.000000000000000000e+00 1.677343980000000126e-04 3.000000000000000000e+00 4.413012129999999844e-05 3.000000000000000000e+00 2.684194599999999977e-04 3.000000000000000000e+00 6.905802230000000387e-14 3.000000000000000000e+00 5.543652669999999949e-01 3.000000000000000000e+00 8.545510580000000099e-05 3.000000000000000000e+00 1.910311040000000057e-05 3.000000000000000000e+00 1.318764820000000078e-04 3.000000000000000000e+00 1.374448120000000101e-13 3.000000000000000000e+00 5.497633899999999629e-01
3.009999999999999787e+00 1.768704639999999894e-03 3.009999999999999787e+00 4.762949990000000101e-04 3.009999999999999787e+00 4.220653119999999946e-03 3.009999999999999787e+00 6.906968799999999720e-15 3.009999999999999787e+00 4.156317050000000179e-01 3.009999999999999787e+00 1.339325470000000008e-03 3.009999999999999787e+00 4.366512320000000258e-04 3.009999999999999787e+00 2.989794019999999965e-03 3.009999999999999787e+00 1.594173279999999989e-14 3.009999999999999787e+00 5.035520070000000237e-01 3.009999999999999787e+00 7.902833460000000497e-04 3.009999999999999787e+00 4.115141479999999820e-04 3.009999999999999787e+00 1.804844689999999955e-03 3.009999999999999787e+00 3.259131859999999910e-14 3.009999999999999787e+00 4.792176249999999804e-01 3.009999999999999787e+00 4.523166510000000253e-04 3.009999999999999787e+00 2.564747159999999828e-04 3.009999999999999787e+00 9.988554079999999863e-04 3.009999999999999787e+00 6.581189070000000282e-14 3.009999999999999787e+00 4.585417960000000015e-01 3.009999999999999787e+00 2.440975719999999955e-04 3.009999999999999787e+00 1.336094590000000101e-04 3.009999999999999787e+00 5.196534189999999723e-04 3.009999999999999787e+00 1.324313560000000054e-13 3.009999999999999787e+00 4.460381900000000011e-01 3.009999999999999787e+00 8.465090019999999471e-04 3.009999999999999787e+00 4.368362460000000096e-04 3.009999999999999787e+00 1.926079899999999902e-03 3.009999999999999787e+00 9.841627159999999466e-15 3.009999999999999787e+00 4.959290650000000023e-01 3.009999999999999787e+00 5.666491640000000107e-04 3.009999999999999787e+00 2.290600029999999938e-04 3.009999999999999787e+00 1.096966430000000017e-03 3.009999999999999787e+00 1.737640400000000135e-14 3.009999999999999787e+00 5.650809180000000431e-01 3.009999999999999787e+00 3.188720500000000093e-04 3.009999999999999787e+00 1.041572970000000049e-04 3.009999999999999787e+00 5.484671299999999876e-04 3.009999999999999787e+00 3.471379409999999964e-14 3.009999999999999787e+00 5.629528670000000234e-01 3.009999999999999787e+00 1.674202389999999865e-04 3.009999999999999787e+00 4.525625849999999882e-05 3.009999999999999787e+00 2.700952350000000181e-04 3.009999999999999787e+00 6.907567059999999767e-14 3.009999999999999787e+00 5.543652669999999949e-01 3.009999999999999787e+00 8.531329349999999400e-05 3.009999999999999787e+00 1.966851859999999867e-05 3.009999999999999787e+00 1.327303260000000100e-04 3.009999999999999787e+00 1.374781260000000076e-13 3.009999999999999787e+00 5.497633899999999629e-01
3.020000000000000018e+00 1.765286320000000048e-03 3.020000000000000018e+00 4.829607239999999775e-04 3.020000000000000018e+00 4.238323119999999958e-03 3.020000000000000018e+00 6.910677540000000159e-15 3.020000000000000018e+00 4.156317050000000179e-01 3.020000000000000018e+00 1.334371009999999955e-03 3.020000000000000018e+00 4.458792690000000004e-04 3.020000000000000018e+00 3.003162540000000203e-03 3.020000000000000018e+00 1.596232020000000096e-14 3.020000000000000018e+00 5.035520070000000237e-01 3.020000000000000018e+00 7.869960309999999692e-04 3.020000000000000018e+00 4.171250739999999907e-04 3.020000000000000018e+00 1.812731070000000088e-03 3.020000000000000018e+00 3.264163180000000308e-14 3.020000000000000018e+00 4.792176249999999804e-01 3.020000000000000018e+00 4.503705700000000122e-04 3.020000000000000018e+00 2.598210320000000125e-04 3.020000000000000018e+00 1.003368840000000038e-03 3.020000000000000018e+00 6.589344540000000189e-14 3.020000000000000018e+00 4.585417960000000015e-01 3.020000000000000018e+00 2.430209609999999963e-04 3.020000000000000018e+00 1.354804899999999908e-04 3.020000000000000018e+00 5.220890099999999550e-04 3.020000000000000018e+00 1.325736159999999897e-13 3.020000000000000018e+00 4.460381900000000011e-01 3.020000000000000018e+00 8.439618059999999837e-04 3.020000000000000018e+00 4.422908749999999957e-04 3.020000000000000018e+00 1.934532259999999920e-03 3.020000000000000018e+00 9.846743889999999633e-15 3.020000000000000018e+00 4.959290650000000023e-01 3.020000000000000018e+00 5.651602989999999875e-04 3.020000000000000018e+00 2.328122740000000094e-04 3.020000000000000018e+00 1.102625469999999946e-03 3.020000000000000018e+00 1.738437529999999876e-14 3.020000000000000018e+00 5.650809180000000431e-01 3.020000000000000018e+00 3.181766929999999796e-04 3.020000000000000018e+00 1.063073310000000026e-04 3.020000000000000018e+00 5.516523760000000389e-04 3.020000000000000018e+00 3.472574430000000013e-14 3.020000000000000018e+00 5.629528670000000234e-01 3.020000000000000018e+00 1.671035129999999991e-04 3.020000000000000018e+00 4.638434339999999978e-05 3.020000000000000018e+00 2.717678560000000103e-04 3.020000000000000018e+00 6.909405969999999693e-14 3.020000000000000018e+00 5.543652669999999949e-01 3.020000000000000018e+00 8.516936219999999733e-05 3.020000000000000018e+00 2.023592229999999882e-05 3.020000000000000018e+00 1.335827410000000031e-04 3.020000000000000018e+00 1.375128640000000011e-13 3.020000000000000018e+00 5.497633899999999629e-01
3.029999999999999805e+00 1.761809330000000014e-03 3.029999999999999805e+00 4.897437170000000116e-04 3.029999999999999805e+00 4.255958649999999795e-03 3.029999999999999805e+00 6.914505970000000348e-15 3.029999999999999805e+00 4.156317050000000179e-01 3.029999999999999805e+00 1.329372259999999934e-03 3.029999999999999805e+00 4.551806179999999861e-04 3.029999999999999805e+00 3.016481289999999819e-03 3.029999999999999805e+00 1.598337330000000022e-14 3.029999999999999805e+00 5.035520070000000237e-01 3.029999999999999805e+00 7.837208710000000004e-04 3.029999999999999805e+00 4.227111140000000176e-04 3.029999999999999805e+00 1.820584650000000096e-03 3.029999999999999805e+00 3.269274200000000241e-14 3.029999999999999805e+00 4.792176249999999804e-01 3.029999999999999805e+00 4.484284710000000255e-04 3.029999999999999805e+00 2.631557189999999971e-04 3.029999999999999805e+00 1.007862829999999930e-03 3.029999999999999805e+00 6.597672970000000510e-14 3.029999999999999805e+00 4.585417960000000015e-01 3.029999999999999805e+00 2.419462179999999868e-04 3.029999999999999805e+00 1.373448910000000091e-04 3.029999999999999805e+00 5.245138439999999860e-04 3.029999999999999805e+00 1.327192719999999937e-13 3.029999999999999805e+00 4.460381900000000011e-01 3.029999999999999805e+00 8.414182819999999844e-04 3.029999999999999805e+00 4.477428240000000110e-04 3.029999999999999805e+00 1.942959150000000013e-03 3.029999999999999805e+00 9.852031500000000589e-15 3.029999999999999805e+00 4.959290650000000023e-01 3.029999999999999805e+00 5.636720549999999766e-04 3.029999999999999805e+00 2.365620569999999918e-04 3.029999999999999805e+00 1.108269640000000096e-03 3.029999999999999805e+00 1.739263330000000135e-14 3.029999999999999805e+00 5.650809180000000431e-01 3.029999999999999805e+00 3.174794919999999999e-04 3.029999999999999805e+00 1.084576250000000050e-04 3.029999999999999805e+00 5.548306580000000529e-04 3.029999999999999805e+00 3.473815680000000258e-14 3.029999999999999805e+00 5.629528670000000234e-01 3.029999999999999805e+00 1.667844810000000102e-04 3.029999999999999805e+00 4.751405440000000026e-05 3.029999999999999805e+00 2.734372980000000200e-04 3.029999999999999805e+00 6.911321310000000058e-14 3.029999999999999805e+00 5.543652669999999949e-01 3.029999999999999805e+00 8.502350370000000626e-05 3.029999999999999805e+00 2.080508529999999885e-05 3.029999999999999805e+00 1.344337070000000127e-04 3.029999999999999805e+00 1.375490750000000007e-13 3.029999999999999805e+00 5.497633899999999629e-01
3.040000000000000036e+00 1.758273299999999970e-03 3.040000000000000036e+00 4.966453120000000401e-04 3.040000000000000036e+00 4.273559110000000119e-03 3.040000000000000036e+00 6.918455739999999990e-15 3.040000000000000036e+00 4.156317050000000179e-01 3.040000000000000036e+00 1.324333100000000055e-03 3.040000000000000036e+00 4.645485489999999864e-04 3.040000000000000036e+00 3.029749850000000057e-03 3.040000000000000036e+00 1.600488259999999939e-14 3.040000000000000036e+00 5.035520070000000237e-01 3.040000000000000036e+00 7.804576490000000345e-04 3.040000000000000036e+00 4.282727150000000113e-04 3.040000000000000036e+00 1.828405530000000011e-03 3.040000000000000036e+00 3.274461139999999758e-14 3.040000000000000036e+00 4.792176249999999804e-01 3.040000000000000036e+00 4.464903830000000037e-04 3.040000000000000036e+00 2.664787980000000154e-04 3.040000000000000036e+00 1.012337419999999929e-03 3.040000000000000036e+00 6.606170399999999435e-14 3.040000000000000036e+00 4.585417960000000015e-01 3.040000000000000036e+00 2.408733699999999946e-04 3.040000000000000036e+00 1.392026620000000109e-04 3.040000000000000036e+00 5.269279409999999856e-04 3.040000000000000036e+00 1.328682790000000065e-13 3.040000000000000036e+00 4.460381900000000011e-01 3.040000000000000036e+00 8.388789139999999669e-04 3.040000000000000036e+00 4.531913489999999929e-04 3.040000000000000036e+00 1.951360639999999902e-03 3.040000000000000036e+00 9.857492610000000285e-15 3.040000000000000036e+00 4.959290650000000023e-01 3.040000000000000036e+00 5.621847799999999968e-04 3.040000000000000036e+00 2.403088919999999903e-04 3.040000000000000036e+00 1.113898919999999895e-03 3.040000000000000036e+00 1.740118409999999855e-14 3.040000000000000036e+00 5.650809180000000431e-01 3.040000000000000036e+00 3.167807399999999834e-04 3.040000000000000036e+00 1.106078190000000003e-04 3.040000000000000036e+00 5.580019609999999812e-04 3.040000000000000036e+00 3.475104350000000169e-14 3.040000000000000036e+00 5.629528670000000234e-01 3.040000000000000036e+00 1.664633879999999897e-04 3.040000000000000036e+00 4.864509539999999890e-05 3.040000000000000036e+00 2.751035390000000267e-04 3.040000000000000036e+00 6.913315419999999810e-14 3.040000000000000036e+00 5.543652669999999949e-01 3.040000000000000036e+00 8.487589530000000620e-05 3.040000000000000036e+00 2.137578919999999933e-05 3.040000000000000036e+00 1.352832050000000064e-04 3.040000000000000036e+00 1.375868050000000109e-13 3.040000000000000036e+00 5.497633899999999629e-01
3.049999999999999822e+00 1.754677870000000053e-03 3.049999999999999822e+00 5.036667910000000364e-04 3.049999999999999822e+00 4.291123919999999779e-03 3.049999999999999822e+00 6.922528380000000387e-15 3.049999999999999822e+00 4.156317050000000179e-01 3.049999999999999822e+00 1.319257450000000048e-03 3.049999999999999822e+00 4.739762860000000261e-04 3.049999999999999822e+00 3.042967829999999874e-03 3.049999999999999822e+00 1.602683750000000037e-14 3.049999999999999822e+00 5.035520070000000237e-01 3.049999999999999822e+00 7.772061560000000395e-04 3.049999999999999822e+00 4.338103020000000083e-04 3.049999999999999822e+00 1.836193839999999966e-03 3.049999999999999822e+00 3.279720080000000196e-14 3.049999999999999822e+00 4.792176249999999804e-01 3.049999999999999822e+00 4.445563339999999974e-04 3.049999999999999822e+00 2.697902889999999874e-04 3.049999999999999822e+00 1.016792650000000091e-03 3.049999999999999822e+00 6.614832420000000596e-14 3.049999999999999822e+00 4.585417960000000015e-01 3.049999999999999822e+00 2.398024429999999973e-04 3.049999999999999822e+00 1.410538049999999881e-04 3.049999999999999822e+00 5.293313179999999942e-04 3.049999999999999822e+00 1.330205869999999992e-13 3.049999999999999822e+00 4.460381900000000011e-01 3.049999999999999822e+00 8.363441499999999841e-04 3.049999999999999822e+00 4.586357569999999998e-04 3.049999999999999822e+00 1.959736750000000156e-03 3.049999999999999822e+00 9.863129669999999857e-15 3.049999999999999822e+00 4.959290650000000023e-01 3.049999999999999822e+00 5.606987919999999702e-04 3.049999999999999822e+00 2.440523559999999874e-04 3.049999999999999822e+00 1.119513340000000091e-03 3.049999999999999822e+00 1.741003329999999883e-14 3.049999999999999822e+00 5.650809180000000431e-01 3.049999999999999822e+00 3.160807069999999898e-04 3.049999999999999822e+00 1.127575810000000007e-04 3.049999999999999822e+00 5.611662689999999962e-04 3.049999999999999822e+00 3.476441640000000162e-14 3.049999999999999822e+00 5.629528670000000234e-01 3.049999999999999822e+00 1.661404550000000031e-04 3.049999999999999822e+00 4.977719420000000189e-05 3.049999999999999822e+00 2.767665590000000018e-04 3.049999999999999822e+00 6.915390699999999779e-14 3.049999999999999822e+00 5.543652669999999949e-01 3.049999999999999822e+00 8.472670049999999438e-05 3.049999999999999822e+00 2.194783240000000081e-05 3.049999999999999822e+00 1.361312189999999939e-04 3.049999999999999822e+00 1.376261040000000100e-13 3.049999999999999822e+00 5.497633899999999629e-01
3.060000000000000053e+00 1.751022720000000024e-03 3.060000000000000053e+00 5.108093759999999964e-04 3.060000000000000053e+00 4.308652470000000345e-03 3.060000000000000053e+00 6.926725269999999714e-15 3.060000000000000053e+00 4.156317050000000179e-01 3.060000000000000053e+00 1.314149190000000024e-03 3.060000000000000053e+00 4.834570420000000113e-04 3.060000000000000053e+00 3.056134890000000194e-03 3.060000000000000053e+00 1.604922599999999902e-14 3.060000000000000053e+00 5.035520070000000237e-01 3.060000000000000053e+00 7.739661950000000434e-04 3.060000000000000053e+00 4.393242780000000246e-04 3.060000000000000053e+00 1.843949689999999954e-03 3.060000000000000053e+00 3.285046919999999769e-14 3.060000000000000053e+00 4.792176249999999804e-01 3.060000000000000053e+00 4.426263500000000113e-04 3.060000000000000053e+00 2.730902119999999958e-04 3.060000000000000053e+00 1.021228560000000040e-03 3.060000000000000053e+00 6.623654250000000438e-14 3.060000000000000053e+00 4.585417960000000015e-01 3.060000000000000053e+00 2.387334659999999873e-04 3.060000000000000053e+00 1.428983189999999989e-04 3.060000000000000053e+00 5.317239960000000364e-04 3.060000000000000053e+00 1.331761360000000080e-13 3.060000000000000053e+00 4.460381900000000011e-01 3.060000000000000053e+00 8.338144020000000161e-04 3.060000000000000053e+00 4.640754049999999990e-04 3.060000000000000053e+00 1.968087539999999885e-03 3.060000000000000053e+00 9.868944910000000481e-15 3.060000000000000053e+00 4.959290650000000023e-01 3.060000000000000053e+00 5.592143840000000270e-04 3.060000000000000053e+00 2.477920590000000237e-04 3.060000000000000053e+00 1.125112900000000034e-03 3.060000000000000053e+00 1.741918660000000116e-14 3.060000000000000053e+00 5.650809180000000431e-01 3.060000000000000053e+00 3.153796410000000040e-04 3.060000000000000053e+00 1.149066060000000051e-04 3.060000000000000053e+00 5.643235710000000334e-04 3.060000000000000053e+00 3.477828699999999714e-14 3.060000000000000053e+00 5.629528670000000234e-01 3.060000000000000053e+00 1.658158869999999902e-04 3.060000000000000053e+00 5.091010030000000050e-05 3.060000000000000053e+00 2.784263420000000094e-04 3.060000000000000053e+00 6.917549530000000166e-14 3.060000000000000053e+00 5.543652669999999949e-01 3.060000000000000053e+00 8.457607030000000438e-05 3.060000000000000053e+00 2.252102890000000110e-05 3.060000000000000053e+00 1.369777340000000079e-04 3.060000000000000053e+00 1.376670199999999893e-13 3.060000000000000053e+00 5.497633899999999629e-01
3.069999999999999840e+00 1.747307549999999998e-03 3.069999999999999840e+00 5.180742239999999591e-04 3.069999999999999840e+00 4.326144169999999838e-03 3.069999999999999840e+00 6.931047650000000113e-15 3.069999999999999840e+00 4.156317050000000179e-01 3.069999999999999840e+00 1.309012189999999914e-03 3.069999999999999840e+00 4.929840629999999871e-04 3.069999999999999840e+00 3.069250720000000088e-03 3.069999999999999840e+00 1.607203520000000081e-14 3.069999999999999840e+00 5.035520070000000237e-01 3.069999999999999840e+00 7.707375820000000226e-04 3.069999999999999840e+00 4.448150269999999896e-04 3.069999999999999840e+00 1.851673199999999929e-03 3.069999999999999840e+00 3.290437459999999864e-14 3.069999999999999840e+00 4.792176249999999804e-01 3.069999999999999840e+00 4.407004589999999875e-04 3.069999999999999840e+00 2.763785850000000230e-04 3.069999999999999840e+00 1.025645190000000050e-03 3.069999999999999840e+00 6.632630689999999895e-14 3.069999999999999840e+00 4.585417960000000015e-01 3.069999999999999840e+00 2.376664620000000082e-04 3.069999999999999840e+00 1.447362080000000003e-04 3.069999999999999840e+00 5.341059940000000361e-04 3.069999999999999840e+00 1.333348570000000011e-13 3.069999999999999840e+00 4.460381900000000011e-01 3.069999999999999840e+00 8.312900519999999460e-04 3.069999999999999840e+00 4.695096910000000107e-04 3.069999999999999840e+00 1.976413050000000015e-03 3.069999999999999840e+00 9.874940380000000211e-15 3.069999999999999840e+00 4.959290650000000023e-01 3.069999999999999840e+00 5.577318269999999517e-04 3.069999999999999840e+00 2.515276420000000157e-04 3.069999999999999840e+00 1.130697630000000037e-03 3.069999999999999840e+00 1.742864910000000146e-14 3.069999999999999840e+00 5.650809180000000431e-01 3.069999999999999840e+00 3.146777699999999821e-04 3.069999999999999840e+00 1.170546150000000035e-04 3.069999999999999840e+00 5.674738590000000162e-04 3.069999999999999840e+00 3.479266700000000192e-14 3.069999999999999840e+00 5.629528670000000234e-01 3.069999999999999840e+00 1.654898740000000049e-04 3.069999999999999840e+00 5.204358369999999897e-05 3.069999999999999840e+00 2.800828720000000049e-04 3.069999999999999840e+00 6.919794320000000224e-14 3.069999999999999840e+00 5.543652669999999949e-01 3.069999999999999840e+00 8.442414360000000432e-05 3.069999999999999840e+00 2.309520740000000098e-05 3.069999999999999840e+00 1.378227359999999960e-04 3.069999999999999840e+00 1.377096049999999900e-13 3.069999999999999840e+00 5.497633899999999629e-01
3.080000000000000071e+00 1.743532099999999928e-03 3.080000000000000071e+00 5.254624240000000182e-04 3.080000000000000071e+00 4.343598419999999787e-03 3.080000000000000071e+00 6.935496559999999819e-15 3.080000000000000071e+00 4.156317050000000179e-01 3.080000000000000071e+00 1.303850260000000106e-03 3.080000000000000071e+00 5.025506620000000021e-04 3.080000000000000071e+00 3.082315050000000202e-03 3.080000000000000071e+00 1.609525129999999876e-14 3.080000000000000071e+00 5.035520070000000237e-01 3.080000000000000071e+00 7.675201410000000299e-04 3.080000000000000071e+00 4.502829130000000207e-04 3.080000000000000071e+00 1.859364480000000102e-03 3.080000000000000071e+00 3.295887360000000000e-14 3.080000000000000071e+00 4.792176249999999804e-01 3.080000000000000071e+00 4.387786879999999810e-04 3.080000000000000071e+00 2.796554289999999849e-04 3.080000000000000071e+00 1.030042589999999921e-03 3.080000000000000071e+00 6.641756200000000598e-14 3.080000000000000071e+00 4.585417960000000015e-01 3.080000000000000071e+00 2.366014570000000105e-04 3.080000000000000071e+00 1.465674719999999923e-04 3.080000000000000071e+00 5.364773320000000220e-04 3.080000000000000071e+00 1.334966760000000044e-13 3.080000000000000071e+00 4.460381900000000011e-01 3.080000000000000071e+00 8.287714549999999816e-04 3.080000000000000071e+00 4.749380599999999757e-04 3.080000000000000071e+00 1.984713359999999791e-03 3.080000000000000071e+00 9.881117870000000302e-15 3.080000000000000071e+00 4.959290650000000023e-01 3.080000000000000071e+00 5.562513689999999461e-04 3.080000000000000071e+00 2.552587750000000081e-04 3.080000000000000071e+00 1.136267540000000060e-03 3.080000000000000071e+00 1.743842569999999885e-14 3.080000000000000071e+00 5.650809180000000431e-01 3.080000000000000071e+00 3.139753040000000067e-04 3.080000000000000071e+00 1.192013510000000063e-04 3.080000000000000071e+00 5.706171249999999768e-04 3.080000000000000071e+00 3.480756769999999815e-14 3.080000000000000071e+00 5.629528670000000234e-01 3.080000000000000071e+00 1.651625890000000066e-04 3.080000000000000071e+00 5.317743250000000240e-05 3.080000000000000071e+00 2.817361349999999900e-04 3.080000000000000071e+00 6.922127469999999519e-14 3.080000000000000071e+00 5.543652669999999949e-01 3.080000000000000071e+00 8.427104850000000276e-05 3.080000000000000071e+00 2.367020979999999994e-05 3.080000000000000071e+00 1.386662130000000063e-04 3.080000000000000071e+00 1.377539060000000098e-13 3.080000000000000071e+00 5.497633899999999629e-01
3.089999999999999858e+00 1.739696150000000045e-03 3.089999999999999858e+00 5.329749890000000292e-04 3.089999999999999858e+00 4.361014610000000027e-03 3.089999999999999858e+00 6.940072910000000247e-15 3.089999999999999858e+00 4.156317050000000179e-01 3.089999999999999858e+00 1.298667139999999968e-03 3.089999999999999858e+00 5.121502540000000226e-04 3.089999999999999858e+00 3.095327660000000113e-03 3.089999999999999858e+00 1.611885899999999878e-14 3.089999999999999858e+00 5.035520070000000237e-01 3.089999999999999858e+00 7.643137089999999575e-04 3.089999999999999858e+00 4.557282829999999784e-04 3.089999999999999858e+00 1.867023640000000035e-03 3.089999999999999858e+00 3.301392199999999711e-14 3.089999999999999858e+00 4.792176249999999804e-01 3.089999999999999858e+00 4.368610610000000041e-04 3.089999999999999858e+00 2.829207620000000266e-04 3.089999999999999858e+00 1.034420780000000007e-03 3.089999999999999858e+00 6.651024909999999499e-14 3.089999999999999858e+00 4.585417960000000015e-01 3.089999999999999858e+00 2.355384750000000065e-04 3.089999999999999858e+00 1.483921160000000090e-04 3.089999999999999858e+00 5.388380300000000225e-04 3.089999999999999858e+00 1.336615109999999947e-13 3.089999999999999858e+00 4.460381900000000011e-01 3.089999999999999858e+00 8.262589340000000247e-04 3.089999999999999858e+00 4.803599940000000124e-04 3.089999999999999858e+00 1.992988499999999961e-03 3.089999999999999858e+00 9.887478940000000473e-15 3.089999999999999858e+00 4.959290650000000023e-01 3.089999999999999858e+00 5.547732379999999663e-04 3.089999999999999858e+00 2.589851509999999807e-04 3.089999999999999858e+00 1.141822659999999984e-03 3.089999999999999858e+00 1.744852119999999878e-14 3.089999999999999858e+00 5.650809180000000431e-01 3.089999999999999858e+00 3.132724350000000153e-04 3.089999999999999858e+00 1.213465760000000023e-04 3.089999999999999858e+00 5.737533640000000434e-04 3.089999999999999858e+00 3.482299999999999965e-14 3.089999999999999858e+00 5.629528670000000234e-01 3.089999999999999858e+00 1.648341899999999872e-04 3.089999999999999858e+00 5.431145230000000018e-05 3.089999999999999858e+00 2.833861200000000087e-04 3.089999999999999858e+00 6.924551389999999827e-14 3.089999999999999858e+00 5.543652669999999949e-01 3.089999999999999858e+00 8.411690289999999750e-05 3.089999999999999858e+00 2.424589079999999990e-05 3.089999999999999858e+00 1.395081540000000012e-04 3.089999999999999858e+00 1.377999760000000079e-13 3.089999999999999858e+00 5.497633899999999629e-01
3.100000000000000089e+00 1.735799500000000063e-03 3.100000000000000089e+00 5.406128509999999542e-04 3.100000000000000089e+00 4.378392140000000356e-03 3.100000000000000089e+00 6.944777409999999691e-15 3.100000000000000089e+00 4.156317050000000179e-01 3.100000000000000089e+00 1.293466469999999917e-03 3.100000000000000089e+00 5.217763939999999975e-04 3.100000000000000089e+00 3.108288339999999792e-03 3.100000000000000089e+00 1.614284250000000057e-14 3.100000000000000089e+00 5.035520070000000237e-01 3.100000000000000089e+00 7.611181309999999912e-04 3.100000000000000089e+00 4.611514630000000236e-04 3.100000000000000089e+00 1.874650789999999937e-03 3.100000000000000089e+00 3.306947510000000118e-14 3.100000000000000089e+00 4.792176249999999804e-01 3.100000000000000089e+00 4.349476059999999992e-04 3.100000000000000089e+00 2.861746030000000178e-04 3.100000000000000089e+00 1.038779820000000067e-03 3.100000000000000089e+00 6.660430599999999614e-14 3.100000000000000089e+00 4.585417960000000015e-01 3.100000000000000089e+00 2.344775390000000128e-04 3.100000000000000089e+00 1.502101419999999883e-04 3.100000000000000089e+00 5.411881079999999577e-04 3.100000000000000089e+00 1.338292729999999946e-13 3.100000000000000089e+00 4.460381900000000011e-01 3.100000000000000089e+00 8.237527899999999570e-04 3.100000000000000089e+00 4.857750109999999866e-04 3.100000000000000089e+00 2.001238560000000166e-03 3.100000000000000089e+00 9.894024880000000492e-15 3.100000000000000089e+00 4.959290650000000023e-01 3.100000000000000089e+00 5.532976440000000407e-04 3.100000000000000089e+00 2.627064900000000225e-04 3.100000000000000089e+00 1.147363019999999905e-03 3.100000000000000089e+00 1.745893970000000051e-14 3.100000000000000089e+00 5.650809180000000431e-01 3.100000000000000089e+00 3.125693410000000014e-04 3.100000000000000089e+00 1.234900740000000009e-04 3.100000000000000089e+00 5.768825730000000113e-04 3.100000000000000089e+00 3.483897480000000129e-14 3.100000000000000089e+00 5.629528670000000234e-01 3.100000000000000089e+00 1.645048260000000020e-04 3.100000000000000089e+00 5.544546420000000107e-05 3.100000000000000089e+00 2.850328159999999966e-04 3.100000000000000089e+00 6.927068450000000405e-14 3.100000000000000089e+00 5.543652669999999949e-01 3.100000000000000089e+00 8.396181539999999371e-05 3.100000000000000089e+00 2.482211649999999919e-05 3.100000000000000089e+00 1.403485479999999977e-04 3.100000000000000089e+00 1.378478630000000006e-13 3.100000000000000089e+00 5.497633899999999629e-01
3.109999999999999876e+00 1.731842020000000067e-03 3.109999999999999876e+00 5.483768559999999907e-04 3.109999999999999876e+00 4.395730399999999739e-03 3.109999999999999876e+00 6.949610579999999635e-15 3.109999999999999876e+00 4.156317050000000179e-01 3.109999999999999876e+00 1.288251800000000079e-03 3.109999999999999876e+00 5.314228009999999794e-04 3.109999999999999876e+00 3.121196939999999840e-03 3.109999999999999876e+00 1.616718500000000082e-14 3.109999999999999876e+00 5.035520070000000237e-01 3.109999999999999876e+00 7.579332619999999514e-04 3.109999999999999876e+00 4.665527659999999899e-04 3.109999999999999876e+00 1.882246040000000020e-03 3.109999999999999876e+00 3.312548719999999833e-14 3.109999999999999876e+00 4.792176249999999804e-01 3.109999999999999876e+00 4.330383479999999749e-04 3.109999999999999876e+00 2.894169699999999952e-04 3.109999999999999876e+00 1.043119749999999943e-03 3.109999999999999876e+00 6.669966779999999900e-14 3.109999999999999876e+00 4.585417960000000015e-01 3.109999999999999876e+00 2.334186729999999878e-04 3.109999999999999876e+00 1.520215539999999956e-04 3.109999999999999876e+00 5.435275879999999565e-04 3.109999999999999876e+00 1.339998669999999894e-13 3.109999999999999876e+00 4.460381900000000011e-01 3.109999999999999876e+00 8.212532989999999766e-04 3.109999999999999876e+00 4.911826659999999961e-04 3.109999999999999876e+00 2.009463579999999812e-03 3.109999999999999876e+00 9.900756730000000171e-15 3.109999999999999876e+00 4.959290650000000023e-01 3.109999999999999876e+00 5.518247800000000486e-04 3.109999999999999876e+00 2.664225340000000259e-04 3.109999999999999876e+00 1.152888630000000001e-03 3.109999999999999876e+00 1.746968510000000018e-14 3.109999999999999876e+00 5.650809180000000431e-01 3.109999999999999876e+00 3.118661860000000144e-04 3.109999999999999876e+00 1.256316439999999920e-04 3.109999999999999876e+00 5.800047499999999969e-04 3.109999999999999876e+00 3.485550230000000124e-14 3.109999999999999876e+00 5.629528670000000234e-01 3.109999999999999876e+00 1.641746300000000074e-04 3.109999999999999876e+00 5.657930399999999981e-05 3.109999999999999876e+00 2.866762139999999895e-04 3.109999999999999876e+00 6.929681030000000194e-14 3.109999999999999876e+00 5.543652669999999949e-01 3.109999999999999876e+00 8.380588580000000189e-05 3.109999999999999876e+00 2.539876370000000155e-05 3.109999999999999876e+00 1.411873870000000006e-04 3.109999999999999876e+00 1.378976180000000104e-13 3.109999999999999876e+00 5.497633899999999629e-01
3.120000000000000107e+00 1.727823579999999927e-03 3.120000000000000107e+00 5.562677590000000491e-04 3.120000000000000107e+00 4.413028779999999748e-03 3.120000000000000107e+00 6.954572740000000020e-15 3.120000000000000107e+00 4.156317050000000179e-01 3.120000000000000107e+00 1.283026550000000016e-03 3.120000000000000107e+00 5.410833919999999886e-04 3.120000000000000107e+00 3.134053339999999868e-03 3.120000000000000107e+00 1.619186879999999959e-14 3.120000000000000107e+00 5.035520070000000237e-01 3.120000000000000107e+00 7.547589649999999518e-04 3.120000000000000107e+00 4.719324860000000035e-04 3.120000000000000107e+00 1.889809490000000100e-03 3.120000000000000107e+00 3.318191290000000306e-14 3.120000000000000107e+00 4.792176249999999804e-01 3.120000000000000107e+00 4.311333109999999978e-04 3.120000000000000107e+00 2.926478829999999871e-04 3.120000000000000107e+00 1.047440599999999947e-03 3.120000000000000107e+00 6.679626709999999680e-14 3.120000000000000107e+00 4.585417960000000015e-01 3.120000000000000107e+00 2.323619000000000021e-04 3.120000000000000107e+00 1.538263570000000108e-04 3.120000000000000107e+00 5.458564890000000515e-04 3.120000000000000107e+00 1.341731899999999914e-13 3.120000000000000107e+00 4.460381900000000011e-01 3.120000000000000107e+00 8.187607140000000483e-04 3.120000000000000107e+00 4.965825439999999643e-04 3.120000000000000107e+00 2.017663639999999880e-03 3.120000000000000107e+00 9.907675219999999380e-15 3.120000000000000107e+00 4.959290650000000023e-01 3.120000000000000107e+00 5.503548240000000376e-04 3.120000000000000107e+00 2.701330440000000244e-04 3.120000000000000107e+00 1.158399519999999934e-03 3.120000000000000107e+00 1.748076090000000032e-14 3.120000000000000107e+00 5.650809180000000431e-01 3.120000000000000107e+00 3.111631199999999970e-04 3.120000000000000107e+00 1.277711040000000116e-04 3.120000000000000107e+00 5.831198969999999921e-04 3.120000000000000107e+00 3.487259240000000087e-14 3.120000000000000107e+00 5.629528670000000234e-01 3.120000000000000107e+00 1.638437269999999917e-04 3.120000000000000107e+00 5.771282040000000194e-05 3.120000000000000107e+00 2.883163060000000196e-04 3.120000000000000107e+00 6.932391480000000348e-14 3.120000000000000107e+00 5.543652669999999949e-01 3.120000000000000107e+00 8.364920609999999324e-05 3.120000000000000107e+00 2.597571909999999958e-05 3.120000000000000107e+00 1.420246629999999876e-04 3.120000000000000107e+00 1.379492899999999969e-13 3.120000000000000107e+00 5.497633899999999629e-01
3.129999999999999893e+00 1.723744140000000018e-03 3.129999999999999893e+00 5.642862169999999979e-04 3.129999999999999893e+00 4.430286670000000218e-03 3.129999999999999893e+00 6.959664000000000040e-15 3.129999999999999893e+00 4.156317050000000179e-01 3.129999999999999893e+00 1.277794029999999945e-03 3.129999999999999893e+00 5.507523050000000297e-04 3.129999999999999893e+00 3.146857449999999803e-03 3.129999999999999893e+00 1.621687560000000015e-14 3.129999999999999893e+00 5.035520070000000237e-01 3.129999999999999893e+00 7.515951139999999539e-04 3.129999999999999893e+00 4.772909029999999756e-04 3.129999999999999893e+00 1.897341249999999957e-03 3.129999999999999893e+00 3.323870630000000154e-14 3.129999999999999893e+00 4.792176249999999804e-01 3.129999999999999893e+00 4.292325210000000183e-04 3.129999999999999893e+00 2.958673599999999760e-04 3.129999999999999893e+00 1.051742430000000058e-03 3.129999999999999893e+00 6.689403399999999894e-14 3.129999999999999893e+00 4.585417960000000015e-01 3.129999999999999893e+00 2.313072400000000029e-04 3.129999999999999893e+00 1.556245529999999988e-04 3.129999999999999893e+00 5.481748330000000462e-04 3.129999999999999893e+00 1.343491339999999949e-13 3.129999999999999893e+00 4.460381900000000011e-01 3.129999999999999893e+00 8.162752689999999960e-04 3.129999999999999893e+00 5.019742610000000162e-04 3.129999999999999893e+00 2.025838820000000050e-03 3.129999999999999893e+00 9.914780779999999619e-15 3.129999999999999893e+00 4.959290650000000023e-01 3.129999999999999893e+00 5.488879370000000150e-04 3.129999999999999893e+00 2.738378010000000256e-04 3.129999999999999893e+00 1.163895729999999979e-03 3.129999999999999893e+00 1.749217020000000037e-14 3.129999999999999893e+00 5.650809180000000431e-01 3.129999999999999893e+00 3.104602809999999942e-04 3.129999999999999893e+00 1.299082830000000113e-04 3.129999999999999893e+00 5.862280130000000009e-04 3.129999999999999893e+00 3.489025460000000164e-14 3.129999999999999893e+00 5.629528670000000234e-01 3.129999999999999893e+00 1.635122309999999875e-04 3.129999999999999893e+00 5.884587459999999695e-05 3.129999999999999893e+00 2.899530869999999982e-04 3.129999999999999893e+00 6.935202109999999506e-14 3.129999999999999893e+00 5.543652669999999949e-01 3.129999999999999893e+00 8.349186090000000106e-05 3.129999999999999893e+00 2.655287829999999913e-05 3.129999999999999893e+00 1.428603689999999868e-04 3.129999999999999893e+00 1.380029300000000078e-13 3.129999999999999893e+00 5.497633899999999629e-01
3.140000000000000124e+00 1.719603670000000029e-03 3.140000000000000124e+00 5.724327820000000167e-04 3.140000000000000124e+00 4.447503460000000117e-03 3.140000000000000124e+00 6.964884279999999708e-15 3.140000000000000124e+00 4.156317050000000179e-01 3.140000000000000124e+00 1.272557400000000035e-03 3.140000000000000124e+00 5.604239180000000157e-04 3.140000000000000124e+00 3.159609209999999883e-03 3.140000000000000124e+00 1.624218649999999960e-14 3.140000000000000124e+00 5.035520070000000237e-01 3.140000000000000124e+00 7.484415880000000075e-04 3.140000000000000124e+00 4.826282829999999817e-04 3.140000000000000124e+00 1.904841430000000016e-03 3.140000000000000124e+00 3.329582169999999885e-14 3.140000000000000124e+00 4.792176249999999804e-01 3.140000000000000124e+00 4.273360009999999987e-04 3.140000000000000124e+00 2.990754189999999982e-04 3.140000000000000124e+00 1.056025269999999938e-03 3.140000000000000124e+00 6.699289679999999626e-14 3.140000000000000124e+00 4.585417960000000015e-01 3.140000000000000124e+00 2.302547160000000068e-04 3.140000000000000124e+00 1.574161490000000130e-04 3.140000000000000124e+00 5.504826409999999653e-04 3.140000000000000124e+00 1.345275869999999947e-13 3.140000000000000124e+00 4.460381900000000011e-01 3.140000000000000124e+00 8.137971780000000490e-04 3.140000000000000124e+00 5.073574609999999480e-04 3.140000000000000124e+00 2.033989170000000124e-03 3.140000000000000124e+00 9.922073549999999284e-15 3.140000000000000124e+00 4.959290650000000023e-01 3.140000000000000124e+00 5.474242710000000239e-04 3.140000000000000124e+00 2.775366050000000156e-04 3.140000000000000124e+00 1.169377290000000015e-03 3.140000000000000124e+00 1.750391539999999989e-14 3.140000000000000124e+00 5.650809180000000431e-01 3.140000000000000124e+00 3.097577969999999823e-04 3.140000000000000124e+00 1.320430259999999870e-04 3.140000000000000124e+00 5.893291030000000034e-04 3.140000000000000124e+00 3.490849790000000191e-14 3.140000000000000124e+00 5.629528670000000234e-01 3.140000000000000124e+00 1.631802480000000047e-04 3.140000000000000124e+00 5.997833890000000314e-05 3.140000000000000124e+00 2.915865490000000117e-04 3.140000000000000124e+00 6.938115199999999779e-14 3.140000000000000124e+00 5.543652669999999949e-01 3.140000000000000124e+00 8.333392819999999826e-05 3.140000000000000124e+00 2.713014550000000081e-05 3.140000000000000124e+00 1.436944989999999951e-04 3.140000000000000124e+00 1.380585870000000026e-13 3.140000000000000124e+00 5.497633899999999629e-01
3.149999999999999911e+00 1.715402219999999974e-03 3.149999999999999911e+00 5.807078989999999536e-04 3.149999999999999911e+00 4.464678540000000147e-03 3.149999999999999911e+00 6.970233249999999871e-15 3.149999999999999911e+00 4.156317050000000179e-01 3.149999999999999911e+00 1.267319640000000086e-03 3.149999999999999911e+00 5.700928710000000054e-04 3.149999999999999911e+00 3.172308589999999796e-03 3.149999999999999911e+00 1.626778200000000146e-14 3.149999999999999911e+00 5.035520070000000237e-01 3.149999999999999911e+00 7.452982750000000179e-04 3.149999999999999911e+00 4.879448759999999987e-04 3.149999999999999911e+00 1.912310119999999919e-03 3.149999999999999911e+00 3.335321370000000315e-14 3.149999999999999911e+00 4.792176249999999804e-01 3.149999999999999911e+00 4.254437760000000018e-04 3.149999999999999911e+00 3.022720789999999778e-04 3.149999999999999911e+00 1.060289160000000078e-03 3.149999999999999911e+00 6.709278180000000518e-14 3.149999999999999911e+00 4.585417960000000015e-01 3.149999999999999911e+00 2.292043490000000112e-04 3.149999999999999911e+00 1.592011500000000063e-04 3.149999999999999911e+00 5.527799340000000500e-04 3.149999999999999911e+00 1.347084309999999995e-13 3.149999999999999911e+00 4.460381900000000011e-01 3.149999999999999911e+00 8.113266359999999700e-04 3.149999999999999911e+00 5.127318149999999901e-04 3.149999999999999911e+00 2.042114790000000134e-03 3.149999999999999911e+00 9.929553319999999991e-15 3.149999999999999911e+00 4.959290650000000023e-01 3.149999999999999911e+00 5.459639609999999586e-04 3.149999999999999911e+00 2.812292689999999827e-04 3.149999999999999911e+00 1.174844229999999923e-03 3.149999999999999911e+00 1.751599859999999852e-14 3.149999999999999911e+00 5.650809180000000431e-01 3.149999999999999911e+00 3.090557849999999817e-04 3.149999999999999911e+00 1.341751909999999910e-04 3.149999999999999911e+00 5.924231709999999837e-04 3.149999999999999911e+00 3.492733059999999703e-14 3.149999999999999911e+00 5.629528670000000234e-01 3.149999999999999911e+00 1.628478729999999891e-04 3.149999999999999911e+00 6.111009589999999360e-05 3.149999999999999911e+00 2.932166900000000138e-04 3.149999999999999911e+00 6.941132960000000457e-14 3.149999999999999911e+00 5.543652669999999949e-01 3.149999999999999911e+00 8.317547960000000234e-05 3.149999999999999911e+00 2.770743239999999899e-05 3.149999999999999911e+00 1.445270460000000132e-04 3.149999999999999911e+00 1.381163080000000045e-13 3.149999999999999911e+00 5.497633899999999629e-01
3.160000000000000142e+00 1.711139869999999969e-03 3.160000000000000142e+00 5.891118990000000040e-04 3.160000000000000142e+00 4.481811300000000144e-03 3.160000000000000142e+00 6.975710379999999838e-15 3.160000000000000142e+00 4.156317050000000179e-01 3.160000000000000142e+00 1.262083619999999906e-03 3.160000000000000142e+00 5.797540790000000428e-04 3.160000000000000142e+00 3.184955599999999935e-03 3.160000000000000142e+00 1.629364209999999985e-14 3.160000000000000142e+00 5.035520070000000237e-01 3.160000000000000142e+00 7.421650689999999750e-04 3.160000000000000142e+00 4.932409220000000434e-04 3.160000000000000142e+00 1.919747430000000093e-03 3.160000000000000142e+00 3.341083740000000045e-14 3.160000000000000142e+00 4.792176249999999804e-01 3.160000000000000142e+00 4.235558689999999898e-04 3.160000000000000142e+00 3.054573580000000056e-04 3.160000000000000142e+00 1.064534160000000021e-03 3.160000000000000142e+00 6.719361429999999813e-14 3.160000000000000142e+00 4.585417960000000015e-01 3.160000000000000142e+00 2.281561579999999943e-04 3.160000000000000142e+00 1.609795599999999899e-04 3.160000000000000142e+00 5.550667349999999917e-04 3.160000000000000142e+00 1.348915420000000064e-13 3.160000000000000142e+00 4.460381900000000011e-01 3.160000000000000142e+00 8.088638230000000156e-04 3.160000000000000142e+00 5.180970179999999517e-04 3.160000000000000142e+00 2.050215729999999882e-03 3.160000000000000142e+00 9.937219590000000253e-15 3.160000000000000142e+00 4.959290650000000023e-01 3.160000000000000142e+00 5.445071349999999581e-04 3.160000000000000142e+00 2.849156230000000098e-04 3.160000000000000142e+00 1.180296580000000017e-03 3.160000000000000142e+00 1.752842139999999911e-14 3.160000000000000142e+00 5.650809180000000431e-01 3.160000000000000142e+00 3.083543529999999947e-04 3.160000000000000142e+00 1.363046460000000087e-04 3.160000000000000142e+00 5.955102210000000340e-04 3.160000000000000142e+00 3.494676049999999824e-14 3.160000000000000142e+00 5.629528670000000234e-01 3.160000000000000142e+00 1.625151959999999876e-04 3.160000000000000142e+00 6.224103759999999330e-05 3.160000000000000142e+00 2.948435060000000204e-04 3.160000000000000142e+00 6.944257559999999569e-14 3.160000000000000142e+00 5.543652669999999949e-01 3.160000000000000142e+00 8.301658119999999854e-05 3.160000000000000142e+00 2.828465779999999897e-05 3.160000000000000142e+00 1.453580069999999989e-04 3.160000000000000142e+00 1.381761410000000048e-13 3.160000000000000142e+00 5.497633899999999629e-01
3.169999999999999929e+00 1.706816780000000025e-03 3.169999999999999929e+00 5.976449889999999911e-04 3.169999999999999929e+00 4.498901139999999903e-03 3.169999999999999929e+00 6.981314889999999748e-15 3.169999999999999929e+00 4.156317050000000179e-01 3.169999999999999929e+00 1.256852020000000063e-03 3.169999999999999929e+00 5.894027430000000050e-04 3.169999999999999929e+00 3.197550280000000140e-03 3.169999999999999929e+00 1.631974659999999842e-14 3.169999999999999929e+00 5.035520070000000237e-01 3.169999999999999929e+00 7.390418730000000496e-04 3.169999999999999929e+00 4.985166469999999716e-04 3.169999999999999929e+00 1.927153459999999922e-03 3.169999999999999929e+00 3.346864839999999874e-14 3.169999999999999929e+00 4.792176249999999804e-01 3.169999999999999929e+00 4.216723019999999832e-04 3.169999999999999929e+00 3.086312740000000097e-04 3.169999999999999929e+00 1.068760289999999905e-03 3.169999999999999929e+00 6.729531830000000140e-14 3.169999999999999929e+00 4.585417960000000015e-01 3.169999999999999929e+00 2.271101640000000078e-04 3.169999999999999929e+00 1.627513870000000130e-04 3.169999999999999929e+00 5.573430650000000316e-04 3.169999999999999929e+00 1.350767940000000001e-13 3.169999999999999929e+00 4.460381900000000011e-01 3.169999999999999929e+00 8.064089039999999603e-04 3.169999999999999929e+00 5.234527859999999920e-04 3.169999999999999929e+00 2.058292089999999835e-03 3.169999999999999929e+00 9.945071470000000229e-15 3.169999999999999929e+00 4.959290650000000023e-01 3.169999999999999929e+00 5.430539060000000046e-04 3.169999999999999929e+00 2.885955100000000195e-04 3.169999999999999929e+00 1.185734379999999919e-03 3.169999999999999929e+00 1.754118470000000151e-14 3.169999999999999929e+00 5.650809180000000431e-01 3.169999999999999929e+00 3.076536019999999969e-04 3.169999999999999929e+00 1.384312710000000046e-04 3.169999999999999929e+00 5.985902600000000181e-04 3.169999999999999929e+00 3.496679459999999795e-14 3.169999999999999929e+00 5.629528670000000234e-01 3.169999999999999929e+00 1.621822989999999979e-04 3.169999999999999929e+00 6.337106460000000504e-05 3.169999999999999929e+00 2.964669929999999933e-04 3.169999999999999929e+00 6.947491099999999893e-14 3.169999999999999929e+00 5.543652669999999949e-01 3.169999999999999929e+00 8.285729389999999558e-05 3.169999999999999929e+00 2.886174700000000039e-05 3.169999999999999929e+00 1.461873760000000034e-04 3.169999999999999929e+00 1.382381330000000013e-13 3.169999999999999929e+00 5.497633899999999629e-01
3.180000000000000160e+00 1.702433119999999895e-03 3.180000000000000160e+00 6.063072540000000090e-04 3.180000000000000160e+00 4.515947440000000167e-03 3.180000000000000160e+00 6.987045779999999782e-15 3.180000000000000160e+00 4.156317050000000179e-01 3.180000000000000160e+00 1.251627360000000027e-03 3.180000000000000160e+00 5.990343599999999958e-04 3.180000000000000160e+00 3.210092669999999818e-03 3.180000000000000160e+00 1.634607490000000087e-14 3.180000000000000160e+00 5.035520070000000237e-01 3.180000000000000160e+00 7.359285929999999669e-04 3.180000000000000160e+00 5.037722680000000005e-04 3.180000000000000160e+00 1.934528299999999914e-03 3.180000000000000160e+00 3.352660300000000273e-14 3.180000000000000160e+00 4.792176249999999804e-01 3.180000000000000160e+00 4.197930999999999906e-04 3.180000000000000160e+00 3.117938460000000225e-04 3.180000000000000160e+00 1.072967620000000099e-03 3.180000000000000160e+00 6.739781710000000043e-14 3.180000000000000160e+00 4.585417960000000015e-01 3.180000000000000160e+00 2.260663860000000028e-04 3.180000000000000160e+00 1.645166350000000055e-04 3.180000000000000160e+00 5.596089459999999734e-04 3.180000000000000160e+00 1.352640580000000103e-13 3.180000000000000160e+00 4.460381900000000011e-01 3.180000000000000160e+00 8.039620259999999755e-04 3.180000000000000160e+00 5.287988579999999611e-04 3.180000000000000160e+00 2.066343940000000146e-03 3.180000000000000160e+00 9.953107780000000133e-15 3.180000000000000160e+00 4.959290650000000023e-01 3.180000000000000160e+00 5.416043819999999918e-04 3.180000000000000160e+00 2.922687879999999829e-04 3.180000000000000160e+00 1.191157669999999905e-03 3.180000000000000160e+00 1.755428889999999933e-14 3.180000000000000160e+00 5.650809180000000431e-01 3.180000000000000160e+00 3.069536230000000044e-04 3.180000000000000160e+00 1.405549539999999926e-04 3.180000000000000160e+00 6.016632960000000124e-04 3.180000000000000160e+00 3.498743939999999814e-14 3.180000000000000160e+00 5.629528670000000234e-01 3.180000000000000160e+00 1.618492590000000103e-04 3.180000000000000160e+00 6.450008570000000292e-05 3.180000000000000160e+00 2.980871509999999868e-04 3.180000000000000160e+00 6.950835600000000435e-14 3.180000000000000160e+00 5.543652669999999949e-01 3.180000000000000160e+00 8.269767350000000361e-05 3.180000000000000160e+00 2.943863109999999940e-05 3.180000000000000160e+00 1.470151520000000035e-04 3.180000000000000160e+00 1.383023290000000049e-13 3.180000000000000160e+00 5.497633899999999629e-01
3.189999999999999947e+00 1.697989179999999940e-03 3.189999999999999947e+00 6.150986480000000247e-04 3.189999999999999947e+00 4.532949599999999864e-03 3.189999999999999947e+00 6.992901830000000158e-15 3.189999999999999947e+00 4.156317050000000179e-01 3.189999999999999947e+00 1.246411989999999951e-03 3.189999999999999947e+00 6.086447250000000123e-04 3.189999999999999947e+00 3.222582859999999910e-03 3.189999999999999947e+00 1.637260630000000147e-14 3.189999999999999947e+00 5.035520070000000237e-01 3.189999999999999947e+00 7.328251439999999579e-04 3.189999999999999947e+00 5.090079869999999734e-04 3.189999999999999947e+00 1.941872060000000063e-03 3.189999999999999947e+00 3.358465869999999798e-14 3.189999999999999947e+00 4.792176249999999804e-01 3.189999999999999947e+00 4.179182839999999823e-04 3.189999999999999947e+00 3.149450920000000263e-04 3.189999999999999947e+00 1.077156170000000092e-03 3.189999999999999947e+00 6.750103379999999957e-14 3.189999999999999947e+00 4.585417960000000015e-01 3.189999999999999947e+00 2.250248430000000119e-04 3.189999999999999947e+00 1.662753109999999936e-04 3.189999999999999947e+00 5.618643999999999462e-04 3.189999999999999947e+00 1.354531999999999978e-13 3.189999999999999947e+00 4.460381900000000011e-01 3.189999999999999947e+00 8.015233280000000479e-04 3.189999999999999947e+00 5.341349939999999507e-04 3.189999999999999947e+00 2.074371360000000063e-03 3.189999999999999947e+00 9.961326970000000243e-15 3.189999999999999947e+00 4.959290650000000023e-01 3.189999999999999947e+00 5.401586589999999698e-04 3.189999999999999947e+00 2.959353230000000019e-04 3.189999999999999947e+00 1.196566490000000029e-03 3.189999999999999947e+00 1.756773389999999890e-14 3.189999999999999947e+00 5.650809180000000431e-01 3.189999999999999947e+00 3.062545019999999988e-04 3.189999999999999947e+00 1.426755930000000007e-04 3.189999999999999947e+00 6.047293359999999889e-04 3.189999999999999947e+00 3.500870020000000103e-14 3.189999999999999947e+00 5.629528670000000234e-01 3.189999999999999947e+00 1.615161439999999971e-04 3.189999999999999947e+00 6.562801680000000587e-05 3.189999999999999947e+00 2.997039780000000089e-04 3.189999999999999947e+00 6.954292990000000531e-14 3.189999999999999947e+00 5.543652669999999949e-01 3.189999999999999947e+00 8.253777170000000307e-05 3.189999999999999947e+00 3.001524699999999875e-05 3.189999999999999947e+00 1.478413289999999962e-04 3.189999999999999947e+00 1.383687730000000077e-13 3.189999999999999947e+00 5.497633899999999629e-01
3.200000000000000178e+00 1.693485250000000084e-03 3.200000000000000178e+00 6.240189870000000145e-04 3.200000000000000178e+00 4.549907019999999656e-03 3.200000000000000178e+00 6.998881570000000354e-15 3.200000000000000178e+00 4.156317050000000179e-01 3.200000000000000178e+00 1.241208109999999932e-03 3.200000000000000178e+00 6.182299390000000217e-04 3.200000000000000178e+00 3.235020950000000017e-03 3.200000000000000178e+00 1.639931990000000082e-14 3.200000000000000178e+00 5.035520070000000237e-01 3.200000000000000178e+00 7.297314450000000211e-04 3.200000000000000178e+00 5.142240009999999705e-04 3.200000000000000178e+00 1.949184830000000009e-03 3.200000000000000178e+00 3.364277360000000151e-14 3.200000000000000178e+00 4.792176249999999804e-01 3.200000000000000178e+00 4.160478759999999788e-04 3.200000000000000178e+00 3.180850300000000034e-04 3.200000000000000178e+00 1.081326000000000075e-03 3.200000000000000178e+00 6.760489110000000329e-14 3.200000000000000178e+00 4.585417960000000015e-01 3.200000000000000178e+00 2.239855540000000133e-04 3.200000000000000178e+00 1.680274220000000035e-04 3.200000000000000178e+00 5.641094499999999663e-04 3.200000000000000178e+00 1.356440850000000060e-13 3.200000000000000178e+00 4.460381900000000011e-01 3.200000000000000178e+00 7.990929310000000193e-04 3.200000000000000178e+00 5.394609689999999924e-04 3.200000000000000178e+00 2.082374430000000134e-03 3.200000000000000178e+00 9.969727129999999325e-15 3.200000000000000178e+00 4.959290650000000023e-01 3.200000000000000178e+00 5.387168260000000167e-04 3.200000000000000178e+00 2.995949960000000097e-04 3.200000000000000178e+00 1.201960859999999997e-03 3.200000000000000178e+00 1.758151900000000035e-14 3.200000000000000178e+00 5.650809180000000431e-01 3.200000000000000178e+00 3.055563150000000015e-04 3.200000000000000178e+00 1.447930949999999941e-04 3.200000000000000178e+00 6.077883890000000200e-04 3.200000000000000178e+00 3.503058199999999940e-14 3.200000000000000178e+00 5.629528670000000234e-01 3.200000000000000178e+00 1.611830189999999968e-04 3.200000000000000178e+00 6.675478039999999829e-05 3.200000000000000178e+00 3.013174740000000053e-04 3.200000000000000178e+00 6.957865100000000168e-14 3.200000000000000178e+00 5.543652669999999949e-01 3.200000000000000178e+00 8.237763620000000393e-05 3.200000000000000178e+00 3.059153639999999830e-05 3.200000000000000178e+00 1.486659060000000124e-04 3.200000000000000178e+00 1.384375069999999895e-13 3.200000000000000178e+00 5.497633899999999629e-01
3.209999999999999964e+00 1.688921730000000031e-03 3.209999999999999964e+00 6.330679489999999640e-04 3.209999999999999964e+00 4.566819100000000207e-03 3.209999999999999964e+00 7.004983299999999885e-15 3.209999999999999964e+00 4.156317050000000179e-01 3.209999999999999964e+00 1.236017720000000004e-03 3.209999999999999964e+00 6.277864019999999890e-04 3.209999999999999964e+00 3.247407060000000092e-03 3.209999999999999964e+00 1.642619499999999948e-14 3.209999999999999964e+00 5.035520070000000237e-01 3.209999999999999964e+00 7.266474190000000305e-04 3.209999999999999964e+00 5.194204920000000236e-04 3.209999999999999964e+00 1.956466720000000180e-03 3.209999999999999964e+00 3.370090730000000165e-14 3.209999999999999964e+00 4.792176249999999804e-01 3.209999999999999964e+00 4.141818970000000046e-04 3.209999999999999964e+00 3.212136779999999903e-04 3.209999999999999964e+00 1.085477139999999931e-03 3.209999999999999964e+00 6.770931210000000333e-14 3.209999999999999964e+00 4.585417960000000015e-01 3.209999999999999964e+00 2.229485369999999894e-04 3.209999999999999964e+00 1.697729740000000114e-04 3.209999999999999964e+00 5.663441179999999459e-04 3.209999999999999964e+00 1.358365770000000089e-13 3.209999999999999964e+00 4.460381900000000011e-01 3.209999999999999964e+00 7.966709499999999724e-04 3.209999999999999964e+00 5.447765790000000342e-04 3.209999999999999964e+00 2.090353239999999998e-03 3.209999999999999964e+00 9.978306009999999362e-15 3.209999999999999964e+00 4.959290650000000023e-01 3.209999999999999964e+00 5.372789640000000255e-04 3.209999999999999964e+00 3.032476940000000242e-04 3.209999999999999964e+00 1.207340840000000002e-03 3.209999999999999964e+00 1.759564260000000080e-14 3.209999999999999964e+00 5.650809180000000431e-01 3.209999999999999964e+00 3.048591359999999880e-04 3.209999999999999964e+00 1.469073729999999950e-04 3.209999999999999964e+00 6.108404649999999575e-04 3.209999999999999964e+00 3.505308870000000201e-14 3.209999999999999964e+00 5.629528670000000234e-01 3.209999999999999964e+00 1.608499429999999905e-04 3.209999999999999964e+00 6.788030540000000138e-05 3.209999999999999964e+00 3.029276389999999760e-04 3.209999999999999964e+00 6.961553659999999980e-14 3.209999999999999964e+00 5.543652669999999949e-01 3.209999999999999964e+00 8.221731079999999652e-05 3.209999999999999964e+00 3.116744570000000013e-05 3.209999999999999964e+00 1.494888810000000060e-04 3.209999999999999964e+00 1.385085709999999935e-13 3.209999999999999964e+00 5.497633899999999629e-01
3.220000000000000195e+00 1.684299059999999973e-03 3.220000000000000195e+00 6.422450630000000205e-04 3.220000000000000195e+00 4.583685260000000365e-03 3.220000000000000195e+00 7.011205079999999890e-15 3.220000000000000195e+00 4.156317050000000179e-01 3.220000000000000195e+00 1.230842680000000106e-03 3.220000000000000195e+00 6.373108119999999896e-04 3.220000000000000195e+00 3.259741349999999930e-03 3.220000000000000195e+00 1.645321070000000124e-14 3.220000000000000195e+00 5.035520070000000237e-01 3.220000000000000195e+00 7.235729960000000490e-04 3.220000000000000195e+00 5.245976389999999594e-04 3.220000000000000195e+00 1.963717819999999999e-03 3.220000000000000195e+00 3.375902030000000237e-14 3.220000000000000195e+00 4.792176249999999804e-01 3.220000000000000195e+00 4.123203679999999757e-04 3.220000000000000195e+00 3.243310550000000196e-04 3.220000000000000195e+00 1.089609650000000068e-03 3.220000000000000195e+00 6.781422009999999774e-14 3.220000000000000195e+00 4.585417960000000015e-01 3.220000000000000195e+00 2.219138109999999997e-04 3.220000000000000195e+00 1.715119750000000123e-04 3.220000000000000195e+00 5.685684280000000059e-04 3.220000000000000195e+00 1.360305360000000065e-13 3.220000000000000195e+00 4.460381900000000011e-01 3.220000000000000195e+00 7.942574840000000535e-04 3.220000000000000195e+00 5.500816329999999718e-04 3.220000000000000195e+00 2.098307880000000163e-03 3.220000000000000195e+00 9.987061029999999241e-15 3.220000000000000195e+00 4.959290650000000023e-01 3.220000000000000195e+00 5.358451460000000300e-04 3.220000000000000195e+00 3.068933170000000114e-04 3.220000000000000195e+00 1.212706449999999964e-03 3.220000000000000195e+00 1.761010270000000063e-14 3.220000000000000195e+00 5.650809180000000431e-01 3.220000000000000195e+00 3.041630310000000199e-04 3.220000000000000195e+00 1.490183479999999938e-04 3.220000000000000195e+00 6.138855749999999742e-04 3.220000000000000195e+00 3.507622299999999891e-14 3.220000000000000195e+00 5.629528670000000234e-01 3.220000000000000195e+00 1.605169719999999982e-04 3.220000000000000195e+00 6.900452620000000078e-05 3.220000000000000195e+00 3.045344729999999753e-04 3.220000000000000195e+00 6.965360280000000625e-14 3.220000000000000195e+00 5.543652669999999949e-01 3.220000000000000195e+00 8.205683590000000373e-05 3.220000000000000195e+00 3.174292539999999874e-05 3.220000000000000195e+00 1.503102520000000120e-04 3.220000000000000195e+00 1.385820050000000126e-13 3.220000000000000195e+00 5.497633899999999629e-01
3.229999999999999982e+00 1.679617760000000001e-03 3.229999999999999982e+00 6.515497130000000433e-04 3.229999999999999982e+00 4.600504889999999965e-03 3.229999999999999982e+00 7.017544769999999966e-15 3.229999999999999982e+00 4.156317050000000179e-01 3.229999999999999982e+00 1.225684689999999950e-03 3.229999999999999982e+00 6.468001630000000000e-04 3.229999999999999982e+00 3.272023969999999799e-03 3.229999999999999982e+00 1.648034650000000030e-14 3.229999999999999982e+00 5.035520070000000237e-01 3.229999999999999982e+00 7.205081090000000190e-04 3.229999999999999982e+00 5.297556069999999860e-04 3.229999999999999982e+00 1.970938209999999798e-03 3.229999999999999982e+00 3.381707479999999784e-14 3.229999999999999982e+00 4.792176249999999804e-01 3.229999999999999982e+00 4.104633110000000212e-04 3.229999999999999982e+00 3.274371800000000152e-04 3.229999999999999982e+00 1.093723569999999895e-03 3.229999999999999982e+00 6.791953929999999384e-14 3.229999999999999982e+00 4.585417960000000015e-01 3.229999999999999982e+00 2.208813910000000113e-04 3.229999999999999982e+00 1.732444330000000013e-04 3.229999999999999982e+00 5.707824019999999500e-04 3.229999999999999982e+00 1.362258250000000043e-13 3.229999999999999982e+00 4.460381900000000011e-01 3.229999999999999982e+00 7.918526259999999995e-04 3.229999999999999982e+00 5.553759569999999583e-04 3.229999999999999982e+00 2.106238419999999917e-03 3.229999999999999982e+00 9.995989239999999494e-15 3.229999999999999982e+00 4.959290650000000023e-01 3.229999999999999982e+00 5.344154409999999711e-04 3.229999999999999982e+00 3.105317710000000215e-04 3.229999999999999982e+00 1.218057750000000076e-03 3.229999999999999982e+00 1.762489680000000028e-14 3.229999999999999982e+00 5.650809180000000431e-01 3.229999999999999982e+00 3.034680610000000159e-04 3.229999999999999982e+00 1.511259459999999882e-04 3.229999999999999982e+00 6.169237300000000260e-04 3.229999999999999982e+00 3.509998719999999915e-14 3.229999999999999982e+00 5.629528670000000234e-01 3.229999999999999982e+00 1.601841560000000100e-04 3.229999999999999982e+00 7.012738250000000433e-05 3.229999999999999982e+00 3.061379789999999911e-04 3.229999999999999982e+00 6.969286440000000573e-14 3.229999999999999982e+00 5.543652669999999949e-01 3.229999999999999982e+00 8.189624899999999768e-05 3.229999999999999982e+00 3.231793009999999800e-05 3.229999999999999982e+00 1.511300170000000114e-04 3.229999999999999982e+00 1.386578430000000027e-13 3.229999999999999982e+00 5.497633899999999629e-01
3.240000000000000213e+00 1.674878390000000047e-03 3.240000000000000213e+00 6.609811269999999730e-04 3.240000000000000213e+00 4.617277420000000417e-03 3.240000000000000213e+00 7.023999989999999752e-15 3.240000000000000213e+00 4.156317050000000179e-01 3.240000000000000213e+00 1.220545279999999929e-03 3.240000000000000213e+00 6.562517329999999465e-04 3.240000000000000213e+00 3.284255109999999808e-03 3.240000000000000213e+00 1.650758210000000033e-14 3.240000000000000213e+00 5.035520070000000237e-01 3.240000000000000213e+00 7.174526959999999714e-04 3.240000000000000213e+00 5.348945570000000023e-04 3.240000000000000213e+00 1.978128009999999964e-03 3.240000000000000213e+00 3.387503400000000100e-14 3.240000000000000213e+00 4.792176249999999804e-01 3.240000000000000213e+00 4.086107460000000069e-04 3.240000000000000213e+00 3.305320700000000177e-04 3.240000000000000213e+00 1.097818929999999941e-03 3.240000000000000213e+00 6.802519500000000194e-14 3.240000000000000213e+00 4.585417960000000015e-01 3.240000000000000213e+00 2.198512950000000067e-04 3.240000000000000213e+00 1.749703540000000087e-04 3.240000000000000213e+00 5.729860640000000076e-04 3.240000000000000213e+00 1.364223030000000090e-13 3.240000000000000213e+00 4.460381900000000011e-01 3.240000000000000213e+00 7.894564570000000290e-04 3.240000000000000213e+00 5.606593899999999867e-04 3.240000000000000213e+00 2.114144960000000160e-03 3.240000000000000213e+00 1.000508740000000070e-14 3.240000000000000213e+00 4.959290650000000023e-01 3.240000000000000213e+00 5.329899100000000389e-04 3.240000000000000213e+00 3.141629720000000108e-04 3.240000000000000213e+00 1.223394770000000003e-03 3.240000000000000213e+00 1.764002140000000037e-14 3.240000000000000213e+00 5.650809180000000431e-01 3.240000000000000213e+00 3.027742830000000195e-04 3.240000000000000213e+00 1.532301009999999979e-04 3.240000000000000213e+00 6.199549399999999648e-04 3.240000000000000213e+00 3.512438219999999943e-14 3.240000000000000213e+00 5.629528670000000234e-01 3.240000000000000213e+00 1.598515410000000048e-04 3.240000000000000213e+00 7.124881859999999338e-05 3.240000000000000213e+00 3.077381570000000234e-04 3.240000000000000213e+00 6.973333480000000216e-14 3.240000000000000213e+00 5.543652669999999949e-01 3.240000000000000213e+00 8.173558440000000666e-05 3.240000000000000213e+00 3.289241799999999960e-05 3.240000000000000213e+00 1.519481770000000002e-04 3.240000000000000213e+00 1.387361199999999892e-13 3.240000000000000213e+00 5.497633899999999629e-01
3.250000000000000000e+00 1.670081610000000074e-03 3.250000000000000000e+00 6.705383760000000522e-04 3.250000000000000000e+00 4.634002269999999701e-03 3.250000000000000000e+00 7.030568119999999721e-15 3.250000000000000000e+00 4.156317050000000179e-01 3.250000000000000000e+00 1.215425829999999948e-03 3.250000000000000000e+00 6.656630780000000538e-04 3.250000000000000000e+00 3.296434950000000103e-03 3.250000000000000000e+00 1.653489719999999867e-14 3.250000000000000000e+00 5.035520070000000237e-01 3.250000000000000000e+00 7.144066990000000296e-04 3.250000000000000000e+00 5.400146399999999468e-04 3.250000000000000000e+00 1.985287300000000178e-03 3.250000000000000000e+00 3.393286269999999925e-14 3.250000000000000000e+00 4.792176249999999804e-01 3.250000000000000000e+00 4.067626920000000194e-04 3.250000000000000000e+00 3.336157440000000053e-04 3.250000000000000000e+00 1.101895799999999927e-03 3.250000000000000000e+00 6.813111329999999431e-14 3.250000000000000000e+00 4.585417960000000015e-01 3.250000000000000000e+00 2.188235409999999951e-04 3.250000000000000000e+00 1.766897460000000026e-04 3.250000000000000000e+00 5.751794359999999823e-04 3.250000000000000000e+00 1.366198320000000075e-13 3.250000000000000000e+00 4.460381900000000011e-01 3.250000000000000000e+00 7.870690509999999545e-04 3.250000000000000000e+00 5.659317830000000016e-04 3.250000000000000000e+00 2.122027580000000139e-03 3.250000000000000000e+00 1.001435180000000038e-14 3.250000000000000000e+00 4.959290650000000023e-01 3.250000000000000000e+00 5.315686090000000096e-04 3.250000000000000000e+00 3.177868420000000199e-04 3.250000000000000000e+00 1.228717559999999978e-03 3.250000000000000000e+00 1.765547269999999845e-14 3.250000000000000000e+00 5.650809180000000431e-01 3.250000000000000000e+00 3.020817489999999854e-04 3.250000000000000000e+00 1.553307519999999955e-04 3.250000000000000000e+00 6.229792189999999513e-04 3.250000000000000000e+00 3.514940810000000286e-14 3.250000000000000000e+00 5.629528670000000234e-01 3.250000000000000000e+00 1.595191719999999923e-04 3.250000000000000000e+00 7.236878360000000053e-05 3.250000000000000000e+00 3.093350100000000062e-04 3.250000000000000000e+00 6.977502600000000598e-14 3.250000000000000000e+00 5.543652669999999949e-01 3.250000000000000000e+00 8.157487420000000269e-05 3.250000000000000000e+00 3.346635030000000001e-05 3.250000000000000000e+00 1.527647289999999904e-04 3.250000000000000000e+00 1.388168660000000045e-13 3.250000000000000000e+00 5.497633899999999629e-01
3.259999999999999787e+00 1.665228130000000065e-03 3.259999999999999787e+00 6.802203739999999584e-04 3.259999999999999787e+00 4.650678860000000137e-03 3.259999999999999787e+00 7.037246380000000371e-15 3.259999999999999787e+00 4.156317050000000179e-01 3.259999999999999787e+00 1.210327599999999962e-03 3.259999999999999787e+00 6.750320220000000180e-04 3.259999999999999787e+00 3.308563689999999887e-03 3.259999999999999787e+00 1.656227229999999882e-14 3.259999999999999787e+00 5.035520070000000237e-01 3.259999999999999787e+00 7.113700619999999836e-04 3.259999999999999787e+00 5.451160029999999913e-04 3.259999999999999787e+00 1.992416170000000080e-03 3.259999999999999787e+00 3.399052720000000183e-14 3.259999999999999787e+00 4.792176249999999804e-01 3.259999999999999787e+00 4.049191679999999830e-04 3.259999999999999787e+00 3.366882210000000106e-04 3.259999999999999787e+00 1.105954199999999990e-03 3.259999999999999787e+00 6.823722219999999654e-14 3.259999999999999787e+00 4.585417960000000015e-01 3.259999999999999787e+00 2.177981430000000020e-04 3.259999999999999787e+00 1.784026180000000011e-04 3.259999999999999787e+00 5.773625429999999911e-04 3.259999999999999787e+00 1.368182729999999932e-13 3.259999999999999787e+00 4.460381900000000011e-01 3.259999999999999787e+00 7.846904739999999460e-04 3.259999999999999787e+00 5.711930029999999926e-04 3.259999999999999787e+00 2.129886369999999928e-03 3.259999999999999787e+00 1.002377859999999922e-14 3.259999999999999787e+00 4.959290650000000023e-01 3.259999999999999787e+00 5.301515880000000087e-04 3.259999999999999787e+00 3.214033110000000032e-04 3.259999999999999787e+00 1.234026160000000058e-03 3.259999999999999787e+00 1.767124589999999852e-14 3.259999999999999787e+00 5.650809180000000431e-01 3.259999999999999787e+00 3.013905079999999888e-04 3.259999999999999787e+00 1.574278409999999961e-04 3.259999999999999787e+00 6.259965800000000420e-04 3.259999999999999787e+00 3.517506369999999705e-14 3.259999999999999787e+00 5.629528670000000234e-01 3.259999999999999787e+00 1.591870880000000065e-04 3.259999999999999787e+00 7.348723010000000379e-05 3.259999999999999787e+00 3.109285419999999775e-04 3.259999999999999787e+00 6.981794830000000587e-14 3.259999999999999787e+00 5.543652669999999949e-01 3.259999999999999787e+00 8.141414760000000191e-05 3.259999999999999787e+00 3.403969149999999877e-05 3.259999999999999787e+00 1.535796740000000050e-04 3.259999999999999787e+00 1.389001100000000119e-13 3.259999999999999787e+00 5.497633899999999629e-01
3.270000000000000018e+00 1.660318739999999899e-03 3.270000000000000018e+00 6.900258690000000321e-04 3.270000000000000018e+00 4.667306639999999583e-03 3.270000000000000018e+00 7.044031729999999885e-15 3.270000000000000018e+00 4.156317050000000179e-01 3.270000000000000018e+00 1.205251679999999950e-03 3.270000000000000018e+00 6.843566420000000419e-04 3.270000000000000018e+00 3.320641569999999935e-03 3.270000000000000018e+00 1.658968810000000112e-14 3.270000000000000018e+00 5.035520070000000237e-01 3.270000000000000018e+00 7.083427350000000332e-04 3.270000000000000018e+00 5.501987840000000180e-04 3.270000000000000018e+00 1.999514730000000098e-03 3.270000000000000018e+00 3.404799530000000190e-14 3.270000000000000018e+00 4.792176249999999804e-01 3.270000000000000018e+00 4.030801949999999762e-04 3.270000000000000018e+00 3.397495190000000159e-04 3.270000000000000018e+00 1.109994190000000106e-03 3.270000000000000018e+00 6.834345079999999931e-14 3.270000000000000018e+00 4.585417960000000015e-01 3.270000000000000018e+00 2.167751190000000096e-04 3.270000000000000018e+00 1.801089779999999994e-04 3.270000000000000018e+00 5.795354069999999460e-04 3.270000000000000018e+00 1.370174910000000095e-13 3.270000000000000018e+00 4.460381900000000011e-01 3.270000000000000018e+00 7.823207839999999887e-04 3.270000000000000018e+00 5.764429220000000373e-04 3.270000000000000018e+00 2.137721420000000035e-03 3.270000000000000018e+00 1.003336349999999957e-14 3.270000000000000018e+00 4.959290650000000023e-01 3.270000000000000018e+00 5.287388949999999527e-04 3.270000000000000018e+00 3.250123130000000075e-04 3.270000000000000018e+00 1.239320610000000083e-03 3.270000000000000018e+00 1.768733590000000151e-14 3.270000000000000018e+00 5.650809180000000431e-01 3.270000000000000018e+00 3.007006030000000207e-04 3.270000000000000018e+00 1.595213169999999865e-04 3.270000000000000018e+00 6.290070339999999762e-04 3.270000000000000018e+00 3.520134689999999816e-14 3.270000000000000018e+00 5.629528670000000234e-01 3.270000000000000018e+00 1.588553250000000121e-04 3.270000000000000018e+00 7.460411490000000228e-05 3.270000000000000018e+00 3.125187529999999916e-04 3.270000000000000018e+00 6.986211040000000344e-14 3.270000000000000018e+00 5.543652669999999949e-01 3.270000000000000018e+00 8.125343199999999783e-05 3.270000000000000018e+00 3.461240890000000052e-05 3.270000000000000018e+00 1.543930119999999899e-04 3.270000000000000018e+00 1.389858760000000069e-13 3.270000000000000018e+00 5.497633899999999629e-01
3.279999999999999805e+00 1.655354290000000082e-03 3.279999999999999805e+00 6.999534479999999564e-04 3.279999999999999805e+00 4.683885050000000279e-03 3.279999999999999805e+00 7.050920979999999625e-15 3.279999999999999805e+00 4.156317050000000179e-01 3.279999999999999805e+00 1.200199039999999941e-03 3.279999999999999805e+00 6.936352609999999960e-04 3.279999999999999805e+00 3.332668809999999801e-03 3.279999999999999805e+00 1.661712559999999950e-14 3.279999999999999805e+00 5.035520070000000237e-01 3.279999999999999805e+00 7.053246690000000490e-04 3.279999999999999805e+00 5.552631150000000414e-04 3.279999999999999805e+00 2.006583059999999911e-03 3.279999999999999805e+00 3.410523630000000184e-14 3.279999999999999805e+00 4.792176249999999804e-01 3.279999999999999805e+00 4.012457899999999854e-04 3.279999999999999805e+00 3.427996569999999994e-04 3.279999999999999805e+00 1.114015820000000077e-03 3.279999999999999805e+00 6.844973039999999921e-14 3.279999999999999805e+00 4.585417960000000015e-01 3.279999999999999805e+00 2.157544829999999891e-04 3.279999999999999805e+00 1.818088339999999927e-04 3.279999999999999805e+00 5.816980529999999641e-04 3.279999999999999805e+00 1.372173490000000115e-13 3.279999999999999805e+00 4.460381900000000011e-01 3.279999999999999805e+00 7.799600309999999911e-04 3.279999999999999805e+00 5.816814300000000331e-04 3.279999999999999805e+00 2.145532820000000101e-03 3.279999999999999805e+00 1.004310190000000068e-14 3.279999999999999805e+00 4.959290650000000023e-01 3.279999999999999805e+00 5.273305690000000111e-04 3.279999999999999805e+00 3.286137919999999857e-04 3.279999999999999805e+00 1.244600949999999893e-03 3.279999999999999805e+00 1.770373669999999903e-14 3.279999999999999805e+00 5.650809180000000431e-01 3.279999999999999805e+00 3.000120770000000176e-04 3.279999999999999805e+00 1.616111329999999919e-04 3.279999999999999805e+00 6.320105960000000191e-04 3.279999999999999805e+00 3.522825439999999730e-14 3.279999999999999805e+00 5.629528670000000234e-01 3.279999999999999805e+00 1.585239190000000005e-04 3.279999999999999805e+00 7.571939809999999823e-05 3.279999999999999805e+00 3.141056490000000245e-04 3.279999999999999805e+00 6.990751919999999427e-14 3.279999999999999805e+00 5.543652669999999949e-01 3.279999999999999805e+00 8.109275239999999899e-05 3.279999999999999805e+00 3.518447220000000164e-05 3.279999999999999805e+00 1.552047429999999992e-04 3.279999999999999805e+00 1.390741859999999982e-13 3.279999999999999805e+00 5.497633899999999629e-01
3.290000000000000036e+00 1.650335719999999895e-03 3.290000000000000036e+00 7.100015299999999771e-04 3.290000000000000036e+00 4.700413550000000044e-03 3.290000000000000036e+00 7.057910730000000204e-15 3.290000000000000036e+00 4.156317050000000179e-01 3.290000000000000036e+00 1.195170530000000007e-03 3.290000000000000036e+00 7.028664310000000285e-04 3.290000000000000036e+00 3.344645629999999908e-03 3.290000000000000036e+00 1.664456670000000040e-14 3.290000000000000036e+00 5.035520070000000237e-01 3.290000000000000036e+00 7.023158189999999940e-04 3.290000000000000036e+00 5.603091229999999879e-04 3.290000000000000036e+00 2.013621250000000029e-03 3.290000000000000036e+00 3.416222120000000055e-14 3.290000000000000036e+00 4.792176249999999804e-01 3.290000000000000036e+00 3.994159719999999889e-04 3.290000000000000036e+00 3.458386539999999936e-04 3.290000000000000036e+00 1.118019129999999958e-03 3.290000000000000036e+00 6.855599409999999881e-14 3.290000000000000036e+00 4.585417960000000015e-01 3.290000000000000036e+00 2.147362499999999890e-04 3.290000000000000036e+00 1.835021949999999992e-04 3.290000000000000036e+00 5.838505049999999494e-04 3.290000000000000036e+00 1.374177149999999978e-13 3.290000000000000036e+00 4.460381900000000011e-01 3.290000000000000036e+00 7.776082599999999904e-04 3.290000000000000036e+00 5.869084199999999741e-04 3.290000000000000036e+00 2.153320649999999805e-03 3.290000000000000036e+00 1.005298910000000025e-14 3.290000000000000036e+00 4.959290650000000023e-01 3.290000000000000036e+00 5.259266490000000282e-04 3.290000000000000036e+00 3.322076939999999909e-04 3.290000000000000036e+00 1.249867239999999900e-03 3.290000000000000036e+00 1.772044199999999852e-14 3.290000000000000036e+00 5.650809180000000431e-01 3.290000000000000036e+00 2.993249669999999943e-04 3.290000000000000036e+00 1.636972459999999944e-04 3.290000000000000036e+00 6.350072800000000064e-04 3.290000000000000036e+00 3.525578200000000156e-14 3.290000000000000036e+00 5.629528670000000234e-01 3.290000000000000036e+00 1.581929010000000108e-04 3.290000000000000036e+00 7.683304270000000397e-05 3.290000000000000036e+00 3.156892330000000101e-04 3.290000000000000036e+00 6.995417990000000267e-14 3.290000000000000036e+00 5.543652669999999949e-01 3.290000000000000036e+00 8.093213220000000131e-05 3.290000000000000036e+00 3.575585349999999707e-05 3.290000000000000036e+00 1.560148670000000059e-04 3.290000000000000036e+00 1.391650570000000018e-13 3.290000000000000036e+00 5.497633899999999629e-01
3.299999999999999822e+00 1.645264019999999935e-03 3.299999999999999822e+00 7.201683700000000195e-04 3.299999999999999822e+00 4.716891590000000210e-03 3.299999999999999822e+00 7.064997409999999897e-15 3.299999999999999822e+00 4.156317050000000179e-01 3.299999999999999822e+00 1.190166880000000050e-03 3.299999999999999822e+00 7.120489199999999663e-04 3.299999999999999822e+00 3.356572300000000043e-03 3.299999999999999822e+00 1.667199350000000071e-14 3.299999999999999822e+00 5.035520070000000237e-01 3.299999999999999822e+00 6.993161420000000399e-04 3.299999999999999822e+00 5.653369300000000205e-04 3.299999999999999822e+00 2.020629410000000011e-03 3.299999999999999822e+00 3.421892249999999984e-14 3.299999999999999822e+00 4.792176249999999804e-01 3.299999999999999822e+00 3.975907590000000232e-04 3.299999999999999822e+00 3.488665289999999769e-04 3.299999999999999822e+00 1.122004150000000065e-03 3.299999999999999822e+00 6.866217700000000035e-14 3.299999999999999822e+00 4.585417960000000015e-01 3.299999999999999822e+00 2.137204369999999955e-04 3.299999999999999822e+00 1.851890700000000101e-04 3.299999999999999822e+00 5.859927860000000268e-04 3.299999999999999822e+00 1.376184580000000108e-13 3.299999999999999822e+00 4.460381900000000011e-01 3.299999999999999822e+00 7.752655110000000434e-04 3.299999999999999822e+00 5.921237980000000189e-04 3.299999999999999822e+00 2.161085010000000049e-03 3.299999999999999822e+00 1.006301990000000078e-14 3.299999999999999822e+00 4.959290650000000023e-01 3.299999999999999822e+00 5.245271689999999763e-04 3.299999999999999822e+00 3.357939709999999980e-04 3.299999999999999822e+00 1.255119500000000023e-03 3.299999999999999822e+00 1.773744450000000131e-14 3.299999999999999822e+00 5.650809180000000431e-01 3.299999999999999822e+00 2.986393079999999736e-04 3.299999999999999822e+00 1.657796139999999992e-04 3.299999999999999822e+00 6.379970999999999906e-04 3.299999999999999822e+00 3.528392400000000248e-14 3.299999999999999822e+00 5.629528670000000234e-01 3.299999999999999822e+00 1.578623000000000081e-04 3.299999999999999822e+00 7.794501499999999423e-05 3.299999999999999822e+00 3.172695089999999865e-04 3.299999999999999822e+00 7.000209539999999973e-14 3.299999999999999822e+00 5.543652669999999949e-01 3.299999999999999822e+00 8.077159290000000022e-05 3.299999999999999822e+00 3.632652709999999733e-05 3.299999999999999822e+00 1.568233860000000019e-04 3.299999999999999822e+00 1.392585049999999895e-13 3.299999999999999822e+00 5.497633899999999629e-01
