1.000000000000000021e-02 2.460726280000000014e-09 1.000000000000000021e-02 7.206742600000000336e-11 1.000000000000000021e-02 1.186511989999999994e-10 1.000000000000000021e-02 3.193276289999999971e-15 1.000000000000000021e-02 6.213887359999999971e-01 1.000000000000000021e-02 1.477286270000000055e-10 1.000000000000000021e-02 8.600173110000000156e-13 1.000000000000000021e-02 7.118258559999999657e-12 1.000000000000000021e-02 7.436487360000000742e-15 1.000000000000000021e-02 7.192441649999999909e-01 1.000000000000000021e-02 8.493769330000000245e-11 1.000000000000000021e-02 2.599357509999999898e-13 1.000000000000000021e-02 4.092479820000000003e-12 1.000000000000000021e-02 1.448828579999999937e-14 1.000000000000000021e-02 6.942322290000000340e-01 1.000000000000000021e-02 5.869131669999999403e-11 1.000000000000000021e-02 1.243917270000000115e-13 1.000000000000000021e-02 2.829084619999999898e-12 1.000000000000000021e-02 2.880475609999999981e-14 1.000000000000000021e-02 6.740463749999999754e-01 1.000000000000000021e-02 3.671887940000000283e-11 1.000000000000000021e-02 5.587027389999999750e-14 1.000000000000000021e-02 1.770582930000000030e-12 1.000000000000000021e-02 5.755381710000000218e-14 1.000000000000000021e-02 6.618514309999999901e-01 1.000000000000000021e-02 1.020368249999999999e-10 1.000000000000000021e-02 1.605783900000000080e-12 1.000000000000000021e-02 5.107846080000000292e-12 1.000000000000000021e-02 5.191744330000000236e-15 1.000000000000000021e-02 7.390060830000000358e-01 1.000000000000000021e-02 1.122691279999999947e-11 1.000000000000000021e-02 3.367200520000000190e-14 1.000000000000000021e-02 5.588650669999999560e-13 1.000000000000000021e-02 9.286163400000000383e-15 1.000000000000000021e-02 8.031760180000000471e-01 1.000000000000000021e-02 4.364274230000000202e-12 1.000000000000000021e-02 5.235045059999999842e-15 1.000000000000000021e-02 2.170293109999999891e-13 1.000000000000000021e-02 1.825564560000000073e-14 1.000000000000000021e-02 8.030782069999999884e-01 1.000000000000000021e-02 2.178493029999999911e-12 1.000000000000000021e-02 1.464140139999999939e-15 1.000000000000000021e-02 1.083335029999999980e-13 1.000000000000000021e-02 3.624307360000000079e-14 1.000000000000000021e-02 7.966288780000000402e-01 1.000000000000000021e-02 1.087058330000000101e-12 1.000000000000000021e-02 4.246513689999999879e-16 1.000000000000000021e-02 5.405873029999999711e-14 1.000000000000000021e-02 7.233641310000000294e-14 1.000000000000000021e-02 7.933337919999999821e-01
2.000000000000000042e-02 3.027234870000000083e-09 2.000000000000000042e-02 8.866426779999999570e-11 2.000000000000000042e-02 1.459933879999999958e-10 2.000000000000000042e-02 3.191606959999999963e-15 2.000000000000000042e-02 6.213887359999999971e-01 2.000000000000000042e-02 1.817549809999999924e-10 2.000000000000000042e-02 1.058333149999999996e-12 2.000000000000000042e-02 8.759810639999999896e-12 2.000000000000000042e-02 7.401118269999999374e-15 2.000000000000000042e-02 7.192441649999999909e-01 2.000000000000000042e-02 1.045010930000000051e-10 2.000000000000000042e-02 3.198828930000000243e-13 2.000000000000000042e-02 5.036301469999999654e-12 2.000000000000000042e-02 1.442126829999999887e-14 2.000000000000000042e-02 6.942322290000000340e-01 2.000000000000000042e-02 7.220144889999999965e-11 2.000000000000000042e-02 1.530653639999999997e-13 2.000000000000000042e-02 3.481221209999999955e-12 2.000000000000000042e-02 2.867856099999999778e-14 2.000000000000000042e-02 6.740463749999999754e-01 2.000000000000000042e-02 4.516701470000000293e-11 2.000000000000000042e-02 6.874376060000000368e-14 2.000000000000000042e-02 2.178557960000000073e-12 2.000000000000000042e-02 5.731252529999999420e-14 2.000000000000000042e-02 6.618514309999999901e-01 2.000000000000000042e-02 1.245870230000000001e-10 2.000000000000000042e-02 1.960712660000000034e-12 2.000000000000000042e-02 6.237218059999999722e-12 2.000000000000000042e-02 5.171676710000000252e-15 2.000000000000000042e-02 7.390060830000000358e-01 2.000000000000000042e-02 1.372410530000000029e-11 2.000000000000000042e-02 4.116288280000000307e-14 2.000000000000000042e-02 6.832026279999999630e-13 2.000000000000000042e-02 9.249210650000000149e-15 2.000000000000000042e-02 8.031760180000000471e-01 2.000000000000000042e-02 5.336104009999999823e-12 2.000000000000000042e-02 6.401052629999999676e-15 2.000000000000000042e-02 2.653685470000000247e-13 2.000000000000000042e-02 1.818549020000000036e-14 2.000000000000000042e-02 8.030782069999999884e-01 2.000000000000000042e-02 2.663587490000000048e-12 2.000000000000000042e-02 1.790249229999999992e-15 2.000000000000000042e-02 1.324627189999999944e-13 2.000000000000000042e-02 3.610303189999999892e-14 2.000000000000000042e-02 7.966288780000000402e-01 2.000000000000000042e-02 1.329112049999999950e-12 2.000000000000000042e-02 5.192326809999999889e-16 2.000000000000000042e-02 6.609907290000000328e-14 2.000000000000000042e-02 7.205845580000000454e-14 2.000000000000000042e-02 7.933337919999999821e-01
2.999999999999999889e-02 3.723945850000000071e-09 2.999999999999999889e-02 1.090775979999999960e-10 2.999999999999999889e-02 1.796292899999999950e-10 2.999999999999999889e-02 3.190940490000000049e-15 2.999999999999999889e-02 6.213887359999999971e-01 2.999999999999999889e-02 2.236063030000000087e-10 2.999999999999999889e-02 1.302315100000000047e-12 2.999999999999999889e-02 1.077940439999999920e-11 2.999999999999999889e-02 7.366302669999999330e-15 2.999999999999999889e-02 7.192441649999999909e-01 2.999999999999999889e-02 1.285628570000000077e-10 2.999999999999999889e-02 3.936351459999999797e-13 2.999999999999999889e-02 6.197474960000000365e-12 2.999999999999999889e-02 1.435531919999999849e-14 2.999999999999999889e-02 6.942322290000000340e-01 2.999999999999999889e-02 8.881563039999999465e-11 2.999999999999999889e-02 1.883381380000000027e-13 2.999999999999999889e-02 4.283445790000000204e-12 2.999999999999999889e-02 2.855455949999999840e-14 2.999999999999999889e-02 6.740463749999999754e-01 2.999999999999999889e-02 5.555490310000000128e-11 2.999999999999999889e-02 8.457852029999999600e-14 2.999999999999999889e-02 2.680379939999999819e-12 2.999999999999999889e-02 5.707584959999999764e-14 2.999999999999999889e-02 6.618514309999999901e-01 2.999999999999999889e-02 1.521166810000000038e-10 2.999999999999999889e-02 2.394033080000000050e-12 2.999999999999999889e-02 7.616162819999999500e-12 2.999999999999999889e-02 5.152148320000000215e-15 2.999999999999999889e-02 7.390060830000000358e-01 2.999999999999999889e-02 1.677651319999999940e-11 2.999999999999999889e-02 5.031969119999999921e-14 2.999999999999999889e-02 8.351954129999999769e-13 2.999999999999999889e-02 9.212987679999999476e-15 2.999999999999999889e-02 8.031760180000000471e-01 2.999999999999999889e-02 6.524248929999999820e-12 2.999999999999999889e-02 7.826694440000000167e-15 2.999999999999999889e-02 3.244714740000000045e-13 2.999999999999999889e-02 1.811670759999999895e-14 2.999999999999999889e-02 8.030782069999999884e-01 2.999999999999999889e-02 3.256651810000000179e-12 2.999999999999999889e-02 2.188971379999999899e-15 2.999999999999999889e-02 1.619646690000000099e-13 2.999999999999999889e-02 3.596509419999999690e-14 2.999999999999999889e-02 7.966288780000000402e-01 2.999999999999999889e-02 1.625038649999999938e-12 2.999999999999999889e-02 6.348733570000000266e-16 2.999999999999999889e-02 8.082030670000000140e-14 2.999999999999999889e-02 7.178414759999999602e-14 2.999999999999999889e-02 7.933337919999999821e-01
4.000000000000000083e-02 4.580704170000000287e-09 4.000000000000000083e-02 1.341829529999999879e-10 4.000000000000000083e-02 2.210050430000000089e-10 4.000000000000000083e-02 3.191302889999999883e-15 4.000000000000000083e-02 6.213887359999999971e-01 4.000000000000000083e-02 2.750786170000000175e-10 4.000000000000000083e-02 1.602461100000000049e-12 4.000000000000000083e-02 1.326396120000000025e-11 4.000000000000000083e-02 7.332035379999999963e-15 4.000000000000000083e-02 7.192441649999999909e-01 4.000000000000000083e-02 1.581551569999999894e-10 4.000000000000000083e-02 4.843661539999999578e-13 4.000000000000000083e-02 7.625967629999999751e-12 4.000000000000000083e-02 1.429043269999999929e-14 4.000000000000000083e-02 6.942322290000000340e-01 4.000000000000000083e-02 1.092453210000000043e-10 4.000000000000000083e-02 2.317258760000000237e-13 4.000000000000000083e-02 5.270234209999999937e-12 4.000000000000000083e-02 2.843276159999999987e-14 4.000000000000000083e-02 6.740463749999999754e-01 4.000000000000000083e-02 6.832673969999999995e-11 4.000000000000000083e-02 1.040542949999999988e-13 4.000000000000000083e-02 3.297591309999999916e-12 4.000000000000000083e-02 5.684385139999999512e-14 4.000000000000000083e-02 6.618514309999999901e-01 4.000000000000000083e-02 1.857238859999999874e-10 4.000000000000000083e-02 2.923038499999999975e-12 4.000000000000000083e-02 9.299783439999999261e-12 4.000000000000000083e-02 5.133174709999999691e-15 4.000000000000000083e-02 7.390060830000000358e-01 4.000000000000000083e-02 2.050749789999999880e-11 4.000000000000000083e-02 6.151273479999999476e-14 4.000000000000000083e-02 1.020991790000000018e-12 4.000000000000000083e-02 9.177504679999999684e-15 4.000000000000000083e-02 8.031760180000000471e-01 4.000000000000000083e-02 7.976825489999999385e-12 4.000000000000000083e-02 9.569757509999999977e-15 4.000000000000000083e-02 3.967337820000000050e-13 4.000000000000000083e-02 1.804931969999999887e-14 4.000000000000000083e-02 8.030782069999999884e-01 4.000000000000000083e-02 3.981700280000000290e-12 4.000000000000000083e-02 2.676467329999999971e-15 4.000000000000000083e-02 1.980351120000000039e-13 4.000000000000000083e-02 3.582926259999999751e-14 4.000000000000000083e-02 7.966288780000000402e-01 4.000000000000000083e-02 1.986819530000000183e-12 4.000000000000000083e-02 7.762601610000000063e-16 4.000000000000000083e-02 9.881906579999999981e-14 4.000000000000000083e-02 7.151346580000000355e-14 4.000000000000000083e-02 7.933337919999999821e-01
5.000000000000000278e-02 5.633829100000000306e-09 5.000000000000000278e-02 1.650556140000000109e-10 5.000000000000000278e-02 2.718975510000000009e-10 5.000000000000000278e-02 3.192536589999999830e-15 5.000000000000000278e-02 6.213887359999999971e-01 5.000000000000000278e-02 3.383791529999999946e-10 5.000000000000000278e-02 1.971677370000000194e-12 5.000000000000000278e-02 1.632034829999999904e-11 5.000000000000000278e-02 7.298312120000000468e-15 5.000000000000000278e-02 7.192441649999999909e-01 5.000000000000000278e-02 1.945463430000000050e-10 5.000000000000000278e-02 5.959775640000000105e-13 5.000000000000000278e-02 9.383209000000000191e-12 5.000000000000000278e-02 1.422660509999999876e-14 5.000000000000000278e-02 6.942322290000000340e-01 5.000000000000000278e-02 1.343645210000000073e-10 5.000000000000000278e-02 2.850917160000000192e-13 5.000000000000000278e-02 6.483961850000000028e-12 5.000000000000000278e-02 2.831318269999999941e-14 5.000000000000000278e-02 6.740463749999999754e-01 5.000000000000000278e-02 8.402806560000000092e-11 5.000000000000000278e-02 1.280064210000000088e-13 5.000000000000000278e-02 4.056665949999999601e-12 5.000000000000000278e-02 5.661660700000000132e-14 5.000000000000000278e-02 6.618514309999999901e-01 5.000000000000000278e-02 2.267483680000000068e-10 5.000000000000000278e-02 3.568829930000000051e-12 5.000000000000000278e-02 1.135533220000000030e-11 5.000000000000000278e-02 5.114773580000000226e-15 5.000000000000000278e-02 7.390060830000000358e-01 5.000000000000000278e-02 2.506780120000000097e-11 5.000000000000000278e-02 7.519456210000000165e-14 5.000000000000000278e-02 1.248106069999999933e-12 5.000000000000000278e-02 9.142774090000000112e-15 5.000000000000000278e-02 8.031760180000000471e-01 5.000000000000000278e-02 9.752641680000000740e-12 5.000000000000000278e-02 1.170088150000000065e-14 5.000000000000000278e-02 4.850840039999999496e-13 5.000000000000000278e-02 1.798335269999999856e-14 5.000000000000000278e-02 8.030782069999999884e-01 5.000000000000000278e-02 4.868082239999999994e-12 5.000000000000000278e-02 3.272491870000000110e-15 5.000000000000000278e-02 2.421357320000000022e-13 5.000000000000000278e-02 3.569554380000000268e-14 5.000000000000000278e-02 7.966288780000000402e-01 5.000000000000000278e-02 2.429097690000000019e-12 5.000000000000000278e-02 9.491220819999999884e-16 5.000000000000000278e-02 1.208246619999999903e-13 5.000000000000000278e-02 7.124639250000000196e-14 5.000000000000000278e-02 7.933337919999999821e-01
5.999999999999999778e-02 6.927606810000000293e-09 5.999999999999999778e-02 2.030115479999999940e-10 5.999999999999999778e-02 3.344826239999999813e-10 5.999999999999999778e-02 3.194519119999999853e-15 5.999999999999999778e-02 6.213887359999999971e-01 5.999999999999999778e-02 4.162201730000000013e-10 5.999999999999999778e-02 2.425829370000000176e-12 5.999999999999999778e-02 2.007994400000000005e-11 5.999999999999999778e-02 7.265129489999999877e-15 5.999999999999999778e-02 7.192441649999999909e-01 5.999999999999999778e-02 2.392947860000000179e-10 5.999999999999999778e-02 7.332655329999999545e-13 5.999999999999999778e-02 1.154471269999999953e-11 5.999999999999999778e-02 1.416383470000000038e-14 5.999999999999999778e-02 6.942322290000000340e-01 5.999999999999999778e-02 1.652467300000000103e-10 5.999999999999999778e-02 3.507254180000000156e-13 5.999999999999999778e-02 7.976707590000000796e-12 5.999999999999999778e-02 2.819584369999999958e-14 5.999999999999999778e-02 6.740463749999999754e-01 5.999999999999999778e-02 1.033287690000000004e-10 5.999999999999999778e-02 1.574613120000000087e-13 5.999999999999999778e-02 4.990133679999999805e-12 5.999999999999999778e-02 5.639420930000000265e-14 5.999999999999999778e-02 6.618514309999999901e-01 5.999999999999999778e-02 2.768244859999999985e-10 5.999999999999999778e-02 4.357151830000000358e-12 5.999999999999999778e-02 1.386488319999999921e-11 5.999999999999999778e-02 5.096964859999999811e-15 5.999999999999999778e-02 7.390060830000000358e-01 5.999999999999999778e-02 3.064161129999999987e-11 5.999999999999999778e-02 9.191820829999999869e-14 5.999999999999999778e-02 1.525721650000000029e-12 5.999999999999999778e-02 9.108810759999999662e-15 5.999999999999999778e-02 8.031760180000000471e-01 5.999999999999999778e-02 1.192356859999999945e-11 5.999999999999999778e-02 1.430641409999999974e-14 5.999999999999999778e-02 5.931018869999999616e-13 5.999999999999999778e-02 1.791883729999999881e-14 5.999999999999999778e-02 8.030782069999999884e-01 5.999999999999999778e-02 5.951665269999999676e-12 5.999999999999999778e-02 4.001192110000000252e-15 5.999999999999999778e-02 2.960532130000000066e-13 5.999999999999999778e-02 3.556394819999999794e-14 5.999999999999999778e-02 7.966288780000000402e-01 5.999999999999999778e-02 2.969767769999999861e-12 5.999999999999999778e-02 1.160461809999999997e-15 5.999999999999999778e-02 1.477285529999999943e-13 5.999999999999999778e-02 7.098291500000000299e-14 5.999999999999999778e-02 7.933337919999999821e-01
7.000000000000000666e-02 8.517449679999999183e-09 7.000000000000000666e-02 2.496676560000000191e-10 7.000000000000000666e-02 4.114351949999999757e-10 7.000000000000000666e-02 3.197612069999999930e-15 7.000000000000000666e-02 6.213887359999999971e-01 7.000000000000000666e-02 5.119341069999999829e-10 7.000000000000000666e-02 2.984418330000000005e-12 7.000000000000000666e-02 2.470424400000000005e-11 7.000000000000000666e-02 7.232485070000000206e-15 7.000000000000000666e-02 7.192441649999999909e-01 7.000000000000000666e-02 2.943149170000000041e-10 7.000000000000000666e-02 9.021251739999999870e-13 7.000000000000000666e-02 1.420329539999999924e-11 7.000000000000000666e-02 1.410212159999999939e-14 7.000000000000000666e-02 6.942322290000000340e-01 7.000000000000000666e-02 2.032102619999999980e-10 7.000000000000000666e-02 4.314406860000000177e-13 7.000000000000000666e-02 9.812467650000000755e-12 7.000000000000000666e-02 2.808077209999999857e-14 7.000000000000000666e-02 6.740463749999999754e-01 7.000000000000000666e-02 1.270512649999999904e-10 7.000000000000000666e-02 1.936799749999999994e-13 7.000000000000000666e-02 6.137959950000000204e-12 7.000000000000000666e-02 5.617676940000000122e-14 7.000000000000000666e-02 6.618514309999999901e-01 7.000000000000000666e-02 3.379457910000000131e-10 7.000000000000000666e-02 5.319410540000000079e-12 7.000000000000000666e-02 1.692859080000000073e-11 7.000000000000000666e-02 5.079770899999999943e-15 7.000000000000000666e-02 7.390060830000000358e-01 7.000000000000000666e-02 3.745397009999999824e-11 7.000000000000000666e-02 1.123594750000000002e-13 7.000000000000000666e-02 1.865061269999999816e-12 7.000000000000000666e-02 9.075632149999999926e-15 7.000000000000000666e-02 8.031760180000000471e-01 7.000000000000000666e-02 1.457743679999999990e-11 7.000000000000000666e-02 1.749189959999999860e-14 7.000000000000000666e-02 7.251630250000000417e-13 7.000000000000000666e-02 1.785580959999999942e-14 7.000000000000000666e-02 8.030782069999999884e-01 7.000000000000000666e-02 7.276279839999999595e-12 7.000000000000000666e-02 4.892082799999999898e-15 7.000000000000000666e-02 3.619714000000000221e-13 7.000000000000000666e-02 3.543449150000000253e-14 7.000000000000000666e-02 7.966288780000000402e-01 7.000000000000000666e-02 3.630696689999999895e-12 7.000000000000000666e-02 1.418838530000000064e-15 7.000000000000000666e-02 1.806203440000000055e-13 7.000000000000000666e-02 7.072302609999999533e-14 7.000000000000000666e-02 7.933337919999999821e-01
8.000000000000000167e-02 1.047076760000000029e-08 8.000000000000000167e-02 3.070090649999999787e-10 8.000000000000000167e-02 5.060415169999999562e-10 8.000000000000000167e-02 3.201843760000000091e-15 8.000000000000000167e-02 6.213887359999999971e-01 8.000000000000000167e-02 6.296147910000000427e-10 8.000000000000000167e-02 3.671411750000000206e-12 8.000000000000000167e-02 3.039174530000000054e-11 8.000000000000000167e-02 7.200377400000000138e-15 8.000000000000000167e-02 7.192441649999999909e-01 8.000000000000000167e-02 3.619582189999999959e-10 8.000000000000000167e-02 1.109801530000000092e-12 8.000000000000000167e-02 1.747302889999999928e-11 8.000000000000000167e-02 1.404146870000000000e-14 8.000000000000000167e-02 6.942322290000000340e-01 8.000000000000000167e-02 2.498737720000000180e-10 8.000000000000000167e-02 5.306945799999999918e-13 8.000000000000000167e-02 1.206987200000000049e-11 8.000000000000000167e-02 2.796800209999999970e-14 8.000000000000000167e-02 6.740463749999999754e-01 8.000000000000000167e-02 1.562050059999999955e-10 8.000000000000000167e-02 2.382113930000000224e-13 8.000000000000000167e-02 7.549237779999999214e-12 8.000000000000000167e-02 5.596441840000000180e-14 8.000000000000000167e-02 6.618514309999999901e-01 8.000000000000000167e-02 4.125436270000000108e-10 8.000000000000000167e-02 6.493914719999999800e-12 8.000000000000000167e-02 2.066866180000000114e-11 8.000000000000000167e-02 5.063216570000000089e-15 8.000000000000000167e-02 7.390060830000000358e-01 8.000000000000000167e-02 4.577981590000000279e-11 8.000000000000000167e-02 1.373441419999999974e-13 8.000000000000000167e-02 2.279839269999999848e-12 8.000000000000000167e-02 9.043258500000000414e-15 8.000000000000000167e-02 8.031760180000000471e-01 8.000000000000000167e-02 1.782157239999999933e-11 8.000000000000000167e-02 2.138634060000000022e-14 8.000000000000000167e-02 8.866155469999999624e-13 8.000000000000000167e-02 1.779431079999999929e-14 8.000000000000000167e-02 8.030782069999999884e-01 8.000000000000000167e-02 8.895483199999999805e-12 8.000000000000000167e-02 5.981237759999999752e-15 8.000000000000000167e-02 4.425594589999999870e-13 8.000000000000000167e-02 3.530719419999999700e-14 8.000000000000000167e-02 7.966288780000000402e-01 8.000000000000000167e-02 4.438603330000000235e-12 8.000000000000000167e-02 1.734713339999999931e-15 8.000000000000000167e-02 2.208317580000000032e-13 8.000000000000000167e-02 7.046672409999999506e-14 8.000000000000000167e-02 7.933337919999999821e-01
8.999999999999999667e-02 1.287020360000000081e-08 8.999999999999999667e-02 3.774707970000000042e-10 8.999999999999999667e-02 6.223355470000000400e-10 8.999999999999999667e-02 3.207243039999999874e-15 8.999999999999999667e-02 6.213887359999999971e-01 8.999999999999999667e-02 7.742906910000000394e-10 8.999999999999999667e-02 4.516262880000000273e-12 8.999999999999999667e-02 3.738639700000000060e-11 8.999999999999999667e-02 7.168806099999999743e-15 8.999999999999999667e-02 7.192441649999999909e-01 8.999999999999999667e-02 4.451125179999999945e-10 8.999999999999999667e-02 1.365197570000000050e-12 8.999999999999999667e-02 2.149409030000000073e-11 8.999999999999999667e-02 1.398188069999999979e-14 8.999999999999999667e-02 6.942322290000000340e-01 8.999999999999999667e-02 3.072242690000000021e-10 8.999999999999999667e-02 6.527339830000000077e-13 8.999999999999999667e-02 1.484551649999999913e-11 8.999999999999999667e-02 2.785757589999999852e-14 8.999999999999999667e-02 6.740463749999999754e-01 8.999999999999999667e-02 1.920287310000000056e-10 8.999999999999999667e-02 2.929579539999999980e-13 8.999999999999999667e-02 9.284262289999999487e-12 8.999999999999999667e-02 5.575731039999999875e-14 8.999999999999999667e-02 6.618514309999999901e-01 8.999999999999999667e-02 5.035828350000000478e-10 8.999999999999999667e-02 7.927386100000000384e-12 8.999999999999999667e-02 2.523419599999999855e-11 8.999999999999999667e-02 5.047329450000000016e-15 8.999999999999999667e-02 7.390060830000000358e-01 8.999999999999999667e-02 5.595502020000000093e-11 8.999999999999999667e-02 1.678811859999999885e-13 8.999999999999999667e-02 2.786813890000000061e-12 8.999999999999999667e-02 9.011713050000000098e-15 8.999999999999999667e-02 8.031760180000000471e-01 8.999999999999999667e-02 2.178711509999999855e-11 8.999999999999999667e-02 2.614740410000000127e-14 8.999999999999999667e-02 1.083995949999999909e-12 8.999999999999999667e-02 1.773438799999999940e-14 8.999999999999999667e-02 8.030782069999999884e-01 8.999999999999999667e-02 1.087471260000000010e-11 8.999999999999999667e-02 7.312745040000000455e-15 8.999999999999999667e-02 5.410795469999999896e-13 8.999999999999999667e-02 3.518208259999999869e-14 8.999999999999999667e-02 7.966288780000000402e-01 8.999999999999999667e-02 5.426132389999999707e-12 8.999999999999999667e-02 2.120871169999999876e-15 8.999999999999999667e-02 2.699903510000000124e-13 8.999999999999999667e-02 7.021401359999999503e-14 8.999999999999999667e-02 7.933337919999999821e-01
1.000000000000000056e-01 1.581703680000000043e-08 1.000000000000000056e-01 4.640386739999999787e-10 1.000000000000000056e-01 7.652677269999999715e-10 1.000000000000000056e-01 3.213839239999999916e-15 1.000000000000000056e-01 6.213887359999999971e-01 1.000000000000000056e-01 9.521372889999999610e-10 1.000000000000000056e-01 5.555161609999999727e-12 1.000000000000000056e-01 4.598797249999999698e-11 1.000000000000000056e-01 7.137771880000000470e-15 1.000000000000000056e-01 7.192441649999999909e-01 1.000000000000000056e-01 5.473236689999999951e-10 1.000000000000000056e-01 1.679252140000000083e-12 1.000000000000000056e-01 2.643871290000000141e-11 1.000000000000000056e-01 1.392336540000000051e-14 1.000000000000000056e-01 6.942322290000000340e-01 1.000000000000000056e-01 3.777004030000000050e-10 1.000000000000000056e-01 8.027751960000000201e-13 1.000000000000000056e-01 1.825804830000000118e-11 1.000000000000000056e-01 2.774954399999999857e-14 1.000000000000000056e-01 6.740463749999999754e-01 1.000000000000000056e-01 2.360421459999999786e-10 1.000000000000000056e-01 3.602556479999999977e-13 1.000000000000000056e-01 1.141707329999999982e-11 1.000000000000000056e-01 5.555562410000000092e-14 1.000000000000000056e-01 6.618514309999999901e-01 1.000000000000000056e-01 6.146782119999999668e-10 1.000000000000000056e-01 9.676798520000000241e-12 1.000000000000000056e-01 3.080708479999999876e-11 1.000000000000000056e-01 5.032139949999999772e-15 1.000000000000000056e-01 7.390060830000000358e-01 1.000000000000000056e-01 6.838985770000000106e-11 1.000000000000000056e-01 2.052033470000000086e-13 1.000000000000000056e-01 3.406461740000000123e-12 1.000000000000000056e-01 8.981022200000000535e-15 1.000000000000000056e-01 8.031760180000000471e-01 1.000000000000000056e-01 2.663428769999999948e-11 1.000000000000000056e-01 3.196777950000000064e-14 1.000000000000000056e-01 1.325292689999999958e-12 1.000000000000000056e-01 1.767609459999999961e-14 1.000000000000000056e-01 8.030782069999999884e-01 1.000000000000000056e-01 1.329391330000000054e-11 1.000000000000000056e-01 8.940484180000000510e-15 1.000000000000000056e-01 6.615183229999999977e-13 1.000000000000000056e-01 3.505918939999999857e-14 1.000000000000000056e-01 7.966288780000000402e-01 1.000000000000000056e-01 6.633164880000000213e-12 1.000000000000000056e-01 2.592935979999999821e-15 1.000000000000000056e-01 3.300851060000000204e-13 1.000000000000000056e-01 6.996490580000000586e-14 1.000000000000000056e-01 7.933337919999999821e-01
1.100000000000000006e-01 1.943533089999999959e-08 1.100000000000000006e-01 5.703724980000000499e-10 1.100000000000000006e-01 9.409114070000000541e-10 1.100000000000000006e-01 3.221662020000000004e-15 1.100000000000000006e-01 6.213887359999999971e-01 1.100000000000000006e-01 1.170737389999999987e-09 1.100000000000000006e-01 6.832569219999999950e-12 1.100000000000000006e-01 5.656479699999999974e-11 1.100000000000000006e-01 7.107276640000000399e-15 1.100000000000000006e-01 7.192441649999999909e-01 1.100000000000000006e-01 6.729446420000000348e-10 1.100000000000000006e-01 2.065403510000000152e-12 1.100000000000000006e-01 3.251848700000000019e-11 1.100000000000000006e-01 1.386593320000000029e-14 1.100000000000000006e-01 6.942322290000000340e-01 1.100000000000000006e-01 4.642943939999999969e-10 1.100000000000000006e-01 9.872240930000000727e-13 1.100000000000000006e-01 2.245317569999999858e-11 1.100000000000000006e-01 2.764396629999999851e-14 1.100000000000000006e-01 6.740463749999999754e-01 1.100000000000000006e-01 2.901091380000000004e-10 1.100000000000000006e-01 4.429723129999999859e-13 1.100000000000000006e-01 1.403857049999999951e-11 1.100000000000000006e-01 5.535956670000000254e-14 1.100000000000000006e-01 6.618514309999999901e-01 1.100000000000000006e-01 7.502361949999999931e-10 1.100000000000000006e-01 1.181161609999999988e-11 1.100000000000000006e-01 3.760919569999999765e-11 1.100000000000000006e-01 5.017681489999999650e-15 1.100000000000000006e-01 7.390060830000000358e-01 1.100000000000000006e-01 8.358544060000000370e-11 1.100000000000000006e-01 2.508166459999999961e-13 1.100000000000000006e-01 4.163801260000000090e-12 1.100000000000000006e-01 8.951215779999999511e-15 1.100000000000000006e-01 8.031760180000000471e-01 1.100000000000000006e-01 3.255882799999999735e-11 1.100000000000000006e-01 3.908294369999999933e-14 1.100000000000000006e-01 1.620268130000000093e-12 1.100000000000000006e-01 1.761949049999999860e-14 1.100000000000000006e-01 8.030782069999999884e-01 1.100000000000000006e-01 1.625074519999999925e-11 1.100000000000000006e-01 1.093029640000000078e-14 1.100000000000000006e-01 8.087475250000000477e-13 1.100000000000000006e-01 3.493855380000000219e-14 1.100000000000000006e-01 7.966288780000000402e-01 1.100000000000000006e-01 8.108417150000000674e-12 1.100000000000000006e-01 3.169999939999999851e-15 1.100000000000000006e-01 4.035465219999999896e-13 1.100000000000000006e-01 6.971941879999999588e-14 1.100000000000000006e-01 7.933337919999999821e-01
1.199999999999999956e-01 2.387698850000000063e-08 1.199999999999999956e-01 7.009562690000000131e-10 1.199999999999999956e-01 1.156715129999999929e-09 1.199999999999999956e-01 3.230741199999999897e-15 1.199999999999999956e-01 6.213887359999999971e-01 1.199999999999999956e-01 1.439400079999999956e-09 1.199999999999999956e-01 8.403100670000000558e-12 1.199999999999999956e-01 6.956936160000000490e-11 1.199999999999999956e-01 7.077323549999999749e-15 1.199999999999999956e-01 7.192441649999999909e-01 1.199999999999999956e-01 8.273180800000000217e-10 1.199999999999999956e-01 2.540157910000000038e-12 1.199999999999999956e-01 3.999331320000000201e-11 1.199999999999999956e-01 1.380959749999999986e-14 1.199999999999999956e-01 6.942322290000000340e-01 1.199999999999999956e-01 5.706767160000000306e-10 1.199999999999999956e-01 1.213945870000000092e-12 1.199999999999999956e-01 2.760980549999999969e-11 1.199999999999999956e-01 2.754091340000000143e-14 1.199999999999999956e-01 6.740463749999999754e-01 1.199999999999999956e-01 3.565150140000000043e-10 1.199999999999999956e-01 5.446279309999999978e-13 1.199999999999999956e-01 1.726032869999999948e-11 1.199999999999999956e-01 5.516937590000000186e-14 1.199999999999999956e-01 6.618514309999999901e-01 1.199999999999999956e-01 9.156271339999999829e-10 1.199999999999999956e-01 1.441651600000000057e-11 1.199999999999999956e-01 4.591112209999999794e-11 1.199999999999999956e-01 5.003990690000000158e-15 1.199999999999999956e-01 7.390060830000000358e-01 1.199999999999999956e-01 1.021537670000000007e-10 1.199999999999999956e-01 3.065608130000000072e-13 1.199999999999999956e-01 5.089398059999999873e-12 1.199999999999999956e-01 8.922327230000000470e-15 1.199999999999999956e-01 8.031760180000000471e-01 1.199999999999999956e-01 3.979983589999999983e-11 1.199999999999999956e-01 4.778064210000000051e-14 1.199999999999999956e-01 1.980851619999999871e-12 1.199999999999999956e-01 1.756464270000000009e-14 1.199999999999999956e-01 8.030782069999999884e-01 1.199999999999999956e-01 1.986449489999999991e-11 1.199999999999999956e-01 1.336263420000000000e-14 1.199999999999999956e-01 9.887200330000000147e-13 1.199999999999999956e-01 3.482022269999999796e-14 1.199999999999999956e-01 7.966288780000000402e-01 1.199999999999999956e-01 9.911391430000000500e-12 1.199999999999999956e-01 3.875391479999999781e-15 1.199999999999999956e-01 4.933444000000000117e-13 1.199999999999999956e-01 6.947757829999999518e-14 1.199999999999999956e-01 7.933337919999999821e-01
1.300000000000000044e-01 2.932790009999999923e-08 1.300000000000000044e-01 8.612812230000000378e-10 1.300000000000000044e-01 1.421810769999999992e-09 1.300000000000000044e-01 3.241106580000000146e-15 1.300000000000000044e-01 6.213887359999999971e-01 1.300000000000000044e-01 1.769551330000000088e-09 1.300000000000000044e-01 1.033383250000000044e-11 1.300000000000000044e-01 8.555747360000000183e-11 1.300000000000000044e-01 7.047917130000000072e-15 1.300000000000000044e-01 7.192441649999999909e-01 1.300000000000000044e-01 1.016999769999999910e-09 1.300000000000000044e-01 3.123786420000000075e-12 1.300000000000000044e-01 4.918237840000000140e-11 1.300000000000000044e-01 1.375437519999999935e-14 1.300000000000000044e-01 6.942322290000000340e-01 1.300000000000000044e-01 7.013485300000000305e-10 1.300000000000000044e-01 1.492595479999999977e-12 1.300000000000000044e-01 3.394756250000000144e-11 1.300000000000000044e-01 2.744046769999999880e-14 1.300000000000000044e-01 6.740463749999999754e-01 1.300000000000000044e-01 4.380608380000000159e-10 1.300000000000000044e-01 6.695418719999999584e-13 1.300000000000000044e-01 2.121926749999999928e-11 1.300000000000000044e-01 5.498532399999999717e-14 1.300000000000000044e-01 6.618514309999999901e-01 1.300000000000000044e-01 1.117394679999999967e-09 1.300000000000000044e-01 1.759469909999999922e-11 1.300000000000000044e-01 5.604283580000000316e-11 1.300000000000000044e-01 4.991107469999999629e-15 1.300000000000000044e-01 7.390060830000000358e-01 1.300000000000000044e-01 1.248421730000000124e-10 1.300000000000000044e-01 3.746830410000000014e-13 1.300000000000000044e-01 6.220591940000000082e-12 1.300000000000000044e-01 8.894393869999999850e-15 1.300000000000000044e-01 8.031760180000000471e-01 1.300000000000000044e-01 4.864934579999999848e-11 1.300000000000000044e-01 5.841246340000000508e-14 1.300000000000000044e-01 2.421619379999999819e-12 1.300000000000000044e-01 1.751162570000000012e-14 1.300000000000000044e-01 8.030782069999999884e-01 1.300000000000000044e-01 2.428084720000000028e-11 1.300000000000000044e-01 1.633579579999999929e-14 1.300000000000000044e-01 1.208709199999999948e-12 1.300000000000000044e-01 3.470425110000000122e-14 1.300000000000000044e-01 7.966288780000000402e-01 1.300000000000000044e-01 1.211475460000000049e-11 1.300000000000000044e-01 4.737612830000000362e-15 1.300000000000000044e-01 6.031072040000000156e-13 1.300000000000000044e-01 6.923941850000000391e-14 1.300000000000000044e-01 7.933337919999999821e-01
1.400000000000000133e-01 3.601541849999999797e-08 1.400000000000000133e-01 1.058068610000000061e-09 1.400000000000000133e-01 1.747389570000000050e-09 1.400000000000000133e-01 3.252787840000000140e-15 1.400000000000000133e-01 6.213887359999999971e-01 1.400000000000000133e-01 2.175212230000000192e-09 1.400000000000000133e-01 1.270713160000000072e-11 1.400000000000000133e-01 1.052117350000000042e-10 1.400000000000000133e-01 7.019063400000000285e-15 1.400000000000000133e-01 7.192441649999999909e-01 1.400000000000000133e-01 1.250032040000000065e-09 1.400000000000000133e-01 3.841179039999999765e-12 1.400000000000000133e-01 6.047760910000000031e-11 1.400000000000000133e-01 1.370028689999999978e-14 1.400000000000000133e-01 6.942322290000000340e-01 1.400000000000000133e-01 8.618279319999999805e-10 1.400000000000000133e-01 1.835022129999999847e-12 1.400000000000000133e-01 4.173599710000000224e-11 1.400000000000000133e-01 2.734272469999999866e-14 1.400000000000000133e-01 6.740463749999999754e-01 1.400000000000000133e-01 5.381785650000000147e-10 1.400000000000000133e-01 8.230130119999999817e-13 1.400000000000000133e-01 2.608336650000000016e-11 1.400000000000000133e-01 5.480772120000000205e-14 1.400000000000000133e-01 6.618514309999999901e-01 1.400000000000000133e-01 1.363510169999999909e-09 1.400000000000000133e-01 2.147191480000000150e-11 1.400000000000000133e-01 6.840665019999999803e-11 1.400000000000000133e-01 4.979075329999999698e-15 1.400000000000000133e-01 7.390060830000000358e-01 1.400000000000000133e-01 1.525631399999999912e-10 1.400000000000000133e-01 4.579279520000000139e-13 1.400000000000000133e-01 7.602994440000000159e-12 1.400000000000000133e-01 8.867457129999999658e-15 1.400000000000000133e-01 8.031760180000000471e-01 1.400000000000000133e-01 5.946400070000000633e-11 1.400000000000000133e-01 7.140796860000000163e-14 1.400000000000000133e-01 2.960380300000000126e-12 1.400000000000000133e-01 1.746052229999999956e-14 1.400000000000000133e-01 8.030782069999999884e-01 1.400000000000000133e-01 2.967770259999999974e-11 1.400000000000000133e-01 1.996987259999999994e-14 1.400000000000000133e-01 1.477600969999999999e-12 1.400000000000000133e-01 3.459070320000000040e-14 1.400000000000000133e-01 7.966288780000000402e-01 1.400000000000000133e-01 1.480723840000000051e-11 1.400000000000000133e-01 5.791484170000000027e-15 1.400000000000000133e-01 7.372677269999999842e-13 1.400000000000000133e-01 6.900498239999999540e-14 1.400000000000000133e-01 7.933337919999999821e-01
1.499999999999999944e-01 4.421743049999999808e-08 1.499999999999999944e-01 1.299540520000000085e-09 1.499999999999999944e-01 2.147160650000000059e-09 1.499999999999999944e-01 3.265814250000000133e-15 1.499999999999999944e-01 6.213887359999999971e-01 1.499999999999999944e-01 2.673584119999999933e-09 1.499999999999999944e-01 1.562412160000000120e-11 1.499999999999999944e-01 1.293703239999999946e-10 1.499999999999999944e-01 6.990770009999999799e-15 1.499999999999999944e-01 7.192441649999999909e-01 1.499999999999999944e-01 1.536278079999999919e-09 1.499999999999999944e-01 4.722890959999999709e-12 1.499999999999999944e-01 7.436015180000000585e-11 1.499999999999999944e-01 1.364735709999999989e-14 1.499999999999999944e-01 6.942322290000000340e-01 1.499999999999999944e-01 1.058877349999999949e-09 1.499999999999999944e-01 2.255764329999999988e-12 1.499999999999999944e-01 5.130585299999999884e-11 1.499999999999999944e-01 2.724779460000000012e-14 1.499999999999999944e-01 6.740463749999999754e-01 1.499999999999999944e-01 6.610714289999999894e-10 1.499999999999999944e-01 1.011539940000000035e-12 1.499999999999999944e-01 3.205865180000000076e-11 1.499999999999999944e-01 5.463691940000000046e-14 1.499999999999999944e-01 6.618514309999999901e-01 1.499999999999999944e-01 1.663681429999999947e-09 1.499999999999999944e-01 2.620134880000000055e-11 1.499999999999999944e-01 8.349299159999999572e-11 1.499999999999999944e-01 4.967941439999999762e-15 1.499999999999999944e-01 7.390060830000000358e-01 1.499999999999999944e-01 1.864306379999999897e-10 1.499999999999999944e-01 5.596473530000000344e-13 1.499999999999999944e-01 9.292316009999999929e-12 1.499999999999999944e-01 8.841562799999999538e-15 1.499999999999999944e-01 8.031760180000000471e-01 1.499999999999999944e-01 7.267928390000000475e-11 1.499999999999999944e-01 8.729193299999999872e-14 1.499999999999999944e-01 3.618890849999999826e-12 1.499999999999999944e-01 1.741142340000000099e-14 1.499999999999999944e-01 8.030782069999999884e-01 1.499999999999999944e-01 3.627226830000000194e-11 1.499999999999999944e-01 2.441156639999999906e-14 1.499999999999999944e-01 1.806250320000000046e-12 1.499999999999999944e-01 3.447965289999999799e-14 1.499999999999999944e-01 7.966288780000000402e-01 1.499999999999999944e-01 1.809717390000000116e-11 1.499999999999999944e-01 7.079539709999999913e-15 1.499999999999999944e-01 9.012408339999999936e-13 1.499999999999999944e-01 6.877432319999999793e-14 1.499999999999999944e-01 7.933337919999999821e-01
1.600000000000000033e-01 5.427335140000000184e-08 1.600000000000000033e-01 1.595748710000000039e-09 1.600000000000000033e-01 2.637909590000000079e-09 1.600000000000000033e-01 3.280214510000000083e-15 1.600000000000000033e-01 6.213887359999999971e-01 1.600000000000000033e-01 3.285764259999999987e-09 1.600000000000000033e-01 1.920892739999999872e-11 1.600000000000000033e-01 1.590622510000000049e-10 1.600000000000000033e-01 6.963046390000000071e-15 1.600000000000000033e-01 7.192441649999999909e-01 1.600000000000000033e-01 1.887830480000000157e-09 1.600000000000000033e-01 5.806423579999999695e-12 1.600000000000000033e-01 9.142055680000000418e-11 1.600000000000000033e-01 1.359561520000000069e-14 1.600000000000000033e-01 6.942322290000000340e-01 1.600000000000000033e-01 1.300780979999999950e-09 1.600000000000000033e-01 2.772655269999999876e-12 1.600000000000000033e-01 6.306285240000000505e-11 1.600000000000000033e-01 2.715580399999999929e-14 1.600000000000000033e-01 6.740463749999999754e-01 1.600000000000000033e-01 8.118849910000000364e-10 1.600000000000000033e-01 1.243090009999999993e-12 1.600000000000000033e-01 3.939773679999999987e-11 1.600000000000000033e-01 5.447331660000000280e-14 1.600000000000000033e-01 6.618514309999999901e-01 1.600000000000000033e-01 2.029727510000000054e-09 1.600000000000000033e-01 3.196955910000000124e-11 1.600000000000000033e-01 1.018995779999999939e-10 1.600000000000000033e-01 4.957756870000000092e-15 1.600000000000000033e-01 7.390060830000000358e-01 1.600000000000000033e-01 2.278043970000000029e-10 1.600000000000000033e-01 6.839340599999999959e-13 1.600000000000000033e-01 1.135659490000000059e-11 1.600000000000000033e-01 8.816761299999999878e-15 1.600000000000000033e-01 8.031760180000000471e-01 1.600000000000000033e-01 8.882686469999999486e-11 1.600000000000000033e-01 1.067053840000000048e-13 1.600000000000000033e-01 4.423727329999999684e-12 1.600000000000000033e-01 1.736442919999999899e-14 1.600000000000000033e-01 8.030782069999999884e-01 1.600000000000000033e-01 4.432969930000000123e-11 1.600000000000000033e-01 2.984006500000000302e-14 1.600000000000000033e-01 2.207916089999999830e-12 1.600000000000000033e-01 3.437118519999999761e-14 1.600000000000000033e-01 7.966288780000000402e-01 1.600000000000000033e-01 2.211679810000000014e-11 1.600000000000000033e-01 8.653730570000000198e-15 1.600000000000000033e-01 1.101640279999999939e-12 1.600000000000000033e-01 6.854750480000000316e-14 1.600000000000000033e-01 7.933337919999999821e-01
1.700000000000000122e-01 6.659743010000000381e-08 1.700000000000000122e-01 1.958973250000000114e-09 1.700000000000000122e-01 3.240178139999999854e-09 1.700000000000000122e-01 3.296016510000000098e-15 1.700000000000000122e-01 6.213887359999999971e-01 1.700000000000000122e-01 4.037620490000000282e-09 1.700000000000000122e-01 2.361387279999999943e-11 1.700000000000000122e-01 1.955505510000000008e-10 1.700000000000000122e-01 6.935903949999999836e-15 1.700000000000000122e-01 7.192441649999999909e-01 1.700000000000000122e-01 2.319510209999999887e-09 1.700000000000000122e-01 7.137792439999999734e-12 1.700000000000000122e-01 1.123834839999999987e-10 1.700000000000000122e-01 1.354509560000000074e-14 1.700000000000000122e-01 6.942322290000000340e-01 1.700000000000000122e-01 1.597682999999999931e-09 1.700000000000000122e-01 3.407562860000000189e-12 1.700000000000000122e-01 7.750454920000000617e-11 1.700000000000000122e-01 2.706689769999999853e-14 1.700000000000000122e-01 6.740463749999999754e-01 1.700000000000000122e-01 9.969153280000001015e-10 1.700000000000000122e-01 1.527427800000000028e-12 1.700000000000000122e-01 4.841025229999999773e-11 1.700000000000000122e-01 5.431736059999999787e-14 1.700000000000000122e-01 6.618514309999999901e-01 1.700000000000000122e-01 2.476032990000000064e-09 1.700000000000000122e-01 3.900367770000000116e-11 1.700000000000000122e-01 1.243547280000000045e-10 1.700000000000000122e-01 4.948576740000000231e-15 1.700000000000000122e-01 7.390060830000000358e-01 1.700000000000000122e-01 2.783438420000000257e-10 1.700000000000000122e-01 8.357850569999999658e-13 1.700000000000000122e-01 1.387891580000000080e-11 1.700000000000000122e-01 8.793107970000000182e-15 1.700000000000000122e-01 8.031760180000000471e-01 1.700000000000000122e-01 1.085557309999999957e-10 1.700000000000000122e-01 1.304312640000000053e-13 1.700000000000000122e-01 5.407349940000000265e-12 1.700000000000000122e-01 1.731964939999999904e-14 1.700000000000000122e-01 8.030782069999999884e-01 1.700000000000000122e-01 5.417362189999999902e-11 1.700000000000000122e-01 3.647421000000000070e-14 1.700000000000000122e-01 2.698791389999999969e-12 1.700000000000000122e-01 3.426539650000000084e-14 1.700000000000000122e-01 7.966288780000000402e-01 1.700000000000000122e-01 2.702749819999999946e-11 1.700000000000000122e-01 1.057750159999999932e-14 1.700000000000000122e-01 1.346543119999999979e-12 1.700000000000000122e-01 6.832460350000000050e-14 1.700000000000000122e-01 7.933337919999999821e-01
1.799999999999999933e-01 8.169481940000000329e-08 1.799999999999999933e-01 2.404205029999999898e-09 1.799999999999999933e-01 3.979090360000000112e-09 1.799999999999999933e-01 3.313247100000000077e-15 1.799999999999999933e-01 6.213887359999999971e-01 1.799999999999999933e-01 4.960859720000000169e-09 1.799999999999999933e-01 2.902583940000000111e-11 1.799999999999999933e-01 2.403851480000000003e-10 1.799999999999999933e-01 6.909356309999999799e-15 1.799999999999999933e-01 7.192441649999999909e-01 1.799999999999999933e-01 2.849475439999999919e-09 1.799999999999999933e-01 8.773445150000000777e-12 1.799999999999999933e-01 1.381379279999999936e-10 1.799999999999999933e-01 1.349583850000000068e-14 1.799999999999999933e-01 6.942322290000000340e-01 1.799999999999999933e-01 1.961999460000000125e-09 1.799999999999999933e-01 4.187293539999999966e-12 1.799999999999999933e-01 9.524092049999999711e-11 1.799999999999999933e-01 2.698124049999999971e-14 1.799999999999999933e-01 6.740463749999999754e-01 1.799999999999999933e-01 1.223862160000000058e-09 1.799999999999999933e-01 1.876515830000000021e-12 1.799999999999999933e-01 5.947557579999999647e-11 1.799999999999999933e-01 5.416955420000000242e-14 1.799999999999999933e-01 6.618514309999999901e-01 1.799999999999999933e-01 3.020098460000000112e-09 1.799999999999999933e-01 4.758014279999999723e-11 1.799999999999999933e-01 1.517456859999999971e-10 1.799999999999999933e-01 4.940460429999999742e-15 1.799999999999999933e-01 7.390060830000000358e-01 1.799999999999999933e-01 3.400737590000000001e-10 1.799999999999999933e-01 1.021300340000000015e-12 1.799999999999999933e-01 1.696072410000000000e-11 1.799999999999999933e-01 8.770663360000000592e-15 1.799999999999999933e-01 8.031760180000000471e-01 1.799999999999999933e-01 1.326579240000000010e-10 1.799999999999999933e-01 1.594257230000000021e-13 1.799999999999999933e-01 6.609400420000000090e-12 1.799999999999999933e-01 1.727720409999999846e-14 1.799999999999999933e-01 8.030782069999999884e-01 1.799999999999999933e-01 6.619894809999999846e-11 1.799999999999999933e-01 4.458123449999999963e-14 1.799999999999999933e-01 3.298650270000000201e-12 1.799999999999999933e-01 3.416239660000000053e-14 1.799999999999999933e-01 7.966288780000000402e-01 1.799999999999999933e-01 3.302619620000000262e-11 1.799999999999999933e-01 1.292832300000000046e-14 1.799999999999999933e-01 1.645812109999999917e-12 1.799999999999999933e-01 6.810570870000000542e-14 1.799999999999999933e-01 7.933337919999999821e-01
1.900000000000000022e-01 1.001809490000000025e-07 1.900000000000000022e-01 2.949728760000000171e-09 1.900000000000000022e-01 4.885355549999999587e-09 1.900000000000000022e-01 3.331931810000000156e-15 1.900000000000000022e-01 6.213887359999999971e-01 1.900000000000000022e-01 6.094332089999999989e-09 1.900000000000000022e-01 3.567404350000000255e-11 1.900000000000000022e-01 2.954675560000000256e-10 1.900000000000000022e-01 6.883419560000000216e-15 1.900000000000000022e-01 7.192441649999999909e-01 1.900000000000000022e-01 3.499964109999999882e-09 1.900000000000000022e-01 1.078260619999999926e-11 1.900000000000000022e-01 1.697741859999999985e-10 1.900000000000000022e-01 1.344789040000000002e-14 1.900000000000000022e-01 6.942322290000000340e-01 1.900000000000000022e-01 2.408919519999999920e-09 1.900000000000000022e-01 5.144695520000000079e-12 1.900000000000000022e-01 1.170195099999999887e-10 1.900000000000000022e-01 2.689901950000000069e-14 1.900000000000000022e-01 6.740463749999999754e-01 1.900000000000000022e-01 1.502136260000000033e-09 1.900000000000000022e-01 2.305002929999999887e-12 1.900000000000000022e-01 7.305835580000000496e-11 1.900000000000000022e-01 5.403045950000000045e-14 1.900000000000000022e-01 6.618514309999999901e-01 1.900000000000000022e-01 3.683206829999999881e-09 1.900000000000000022e-01 5.803527900000000252e-11 1.900000000000000022e-01 1.851530000000000016e-10 1.900000000000000022e-01 4.933471719999999765e-15 1.900000000000000022e-01 7.390060830000000358e-01 1.900000000000000022e-01 4.154642110000000131e-10 1.900000000000000022e-01 1.247925169999999913e-12 1.900000000000000022e-01 2.072586610000000059e-11 1.900000000000000022e-01 8.749493480000000268e-15 1.900000000000000022e-01 8.031760180000000471e-01 1.900000000000000022e-01 1.620998690000000096e-10 1.900000000000000022e-01 1.948562739999999915e-13 1.900000000000000022e-01 8.078284089999999641e-12 1.900000000000000022e-01 1.723722379999999900e-14 1.900000000000000022e-01 8.030782069999999884e-01 1.900000000000000022e-01 8.088746800000000335e-11 1.900000000000000022e-01 5.448741420000000163e-14 1.900000000000000022e-01 4.031635960000000147e-12 1.900000000000000022e-01 3.406230900000000284e-14 1.900000000000000022e-01 7.966288780000000402e-01 1.900000000000000022e-01 4.035311639999999754e-11 1.900000000000000022e-01 1.580077649999999861e-14 1.900000000000000022e-01 2.011488620000000117e-12 1.900000000000000022e-01 6.789092510000000221e-14 1.900000000000000022e-01 7.933337919999999821e-01
2.000000000000000111e-01 1.228048319999999929e-07 2.000000000000000111e-01 3.617826020000000165e-09 2.000000000000000111e-01 5.996483980000000315e-09 2.000000000000000111e-01 3.352094619999999961e-15 2.000000000000000111e-01 6.213887359999999971e-01 2.000000000000000111e-01 7.485621639999999495e-09 2.000000000000000111e-01 4.383954180000000106e-11 2.000000000000000111e-01 3.631300000000000168e-10 2.000000000000000111e-01 6.858112530000000065e-15 2.000000000000000111e-01 7.192441649999999909e-01 2.000000000000000111e-01 4.298198500000000251e-09 2.000000000000000111e-01 1.325014140000000033e-11 2.000000000000000111e-01 2.086290229999999928e-10 2.000000000000000111e-01 1.340130530000000009e-14 2.000000000000000111e-01 6.942322290000000340e-01 2.000000000000000111e-01 2.957014480000000009e-09 2.000000000000000111e-01 6.320004119999999844e-12 2.000000000000000111e-01 1.437561049999999970e-10 2.000000000000000111e-01 2.682044610000000129e-14 2.000000000000000111e-01 6.740463749999999754e-01 2.000000000000000111e-01 1.843232289999999916e-09 2.000000000000000111e-01 2.830818910000000106e-12 2.000000000000000111e-01 8.972742689999999446e-11 2.000000000000000111e-01 5.390070289999999908e-14 2.000000000000000111e-01 6.618514309999999901e-01 2.000000000000000111e-01 4.491229209999999592e-09 2.000000000000000111e-01 7.077810490000000151e-11 2.000000000000000111e-01 2.258922540000000036e-10 2.000000000000000111e-01 4.927678959999999827e-15 2.000000000000000111e-01 7.390060830000000358e-01 2.000000000000000111e-01 5.075277559999999753e-10 2.000000000000000111e-01 1.524745129999999996e-12 2.000000000000000111e-01 2.532551219999999884e-11 2.000000000000000111e-01 8.729670160000000477e-15 2.000000000000000111e-01 8.031760180000000471e-01 2.000000000000000111e-01 1.980604880000000093e-10 2.000000000000000111e-01 2.381482890000000241e-13 2.000000000000000111e-01 9.873098079999999544e-12 2.000000000000000111e-01 1.719985070000000029e-14 2.000000000000000111e-01 8.030782069999999884e-01 2.000000000000000111e-01 9.882681570000000312e-11 2.000000000000000111e-01 6.659104569999999487e-14 2.000000000000000111e-01 4.927221460000000198e-12 2.000000000000000111e-01 3.396527250000000172e-14 2.000000000000000111e-01 7.966288780000000402e-01 2.000000000000000111e-01 4.930123260000000104e-11 2.000000000000000111e-01 1.931031389999999891e-14 2.000000000000000111e-01 2.458271319999999899e-12 2.000000000000000111e-01 6.768037370000000064e-14 2.000000000000000111e-01 7.933337919999999821e-01
2.099999999999999922e-01 1.504770259999999931e-07 2.099999999999999922e-01 4.435621130000000311e-09 2.099999999999999922e-01 7.358258309999999899e-09 2.099999999999999922e-01 3.373757609999999858e-15 2.099999999999999922e-01 6.213887359999999971e-01 2.099999999999999922e-01 9.192984729999999597e-09 2.099999999999999922e-01 5.386684040000000216e-11 2.099999999999999922e-01 4.462321260000000188e-10 2.099999999999999922e-01 6.833457150000000130e-15 2.099999999999999922e-01 7.192441649999999909e-01 2.099999999999999922e-01 5.277486240000000354e-09 2.099999999999999922e-01 1.628005560000000069e-11 2.099999999999999922e-01 2.563408460000000007e-10 2.099999999999999922e-01 1.335614520000000077e-14 2.099999999999999922e-01 6.942322290000000340e-01 2.099999999999999922e-01 3.628977259999999803e-09 2.099999999999999922e-01 7.762481030000000695e-12 2.099999999999999922e-01 1.765721370000000032e-10 2.099999999999999922e-01 2.674575879999999959e-14 2.099999999999999922e-01 6.740463749999999754e-01 2.099999999999999922e-01 2.261180360000000200e-09 2.099999999999999922e-01 3.475897790000000019e-12 2.099999999999999922e-01 1.101788340000000001e-10 2.099999999999999922e-01 5.378097999999999931e-14 2.099999999999999922e-01 6.618514309999999901e-01 2.099999999999999922e-01 5.475598490000000090e-09 2.099999999999999922e-01 8.630582310000000612e-11 2.099999999999999922e-01 2.755646619999999927e-10 2.099999999999999922e-01 4.923155210000000184e-15 2.099999999999999922e-01 7.390060830000000358e-01 2.099999999999999922e-01 6.199376410000000086e-10 2.099999999999999922e-01 1.862845260000000055e-12 2.099999999999999922e-01 3.094415339999999870e-11 2.099999999999999922e-01 8.711271329999999809e-15 2.099999999999999922e-01 8.031760180000000471e-01 2.099999999999999922e-01 2.419775559999999859e-10 2.099999999999999922e-01 2.910416469999999772e-13 2.099999999999999922e-01 1.206598049999999973e-11 2.099999999999999922e-01 1.716523849999999991e-14 2.099999999999999922e-01 8.030782069999999884e-01 2.099999999999999922e-01 1.207335239999999982e-10 2.099999999999999922e-01 8.137825280000000163e-14 2.099999999999999922e-01 6.021379460000000109e-12 2.099999999999999922e-01 3.387144219999999765e-14 2.099999999999999922e-01 7.966288780000000402e-01 2.099999999999999922e-01 6.022774800000000058e-11 2.099999999999999922e-01 2.359783560000000008e-14 2.099999999999999922e-01 3.004099290000000007e-12 2.099999999999999922e-01 6.747419429999999449e-14 2.099999999999999922e-01 7.933337919999999821e-01
2.200000000000000011e-01 1.843031049999999898e-07 2.200000000000000011e-01 5.436096449999999980e-09 2.200000000000000011e-01 9.026511439999999473e-09 2.200000000000000011e-01 3.396940750000000194e-15 2.200000000000000011e-01 6.213887359999999971e-01 2.200000000000000011e-01 1.128771000000000010e-08 2.200000000000000011e-01 6.617806570000000252e-11 2.200000000000000011e-01 5.482791430000000214e-10 2.200000000000000011e-01 6.809478789999999788e-15 2.200000000000000011e-01 7.192441649999999909e-01 2.200000000000000011e-01 6.478559080000000049e-09 2.200000000000000011e-01 1.999975919999999872e-11 2.200000000000000011e-01 3.149170299999999882e-10 2.200000000000000011e-01 1.331248100000000034e-14 2.200000000000000011e-01 6.942322290000000340e-01 2.200000000000000011e-01 4.452518790000000034e-09 2.200000000000000011e-01 9.532409409999999509e-12 2.200000000000000011e-01 2.168402369999999988e-10 2.200000000000000011e-01 2.667522500000000108e-14 2.200000000000000011e-01 6.740463749999999754e-01 2.200000000000000011e-01 2.773092099999999827e-09 2.200000000000000011e-01 4.267056349999999706e-12 2.200000000000000011e-01 1.352638319999999955e-10 2.200000000000000011e-01 5.367206129999999808e-14 2.200000000000000011e-01 6.618514309999999901e-01 2.200000000000000011e-01 6.674484270000000092e-09 2.200000000000000011e-01 1.052225360000000030e-10 2.200000000000000011e-01 3.361183760000000173e-10 2.200000000000000011e-01 4.919978360000000224e-15 2.200000000000000011e-01 7.390060830000000358e-01 2.200000000000000011e-01 7.571714110000000013e-10 2.200000000000000011e-01 2.275747119999999985e-12 2.200000000000000011e-01 3.780690310000000218e-11 2.200000000000000011e-01 8.694381350000000432e-15 2.200000000000000011e-01 8.031760180000000471e-01 2.200000000000000011e-01 2.956040300000000054e-10 2.200000000000000011e-01 3.556597170000000155e-13 2.200000000000000011e-01 1.474497139999999952e-11 2.200000000000000011e-01 1.713355399999999939e-14 2.200000000000000011e-01 8.030782069999999884e-01 2.200000000000000011e-01 1.474810330000000123e-10 2.200000000000000011e-01 9.944223050000000256e-14 2.200000000000000011e-01 7.358006829999999692e-12 2.200000000000000011e-01 3.378099120000000047e-14 2.200000000000000011e-01 7.966288780000000402e-01 2.200000000000000011e-01 7.356803989999999390e-11 2.200000000000000011e-01 2.883526340000000086e-14 2.200000000000000011e-01 3.670861689999999654e-12 2.200000000000000011e-01 6.727254690000000543e-14 2.200000000000000011e-01 7.933337919999999821e-01
2.300000000000000100e-01 2.256236009999999912e-07 2.300000000000000100e-01 6.659307849999999969e-09 2.300000000000000100e-01 1.106927049999999992e-08 2.300000000000000100e-01 3.421661530000000187e-15 2.300000000000000100e-01 6.213887359999999971e-01 2.300000000000000100e-01 1.385698869999999931e-08 2.300000000000000100e-01 8.129024389999999980e-11 2.300000000000000100e-01 6.735660270000000461e-10 2.300000000000000100e-01 6.786206710000000082e-15 2.300000000000000100e-01 7.192441649999999909e-01 2.300000000000000100e-01 7.951198700000000004e-09 2.300000000000000100e-01 2.456526770000000069e-11 2.300000000000000100e-01 3.868160310000000046e-10 2.300000000000000100e-01 1.327039379999999997e-14 2.300000000000000100e-01 6.942322290000000340e-01 2.300000000000000100e-01 5.461453039999999889e-09 2.300000000000000100e-01 1.170351949999999991e-11 2.300000000000000100e-01 2.662396679999999922e-10 2.300000000000000100e-01 2.660914419999999917e-14 2.300000000000000100e-01 6.740463749999999754e-01 2.300000000000000100e-01 3.399819899999999918e-09 2.300000000000000100e-01 5.237059809999999872e-12 2.300000000000000100e-01 1.660228950000000094e-10 2.300000000000000100e-01 5.357479680000000015e-14 2.300000000000000100e-01 6.618514309999999901e-01 2.300000000000000100e-01 8.134208900000000659e-09 2.300000000000000100e-01 1.282618310000000084e-10 2.300000000000000100e-01 4.099227189999999909e-10 2.300000000000000100e-01 4.918231200000000029e-15 2.300000000000000100e-01 7.390060830000000358e-01 2.300000000000000100e-01 9.246852920000000365e-10 2.300000000000000100e-01 2.779940319999999909e-12 2.300000000000000100e-01 4.618838369999999843e-11 2.300000000000000100e-01 8.679091320000000144e-15 2.300000000000000100e-01 8.031760180000000471e-01 2.300000000000000100e-01 3.610764709999999939e-10 2.300000000000000100e-01 4.345933309999999812e-13 2.300000000000000100e-01 1.801749599999999842e-11 2.300000000000000100e-01 1.710497680000000109e-14 2.300000000000000100e-01 8.030782069999999884e-01 2.300000000000000100e-01 1.801336880000000118e-10 2.300000000000000100e-01 1.215066620000000120e-13 2.300000000000000100e-01 8.990658259999999462e-12 2.300000000000000100e-01 3.369411150000000087e-14 2.300000000000000100e-01 7.966288780000000402e-01 2.300000000000000100e-01 8.985258269999999996e-11 2.300000000000000100e-01 3.523231970000000060e-14 2.300000000000000100e-01 4.485261459999999929e-12 2.300000000000000100e-01 6.707561460000000365e-14 2.300000000000000100e-01 7.933337919999999821e-01
2.399999999999999911e-01 2.760615060000000086e-07 2.399999999999999911e-01 8.153835219999999841e-09 2.399999999999999911e-01 1.356933730000000059e-08 2.399999999999999911e-01 3.447934679999999946e-15 2.399999999999999911e-01 6.213887359999999971e-01 2.399999999999999911e-01 1.700740100000000013e-08 2.399999999999999911e-01 9.983635570000000086e-11 2.399999999999999911e-01 8.273534170000000448e-10 2.399999999999999911e-01 6.763674529999999692e-15 2.399999999999999911e-01 7.192441649999999909e-01 2.399999999999999911e-01 9.756208690000000326e-09 2.399999999999999911e-01 3.016753440000000254e-11 2.399999999999999911e-01 4.750474220000000017e-10 2.399999999999999911e-01 1.322997600000000039e-14 2.399999999999999911e-01 6.942322290000000340e-01 2.399999999999999911e-01 6.697008609999999615e-09 2.399999999999999911e-01 1.436593379999999973e-11 2.399999999999999911e-01 3.268237070000000159e-10 2.399999999999999911e-01 2.654785010000000005e-14 2.399999999999999911e-01 6.740463749999999754e-01 2.399999999999999911e-01 4.166751210000000126e-09 2.399999999999999911e-01 6.425912640000000262e-12 2.399999999999999911e-01 2.037269680000000112e-10 2.399999999999999911e-01 5.349012239999999793e-14 2.399999999999999911e-01 6.618514309999999901e-01 2.399999999999999911e-01 9.910951940000000768e-09 2.399999999999999911e-01 1.563140050000000059e-10 2.399999999999999911e-01 4.998579650000000012e-10 2.399999999999999911e-01 4.918001510000000362e-15 2.399999999999999911e-01 7.390060830000000358e-01 2.399999999999999911e-01 1.129125780000000028e-09 2.399999999999999911e-01 3.395528509999999798e-12 2.399999999999999911e-01 5.642353759999999752e-11 2.399999999999999911e-01 8.665499380000000207e-15 2.399999999999999911e-01 8.031760180000000471e-01 2.399999999999999911e-01 4.409980720000000008e-10 2.399999999999999911e-01 5.310029440000000346e-13 2.399999999999999911e-01 2.201460200000000067e-11 2.399999999999999911e-01 1.707970049999999856e-14 2.399999999999999911e-01 8.030782069999999884e-01 2.399999999999999911e-01 2.199879859999999952e-10 2.399999999999999911e-01 1.484541999999999896e-13 2.399999999999999911e-01 1.098465489999999924e-11 2.399999999999999911e-01 3.361101560000000160e-14 2.399999999999999911e-01 7.966288780000000402e-01 2.399999999999999911e-01 1.097274720000000064e-10 2.399999999999999911e-01 4.304477239999999792e-14 2.399999999999999911e-01 5.479865620000000212e-12 2.399999999999999911e-01 6.688360549999999901e-14 2.399999999999999911e-01 7.933337919999999821e-01
2.500000000000000000e-01 3.375785810000000235e-07 2.500000000000000000e-01 9.978508170000000437e-09 2.500000000000000000e-01 1.662738629999999965e-08 2.500000000000000000e-01 3.475771890000000128e-15 2.500000000000000000e-01 6.213887359999999971e-01 2.500000000000000000e-01 2.086914629999999846e-08 2.500000000000000000e-01 1.225909630000000067e-10 2.500000000000000000e-01 1.016081980000000001e-09 2.500000000000000000e-01 6.741920660000000381e-15 2.500000000000000000e-01 7.192441649999999909e-01 2.500000000000000000e-01 1.196780300000000010e-08 2.500000000000000000e-01 3.704015099999999881e-11 2.500000000000000000e-01 5.832936830000000480e-10 2.500000000000000000e-01 1.319133220000000012e-14 2.500000000000000000e-01 6.942322290000000340e-01 2.500000000000000000e-01 8.209410989999999742e-09 2.500000000000000000e-01 1.762973759999999858e-11 2.500000000000000000e-01 4.011014569999999975e-10 2.500000000000000000e-01 2.649171380000000001e-14 2.500000000000000000e-01 6.740463749999999754e-01 2.500000000000000000e-01 5.104763940000000242e-09 2.500000000000000000e-01 7.882419119999999503e-12 2.500000000000000000e-01 2.499274560000000145e-10 2.500000000000000000e-01 5.341906459999999910e-14 2.500000000000000000e-01 6.618514309999999901e-01 2.500000000000000000e-01 1.207279840000000023e-08 2.500000000000000000e-01 1.904588320000000050e-10 2.500000000000000000e-01 6.094238470000000049e-10 2.500000000000000000e-01 4.919382020000000304e-15 2.500000000000000000e-01 7.390060830000000358e-01 2.500000000000000000e-01 1.378586169999999992e-09 2.500000000000000000e-01 4.147014229999999975e-12 2.500000000000000000e-01 6.892077119999999884e-11 2.500000000000000000e-01 8.653711040000000559e-15 2.500000000000000000e-01 8.031760180000000471e-01 2.500000000000000000e-01 5.385393530000000165e-10 2.500000000000000000e-01 6.487428589999999665e-13 2.500000000000000000e-01 2.689611350000000100e-11 2.500000000000000000e-01 1.705793299999999855e-14 2.500000000000000000e-01 8.030782069999999884e-01 2.500000000000000000e-01 2.686225599999999774e-10 2.500000000000000000e-01 1.813610819999999912e-13 2.500000000000000000e-01 1.341964770000000077e-11 2.500000000000000000e-01 3.353193800000000147e-14 2.500000000000000000e-01 7.966288780000000402e-01 2.500000000000000000e-01 1.339792890000000086e-10 2.500000000000000000e-01 5.258445320000000136e-14 2.500000000000000000e-01 6.694381789999999737e-12 2.500000000000000000e-01 6.669675559999999952e-14 2.500000000000000000e-01 7.933337919999999821e-01
2.600000000000000089e-01 4.125418420000000249e-07 2.600000000000000089e-01 1.220445119999999953e-08 2.600000000000000089e-01 2.036567600000000113e-08 2.600000000000000089e-01 3.505181450000000028e-15 2.600000000000000089e-01 6.213887359999999971e-01 2.600000000000000089e-01 2.560116810000000106e-08 2.600000000000000089e-01 1.505013680000000115e-10 2.600000000000000089e-01 1.247633400000000011e-09 2.600000000000000089e-01 6.720988929999999778e-15 2.600000000000000089e-01 7.192441649999999909e-01 2.600000000000000089e-01 1.467649460000000069e-08 2.600000000000000089e-01 4.546870329999999697e-11 2.600000000000000089e-01 7.160582839999999726e-10 2.600000000000000089e-01 1.315458079999999992e-14 2.600000000000000089e-01 6.942322290000000340e-01 2.600000000000000089e-01 1.005978820000000073e-08 2.600000000000000089e-01 2.162930210000000155e-11 2.600000000000000089e-01 4.921370500000000092e-10 2.600000000000000089e-01 2.644114660000000074e-14 2.600000000000000089e-01 6.740463749999999754e-01 2.600000000000000089e-01 6.251372749999999732e-09 2.600000000000000089e-01 9.666066619999999249e-12 2.600000000000000089e-01 3.065166809999999825e-10 2.600000000000000089e-01 5.336274650000000024e-14 2.600000000000000089e-01 6.618514309999999901e-01 2.600000000000000089e-01 1.470219659999999970e-08 2.600000000000000089e-01 2.320049469999999931e-10 2.600000000000000089e-01 7.428705239999999561e-10 2.600000000000000089e-01 4.922470399999999627e-15 2.600000000000000089e-01 7.390060830000000358e-01 2.600000000000000089e-01 1.682917299999999982e-09 2.600000000000000089e-01 5.064251500000000012e-12 2.600000000000000089e-01 8.417792730000000264e-11 2.600000000000000089e-01 8.643839429999999764e-15 2.600000000000000089e-01 8.031760180000000471e-01 2.600000000000000089e-01 6.575601579999999510e-10 2.600000000000000089e-01 7.925121920000000321e-13 2.600000000000000089e-01 3.285689489999999774e-11 2.600000000000000089e-01 1.703989739999999875e-14 2.600000000000000089e-01 8.030782069999999884e-01 2.600000000000000089e-01 3.279587090000000214e-10 2.600000000000000089e-01 2.215391849999999972e-13 2.600000000000000089e-01 1.639273200000000132e-11 2.600000000000000089e-01 3.345713669999999820e-14 2.600000000000000089e-01 7.966288780000000402e-01 2.600000000000000089e-01 1.635652050000000015e-10 2.600000000000000089e-01 6.423142440000000351e-14 2.600000000000000089e-01 8.177208829999999617e-12 2.600000000000000089e-01 6.651533180000000444e-14 2.600000000000000089e-01 7.933337919999999821e-01
2.700000000000000178e-01 5.038017140000000218e-07 2.700000000000000178e-01 1.491749780000000036e-08 2.700000000000000178e-01 2.493248150000000080e-08 2.700000000000000178e-01 3.536167960000000002e-15 2.700000000000000178e-01 6.213887359999999971e-01 2.700000000000000178e-01 3.139735330000000162e-08 2.700000000000000178e-01 1.847254449999999925e-10 2.700000000000000178e-01 1.531647859999999959e-09 2.700000000000000178e-01 6.700929109999999968e-15 2.700000000000000178e-01 7.192441649999999909e-01 2.700000000000000178e-01 1.799258260000000034e-08 2.700000000000000178e-01 5.580212140000000053e-11 2.700000000000000178e-01 8.788455749999999541e-10 2.700000000000000178e-01 1.311985499999999948e-14 2.700000000000000178e-01 6.942322290000000340e-01 2.700000000000000178e-01 1.232246080000000073e-08 2.700000000000000178e-01 2.652850689999999863e-11 2.700000000000000178e-01 6.036697740000000323e-10 2.700000000000000178e-01 2.639660259999999936e-14 2.700000000000000178e-01 6.740463749999999754e-01 2.700000000000000178e-01 7.652101539999999905e-09 2.700000000000000178e-01 1.184929320000000052e-11 2.700000000000000178e-01 3.758009090000000115e-10 2.700000000000000178e-01 5.332239339999999848e-14 2.700000000000000178e-01 6.618514309999999901e-01 2.700000000000000178e-01 1.789890119999999862e-08 2.700000000000000178e-01 2.825371019999999824e-10 2.700000000000000178e-01 9.053564949999999625e-10 2.700000000000000178e-01 4.927369089999999607e-15 2.700000000000000178e-01 7.390060830000000358e-01 2.700000000000000178e-01 2.054103570000000156e-09 2.700000000000000178e-01 6.183601389999999940e-12 2.700000000000000178e-01 1.028016810000000041e-10 2.700000000000000178e-01 8.636005609999999691e-15 2.700000000000000178e-01 8.031760180000000471e-01 2.700000000000000178e-01 8.027573210000000259e-10 2.700000000000000178e-01 9.680381939999999419e-13 2.700000000000000178e-01 4.013445880000000316e-11 2.700000000000000178e-01 1.702583210000000042e-14 2.700000000000000178e-01 8.030782069999999884e-01 2.700000000000000178e-01 4.003336090000000110e-10 2.700000000000000178e-01 2.705870630000000162e-13 2.700000000000000178e-01 2.002222849999999954e-11 2.700000000000000178e-01 3.338689500000000074e-14 2.700000000000000178e-01 7.966288780000000402e-01 2.700000000000000178e-01 1.996493729999999968e-10 2.700000000000000178e-01 7.844874260000000192e-14 2.700000000000000178e-01 9.987318970000000272e-12 2.700000000000000178e-01 6.633963459999999440e-14 2.700000000000000178e-01 7.933337919999999821e-01
2.800000000000000266e-01 6.147834949999999759e-07 2.800000000000000266e-01 1.822102840000000062e-08 2.800000000000000266e-01 3.050737449999999842e-08 2.800000000000000266e-01 3.568732050000000331e-15 2.800000000000000266e-01 6.213887359999999971e-01 2.800000000000000266e-01 3.849401850000000139e-08 2.800000000000000266e-01 2.266775200000000024e-10 2.800000000000000266e-01 1.879909710000000129e-09 2.800000000000000266e-01 6.681797560000000270e-15 2.800000000000000266e-01 7.192441649999999909e-01 2.800000000000000266e-01 2.205035550000000140e-08 2.800000000000000266e-01 6.846642769999999979e-11 2.800000000000000266e-01 1.078379010000000090e-09 2.800000000000000266e-01 1.308730460000000024e-14 2.800000000000000266e-01 6.942322290000000340e-01 2.800000000000000266e-01 1.508768819999999905e-08 2.800000000000000266e-01 3.252703910000000302e-11 2.800000000000000266e-01 7.402593199999999546e-10 2.800000000000000266e-01 2.635858200000000048e-14 2.800000000000000266e-01 6.740463749999999754e-01 2.800000000000000266e-01 9.362122440000000042e-09 2.800000000000000266e-01 1.452021149999999964e-11 2.800000000000000266e-01 4.605884010000000101e-10 2.800000000000000266e-01 5.329933840000000307e-14 2.800000000000000266e-01 6.618514309999999901e-01 2.800000000000000266e-01 2.178349120000000164e-08 2.800000000000000266e-01 3.439727689999999916e-10 2.800000000000000266e-01 1.103138729999999903e-09 2.800000000000000266e-01 4.934185149999999902e-15 2.800000000000000266e-01 7.390060830000000358e-01 2.800000000000000266e-01 2.506717540000000006e-09 2.800000000000000266e-01 7.549332480000000567e-12 2.800000000000000266e-01 1.255310769999999998e-10 2.800000000000000266e-01 8.630338770000000748e-15 2.800000000000000266e-01 8.031760180000000471e-01 2.800000000000000266e-01 9.798432090000000878e-10 2.800000000000000266e-01 1.182298730000000035e-12 2.800000000000000266e-01 4.901820079999999772e-11 2.800000000000000266e-01 1.701599129999999881e-14 2.800000000000000266e-01 8.030782069999999884e-01 2.800000000000000266e-01 4.885887740000000447e-10 2.800000000000000266e-01 3.304518550000000212e-13 2.800000000000000266e-01 2.445227079999999922e-11 2.800000000000000266e-01 3.332152249999999753e-14 2.800000000000000266e-01 7.966288780000000402e-01 2.800000000000000266e-01 2.436468879999999936e-10 2.800000000000000266e-01 9.580036029999999456e-14 2.800000000000000266e-01 1.219654050000000034e-11 2.800000000000000266e-01 6.617000140000000330e-14 2.800000000000000266e-01 7.933337919999999821e-01
2.899999999999999800e-01 7.495938560000000421e-07 2.899999999999999800e-01 2.223928749999999882e-08 2.899999999999999800e-01 3.730749089999999715e-08 2.899999999999999800e-01 3.602870100000000089e-15 2.899999999999999800e-01 6.213887359999999971e-01 2.899999999999999800e-01 4.717893330000000204e-08 2.899999999999999800e-01 2.780839240000000011e-10 2.899999999999999800e-01 2.306815499999999912e-09 2.899999999999999800e-01 6.663657900000000273e-15 2.899999999999999800e-01 7.192441649999999909e-01 2.899999999999999800e-01 2.701314590000000027e-08 2.899999999999999800e-01 8.398136169999999807e-11 2.899999999999999800e-01 1.322865519999999898e-09 2.899999999999999800e-01 1.305709720000000041e-14 2.899999999999999800e-01 6.942322290000000340e-01 2.899999999999999800e-01 1.846495410000000050e-08 2.899999999999999800e-01 3.986797270000000298e-11 2.899999999999999800e-01 9.074611040000000038e-10 2.899999999999999800e-01 2.632763369999999994e-14 2.899999999999999800e-01 6.740463749999999754e-01 2.899999999999999800e-01 1.144820799999999947e-08 2.899999999999999800e-01 1.778587139999999881e-11 2.899999999999999800e-01 5.642953659999999801e-10 2.899999999999999800e-01 5.329502709999999989e-14 2.899999999999999800e-01 6.618514309999999901e-01 2.899999999999999800e-01 2.650156650000000046e-08 2.899999999999999800e-01 4.186297940000000035e-10 2.899999999999999800e-01 1.343801279999999966e-09 2.899999999999999800e-01 4.943029920000000189e-15 2.899999999999999800e-01 7.390060830000000358e-01 2.899999999999999800e-01 3.058468750000000104e-09 2.899999999999999800e-01 9.215316510000000445e-12 2.899999999999999800e-01 1.532660690000000033e-10 2.899999999999999800e-01 8.626976430000000262e-15 2.899999999999999800e-01 8.031760180000000471e-01 2.899999999999999800e-01 1.195761350000000032e-09 2.899999999999999800e-01 1.443791989999999907e-12 2.899999999999999800e-01 5.986059889999999413e-11 2.899999999999999800e-01 1.701064589999999879e-14 2.899999999999999800e-01 8.030782069999999884e-01 2.899999999999999800e-01 5.961767939999999488e-10 2.899999999999999800e-01 4.035043019999999926e-13 2.899999999999999800e-01 2.985836500000000048e-11 2.899999999999999800e-01 3.326135750000000022e-14 2.899999999999999800e-01 7.966288780000000402e-01 2.899999999999999800e-01 2.972768050000000167e-10 2.899999999999999800e-01 1.169728099999999918e-13 2.899999999999999800e-01 1.489232400000000039e-11 2.899999999999999800e-01 6.600681010000000413e-14 2.899999999999999800e-01 7.933337919999999821e-01
2.999999999999999889e-01 9.131441589999999819e-07 2.999999999999999889e-01 2.712124319999999990e-08 2.999999999999999889e-01 4.559494649999999683e-08 2.999999999999999889e-01 3.638573920000000357e-15 2.999999999999999889e-01 6.213887359999999971e-01 2.999999999999999889e-01 5.780217570000000178e-08 2.999999999999999889e-01 3.410501260000000091e-10 2.999999999999999889e-01 2.829941130000000123e-09 2.999999999999999889e-01 6.646581659999999721e-15 2.999999999999999889e-01 7.192441649999999909e-01 2.999999999999999889e-01 3.307939760000000228e-08 2.999999999999999889e-01 1.029804460000000016e-10 2.999999999999999889e-01 1.622315439999999992e-09 2.999999999999999889e-01 1.302941949999999952e-14 2.999999999999999889e-01 6.942322290000000340e-01 2.999999999999999889e-01 2.258688690000000103e-08 2.999999999999999889e-01 4.884686410000000048e-11 2.999999999999999889e-01 1.112037550000000065e-09 2.999999999999999889e-01 2.630435899999999991e-14 2.999999999999999889e-01 6.740463749999999754e-01 2.999999999999999889e-01 1.399104960000000027e-08 2.999999999999999889e-01 2.177615669999999928e-11 2.999999999999999889e-01 6.910732350000000107e-10 2.999999999999999889e-01 5.331102300000000089e-14 2.999999999999999889e-01 6.618514309999999901e-01 2.999999999999999889e-01 3.222874000000000011e-08 2.999999999999999889e-01 5.093071089999999759e-10 2.999999999999999889e-01 1.636529740000000014e-09 2.999999999999999889e-01 4.954018640000000229e-15 2.999999999999999889e-01 7.390060830000000358e-01 2.999999999999999889e-01 3.730865499999999766e-09 2.999999999999999889e-01 1.124707960000000075e-11 2.999999999999999889e-01 1.871020960000000003e-10 2.999999999999999889e-01 8.626064540000000357e-15 2.999999999999999889e-01 8.031760180000000471e-01 2.999999999999999889e-01 1.458946490000000093e-09 2.999999999999999889e-01 1.762863299999999909e-12 2.999999999999999889e-01 7.309078480000000367e-11 2.999999999999999889e-01 1.701008299999999916e-14 2.999999999999999889e-01 8.030782069999999884e-01 2.999999999999999889e-01 7.272899720000000387e-10 2.999999999999999889e-01 4.926295540000000093e-13 2.999999999999999889e-01 3.645412490000000058e-11 2.999999999999999889e-01 3.320676839999999931e-14 2.999999999999999889e-01 7.966288780000000402e-01 2.999999999999999889e-01 3.626260030000000182e-10 2.999999999999999889e-01 1.428014430000000064e-13 2.999999999999999889e-01 1.818109169999999899e-11 2.999999999999999889e-01 6.585048240000000616e-14 2.999999999999999889e-01 7.933337919999999821e-01
3.099999999999999978e-01 1.111292429999999915e-06 3.099999999999999978e-01 3.304504870000000305e-08 3.099999999999999978e-01 5.568557769999999920e-08 3.099999999999999978e-01 3.675830560000000309e-15 3.099999999999999978e-01 6.213887359999999971e-01 3.099999999999999978e-01 7.078915860000000039e-08 3.099999999999999978e-01 4.181417390000000182e-10 3.099999999999999978e-01 3.470728080000000202e-09 3.099999999999999978e-01 6.630649029999999953e-15 3.099999999999999978e-01 7.192441649999999909e-01 3.099999999999999978e-01 4.048992999999999813e-08 3.099999999999999978e-01 1.262351530000000083e-10 3.099999999999999978e-01 1.988928759999999932e-09 3.099999999999999978e-01 1.300447939999999957e-14 3.099999999999999978e-01 6.942322290000000340e-01 3.099999999999999978e-01 2.761392540000000101e-08 3.099999999999999978e-01 5.982264010000000212e-11 3.099999999999999978e-01 1.362212169999999941e-09 3.099999999999999978e-01 2.628941379999999907e-14 3.099999999999999978e-01 6.740463749999999754e-01 3.099999999999999978e-01 1.708800340000000163e-08 3.099999999999999978e-01 2.664842210000000006e-11 3.099999999999999978e-01 8.459611940000000484e-10 3.099999999999999978e-01 5.334901200000000230e-14 3.099999999999999978e-01 6.618514309999999901e-01 3.099999999999999978e-01 3.917656360000000053e-08 3.099999999999999978e-01 6.193807700000000029e-10 3.099999999999999978e-01 1.992440160000000090e-09 3.099999999999999978e-01 4.967269939999999964e-15 3.099999999999999978e-01 7.390060830000000358e-01 3.099999999999999978e-01 4.550011789999999999e-09 3.099999999999999978e-01 1.372428029999999953e-11 3.099999999999999978e-01 2.283719299999999983e-10 3.099999999999999978e-01 8.627757590000000039e-15 3.099999999999999978e-01 8.031760180000000471e-01 3.099999999999999978e-01 1.779637829999999917e-09 3.099999999999999978e-01 2.152100460000000032e-12 3.099999999999999978e-01 8.923097459999999882e-11 3.099999999999999978e-01 1.701460669999999881e-14 3.099999999999999978e-01 8.030782069999999884e-01 3.099999999999999978e-01 8.870150890000000057e-10 3.099999999999999978e-01 6.013369940000000140e-13 3.099999999999999978e-01 4.449941800000000150e-11 3.099999999999999978e-01 3.315815550000000159e-14 3.099999999999999978e-01 7.966288780000000402e-01 3.099999999999999978e-01 4.422259849999999837e-10 3.099999999999999978e-01 1.743021530000000094e-13 3.099999999999999978e-01 2.219228729999999859e-11 3.099999999999999978e-01 6.570148750000000066e-14 3.099999999999999978e-01 7.933337919999999821e-01
3.200000000000000067e-01 1.351005789999999894e-06 3.200000000000000067e-01 4.022316649999999741e-08 3.200000000000000067e-01 6.795920199999999815e-08 3.200000000000000067e-01 3.714622070000000022e-15 3.200000000000000067e-01 6.213887359999999971e-01 3.200000000000000067e-01 8.665622850000000024e-08 3.200000000000000067e-01 5.124820230000000084e-10 3.200000000000000067e-01 4.255312460000000062e-09 3.200000000000000067e-01 6.615949609999999827e-15 3.200000000000000067e-01 7.192441649999999909e-01 3.200000000000000067e-01 4.953661509999999689e-08 3.200000000000000067e-01 1.546839409999999963e-10 3.200000000000000067e-01 2.437561090000000107e-09 3.200000000000000067e-01 1.298250710000000014e-14 3.200000000000000067e-01 6.942322290000000340e-01 3.200000000000000067e-01 3.373985590000000175e-08 3.200000000000000067e-01 7.323058579999999765e-11 3.200000000000000067e-01 1.667974610000000043e-09 3.200000000000000067e-01 2.628351210000000139e-14 3.200000000000000067e-01 6.740463749999999754e-01 3.200000000000000067e-01 2.085633209999999993e-08 3.200000000000000067e-01 3.259298969999999785e-11 3.200000000000000067e-01 1.035068589999999948e-09 3.200000000000000067e-01 5.341080549999999986e-14 3.200000000000000067e-01 6.618514309999999901e-01 3.200000000000000067e-01 4.759954240000000243e-08 3.200000000000000067e-01 7.529179620000000218e-10 3.200000000000000067e-01 2.424972530000000054e-09 3.200000000000000067e-01 4.982905139999999639e-15 3.200000000000000067e-01 7.390060830000000358e-01 3.200000000000000067e-01 5.547565299999999849e-09 3.200000000000000067e-01 1.674370039999999885e-11 3.200000000000000067e-01 2.786962800000000024e-10 3.200000000000000067e-01 8.632218529999999946e-15 3.200000000000000067e-01 8.031760180000000471e-01 3.200000000000000067e-01 2.170255639999999923e-09 3.200000000000000067e-01 2.626811810000000108e-12 3.200000000000000067e-01 1.089163380000000028e-10 3.200000000000000067e-01 1.702453720000000005e-14 3.200000000000000067e-01 8.030782069999999884e-01 3.200000000000000067e-01 1.081519320000000077e-09 3.200000000000000067e-01 7.338928630000000372e-13 3.200000000000000067e-01 5.431021279999999785e-11 3.200000000000000067e-01 3.311595279999999835e-14 3.200000000000000067e-01 7.966288780000000402e-01 3.200000000000000067e-01 5.391450779999999575e-10 3.200000000000000067e-01 2.127096590000000014e-13 3.200000000000000067e-01 2.708327009999999922e-11 3.200000000000000067e-01 6.556034609999999799e-14 3.200000000000000067e-01 7.933337919999999821e-01
3.300000000000000155e-01 1.640545010000000014e-06 3.300000000000000155e-01 4.890820990000000266e-08 3.300000000000000155e-01 8.287161320000000494e-08 3.300000000000000155e-01 3.754925299999999721e-15 3.300000000000000155e-01 6.213887359999999971e-01 3.300000000000000155e-01 1.060292909999999995e-07 3.300000000000000155e-01 6.278689930000000058e-10 3.300000000000000155e-01 5.215524709999999886e-09 3.300000000000000155e-01 6.602583180000000310e-15 3.300000000000000155e-01 7.192441649999999909e-01 3.300000000000000155e-01 6.057271439999999747e-08 3.300000000000000155e-01 1.894670519999999973e-10 3.300000000000000155e-01 2.986284290000000034e-09 3.300000000000000155e-01 1.296375689999999962e-14 3.300000000000000155e-01 6.942322290000000340e-01 3.300000000000000155e-01 4.119836380000000286e-08 3.300000000000000155e-01 8.959778530000000380e-11 3.300000000000000155e-01 2.041445939999999923e-09 3.300000000000000155e-01 2.628742849999999994e-14 3.300000000000000155e-01 6.740463749999999754e-01 3.300000000000000155e-01 2.543702040000000128e-08 3.300000000000000155e-01 3.983963679999999863e-11 3.300000000000000155e-01 1.265792579999999943e-09 3.300000000000000155e-01 5.349834309999999777e-14 3.300000000000000155e-01 6.618514309999999901e-01 3.300000000000000155e-01 5.780341129999999861e-08 3.300000000000000155e-01 9.148119580000000242e-10 3.300000000000000155e-01 2.950360560000000152e-09 3.300000000000000155e-01 5.001047469999999944e-15 3.300000000000000155e-01 7.390060830000000358e-01 3.300000000000000155e-01 6.761887159999999864e-09 3.300000000000000155e-01 2.042284859999999875e-11 3.300000000000000155e-01 3.400449029999999896e-10 3.300000000000000155e-01 8.639618639999999218e-15 3.300000000000000155e-01 8.031760180000000471e-01 3.300000000000000155e-01 2.645853469999999864e-09 3.300000000000000155e-01 3.205603199999999820e-12 3.300000000000000155e-01 1.329190029999999914e-10 3.300000000000000155e-01 1.704021159999999898e-14 3.300000000000000155e-01 8.030782069999999884e-01 3.300000000000000155e-01 1.318273170000000099e-09 3.300000000000000155e-01 8.954802480000000433e-13 3.300000000000000155e-01 6.627046280000000316e-11 3.300000000000000155e-01 3.308062949999999979e-14 3.300000000000000155e-01 7.966288780000000402e-01 3.300000000000000155e-01 6.570989289999999806e-10 3.300000000000000155e-01 2.595236710000000157e-13 3.300000000000000155e-01 3.304521839999999749e-11 3.300000000000000155e-01 6.542763449999999853e-14 3.300000000000000155e-01 7.933337919999999821e-01
3.400000000000000244e-01 1.989672789999999958e-06 3.400000000000000244e-01 5.939955100000000165e-08 3.400000000000000244e-01 1.009685380000000007e-07 3.400000000000000244e-01 3.796711759999999801e-15 3.400000000000000244e-01 6.213887359999999971e-01 3.400000000000000244e-01 1.296659880000000007e-07 3.400000000000000244e-01 7.689156950000000215e-10 3.400000000000000244e-01 6.390092900000000310e-09 3.400000000000000244e-01 6.590660500000000393e-15 3.400000000000000244e-01 7.192441649999999909e-01 3.400000000000000244e-01 7.402515830000000525e-08 3.400000000000000244e-01 2.319680760000000022e-10 3.400000000000000244e-01 3.657060089999999971e-09 3.400000000000000244e-01 1.294850909999999962e-14 3.400000000000000244e-01 6.942322290000000340e-01 3.400000000000000244e-01 5.027076249999999937e-08 3.400000000000000244e-01 1.095614029999999965e-10 3.400000000000000244e-01 2.497315240000000112e-09 3.400000000000000244e-01 2.630200079999999850e-14 3.400000000000000244e-01 6.740463749999999754e-01 3.400000000000000244e-01 3.099925199999999944e-08 3.400000000000000244e-01 4.866521329999999786e-11 3.400000000000000244e-01 1.547077109999999944e-09 3.400000000000000244e-01 5.361369429999999893e-14 3.400000000000000244e-01 6.618514309999999901e-01 3.400000000000000244e-01 7.015487290000000270e-08 3.400000000000000244e-01 1.110941399999999921e-09 3.400000000000000244e-01 3.588191380000000143e-09 3.400000000000000244e-01 5.021821099999999823e-15 3.400000000000000244e-01 7.390060830000000358e-01 3.400000000000000244e-01 8.239419280000000172e-09 3.400000000000000244e-01 2.490429680000000140e-11 3.400000000000000244e-01 4.148103140000000005e-10 3.400000000000000244e-01 8.650137280000000273e-15 3.400000000000000244e-01 8.031760180000000471e-01 3.400000000000000244e-01 3.224659849999999857e-09 3.400000000000000244e-01 3.911073769999999727e-12 3.400000000000000244e-01 1.621770130000000036e-10 3.400000000000000244e-01 1.706198240000000155e-14 3.400000000000000244e-01 8.030782069999999884e-01 3.400000000000000244e-01 1.606317250000000045e-09 3.400000000000000244e-01 1.092391769999999924e-12 3.400000000000000244e-01 8.084643469999999753e-11 3.400000000000000244e-01 3.305269229999999986e-14 3.400000000000000244e-01 7.966288780000000402e-01 3.400000000000000244e-01 8.005826389999999688e-10 3.400000000000000244e-01 3.165644480000000233e-13 3.400000000000000244e-01 4.031024450000000310e-11 3.400000000000000244e-01 6.530398849999999510e-14 3.400000000000000244e-01 7.933337919999999821e-01
3.499999999999999778e-01 2.409886990000000028e-06 3.499999999999999778e-01 7.205072640000000653e-08 3.499999999999999778e-01 1.229018019999999941e-07 3.499999999999999778e-01 3.839947490000000065e-15 3.499999999999999778e-01 6.213887359999999971e-01 3.499999999999999778e-01 1.584820249999999874e-07 3.499999999999999778e-01 9.412177389999998981e-10 3.499999999999999778e-01 7.826087990000000155e-09 3.499999999999999778e-01 6.580304110000000104e-15 3.499999999999999778e-01 7.192441649999999909e-01 3.499999999999999778e-01 9.040909060000000485e-08 3.499999999999999778e-01 2.838634529999999861e-10 3.499999999999999778e-01 4.476547409999999644e-09 3.499999999999999778e-01 1.293707129999999997e-14 3.499999999999999778e-01 6.942322290000000340e-01 3.499999999999999778e-01 6.129508270000000546e-08 3.499999999999999778e-01 1.338902300000000059e-10 3.499999999999999778e-01 3.053360129999999845e-09 3.499999999999999778e-01 2.632813229999999852e-14 3.499999999999999778e-01 6.740463749999999754e-01 3.499999999999999778e-01 3.774564749999999779e-08 3.499999999999999778e-01 5.940253580000000630e-11 3.499999999999999778e-01 1.889720450000000107e-09 3.499999999999999778e-01 5.375905700000000205e-14 3.499999999999999778e-01 6.618514309999999901e-01 3.499999999999999778e-01 8.509301389999999586e-08 3.499999999999999778e-01 1.348357720000000064e-09 3.499999999999999778e-01 4.362070780000000179e-09 3.499999999999999778e-01 5.045349989999999835e-15 3.499999999999999778e-01 7.390060830000000358e-01 3.499999999999999778e-01 1.003633089999999927e-08 3.499999999999999778e-01 3.036088989999999903e-11 3.499999999999999778e-01 5.058965919999999770e-10 3.499999999999999778e-01 8.663961439999999421e-15 3.499999999999999778e-01 8.031760180000000471e-01 3.499999999999999778e-01 3.928726170000000038e-09 3.499999999999999778e-01 4.770653409999999700e-12 3.499999999999999778e-01 1.978292239999999949e-10 3.499999999999999778e-01 1.709021699999999842e-14 3.499999999999999778e-01 8.030782069999999884e-01 3.499999999999999778e-01 1.956580830000000057e-09 3.499999999999999778e-01 1.332261249999999934e-12 3.499999999999999778e-01 9.860395500000000260e-11 3.499999999999999778e-01 3.303268660000000135e-14 3.499999999999999778e-01 7.966288780000000402e-01 3.499999999999999778e-01 9.750284450000000964e-10 3.499999999999999778e-01 3.860395650000000104e-13 3.499999999999999778e-01 4.915995369999999725e-11 3.499999999999999778e-01 6.519010779999999741e-14 3.499999999999999778e-01 7.933337919999999821e-01
3.599999999999999867e-01 2.914679860000000019e-06 3.599999999999999867e-01 8.727765669999999718e-08 3.599999999999999867e-01 1.494479539999999945e-07 3.599999999999999867e-01 3.884593019999999732e-15 3.599999999999999867e-01 6.213887359999999971e-01 3.599999999999999867e-01 1.935823160000000007e-07 3.599999999999999867e-01 1.151552740000000025e-09 3.599999999999999867e-01 9.580655889999999559e-09 3.599999999999999867e-01 6.571649200000000344e-15 3.599999999999999867e-01 7.192441649999999909e-01 3.599999999999999867e-01 1.103450420000000065e-07 3.599999999999999867e-01 3.471811689999999803e-10 3.599999999999999867e-01 5.477068050000000194e-09 3.599999999999999867e-01 1.292977990000000006e-14 3.599999999999999867e-01 6.942322290000000340e-01 3.599999999999999867e-01 7.467672990000000582e-08 3.599999999999999867e-01 1.635099480000000082e-10 3.599999999999999867e-01 3.731065809999999760e-09 3.599999999999999867e-01 2.636679339999999883e-14 3.599999999999999867e-01 6.740463749999999754e-01 3.599999999999999867e-01 4.591837440000000152e-08 3.599999999999999867e-01 7.245070609999999651e-11 3.599999999999999867e-01 2.306739329999999950e-09 3.599999999999999867e-01 5.393675519999999893e-14 3.599999999999999867e-01 6.618514309999999901e-01 3.599999999999999867e-01 1.031426430000000012e-07 3.599999999999999867e-01 1.635504880000000013e-09 3.599999999999999867e-01 5.300412069999999813e-09 3.599999999999999867e-01 5.071756540000000032e-15 3.599999999999999867e-01 7.390060830000000358e-01 3.599999999999999867e-01 1.222048239999999949e-08 3.599999999999999867e-01 3.700199180000000098e-11 3.599999999999999867e-01 6.168261790000000278e-10 3.599999999999999867e-01 8.681285169999999591e-15 3.599999999999999867e-01 8.031760180000000471e-01 3.599999999999999867e-01 4.784699599999999697e-09 3.599999999999999867e-01 5.817609280000000117e-12 3.599999999999999867e-01 2.412572830000000172e-10 3.599999999999999867e-01 1.712529679999999981e-14 3.599999999999999867e-01 8.030782069999999884e-01 3.599999999999999867e-01 2.382261429999999961e-09 3.599999999999999867e-01 1.624341819999999923e-12 3.599999999999999867e-01 1.202291400000000024e-10 3.599999999999999867e-01 3.302119810000000294e-14 3.599999999999999867e-01 7.966288780000000402e-01 3.599999999999999867e-01 1.186993440000000076e-09 3.599999999999999867e-01 4.706239880000000323e-13 3.599999999999999867e-01 5.993572810000000124e-11 3.599999999999999867e-01 6.508676090000000277e-14 3.599999999999999867e-01 7.933337919999999821e-01
3.699999999999999956e-01 3.519823739999999884e-06 3.699999999999999956e-01 1.055676670000000058e-07 3.699999999999999956e-01 1.815296149999999914e-07 3.699999999999999956e-01 3.930603299999999812e-15 3.699999999999999956e-01 6.213887359999999971e-01 3.699999999999999956e-01 2.362977050000000046e-07 3.699999999999999956e-01 1.408116859999999964e-09 3.699999999999999956e-01 1.172308820000000014e-08 3.699999999999999956e-01 6.564844410000000386e-15 3.699999999999999956e-01 7.192441649999999909e-01 3.699999999999999956e-01 1.345791480000000110e-07 3.699999999999999956e-01 4.243700960000000075e-10 3.699999999999999956e-01 6.697758899999999897e-09 3.699999999999999956e-01 1.292700259999999995e-14 3.699999999999999956e-01 6.942322290000000340e-01 3.699999999999999956e-01 9.090094310000000121e-08 3.699999999999999956e-01 1.995325759999999956e-10 3.699999999999999956e-01 4.556359490000000179e-09 3.699999999999999956e-01 2.641902299999999857e-14 3.699999999999999956e-01 6.740463749999999754e-01 3.699999999999999956e-01 5.580625610000000080e-08 3.699999999999999956e-01 8.828699130000000440e-11 3.699999999999999956e-01 2.813799039999999800e-09 3.699999999999999956e-01 5.414923349999999751e-14 3.699999999999999956e-01 6.618514309999999901e-01 3.699999999999999956e-01 1.249298169999999923e-07 3.699999999999999956e-01 1.982476149999999975e-09 3.699999999999999956e-01 6.437368919999999813e-09 3.699999999999999956e-01 5.101160150000000215e-15 3.699999999999999956e-01 7.390060830000000358e-01 3.699999999999999956e-01 1.487376240000000008e-08 3.699999999999999956e-01 4.508096169999999714e-11 3.699999999999999956e-01 7.518681410000000422e-10 3.699999999999999956e-01 8.702308769999999430e-15 3.699999999999999956e-01 8.031760180000000471e-01 3.699999999999999956e-01 5.824743150000000062e-09 3.699999999999999956e-01 7.092253099999999968e-12 3.699999999999999956e-01 2.941360520000000005e-10 3.699999999999999956e-01 1.716761510000000117e-14 3.699999999999999956e-01 8.030782069999999884e-01 3.699999999999999956e-01 2.899275849999999857e-09 3.699999999999999956e-01 1.979839050000000030e-12 3.699999999999999956e-01 1.465532689999999942e-10 3.699999999999999956e-01 3.301885419999999895e-14 3.699999999999999956e-01 7.966288780000000402e-01 3.699999999999999956e-01 1.444382450000000088e-09 3.699999999999999956e-01 5.735558999999999876e-13 3.699999999999999956e-01 7.305105740000000530e-11 3.699999999999999956e-01 6.499478890000000176e-14 3.699999999999999956e-01 7.933337919999999821e-01
3.800000000000000044e-01 4.243683299999999689e-06 3.800000000000000044e-01 1.274892620000000084e-07 3.800000000000000044e-01 2.202398230000000119e-07 3.800000000000000044e-01 3.977927789999999938e-15 3.800000000000000044e-01 6.213887359999999971e-01 3.800000000000000044e-01 2.882280940000000020e-07 3.800000000000000044e-01 1.720804260000000048e-09 3.800000000000000044e-01 1.433729129999999982e-08 3.800000000000000044e-01 6.560052690000000079e-15 3.800000000000000044e-01 7.192441649999999909e-01 3.800000000000000044e-01 1.640068689999999954e-07 3.800000000000000044e-01 5.183814670000000238e-10 3.800000000000000044e-01 8.185943450000000648e-09 3.800000000000000044e-01 1.292913870000000033e-14 3.800000000000000044e-01 6.942322290000000340e-01 3.800000000000000044e-01 1.105473210000000036e-07 3.800000000000000044e-01 2.432905690000000061e-10 3.800000000000000044e-01 5.560479560000000328e-09 3.800000000000000044e-01 2.648592820000000036e-14 3.800000000000000044e-01 6.740463749999999754e-01 3.800000000000000044e-01 6.775302650000000144e-08 3.800000000000000044e-01 1.074803880000000043e-10 3.800000000000000044e-01 3.429720270000000191e-09 3.800000000000000044e-01 5.439904780000000148e-14 3.800000000000000044e-01 6.618514309999999901e-01 3.800000000000000044e-01 1.511998420000000131e-07 3.800000000000000044e-01 2.401312979999999888e-09 3.800000000000000044e-01 7.813935720000000378e-09 3.800000000000000044e-01 5.133675420000000261e-15 3.800000000000000044e-01 7.390060830000000358e-01 3.800000000000000044e-01 1.809486159999999979e-08 3.800000000000000044e-01 5.490408080000000253e-11 3.800000000000000044e-01 9.161919329999999639e-10 3.800000000000000044e-01 8.727237779999999799e-15 3.800000000000000044e-01 8.031760180000000471e-01 3.800000000000000044e-01 7.087627930000000351e-09 3.800000000000000044e-01 8.643386569999999786e-12 3.800000000000000044e-01 3.584940749999999752e-10 3.800000000000000044e-01 1.721757569999999921e-14 3.800000000000000044e-01 8.030782069999999884e-01 3.800000000000000044e-01 3.526794830000000194e-09 3.800000000000000044e-01 2.412309050000000105e-12 3.800000000000000044e-01 1.785825760000000060e-10 3.800000000000000044e-01 3.302632510000000125e-14 3.800000000000000044e-01 7.966288780000000402e-01 3.800000000000000044e-01 1.756712019999999926e-09 3.800000000000000044e-01 6.987511469999999779e-13 3.800000000000000044e-01 8.900629930000000415e-11 3.800000000000000044e-01 6.491511089999999613e-14 3.800000000000000044e-01 7.933337919999999821e-01
3.900000000000000133e-01 5.107553560000000121e-06 3.900000000000000133e-01 1.537025649999999937e-07 3.900000000000000133e-01 2.668696179999999975e-07 3.900000000000000133e-01 4.026510479999999939e-15 3.900000000000000133e-01 6.213887359999999971e-01 3.900000000000000133e-01 3.512929060000000241e-07 3.900000000000000133e-01 2.101535650000000023e-09 3.900000000000000133e-01 1.752472289999999911e-08 3.900000000000000133e-01 6.557452129999999704e-15 3.900000000000000133e-01 7.192441649999999909e-01 3.900000000000000133e-01 1.997007410000000094e-07 3.900000000000000133e-01 6.327640999999999573e-10 3.900000000000000133e-01 9.998760239999999740e-09 3.900000000000000133e-01 1.293662180000000043e-14 3.900000000000000133e-01 6.942322290000000340e-01 3.900000000000000133e-01 1.343067130000000040e-07 3.900000000000000133e-01 2.963759919999999757e-10 3.900000000000000133e-01 6.781001459999999941e-09 3.900000000000000133e-01 2.656868430000000085e-14 3.900000000000000133e-01 6.740463749999999754e-01 3.900000000000000133e-01 8.216689580000000037e-08 3.900000000000000133e-01 1.307069549999999873e-10 3.900000000000000133e-01 4.177074859999999658e-09 3.900000000000000133e-01 5.468885260000000308e-14 3.900000000000000133e-01 6.618514309999999901e-01 3.900000000000000133e-01 1.828380669999999907e-07 3.900000000000000133e-01 2.906351570000000168e-09 3.900000000000000133e-01 9.479241579999999628e-09 3.900000000000000133e-01 5.169410389999999653e-15 3.900000000000000133e-01 7.390060830000000358e-01 3.900000000000000133e-01 2.200255479999999893e-08 3.900000000000000133e-01 6.684118830000000291e-11 3.900000000000000133e-01 1.116051369999999990e-09 3.900000000000000133e-01 8.756281709999999263e-15 3.900000000000000133e-01 8.031760180000000471e-01 3.900000000000000133e-01 8.620026339999999888e-09 3.900000000000000133e-01 1.053002759999999954e-11 3.900000000000000133e-01 4.367859449999999773e-10 3.900000000000000133e-01 1.727558969999999882e-14 3.900000000000000133e-01 8.030782069999999884e-01 3.900000000000000133e-01 4.287874799999999876e-09 3.900000000000000133e-01 2.938133229999999807e-12 3.900000000000000133e-01 2.175338569999999944e-10 3.900000000000000133e-01 3.304432460000000124e-14 3.900000000000000133e-01 7.966288780000000402e-01 3.900000000000000133e-01 2.135422079999999809e-09 3.900000000000000133e-01 8.509395190000000244e-13 3.900000000000000133e-01 1.084063119999999942e-10 3.900000000000000133e-01 6.484872820000000440e-14 3.900000000000000133e-01 7.933337919999999821e-01
4.000000000000000222e-01 6.136022110000000153e-06 4.000000000000000222e-01 1.849702689999999911e-07 4.000000000000000222e-01 3.229391459999999778e-07 4.000000000000000222e-01 4.076290069999999808e-15 4.000000000000000222e-01 6.213887359999999971e-01 4.000000000000000222e-01 4.277898870000000081e-07 4.000000000000000222e-01 2.564642720000000067e-09 4.000000000000000222e-01 2.140787380000000165e-08 4.000000000000000222e-01 6.557236769999999824e-15 4.000000000000000222e-01 7.192441649999999909e-01 4.000000000000000222e-01 2.429427410000000203e-07 4.000000000000000222e-01 7.717749950000000345e-10 4.000000000000000222e-01 1.220509130000000009e-08 4.000000000000000222e-01 1.294992009999999959e-14 4.000000000000000222e-01 6.942322290000000340e-01 4.000000000000000222e-01 1.630008300000000102e-07 4.000000000000000222e-01 3.606851399999999835e-10 4.000000000000000222e-01 8.263045879999999347e-09 4.000000000000000222e-01 2.666853210000000069e-14 4.000000000000000222e-01 6.740463749999999754e-01 4.000000000000000222e-01 9.953162399999999345e-08 4.000000000000000222e-01 1.587669480000000071e-10 4.000000000000000222e-01 5.082884589999999693e-09 4.000000000000000222e-01 5.502138410000000192e-14 4.000000000000000222e-01 6.618514309999999901e-01 4.000000000000000222e-01 2.208938119999999989e-07 4.000000000000000222e-01 3.514622980000000048e-09 4.000000000000000222e-01 1.149206759999999965e-08 4.000000000000000222e-01 5.208464390000000228e-15 4.000000000000000222e-01 7.390060830000000358e-01 4.000000000000000222e-01 2.673957529999999851e-08 4.000000000000000222e-01 8.133831959999999967e-11 4.000000000000000222e-01 1.359004300000000090e-09 4.000000000000000222e-01 8.789652550000000678e-15 4.000000000000000222e-01 8.031760180000000471e-01 4.000000000000000222e-01 1.047803850000000028e-08 4.000000000000000222e-01 1.282346750000000066e-11 4.000000000000000222e-01 5.319787380000000416e-10 4.000000000000000222e-01 1.734207320000000080e-14 4.000000000000000222e-01 8.030782069999999884e-01 4.000000000000000222e-01 5.210202399999999999e-09 4.000000000000000222e-01 3.577082810000000028e-12 4.000000000000000222e-01 2.648769540000000065e-10 4.000000000000000222e-01 3.307361030000000135e-14 4.000000000000000222e-01 7.966288780000000402e-01 4.000000000000000222e-01 2.594242749999999975e-09 4.000000000000000222e-01 1.035826629999999953e-12 4.000000000000000222e-01 1.319814749999999979e-10 4.000000000000000222e-01 6.479672949999999780e-14 4.000000000000000222e-01 7.933337919999999821e-01
4.099999999999999756e-01 7.357352479999999634e-06 4.099999999999999756e-01 2.221688869999999961e-07 4.099999999999999756e-01 3.902324800000000173e-07 4.099999999999999756e-01 4.127200149999999669e-15 4.099999999999999756e-01 6.213887359999999971e-01 4.099999999999999756e-01 5.204633449999999477e-07 4.099999999999999756e-01 3.127315289999999813e-09 4.099999999999999756e-01 2.613438400000000094e-08 4.099999999999999756e-01 6.559617360000000360e-15 4.099999999999999756e-01 7.192441649999999909e-01 4.099999999999999756e-01 2.952619229999999991e-07 4.099999999999999756e-01 9.405068319999999206e-10 4.099999999999999756e-01 1.488784009999999936e-08 4.099999999999999756e-01 1.296953790000000010e-14 4.099999999999999756e-01 6.942322290000000340e-01 4.099999999999999756e-01 1.976049609999999925e-07 4.099999999999999756e-01 4.384688399999999886e-10 4.099999999999999756e-01 1.006069819999999964e-08 4.099999999999999756e-01 2.678677419999999886e-14 4.099999999999999756e-01 6.740463749999999754e-01 4.099999999999999756e-01 1.204193270000000095e-07 4.099999999999999756e-01 1.926037149999999918e-10 4.099999999999999756e-01 6.179439160000000305e-09 4.099999999999999756e-01 5.539943709999999971e-14 4.099999999999999756e-01 6.618514309999999901e-01 4.099999999999999756e-01 2.666077900000000067e-07 4.099999999999999756e-01 4.246313479999999777e-09 4.099999999999999756e-01 1.392262059999999983e-08 4.099999999999999756e-01 5.250925930000000251e-15 4.099999999999999756e-01 7.390060830000000358e-01 4.099999999999999756e-01 3.247717059999999838e-08 4.099999999999999756e-01 9.893268279999999886e-11 4.099999999999999756e-01 1.654174369999999911e-09 4.099999999999999756e-01 8.827562850000000484e-15 4.099999999999999756e-01 8.031760180000000471e-01 4.099999999999999756e-01 1.272898880000000076e-08 4.099999999999999756e-01 1.560971450000000152e-11 4.099999999999999756e-01 6.476550330000000369e-10 4.099999999999999756e-01 1.741744299999999953e-14 4.099999999999999756e-01 8.030782069999999884e-01 4.099999999999999756e-01 6.326968750000000140e-09 4.099999999999999756e-01 4.352988100000000129e-12 4.099999999999999756e-01 3.223853109999999986e-10 4.099999999999999756e-01 3.311498360000000246e-14 4.099999999999999756e-01 7.966288780000000402e-01 4.099999999999999756e-01 3.149624850000000023e-09 4.099999999999999756e-01 1.260285540000000045e-12 4.099999999999999756e-01 1.606126820000000118e-10 4.099999999999999756e-01 6.476029499999999734e-14 4.099999999999999756e-01 7.933337919999999821e-01
4.199999999999999845e-01 8.803883429999999927e-06 4.199999999999999845e-01 2.662999809999999797e-07 4.199999999999999845e-01 4.708363670000000028e-07 4.199999999999999845e-01 4.179169429999999734e-15 4.199999999999999845e-01 6.213887359999999971e-01 4.199999999999999845e-01 6.325830240000000281e-07 4.199999999999999845e-01 3.810118139999999646e-09 4.199999999999999845e-01 3.188189319999999958e-08 4.199999999999999845e-01 6.564822029999999682e-15 4.199999999999999845e-01 7.192441649999999909e-01 4.199999999999999845e-01 3.584780909999999750e-07 4.199999999999999845e-01 1.145033769999999966e-09 4.199999999999999845e-01 1.814661529999999844e-08 4.199999999999999845e-01 1.299601609999999923e-14 4.199999999999999845e-01 6.942322290000000340e-01 4.199999999999999845e-01 2.392742690000000252e-07 4.199999999999999845e-01 5.323884769999999766e-10 4.199999999999999845e-01 1.223867239999999941e-08 4.199999999999999845e-01 2.692476959999999996e-14 4.199999999999999845e-01 6.740463749999999754e-01 4.199999999999999845e-01 1.455052850000000064e-07 4.199999999999999845e-01 2.333241920000000177e-10 4.199999999999999845e-01 7.505251989999999465e-09 4.199999999999999845e-01 5.582583710000000206e-14 4.199999999999999845e-01 6.618514309999999901e-01 4.199999999999999845e-01 3.214434320000000072e-07 4.199999999999999845e-01 5.125291599999999879e-09 4.199999999999999845e-01 1.685460030000000102e-08 4.199999999999999845e-01 5.296870360000000353e-15 4.199999999999999845e-01 7.390060830000000358e-01 4.199999999999999845e-01 3.942044419999999761e-08 4.199999999999999845e-01 1.202703530000000053e-10 4.199999999999999845e-01 2.012562189999999960e-09 4.199999999999999845e-01 8.870223710000000120e-15 4.199999999999999845e-01 8.031760180000000471e-01 4.199999999999999845e-01 1.545353229999999876e-08 4.199999999999999845e-01 1.899238990000000036e-11 4.199999999999999845e-01 7.881354079999999649e-10 4.199999999999999845e-01 1.750211299999999939e-14 4.199999999999999845e-01 8.030782069999999884e-01 4.199999999999999845e-01 7.677892899999999937e-09 4.199999999999999845e-01 5.294529450000000145e-12 4.199999999999999845e-01 3.921960000000000175e-10 4.199999999999999845e-01 3.316928849999999774e-14 4.199999999999999845e-01 7.966288780000000402e-01 4.199999999999999845e-01 3.821243199999999707e-09 4.199999999999999845e-01 1.532582910000000063e-12 4.199999999999999845e-01 1.953610039999999959e-10 4.199999999999999845e-01 6.474070150000000035e-14 4.199999999999999845e-01 7.933337919999999821e-01
4.299999999999999933e-01 1.051243579999999977e-05 4.299999999999999933e-01 3.185009550000000231e-07 4.299999999999999933e-01 5.671830110000000439e-07 4.299999999999999933e-01 4.232122070000000247e-15 4.299999999999999933e-01 6.213887359999999971e-01 4.299999999999999933e-01 7.680348890000000290e-07 4.299999999999999933e-01 4.637584029999999988e-09 4.299999999999999933e-01 3.886373860000000250e-08 4.299999999999999933e-01 6.573096940000000015e-15 4.299999999999999933e-01 7.192441649999999909e-01 4.299999999999999933e-01 4.347523570000000253e-07 4.299999999999999933e-01 1.392576569999999985e-09 4.299999999999999933e-01 2.210088460000000011e-08 4.299999999999999933e-01 1.302993270000000020e-14 4.299999999999999933e-01 6.942322290000000340e-01 4.299999999999999933e-01 2.893742129999999862e-07 4.299999999999999933e-01 6.455775440000000380e-10 4.299999999999999933e-01 1.487425849999999940e-08 4.299999999999999933e-01 2.708392559999999990e-14 4.299999999999999933e-01 6.740463749999999754e-01 4.299999999999999933e-01 1.755850410000000101e-07 4.299999999999999933e-01 2.822207150000000144e-10 4.299999999999999933e-01 9.106175329999999754e-09 4.299999999999999933e-01 5.630340609999999947e-14 4.299999999999999933e-01 6.618514309999999901e-01 4.299999999999999933e-01 3.871225590000000067e-07 4.299999999999999933e-01 6.179709559999999647e-09 4.299999999999999933e-01 2.038760099999999886e-08 4.299999999999999933e-01 5.346357480000000025e-15 4.299999999999999933e-01 7.390060830000000358e-01 4.299999999999999933e-01 4.781459639999999874e-08 4.299999999999999933e-01 1.461271059999999873e-10 4.299999999999999933e-01 2.447414270000000130e-09 4.299999999999999933e-01 8.917842230000000162e-15 4.299999999999999933e-01 8.031760180000000471e-01 4.299999999999999933e-01 1.874811789999999973e-08 4.299999999999999933e-01 2.309614650000000150e-11 4.299999999999999933e-01 9.586237510000000464e-10 4.299999999999999933e-01 1.759648899999999988e-14 4.299999999999999933e-01 8.030782069999999884e-01 4.299999999999999933e-01 9.310415729999999995e-09 4.299999999999999933e-01 6.436168629999999885e-12 4.299999999999999933e-01 4.768808220000000339e-10 4.299999999999999933e-01 3.323741019999999824e-14 4.299999999999999933e-01 7.966288780000000402e-01 4.299999999999999933e-01 4.632583200000000340e-09 4.299999999999999933e-01 1.862644740000000058e-12 4.299999999999999933e-01 2.375027869999999938e-10 4.299999999999999933e-01 6.473932600000000503e-14 4.299999999999999933e-01 7.933337919999999821e-01
4.400000000000000022e-01 1.252471350000000082e-05 4.400000000000000022e-01 3.800548320000000234e-07 4.400000000000000022e-01 6.820969150000000323e-07 4.400000000000000022e-01 4.285977999999999847e-15 4.400000000000000022e-01 6.213887359999999971e-01 4.400000000000000022e-01 9.314252270000000202e-07 4.400000000000000022e-01 5.638888579999999624e-09 4.400000000000000022e-01 4.733562610000000273e-08 4.400000000000000022e-01 6.584706650000000270e-15 4.400000000000000022e-01 7.192441649999999909e-01 4.400000000000000022e-01 5.266455810000000316e-07 4.400000000000000022e-01 1.691687460000000035e-09 4.400000000000000022e-01 2.689367380000000105e-08 4.400000000000000022e-01 1.307190209999999969e-14 4.400000000000000022e-01 6.942322290000000340e-01 4.400000000000000022e-01 3.495157019999999955e-07 4.400000000000000022e-01 7.817081179999999939e-10 4.400000000000000022e-01 1.805959680000000143e-08 4.400000000000000022e-01 2.726568710000000044e-14 4.400000000000000022e-01 6.740463749999999754e-01 4.400000000000000022e-01 2.115941520000000041e-07 4.400000000000000022e-01 3.407936810000000183e-10 4.400000000000000022e-01 1.103669929999999993e-08 4.400000000000000022e-01 5.683492080000000003e-14 4.400000000000000022e-01 6.618514309999999901e-01 4.400000000000000022e-01 4.656658840000000116e-07 4.400000000000000022e-01 7.442686579999999727e-09 4.400000000000000022e-01 2.463989389999999855e-08 4.400000000000000022e-01 5.399429149999999619e-15 4.400000000000000022e-01 7.390060830000000358e-01 4.400000000000000022e-01 5.795218859999999896e-08 4.400000000000000022e-01 1.774328770000000014e-10 4.400000000000000022e-01 2.974659409999999795e-09 4.400000000000000022e-01 8.970618789999999245e-15 4.400000000000000022e-01 8.031760180000000471e-01 4.400000000000000022e-01 2.272785649999999902e-08 4.400000000000000022e-01 2.807069120000000132e-11 4.400000000000000022e-01 1.165379169999999986e-09 4.400000000000000022e-01 1.770096329999999979e-14 4.400000000000000022e-01 8.030782069999999884e-01 4.400000000000000022e-01 1.128108780000000010e-08 4.400000000000000022e-01 7.819241219999999363e-12 4.400000000000000022e-01 5.795302909999999558e-10 4.400000000000000022e-01 3.332027239999999856e-14 4.400000000000000022e-01 7.966288780000000402e-01 4.400000000000000022e-01 5.611622120000000039e-09 4.400000000000000022e-01 2.262367470000000097e-12 4.400000000000000022e-01 2.885710789999999751e-10 4.400000000000000022e-01 6.475764990000000341e-14 4.400000000000000022e-01 7.933337919999999821e-01
4.500000000000000111e-01 1.488767849999999929e-05 4.500000000000000111e-01 4.523982739999999869e-07 4.500000000000000111e-01 8.188456179999999897e-07 4.500000000000000111e-01 4.340653340000000226e-15 4.500000000000000111e-01 6.213887359999999971e-01 4.500000000000000111e-01 1.128199590000000052e-06 4.500000000000000111e-01 6.848611340000000169e-09 4.500000000000000111e-01 5.760341510000000134e-08 4.500000000000000111e-01 6.599934409999999937e-15 4.500000000000000111e-01 7.192441649999999909e-01 4.500000000000000111e-01 6.371858389999999972e-07 4.500000000000000111e-01 2.052454570000000175e-09 4.500000000000000111e-01 3.269589259999999927e-08 4.500000000000000111e-01 1.312257440000000055e-14 4.500000000000000111e-01 6.942322290000000340e-01 4.500000000000000111e-01 4.215957159999999876e-07 4.500000000000000111e-01 9.450612180000000095e-10 4.500000000000000111e-01 2.190433070000000000e-08 4.500000000000000111e-01 2.747152299999999901e-14 4.500000000000000111e-01 6.740463749999999754e-01 4.500000000000000111e-01 2.546309080000000092e-07 4.500000000000000111e-01 4.107743789999999950e-10 4.500000000000000111e-01 1.336146289999999999e-08 4.500000000000000111e-01 5.742306499999999388e-14 4.500000000000000111e-01 6.618514309999999901e-01 4.500000000000000111e-01 5.594389160000000238e-07 4.500000000000000111e-01 8.953082679999999389e-09 4.500000000000000111e-01 2.975164039999999852e-08 4.500000000000000111e-01 5.456106899999999990e-15 4.500000000000000111e-01 7.390060830000000358e-01 4.500000000000000111e-01 7.018157020000000466e-08 4.500000000000000111e-01 2.153003379999999971e-10 4.500000000000000111e-01 3.613423409999999803e-09 4.500000000000000111e-01 9.028743939999999349e-15 4.500000000000000111e-01 8.031760180000000471e-01 4.500000000000000111e-01 2.752985040000000097e-08 4.500000000000000111e-01 3.409549930000000027e-11 4.500000000000000111e-01 1.415918869999999937e-09 4.500000000000000111e-01 1.781590870000000144e-14 4.500000000000000111e-01 8.030782069999999884e-01 4.500000000000000111e-01 1.365717729999999974e-08 4.500000000000000111e-01 9.493232360000000565e-12 4.500000000000000111e-01 7.038525760000000439e-10 4.500000000000000111e-01 3.341883350000000286e-14 4.500000000000000111e-01 7.966288780000000402e-01 4.500000000000000111e-01 6.791617540000000378e-09 4.500000000000000111e-01 2.745980369999999949e-12 4.500000000000000111e-01 3.504043980000000182e-10 4.500000000000000111e-01 6.479726159999999982e-14 4.500000000000000111e-01 7.933337919999999821e-01
4.600000000000000200e-01 1.765386810000000125e-05 4.600000000000000200e-01 5.371268659999999534e-07 4.600000000000000200e-01 9.811939210000001018e-07 4.600000000000000200e-01 4.396060849999999734e-15 4.600000000000000200e-01 6.213887359999999971e-01 4.600000000000000200e-01 1.364778220000000024e-06 4.600000000000000200e-01 8.307584659999999633e-09 4.600000000000000200e-01 7.003217369999999882e-08 4.600000000000000200e-01 6.619082179999999870e-15 4.600000000000000200e-01 7.192441649999999909e-01 4.600000000000000200e-01 7.699462290000000146e-07 4.600000000000000200e-01 2.486724309999999834e-09 4.600000000000000200e-01 3.971138729999999677e-08 4.600000000000000200e-01 1.318263349999999956e-14 4.600000000000000200e-01 6.942322290000000340e-01 4.600000000000000200e-01 5.078441459999999782e-07 4.600000000000000200e-01 1.140599410000000030e-09 4.600000000000000200e-01 2.653869630000000107e-08 4.600000000000000200e-01 2.770290960000000120e-14 4.600000000000000200e-01 6.740463749999999754e-01 4.600000000000000200e-01 3.059823840000000098e-07 4.600000000000000200e-01 4.941470719999999586e-10 4.600000000000000200e-01 1.615700899999999991e-08 4.600000000000000200e-01 5.807037450000000409e-14 4.600000000000000200e-01 6.618514309999999901e-01 4.600000000000000200e-01 6.712039140000000383e-07 4.600000000000000200e-01 1.075637189999999993e-08 4.600000000000000200e-01 3.588859490000000284e-08 4.600000000000000200e-01 5.516389639999999759e-15 4.600000000000000200e-01 7.390060830000000358e-01 4.600000000000000200e-01 8.491661650000000379e-08 4.600000000000000200e-01 2.610581959999999937e-10 4.600000000000000200e-01 4.386634519999999640e-09 4.600000000000000200e-01 9.092395040000000096e-15 4.600000000000000200e-01 8.031760180000000471e-01 4.600000000000000200e-01 3.331704459999999750e-08 4.600000000000000200e-01 4.138531489999999867e-11 4.600000000000000200e-01 1.719256830000000061e-09 4.600000000000000200e-01 1.794167179999999920e-14 4.600000000000000200e-01 8.030782069999999884e-01 4.600000000000000200e-01 1.651852650000000016e-08 4.600000000000000200e-01 1.151725950000000066e-11 4.600000000000000200e-01 8.542897389999999890e-10 4.600000000000000200e-01 3.353408189999999728e-14 4.600000000000000200e-01 7.966288780000000402e-01 4.600000000000000200e-01 8.212017229999999386e-09 4.600000000000000200e-01 3.330465710000000073e-12 4.600000000000000200e-01 4.252039750000000159e-10 4.600000000000000200e-01 6.485985899999999464e-14 4.600000000000000200e-01 7.933337919999999821e-01
4.699999999999999734e-01 2.088161339999999874e-05 4.699999999999999734e-01 6.359964730000000477e-07 4.699999999999999734e-01 1.173460849999999934e-06 4.699999999999999734e-01 4.452110379999999615e-15 4.699999999999999734e-01 6.213887359999999971e-01 4.699999999999999734e-01 1.648709820000000033e-06 4.699999999999999734e-01 1.006382930000000017e-08 4.699999999999999734e-01 8.505667830000000026e-08 4.699999999999999734e-01 6.642470249999999992e-15 4.699999999999999734e-01 7.192441649999999909e-01 4.699999999999999734e-01 9.291345300000000303e-07 4.699999999999999734e-01 3.008338859999999859e-09 4.699999999999999734e-01 4.818282850000000197e-08 4.699999999999999734e-01 1.325279350000000069e-14 4.699999999999999734e-01 6.942322290000000340e-01 4.699999999999999734e-01 6.108776449999999555e-07 4.699999999999999734e-01 1.374039290000000087e-09 4.699999999999999734e-01 3.211711420000000232e-08 4.699999999999999734e-01 2.796130979999999921e-14 4.699999999999999734e-01 6.740463749999999754e-01 4.699999999999999734e-01 3.671540249999999914e-07 4.699999999999999734e-01 5.931691630000000454e-10 4.699999999999999734e-01 1.951381659999999968e-08 4.699999999999999734e-01 5.877917529999999685e-14 4.699999999999999734e-01 6.618514309999999901e-01 4.699999999999999734e-01 8.041786540000000327e-07 4.699999999999999734e-01 1.290562499999999947e-08 4.699999999999999734e-01 4.324635999999999789e-08 4.699999999999999734e-01 5.580251559999999626e-15 4.699999999999999734e-01 7.390060830000000358e-01 4.699999999999999734e-01 1.026479459999999964e-07 4.699999999999999734e-01 3.162897940000000239e-10 4.699999999999999734e-01 5.321733420000000331e-09 4.699999999999999734e-01 9.161732549999999419e-15 4.699999999999999734e-01 8.031760180000000471e-01 4.699999999999999734e-01 4.028266559999999676e-08 4.699999999999999734e-01 5.019653999999999807e-11 4.699999999999999734e-01 2.086183929999999853e-09 4.699999999999999734e-01 1.807856559999999984e-14 4.699999999999999734e-01 8.030782069999999884e-01 4.699999999999999734e-01 1.995968929999999995e-08 4.699999999999999734e-01 1.396178720000000043e-11 4.699999999999999734e-01 1.036153920000000076e-09 4.699999999999999734e-01 3.366702909999999850e-14 4.699999999999999734e-01 7.966288780000000402e-01 4.699999999999999734e-01 9.919505700000000081e-09 4.699999999999999734e-01 4.036042920000000066e-12 4.699999999999999734e-01 5.156007699999999746e-10 4.699999999999999734e-01 6.494724989999999687e-14 4.699999999999999734e-01 7.933337919999999821e-01
4.799999999999999822e-01 2.463509790000000026e-05 4.799999999999999822e-01 7.509191759999999790e-07 4.799999999999999822e-01 1.400578020000000082e-06 4.799999999999999822e-01 4.508709419999999959e-15 4.799999999999999822e-01 6.213887359999999971e-01 4.799999999999999822e-01 1.988845569999999837e-06 4.799999999999999822e-01 1.217357060000000078e-08 4.799999999999999822e-01 1.031935510000000032e-07 4.799999999999999822e-01 6.670436550000000204e-15 4.799999999999999822e-01 7.192441649999999909e-01 4.799999999999999822e-01 1.119696339999999906e-06 4.799999999999999822e-01 3.633383980000000069e-09 4.799999999999999822e-01 5.839856140000000149e-08 4.799999999999999822e-01 1.333379539999999989e-14 4.799999999999999822e-01 6.942322290000000340e-01 4.799999999999999822e-01 7.337611730000000470e-07 4.799999999999999822e-01 1.651920850000000084e-09 4.799999999999999822e-01 3.882235849999999862e-08 4.799999999999999822e-01 2.824814930000000141e-14 4.799999999999999822e-01 6.740463749999999754e-01 4.799999999999999822e-01 4.399028249999999923e-07 4.799999999999999822e-01 7.103880000000000495e-10 4.799999999999999822e-01 2.353864800000000017e-08 4.799999999999999822e-01 5.955151619999999456e-14 4.799999999999999822e-01 6.618514309999999901e-01 4.799999999999999822e-01 9.621029100000000401e-07 4.799999999999999822e-01 1.546261250000000144e-08 4.799999999999999822e-01 5.205526679999999762e-08 4.799999999999999822e-01 5.647640270000000348e-15 4.799999999999999822e-01 7.390060830000000358e-01 4.799999999999999822e-01 1.239557980000000101e-07 4.799999999999999822e-01 3.828776830000000134e-10 4.799999999999999822e-01 6.451503619999999896e-09 4.799999999999999822e-01 9.236896200000000559e-15 4.799999999999999822e-01 8.031760180000000471e-01 4.799999999999999822e-01 4.865532450000000046e-08 4.799999999999999822e-01 6.083461560000000022e-11 4.799999999999999822e-01 2.529595690000000065e-09 4.799999999999999822e-01 1.822686239999999850e-14 4.799999999999999822e-01 8.030782069999999884e-01 4.799999999999999822e-01 2.409238430000000002e-08 4.799999999999999822e-01 1.691059799999999911e-11 4.799999999999999822e-01 1.255786420000000041e-09 4.799999999999999822e-01 3.381870229999999828e-14 4.799999999999999822e-01 7.966288780000000402e-01 4.799999999999999822e-01 1.196920540000000047e-08 4.799999999999999822e-01 4.886723340000000234e-12 4.799999999999999822e-01 6.247337059999999784e-10 4.799999999999999822e-01 6.506135190000000205e-14 4.799999999999999822e-01 7.933337919999999821e-01
4.899999999999999911e-01 2.898418350000000096e-05 4.899999999999999911e-01 8.839521219999999924e-07 4.899999999999999911e-01 1.668147559999999902e-06 4.899999999999999911e-01 4.565763619999999607e-15 4.899999999999999911e-01 6.213887359999999971e-01 4.899999999999999911e-01 2.395535550000000185e-06 4.899999999999999911e-01 1.470232370000000051e-08 4.899999999999999911e-01 1.250552459999999962e-07 4.899999999999999911e-01 6.703335429999999816e-15 4.899999999999999911e-01 7.192441649999999909e-01 4.899999999999999911e-01 1.347433410000000077e-06 4.899999999999999911e-01 4.380439989999999979e-09 4.899999999999999911e-01 7.070056290000000023e-08 4.899999999999999911e-01 1.342640060000000049e-14 4.899999999999999911e-01 6.942322290000000340e-01 4.899999999999999911e-01 8.800776110000000457e-07 4.899999999999999911e-01 1.981669550000000107e-09 4.899999999999999911e-01 4.687038129999999961e-08 4.899999999999999911e-01 2.856478829999999958e-14 4.899999999999999911e-01 6.740463749999999754e-01 4.899999999999999911e-01 5.262737500000000111e-07 4.899999999999999911e-01 8.486526409999999782e-10 4.899999999999999911e-01 2.835724390000000040e-08 4.899999999999999911e-01 6.038909639999999422e-14 4.899999999999999911e-01 6.618514309999999901e-01 4.899999999999999911e-01 1.149313669999999985e-06 4.899999999999999911e-01 1.849903909999999997e-08 4.899999999999999911e-01 6.258596419999999394e-08 4.899999999999999911e-01 5.718475289999999848e-15 4.899999999999999911e-01 7.390060830000000358e-01 4.899999999999999911e-01 1.495247749999999884e-07 4.899999999999999911e-01 4.630548420000000096e-10 4.899999999999999911e-01 7.815039700000000247e-09 4.899999999999999911e-01 9.318000900000000183e-15 4.899999999999999911e-01 8.031760180000000471e-01 4.899999999999999911e-01 5.870486490000000019e-08 4.899999999999999911e-01 7.366250530000000266e-11 4.899999999999999911e-01 3.064874710000000080e-09 4.899999999999999911e-01 1.838678499999999926e-14 4.899999999999999911e-01 8.030782069999999884e-01 4.899999999999999911e-01 2.904830640000000150e-08 4.899999999999999911e-01 2.046304519999999979e-11 4.899999999999999911e-01 1.520743119999999902e-09 4.899999999999999911e-01 3.399013419999999686e-14 4.899999999999999911e-01 7.966288780000000402e-01 4.899999999999999911e-01 1.442605269999999986e-08 4.899999999999999911e-01 5.910941380000000084e-12 4.899999999999999911e-01 7.563407750000000361e-10 4.899999999999999911e-01 6.520418970000000222e-14 4.899999999999999911e-01 7.933337919999999821e-01
5.000000000000000000e-01 3.400391620000000183e-05 5.000000000000000000e-01 1.037277449999999943e-06 5.000000000000000000e-01 1.982496699999999965e-06 5.000000000000000000e-01 4.623177359999999999e-15 5.000000000000000000e-01 6.213887359999999971e-01 5.000000000000000000e-01 2.880849450000000035e-06 5.000000000000000000e-01 1.772602879999999863e-08 5.000000000000000000e-01 1.513661240000000067e-07 5.000000000000000000e-01 6.741535840000000245e-15 5.000000000000000000e-01 7.192441649999999909e-01 5.000000000000000000e-01 1.619138700000000080e-06 5.000000000000000000e-01 5.270826330000000077e-09 5.000000000000000000e-01 8.549366349999999476e-08 5.000000000000000000e-01 1.353138380000000029e-14 5.000000000000000000e-01 6.942322290000000340e-01 5.000000000000000000e-01 1.054005280000000083e-06 5.000000000000000000e-01 2.371646620000000013e-09 5.000000000000000000e-01 5.651587269999999876e-08 5.000000000000000000e-01 2.891248999999999977e-14 5.000000000000000000e-01 6.740463749999999754e-01 5.000000000000000000e-01 6.286385219999999818e-07 5.000000000000000000e-01 1.011118730000000049e-09 5.000000000000000000e-01 3.411739509999999893e-08 5.000000000000000000e-01 6.129318970000000000e-14 5.000000000000000000e-01 6.618514309999999901e-01 5.000000000000000000e-01 1.370830259999999938e-06 5.000000000000000000e-01 2.209792310000000071e-08 5.000000000000000000e-01 7.515580670000000435e-08 5.000000000000000000e-01 5.792646929999999730e-15 5.000000000000000000e-01 7.390060830000000358e-01 5.000000000000000000e-01 1.801606779999999910e-07 5.000000000000000000e-01 5.594632689999999931e-10 5.000000000000000000e-01 9.458873309999999681e-09 5.000000000000000000e-01 9.405132630000000165e-15 5.000000000000000000e-01 8.031760180000000471e-01 5.000000000000000000e-01 7.074905380000000104e-08 5.000000000000000000e-01 8.911038379999999836e-11 5.000000000000000000e-01 3.710335659999999930e-09 5.000000000000000000e-01 1.855849940000000062e-14 5.000000000000000000e-01 8.030782069999999884e-01 5.000000000000000000e-01 3.498234150000000316e-08 5.000000000000000000e-01 2.473660920000000070e-11 5.000000000000000000e-01 1.840009949999999920e-09 5.000000000000000000e-01 3.418235170000000184e-14 5.000000000000000000e-01 7.966288780000000402e-01 5.000000000000000000e-01 1.736637140000000073e-08 5.000000000000000000e-01 7.142267370000000278e-12 5.000000000000000000e-01 9.148648690000000203e-10 5.000000000000000000e-01 6.537789010000000574e-14 5.000000000000000000e-01 7.933337919999999821e-01
5.100000000000000089e-01 3.977361679999999808e-05 5.100000000000000089e-01 1.213171519999999906e-06 5.100000000000000089e-01 2.350725449999999992e-06 5.100000000000000089e-01 4.680854310000000333e-15 5.100000000000000089e-01 6.213887359999999971e-01 5.100000000000000089e-01 3.458823320000000130e-06 5.100000000000000089e-01 2.133220850000000066e-08 5.100000000000000089e-01 1.829808530000000119e-07 5.100000000000000089e-01 6.785418839999999936e-15 5.100000000000000089e-01 7.192441649999999909e-01 5.100000000000000089e-01 1.942749199999999800e-06 5.100000000000000089e-01 6.328826919999999879e-09 5.100000000000000089e-01 1.032562079999999951e-07 5.100000000000000089e-01 1.364952389999999947e-14 5.100000000000000089e-01 6.942322290000000340e-01 5.100000000000000089e-01 1.260402170000000073e-06 5.100000000000000089e-01 2.831181790000000052e-09 5.100000000000000089e-01 6.805863220000000600e-08 5.100000000000000089e-01 2.929238529999999719e-14 5.100000000000000089e-01 6.740463749999999754e-01 5.100000000000000089e-01 7.497350350000000308e-07 5.100000000000000089e-01 1.201244569999999968e-09 5.100000000000000089e-01 4.099240850000000024e-08 5.100000000000000089e-01 6.226456830000000540e-14 5.100000000000000089e-01 6.618514309999999901e-01 5.100000000000000089e-01 1.632450570000000092e-06 5.100000000000000089e-01 2.635513159999999902e-08 5.100000000000000089e-01 9.013614999999999546e-08 5.100000000000000089e-01 5.870015699999999866e-15 5.100000000000000089e-01 7.390060830000000358e-01 5.100000000000000089e-01 2.168097110000000044e-07 5.100000000000000089e-01 6.752206740000000359e-10 5.100000000000000089e-01 1.143827899999999919e-08 5.100000000000000089e-01 9.498344270000000451e-15 5.100000000000000089e-01 8.031760180000000471e-01 5.100000000000000089e-01 8.516122319999999575e-08 5.100000000000000089e-01 1.076866340000000006e-10 5.100000000000000089e-01 4.487741930000000175e-09 5.100000000000000089e-01 1.874210620000000025e-14 5.100000000000000089e-01 8.030782069999999884e-01 5.100000000000000089e-01 4.207624129999999821e-08 5.100000000000000089e-01 2.986977810000000050e-11 5.100000000000000089e-01 2.224252720000000171e-09 5.100000000000000089e-01 3.439636240000000221e-14 5.100000000000000089e-01 7.966288780000000402e-01 5.100000000000000089e-01 2.087967340000000080e-08 5.100000000000000089e-01 8.620206099999999445e-12 5.100000000000000089e-01 1.105576459999999969e-09 5.100000000000000089e-01 6.558467459999999445e-14 5.100000000000000089e-01 7.933337919999999821e-01
5.200000000000000178e-01 4.637546899999999859e-05 5.200000000000000178e-01 1.413962080000000018e-06 5.200000000000000178e-01 2.780742769999999835e-06 5.200000000000000178e-01 4.738698029999999830e-15 5.200000000000000178e-01 6.213887359999999971e-01 5.200000000000000178e-01 4.145733150000000150e-06 5.200000000000000178e-01 2.562110879999999987e-08 5.200000000000000178e-01 2.209054279999999959e-07 5.200000000000000178e-01 6.835374319999999692e-15 5.200000000000000178e-01 7.192441649999999909e-01 5.200000000000000178e-01 2.327516569999999918e-06 5.200000000000000178e-01 7.581880909999999589e-09 5.200000000000000178e-01 1.245523369999999941e-07 5.200000000000000178e-01 1.378159259999999950e-14 5.200000000000000178e-01 6.942322290000000340e-01 5.200000000000000178e-01 1.504894259999999913e-06 5.200000000000000178e-01 3.370582639999999929e-09 5.200000000000000178e-01 8.185080489999999523e-08 5.200000000000000178e-01 2.970543520000000182e-14 5.200000000000000178e-01 6.740463749999999754e-01 5.200000000000000178e-01 8.927046549999999914e-07 5.200000000000000178e-01 1.422776469999999911e-09 5.200000000000000178e-01 4.918495770000000144e-08 5.200000000000000178e-01 6.330342709999999741e-14 5.200000000000000178e-01 6.618514309999999901e-01 5.200000000000000178e-01 1.940859549999999933e-06 5.200000000000000178e-01 3.138108219999999797e-08 5.200000000000000178e-01 1.079606679999999965e-07 5.200000000000000178e-01 5.950412229999999983e-15 5.200000000000000178e-01 7.390060830000000358e-01 5.200000000000000178e-01 2.605803519999999746e-07 5.200000000000000178e-01 8.139960240000000120e-10 5.200000000000000178e-01 1.381878550000000064e-08 5.200000000000000178e-01 9.597651639999999772e-15 5.200000000000000178e-01 8.031760180000000471e-01 5.200000000000000178e-01 1.023789950000000015e-07 5.200000000000000178e-01 1.299902380000000033e-10 5.200000000000000178e-01 5.422903899999999960e-09 5.200000000000000178e-01 1.893763289999999951e-14 5.200000000000000178e-01 8.030782069999999884e-01 5.200000000000000178e-01 5.054282459999999837e-08 5.200000000000000178e-01 3.602526679999999859e-11 5.200000000000000178e-01 2.686106409999999871e-09 5.200000000000000178e-01 3.463313929999999948e-14 5.200000000000000178e-01 7.966288780000000402e-01 5.200000000000000178e-01 2.507071790000000103e-08 5.200000000000000178e-01 1.039108339999999932e-11 5.200000000000000178e-01 1.334715530000000062e-09 5.200000000000000178e-01 6.582684850000000455e-14 5.200000000000000178e-01 7.933337919999999821e-01
5.300000000000000266e-01 5.389254179999999775e-05 5.300000000000000266e-01 1.641972500000000100e-06 5.300000000000000266e-01 3.281285740000000187e-06 5.300000000000000266e-01 4.796612529999999995e-15 5.300000000000000266e-01 6.213887359999999971e-01 5.300000000000000266e-01 4.960393960000000088e-06 5.300000000000000266e-01 3.070677330000000047e-08 5.300000000000000266e-01 2.663210350000000141e-07 5.300000000000000266e-01 6.891796870000000256e-15 5.300000000000000266e-01 7.192441649999999909e-01 5.300000000000000266e-01 2.784193380000000083e-06 5.300000000000000266e-01 9.060720320000000718e-09 5.300000000000000266e-01 1.500460490000000114e-07 5.300000000000000266e-01 1.392834119999999923e-14 5.300000000000000266e-01 6.942322290000000340e-01 5.300000000000000266e-01 1.793963169999999910e-06 5.300000000000000266e-01 4.001114339999999946e-09 5.300000000000000266e-01 9.830500270000000498e-08 5.300000000000000266e-01 3.015239000000000164e-14 5.300000000000000266e-01 6.740463749999999754e-01 5.300000000000000266e-01 1.061123359999999921e-06 5.300000000000000266e-01 1.679721789999999977e-09 5.300000000000000266e-01 5.893128119999999708e-08 5.300000000000000266e-01 6.440931380000000383e-14 5.300000000000000266e-01 6.618514309999999901e-01 5.300000000000000266e-01 2.303750710000000000e-06 5.300000000000000266e-01 3.730261619999999999e-08 5.300000000000000266e-01 1.291348210000000104e-07 5.300000000000000266e-01 6.033637870000000347e-15 5.300000000000000266e-01 7.390060830000000358e-01 5.300000000000000266e-01 3.127682689999999818e-07 5.300000000000000266e-01 9.800946929999999096e-10 5.300000000000000266e-01 1.667791979999999977e-08 5.300000000000000266e-01 9.703029699999999478e-15 5.300000000000000266e-01 8.031760180000000471e-01 5.300000000000000266e-01 1.229142400000000084e-07 5.300000000000000266e-01 1.567246479999999975e-10 5.300000000000000266e-01 6.546370569999999859e-09 5.300000000000000266e-01 1.914502669999999843e-14 5.300000000000000266e-01 8.030782069999999884e-01 5.300000000000000266e-01 6.063078160000000525e-08 5.300000000000000266e-01 4.339358549999999688e-11 5.300000000000000266e-01 3.240509210000000007e-09 5.300000000000000266e-01 3.489360310000000146e-14 5.300000000000000266e-01 7.966288780000000402e-01 5.300000000000000266e-01 3.006186949999999790e-08 5.300000000000000266e-01 1.250902079999999920e-11 5.300000000000000266e-01 1.609655590000000003e-09 5.300000000000000266e-01 6.610678640000000608e-14 5.300000000000000266e-01 7.933337919999999821e-01
5.400000000000000355e-01 6.240622660000000647e-05 5.400000000000000355e-01 1.899453589999999978e-06 5.400000000000000355e-01 3.861916170000000243e-06 5.400000000000000355e-01 4.854502819999999785e-15 5.400000000000000355e-01 6.213887359999999971e-01 5.400000000000000355e-01 5.924480530000000085e-06 5.400000000000000355e-01 3.671798779999999773e-08 5.400000000000000355e-01 3.206110380000000168e-07 5.400000000000000355e-01 6.955080590000000094e-15 5.400000000000000355e-01 7.192441649999999909e-01 5.400000000000000355e-01 3.325230309999999991e-06 5.400000000000000355e-01 1.079943390000000062e-08 5.400000000000000355e-01 1.805171939999999901e-07 5.400000000000000355e-01 1.409048520000000079e-14 5.400000000000000355e-01 6.942322290000000340e-01 5.400000000000000355e-01 2.135025760000000158e-06 5.400000000000000355e-01 4.734943879999999695e-09 5.400000000000000355e-01 1.179032690000000034e-07 5.400000000000000355e-01 3.063374839999999837e-14 5.400000000000000355e-01 6.740463749999999754e-01 5.400000000000000355e-01 1.259021369999999947e-06 5.400000000000000355e-01 1.976308609999999984e-09 5.400000000000000355e-01 7.050563819999999668e-08 5.400000000000000355e-01 6.558106610000000358e-14 5.400000000000000355e-01 6.618514309999999901e-01 5.400000000000000355e-01 2.729960850000000193e-06 5.400000000000000355e-01 4.426504210000000149e-08 5.400000000000000355e-01 1.542466030000000072e-07 5.400000000000000355e-01 6.119465849999999978e-15 5.400000000000000355e-01 7.390060830000000358e-01 5.400000000000000355e-01 3.748847139999999798e-07 5.400000000000000355e-01 1.178553969999999931e-09 5.400000000000000355e-01 2.010721850000000115e-08 5.400000000000000355e-01 9.814409159999999425e-15 5.400000000000000355e-01 8.031760180000000471e-01 5.400000000000000355e-01 1.473644620000000036e-07 5.400000000000000355e-01 1.887131690000000008e-10 5.400000000000000355e-01 7.894227679999999534e-09 5.400000000000000355e-01 1.936414730000000020e-14 5.400000000000000355e-01 8.030782069999999884e-01 5.400000000000000355e-01 7.263017739999999620e-08 5.400000000000000355e-01 5.219695790000000299e-11 5.400000000000000355e-01 3.905088209999999889e-09 5.400000000000000355e-01 3.517860340000000032e-14 5.400000000000000355e-01 7.966288780000000402e-01 5.400000000000000355e-01 3.599580249999999844e-08 5.400000000000000355e-01 1.503699600000000157e-11 5.400000000000000355e-01 1.939092930000000201e-09 5.400000000000000355e-01 6.642691310000000424e-14 5.400000000000000355e-01 7.933337919999999821e-01
5.500000000000000444e-01 7.199313660000000172e-05 5.500000000000000444e-01 2.188504770000000034e-06 5.500000000000000444e-01 4.532988609999999604e-06 5.500000000000000444e-01 4.912275490000000241e-15 5.500000000000000444e-01 6.213887359999999971e-01 5.500000000000000444e-01 7.062860250000000188e-06 5.500000000000000444e-01 4.379901719999999951e-08 5.500000000000000444e-01 3.853912320000000076e-07 5.500000000000000444e-01 7.025612959999999652e-15 5.500000000000000444e-01 7.192441649999999909e-01 5.500000000000000444e-01 3.964974700000000282e-06 5.500000000000000444e-01 1.283543550000000031e-08 5.500000000000000444e-01 2.168794490000000068e-07 5.500000000000000444e-01 1.426868649999999860e-14 5.500000000000000444e-01 6.942322290000000340e-01 5.500000000000000444e-01 2.536495440000000170e-06 5.500000000000000444e-01 5.585043909999999819e-09 5.500000000000000444e-01 1.412067600000000047e-07 5.500000000000000444e-01 3.114971659999999907e-14 5.500000000000000444e-01 6.740463749999999754e-01 5.500000000000000444e-01 1.490884869999999951e-06 5.500000000000000444e-01 2.316931389999999968e-09 5.500000000000000444e-01 8.422487829999999409e-08 5.500000000000000444e-01 6.681676150000000514e-14 5.500000000000000444e-01 6.618514309999999901e-01 5.500000000000000444e-01 3.229616940000000001e-06 5.500000000000000444e-01 5.243433030000000260e-08 5.500000000000000444e-01 1.839786979999999989e-07 5.500000000000000444e-01 6.207643150000000252e-15 5.500000000000000444e-01 7.390060830000000358e-01 5.500000000000000444e-01 4.486889219999999836e-07 5.500000000000000444e-01 1.415249649999999938e-09 5.500000000000000444e-01 2.421454169999999993e-08 5.500000000000000444e-01 9.931673640000000055e-15 5.500000000000000444e-01 8.031760180000000471e-01 5.500000000000000444e-01 1.764258200000000032e-07 5.500000000000000444e-01 2.269159110000000016e-10 5.500000000000000444e-01 9.509017680000000323e-09 5.500000000000000444e-01 1.959476219999999933e-14 5.500000000000000444e-01 8.030782069999999884e-01 5.500000000000000444e-01 8.687876330000000555e-08 5.500000000000000444e-01 6.269358130000000148e-11 5.500000000000000444e-01 4.700603970000000191e-09 5.500000000000000444e-01 3.548889759999999853e-14 5.500000000000000444e-01 7.966288780000000402e-01 5.500000000000000444e-01 4.303860650000000108e-08 5.500000000000000444e-01 1.804798250000000024e-11 5.500000000000000444e-01 2.333264880000000093e-09 5.500000000000000444e-01 6.678968080000000562e-14 5.500000000000000444e-01 7.933337919999999821e-01
5.600000000000000533e-01 8.272159740000000253e-05 5.600000000000000533e-01 2.510988099999999792e-06 5.600000000000000533e-01 5.305585400000000053e-06 5.600000000000000533e-01 4.969839189999999666e-15 5.600000000000000533e-01 6.213887359999999971e-01 5.600000000000000533e-01 8.403922009999999286e-06 5.600000000000000533e-01 5.211004480000000246e-08 5.600000000000000533e-01 4.625434249999999946e-07 5.600000000000000533e-01 7.103767550000000303e-15 5.600000000000000533e-01 7.192441649999999909e-01 5.600000000000000533e-01 4.719855489999999594e-06 5.600000000000000533e-01 1.520931519999999864e-08 5.600000000000000533e-01 2.602002269999999903e-07 5.600000000000000533e-01 1.446353430000000018e-14 5.600000000000000533e-01 6.942322290000000340e-01 5.600000000000000533e-01 3.007811670000000008e-06 5.600000000000000533e-01 6.565053040000000089e-09 5.600000000000000533e-01 1.688658870000000118e-07 5.600000000000000533e-01 3.170016940000000103e-14 5.600000000000000533e-01 6.740463749999999754e-01 5.600000000000000533e-01 1.761632609999999918e-06 5.600000000000000533e-01 2.706083289999999794e-09 5.600000000000000533e-01 1.004529069999999997e-07 5.600000000000000533e-01 6.811368189999999617e-14 5.600000000000000533e-01 6.618514309999999901e-01 5.600000000000000533e-01 3.814292169999999816e-06 5.600000000000000533e-01 6.199942160000000022e-08 5.600000000000000533e-01 2.191221599999999931e-07 5.600000000000000533e-01 6.297892979999999727e-15 5.600000000000000533e-01 7.390060830000000358e-01 5.600000000000000533e-01 5.362250819999999788e-07 5.600000000000000533e-01 1.697014450000000090e-09 5.600000000000000533e-01 2.912673380000000119e-08 5.600000000000000533e-01 1.005465739999999965e-14 5.600000000000000533e-01 8.031760180000000471e-01 5.600000000000000533e-01 2.109080359999999966e-07 5.600000000000000533e-01 2.724482720000000107e-10 5.600000000000000533e-01 1.144079910000000016e-08 5.600000000000000533e-01 1.983654180000000153e-14 5.600000000000000533e-01 8.030782069999999884e-01 5.600000000000000533e-01 1.037692180000000043e-07 5.600000000000000533e-01 7.518221049999999887e-11 5.600000000000000533e-01 5.651462699999999872e-09 5.600000000000000533e-01 3.582512890000000022e-14 5.600000000000000533e-01 7.966288780000000402e-01 5.600000000000000533e-01 5.138335180000000057e-08 5.600000000000000533e-01 2.162615950000000013e-11 5.600000000000000533e-01 2.804201410000000175e-09 5.600000000000000533e-01 6.719753970000000452e-14 5.600000000000000533e-01 7.933337919999999821e-01
5.699999999999999512e-01 9.464793929999999365e-05 5.699999999999999512e-01 2.868440440000000089e-06 5.699999999999999512e-01 6.191415239999999934e-06 5.699999999999999512e-01 5.027105159999999841e-15 5.699999999999999512e-01 6.213887359999999971e-01 5.699999999999999512e-01 9.979875200000000614e-06 5.699999999999999512e-01 6.182721299999999346e-08 5.699999999999999512e-01 5.542521910000000366e-07 5.699999999999999512e-01 7.189895720000000318e-15 5.699999999999999512e-01 7.192441649999999909e-01 5.699999999999999512e-01 5.608532829999999621e-06 5.699999999999999512e-01 1.796455350000000067e-08 5.699999999999999512e-01 3.117222879999999763e-07 5.699999999999999512e-01 1.467552359999999845e-14 5.699999999999999512e-01 6.942322290000000340e-01 5.699999999999999512e-01 3.559422130000000195e-06 5.699999999999999512e-01 7.689091670000000168e-09 5.699999999999999512e-01 2.016305370000000020e-07 5.699999999999999512e-01 3.228461479999999818e-14 5.699999999999999512e-01 6.740463749999999754e-01 5.699999999999999512e-01 2.076560620000000033e-06 5.699999999999999512e-01 3.148276529999999855e-09 5.699999999999999512e-01 1.196047659999999896e-07 5.699999999999999512e-01 6.946829770000000631e-14 5.699999999999999512e-01 6.618514309999999901e-01 5.699999999999999512e-01 4.497165900000000296e-06 5.699999999999999512e-01 7.317458130000000561e-08 5.699999999999999512e-01 2.605916730000000133e-07 5.699999999999999512e-01 6.389917869999999897e-15 5.699999999999999512e-01 7.390060830000000358e-01 5.699999999999999512e-01 6.398645619999999920e-07 5.699999999999999512e-01 2.031768829999999860e-09 5.699999999999999512e-01 3.499267940000000144e-08 5.699999999999999512e-01 1.018314419999999929e-14 5.699999999999999512e-01 8.031760180000000471e-01 5.699999999999999512e-01 2.517514819999999904e-07 5.699999999999999512e-01 3.266009419999999769e-10 5.699999999999999512e-01 1.374836589999999927e-08 5.699999999999999512e-01 2.008905689999999887e-14 5.699999999999999512e-01 8.030782069999999884e-01 5.699999999999999512e-01 1.237574539999999935e-07 5.699999999999999512e-01 9.000703430000000493e-11 5.699999999999999512e-01 6.786306210000000186e-09 5.699999999999999512e-01 3.618780330000000261e-14 5.699999999999999512e-01 7.966288780000000402e-01 5.699999999999999512e-01 6.125418009999999995e-08 5.699999999999999512e-01 2.586817839999999882e-11 5.699999999999999512e-01 3.366014899999999950e-09 5.699999999999999512e-01 6.765290449999999850e-14 5.699999999999999512e-01 7.933337919999999821e-01
5.799999999999999600e-01 1.078128780000000056e-04 5.799999999999999600e-01 3.261990219999999953e-06 5.799999999999999600e-01 7.202674949999999641e-06 5.799999999999999600e-01 5.083987659999999636e-15 5.799999999999999600e-01 6.213887359999999971e-01 5.799999999999999600e-01 1.182698159999999976e-05 5.799999999999999600e-01 7.314215479999999715e-08 5.799999999999999600e-01 6.630443080000000498e-07 5.799999999999999600e-01 7.284317260000000498e-15 5.799999999999999600e-01 7.192441649999999909e-01 5.799999999999999600e-01 6.651983000000000174e-06 5.799999999999999600e-01 2.114708520000000139e-08 5.799999999999999600e-01 3.728865359999999802e-07 5.799999999999999600e-01 1.490503340000000091e-14 5.799999999999999600e-01 6.942322290000000340e-01 5.799999999999999600e-01 4.202700740000000156e-06 5.799999999999999600e-01 8.971535509999999871e-09 5.799999999999999600e-01 2.403598039999999934e-07 5.799999999999999600e-01 3.290216470000000208e-14 5.799999999999999600e-01 6.740463749999999754e-01 5.799999999999999600e-01 2.441249479999999939e-06 5.799999999999999600e-01 3.647953499999999877e-09 5.799999999999999600e-01 1.421499719999999901e-07 5.799999999999999600e-01 7.087627289999999578e-14 5.799999999999999600e-01 6.618514309999999901e-01 5.799999999999999600e-01 5.293178670000000331e-06 5.799999999999999600e-01 8.620169280000000124e-08 5.799999999999999600e-01 3.094423970000000099e-07 5.799999999999999600e-01 6.483403229999999812e-15 5.799999999999999600e-01 7.390060830000000358e-01 5.799999999999999600e-01 7.623540259999999869e-07 5.799999999999999600e-01 2.428664800000000048e-09 5.799999999999999600e-01 4.198681059999999988e-08 5.799999999999999600e-01 1.031686619999999984e-14 5.799999999999999600e-01 8.031760180000000471e-01 5.799999999999999600e-01 3.000467159999999889e-07 5.799999999999999600e-01 3.908613239999999967e-10 5.799999999999999600e-01 1.650064889999999891e-08 5.799999999999999600e-01 2.035177780000000153e-14 5.799999999999999600e-01 8.030782069999999884e-01 5.799999999999999600e-01 1.473721090000000027e-07 5.799999999999999600e-01 1.075628029999999973e-10 5.799999999999999600e-01 8.138690590000000091e-09 5.799999999999999600e-01 3.657726629999999716e-14 5.799999999999999600e-01 7.966288780000000402e-01 5.799999999999999600e-01 7.291097559999999573e-08 5.799999999999999600e-01 3.088446740000000130e-11 5.799999999999999600e-01 4.035233689999999617e-09 5.799999999999999600e-01 6.815811509999999857e-14 5.799999999999999600e-01 7.933337919999999821e-01
5.899999999999999689e-01 1.222383049999999918e-04 5.899999999999999689e-01 3.692285879999999809e-06 5.899999999999999689e-01 8.351876799999999304e-06 5.899999999999999689e-01 5.140404389999999671e-15 5.899999999999999689e-01 6.213887359999999971e-01 5.899999999999999689e-01 1.398567049999999991e-05 5.899999999999999689e-01 8.626090709999999583e-08 5.899999999999999689e-01 7.918299719999999684e-07 5.899999999999999689e-01 7.387310100000000503e-15 5.899999999999999689e-01 7.192441649999999909e-01 5.899999999999999689e-01 7.873483560000000590e-06 5.899999999999999689e-01 2.480470420000000110e-08 5.899999999999999689e-01 4.453552089999999971e-07 5.899999999999999689e-01 1.515230379999999903e-14 5.899999999999999689e-01 6.942322290000000340e-01 5.899999999999999689e-01 4.949786429999999717e-06 5.899999999999999689e-01 1.042675250000000018e-08 5.899999999999999689e-01 2.860305169999999970e-07 5.899999999999999689e-01 3.355151379999999849e-14 5.899999999999999689e-01 6.740463749999999754e-01 5.899999999999999689e-01 2.861431550000000137e-06 5.899999999999999689e-01 4.209392319999999663e-09 5.899999999999999689e-01 1.686147349999999963e-07 5.899999999999999689e-01 7.233249460000000477e-14 5.899999999999999689e-01 6.618514309999999901e-01 5.899999999999999689e-01 6.219169750000000274e-06 5.899999999999999689e-01 1.013523399999999958e-07 5.899999999999999689e-01 3.668882849999999977e-07 5.899999999999999689e-01 6.578021450000000080e-15 5.899999999999999689e-01 7.390060830000000358e-01 5.899999999999999689e-01 9.068700430000000173e-07 5.899999999999999689e-01 2.898243049999999848e-09 5.899999999999999689e-01 5.031312729999999784e-08 5.899999999999999689e-01 1.045550540000000021e-14 5.899999999999999689e-01 8.031760180000000471e-01 5.899999999999999689e-01 3.570567360000000141e-07 5.899999999999999689e-01 4.669362809999999586e-10 5.899999999999999689e-01 1.977832759999999870e-08 5.899999999999999689e-01 2.062407589999999961e-14 5.899999999999999689e-01 8.030782069999999884e-01 5.899999999999999689e-01 1.752253290000000113e-07 5.899999999999999689e-01 1.283001489999999881e-10 5.899999999999999689e-01 9.747866330000000573e-09 5.899999999999999689e-01 3.699367949999999895e-14 5.899999999999999689e-01 7.966288780000000402e-01 5.899999999999999689e-01 8.665465940000000464e-08 5.899999999999999689e-01 3.680055380000000132e-11 5.899999999999999689e-01 4.831185499999999953e-09 5.899999999999999689e-01 6.871539069999999646e-14 5.899999999999999689e-01 7.933337919999999821e-01
5.999999999999999778e-01 1.379248199999999925e-04 5.999999999999999778e-01 4.159443029999999961e-06 5.999999999999999778e-01 9.651647220000000667e-06 5.999999999999999778e-01 5.196276859999999876e-15 5.999999999999999778e-01 6.213887359999999971e-01 5.999999999999999778e-01 1.650047600000000000e-05 5.999999999999999778e-01 1.014021030000000001e-07 5.999999999999999778e-01 9.439443460000000096e-07 5.999999999999999778e-01 7.499099359999999244e-15 5.999999999999999778e-01 7.192441649999999909e-01 5.999999999999999778e-01 9.298459090000000461e-06 5.999999999999999778e-01 2.898631250000000097e-08 5.999999999999999778e-01 5.310342520000000297e-07 5.999999999999999778e-01 1.541741360000000073e-14 5.999999999999999778e-01 6.942322290000000340e-01 5.999999999999999778e-01 5.813331429999999764e-06 5.999999999999999778e-01 1.206881250000000019e-08 5.999999999999999778e-01 3.397437100000000082e-07 5.999999999999999778e-01 3.423092739999999994e-14 5.999999999999999778e-01 6.740463749999999754e-01 5.999999999999999778e-01 3.342819629999999841e-06 5.999999999999999778e-01 4.836611320000000410e-09 5.999999999999999778e-01 1.995826470000000111e-07 5.999999999999999778e-01 7.383112679999999852e-14 5.999999999999999778e-01 6.618514309999999901e-01 5.999999999999999778e-01 7.293980690000000005e-06 5.999999999999999778e-01 1.189294810000000035e-07 5.999999999999999778e-01 4.343216290000000204e-07 5.999999999999999778e-01 6.673436209999999722e-15 5.999999999999999778e-01 7.390060830000000358e-01 5.999999999999999778e-01 1.077080539999999954e-06 5.999999999999999778e-01 3.452603350000000085e-09 5.999999999999999778e-01 6.020979770000000449e-08 5.999999999999999778e-01 1.059869450000000023e-14 5.999999999999999778e-01 8.031760180000000471e-01 5.999999999999999778e-01 4.242421230000000174e-07 5.999999999999999778e-01 5.567760199999999664e-10 5.999999999999999778e-01 2.367567650000000082e-08 5.999999999999999778e-01 2.090522630000000056e-14 5.999999999999999778e-01 8.030782069999999884e-01 5.999999999999999778e-01 2.080248810000000034e-07 5.999999999999999778e-01 1.527310440000000070e-10 5.999999999999999778e-01 1.165967289999999981e-08 5.999999999999999778e-01 3.743699909999999692e-14 5.999999999999999778e-01 7.966288780000000402e-01 5.999999999999999778e-01 1.028331120000000010e-07 5.999999999999999778e-01 4.375837889999999733e-11 5.999999999999999778e-01 5.776436840000000358e-09 5.999999999999999778e-01 6.932678019999999878e-14 5.999999999999999778e-01 7.933337919999999821e-01
6.099999999999999867e-01 1.548502659999999905e-04 6.099999999999999867e-01 4.663015690000000030e-06 6.099999999999999867e-01 1.111450550000000010e-05 6.099999999999999867e-01 5.251530720000000226e-15 6.099999999999999867e-01 6.213887359999999971e-01 6.099999999999999867e-01 1.941972939999999883e-05 6.099999999999999867e-01 1.187943639999999951e-07 6.099999999999999867e-01 1.123187289999999951e-06 6.099999999999999867e-01 7.619845949999999305e-15 6.099999999999999867e-01 7.192441649999999909e-01 6.099999999999999867e-01 1.095414959999999937e-05 6.099999999999999867e-01 3.374102859999999672e-08 6.099999999999999867e-01 6.320932959999999827e-07 6.099999999999999867e-01 1.570025919999999940e-14 6.099999999999999867e-01 6.942322290000000340e-01 6.099999999999999867e-01 6.806156160000000371e-06 6.099999999999999867e-01 1.391118139999999955e-08 6.099999999999999867e-01 4.027281070000000223e-07 6.099999999999999867e-01 3.493824200000000153e-14 6.099999999999999867e-01 6.740463749999999754e-01 6.099999999999999867e-01 3.890903409999999757e-06 6.099999999999999867e-01 5.533277580000000122e-09 6.099999999999999867e-01 2.356934959999999910e-07 6.099999999999999867e-01 7.536568920000000462e-14 6.099999999999999867e-01 6.618514309999999901e-01 6.099999999999999867e-01 8.538504410000000188e-06 6.099999999999999867e-01 1.392684680000000037e-07 6.099999999999999867e-01 5.133333809999999873e-07 6.099999999999999867e-01 6.769307110000000071e-15 6.099999999999999867e-01 7.390060830000000358e-01 6.099999999999999867e-01 1.277213070000000006e-06 6.099999999999999867e-01 4.105587689999999931e-09 6.099999999999999867e-01 7.195440780000000456e-08 6.099999999999999867e-01 1.074602000000000023e-14 6.099999999999999867e-01 8.031760180000000471e-01 6.099999999999999867e-01 5.032890810000000037e-07 6.099999999999999867e-01 6.625989529999999755e-10 6.099999999999999867e-01 2.830268010000000098e-08 6.099999999999999867e-01 2.119441369999999972e-14 6.099999999999999867e-01 8.030782069999999884e-01 6.099999999999999867e-01 2.465875260000000119e-07 6.099999999999999867e-01 1.814342970000000060e-10 6.099999999999999867e-01 1.392756059999999961e-08 6.099999999999999867e-01 3.790695530000000180e-14 6.099999999999999867e-01 7.966288780000000402e-01 6.099999999999999867e-01 1.218476740000000022e-07 6.099999999999999867e-01 5.191757650000000020e-11 6.099999999999999867e-01 6.897294719999999800e-09 6.099999999999999867e-01 6.999410650000000234e-14 6.099999999999999867e-01 7.933337919999999821e-01
6.199999999999999956e-01 1.729694719999999878e-04 6.199999999999999956e-01 5.201995130000000249e-06 6.199999999999999956e-01 1.275263420000000006e-05 6.199999999999999956e-01 5.306096059999999899e-15 6.199999999999999956e-01 6.213887359999999971e-01 6.199999999999999956e-01 2.279493800000000154e-05 6.199999999999999956e-01 1.386728469999999880e-07 6.199999999999999956e-01 1.333858540000000005e-06 6.199999999999999956e-01 7.749635019999999556e-15 6.199999999999999956e-01 7.192441649999999909e-01 6.199999999999999956e-01 1.286907049999999946e-05 6.199999999999999956e-01 3.911718159999999715e-08 6.199999999999999956e-01 7.509812859999999718e-07 6.199999999999999956e-01 1.600053589999999942e-14 6.199999999999999956e-01 6.942322290000000340e-01 6.199999999999999956e-01 7.940817589999999917e-06 6.199999999999999956e-01 1.596641679999999935e-08 6.199999999999999956e-01 4.763397069999999851e-07 6.199999999999999956e-01 3.567087720000000082e-14 6.199999999999999956e-01 6.740463749999999754e-01 6.199999999999999956e-01 4.510725470000000137e-06 6.199999999999999956e-01 6.302624699999999737e-09 6.199999999999999956e-01 2.776399180000000102e-07 6.199999999999999956e-01 7.692915799999999394e-14 6.199999999999999956e-01 6.618514309999999901e-01 6.199999999999999956e-01 9.975657000000000770e-06 6.199999999999999956e-01 1.627371409999999920e-07 6.199999999999999956e-01 6.057336009999999981e-07 6.199999999999999956e-01 6.865294220000000007e-15 6.199999999999999956e-01 7.390060830000000358e-01 6.199999999999999956e-01 1.512129050000000023e-06 6.199999999999999956e-01 4.872974929999999810e-09 6.199999999999999956e-01 8.586992480000000313e-08 6.199999999999999956e-01 1.089702590000000024e-14 6.199999999999999956e-01 8.031760180000000471e-01 6.199999999999999956e-01 5.961400979999999748e-07 6.199999999999999956e-01 7.869172769999999549e-10 6.199999999999999956e-01 3.378743959999999792e-08 6.199999999999999956e-01 2.149074030000000095e-14 6.199999999999999956e-01 8.030782069999999884e-01 6.199999999999999956e-01 2.918534340000000254e-07 6.199999999999999956e-01 2.150610379999999967e-10 6.199999999999999956e-01 1.661375219999999950e-08 6.199999999999999956e-01 3.840303589999999850e-14 6.199999999999999956e-01 7.966288780000000402e-01 6.199999999999999956e-01 1.441600879999999901e-07 6.199999999999999956e-01 6.145668720000000074e-11 6.199999999999999956e-01 8.224375659999999368e-09 6.199999999999999956e-01 7.071890730000000482e-14 6.199999999999999956e-01 7.933337919999999821e-01
6.300000000000000044e-01 1.922152319999999965e-04 6.300000000000000044e-01 5.774837010000000384e-06 6.300000000000000044e-01 1.457765239999999948e-05 6.300000000000000044e-01 5.359907559999999610e-15 6.300000000000000044e-01 6.213887359999999971e-01 6.300000000000000044e-01 2.667979730000000156e-05 6.300000000000000044e-01 1.612749619999999878e-07 6.300000000000000044e-01 1.580784800000000098e-06 6.300000000000000044e-01 7.888464920000000294e-15 6.300000000000000044e-01 7.192441649999999909e-01 6.300000000000000044e-01 1.507224920000000005e-05 6.300000000000000044e-01 4.516123230000000278e-08 6.300000000000000044e-01 8.904356139999999962e-07 6.300000000000000044e-01 1.631772220000000002e-14 6.300000000000000044e-01 6.942322290000000340e-01 6.300000000000000044e-01 9.229111050000000349e-06 6.300000000000000044e-01 1.824587840000000101e-08 6.300000000000000044e-01 5.620567089999999651e-07 6.300000000000000044e-01 3.642586269999999933e-14 6.300000000000000044e-01 6.740463749999999754e-01 6.300000000000000044e-01 5.206653019999999890e-06 6.300000000000000044e-01 7.147384370000000011e-09 6.300000000000000044e-01 3.261617899999999853e-07 6.300000000000000044e-01 7.851408719999999437e-14 6.300000000000000044e-01 6.618514309999999901e-01 6.300000000000000044e-01 1.163024840000000028e-05 6.300000000000000044e-01 1.897347040000000095e-07 6.300000000000000044e-01 7.135711330000000368e-07 6.300000000000000044e-01 6.961062729999999857e-15 6.300000000000000044e-01 7.390060830000000358e-01 6.300000000000000044e-01 1.787402330000000012e-06 6.300000000000000044e-01 5.772684230000000402e-09 6.300000000000000044e-01 1.023314249999999981e-07 6.300000000000000044e-01 1.105121900000000071e-14 6.300000000000000044e-01 8.031760180000000471e-01 6.300000000000000044e-01 7.050265499999999863e-07 6.300000000000000044e-01 9.325630070000000708e-10 6.300000000000000044e-01 4.027889770000000169e-08 6.300000000000000044e-01 2.179323499999999923e-14 6.300000000000000044e-01 8.030782069999999884e-01 6.300000000000000044e-01 3.449011869999999893e-07 6.300000000000000044e-01 2.543400659999999968e-10 6.300000000000000044e-01 1.979055169999999937e-08 6.300000000000000044e-01 3.892447209999999923e-14 6.300000000000000044e-01 7.966288780000000402e-01 6.300000000000000044e-01 1.702996330000000018e-07 6.300000000000000044e-01 7.257427689999999823e-11 6.300000000000000044e-01 9.793245310000000684e-09 6.300000000000000044e-01 7.150237369999999688e-14 6.300000000000000044e-01 7.933337919999999821e-01
6.400000000000000133e-01 2.125004729999999955e-04 6.400000000000000133e-01 6.379514650000000068e-06 6.400000000000000133e-01 1.660040560000000117e-05 6.400000000000000133e-01 5.412904759999999989e-15 6.400000000000000133e-01 6.213887359999999971e-01 6.400000000000000133e-01 3.112880530000000103e-05 6.400000000000000133e-01 1.868353349999999894e-07 6.400000000000000133e-01 1.869335080000000029e-06 6.400000000000000133e-01 8.036236900000000364e-15 6.400000000000000133e-01 7.192441649999999909e-01 6.400000000000000133e-01 1.759224639999999964e-05 6.400000000000000133e-01 5.191667160000000213e-08 6.400000000000000133e-01 1.053482510000000033e-06 6.400000000000000133e-01 1.665107000000000020e-14 6.400000000000000133e-01 6.942322290000000340e-01 6.400000000000000133e-01 1.068153690000000058e-05 6.400000000000000133e-01 2.075947330000000112e-08 6.400000000000000133e-01 6.614692390000000517e-07 6.400000000000000133e-01 3.719987739999999862e-14 6.400000000000000133e-01 6.740463749999999754e-01 6.400000000000000133e-01 5.982163999999999939e-06 6.400000000000000133e-01 8.069735690000000747e-09 6.400000000000000133e-01 3.820383769999999873e-07 6.400000000000000133e-01 8.011274500000000328e-14 6.400000000000000133e-01 6.618514309999999901e-01 6.400000000000000133e-01 1.352873029999999997e-05 6.400000000000000133e-01 2.206891149999999920e-07 6.400000000000000133e-01 8.391513960000000281e-07 6.400000000000000133e-01 7.056287239999999832e-15 6.400000000000000133e-01 7.390060830000000358e-01 6.400000000000000133e-01 2.109398679999999952e-06 6.400000000000000133e-01 6.824983439999999753e-09 6.400000000000000133e-01 1.217736180000000063e-07 6.400000000000000133e-01 1.120807409999999997e-14 6.400000000000000133e-01 8.031760180000000471e-01 6.400000000000000133e-01 8.325019980000000182e-07 6.400000000000000133e-01 1.102714150000000093e-09 6.400000000000000133e-01 4.794989449999999704e-08 6.400000000000000133e-01 2.210086550000000055e-14 6.400000000000000133e-01 8.030782069999999884e-01 6.400000000000000133e-01 4.069626399999999805e-07 6.400000000000000133e-01 3.000829770000000182e-10 6.400000000000000133e-01 2.354180300000000004e-08 6.400000000000000133e-01 3.947023050000000072e-14 6.400000000000000133e-01 7.966288780000000402e-01 6.400000000000000133e-01 2.008700509999999978e-07 6.400000000000000133e-01 8.548992810000000074e-11 6.400000000000000133e-01 1.164512890000000077e-08 6.400000000000000133e-01 7.234528690000000195e-14 6.400000000000000133e-01 7.933337919999999821e-01
6.500000000000000222e-01 2.337213960000000107e-04 6.500000000000000222e-01 7.013593770000000129e-06 6.500000000000000222e-01 1.883078220000000000e-05 6.500000000000000222e-01 5.465032129999999990e-15 6.500000000000000222e-01 6.213887359999999971e-01 6.500000000000000222e-01 3.619549200000000077e-05 6.500000000000000222e-01 2.155801840000000078e-07 6.500000000000000222e-01 2.205420170000000204e-06 6.500000000000000222e-01 8.192746410000000308e-15 6.500000000000000222e-01 7.192441649999999909e-01 6.500000000000000222e-01 2.045599879999999935e-05 6.500000000000000222e-01 5.942295539999999782e-08 6.500000000000000222e-01 1.243426709999999935e-06 6.500000000000000222e-01 1.699959929999999971e-14 6.500000000000000222e-01 6.942322290000000340e-01 6.500000000000000222e-01 1.230677359999999959e-05 6.500000000000000222e-01 2.351544779999999961e-08 6.500000000000000222e-01 7.762637399999999521e-07 6.500000000000000222e-01 3.798930179999999715e-14 6.500000000000000222e-01 6.740463749999999754e-01 6.500000000000000222e-01 6.839667010000000318e-06 6.500000000000000222e-01 9.071274839999999894e-09 6.500000000000000222e-01 4.460785099999999765e-07 6.500000000000000222e-01 8.171726000000000525e-14 6.500000000000000222e-01 6.618514309999999901e-01 6.500000000000000222e-01 1.569880499999999987e-05 6.500000000000000222e-01 2.560527740000000239e-07 6.500000000000000222e-01 9.850509670000000100e-07 6.500000000000000222e-01 7.150655880000000070e-15 6.500000000000000222e-01 7.390060830000000358e-01 6.500000000000000222e-01 2.485351630000000040e-06 6.500000000000000222e-01 8.052696259999999176e-09 6.500000000000000222e-01 1.446991500000000057e-07 6.500000000000000222e-01 1.136704150000000073e-14 6.500000000000000222e-01 8.031760180000000471e-01 6.500000000000000222e-01 9.814742720000001044e-07 6.500000000000000222e-01 1.300920609999999917e-09 6.500000000000000222e-01 5.700055119999999790e-08 6.500000000000000222e-01 2.241255130000000066e-14 6.500000000000000222e-01 8.030782069999999884e-01 6.500000000000000222e-01 4.794365780000000378e-07 6.500000000000000222e-01 3.531889659999999821e-10 6.500000000000000222e-01 2.796449290000000141e-08 6.500000000000000222e-01 4.003900989999999742e-14 6.500000000000000222e-01 7.966288780000000402e-01 6.500000000000000222e-01 2.365557270000000064e-07 6.500000000000000222e-01 1.004450750000000064e-10 6.500000000000000222e-01 1.382768769999999952e-08 6.500000000000000222e-01 7.324795690000000208e-14 6.500000000000000222e-01 7.933337919999999821e-01
6.600000000000000311e-01 2.557613270000000144e-04 6.600000000000000311e-01 7.674322459999999256e-06 6.600000000000000311e-01 2.127756450000000061e-05 6.600000000000000311e-01 5.516239160000000030e-15 6.600000000000000311e-01 6.213887359999999971e-01 6.600000000000000311e-01 4.193032270000000215e-05 6.600000000000000311e-01 2.477213569999999965e-07 6.600000000000000311e-01 2.595472659999999895e-06 6.600000000000000311e-01 8.357676340000000419e-15 6.600000000000000311e-01 7.192441649999999909e-01 6.600000000000000311e-01 2.368755110000000092e-05 6.600000000000000311e-01 6.771453619999999562e-08 6.600000000000000311e-01 1.463828950000000055e-06 6.600000000000000311e-01 1.736210009999999865e-14 6.600000000000000311e-01 6.942322290000000340e-01 6.600000000000000311e-01 1.411120299999999955e-05 6.600000000000000311e-01 2.652023899999999867e-08 6.600000000000000311e-01 9.082023179999999841e-07 6.600000000000000311e-01 3.879028190000000093e-14 6.600000000000000311e-01 6.740463749999999754e-01 6.600000000000000311e-01 7.780371630000000718e-06 6.600000000000000311e-01 1.015300610000000028e-08 6.600000000000000311e-01 5.191091970000000460e-07 6.600000000000000311e-01 8.331977260000000171e-14 6.600000000000000311e-01 6.618514309999999901e-01 6.600000000000000311e-01 1.816888779999999875e-05 6.600000000000000311e-01 2.962963900000000069e-07 6.600000000000000311e-01 1.154127519999999976e-06 6.600000000000000311e-01 7.243873880000000789e-15 6.600000000000000311e-01 7.390060830000000358e-01 6.600000000000000311e-01 2.923427599999999996e-06 6.600000000000000311e-01 9.481399910000000586e-09 6.600000000000000311e-01 1.716876189999999896e-07 6.600000000000000311e-01 1.152755359999999948e-14 6.600000000000000311e-01 8.031760180000000471e-01 6.600000000000000311e-01 1.155233660000000097e-06 6.600000000000000311e-01 1.531129409999999921e-09 6.600000000000000311e-01 6.766195869999999906e-08 6.600000000000000311e-01 2.272717830000000134e-14 6.600000000000000311e-01 8.030782069999999884e-01 6.600000000000000311e-01 5.638997609999999936e-07 6.600000000000000311e-01 4.146491750000000060e-10 6.600000000000000311e-01 3.317047820000000212e-08 6.600000000000000311e-01 4.062924400000000312e-14 6.600000000000000311e-01 7.966288780000000402e-01 6.600000000000000311e-01 2.781263970000000225e-07 6.600000000000000311e-01 1.177036520000000060e-10 6.600000000000000311e-01 1.639585030000000030e-08 6.600000000000000311e-01 7.421016339999999592e-14 6.600000000000000311e-01 7.933337919999999821e-01
6.700000000000000400e-01 2.784949379999999996e-04 6.700000000000000400e-01 8.358728960000000137e-06 6.700000000000000400e-01 2.394832150000000123e-05 6.700000000000000400e-01 5.566480389999999615e-15 6.700000000000000400e-01 6.213887359999999971e-01 6.700000000000000400e-01 4.837839299999999832e-05 6.700000000000000400e-01 2.834503510000000163e-07 6.700000000000000400e-01 3.046404950000000130e-06 6.700000000000000400e-01 8.530593039999999886e-15 6.700000000000000400e-01 7.192441649999999909e-01 6.700000000000000400e-01 2.730677180000000106e-05 6.700000000000000400e-01 7.682004820000000114e-08 6.700000000000000400e-01 1.718470560000000081e-06 6.700000000000000400e-01 1.773714219999999894e-14 6.700000000000000400e-01 6.942322290000000340e-01 6.700000000000000400e-01 1.609853350000000008e-05 6.700000000000000400e-01 2.977839319999999997e-08 6.700000000000000400e-01 1.059097800000000014e-06 6.700000000000000400e-01 3.959880119999999787e-14 6.700000000000000400e-01 6.740463749999999754e-01 6.700000000000000400e-01 8.804221119999999874e-06 6.700000000000000400e-01 1.131535369999999933e-08 6.700000000000000400e-01 6.019632339999999506e-07 6.700000000000000400e-01 8.491258320000000312e-14 6.700000000000000400e-01 6.618514309999999901e-01 6.700000000000000400e-01 2.096742599999999965e-05 6.700000000000000400e-01 3.419010510000000117e-07 6.700000000000000400e-01 1.349523660000000019e-06 6.700000000000000400e-01 7.335666709999999351e-15 6.700000000000000400e-01 7.390060830000000358e-01 6.700000000000000400e-01 3.432771979999999983e-06 6.700000000000000400e-01 1.113960259999999987e-08 6.700000000000000400e-01 2.034051520000000093e-07 6.700000000000000400e-01 1.168903310000000077e-14 6.700000000000000400e-01 8.031760180000000471e-01 6.700000000000000400e-01 1.357473739999999953e-06 6.700000000000000400e-01 1.797708559999999985e-09 6.700000000000000400e-01 8.020011389999999841e-08 6.700000000000000400e-01 2.304361360000000147e-14 6.700000000000000400e-01 8.030782069999999884e-01 6.700000000000000400e-01 6.621136420000000204e-07 6.700000000000000400e-01 4.855504580000000378e-10 6.700000000000000400e-01 3.928830310000000314e-08 6.700000000000000400e-01 4.123911190000000171e-14 6.700000000000000400e-01 7.966288780000000402e-01 6.700000000000000400e-01 3.264395439999999905e-07 6.700000000000000400e-01 1.375525220000000012e-10 6.700000000000000400e-01 1.941268080000000068e-08 6.700000000000000400e-01 7.523110400000000170e-14 6.700000000000000400e-01 7.933337919999999821e-01
6.800000000000000488e-01 3.017925219999999741e-04 6.800000000000000488e-01 9.063720279999999170e-06 6.800000000000000488e-01 2.684934320000000144e-05 6.800000000000000488e-01 5.615715429999999707e-15 6.800000000000000488e-01 6.213887359999999971e-01 6.800000000000000488e-01 5.557707750000000202e-05 6.800000000000000488e-01 3.229326780000000204e-07 6.800000000000000488e-01 3.565543680000000052e-06 6.800000000000000488e-01 8.710945370000000120e-15 6.800000000000000488e-01 7.192441649999999909e-01 6.800000000000000488e-01 3.132816410000000251e-05 6.800000000000000488e-01 8.676169630000000042e-08 6.800000000000000488e-01 2.011305670000000151e-06 6.800000000000000488e-01 1.812309170000000128e-14 6.800000000000000488e-01 6.942322290000000340e-01 6.800000000000000488e-01 1.826955660000000134e-05 6.800000000000000488e-01 3.329255390000000080e-08 6.800000000000000488e-01 1.230785629999999896e-06 6.800000000000000488e-01 4.041075910000000050e-14 6.800000000000000488e-01 6.740463749999999754e-01 6.800000000000000488e-01 9.909892889999999174e-06 6.800000000000000488e-01 1.255819299999999934e-08 6.800000000000000488e-01 6.954664939999999543e-07 6.800000000000000488e-01 8.648829350000000042e-14 6.800000000000000488e-01 6.618514309999999901e-01 6.800000000000000488e-01 2.412209440000000069e-05 6.800000000000000488e-01 3.933486389999999980e-07 6.800000000000000488e-01 1.574663320000000072e-06 6.800000000000000488e-01 7.425782670000000052e-15 6.800000000000000488e-01 7.390060830000000358e-01 6.800000000000000488e-01 4.023525809999999919e-06 6.800000000000000488e-01 1.305888760000000024e-08 6.800000000000000488e-01 2.406143140000000139e-07 6.800000000000000488e-01 1.185090060000000004e-14 6.800000000000000488e-01 8.031760180000000471e-01 6.800000000000000488e-01 1.592300859999999928e-06 6.800000000000000488e-01 2.105468990000000018e-09 6.800000000000000488e-01 9.492001149999999435e-08 6.800000000000000488e-01 2.336072170000000037e-14 6.800000000000000488e-01 8.030782069999999884e-01 6.800000000000000488e-01 7.760248300000000341e-07 6.800000000000000488e-01 5.670784109999999630e-10 6.800000000000000488e-01 4.646505550000000230e-08 6.800000000000000488e-01 4.186655419999999794e-14 6.800000000000000488e-01 7.966288780000000402e-01 6.800000000000000488e-01 3.824395560000000061e-07 6.800000000000000488e-01 1.603016669999999913e-10 6.800000000000000488e-01 2.295025490000000056e-08 6.800000000000000488e-01 7.630935020000000211e-14 6.800000000000000488e-01 7.933337919999999821e-01
6.899999999999999467e-01 3.255240299999999842e-04 6.899999999999999467e-01 9.786175299999999341e-06 6.899999999999999467e-01 2.998561799999999890e-05 6.899999999999999467e-01 5.663908870000000370e-15 6.899999999999999467e-01 6.213887359999999971e-01 6.899999999999999467e-01 6.355382960000000362e-05 6.899999999999999467e-01 3.663029820000000087e-07 6.899999999999999467e-01 4.160541370000000163e-06 6.899999999999999467e-01 8.898067379999999533e-15 6.899999999999999467e-01 7.192441649999999909e-01 6.899999999999999467e-01 3.575988620000000121e-05 6.899999999999999467e-01 9.755488110000000252e-08 6.899999999999999467e-01 2.346402399999999912e-06 6.899999999999999467e-01 1.851813540000000082e-14 6.899999999999999467e-01 6.942322290000000340e-01 6.899999999999999467e-01 2.062206159999999992e-05 6.899999999999999467e-01 3.706351599999999814e-08 6.899999999999999467e-01 1.425094190000000017e-06 6.899999999999999467e-01 4.122205220000000292e-14 6.899999999999999467e-01 6.740463749999999754e-01 6.899999999999999467e-01 1.109486510000000031e-05 6.899999999999999467e-01 1.388089750000000077e-08 6.899999999999999467e-01 8.004255470000000212e-07 6.899999999999999467e-01 8.803993410000000515e-14 6.899999999999999467e-01 6.618514309999999901e-01 6.899999999999999467e-01 2.765889679999999898e-05 6.899999999999999467e-01 4.511109600000000091e-07 6.899999999999999467e-01 1.833239620000000021e-06 6.899999999999999467e-01 7.513994829999999572e-15 6.899999999999999467e-01 7.390060830000000358e-01 6.899999999999999467e-01 4.706802169999999594e-06 6.899999999999999467e-01 1.527400840000000101e-08 6.899999999999999467e-01 2.841839770000000213e-07 6.899999999999999467e-01 1.201258299999999950e-14 6.899999999999999467e-01 8.031760180000000471e-01 6.899999999999999467e-01 1.864227710000000016e-06 6.899999999999999467e-01 2.459683519999999891e-09 6.899999999999999467e-01 1.121697539999999989e-07 6.899999999999999467e-01 2.367737960000000144e-14 6.899999999999999467e-01 8.030782069999999884e-01 6.899999999999999467e-01 9.077573060000000448e-07 6.899999999999999467e-01 6.605194950000000355e-10 6.899999999999999467e-01 5.486818620000000182e-08 6.899999999999999467e-01 4.250929629999999743e-14 6.899999999999999467e-01 7.966288780000000402e-01 6.899999999999999467e-01 4.471527179999999900e-07 6.899999999999999467e-01 1.862840940000000000e-10 6.899999999999999467e-01 2.709050770000000108e-08 6.899999999999999467e-01 7.744281599999999405e-14 6.899999999999999467e-01 7.933337919999999821e-01
6.999999999999999556e-01 3.495626420000000215e-04 6.999999999999999556e-01 1.052302739999999932e-05 6.999999999999999556e-01 3.336084679999999950e-05 6.999999999999999556e-01 5.711030219999999993e-15 6.999999999999999556e-01 6.213887359999999971e-01 6.999999999999999556e-01 7.232433689999999762e-05 6.999999999999999556e-01 4.136612430000000220e-07 6.999999999999999556e-01 4.839267580000000117e-06 6.999999999999999556e-01 9.091184850000000255e-15 6.999999999999999556e-01 7.192441649999999909e-01 6.999999999999999556e-01 4.060308080000000244e-05 6.999999999999999556e-01 1.092080790000000029e-07 6.999999999999999556e-01 2.727875779999999984e-06 6.999999999999999556e-01 1.892031230000000035e-14 6.999999999999999556e-01 6.942322290000000340e-01 6.999999999999999556e-01 2.315091449999999852e-05 6.999999999999999556e-01 4.109034059999999873e-08 6.999999999999999556e-01 1.643814989999999996e-06 6.999999999999999556e-01 4.202865480000000100e-14 6.999999999999999556e-01 6.740463749999999754e-01 6.999999999999999556e-01 1.235554099999999934e-05 6.999999999999999556e-01 1.528239799999999862e-08 6.999999999999999556e-01 9.176162429999999577e-07 6.999999999999999556e-01 8.956107380000000136e-14 6.999999999999999556e-01 6.618514309999999901e-01 6.999999999999999556e-01 3.160122150000000042e-05 6.999999999999999556e-01 5.156380440000000286e-07 6.999999999999999556e-01 2.129193400000000074e-06 6.999999999999999556e-01 7.600102399999999352e-15 6.999999999999999556e-01 7.390060830000000358e-01 6.999999999999999556e-01 5.494611370000000250e-06 6.999999999999999556e-01 1.782292029999999959e-08 6.999999999999999556e-01 3.350987149999999738e-07 6.999999999999999556e-01 1.217352060000000054e-14 6.999999999999999556e-01 8.031760180000000471e-01 6.999999999999999556e-01 2.178146740000000092e-06 6.999999999999999556e-01 2.866101920000000134e-09 6.999999999999999556e-01 1.323445030000000086e-07 6.999999999999999556e-01 2.399249219999999989e-14 6.999999999999999556e-01 8.030782069999999884e-01 6.999999999999999556e-01 1.059594600000000091e-06 6.999999999999999556e-01 7.672620469999999944e-10 6.999999999999999556e-01 6.468720299999999736e-08 6.999999999999999556e-01 4.316487849999999812e-14 6.999999999999999556e-01 7.966288780000000402e-01 6.999999999999999556e-01 5.216772469999999630e-07 6.999999999999999556e-01 2.158554430000000043e-10 6.999999999999999556e-01 3.192600749999999823e-08 6.999999999999999556e-01 7.862874009999999819e-14 6.999999999999999556e-01 7.933337919999999821e-01
7.099999999999999645e-01 3.737877400000000155e-04 7.099999999999999645e-01 1.127133389999999971e-05 7.099999999999999645e-01 3.697749150000000307e-05 7.099999999999999645e-01 5.757053790000000047e-15 7.099999999999999645e-01 6.213887359999999971e-01 7.099999999999999645e-01 8.189121350000000659e-05 7.099999999999999645e-01 4.650703729999999979e-07 7.099999999999999645e-01 5.609684209999999948e-06 7.099999999999999645e-01 9.289425539999999975e-15 7.099999999999999645e-01 7.192441649999999909e-01 7.099999999999999645e-01 4.585158530000000036e-05 7.099999999999999645e-01 1.217229729999999922e-07 7.099999999999999645e-01 3.159815849999999909e-06 7.099999999999999645e-01 1.932755070000000053e-14 7.099999999999999645e-01 6.942322290000000340e-01 7.099999999999999645e-01 2.584829099999999988e-05 7.099999999999999645e-01 4.537051950000000045e-08 7.099999999999999645e-01 1.888674490000000019e-06 7.099999999999999645e-01 4.282669480000000085e-14 7.099999999999999645e-01 6.740463749999999754e-01 7.099999999999999645e-01 1.368741859999999931e-05 7.099999999999999645e-01 1.676125040000000074e-08 7.099999999999999645e-01 1.047773779999999913e-06 7.099999999999999645e-01 9.104590920000000523e-14 7.099999999999999645e-01 6.618514309999999901e-01 7.099999999999999645e-01 3.596890080000000000e-05 7.099999999999999645e-01 5.873462430000000053e-07 7.099999999999999645e-01 2.466682389999999891e-06 7.099999999999999645e-01 7.683931510000000718e-15 7.099999999999999645e-01 7.390060830000000358e-01 7.099999999999999645e-01 6.399726010000000018e-06 7.099999999999999645e-01 2.074673109999999908e-08 7.099999999999999645e-01 3.944671589999999757e-07 7.099999999999999645e-01 1.233317450000000076e-14 7.099999999999999645e-01 8.031760180000000471e-01 7.099999999999999645e-01 2.539279600000000095e-06 7.099999999999999645e-01 3.330960800000000093e-09 7.099999999999999645e-01 1.558900399999999879e-07 7.099999999999999645e-01 2.430500549999999932e-14 7.099999999999999645e-01 8.030782069999999884e-01 7.099999999999999645e-01 1.233950549999999939e-06 7.099999999999999645e-01 8.887959719999999977e-10 7.099999999999999645e-01 7.613513030000000662e-08 7.099999999999999645e-01 4.383069100000000286e-14 7.099999999999999645e-01 7.966288780000000402e-01 7.099999999999999645e-01 6.071678210000000399e-07 7.099999999999999645e-01 2.493932519999999945e-10 7.099999999999999645e-01 3.756060210000000184e-08 7.099999999999999645e-01 7.986368560000000539e-14 7.099999999999999645e-01 7.933337919999999821e-01
7.199999999999999734e-01 3.980871850000000049e-04 7.199999999999999734e-01 1.202832980000000020e-05 7.199999999999999734e-01 4.083684830000000121e-05 7.199999999999999734e-01 5.801958520000000378e-15 7.199999999999999734e-01 6.213887359999999971e-01 7.199999999999999734e-01 9.224336400000000000e-05 7.199999999999999734e-01 5.205553600000000006e-07 7.199999999999999734e-01 6.479710950000000103e-06 7.199999999999999734e-01 9.491833290000000449e-15 7.199999999999999734e-01 7.192441649999999909e-01 7.199999999999999734e-01 5.149205259999999952e-05 7.199999999999999734e-01 1.350948219999999959e-07 7.199999999999999734e-01 3.646214780000000171e-06 7.199999999999999734e-01 1.973770919999999877e-14 7.199999999999999734e-01 6.942322290000000340e-01 7.199999999999999734e-01 2.870403830000000040e-05 7.199999999999999734e-01 4.990017640000000013e-08 7.199999999999999734e-01 2.161308920000000128e-06 7.199999999999999734e-01 4.361252349999999989e-14 7.199999999999999734e-01 6.740463749999999754e-01 7.199999999999999734e-01 1.508528839999999965e-05 7.199999999999999734e-01 1.831570690000000090e-08 7.199999999999999734e-01 1.191584639999999924e-06 7.199999999999999734e-01 9.248932980000000601e-14 7.199999999999999734e-01 6.618514309999999901e-01 7.199999999999999734e-01 4.077733770000000255e-05 7.199999999999999734e-01 6.666067899999999610e-07 7.199999999999999734e-01 2.850041180000000120e-06 7.199999999999999734e-01 7.765335410000000116e-15 7.199999999999999734e-01 7.390060830000000358e-01 7.199999999999999734e-01 7.435479690000000020e-06 7.199999999999999734e-01 2.408955860000000089e-08 7.199999999999999734e-01 4.635286649999999968e-07 7.199999999999999734e-01 1.249103330000000075e-14 7.199999999999999734e-01 8.031760180000000471e-01 7.199999999999999734e-01 2.953100120000000164e-06 7.199999999999999734e-01 3.860986949999999774e-09 7.199999999999999734e-01 1.833057029999999951e-07 7.199999999999999734e-01 2.461392039999999975e-14 7.199999999999999734e-01 8.030782069999999884e-01 7.199999999999999734e-01 1.433327969999999926e-06 7.199999999999999734e-01 1.026710890000000102e-09 7.199999999999999734e-01 8.944961479999999990e-08 7.199999999999999734e-01 4.450401360000000285e-14 7.199999999999999734e-01 7.966288780000000402e-01 7.199999999999999734e-01 7.048144059999999647e-07 7.199999999999999734e-01 2.872958599999999939e-10 7.199999999999999734e-01 4.410988289999999998e-08 7.199999999999999734e-01 8.114355780000000502e-14 7.199999999999999734e-01 7.933337919999999821e-01
7.299999999999999822e-01 4.223589240000000049e-04 7.299999999999999822e-01 1.279146659999999938e-05 7.299999999999999822e-01 4.493914159999999987e-05 7.299999999999999822e-01 5.845727840000000027e-15 7.299999999999999822e-01 6.213887359999999971e-01 7.299999999999999822e-01 1.033560829999999981e-04 7.299999999999999822e-01 5.801040100000000009e-07 7.299999999999999822e-01 7.457088139999999896e-06 7.299999999999999822e-01 9.697385239999999661e-15 7.299999999999999822e-01 7.192441649999999909e-01 7.299999999999999822e-01 5.750447090000000049e-05 7.299999999999999822e-01 1.493130200000000014e-07 7.299999999999999822e-01 4.190897390000000035e-06 7.299999999999999822e-01 2.014862140000000016e-14 7.299999999999999822e-01 6.942322290000000340e-01 7.299999999999999822e-01 3.170612950000000196e-05 7.299999999999999822e-01 5.467429180000000079e-08 7.299999999999999822e-01 2.463243220000000060e-06 7.299999999999999822e-01 4.438277500000000144e-14 7.299999999999999822e-01 6.740463749999999754e-01 7.299999999999999822e-01 1.654344460000000156e-05 7.299999999999999822e-01 1.994378819999999844e-08 7.299999999999999822e-01 1.349680540000000106e-06 7.299999999999999822e-01 9.388696109999999926e-14 7.299999999999999822e-01 6.618514309999999901e-01 7.299999999999999822e-01 4.603675339999999724e-05 7.299999999999999822e-01 7.537354909999999737e-07 7.299999999999999822e-01 3.283733049999999824e-06 7.299999999999999822e-01 7.844194210000000197e-15 7.299999999999999822e-01 7.390060830000000358e-01 7.299999999999999822e-01 8.615498239999999473e-06 7.299999999999999822e-01 2.789828449999999911e-08 7.299999999999999822e-01 5.436576390000000505e-07 7.299999999999999822e-01 1.264661839999999988e-14 7.299999999999999822e-01 8.031760180000000471e-01 7.299999999999999822e-01 3.425230050000000208e-06 7.299999999999999822e-01 4.463392850000000319e-09 7.299999999999999822e-01 2.151464049999999997e-07 7.299999999999999822e-01 2.491830269999999897e-14 7.299999999999999822e-01 8.030782069999999884e-01 7.299999999999999822e-01 1.660265580000000090e-06 7.299999999999999822e-01 1.182692489999999902e-09 7.299999999999999822e-01 1.048935600000000048e-07 7.299999999999999822e-01 4.518205899999999820e-14 7.299999999999999822e-01 7.966288780000000402e-01 7.299999999999999822e-01 8.158156979999999676e-07 7.299999999999999822e-01 3.299809199999999954e-10 7.299999999999999822e-01 5.170140839999999870e-08 7.299999999999999822e-01 8.246364140000000353e-14 7.299999999999999822e-01 7.933337919999999821e-01
7.399999999999999911e-01 4.465119429999999941e-04 7.399999999999999911e-01 1.355843729999999985e-05 7.399999999999999911e-01 4.928362980000000246e-05 7.399999999999999911e-01 5.888349439999999630e-15 7.399999999999999911e-01 6.213887359999999971e-01 7.399999999999999911e-01 1.151918799999999960e-04 7.399999999999999911e-01 6.436691719999999537e-07 7.399999999999999911e-01 8.549244140000000693e-06 7.399999999999999911e-01 9.905011709999999294e-15 7.399999999999999911e-01 7.192441649999999909e-01 7.399999999999999911e-01 6.386302589999999437e-05 7.399999999999999911e-01 1.643618210000000121e-07 7.399999999999999911e-01 4.797458509999999862e-06 7.399999999999999911e-01 2.055813980000000005e-14 7.399999999999999911e-01 6.942322290000000340e-01 7.399999999999999911e-01 3.484117020000000226e-05 7.399999999999999911e-01 5.968693859999999403e-08 7.399999999999999911e-01 2.795874769999999947e-06 7.399999999999999911e-01 4.513441470000000280e-14 7.399999999999999911e-01 6.740463749999999754e-01 7.399999999999999911e-01 1.805589219999999902e-05 7.399999999999999911e-01 2.164335240000000048e-08 7.399999999999999911e-01 1.522634519999999902e-06 7.399999999999999911e-01 9.523518350000000558e-14 7.399999999999999911e-01 6.618514309999999901e-01 7.399999999999999911e-01 5.175160890000000068e-05 7.399999999999999911e-01 8.489841869999999643e-07 7.399999999999999911e-01 3.772295069999999980e-06 7.399999999999999911e-01 7.920414070000000503e-15 7.399999999999999911e-01 7.390060830000000358e-01 7.399999999999999911e-01 9.953368030000000566e-06 7.399999999999999911e-01 3.222220130000000191e-08 7.399999999999999911e-01 6.363648470000000217e-07 7.399999999999999911e-01 1.279948890000000024e-14 7.399999999999999911e-01 8.031760180000000471e-01 7.399999999999999911e-01 3.961309349999999912e-06 7.399999999999999911e-01 5.145862789999999661e-09 7.399999999999999911e-01 2.520234839999999884e-07 7.399999999999999911e-01 2.521729290000000026e-14 7.399999999999999911e-01 8.030782069999999884e-01 7.399999999999999911e-01 1.917274489999999838e-06 7.399999999999999911e-01 1.358516969999999922e-09 7.399999999999999911e-01 1.227551749999999893e-07 7.399999999999999911e-01 4.586201729999999940e-14 7.399999999999999911e-01 7.966288780000000402e-01 7.399999999999999911e-01 9.413479700000000431e-07 7.399999999999999911e-01 3.778835030000000041e-10 7.399999999999999911e-01 6.047463969999999653e-08 7.399999999999999911e-01 8.381865779999999834e-14 7.399999999999999911e-01 7.933337919999999821e-01
7.500000000000000000e-01 4.704666659999999999e-04 7.500000000000000000e-01 1.432718779999999960e-05 7.500000000000000000e-01 5.386871820000000056e-05 7.500000000000000000e-01 5.929815089999999882e-15 7.500000000000000000e-01 6.213887359999999971e-01 7.500000000000000000e-01 1.277019340000000111e-04 7.500000000000000000e-01 7.111722540000000053e-07 7.500000000000000000e-01 9.763174310000000163e-06 7.500000000000000000e-01 1.011361799999999922e-14 7.500000000000000000e-01 7.192441649999999909e-01 7.500000000000000000e-01 7.053722329999999720e-05 7.500000000000000000e-01 1.802211590000000040e-07 7.500000000000000000e-01 5.469210420000000190e-06 7.500000000000000000e-01 2.096417980000000141e-14 7.500000000000000000e-01 6.942322290000000340e-01 7.500000000000000000e-01 3.809491770000000122e-05 7.500000000000000000e-01 6.493151589999999824e-08 7.500000000000000000e-01 3.160462350000000073e-06 7.500000000000000000e-01 4.586477490000000148e-14 7.500000000000000000e-01 6.740463749999999754e-01 7.500000000000000000e-01 1.961654009999999864e-05 7.500000000000000000e-01 2.341215910000000089e-08 7.500000000000000000e-01 1.710959040000000080e-06 7.500000000000000000e-01 9.653113080000000457e-14 7.500000000000000000e-01 6.618514309999999901e-01 7.500000000000000000e-01 5.792023879999999830e-05 7.500000000000000000e-01 9.525344550000000340e-07 7.500000000000000000e-01 4.320278510000000138e-06 7.500000000000000000e-01 7.993926099999999235e-15 7.500000000000000000e-01 7.390060830000000358e-01 7.500000000000000000e-01 1.146225200000000072e-05 7.500000000000000000e-01 3.711255500000000327e-08 7.500000000000000000e-01 7.432951399999999913e-07 7.500000000000000000e-01 1.294924529999999960e-14 7.500000000000000000e-01 8.031760180000000471e-01 7.500000000000000000e-01 4.566844819999999581e-06 7.500000000000000000e-01 5.916528739999999804e-09 7.500000000000000000e-01 2.946041460000000090e-07 7.500000000000000000e-01 2.551011309999999854e-14 7.500000000000000000e-01 8.030782069999999884e-01 7.500000000000000000e-01 2.206766739999999828e-06 7.500000000000000000e-01 1.556043320000000040e-09 7.500000000000000000e-01 1.433473470000000078e-07 7.500000000000000000e-01 4.654110100000000029e-14 7.500000000000000000e-01 7.966288780000000402e-01 7.500000000000000000e-01 1.082530639999999985e-06 7.500000000000000000e-01 4.314537820000000186e-10 7.500000000000000000e-01 7.058054610000000438e-08 7.500000000000000000e-01 8.520283999999999907e-14 7.500000000000000000e-01 7.933337919999999821e-01
7.600000000000000089e-01 4.941548950000000141e-04 7.600000000000000089e-01 1.509591879999999934e-05 7.600000000000000089e-01 5.869207360000000252e-05 7.600000000000000089e-01 5.970120389999999997e-15 7.600000000000000089e-01 6.213887359999999971e-01 7.600000000000000089e-01 1.408280519999999963e-04 7.600000000000000089e-01 7.825076969999999942e-07 7.600000000000000089e-01 1.110533719999999963e-05 7.600000000000000089e-01 1.032210679999999980e-14 7.600000000000000089e-01 7.192441649999999909e-01 7.600000000000000089e-01 7.749316649999999696e-05 7.600000000000000089e-01 1.968675289999999984e-07 7.600000000000000089e-01 6.209142359999999904e-06 7.600000000000000089e-01 2.136475970000000133e-14 7.600000000000000089e-01 6.942322290000000340e-01 7.600000000000000089e-01 4.145277559999999850e-05 7.600000000000000089e-01 7.040097179999999719e-08 7.600000000000000089e-01 3.558120149999999903e-06 7.600000000000000089e-01 4.657157799999999734e-14 7.600000000000000089e-01 6.740463749999999754e-01 7.600000000000000089e-01 2.121936929999999882e-05 7.600000000000000089e-01 2.524792610000000010e-08 7.600000000000000089e-01 1.915105899999999898e-06 7.600000000000000089e-01 9.777266959999999537e-14 7.600000000000000089e-01 6.618514309999999901e-01 7.600000000000000089e-01 6.453472070000000670e-05 7.600000000000000089e-01 1.064493919999999898e-06 7.600000000000000089e-01 4.932186699999999586e-06 7.600000000000000089e-01 8.064684899999999836e-15 7.600000000000000089e-01 7.390060830000000358e-01 7.600000000000000089e-01 1.315447050000000015e-05 7.600000000000000089e-01 4.262199269999999876e-08 7.600000000000000089e-01 8.662211440000000043e-07 7.600000000000000089e-01 1.309553230000000040e-14 7.600000000000000089e-01 8.031760180000000471e-01 7.600000000000000089e-01 5.247043939999999634e-06 7.600000000000000089e-01 6.783934910000000327e-09 7.600000000000000089e-01 3.436093109999999799e-07 7.600000000000000089e-01 2.579607230000000147e-14 7.600000000000000089e-01 8.030782069999999884e-01 7.600000000000000089e-01 2.530979419999999877e-06 7.600000000000000089e-01 1.777203469999999973e-09 7.600000000000000089e-01 1.670062719999999875e-07 7.600000000000000089e-01 4.721658909999999852e-14 7.600000000000000089e-01 7.966288780000000402e-01 7.600000000000000089e-01 1.240390339999999915e-06 7.600000000000000089e-01 4.911543130000000066e-10 7.600000000000000089e-01 8.218085699999999726e-08 7.600000000000000089e-01 8.661002509999999512e-14 7.600000000000000089e-01 7.933337919999999821e-01
7.700000000000000178e-01 5.175193879999999977e-04 7.700000000000000178e-01 1.586307890000000160e-05 7.700000000000000178e-01 6.375073589999999955e-05 7.700000000000000178e-01 6.009264540000000119e-15 7.700000000000000178e-01 6.213887359999999971e-01 7.700000000000000178e-01 1.545049369999999930e-04 7.700000000000000178e-01 8.575480710000000429e-07 7.700000000000000178e-01 1.258157180000000015e-05 7.700000000000000178e-01 1.052940089999999932e-14 7.700000000000000178e-01 7.192441649999999909e-01 7.700000000000000178e-01 8.469488350000000613e-05 7.700000000000000178e-01 2.142748669999999986e-07 7.700000000000000178e-01 7.019893079999999793e-06 7.700000000000000178e-01 2.175803610000000035e-14 7.700000000000000178e-01 6.942322290000000340e-01 7.700000000000000178e-01 4.490023780000000159e-05 7.700000000000000178e-01 7.608800770000000358e-08 7.700000000000000178e-01 3.989816489999999790e-06 7.700000000000000178e-01 4.725294640000000026e-14 7.700000000000000178e-01 6.740463749999999754e-01 7.700000000000000178e-01 2.285857170000000024e-05 7.700000000000000178e-01 2.714837900000000101e-08 7.700000000000000178e-01 2.135467640000000065e-06 7.700000000000000178e-01 9.895836239999999383e-14 7.700000000000000178e-01 6.618514309999999901e-01 7.700000000000000178e-01 7.158098689999999736e-05 7.700000000000000178e-01 1.184895310000000010e-06 7.700000000000000178e-01 5.612412849999999646e-06 7.700000000000000178e-01 8.132666880000000241e-15 7.700000000000000178e-01 7.390060830000000358e-01 7.700000000000000178e-01 1.504106930000000074e-05 7.700000000000000178e-01 4.880393470000000214e-08 7.700000000000000178e-01 1.007032669999999983e-06 7.700000000000000178e-01 1.323804020000000001e-14 7.700000000000000178e-01 8.031760180000000471e-01 7.700000000000000178e-01 6.006642119999999701e-06 7.700000000000000178e-01 7.756990880000000312e-09 7.700000000000000178e-01 3.998097590000000040e-07 7.700000000000000178e-01 2.607456950000000048e-14 7.700000000000000178e-01 8.030782069999999884e-01 7.700000000000000178e-01 2.891898390000000090e-06 7.700000000000000178e-01 2.023990319999999934e-09 7.700000000000000178e-01 1.940893260000000031e-07 7.700000000000000178e-01 4.788586790000000081e-14 7.700000000000000178e-01 7.966288780000000402e-01 7.700000000000000178e-01 1.415825440000000022e-06 7.700000000000000178e-01 5.574569399999999719e-10 7.700000000000000178e-01 9.544695560000000004e-08 7.700000000000000178e-01 8.803375989999999974e-14 7.700000000000000178e-01 7.933337919999999821e-01
7.800000000000000266e-01 5.405131829999999804e-04 7.800000000000000266e-01 1.662735209999999971e-05 7.800000000000000266e-01 6.904122459999999413e-05 7.800000000000000266e-01 6.047250109999999784e-15 7.800000000000000266e-01 6.213887359999999971e-01 7.800000000000000266e-01 1.686625869999999912e-04 7.800000000000000266e-01 9.361494279999999650e-07 7.800000000000000266e-01 1.419703869999999997e-05 7.800000000000000266e-01 1.073446429999999971e-14 7.800000000000000266e-01 7.192441649999999909e-01 7.800000000000000266e-01 9.210560890000000090e-05 7.800000000000000266e-01 2.324154080000000046e-07 7.800000000000000266e-01 7.903736680000000310e-06 7.800000000000000266e-01 2.214233340000000039e-14 7.800000000000000266e-01 6.942322290000000340e-01 7.800000000000000266e-01 4.842326290000000156e-05 7.800000000000000266e-01 8.198525879999999905e-08 7.800000000000000266e-01 4.456376699999999986e-06 7.800000000000000266e-01 4.790740160000000190e-14 7.800000000000000266e-01 6.740463749999999754e-01 7.800000000000000266e-01 2.452865750000000157e-05 7.800000000000000266e-01 2.911129170000000042e-08 7.800000000000000266e-01 2.372380230000000006e-06 7.800000000000000266e-01 1.000874189999999971e-13 7.800000000000000266e-01 6.618514309999999901e-01 7.800000000000000266e-01 7.903916770000000481e-05 7.800000000000000266e-01 1.313698179999999980e-06 7.800000000000000266e-01 6.365180080000000222e-06 7.800000000000000266e-01 8.197868369999999533e-15 7.800000000000000266e-01 7.390060830000000358e-01 7.800000000000000266e-01 1.713139940000000036e-05 7.800000000000000266e-01 5.571189459999999901e-08 7.800000000000000266e-01 1.167721869999999984e-06 7.800000000000000266e-01 1.337650560000000010e-14 7.800000000000000266e-01 8.031760180000000471e-01 7.800000000000000266e-01 6.849733580000000088e-06 7.800000000000000266e-01 8.844913370000000137e-09 7.800000000000000266e-01 4.640205539999999933e-07 7.800000000000000266e-01 2.634509469999999906e-14 7.800000000000000266e-01 8.030782069999999884e-01 7.800000000000000266e-01 3.291186300000000209e-06 7.800000000000000266e-01 2.298443750000000136e-09 7.800000000000000266e-01 2.249721800000000022e-07 7.800000000000000266e-01 4.854646810000000051e-14 7.800000000000000266e-01 7.966288780000000402e-01 7.800000000000000266e-01 1.609573210000000030e-06 7.800000000000000266e-01 6.308393659999999728e-10 7.800000000000000266e-01 1.105584289999999975e-07 7.800000000000000266e-01 8.946741599999999463e-14 7.800000000000000266e-01 7.933337919999999821e-01
7.900000000000000355e-01 5.630987449999999995e-04 7.900000000000000355e-01 1.738764089999999990e-05 7.900000000000000355e-01 7.455963780000000429e-05 7.900000000000000355e-01 6.084082760000000342e-15 7.900000000000000355e-01 6.213887359999999971e-01 7.900000000000000355e-01 1.832286509999999887e-04 7.900000000000000355e-01 1.018156589999999918e-06 7.900000000000000355e-01 1.595618489999999881e-05 7.900000000000000355e-01 1.093632159999999989e-14 7.900000000000000355e-01 7.192441649999999909e-01 7.900000000000000355e-01 9.968894059999999931e-05 7.900000000000000355e-01 2.512604620000000228e-07 7.900000000000000355e-01 8.862580459999999492e-06 7.900000000000000355e-01 2.251616630000000066e-14 7.900000000000000355e-01 6.942322290000000340e-01 7.900000000000000355e-01 5.200856929999999874e-05 7.900000000000000355e-01 8.808544769999999642e-08 7.900000000000000355e-01 4.958489249999999800e-06 7.900000000000000355e-01 4.853385280000000302e-14 7.900000000000000355e-01 6.740463749999999754e-01 7.900000000000000355e-01 2.622453180000000039e-05 7.900000000000000355e-01 3.113451980000000297e-08 7.900000000000000355e-01 2.626126700000000018e-06 7.900000000000000355e-01 1.011596390000000033e-13 7.900000000000000355e-01 6.618514309999999901e-01 7.900000000000000355e-01 8.688414190000000043e-05 7.900000000000000355e-01 1.450793219999999911e-06 7.900000000000000355e-01 7.194486020000000006e-06 7.900000000000000355e-01 8.260303679999999870e-15 7.900000000000000355e-01 7.390060830000000358e-01 7.900000000000000355e-01 1.943273509999999846e-05 7.900000000000000355e-01 6.339877420000000160e-08 7.900000000000000355e-01 1.350364280000000044e-06 7.900000000000000355e-01 1.351071150000000032e-14 7.900000000000000355e-01 8.031760180000000471e-01 7.900000000000000355e-01 7.779615840000000729e-06 7.900000000000000355e-01 1.005715769999999931e-08 7.900000000000000355e-01 5.370938369999999961e-07 7.900000000000000355e-01 2.660722850000000013e-14 7.900000000000000355e-01 8.030782069999999884e-01 7.900000000000000355e-01 3.730119190000000025e-06 7.900000000000000355e-01 2.602634970000000154e-09 7.900000000000000355e-01 2.600452499999999773e-07 7.900000000000000355e-01 4.919609650000000027e-14 7.900000000000000355e-01 7.966288780000000402e-01 7.900000000000000355e-01 1.822181700000000001e-06 7.900000000000000355e-01 7.117814720000000193e-10 7.900000000000000355e-01 1.277013120000000066e-07 7.900000000000000355e-01 9.090431080000000280e-14 7.900000000000000355e-01 7.933337919999999821e-01
8.000000000000000444e-01 5.852470299999999910e-04 8.000000000000000444e-01 1.814304680000000097e-05 8.000000000000000444e-01 8.030174110000000106e-05 8.000000000000000444e-01 6.119771020000000255e-15 8.000000000000000444e-01 6.213887359999999971e-01 8.000000000000000444e-01 1.981306040000000010e-04 8.000000000000000444e-01 1.103408110000000084e-06 8.000000000000000444e-01 1.786273119999999892e-05 8.000000000000000444e-01 1.113407480000000061e-14 8.000000000000000444e-01 7.192441649999999909e-01 8.000000000000000444e-01 1.074098189999999947e-04 8.000000000000000444e-01 2.707811229999999908e-07 8.000000000000000444e-01 9.897973740000000811e-06 8.000000000000000444e-01 2.287825560000000112e-14 8.000000000000000444e-01 6.942322290000000340e-01 8.000000000000000444e-01 5.564385089999999864e-05 8.000000000000000444e-01 9.438151189999999928e-08 8.000000000000000444e-01 5.496714540000000049e-06 8.000000000000000444e-01 4.913157620000000140e-14 8.000000000000000444e-01 6.740463749999999754e-01 8.000000000000000444e-01 2.794154289999999940e-05 8.000000000000000444e-01 3.321602559999999934e-08 8.000000000000000444e-01 2.896941270000000159e-06 8.000000000000000444e-01 1.021753469999999982e-13 8.000000000000000444e-01 6.618514309999999901e-01 8.000000000000000444e-01 9.508625590000000611e-05 8.000000000000000444e-01 1.596008590000000082e-06 8.000000000000000444e-01 8.104053790000000345e-06 8.000000000000000444e-01 8.320003050000000539e-15 8.000000000000000444e-01 7.390060830000000358e-01 8.000000000000000444e-01 2.194995479999999857e-05 8.000000000000000444e-01 7.191616700000000383e-08 8.000000000000000444e-01 1.557096469999999993e-06 8.000000000000000444e-01 1.364048560000000011e-14 8.000000000000000444e-01 8.031760180000000471e-01 8.000000000000000444e-01 8.798657750000000403e-06 8.000000000000000444e-01 1.140334070000000068e-08 8.000000000000000444e-01 6.199101839999999762e-07 8.000000000000000444e-01 2.686063960000000024e-14 8.000000000000000444e-01 8.030782069999999884e-01 8.000000000000000444e-01 4.209535729999999903e-06 8.000000000000000444e-01 2.938649539999999999e-09 8.000000000000000444e-01 2.997095619999999746e-07 8.000000000000000444e-01 4.983266240000000101e-14 8.000000000000000444e-01 7.966288780000000402e-01 8.000000000000000444e-01 2.053987940000000029e-06 8.000000000000000444e-01 8.007614679999999775e-10 8.000000000000000444e-01 1.470660810000000041e-07 8.000000000000000444e-01 9.233782880000000047e-14 8.000000000000000444e-01 7.933337919999999821e-01
8.100000000000000533e-01 6.069364990000000433e-04 8.100000000000000533e-01 1.889285019999999976e-05 8.100000000000000533e-01 8.626304829999999668e-05 8.100000000000000533e-01 6.154326049999999881e-15 8.100000000000000533e-01 6.213887359999999971e-01 8.100000000000000533e-01 2.132976279999999989e-04 8.100000000000000533e-01 1.191740689999999965e-06 8.100000000000000533e-01 1.991968020000000022e-05 8.100000000000000533e-01 1.132691670000000046e-14 8.100000000000000533e-01 7.192441649999999909e-01 8.100000000000000533e-01 1.152352999999999977e-04 8.100000000000000533e-01 2.909488609999999923e-07 8.100000000000000533e-01 1.101112520000000027e-05 8.100000000000000533e-01 2.322753600000000107e-14 8.100000000000000533e-01 6.942322290000000340e-01 8.100000000000000533e-01 5.931791579999999721e-05 8.100000000000000533e-01 1.008667039999999975e-07 8.100000000000000533e-01 6.071495410000000308e-06 8.100000000000000533e-01 4.970018889999999971e-14 8.100000000000000533e-01 6.740463749999999754e-01 8.100000000000000533e-01 2.967550620000000035e-05 8.100000000000000533e-01 3.535389709999999876e-08 8.100000000000000533e-01 3.185014010000000210e-06 8.100000000000000533e-01 1.031353250000000051e-13 8.100000000000000533e-01 6.618514309999999901e-01 8.100000000000000533e-01 1.036121669999999934e-04 8.100000000000000533e-01 1.749118059999999985e-06 8.100000000000000533e-01 9.097290769999999467e-06 8.100000000000000533e-01 8.377010659999999898e-15 8.100000000000000533e-01 7.390060830000000358e-01 8.100000000000000533e-01 2.468530530000000080e-05 8.100000000000000533e-01 8.131369809999999416e-08 8.100000000000000533e-01 1.790090790000000070e-06 8.100000000000000533e-01 1.376569910000000058e-14 8.100000000000000533e-01 8.031760180000000471e-01 8.100000000000000533e-01 9.908199229999999387e-06 8.100000000000000533e-01 1.289315600000000014e-08 8.100000000000000533e-01 7.133687789999999529e-07 8.100000000000000533e-01 2.710508159999999957e-14 8.100000000000000533e-01 8.030782069999999884e-01 8.100000000000000533e-01 4.729802039999999791e-06 8.100000000000000533e-01 3.308569550000000147e-09 8.100000000000000533e-01 3.443721849999999910e-07 8.100000000000000533e-01 5.045429750000000148e-14 8.100000000000000533e-01 7.966288780000000402e-01 8.100000000000000533e-01 2.305103840000000127e-06 8.100000000000000533e-01 8.982519810000000515e-10 8.100000000000000533e-01 1.688454630000000128e-07 8.100000000000000533e-01 9.376153919999999686e-14 8.100000000000000533e-01 7.933337919999999821e-01
8.199999999999999512e-01 6.281521520000000287e-04 8.199999999999999512e-01 1.963648920000000058e-05 8.199999999999999512e-01 9.243889109999999377e-05 8.199999999999999512e-01 6.187761359999999943e-15 8.199999999999999512e-01 6.213887359999999971e-01 8.199999999999999512e-01 2.286621550000000045e-04 8.199999999999999512e-01 1.282992959999999914e-06 8.199999999999999512e-01 2.212934160000000017e-05 8.199999999999999512e-01 1.151414040000000050e-14 8.199999999999999512e-01 7.192441649999999909e-01 8.199999999999999512e-01 1.231351110000000098e-04 8.199999999999999512e-01 3.117360160000000114e-07 8.199999999999999512e-01 1.220292720000000008e-05 8.199999999999999512e-01 2.356315819999999882e-14 8.199999999999999512e-01 6.942322290000000340e-01 8.199999999999999512e-01 6.302075909999999752e-05 8.199999999999999512e-01 1.075346689999999935e-07 8.199999999999999512e-01 6.683168650000000227e-06 8.199999999999999512e-01 5.023961720000000176e-14 8.199999999999999512e-01 6.740463749999999754e-01 8.199999999999999512e-01 3.142270859999999802e-05 8.199999999999999512e-01 3.754636010000000147e-08 8.199999999999999512e-01 3.490495479999999990e-06 8.199999999999999512e-01 1.040407470000000020e-13 8.199999999999999512e-01 6.618514309999999901e-01 8.199999999999999512e-01 1.124257599999999941e-04 8.199999999999999512e-01 1.909850179999999825e-06 8.199999999999999512e-01 1.017725629999999940e-05 8.199999999999999512e-01 8.431382630000000464e-15 8.199999999999999512e-01 7.390060830000000358e-01 8.199999999999999512e-01 2.763826320000000133e-05 8.199999999999999512e-01 9.163842949999999934e-08 8.199999999999999512e-01 2.051528249999999953e-06 8.199999999999999512e-01 1.388626400000000022e-14 8.199999999999999512e-01 8.031760180000000471e-01 8.199999999999999512e-01 1.110848880000000048e-05 8.199999999999999512e-01 1.453628690000000073e-08 8.199999999999999512e-01 8.183767860000000409e-07 8.199999999999999512e-01 2.734038819999999966e-14 8.199999999999999512e-01 8.030782069999999884e-01 8.199999999999999512e-01 5.290794250000000340e-06 8.199999999999999512e-01 3.714455519999999908e-09 8.199999999999999512e-01 3.944414100000000097e-07 8.199999999999999512e-01 5.105936910000000217e-14 8.199999999999999512e-01 7.966288780000000402e-01 8.199999999999999512e-01 2.575410549999999882e-06 8.199999999999999512e-01 1.004716200000000051e-09 8.199999999999999512e-01 1.932321519999999883e-07 8.199999999999999512e-01 9.516930479999999884e-14 8.199999999999999512e-01 7.933337919999999821e-01
8.299999999999999600e-01 6.488845979999999583e-04 8.299999999999999600e-01 2.037354039999999985e-05 8.299999999999999600e-01 9.882448009999999909e-05 8.299999999999999600e-01 6.220092589999999993e-15 8.299999999999999600e-01 6.213887359999999971e-01 8.299999999999999600e-01 2.441610280000000056e-04 8.299999999999999600e-01 1.377008510000000068e-06 8.299999999999999600e-01 2.449337050000000097e-05 8.299999999999999600e-01 1.169514589999999988e-14 8.299999999999999600e-01 7.192441649999999909e-01 8.299999999999999600e-01 1.310820070000000021e-04 8.299999999999999600e-01 3.331161920000000114e-07 8.299999999999999600e-01 1.347398399999999964e-05 8.299999999999999600e-01 2.388448359999999890e-14 8.299999999999999600e-01 6.942322290000000340e-01 8.299999999999999600e-01 6.674357960000000132e-05 8.299999999999999600e-01 1.143794950000000036e-07 8.299999999999999600e-01 7.331977049999999820e-06 8.299999999999999600e-01 5.075006139999999989e-14 8.299999999999999600e-01 6.740463749999999754e-01 8.299999999999999600e-01 3.317989639999999939e-05 8.299999999999999600e-01 3.979178650000000298e-08 8.299999999999999600e-01 3.813501420000000064e-06 8.299999999999999600e-01 1.048931089999999972e-13 8.299999999999999600e-01 6.618514309999999901e-01 8.299999999999999600e-01 1.214890989999999993e-04 8.299999999999999600e-01 2.077898260000000085e-06 8.299999999999999600e-01 1.134663859999999933e-05 8.299999999999999600e-01 8.483185139999999789e-15 8.299999999999999600e-01 7.390060830000000358e-01 8.299999999999999600e-01 3.080550230000000207e-05 8.299999999999999600e-01 1.029343529999999972e-07 8.299999999999999600e-01 2.343570629999999864e-06 8.299999999999999600e-01 1.400213050000000011e-14 8.299999999999999600e-01 8.031760180000000471e-01 8.299999999999999600e-01 1.239866189999999984e-05 8.299999999999999600e-01 1.634231630000000159e-08 8.299999999999999600e-01 9.358382879999999780e-07 8.299999999999999600e-01 2.756646740000000130e-14 8.299999999999999600e-01 8.030782069999999884e-01 8.299999999999999600e-01 5.891899309999999692e-06 8.299999999999999600e-01 4.158328629999999947e-09 8.299999999999999600e-01 4.503218320000000000e-07 8.299999999999999600e-01 5.164648780000000079e-14 8.299999999999999600e-01 7.966288780000000402e-01 8.299999999999999600e-01 2.864561389999999983e-06 8.299999999999999600e-01 1.120604220000000019e-09 8.299999999999999600e-01 2.204165120000000109e-07 8.299999999999999600e-01 9.655537869999999661e-14 8.299999999999999600e-01 7.933337919999999821e-01
8.399999999999999689e-01 6.691291859999999852e-04 8.399999999999999689e-01 2.110369910000000146e-05 8.399999999999999689e-01 1.054149560000000059e-04 8.399999999999999689e-01 6.251337300000000023e-15 8.399999999999999689e-01 6.213887359999999971e-01 8.399999999999999689e-01 2.597363139999999868e-04 8.399999999999999689e-01 1.473638349999999950e-06 8.399999999999999689e-01 2.701281620000000027e-05 8.399999999999999689e-01 1.186944250000000019e-14 8.399999999999999689e-01 7.192441649999999909e-01 8.399999999999999689e-01 1.390519409999999879e-04 8.399999999999999689e-01 3.550645459999999778e-07 8.399999999999999689e-01 1.482464369999999919e-05 8.399999999999999689e-01 2.419107530000000107e-14 8.399999999999999689e-01 6.942322290000000340e-01 8.399999999999999689e-01 7.047875269999999675e-05 8.399999999999999689e-01 1.213957510000000072e-07 8.399999999999999689e-01 8.018081290000000043e-06 8.399999999999999689e-01 5.123196000000000034e-14 8.399999999999999689e-01 6.740463749999999754e-01 8.399999999999999689e-01 3.494425290000000337e-05 8.399999999999999689e-01 4.208869699999999992e-08 8.399999999999999689e-01 4.154117250000000279e-06 8.399999999999999689e-01 1.056941710000000021e-13 8.399999999999999689e-01 6.618514309999999901e-01 8.399999999999999689e-01 1.307633459999999945e-04 8.399999999999999689e-01 2.252930380000000152e-06 8.399999999999999689e-01 1.260774129999999990e-05 8.399999999999999689e-01 8.532492650000000244e-15 8.399999999999999689e-01 7.390060830000000358e-01 8.399999999999999689e-01 3.418096639999999690e-05 8.399999999999999689e-01 1.152419910000000010e-07 8.399999999999999689e-01 2.668332670000000069e-06 8.399999999999999689e-01 1.411328389999999973e-14 8.399999999999999689e-01 8.031760180000000471e-01 8.399999999999999689e-01 1.377676139999999970e-05 8.399999999999999689e-01 1.832063980000000007e-08 8.399999999999999689e-01 1.066643229999999992e-06 8.399999999999999689e-01 2.778329559999999927e-14 8.399999999999999689e-01 8.030782069999999884e-01 8.399999999999999689e-01 6.532033619999999870e-06 8.399999999999999689e-01 4.642153780000000028e-09 8.399999999999999689e-01 5.124095419999999471e-07 8.399999999999999689e-01 5.221450800000000165e-14 8.399999999999999689e-01 7.966288780000000402e-01 8.399999999999999689e-01 3.171992870000000051e-06 8.399999999999999689e-01 1.246349610000000064e-09 8.399999999999999689e-01 2.505843380000000241e-07 8.399999999999999689e-01 9.791448629999999952e-14 8.399999999999999689e-01 7.933337919999999821e-01
8.499999999999999778e-01 6.888852189999999671e-04 8.499999999999999778e-01 2.182676269999999976e-05 8.499999999999999778e-01 1.122054349999999971e-04 8.499999999999999778e-01 6.281514709999999730e-15 8.499999999999999778e-01 6.213887359999999971e-01 8.499999999999999778e-01 2.753357869999999781e-04 8.499999999999999778e-01 1.572742500000000003e-06 8.499999999999999778e-01 2.968817679999999863e-05 8.499999999999999778e-01 1.203664799999999924e-14 8.499999999999999778e-01 7.192441649999999909e-01 8.499999999999999778e-01 1.470240879999999944e-04 8.499999999999999778e-01 3.775579969999999875e-07 8.499999999999999778e-01 1.625502989999999984e-05 8.499999999999999778e-01 2.448268429999999970e-14 8.499999999999999778e-01 6.942322290000000340e-01 8.499999999999999778e-01 7.421976980000000526e-05 8.499999999999999778e-01 1.285785079999999915e-07 8.499999999999999778e-01 8.741571470000000354e-06 8.499999999999999778e-01 5.168595320000000145e-14 8.499999999999999778e-01 6.740463749999999754e-01 8.499999999999999778e-01 3.671336750000000099e-05 8.499999999999999778e-01 4.443576180000000182e-08 8.499999999999999778e-01 4.512402299999999648e-06 8.499999999999999778e-01 1.064458959999999975e-13 8.499999999999999778e-01 6.618514309999999901e-01 8.499999999999999778e-01 1.402096410000000124e-04 8.499999999999999778e-01 2.434599129999999970e-06 8.499999999999999778e-01 1.396247889999999984e-05 8.499999999999999778e-01 8.579386179999999863e-15 8.499999999999999778e-01 7.390060830000000358e-01 8.499999999999999778e-01 3.775604069999999969e-05 8.499999999999999778e-01 1.285981030000000009e-07 8.499999999999999778e-01 3.027855580000000069e-06 8.499999999999999778e-01 1.421974080000000084e-14 8.499999999999999778e-01 8.031760180000000471e-01 8.499999999999999778e-01 1.523979610000000001e-05 8.499999999999999778e-01 2.048038279999999836e-08 8.499999999999999778e-01 1.211656739999999965e-06 8.499999999999999778e-01 2.799091089999999934e-14 8.499999999999999778e-01 8.030782069999999884e-01 8.499999999999999778e-01 7.209677879999999996e-06 8.499999999999999778e-01 5.167824130000000041e-09 8.499999999999999778e-01 5.810875809999999840e-07 8.499999999999999778e-01 5.276252480000000043e-14 8.499999999999999778e-01 7.966288780000000402e-01 8.499999999999999778e-01 3.496943099999999994e-06 8.499999999999999778e-01 1.382366460000000003e-09 8.499999999999999778e-01 2.839147839999999956e-07 8.499999999999999778e-01 9.924188910000000556e-14 8.499999999999999778e-01 7.933337919999999821e-01
8.599999999999999867e-01 7.081552420000000346e-04 8.599999999999999867e-01 2.254261429999999974e-05 8.599999999999999867e-01 1.191910399999999938e-04 8.599999999999999867e-01 6.310645500000000122e-15 8.599999999999999867e-01 6.213887359999999971e-01 8.599999999999999867e-01 2.909131240000000038e-04 8.599999999999999867e-01 1.674191219999999911e-06 8.599999999999999867e-01 3.251945749999999967e-05 8.599999999999999867e-01 1.219648539999999956e-14 8.599999999999999867e-01 7.192441649999999909e-01 8.599999999999999867e-01 1.549807429999999959e-04 8.599999999999999867e-01 4.005753529999999821e-07 8.599999999999999867e-01 1.776507350000000124e-05 8.599999999999999867e-01 2.475923209999999943e-14 8.599999999999999867e-01 6.942322290000000340e-01 8.599999999999999867e-01 7.796115720000000051e-05 8.599999999999999867e-01 1.359233380000000008e-07 8.599999999999999867e-01 9.502477820000000509e-06 8.599999999999999867e-01 5.211284760000000314e-14 8.599999999999999867e-01 6.740463749999999754e-01 8.599999999999999867e-01 3.848520010000000037e-05 8.599999999999999867e-01 4.683179800000000053e-08 8.599999999999999867e-01 4.888393629999999622e-06 8.599999999999999867e-01 1.071503950000000012e-13 8.599999999999999867e-01 6.618514309999999901e-01 8.599999999999999867e-01 1.497722030000000039e-04 8.599999999999999867e-01 2.622543079999999874e-06 8.599999999999999867e-01 1.541232039999999927e-05 8.599999999999999867e-01 8.622954210000000254e-15 8.599999999999999867e-01 7.390060830000000358e-01 8.599999999999999867e-01 4.151485930000000057e-05 8.599999999999999867e-01 1.430349239999999989e-07 8.599999999999999867e-01 3.424066040000000016e-06 8.599999999999999867e-01 1.431988840000000035e-14 8.599999999999999867e-01 8.031760180000000471e-01 8.599999999999999867e-01 1.678183370000000069e-05 8.599999999999999867e-01 2.283022719999999958e-08 8.599999999999999867e-01 1.371702530000000000e-06 8.599999999999999867e-01 2.818614300000000115e-14 8.599999999999999867e-01 8.030782069999999884e-01 8.599999999999999867e-01 7.921981250000000090e-06 8.599999999999999867e-01 5.737123790000000273e-09 8.599999999999999867e-01 6.567186379999999500e-07 8.599999999999999867e-01 5.328368970000000267e-14 8.599999999999999867e-01 7.966288780000000402e-01 8.599999999999999867e-01 3.838018730000000322e-06 8.599999999999999867e-01 1.529040730000000073e-09 8.599999999999999867e-01 3.205769529999999875e-07 8.599999999999999867e-01 1.005217710000000003e-13 8.599999999999999867e-01 7.933337919999999821e-01
8.699999999999999956e-01 7.269444170000000528e-04 8.699999999999999956e-01 2.325120849999999848e-05 8.699999999999999956e-01 1.263669370000000127e-04 8.699999999999999956e-01 6.338751629999999613e-15 8.699999999999999956e-01 6.213887359999999971e-01 8.699999999999999956e-01 3.064278810000000157e-04 8.699999999999999956e-01 1.777865600000000104e-06 8.699999999999999956e-01 3.550622999999999768e-05 8.699999999999999956e-01 1.234877690000000003e-14 8.699999999999999956e-01 7.192441649999999909e-01 8.699999999999999956e-01 1.629071410000000099e-04 8.699999999999999956e-01 4.240973780000000104e-07 8.699999999999999956e-01 1.935454359999999970e-05 8.699999999999999956e-01 2.502079289999999954e-14 8.699999999999999956e-01 6.942322290000000340e-01 8.699999999999999956e-01 8.169837950000000430e-05 8.699999999999999956e-01 1.434263179999999922e-07 8.699999999999999956e-01 1.030078059999999963e-05 8.699999999999999956e-01 5.251358289999999716e-14 8.699999999999999956e-01 6.740463749999999754e-01 8.699999999999999956e-01 4.025804409999999840e-05 8.699999999999999956e-01 4.927576520000000190e-08 8.699999999999999956e-01 5.282109640000000032e-06 8.699999999999999956e-01 1.078098849999999988e-13 8.699999999999999956e-01 6.618514309999999901e-01 8.699999999999999956e-01 1.594201749999999936e-04 8.699999999999999956e-01 2.816386250000000144e-06 8.699999999999999956e-01 1.695822000000000109e-05 8.699999999999999956e-01 8.663827809999999814e-15 8.699999999999999956e-01 7.390060830000000358e-01 8.699999999999999956e-01 4.544560900000000204e-05 8.699999999999999956e-01 1.585792599999999969e-07 8.699999999999999956e-01 3.858729420000000421e-06 8.699999999999999956e-01 1.441468480000000088e-14 8.699999999999999956e-01 8.031760180000000471e-01 8.699999999999999956e-01 1.839854929999999895e-05 8.699999999999999956e-01 2.537820399999999952e-08 8.699999999999999956e-01 1.547543769999999963e-06 8.699999999999999956e-01 2.837088209999999886e-14 8.699999999999999956e-01 8.030782069999999884e-01 8.699999999999999956e-01 8.666916770000000460e-06 8.699999999999999956e-01 6.351682819999999876e-09 8.699999999999999956e-01 7.396366529999999532e-07 8.699999999999999956e-01 5.378079660000000077e-14 8.699999999999999956e-01 7.966288780000000402e-01 8.699999999999999956e-01 4.194241069999999701e-06 8.699999999999999956e-01 1.686719779999999995e-09 8.699999999999999956e-01 3.607259729999999784e-07 8.699999999999999956e-01 1.017565959999999945e-13 8.699999999999999956e-01 7.933337919999999821e-01
8.800000000000000044e-01 7.452599769999999598e-04 8.800000000000000044e-01 2.395255939999999927e-05 8.800000000000000044e-01 1.337283499999999882e-04 8.800000000000000044e-01 6.365856120000000369e-15 8.800000000000000044e-01 6.213887359999999971e-01 8.800000000000000044e-01 3.218452880000000071e-04 8.800000000000000044e-01 1.883657749999999905e-06 8.800000000000000044e-01 3.864768999999999860e-05 8.800000000000000044e-01 1.249343630000000040e-14 8.800000000000000044e-01 7.192441649999999909e-01 8.800000000000000044e-01 1.707912099999999995e-04 8.800000000000000044e-01 4.481068060000000146e-07 8.800000000000000044e-01 2.102307500000000031e-05 8.800000000000000044e-01 2.526757290000000076e-14 8.800000000000000044e-01 6.942322290000000340e-01 8.800000000000000044e-01 8.542773879999999878e-05 8.800000000000000044e-01 1.510840099999999881e-07 8.800000000000000044e-01 1.113641909999999920e-05 8.800000000000000044e-01 5.288920060000000111e-14 8.800000000000000044e-01 6.740463749999999754e-01 8.800000000000000044e-01 4.203048789999999906e-05 8.800000000000000044e-01 5.176675999999999919e-08 8.800000000000000044e-01 5.693553149999999673e-06 8.800000000000000044e-01 1.084266419999999972e-13 8.800000000000000044e-01 6.618514309999999901e-01 8.800000000000000044e-01 1.691259100000000004e-04 8.800000000000000044e-01 3.015781390000000036e-06 8.800000000000000044e-01 1.860091609999999876e-05 8.800000000000000044e-01 8.702537539999999263e-15 8.800000000000000044e-01 7.390060830000000358e-01 8.800000000000000044e-01 4.953553439999999975e-05 8.800000000000000044e-01 1.752553499999999891e-07 8.800000000000000044e-01 4.333508930000000093e-06 8.800000000000000044e-01 1.450494810000000030e-14 8.800000000000000044e-01 8.031760180000000471e-01 8.800000000000000044e-01 2.008521380000000050e-05 8.800000000000000044e-01 2.813209440000000036e-08 8.800000000000000044e-01 1.739906729999999911e-06 8.800000000000000044e-01 2.854674200000000170e-14 8.800000000000000044e-01 8.030782069999999884e-01 8.800000000000000044e-01 9.442318850000000615e-06 8.800000000000000044e-01 7.013078749999999955e-09 8.800000000000000044e-01 8.301585499999999980e-07 8.800000000000000044e-01 5.425629639999999838e-14 8.800000000000000044e-01 7.966288780000000402e-01 8.800000000000000044e-01 4.564576339999999609e-06 8.800000000000000044e-01 1.855739390000000017e-09 8.800000000000000044e-01 4.045088259999999902e-07 8.800000000000000044e-01 1.029485230000000002e-13 8.800000000000000044e-01 7.933337919999999821e-01
8.900000000000000133e-01 7.631107570000000145e-04 8.900000000000000133e-01 2.464672909999999996e-05 8.900000000000000133e-01 1.412705869999999933e-04 8.900000000000000133e-01 6.391982869999999665e-15 8.900000000000000133e-01 6.213887359999999971e-01 8.900000000000000133e-01 3.371359210000000233e-04 8.900000000000000133e-01 1.991470779999999790e-06 8.900000000000000133e-01 4.194271260000000329e-05 8.900000000000000133e-01 1.263045969999999980e-14 8.900000000000000133e-01 7.192441649999999909e-01 8.900000000000000133e-01 1.786232969999999930e-04 8.900000000000000133e-01 4.725883119999999899e-07 8.900000000000000133e-01 2.277019429999999935e-05 8.900000000000000133e-01 2.549989089999999934e-14 8.900000000000000133e-01 6.942322290000000340e-01 8.900000000000000133e-01 8.914627109999999615e-05 8.900000000000000133e-01 1.588934509999999871e-07 8.900000000000000133e-01 1.200929930000000079e-05 8.900000000000000133e-01 5.324081629999999713e-14 8.900000000000000133e-01 6.740463749999999754e-01 8.900000000000000133e-01 4.380137839999999664e-05 8.900000000000000133e-01 5.430400929999999907e-08 8.900000000000000133e-01 6.122714189999999858e-06 8.900000000000000133e-01 1.090029670000000048e-13 8.900000000000000133e-01 6.618514309999999901e-01 8.900000000000000133e-01 1.788571869999999969e-04 8.900000000000000133e-01 3.220397640000000027e-06 8.900000000000000133e-01 2.034082310000000134e-05 8.900000000000000133e-01 8.739178970000000327e-15 8.900000000000000133e-01 7.390060830000000358e-01 8.900000000000000133e-01 5.376881460000000054e-05 8.900000000000000133e-01 1.930837309999999874e-07 8.900000000000000133e-01 4.849918040000000150e-06 8.900000000000000133e-01 1.459079150000000031e-14 8.900000000000000133e-01 8.031760180000000471e-01 8.900000000000000133e-01 2.183582360000000113e-05 8.900000000000000133e-01 3.109918380000000176e-08 8.900000000000000133e-01 1.949461240000000145e-06 8.900000000000000133e-01 2.871394809999999748e-14 8.900000000000000133e-01 8.030782069999999884e-01 8.900000000000000133e-01 1.024547200000000049e-05 8.900000000000000133e-01 7.722780349999999369e-09 8.900000000000000133e-01 9.285755470000000140e-07 8.900000000000000133e-01 5.471014569999999700e-14 8.900000000000000133e-01 7.966288780000000402e-01 8.900000000000000133e-01 4.947736369999999663e-06 8.900000000000000133e-01 2.036409890000000132e-09 8.900000000000000133e-01 4.520602540000000076e-07 8.900000000000000133e-01 1.040952890000000020e-13 8.900000000000000133e-01 7.933337919999999821e-01
9.000000000000000222e-01 7.805067969999999978e-04 9.000000000000000222e-01 2.533381880000000003e-05 9.000000000000000222e-01 1.489890490000000001e-04 9.000000000000000222e-01 6.417156510000000166e-15 9.000000000000000222e-01 6.213887359999999971e-01 9.000000000000000222e-01 3.522752890000000218e-04 9.000000000000000222e-01 2.101218439999999865e-06 9.000000000000000222e-01 4.538990370000000002e-05 9.000000000000000222e-01 1.275991609999999999e-14 9.000000000000000222e-01 7.192441649999999909e-01 9.000000000000000222e-01 1.863958789999999911e-04 9.000000000000000222e-01 4.975284569999999968e-07 9.000000000000000222e-01 2.459534239999999945e-05 9.000000000000000222e-01 2.571815830000000010e-14 9.000000000000000222e-01 6.942322290000000340e-01 9.000000000000000222e-01 9.285164719999999556e-05 9.000000000000000222e-01 1.668521259999999979e-07 9.000000000000000222e-01 1.291930059999999976e-05 9.000000000000000222e-01 5.356959469999999958e-14 9.000000000000000222e-01 6.740463749999999754e-01 9.000000000000000222e-01 4.556978579999999710e-05 9.000000000000000222e-01 5.688686299999999780e-08 9.000000000000000222e-01 6.569572420000000074e-06 9.000000000000000222e-01 1.095411559999999996e-13 9.000000000000000222e-01 6.618514309999999901e-01 9.000000000000000222e-01 1.885845719999999868e-04 9.000000000000000222e-01 3.429923670000000076e-06 9.000000000000000222e-01 2.217804659999999888e-05 9.000000000000000222e-01 8.773847879999999960e-15 9.000000000000000222e-01 7.390060830000000358e-01 9.000000000000000222e-01 5.812886740000000125e-05 9.000000000000000222e-01 2.120813570000000030e-07 9.000000000000000222e-01 5.409307839999999671e-06 9.000000000000000222e-01 1.467234299999999995e-14 9.000000000000000222e-01 8.031760180000000471e-01 9.000000000000000222e-01 2.364402460000000127e-05 9.000000000000000222e-01 3.428621630000000122e-08 9.000000000000000222e-01 2.176815200000000144e-06 9.000000000000000222e-01 2.887275430000000045e-14 9.000000000000000222e-01 8.030782069999999884e-01 9.000000000000000222e-01 1.107354229999999965e-05 9.000000000000000222e-01 8.482140079999999771e-09 9.000000000000000222e-01 1.035151049999999946e-06 9.000000000000000222e-01 5.514246700000000297e-14 9.000000000000000222e-01 7.966288780000000402e-01 9.000000000000000222e-01 5.342386339999999875e-06 9.000000000000000222e-01 2.229014880000000169e-09 9.000000000000000222e-01 5.035018549999999813e-07 9.000000000000000222e-01 1.051952290000000030e-13 9.000000000000000222e-01 7.933337919999999821e-01
9.100000000000000311e-01 7.974590040000000208e-04 9.100000000000000311e-01 2.601396010000000083e-05 9.100000000000000311e-01 1.568792429999999914e-04 9.100000000000000311e-01 6.441402239999999702e-15 9.100000000000000311e-01 6.213887359999999971e-01 9.100000000000000311e-01 3.672433719999999846e-04 9.100000000000000311e-01 2.212824580000000029e-06 9.100000000000000311e-01 4.898764700000000027e-05 9.100000000000000311e-01 1.288193669999999945e-14 9.100000000000000311e-01 7.192441649999999909e-01 9.100000000000000311e-01 1.941032719999999921e-04 9.100000000000000311e-01 5.229156049999999655e-07 9.100000000000000311e-01 2.649789439999999919e-05 9.100000000000000311e-01 2.592286110000000073e-14 9.100000000000000311e-01 6.942322290000000340e-01 9.100000000000000311e-01 9.654207879999999781e-05 9.100000000000000311e-01 1.749579440000000060e-07 9.100000000000000311e-01 1.386628230000000029e-05 9.100000000000000311e-01 5.387672800000000206e-14 9.100000000000000311e-01 6.740463749999999754e-01 9.100000000000000311e-01 4.733497170000000191e-05 9.100000000000000311e-01 5.951478690000000045e-08 9.100000000000000311e-01 7.034099149999999797e-06 9.100000000000000311e-01 1.100434759999999963e-13 9.100000000000000311e-01 6.618514309999999901e-01 9.100000000000000311e-01 1.982816070000000084e-04 9.100000000000000311e-01 3.644070969999999912e-06 9.100000000000000311e-01 2.411241299999999861e-05 9.100000000000000311e-01 8.806639489999999953e-15 9.100000000000000311e-01 7.390060830000000358e-01 9.100000000000000311e-01 6.259874749999999404e-05 9.100000000000000311e-01 2.322618819999999877e-07 9.100000000000000311e-01 6.012861479999999668e-06 9.100000000000000311e-01 1.474974209999999936e-14 9.100000000000000311e-01 8.031760180000000471e-01 9.100000000000000311e-01 2.550326819999999925e-05 9.100000000000000311e-01 3.769938000000000098e-08 9.100000000000000311e-01 2.422511879999999995e-06 9.100000000000000311e-01 2.902343679999999873e-14 9.100000000000000311e-01 8.030782069999999884e-01 9.100000000000000311e-01 1.192364389999999923e-05 9.100000000000000311e-01 9.292393399999999432e-09 9.100000000000000311e-01 1.150119829999999944e-06 9.100000000000000311e-01 5.555352949999999938e-14 9.100000000000000311e-01 7.966288780000000402e-01 9.100000000000000311e-01 5.747175450000000313e-06 9.100000000000000311e-01 2.433811549999999972e-09 9.100000000000000311e-01 5.589417759999999847e-07 9.100000000000000311e-01 1.062472409999999998e-13 9.100000000000000311e-01 7.933337919999999821e-01
9.200000000000000400e-01 8.139788740000000094e-04 9.200000000000000400e-01 2.668730890000000079e-05 9.200000000000000400e-01 1.649367879999999898e-04 9.200000000000000400e-01 6.464745659999999974e-15 9.200000000000000400e-01 6.213887359999999971e-01 9.200000000000000400e-01 3.820241480000000187e-04 9.200000000000000400e-01 2.326222600000000095e-06 9.200000000000000400e-01 5.273414639999999940e-05 9.200000000000000400e-01 1.299670569999999971e-14 9.200000000000000400e-01 7.192441649999999909e-01 9.200000000000000400e-01 2.017413539999999867e-04 9.200000000000000400e-01 5.487398309999999980e-07 9.200000000000000400e-01 2.847717659999999968e-05 9.200000000000000400e-01 2.611454200000000135e-14 9.200000000000000400e-01 6.942322290000000340e-01 9.200000000000000400e-01 1.002162329999999946e-04 9.200000000000000400e-01 1.832092159999999990e-07 9.200000000000000400e-01 1.485008789999999922e-05 9.200000000000000400e-01 5.416341729999999975e-14 9.200000000000000400e-01 6.740463749999999754e-01 9.200000000000000400e-01 4.909635909999999917e-05 9.200000000000000400e-01 6.218735519999999371e-08 9.200000000000000400e-01 7.516259170000000264e-06 9.200000000000000400e-01 1.105121420000000063e-13 9.200000000000000400e-01 6.618514309999999901e-01 9.200000000000000400e-01 2.079248950000000119e-04 9.200000000000000400e-01 3.862576060000000063e-06 9.200000000000000400e-01 2.614349919999999844e-05 9.200000000000000400e-01 8.837647740000000746e-15 9.200000000000000400e-01 7.390060830000000358e-01 9.200000000000000400e-01 6.716151749999999508e-05 9.200000000000000400e-01 2.536359889999999954e-07 9.200000000000000400e-01 6.661592379999999769e-06 9.200000000000000400e-01 1.482313740000000018e-14 9.200000000000000400e-01 8.031760180000000471e-01 9.200000000000000400e-01 2.740695969999999942e-05 9.200000000000000400e-01 4.134430490000000240e-08 9.200000000000000400e-01 2.687028710000000026e-06 9.200000000000000400e-01 2.916628909999999944e-14 9.200000000000000400e-01 8.030782069999999884e-01 9.200000000000000400e-01 1.279290090000000025e-05 9.200000000000000400e-01 1.015466039999999988e-08 9.200000000000000400e-01 1.273687779999999906e-06 9.200000000000000400e-01 5.594372810000000033e-14 9.200000000000000400e-01 7.966288780000000402e-01 9.200000000000000400e-01 6.160764799999999741e-06 9.200000000000000400e-01 2.651031519999999838e-09 9.200000000000000400e-01 6.184746939999999861e-07 9.200000000000000400e-01 1.072507460000000019e-13 9.200000000000000400e-01 7.933337919999999821e-01
9.300000000000000488e-01 8.300782639999999650e-04 9.300000000000000488e-01 2.735403899999999935e-05 9.300000000000000488e-01 1.731574189999999884e-04 9.300000000000000488e-01 6.487212670000000264e-15 9.300000000000000488e-01 6.213887359999999971e-01 9.300000000000000488e-01 3.966051080000000174e-04 9.300000000000000488e-01 2.441354750000000006e-06 9.300000000000000488e-01 5.662746360000000130e-05 9.300000000000000488e-01 1.310444959999999946e-14 9.300000000000000488e-01 7.192441649999999909e-01 9.300000000000000488e-01 2.093073129999999896e-04 9.300000000000000488e-01 5.749928129999999759e-07 9.300000000000000488e-01 3.053248090000000261e-05 9.300000000000000488e-01 2.629378520000000090e-14 9.300000000000000488e-01 6.942322290000000340e-01 9.300000000000000488e-01 1.038731529999999982e-04 9.300000000000000488e-01 1.916046239999999868e-07 9.300000000000000488e-01 1.587054949999999864e-05 9.300000000000000488e-01 5.443085699999999849e-14 9.300000000000000488e-01 6.740463749999999754e-01 9.300000000000000488e-01 5.085350670000000125e-05 9.300000000000000488e-01 6.490424309999999978e-08 9.300000000000000488e-01 8.016012190000000378e-06 9.300000000000000488e-01 1.109493039999999959e-13 9.300000000000000488e-01 6.618514309999999901e-01 9.300000000000000488e-01 2.174940900000000080e-04 9.300000000000000488e-01 4.085201690000000280e-06 9.300000000000000488e-01 2.827066359999999863e-05 9.300000000000000488e-01 8.866964739999999956e-15 9.300000000000000488e-01 7.390060830000000358e-01 9.300000000000000488e-01 7.180057999999999688e-05 9.300000000000000488e-01 2.762117329999999963e-07 9.300000000000000488e-01 7.356346059999999987e-06 9.300000000000000488e-01 1.489268389999999974e-14 9.300000000000000488e-01 8.031760180000000471e-01 9.300000000000000488e-01 2.934859049999999952e-05 9.300000000000000488e-01 4.522607179999999720e-08 9.300000000000000488e-01 2.970777509999999944e-06 9.300000000000000488e-01 2.930161710000000116e-14 9.300000000000000488e-01 8.030782069999999884e-01 9.300000000000000488e-01 1.367850140000000041e-05 9.300000000000000488e-01 1.106994959999999968e-08 9.300000000000000488e-01 1.406032310000000066e-06 9.300000000000000488e-01 5.631356439999999756e-14 9.300000000000000488e-01 7.966288780000000402e-01 9.300000000000000488e-01 6.581851790000000278e-06 9.300000000000000488e-01 2.880882079999999838e-09 9.300000000000000488e-01 6.821820580000000386e-07 9.300000000000000488e-01 1.082056369999999970e-13 9.300000000000000488e-01 7.933337919999999821e-01
9.399999999999999467e-01 8.457692049999999528e-04 9.399999999999999467e-01 2.801433760000000131e-05 9.399999999999999467e-01 1.815369920000000118e-04 9.399999999999999467e-01 6.508829329999999825e-15 9.399999999999999467e-01 6.213887359999999971e-01 9.399999999999999467e-01 4.109768059999999949e-04 9.399999999999999467e-01 2.558171420000000006e-06 9.399999999999999467e-01 6.066555080000000011e-05 9.399999999999999467e-01 1.320542880000000070e-14 9.399999999999999467e-01 7.192441649999999909e-01 9.399999999999999467e-01 2.167994100000000107e-04 9.399999999999999467e-01 6.016677270000000269e-07 9.399999999999999467e-01 3.266307659999999970e-05 9.399999999999999467e-01 2.646120229999999971e-14 9.399999999999999467e-01 6.942322290000000340e-01 9.399999999999999467e-01 1.075121920000000019e-04 9.399999999999999467e-01 2.001432020000000124e-07 9.399999999999999467e-01 1.692749130000000034e-05 9.399999999999999467e-01 5.468022219999999812e-14 9.399999999999999467e-01 6.740463749999999754e-01 9.399999999999999467e-01 5.260608510000000163e-05 9.399999999999999467e-01 6.766521980000000463e-08 9.399999999999999467e-01 8.533314070000000534e-06 9.399999999999999467e-01 1.113570299999999966e-13 9.399999999999999467e-01 6.618514309999999901e-01 9.399999999999999467e-01 2.269718180000000036e-04 9.399999999999999467e-01 4.311737190000000172e-06 9.399999999999999467e-01 3.049307579999999894e-05 9.399999999999999467e-01 8.894680270000000351e-15 9.399999999999999467e-01 7.390060830000000358e-01 9.399999999999999467e-01 7.649996099999999599e-05 9.399999999999999467e-01 2.999949049999999803e-07 9.399999999999999467e-01 8.097804950000000166e-06 9.399999999999999467e-01 1.495854110000000088e-14 9.399999999999999467e-01 8.031760180000000471e-01 9.399999999999999467e-01 3.132185429999999804e-05 9.399999999999999467e-01 4.934923139999999837e-08 9.399999999999999467e-01 3.274105929999999828e-06 9.399999999999999467e-01 2.942973499999999779e-14 9.399999999999999467e-01 8.030782069999999884e-01 9.399999999999999467e-01 1.457774379999999985e-05 9.399999999999999467e-01 1.203916370000000037e-08 9.399999999999999467e-01 1.547303259999999959e-06 9.399999999999999467e-01 5.666362770000000171e-14 9.399999999999999467e-01 7.966288780000000402e-01 9.399999999999999467e-01 7.009190529999999903e-06 9.399999999999999467e-01 3.123547780000000071e-09 9.399999999999999467e-01 7.501325609999999802e-07 9.399999999999999467e-01 1.091122309999999975e-13 9.399999999999999467e-01 7.933337919999999821e-01
9.499999999999999556e-01 8.610637530000000463e-04 9.499999999999999556e-01 2.866840120000000079e-05 9.499999999999999556e-01 1.900714819999999884e-04 9.499999999999999556e-01 6.529621760000000263e-15 9.499999999999999556e-01 6.213887359999999971e-01 9.499999999999999556e-01 4.251324199999999970e-04 9.499999999999999556e-01 2.676630450000000051e-06 9.499999999999999556e-01 6.484627920000000196e-05 9.499999999999999556e-01 1.329992899999999934e-14 9.499999999999999556e-01 7.192441649999999909e-01 9.499999999999999556e-01 2.242167750000000027e-04 9.499999999999999556e-01 6.287591360000000158e-07 9.499999999999999556e-01 3.486822000000000071e-05 9.499999999999999556e-01 2.661742080000000156e-14 9.499999999999999556e-01 6.942322290000000340e-01 9.499999999999999556e-01 1.111329519999999967e-04 9.499999999999999556e-01 2.088243040000000086e-07 9.499999999999999556e-01 1.802073239999999905e-05 9.499999999999999556e-01 5.491265839999999751e-14 9.499999999999999556e-01 6.740463749999999754e-01 9.499999999999999556e-01 5.435385680000000063e-05 9.499999999999999556e-01 7.047014199999999403e-08 9.499999999999999556e-01 9.068117860000000463e-06 9.499999999999999556e-01 1.117373049999999982e-13 9.499999999999999556e-01 6.618514309999999901e-01 9.499999999999999556e-01 2.363435350000000004e-04 9.499999999999999556e-01 4.541998100000000189e-06 9.499999999999999556e-01 3.280974629999999927e-05 9.499999999999999556e-01 8.920881450000000446e-15 9.499999999999999556e-01 7.390060830000000358e-01 9.499999999999999556e-01 8.124454249999999735e-05 9.499999999999999556e-01 3.249893920000000184e-07 9.499999999999999556e-01 8.886495840000000539e-06 9.499999999999999556e-01 1.502087069999999974e-14 9.499999999999999556e-01 8.031760180000000471e-01 9.499999999999999556e-01 3.332074250000000059e-05 9.499999999999999556e-01 5.371783180000000097e-08 9.499999999999999556e-01 3.597299969999999949e-06 9.499999999999999556e-01 2.955096129999999826e-14 9.499999999999999556e-01 8.030782069999999884e-01 9.499999999999999556e-01 1.548807420000000042e-05 9.499999999999999556e-01 1.306310640000000008e-08 9.499999999999999556e-01 1.697624129999999924e-06 9.499999999999999556e-01 5.699457760000000131e-14 9.499999999999999556e-01 7.966288780000000402e-01 9.499999999999999556e-01 7.441608119999999847e-06 9.499999999999999556e-01 3.379192289999999852e-09 9.499999999999999556e-01 8.223827889999999885e-07 9.499999999999999556e-01 1.099712110000000003e-13 9.499999999999999556e-01 7.933337919999999821e-01
9.599999999999999645e-01 8.759738740000000282e-04 9.599999999999999645e-01 2.931643279999999977e-05 9.599999999999999645e-01 1.987569860000000098e-04 9.599999999999999645e-01 6.549616010000000046e-15 9.599999999999999645e-01 6.213887359999999971e-01 9.599999999999999645e-01 4.390673660000000175e-04 9.599999999999999645e-01 2.796696410000000155e-06 9.599999999999999645e-01 6.916746339999999655e-05 9.599999999999999645e-01 1.338825330000000076e-14 9.599999999999999645e-01 7.192441649999999909e-01 9.599999999999999645e-01 2.315592259999999880e-04 9.599999999999999645e-01 6.562628820000000004e-07 9.599999999999999645e-01 3.714716229999999989e-05 9.599999999999999645e-01 2.676307299999999990e-14 9.599999999999999645e-01 6.942322290000000340e-01 9.599999999999999645e-01 1.147352319999999997e-04 9.599999999999999645e-01 2.176475859999999982e-07 9.599999999999999645e-01 1.915008880000000155e-05 9.599999999999999645e-01 5.512927339999999915e-14 9.599999999999999645e-01 6.740463749999999754e-01 9.599999999999999645e-01 5.609665839999999931e-05 9.599999999999999645e-01 7.331894759999999946e-08 9.599999999999999645e-01 9.620374629999999913e-06 9.599999999999999645e-01 1.120920159999999955e-13 9.599999999999999645e-01 6.618514309999999901e-01 9.599999999999999645e-01 2.455973489999999744e-04 9.599999999999999645e-01 4.775825209999999840e-06 9.599999999999999645e-01 3.521955319999999867e-05 9.599999999999999645e-01 8.945652389999999297e-15 9.599999999999999645e-01 7.390060830000000358e-01 9.599999999999999645e-01 8.602024159999999522e-05 9.599999999999999645e-01 3.511975150000000068e-07 9.599999999999999645e-01 9.722799390000000014e-06 9.599999999999999645e-01 1.507983549999999856e-14 9.599999999999999645e-01 8.031760180000000471e-01 9.599999999999999645e-01 3.533962010000000261e-05 9.599999999999999645e-01 5.833545239999999788e-08 9.599999999999999645e-01 3.940587369999999728e-06 9.599999999999999645e-01 2.966561569999999865e-14 9.599999999999999645e-01 8.030782069999999884e-01 9.599999999999999645e-01 1.640711490000000027e-05 9.599999999999999645e-01 1.414249079999999946e-08 9.599999999999999645e-01 1.857093759999999996e-06 9.599999999999999645e-01 5.730712740000000364e-14 9.599999999999999645e-01 7.966288780000000402e-01 9.599999999999999645e-01 7.878016809999999570e-06 9.599999999999999645e-01 3.647960479999999951e-09 9.599999999999999645e-01 8.989780159999999702e-07 9.599999999999999645e-01 1.107835719999999966e-13 9.599999999999999645e-01 7.933337919999999821e-01
9.699999999999999734e-01 8.905113529999999708e-04 9.699999999999999734e-01 2.995863850000000009e-05 9.699999999999999734e-01 2.075897170000000022e-04 9.699999999999999734e-01 6.568838020000000024e-15 9.699999999999999734e-01 6.213887359999999971e-01 9.699999999999999734e-01 4.527789300000000048e-04 9.699999999999999734e-01 2.918339999999999913e-06 9.699999999999999734e-01 7.362688170000000071e-05 9.699999999999999734e-01 1.347071650000000034e-14 9.699999999999999734e-01 7.192441649999999909e-01 9.699999999999999734e-01 2.388271149999999967e-04 9.699999999999999734e-01 6.841759879999999811e-07 9.699999999999999734e-01 3.949915589999999753e-05 9.699999999999999734e-01 2.689878820000000132e-14 9.699999999999999734e-01 6.942322290000000340e-01 9.699999999999999734e-01 1.183189819999999940e-04 9.699999999999999734e-01 2.266129799999999993e-07 9.699999999999999734e-01 2.031537529999999841e-05 9.699999999999999734e-01 5.533113149999999761e-14 9.699999999999999734e-01 6.740463749999999754e-01 9.699999999999999734e-01 5.783438570000000336e-05 9.699999999999999734e-01 7.621164949999999360e-08 9.699999999999999734e-01 1.019003410000000030e-05 9.699999999999999734e-01 1.124229549999999939e-13 9.699999999999999734e-01 6.618514309999999901e-01 9.699999999999999734e-01 2.547237999999999955e-04 9.699999999999999734e-01 5.013083260000000173e-06 9.699999999999999734e-01 3.772126849999999797e-05 9.699999999999999734e-01 8.969074049999999683e-15 9.699999999999999734e-01 7.390060830000000358e-01 9.699999999999999734e-01 9.081413749999999428e-05 9.699999999999999734e-01 3.786203580000000131e-07 9.699999999999999734e-01 1.060696120000000012e-05 9.699999999999999734e-01 1.513559709999999979e-14 9.699999999999999734e-01 8.031760180000000471e-01 9.699999999999999734e-01 3.737328080000000162e-05 9.699999999999999734e-01 6.320524349999999905e-08 9.699999999999999734e-01 4.304141600000000139e-06 9.699999999999999734e-01 2.977401630000000164e-14 9.699999999999999734e-01 8.030782069999999884e-01 9.699999999999999734e-01 1.733268369999999898e-05 9.699999999999999734e-01 1.527794850000000134e-08 9.699999999999999734e-01 2.025788159999999979e-06 9.699999999999999734e-01 5.760202990000000567e-14 9.699999999999999734e-01 7.966288780000000402e-01 9.699999999999999734e-01 8.317422209999999230e-06 9.699999999999999734e-01 3.929980609999999728e-09 9.699999999999999734e-01 9.799531029999999636e-07 9.699999999999999734e-01 1.115505730000000059e-13 9.699999999999999734e-01 7.933337919999999821e-01
9.799999999999999822e-01 9.046877249999999695e-04 9.799999999999999822e-01 3.059522599999999918e-05 9.799999999999999822e-01 2.165660090000000044e-04 9.799999999999999822e-01 6.587313490000000303e-15 9.799999999999999822e-01 6.213887359999999971e-01 9.799999999999999822e-01 4.662659590000000124e-04 9.799999999999999822e-01 3.041537380000000088e-06 9.799999999999999822e-01 7.822229339999999876e-05 9.799999999999999822e-01 1.354763830000000049e-14 9.799999999999999822e-01 7.192441649999999909e-01 9.799999999999999822e-01 2.460211940000000055e-04 9.799999999999999822e-01 7.124965520000000465e-07 9.799999999999999822e-01 4.192345850000000254e-05 9.799999999999999822e-01 2.702518489999999860e-14 9.799999999999999822e-01 6.942322290000000340e-01 9.799999999999999822e-01 1.218842719999999979e-04 9.799999999999999822e-01 2.357206750000000092e-07 9.799999999999999822e-01 2.151640690000000041e-05 9.799999999999999822e-01 5.551924940000000232e-14 9.799999999999999822e-01 6.740463749999999754e-01 9.799999999999999822e-01 5.956698089999999711e-05 9.799999999999999822e-01 7.914833090000000298e-08 9.799999999999999822e-01 1.077704519999999996e-05 9.799999999999999822e-01 1.127318120000000047e-13 9.799999999999999822e-01 6.618514309999999901e-01 9.799999999999999822e-01 2.637156310000000046e-04 9.799999999999999822e-01 5.253659250000000398e-06 9.799999999999999822e-01 4.031358029999999984e-05 9.799999999999999822e-01 8.991224050000000250e-15 9.799999999999999822e-01 7.390060830000000358e-01 9.799999999999999822e-01 9.561455059999999714e-05 9.799999999999999822e-01 4.072580639999999737e-07 9.799999999999999822e-01 1.153910370000000049e-05 9.799999999999999822e-01 1.518831559999999986e-14 9.799999999999999822e-01 8.031760180000000471e-01 9.799999999999999822e-01 3.941698379999999854e-05 9.799999999999999822e-01 6.832996879999999377e-08 9.799999999999999822e-01 4.688086399999999852e-06 9.799999999999999822e-01 2.987647690000000123e-14 9.799999999999999822e-01 8.030782069999999884e-01 9.799999999999999822e-01 1.826280679999999997e-05 9.799999999999999822e-01 1.647003869999999868e-08 9.799999999999999822e-01 2.203762590000000007e-06 9.799999999999999822e-01 5.788006430000000597e-14 9.799999999999999822e-01 7.966288780000000402e-01 9.799999999999999822e-01 8.758927960000000742e-06 9.799999999999999822e-01 4.225366509999999817e-09 9.799999999999999822e-01 1.065333449999999992e-06 9.799999999999999822e-01 1.122736780000000045e-13 9.799999999999999822e-01 7.933337919999999821e-01
9.899999999999999911e-01 9.185142260000000135e-04 9.899999999999999911e-01 3.122640289999999966e-05 9.899999999999999911e-01 2.256823059999999955e-04 9.899999999999999911e-01 6.605067860000000249e-15 9.899999999999999911e-01 6.213887359999999971e-01 9.899999999999999911e-01 4.795285729999999944e-04 9.899999999999999911e-01 3.166269629999999812e-06 9.899999999999999911e-01 8.295145270000000356e-05 9.899999999999999911e-01 1.361933940000000025e-14 9.899999999999999911e-01 7.192441649999999909e-01 9.899999999999999911e-01 2.531425119999999970e-04 9.899999999999999911e-01 7.412236659999999734e-07 9.899999999999999911e-01 4.441933720000000119e-05 9.899999999999999911e-01 2.714286599999999995e-14 9.899999999999999911e-01 6.942322290000000340e-01 9.899999999999999911e-01 1.254312559999999925e-04 9.899999999999999911e-01 2.449710980000000151e-07 9.899999999999999911e-01 2.275299969999999901e-05 9.899999999999999911e-01 5.569459280000000033e-14 9.899999999999999911e-01 6.740463749999999754e-01 9.899999999999999911e-01 6.129442170000000596e-05 9.899999999999999911e-01 8.212913960000000522e-08 9.899999999999999911e-01 1.138135650000000017e-05 9.899999999999999911e-01 1.130201800000000000e-13 9.899999999999999911e-01 6.618514309999999901e-01 9.899999999999999911e-01 2.725675529999999937e-04 9.899999999999999911e-01 5.497460599999999683e-06 9.899999999999999911e-01 4.299511450000000073e-05 9.899999999999999911e-01 9.012176560000000266e-15 9.899999999999999911e-01 7.390060830000000358e-01 9.899999999999999911e-01 1.004110789999999940e-04 9.899999999999999911e-01 4.371101039999999814e-07 9.899999999999999911e-01 1.251923910000000030e-05 9.899999999999999911e-01 1.523814779999999893e-14 9.899999999999999911e-01 8.031760180000000471e-01 9.899999999999999911e-01 4.146647269999999811e-05 9.899999999999999911e-01 7.371204979999999790e-08 9.899999999999999911e-01 5.092500510000000315e-06 9.899999999999999911e-01 2.997330560000000189e-14 9.899999999999999911e-01 8.030782069999999884e-01 9.899999999999999911e-01 1.919572310000000108e-05 9.899999999999999911e-01 1.771925809999999927e-08 9.899999999999999911e-01 2.391053589999999854e-06 9.899999999999999911e-01 5.814202450000000359e-14 9.899999999999999911e-01 7.966288780000000402e-01 9.899999999999999911e-01 9.201737289999999879e-06 9.899999999999999911e-01 4.534219900000000054e-09 9.899999999999999911e-01 1.155135999999999895e-06 9.899999999999999911e-01 1.129545210000000010e-13 9.899999999999999911e-01 7.933337919999999821e-01
1.000000000000000000e+00 9.320017580000000169e-04 1.000000000000000000e+00 3.185237499999999842e-05 1.000000000000000000e+00 2.349351639999999947e-04 1.000000000000000000e+00 6.622126180000000083e-15 1.000000000000000000e+00 6.213887359999999971e-01 1.000000000000000000e+00 4.925679249999999516e-04 1.000000000000000000e+00 3.292522240000000024e-06 1.000000000000000000e+00 8.781212060000000348e-05 1.000000000000000000e+00 1.368613689999999934e-14 1.000000000000000000e+00 7.192441649999999909e-01 1.000000000000000000e+00 2.601923179999999949e-04 1.000000000000000000e+00 7.703573220000000504e-07 1.000000000000000000e+00 4.698607039999999830e-05 1.000000000000000000e+00 2.725241380000000151e-14 1.000000000000000000e+00 6.942322290000000340e-01 1.000000000000000000e+00 1.289601459999999979e-04 1.000000000000000000e+00 2.543648969999999853e-07 1.000000000000000000e+00 2.402497169999999978e-05 1.000000000000000000e+00 5.585807560000000066e-14 1.000000000000000000e+00 6.740463749999999754e-01 1.000000000000000000e+00 6.301671289999999988e-05 1.000000000000000000e+00 8.515428430000000564e-08 1.000000000000000000e+00 1.200291650000000002e-05 1.000000000000000000e+00 1.132895519999999948e-13 1.000000000000000000e+00 6.618514309999999901e-01 1.000000000000000000e+00 2.812759980000000166e-04 1.000000000000000000e+00 5.744413269999999651e-06 1.000000000000000000e+00 4.576445289999999847e-05 1.000000000000000000e+00 9.032002319999999618e-15 1.000000000000000000e+00 7.390060830000000358e-01 1.000000000000000000e+00 1.051945959999999998e-04 1.000000000000000000e+00 4.681755139999999803e-07 1.000000000000000000e+00 1.354728180000000077e-05 1.000000000000000000e+00 1.528524700000000097e-14 1.000000000000000000e+00 8.031760180000000471e-01 1.000000000000000000e+00 4.351798060000000069e-05 1.000000000000000000e+00 7.935361159999999900e-08 1.000000000000000000e+00 5.517422530000000094e-06 1.000000000000000000e+00 3.006480269999999690e-14 1.000000000000000000e+00 8.030782069999999884e-01 1.000000000000000000e+00 2.012988369999999991e-05 1.000000000000000000e+00 1.902605049999999899e-08 1.000000000000000000e+00 2.587681169999999897e-06 1.000000000000000000e+00 5.838870959999999665e-14 1.000000000000000000e+00 7.966288780000000402e-01 1.000000000000000000e+00 9.645151910000000675e-06 1.000000000000000000e+00 4.856632500000000393e-09 1.000000000000000000e+00 1.249370199999999955e-06 1.000000000000000000e+00 1.135948530000000021e-13 1.000000000000000000e+00 7.933337919999999821e-01
1.010000000000000009e+00 9.451608680000000116e-04 1.010000000000000009e+00 3.247334590000000050e-05 1.010000000000000009e+00 2.443212459999999733e-04 1.010000000000000009e+00 6.638513140000000094e-15 1.010000000000000009e+00 6.213887359999999971e-01 1.010000000000000009e+00 5.053859919999999532e-04 1.010000000000000009e+00 3.420284600000000141e-06 1.010000000000000009e+00 9.280207350000000126e-05 1.010000000000000009e+00 1.374834130000000023e-14 1.010000000000000009e+00 7.192441649999999909e-01 1.010000000000000009e+00 2.671719940000000064e-04 1.010000000000000009e+00 7.998983429999999806e-07 1.010000000000000009e+00 4.962294980000000246e-05 1.010000000000000009e+00 2.735438710000000048e-14 1.010000000000000009e+00 6.942322290000000340e-01 1.010000000000000009e+00 1.324711979999999942e-04 1.010000000000000009e+00 2.639029229999999894e-07 1.010000000000000009e+00 2.533214310000000017e-05 1.010000000000000009e+00 5.601055859999999979e-14 1.010000000000000009e+00 6.740463749999999754e-01 1.010000000000000009e+00 6.473387839999999993e-05 1.010000000000000009e+00 8.822402979999999601e-08 1.010000000000000009e+00 1.264167370000000033e-05 1.010000000000000009e+00 1.135413260000000025e-13 1.010000000000000009e+00 6.618514309999999901e-01 1.010000000000000009e+00 2.898388969999999925e-04 1.010000000000000009e+00 5.994459720000000372e-06 1.010000000000000009e+00 4.862014920000000287e-05 1.010000000000000009e+00 9.050768560000000401e-15 1.010000000000000009e+00 7.390060830000000358e-01 1.010000000000000009e+00 1.099572189999999968e-04 1.010000000000000009e+00 5.004530990000000296e-07 1.010000000000000009e+00 1.462306120000000051e-05 1.010000000000000009e+00 1.532976170000000131e-14 1.010000000000000009e+00 8.031760180000000471e-01 1.010000000000000009e+00 4.556822139999999906e-05 1.010000000000000009e+00 8.525652709999999356e-08 1.010000000000000009e+00 5.962855840000000017e-06 1.010000000000000009e+00 3.015125959999999690e-14 1.010000000000000009e+00 8.030782069999999884e-01 1.010000000000000009e+00 2.106394599999999919e-05 1.010000000000000009e+00 2.039081580000000125e-08 1.010000000000000009e+00 2.793650910000000050e-06 1.010000000000000009e+00 5.862091490000000290e-14 1.010000000000000009e+00 7.966288780000000402e-01 1.010000000000000009e+00 1.008856880000000060e-05 1.010000000000000009e+00 5.192688160000000266e-09 1.010000000000000009e+00 1.348039029999999968e-06 1.010000000000000009e+00 1.141965110000000116e-13 1.010000000000000009e+00 7.933337919999999821e-01
1.020000000000000018e+00 9.580017329999999899e-04 1.020000000000000018e+00 3.308951559999999956e-05 1.020000000000000018e+00 2.538373199999999978e-04 1.020000000000000018e+00 6.654252929999999871e-15 1.020000000000000018e+00 6.213887359999999971e-01 1.020000000000000018e+00 5.179853889999999584e-04 1.020000000000000018e+00 3.549549599999999996e-06 1.020000000000000018e+00 9.791911140000000564e-05 1.020000000000000018e+00 1.380625410000000070e-14 1.020000000000000018e+00 7.192441649999999909e-01 1.020000000000000018e+00 2.740829940000000220e-04 1.020000000000000018e+00 8.298483059999999789e-07 1.020000000000000018e+00 5.232928129999999669e-05 1.020000000000000018e+00 2.744931889999999872e-14 1.020000000000000018e+00 6.942322290000000340e-01 1.020000000000000018e+00 1.359646900000000089e-04 1.020000000000000018e+00 2.735862169999999919e-07 1.020000000000000018e+00 2.667433709999999920e-05 1.020000000000000018e+00 5.615285019999999732e-14 1.020000000000000018e+00 6.740463749999999754e-01 1.020000000000000018e+00 6.644595620000000335e-05 1.020000000000000018e+00 9.133869399999999660e-08 1.020000000000000018e+00 1.329757709999999990e-05 1.020000000000000018e+00 1.137768050000000094e-13 1.020000000000000018e+00 6.618514309999999901e-01 1.020000000000000018e+00 2.982554520000000198e-04 1.020000000000000018e+00 6.247557090000000106e-06 1.020000000000000018e+00 5.156074290000000189e-05 1.020000000000000018e+00 9.068539070000000596e-15 1.020000000000000018e+00 7.390060830000000358e-01 1.020000000000000018e+00 1.146922559999999993e-04 1.020000000000000018e+00 5.339416129999999504e-07 1.020000000000000018e+00 1.574633409999999994e-05 1.020000000000000018e+00 1.537183579999999930e-14 1.020000000000000018e+00 8.031760180000000471e-01 1.020000000000000018e+00 4.761437220000000269e-05 1.020000000000000018e+00 9.142246020000000078e-08 1.020000000000000018e+00 6.428773279999999815e-06 1.020000000000000018e+00 3.023295790000000167e-14 1.020000000000000018e+00 8.030782069999999884e-01 1.020000000000000018e+00 2.199676420000000061e-05 1.020000000000000018e+00 2.181391920000000004e-08 1.020000000000000018e+00 3.008955929999999919e-06 1.020000000000000018e+00 5.883942540000000091e-14 1.020000000000000018e+00 7.966288780000000402e-01 1.020000000000000018e+00 1.053147510000000061e-05 1.020000000000000018e+00 5.542464810000000031e-09 1.020000000000000018e+00 1.451139869999999961e-06 1.020000000000000018e+00 1.147613840000000111e-13 1.020000000000000018e+00 7.933337919999999821e-01
1.030000000000000027e+00 9.705341600000000129e-04 1.030000000000000027e+00 3.370108070000000150e-05 1.030000000000000027e+00 2.634802529999999833e-04 1.030000000000000027e+00 6.669369279999999874e-15 1.030000000000000027e+00 6.213887359999999971e-01 1.030000000000000027e+00 5.303692270000000047e-04 1.030000000000000027e+00 3.680313239999999900e-06 1.030000000000000027e+00 1.031610630000000028e-04 1.030000000000000027e+00 1.386016560000000055e-14 1.030000000000000027e+00 7.192441649999999909e-01 1.030000000000000027e+00 2.809268020000000210e-04 1.030000000000000027e+00 8.602094830000000284e-07 1.030000000000000027e+00 5.510438570000000070e-05 1.030000000000000027e+00 2.753771469999999989e-14 1.030000000000000027e+00 6.942322290000000340e-01 1.030000000000000027e+00 1.394409109999999986e-04 1.030000000000000027e+00 2.834159990000000243e-07 1.030000000000000027e+00 2.805137939999999944e-05 1.030000000000000027e+00 5.628570720000000216e-14 1.030000000000000027e+00 6.740463749999999754e-01 1.030000000000000027e+00 6.815299260000000402e-05 1.030000000000000027e+00 9.449864429999999549e-08 1.030000000000000027e+00 1.397057600000000073e-05 1.030000000000000027e+00 1.139972050000000111e-13 1.030000000000000027e+00 6.618514309999999901e-01 1.030000000000000027e+00 3.065259369999999797e-04 1.030000000000000027e+00 6.503675320000000349e-06 1.030000000000000027e+00 5.458477119999999674e-05 1.030000000000000027e+00 9.085374240000000375e-15 1.030000000000000027e+00 7.390060830000000358e-01 1.030000000000000027e+00 1.193941250000000044e-04 1.030000000000000027e+00 5.686398990000000456e-07 1.030000000000000027e+00 1.691679570000000131e-05 1.030000000000000027e+00 1.541160749999999846e-14 1.030000000000000027e+00 8.031760180000000471e-01 1.030000000000000027e+00 4.965404760000000084e-05 1.030000000000000027e+00 9.785290730000000136e-08 1.030000000000000027e+00 6.915121660000000302e-06 1.030000000000000027e+00 3.031016840000000032e-14 1.030000000000000027e+00 8.030782069999999884e-01 1.030000000000000027e+00 2.292737620000000098e-05 1.030000000000000027e+00 2.329569919999999903e-08 1.030000000000000027e+00 3.233578820000000088e-06 1.030000000000000027e+00 5.904500979999999428e-14 1.030000000000000027e+00 7.966288780000000402e-01 1.030000000000000027e+00 1.097344250000000027e-05 1.030000000000000027e+00 5.906036259999999891e-09 1.030000000000000027e+00 1.558665400000000062e-06 1.030000000000000027e+00 1.152913810000000040e-13 1.030000000000000027e+00 7.933337919999999821e-01
1.040000000000000036e+00 9.827675819999999018e-04 1.040000000000000036e+00 3.430823330000000307e-05 1.040000000000000036e+00 2.732470069999999801e-04 1.040000000000000036e+00 6.683885379999999874e-15 1.040000000000000036e+00 6.213887359999999971e-01 1.040000000000000036e+00 5.425409799999999800e-04 1.040000000000000036e+00 3.812574320000000159e-06 1.040000000000000036e+00 1.085257890000000002e-04 1.040000000000000036e+00 1.391035350000000027e-14 1.040000000000000036e+00 7.192441649999999909e-01 1.040000000000000036e+00 2.877048930000000184e-04 1.040000000000000036e+00 8.909847829999999877e-07 1.040000000000000036e+00 5.794759830000000337e-05 1.040000000000000036e+00 2.762005200000000005e-14 1.040000000000000036e+00 6.942322290000000340e-01 1.040000000000000036e+00 1.429001509999999970e-04 1.040000000000000036e+00 2.933936539999999757e-07 1.040000000000000036e+00 2.946309870000000166e-05 1.040000000000000036e+00 5.640983589999999757e-14 1.040000000000000036e+00 6.740463749999999754e-01 1.040000000000000036e+00 6.985503929999999594e-05 1.040000000000000036e+00 9.770429479999999398e-08 1.040000000000000036e+00 1.466062029999999939e-05 1.040000000000000036e+00 1.142036549999999875e-13 1.040000000000000036e+00 6.618514309999999901e-01 1.040000000000000036e+00 3.146515100000000153e-04 1.040000000000000036e+00 6.762795429999999590e-06 1.040000000000000036e+00 5.769077860000000282e-05 1.040000000000000036e+00 9.101331150000000504e-15 1.040000000000000036e+00 7.390060830000000358e-01 1.040000000000000036e+00 1.240582750000000095e-04 1.040000000000000036e+00 6.045470209999999904e-07 1.040000000000000036e+00 1.813409079999999855e-05 1.040000000000000036e+00 1.544920950000000013e-14 1.040000000000000036e+00 8.031760180000000471e-01 1.040000000000000036e+00 5.168526789999999880e-05 1.040000000000000036e+00 1.045492349999999975e-07 1.040000000000000036e+00 7.421826009999999939e-06 1.040000000000000036e+00 3.038315090000000288e-14 1.040000000000000036e+00 8.030782069999999884e-01 1.040000000000000036e+00 2.385499029999999857e-05 1.040000000000000036e+00 2.483647540000000085e-08 1.040000000000000036e+00 3.467493440000000179e-06 1.040000000000000036e+00 5.923841560000000305e-14 1.040000000000000036e+00 7.966288780000000402e-01 1.040000000000000036e+00 1.141411969999999958e-05 1.040000000000000036e+00 6.283473870000000092e-09 1.040000000000000036e+00 1.670604410000000053e-06 1.040000000000000036e+00 1.157884109999999939e-13 1.040000000000000036e+00 7.933337919999999821e-01
1.050000000000000044e+00 9.947110630000000845e-04 1.050000000000000044e+00 3.491116149999999672e-05 1.050000000000000044e+00 2.831346379999999884e-04 1.050000000000000044e+00 6.697823879999999735e-15 1.050000000000000044e+00 6.213887359999999971e-01 1.050000000000000044e+00 5.545043820000000344e-04 1.050000000000000044e+00 3.946334089999999591e-06 1.050000000000000044e+00 1.140111879999999975e-04 1.050000000000000044e+00 1.395708219999999959e-14 1.050000000000000044e+00 7.192441649999999909e-01 1.050000000000000044e+00 2.944187099999999945e-04 1.050000000000000044e+00 9.221777000000000375e-07 1.050000000000000044e+00 6.085826930000000313e-05 1.050000000000000044e+00 2.769677980000000041e-14 1.050000000000000044e+00 6.942322290000000340e-01 1.050000000000000044e+00 1.463426950000000038e-04 1.050000000000000044e+00 3.035207229999999831e-07 1.050000000000000044e+00 3.090932669999999800e-05 1.050000000000000044e+00 5.652589429999999761e-14 1.050000000000000044e+00 6.740463749999999754e-01 1.050000000000000044e+00 7.155215009999999723e-05 1.050000000000000044e+00 1.009561040000000009e-07 1.050000000000000044e+00 1.536766039999999892e-05 1.050000000000000044e+00 1.143972020000000087e-13 1.050000000000000044e+00 6.618514309999999901e-01 1.050000000000000044e+00 3.226340409999999730e-04 1.050000000000000044e+00 7.024907960000000359e-06 1.050000000000000044e+00 6.087732460000000272e-05 1.050000000000000044e+00 9.116463660000000753e-15 1.050000000000000044e+00 7.390060830000000358e-01 1.050000000000000044e+00 1.286810869999999878e-04 1.050000000000000044e+00 6.416623480000000369e-07 1.050000000000000044e+00 1.939782330000000026e-05 1.050000000000000044e+00 1.548476880000000038e-14 1.050000000000000044e+00 8.031760180000000471e-01 1.050000000000000044e+00 5.370642499999999969e-05 1.050000000000000044e+00 1.115127170000000064e-07 1.050000000000000044e+00 7.948793440000000794e-06 1.050000000000000044e+00 3.045215360000000253e-14 1.050000000000000044e+00 8.030782069999999884e-01 1.050000000000000044e+00 2.477896829999999835e-05 1.050000000000000044e+00 2.643655549999999935e-08 1.050000000000000044e+00 3.710666490000000099e-06 1.050000000000000044e+00 5.942036580000000432e-14 1.050000000000000044e+00 7.966288780000000402e-01 1.050000000000000044e+00 1.185322559999999998e-05 1.050000000000000044e+00 6.674848070000000256e-09 1.050000000000000044e+00 1.786942549999999971e-06 1.050000000000000044e+00 1.162543589999999883e-13 1.050000000000000044e+00 7.933337919999999821e-01
1.060000000000000053e+00 1.006373309999999922e-03 1.060000000000000053e+00 3.551004859999999809e-05 1.060000000000000053e+00 2.931402909999999778e-04 1.060000000000000053e+00 6.711206830000000222e-15 1.060000000000000053e+00 6.213887359999999971e-01 1.060000000000000053e+00 5.662633430000000483e-04 1.060000000000000053e+00 4.081595999999999910e-06 1.060000000000000053e+00 1.196151950000000060e-04 1.060000000000000053e+00 1.400060179999999924e-14 1.060000000000000053e+00 7.192441649999999909e-01 1.060000000000000053e+00 3.010696450000000250e-04 1.060000000000000053e+00 9.537922690000000975e-07 1.060000000000000053e+00 6.383576289999999672e-05 1.060000000000000053e+00 2.776831920000000089e-14 1.060000000000000053e+00 6.942322290000000340e-01 1.060000000000000053e+00 1.497688149999999892e-04 1.060000000000000053e+00 3.137988959999999831e-07 1.060000000000000053e+00 3.238989790000000265e-05 1.060000000000000053e+00 5.663449370000000268e-14 1.060000000000000053e+00 6.740463749999999754e-01 1.060000000000000053e+00 7.324437849999999742e-05 1.060000000000000053e+00 1.042545719999999987e-07 1.060000000000000053e+00 1.609164710000000041e-05 1.060000000000000053e+00 1.145788159999999885e-13 1.060000000000000053e+00 6.618514309999999901e-01 1.060000000000000053e+00 3.304759700000000234e-04 1.060000000000000053e+00 7.290011500000000295e-06 1.060000000000000053e+00 6.414299070000000630e-05 1.060000000000000053e+00 9.130822509999999876e-15 1.060000000000000053e+00 7.390060830000000358e-01 1.060000000000000053e+00 1.332597739999999897e-04 1.060000000000000053e+00 6.799856439999999643e-07 1.060000000000000053e+00 2.070756530000000050e-05 1.060000000000000053e+00 1.551840619999999956e-14 1.060000000000000053e+00 8.031760180000000471e-01 1.060000000000000053e+00 5.571624540000000319e-05 1.060000000000000053e+00 1.187445619999999949e-07 1.060000000000000053e+00 8.495916679999999780e-06 1.060000000000000053e+00 3.051741310000000085e-14 1.060000000000000053e+00 8.030782069999999884e-01 1.060000000000000053e+00 2.569881070000000061e-05 1.060000000000000053e+00 2.809624130000000140e-08 1.060000000000000053e+00 3.963059010000000398e-06 1.060000000000000053e+00 5.959155620000000536e-14 1.060000000000000053e+00 7.966288780000000402e-01 1.060000000000000053e+00 1.229054150000000051e-05 1.060000000000000053e+00 7.080229599999999937e-09 1.060000000000000053e+00 1.907662950000000031e-06 1.060000000000000053e+00 1.166910730000000081e-13 1.060000000000000053e+00 7.933337919999999821e-01
1.070000000000000062e+00 1.017762699999999985e-03 1.070000000000000062e+00 3.610507340000000020e-05 1.070000000000000062e+00 3.032611950000000159e-04 1.070000000000000062e+00 6.724055709999999834e-15 1.070000000000000062e+00 6.213887359999999971e-01 1.070000000000000062e+00 5.778218760000000329e-04 1.070000000000000062e+00 4.218365520000000418e-06 1.070000000000000062e+00 1.253357869999999913e-04 1.070000000000000062e+00 1.404114819999999933e-14 1.070000000000000062e+00 7.192441649999999909e-01 1.070000000000000062e+00 3.076590260000000077e-04 1.070000000000000062e+00 9.858330270000000027e-07 1.070000000000000062e+00 6.687945710000000297e-05 1.070000000000000062e+00 2.783506320000000015e-14 1.070000000000000062e+00 6.942322290000000340e-01 1.070000000000000062e+00 1.531787700000000025e-04 1.070000000000000062e+00 3.242300009999999893e-07 1.070000000000000062e+00 3.390464919999999782e-05 1.070000000000000062e+00 5.673620149999999897e-14 1.070000000000000062e+00 6.740463749999999754e-01 1.070000000000000062e+00 7.493177659999999702e-05 1.070000000000000062e+00 1.076002399999999945e-07 1.070000000000000062e+00 1.683253179999999951e-05 1.070000000000000062e+00 1.147493959999999984e-13 1.070000000000000062e+00 6.618514309999999901e-01 1.070000000000000062e+00 3.381801669999999743e-04 1.070000000000000062e+00 7.558111469999999999e-06 1.070000000000000062e+00 6.748638479999999383e-05 1.070000000000000062e+00 9.144455420000000325e-15 1.070000000000000062e+00 7.390060830000000358e-01 1.070000000000000062e+00 1.377922919999999968e-04 1.070000000000000062e+00 7.195171149999999904e-07 1.070000000000000062e+00 2.206286479999999950e-05 1.070000000000000062e+00 1.555023679999999902e-14 1.070000000000000062e+00 8.031760180000000471e-01 1.070000000000000062e+00 5.771375290000000280e-05 1.070000000000000062e+00 1.262459490000000046e-07 1.070000000000000062e+00 9.063077270000000443e-06 1.070000000000000062e+00 3.057915420000000153e-14 1.070000000000000062e+00 8.030782069999999884e-01 1.070000000000000062e+00 2.661413939999999963e-05 1.070000000000000062e+00 2.981583440000000059e-08 1.070000000000000062e+00 4.224627650000000314e-06 1.070000000000000062e+00 5.975265310000000295e-14 1.070000000000000062e+00 7.966288780000000402e-01 1.070000000000000062e+00 1.272590339999999920e-05 1.070000000000000062e+00 7.499690760000000676e-09 1.070000000000000062e+00 2.032746860000000191e-06 1.070000000000000062e+00 1.171003460000000017e-13 1.070000000000000062e+00 7.933337919999999821e-01
1.080000000000000071e+00 1.028887239999999939e-03 1.080000000000000071e+00 3.669641039999999694e-05 1.080000000000000071e+00 3.134946620000000016e-04 1.080000000000000071e+00 6.736391370000000339e-15 1.080000000000000071e+00 6.213887359999999971e-01 1.080000000000000071e+00 5.891840450000000121e-04 1.080000000000000071e+00 4.356649840000000305e-06 1.080000000000000071e+00 1.311709780000000014e-04 1.080000000000000071e+00 1.407894299999999942e-14 1.080000000000000071e+00 7.192441649999999909e-01 1.080000000000000071e+00 3.141881090000000197e-04 1.080000000000000071e+00 1.018304979999999913e-06 1.080000000000000071e+00 6.998874249999999578e-05 1.080000000000000071e+00 2.789737819999999848e-14 1.080000000000000071e+00 6.942322290000000340e-01 1.080000000000000071e+00 1.565728010000000023e-04 1.080000000000000071e+00 3.348160019999999793e-07 1.080000000000000071e+00 3.545342019999999966e-05 1.080000000000000071e+00 5.683154289999999919e-14 1.080000000000000071e+00 6.740463749999999754e-01 1.080000000000000071e+00 7.661439340000000353e-05 1.080000000000000071e+00 1.109936869999999973e-07 1.080000000000000071e+00 1.759026659999999992e-05 1.080000000000000071e+00 1.149097720000000028e-13 1.080000000000000071e+00 6.618514309999999901e-01 1.080000000000000071e+00 3.457498239999999730e-04 1.080000000000000071e+00 7.829218899999999885e-06 1.080000000000000071e+00 7.090614550000000316e-05 1.080000000000000071e+00 9.157407280000000329e-15 1.080000000000000071e+00 7.390060830000000358e-01 1.080000000000000071e+00 1.422772349999999893e-04 1.080000000000000071e+00 7.602574600000000040e-07 1.080000000000000071e+00 2.346325249999999953e-05 1.080000000000000071e+00 1.558036970000000122e-14 1.080000000000000071e+00 8.031760180000000471e-01 1.080000000000000071e+00 5.969823269999999921e-05 1.080000000000000071e+00 1.340180440000000035e-07 1.080000000000000071e+00 9.650148290000000624e-06 1.080000000000000071e+00 3.063759029999999771e-14 1.080000000000000071e+00 8.030782069999999884e-01 1.080000000000000071e+00 2.752468320000000097e-05 1.080000000000000071e+00 3.159564109999999693e-08 1.080000000000000071e+00 4.495325839999999686e-06 1.080000000000000071e+00 5.990429220000000571e-14 1.080000000000000071e+00 7.966288780000000402e-01 1.080000000000000071e+00 1.315919560000000028e-05 1.080000000000000071e+00 7.933306340000000010e-09 1.080000000000000071e+00 2.162174110000000130e-06 1.080000000000000071e+00 1.174839129999999912e-13 1.080000000000000071e+00 7.933337919999999821e-01
1.090000000000000080e+00 1.039754649999999944e-03 1.090000000000000080e+00 3.728422950000000196e-05 1.090000000000000080e+00 3.238380820000000097e-04 1.090000000000000080e+00 6.748234069999999666e-15 1.090000000000000080e+00 6.213887359999999971e-01 1.090000000000000080e+00 6.003539179999999942e-04 1.090000000000000080e+00 4.496457789999999624e-06 1.090000000000000080e+00 1.371188259999999901e-04 1.090000000000000080e+00 1.411419340000000007e-14 1.090000000000000080e+00 7.192441649999999909e-01 1.090000000000000080e+00 3.206580759999999998e-04 1.090000000000000080e+00 1.051213570000000087e-06 1.090000000000000080e+00 7.316302219999999397e-05 1.090000000000000080e+00 2.795560480000000083e-14 1.090000000000000080e+00 6.942322290000000340e-01 1.090000000000000080e+00 1.599511280000000040e-04 1.090000000000000080e+00 3.455589890000000172e-07 1.090000000000000080e+00 3.703605279999999753e-05 1.090000000000000080e+00 5.692100349999999798e-14 1.090000000000000080e+00 6.740463749999999754e-01 1.090000000000000080e+00 7.829227439999999778e-05 1.090000000000000080e+00 1.144355290000000052e-07 1.090000000000000080e+00 1.836480390000000008e-05 1.090000000000000080e+00 1.150607100000000024e-13 1.090000000000000080e+00 6.618514309999999901e-01 1.090000000000000080e+00 3.531883590000000229e-04 1.090000000000000080e+00 8.103349460000000256e-06 1.090000000000000080e+00 7.440094419999999801e-05 1.090000000000000080e+00 9.169720180000000198e-15 1.090000000000000080e+00 7.390060830000000358e-01 1.090000000000000080e+00 1.467137489999999916e-04 1.090000000000000080e+00 8.022078979999999799e-07 1.090000000000000080e+00 2.490824800000000113e-05 1.090000000000000080e+00 1.560890830000000016e-14 1.090000000000000080e+00 8.031760180000000471e-01 1.090000000000000080e+00 6.166919569999999655e-05 1.090000000000000080e+00 1.420620289999999912e-07 1.090000000000000080e+00 1.025699680000000047e-05 1.090000000000000080e+00 3.069292330000000038e-14 1.090000000000000080e+00 8.030782069999999884e-01 1.090000000000000080e+00 2.843026229999999870e-05 1.090000000000000080e+00 3.343597610000000306e-08 1.090000000000000080e+00 4.775104759999999721e-06 1.090000000000000080e+00 6.004707800000000262e-14 1.090000000000000080e+00 7.966288780000000402e-01 1.090000000000000080e+00 1.359034300000000027e-05 1.090000000000000080e+00 8.381154490000000515e-09 1.090000000000000080e+00 2.295923620000000037e-06 1.090000000000000080e+00 1.178434349999999995e-13 1.090000000000000080e+00 7.933337919999999821e-01
1.100000000000000089e+00 1.050372340000000097e-03 1.100000000000000089e+00 3.786869609999999947e-05 1.100000000000000089e+00 3.342889220000000244e-04 1.100000000000000089e+00 6.759603429999999807e-15 1.100000000000000089e+00 6.213887359999999971e-01 1.100000000000000089e+00 6.113355349999999907e-04 1.100000000000000089e+00 4.637799629999999595e-06 1.100000000000000089e+00 1.431774289999999950e-04 1.100000000000000089e+00 1.414709279999999959e-14 1.100000000000000089e+00 7.192441649999999909e-01 1.100000000000000089e+00 3.270700289999999900e-04 1.100000000000000089e+00 1.084564640000000015e-06 1.100000000000000089e+00 7.640171060000000103e-05 1.100000000000000089e+00 2.801005880000000082e-14 1.100000000000000089e+00 6.942322290000000340e-01 1.100000000000000089e+00 1.633139550000000057e-04 1.100000000000000089e+00 3.564611769999999851e-07 1.100000000000000089e+00 3.865239110000000315e-05 1.100000000000000089e+00 5.700503199999999974e-14 1.100000000000000089e+00 6.740463749999999754e-01 1.100000000000000089e+00 7.996546080000000215e-05 1.100000000000000089e+00 1.179264190000000045e-07 1.100000000000000089e+00 1.915609650000000156e-05 1.100000000000000089e+00 1.152029170000000025e-13 1.100000000000000089e+00 6.618514309999999901e-01 1.100000000000000089e+00 3.604993280000000095e-04 1.100000000000000089e+00 8.380522629999999777e-06 1.100000000000000089e+00 7.796948750000000199e-05 1.100000000000000089e+00 9.181433630000000708e-15 1.100000000000000089e+00 7.390060830000000358e-01 1.100000000000000089e+00 1.511014489999999971e-04 1.100000000000000089e+00 8.453701889999999499e-07 1.100000000000000089e+00 2.639736480000000009e-05 1.100000000000000089e+00 1.563595030000000033e-14 1.100000000000000089e+00 8.031760180000000471e-01 1.100000000000000089e+00 6.362634579999999350e-05 1.100000000000000089e+00 1.503791200000000112e-07 1.100000000000000089e+00 1.088348610000000004e-05 1.100000000000000089e+00 3.074534389999999729e-14 1.100000000000000089e+00 8.030782069999999884e-01 1.100000000000000089e+00 2.933077450000000071e-05 1.100000000000000089e+00 3.533716669999999925e-08 1.100000000000000089e+00 5.063914189999999933e-06 1.100000000000000089e+00 6.018158330000000415e-14 1.100000000000000089e+00 7.966288780000000402e-01 1.100000000000000089e+00 1.401930549999999980e-05 1.100000000000000089e+00 8.843317449999999623e-09 1.100000000000000089e+00 2.433973689999999968e-06 1.100000000000000089e+00 1.181805010000000118e-13 1.100000000000000089e+00 7.933337919999999821e-01
1.110000000000000098e+00 1.060747419999999962e-03 1.110000000000000098e+00 3.844997170000000143e-05 1.110000000000000098e+00 3.448447210000000129e-04 1.110000000000000098e+00 6.770518439999999707e-15 1.110000000000000098e+00 6.213887359999999971e-01 1.110000000000000098e+00 6.221328810000000160e-04 1.110000000000000098e+00 4.780686919999999801e-06 1.110000000000000098e+00 1.493449230000000103e-04 1.110000000000000098e+00 1.417782140000000024e-14 1.110000000000000098e+00 7.192441649999999909e-01 1.110000000000000098e+00 3.334249950000000066e-04 1.110000000000000098e+00 1.118364439999999923e-06 1.110000000000000098e+00 7.970423280000000208e-05 1.110000000000000098e+00 2.806103259999999947e-14 1.110000000000000098e+00 6.942322290000000340e-01 1.110000000000000098e+00 1.666614660000000038e-04 1.110000000000000098e+00 3.675248999999999851e-07 1.110000000000000098e+00 4.030228089999999841e-05 1.110000000000000098e+00 5.708404230000000252e-14 1.110000000000000098e+00 6.740463749999999754e-01 1.110000000000000098e+00 8.163398960000000433e-05 1.110000000000000098e+00 1.214670440000000124e-07 1.110000000000000098e+00 1.996409759999999892e-05 1.110000000000000098e+00 1.153370450000000120e-13 1.110000000000000098e+00 6.618514309999999901e-01 1.110000000000000098e+00 3.676863649999999946e-04 1.110000000000000098e+00 8.660760910000000023e-06 1.110000000000000098e+00 8.161051770000000180e-05 1.110000000000000098e+00 9.192584649999999927e-15 1.110000000000000098e+00 7.390060830000000358e-01 1.110000000000000098e+00 1.554403379999999937e-04 1.110000000000000098e+00 8.897466410000000276e-07 1.110000000000000098e+00 2.793011429999999856e-05 1.110000000000000098e+00 1.566158770000000096e-14 1.110000000000000098e+00 8.031760180000000471e-01 1.110000000000000098e+00 6.556954919999999343e-05 1.110000000000000098e+00 1.589705770000000020e-07 1.110000000000000098e+00 1.152947730000000056e-05 1.110000000000000098e+00 3.079503199999999706e-14 1.110000000000000098e+00 8.030782069999999884e-01 1.110000000000000098e+00 3.022618299999999886e-05 1.110000000000000098e+00 3.729955509999999862e-08 1.110000000000000098e+00 5.361703229999999913e-06 1.110000000000000098e+00 6.030834949999999486e-14 1.110000000000000098e+00 7.966288780000000402e-01 1.110000000000000098e+00 1.444607170000000074e-05 1.110000000000000098e+00 9.319882110000000381e-09 1.110000000000000098e+00 2.576302400000000032e-06 1.110000000000000098e+00 1.184966209999999961e-13 1.110000000000000098e+00 7.933337919999999821e-01
1.120000000000000107e+00 1.070886720000000002e-03 1.120000000000000107e+00 3.902821350000000041e-05 1.120000000000000107e+00 3.555030850000000004e-04 1.120000000000000107e+00 6.780997490000000001e-15 1.120000000000000107e+00 6.213887359999999971e-01 1.120000000000000107e+00 6.327498690000000472e-04 1.120000000000000107e+00 4.925132439999999591e-06 1.120000000000000107e+00 1.556194850000000021e-04 1.120000000000000107e+00 1.420654630000000035e-14 1.120000000000000107e+00 7.192441649999999909e-01 1.120000000000000107e+00 3.397239279999999780e-04 1.120000000000000107e+00 1.152619580000000072e-06 1.120000000000000107e+00 8.307002370000000002e-05 1.120000000000000107e+00 2.810879639999999860e-14 1.120000000000000107e+00 6.942322290000000340e-01 1.120000000000000107e+00 1.699938239999999976e-04 1.120000000000000107e+00 3.787526110000000217e-07 1.120000000000000107e+00 4.198556989999999964e-05 1.120000000000000107e+00 5.715841579999999446e-14 1.120000000000000107e+00 6.740463749999999754e-01 1.120000000000000107e+00 8.329789309999999995e-05 1.120000000000000107e+00 1.250581259999999878e-07 1.120000000000000107e+00 2.078876090000000165e-05 1.120000000000000107e+00 1.154636949999999921e-13 1.120000000000000107e+00 6.618514309999999901e-01 1.120000000000000107e+00 3.747531179999999840e-04 1.120000000000000107e+00 8.944089230000000582e-06 1.120000000000000107e+00 8.532281379999999741e-05 1.120000000000000107e+00 9.203207879999999506e-15 1.120000000000000107e+00 7.390060830000000358e-01 1.120000000000000107e+00 1.597307379999999958e-04 1.120000000000000107e+00 9.353401200000000215e-07 1.120000000000000107e+00 2.950600979999999920e-05 1.120000000000000107e+00 1.568590739999999901e-14 1.120000000000000107e+00 8.031760180000000471e-01 1.120000000000000107e+00 6.749880690000000590e-05 1.120000000000000107e+00 1.678377250000000055e-07 1.120000000000000107e+00 1.219483060000000058e-05 1.120000000000000107e+00 3.084215709999999759e-14 1.120000000000000107e+00 8.030782069999999884e-01 1.120000000000000107e+00 3.111650410000000189e-05 1.120000000000000107e+00 3.932350129999999681e-08 1.120000000000000107e+00 5.668420880000000159e-06 1.120000000000000107e+00 6.042788699999999646e-14 1.120000000000000107e+00 7.966288780000000402e-01 1.120000000000000107e+00 1.487065400000000062e-05 1.120000000000000107e+00 9.810940529999999710e-09 1.120000000000000107e+00 2.722887840000000157e-06 1.120000000000000107e+00 1.187932250000000105e-13 1.120000000000000107e+00 7.933337919999999821e-01
1.129999999999999893e+00 1.080796819999999946e-03 1.129999999999999893e+00 3.960357469999999818e-05 1.129999999999999893e+00 3.662616909999999990e-04 1.129999999999999893e+00 6.791058329999999859e-15 1.129999999999999893e+00 6.213887359999999971e-01 1.129999999999999893e+00 6.431903229999999831e-04 1.129999999999999893e+00 5.071150049999999689e-06 1.129999999999999893e+00 1.619993319999999933e-04 1.129999999999999893e+00 1.423342239999999884e-14 1.129999999999999893e+00 7.192441649999999909e-01 1.129999999999999893e+00 3.459677110000000081e-04 1.129999999999999893e+00 1.187337029999999910e-06 1.129999999999999893e+00 8.649852750000000393e-05 1.129999999999999893e+00 2.815359950000000066e-14 1.129999999999999893e+00 6.942322290000000340e-01 1.129999999999999893e+00 1.733111769999999920e-04 1.129999999999999893e+00 3.901468769999999834e-07 1.129999999999999893e+00 4.370210729999999681e-05 1.129999999999999893e+00 5.722850379999999750e-14 1.129999999999999893e+00 6.740463749999999754e-01 1.129999999999999893e+00 8.495719960000000059e-05 1.129999999999999893e+00 1.287004220000000032e-07 1.129999999999999893e+00 2.163004009999999893e-05 1.129999999999999893e+00 1.155834180000000013e-13 1.129999999999999893e+00 6.618514309999999901e-01 1.129999999999999893e+00 3.817032110000000253e-04 1.129999999999999893e+00 9.230534390000000417e-06 1.129999999999999893e+00 8.910519120000000054e-05 1.129999999999999893e+00 9.213335769999999914e-15 1.129999999999999893e+00 7.390060830000000358e-01 1.129999999999999893e+00 1.639732279999999939e-04 1.129999999999999893e+00 9.821540420000000411e-07 1.129999999999999893e+00 3.112456930000000014e-05 1.129999999999999893e+00 1.570899109999999871e-14 1.129999999999999893e+00 8.031760180000000471e-01 1.129999999999999893e+00 6.941422939999999594e-05 1.129999999999999893e+00 1.769819610000000069e-07 1.129999999999999893e+00 1.287940729999999968e-05 1.129999999999999893e+00 3.088687849999999858e-14 1.129999999999999893e+00 8.030782069999999884e-01 1.129999999999999893e+00 3.200179780000000045e-05 1.129999999999999893e+00 4.140938480000000066e-08 1.129999999999999893e+00 5.984016549999999904e-06 1.129999999999999893e+00 6.054067600000000454e-14 1.129999999999999893e+00 7.966288780000000402e-01 1.129999999999999893e+00 1.529308380000000069e-05 1.129999999999999893e+00 1.031659030000000076e-08 1.129999999999999893e+00 2.873708300000000155e-06 1.129999999999999893e+00 1.190716609999999890e-13 1.129999999999999893e+00 7.933337919999999821e-01
1.139999999999999902e+00 1.090484050000000088e-03 1.139999999999999902e+00 4.017620510000000198e-05 1.139999999999999902e+00 3.771182779999999904e-04 1.139999999999999902e+00 6.800718100000000141e-15 1.139999999999999902e+00 6.213887359999999971e-01 1.139999999999999902e+00 6.534579700000000017e-04 1.139999999999999902e+00 5.218754620000000039e-06 1.139999999999999902e+00 1.684827160000000026e-04 1.139999999999999902e+00 1.425859310000000144e-14 1.139999999999999902e+00 7.192441649999999909e-01 1.139999999999999902e+00 3.521571599999999804e-04 1.139999999999999902e+00 1.222524099999999908e-06 1.139999999999999902e+00 8.998919679999999748e-05 1.139999999999999902e+00 2.819567179999999897e-14 1.139999999999999902e+00 6.942322290000000340e-01 1.139999999999999902e+00 1.766136570000000018e-04 1.139999999999999902e+00 4.017103770000000062e-07 1.139999999999999902e+00 4.545174389999999929e-05 1.139999999999999902e+00 5.729462950000000394e-14 1.139999999999999902e+00 6.740463749999999754e-01 1.139999999999999902e+00 8.661193280000000373e-05 1.139999999999999902e+00 1.323947200000000054e-07 1.139999999999999902e+00 2.248788960000000153e-05 1.139999999999999902e+00 1.156967229999999922e-13 1.139999999999999902e+00 6.618514309999999901e-01 1.139999999999999902e+00 3.885402049999999840e-04 1.139999999999999902e+00 9.520124669999999620e-06 1.139999999999999902e+00 9.295650099999999954e-05 1.139999999999999902e+00 9.222998640000000426e-15 1.139999999999999902e+00 7.390060830000000358e-01 1.139999999999999902e+00 1.681685890000000113e-04 1.139999999999999902e+00 1.030192369999999957e-06 1.139999999999999902e+00 3.278531730000000066e-05 1.139999999999999902e+00 1.573091549999999887e-14 1.139999999999999902e+00 8.031760180000000471e-01 1.139999999999999902e+00 7.131601469999999910e-05 1.139999999999999902e+00 1.864047629999999945e-07 1.139999999999999902e+00 1.358306980000000016e-05 1.139999999999999902e+00 3.092934599999999832e-14 1.139999999999999902e+00 8.030782069999999884e-01 1.139999999999999902e+00 3.288215800000000014e-05 1.139999999999999902e+00 4.355760660000000232e-08 1.139999999999999902e+00 6.308440389999999794e-06 1.139999999999999902e+00 6.064716709999999475e-14 1.139999999999999902e+00 7.966288780000000402e-01 1.139999999999999902e+00 1.571340770000000144e-05 1.139999999999999902e+00 1.083693470000000039e-08 1.139999999999999902e+00 3.028742490000000087e-06 1.139999999999999902e+00 1.193332000000000120e-13 1.139999999999999902e+00 7.933337919999999821e-01
1.149999999999999911e+00 1.099954489999999986e-03 1.149999999999999911e+00 4.074625040000000287e-05 1.149999999999999911e+00 3.880706490000000253e-04 1.149999999999999911e+00 6.809993330000000235e-15 1.149999999999999911e+00 6.213887359999999971e-01 1.149999999999999911e+00 6.635564380000000262e-04 1.149999999999999911e+00 5.367961970000000005e-06 1.149999999999999911e+00 1.750679270000000053e-04 1.149999999999999911e+00 1.428219080000000011e-14 1.149999999999999911e+00 7.192441649999999909e-01 1.149999999999999911e+00 3.582930340000000063e-04 1.149999999999999911e+00 1.258188430000000041e-06 1.149999999999999911e+00 9.354149220000000013e-05 1.149999999999999911e+00 2.823522479999999964e-14 1.149999999999999911e+00 6.942322290000000340e-01 1.149999999999999911e+00 1.799013780000000050e-04 1.149999999999999911e+00 4.134459040000000043e-07 1.149999999999999911e+00 4.723433130000000238e-05 1.149999999999999911e+00 5.735709030000000442e-14 1.149999999999999911e+00 6.740463749999999754e-01 1.149999999999999911e+00 8.826211260000000572e-05 1.149999999999999911e+00 1.361418439999999924e-07 1.149999999999999911e+00 2.336226360000000002e-05 1.149999999999999911e+00 1.158040790000000003e-13 1.149999999999999911e+00 6.618514309999999901e-01 1.149999999999999911e+00 3.952675709999999769e-04 1.149999999999999911e+00 9.812889439999999489e-06 1.149999999999999911e+00 9.687562989999999499e-05 1.149999999999999911e+00 9.232224840000000671e-15 1.149999999999999911e+00 7.390060830000000358e-01 1.149999999999999911e+00 1.723177540000000064e-04 1.149999999999999911e+00 1.079459610000000020e-06 1.149999999999999911e+00 3.448778710000000144e-05 1.149999999999999911e+00 1.575175259999999916e-14 1.149999999999999911e+00 8.031760180000000471e-01 1.149999999999999911e+00 7.320442890000000106e-05 1.149999999999999911e+00 1.961076999999999952e-07 1.149999999999999911e+00 1.430568299999999942e-05 1.149999999999999911e+00 3.096969989999999994e-14 1.149999999999999911e+00 8.030782069999999884e-01 1.149999999999999911e+00 3.375770499999999734e-05 1.149999999999999911e+00 4.576858970000000098e-08 1.149999999999999911e+00 6.641643659999999632e-06 1.149999999999999911e+00 6.074778280000000149e-14 1.149999999999999911e+00 7.966288780000000402e-01 1.149999999999999911e+00 1.613168339999999999e-05 1.149999999999999911e+00 1.137208339999999931e-08 1.149999999999999911e+00 3.187969629999999960e-06 1.149999999999999911e+00 1.195790299999999918e-13 1.149999999999999911e+00 7.933337919999999821e-01
1.159999999999999920e+00 1.109214029999999957e-03 1.159999999999999920e+00 4.131385329999999717e-05 1.159999999999999920e+00 3.991166649999999773e-04 1.159999999999999920e+00 6.818899959999999640e-15 1.159999999999999920e+00 6.213887359999999971e-01 1.159999999999999920e+00 6.734892479999999735e-04 1.159999999999999920e+00 5.518788799999999605e-06 1.159999999999999920e+00 1.817532919999999914e-04 1.159999999999999920e+00 1.430433750000000127e-14 1.159999999999999920e+00 7.192441649999999909e-01 1.159999999999999920e+00 3.643760329999999993e-04 1.159999999999999920e+00 1.294337989999999996e-06 1.159999999999999920e+00 9.715488130000000336e-05 1.159999999999999920e+00 2.827245339999999912e-14 1.159999999999999920e+00 6.942322290000000340e-01 1.159999999999999920e+00 1.831744429999999967e-04 1.159999999999999920e+00 4.253563629999999807e-07 1.159999999999999920e+00 4.904972260000000218e-05 1.159999999999999920e+00 5.741615949999999707e-14 1.159999999999999920e+00 6.740463749999999754e-01 1.159999999999999920e+00 8.990775559999999989e-05 1.159999999999999920e+00 1.399426489999999952e-07 1.159999999999999920e+00 2.425311670000000164e-05 1.159999999999999920e+00 1.159059160000000112e-13 1.159999999999999920e+00 6.618514309999999901e-01 1.159999999999999920e+00 4.018886669999999759e-04 1.159999999999999920e+00 1.010885890000000031e-05 1.159999999999999920e+00 1.008614979999999977e-04 1.159999999999999920e+00 9.241040850000000613e-15 1.159999999999999920e+00 7.390060830000000358e-01 1.159999999999999920e+00 1.764217690000000006e-04 1.159999999999999920e+00 1.129960790000000048e-06 1.159999999999999920e+00 3.623152190000000224e-05 1.159999999999999920e+00 1.577156990000000003e-14 1.159999999999999920e+00 8.031760180000000471e-01 1.159999999999999920e+00 7.507978920000000556e-05 1.159999999999999920e+00 2.060924319999999955e-07 1.159999999999999920e+00 1.504711479999999980e-05 1.159999999999999920e+00 3.100807199999999865e-14 1.159999999999999920e+00 8.030782069999999884e-01 1.159999999999999920e+00 3.462857869999999680e-05 1.159999999999999920e+00 4.804278069999999673e-08 1.159999999999999920e+00 6.983578910000000298e-06 1.159999999999999920e+00 6.084291819999999463e-14 1.159999999999999920e+00 7.966288780000000402e-01 1.159999999999999920e+00 1.654797719999999840e-05 1.159999999999999920e+00 1.192215179999999957e-08 1.159999999999999920e+00 3.351369559999999912e-06 1.159999999999999920e+00 1.198102679999999986e-13 1.159999999999999920e+00 7.933337919999999821e-01
1.169999999999999929e+00 1.118268300000000055e-03 1.169999999999999929e+00 4.187915279999999865e-05 1.169999999999999929e+00 4.102542460000000260e-04 1.169999999999999929e+00 6.827453340000000324e-15 1.169999999999999929e+00 6.213887359999999971e-01 1.169999999999999929e+00 6.832598159999999634e-04 1.169999999999999929e+00 5.671252619999999886e-06 1.169999999999999929e+00 1.885371720000000048e-04 1.169999999999999929e+00 1.432514580000000043e-14 1.169999999999999929e+00 7.192441649999999909e-01 1.169999999999999929e+00 3.704068060000000225e-04 1.169999999999999929e+00 1.330981059999999952e-06 1.169999999999999929e+00 1.008288389999999993e-04 1.169999999999999929e+00 2.830753619999999996e-14 1.169999999999999929e+00 6.942322290000000340e-01 1.169999999999999929e+00 1.864329400000000047e-04 1.169999999999999929e+00 4.374447700000000232e-07 1.169999999999999929e+00 5.089777160000000282e-05 1.169999999999999929e+00 5.747208820000000292e-14 1.169999999999999929e+00 6.740463749999999754e-01 1.169999999999999929e+00 9.154887439999999550e-05 1.169999999999999929e+00 1.437980269999999937e-07 1.169999999999999929e+00 2.516040369999999999e-05 1.169999999999999929e+00 1.160026290000000106e-13 1.169999999999999929e+00 6.618514309999999901e-01 1.169999999999999929e+00 4.084067309999999990e-04 1.169999999999999929e+00 1.040806369999999954e-05 1.169999999999999929e+00 1.049130599999999940e-04 1.169999999999999929e+00 9.249471420000000531e-15 1.169999999999999929e+00 7.390060830000000358e-01 1.169999999999999929e+00 1.804817560000000103e-04 1.169999999999999929e+00 1.181701450000000019e-06 1.169999999999999929e+00 3.801607570000000303e-05 1.169999999999999929e+00 1.579043069999999957e-14 1.169999999999999929e+00 8.031760180000000471e-01 1.169999999999999929e+00 7.694245000000000056e-05 1.169999999999999929e+00 2.163607200000000043e-07 1.169999999999999929e+00 1.580723640000000164e-05 1.169999999999999929e+00 3.104458560000000064e-14 1.169999999999999929e+00 8.030782069999999884e-01 1.169999999999999929e+00 3.549493249999999679e-05 1.169999999999999929e+00 5.038065029999999899e-08 1.169999999999999929e+00 7.334200170000000421e-06 1.169999999999999929e+00 6.093294270000000233e-14 1.169999999999999929e+00 7.966288780000000402e-01 1.169999999999999929e+00 1.696236119999999860e-05 1.169999999999999929e+00 1.248726210000000041e-08 1.169999999999999929e+00 3.518922809999999831e-06 1.169999999999999929e+00 1.200279530000000033e-13 1.169999999999999929e+00 7.933337919999999821e-01
1.179999999999999938e+00 1.127122759999999932e-03 1.179999999999999938e+00 4.244228510000000248e-05 1.179999999999999938e+00 4.214813649999999768e-04 1.179999999999999938e+00 6.835668229999999630e-15 1.179999999999999938e+00 6.213887359999999971e-01 1.179999999999999938e+00 6.928714519999999970e-04 1.179999999999999938e+00 5.825371739999999718e-06 1.179999999999999938e+00 1.954179589999999926e-04 1.179999999999999938e+00 1.434471920000000104e-14 1.179999999999999938e+00 7.192441649999999909e-01 1.179999999999999938e+00 3.763859589999999852e-04 1.179999999999999938e+00 1.368126229999999939e-06 1.179999999999999938e+00 1.045628450000000043e-04 1.179999999999999938e+00 2.834063780000000094e-14 1.179999999999999938e+00 6.942322290000000340e-01 1.179999999999999938e+00 1.896769490000000074e-04 1.179999999999999938e+00 4.497142549999999980e-07 1.179999999999999938e+00 5.277833309999999768e-05 1.179999999999999938e+00 5.752510699999999941e-14 1.179999999999999938e+00 6.740463749999999754e-01 1.179999999999999938e+00 9.318547929999999478e-05 1.179999999999999938e+00 1.477088989999999936e-07 1.179999999999999938e+00 2.608407919999999893e-05 1.179999999999999938e+00 1.160945820000000087e-13 1.179999999999999938e+00 6.618514309999999901e-01 1.179999999999999938e+00 4.148248610000000269e-04 1.179999999999999938e+00 1.071053520000000083e-05 1.179999999999999938e+00 1.090292999999999964e-04 1.179999999999999938e+00 9.257539639999999423e-15 1.179999999999999938e+00 7.390060830000000358e-01 1.179999999999999938e+00 1.844988869999999873e-04 1.179999999999999938e+00 1.234687650000000105e-06 1.179999999999999938e+00 3.984101409999999673e-05 1.179999999999999938e+00 1.580839419999999973e-14 1.179999999999999938e+00 8.031760180000000471e-01 1.179999999999999938e+00 7.879278989999999652e-05 1.179999999999999938e+00 2.269144270000000033e-07 1.179999999999999938e+00 1.658592270000000134e-05 1.179999999999999938e+00 3.107935609999999776e-14 1.179999999999999938e+00 8.030782069999999884e-01 1.179999999999999938e+00 3.635692870000000203e-05 1.179999999999999938e+00 5.278269359999999851e-08 1.179999999999999938e+00 7.693463039999999875e-06 1.179999999999999938e+00 6.101820070000000045e-14 1.179999999999999938e+00 7.966288780000000402e-01 1.179999999999999938e+00 1.737491110000000032e-05 1.179999999999999938e+00 1.306754249999999970e-08 1.179999999999999938e+00 3.690610669999999821e-06 1.179999999999999938e+00 1.202330559999999886e-13 1.179999999999999938e+00 7.933337919999999821e-01
1.189999999999999947e+00 1.135782679999999996e-03 1.189999999999999947e+00 4.300338319999999899e-05 1.189999999999999947e+00 4.327960520000000036e-04 1.189999999999999947e+00 6.843558829999999735e-15 1.189999999999999947e+00 6.213887359999999971e-01 1.189999999999999947e+00 7.023273660000000414e-04 1.189999999999999947e+00 5.981165210000000229e-06 1.189999999999999947e+00 2.023940819999999982e-04 1.189999999999999947e+00 1.436315289999999859e-14 1.189999999999999947e+00 7.192441649999999909e-01 1.189999999999999947e+00 3.823140570000000153e-04 1.189999999999999947e+00 1.405782429999999953e-06 1.189999999999999947e+00 1.083563879999999987e-04 1.189999999999999947e+00 2.837190880000000019e-14 1.189999999999999947e+00 6.942322290000000340e-01 1.189999999999999947e+00 1.929065370000000083e-04 1.189999999999999947e+00 4.621680600000000188e-07 1.189999999999999947e+00 5.469126249999999668e-05 1.189999999999999947e+00 5.757542789999999886e-14 1.189999999999999947e+00 6.740463749999999754e-01 1.189999999999999947e+00 9.481757729999999685e-05 1.189999999999999947e+00 1.516762240000000063e-07 1.189999999999999947e+00 2.702409819999999872e-05 1.189999999999999947e+00 1.161821090000000085e-13 1.189999999999999947e+00 6.618514309999999901e-01 1.189999999999999947e+00 4.211460179999999918e-04 1.189999999999999947e+00 1.101630470000000041e-05 1.189999999999999947e+00 1.132092340000000067e-04 1.189999999999999947e+00 9.265267069999999718e-15 1.189999999999999947e+00 7.390060830000000358e-01 1.189999999999999947e+00 1.884743539999999933e-04 1.189999999999999947e+00 1.288925899999999992e-06 1.189999999999999947e+00 4.170591459999999784e-05 1.189999999999999947e+00 1.582551589999999998e-14 1.189999999999999947e+00 8.031760180000000471e-01 1.189999999999999947e+00 8.063120269999999473e-05 1.189999999999999947e+00 2.377555169999999965e-07 1.189999999999999947e+00 1.738305249999999970e-05 1.189999999999999947e+00 3.111249150000000212e-14 1.189999999999999947e+00 8.030782069999999884e-01 1.189999999999999947e+00 3.721473449999999900e-05 1.189999999999999947e+00 5.524943050000000052e-08 1.189999999999999947e+00 8.061324780000000747e-06 1.189999999999999947e+00 6.109901339999999427e-14 1.189999999999999947e+00 7.966288780000000402e-01 1.189999999999999947e+00 1.778570430000000059e-05 1.189999999999999947e+00 1.366312800000000076e-08 1.189999999999999947e+00 3.866415169999999706e-06 1.189999999999999947e+00 1.204264800000000004e-13 1.189999999999999947e+00 7.933337919999999821e-01
1.199999999999999956e+00 1.144253139999999898e-03 1.199999999999999956e+00 4.356257730000000054e-05 1.199999999999999956e+00 4.441963870000000263e-04 1.199999999999999956e+00 6.851138799999999757e-15 1.199999999999999956e+00 6.213887359999999971e-01 1.199999999999999956e+00 7.116306680000000296e-04 1.199999999999999956e+00 6.138652790000000255e-06 1.199999999999999956e+00 2.094639980000000069e-04 1.199999999999999956e+00 1.438053439999999940e-14 1.199999999999999956e+00 7.192441649999999909e-01 1.199999999999999956e+00 3.881916260000000166e-04 1.199999999999999956e+00 1.443958879999999981e-06 1.199999999999999956e+00 1.122089580000000010e-04 1.199999999999999956e+00 2.840148760000000117e-14 1.199999999999999956e+00 6.942322290000000340e-01 1.199999999999999956e+00 1.961217640000000116e-04 1.199999999999999956e+00 4.748095439999999883e-07 1.199999999999999956e+00 5.663641589999999750e-05 1.199999999999999956e+00 5.762324530000000411e-14 1.199999999999999956e+00 6.740463749999999754e-01 1.199999999999999956e+00 9.644517360000000534e-05 1.199999999999999956e+00 1.557009919999999965e-07 1.199999999999999956e+00 2.798041569999999958e-05 1.199999999999999956e+00 1.162655189999999986e-13 1.199999999999999956e+00 6.618514309999999901e-01 1.199999999999999956e+00 4.273730169999999753e-04 1.199999999999999956e+00 1.132540389999999934e-05 1.199999999999999956e+00 1.174519059999999958e-04 1.199999999999999956e+00 9.272673829999999370e-15 1.199999999999999956e+00 7.390060830000000358e-01 1.199999999999999956e+00 1.924093550000000117e-04 1.199999999999999956e+00 1.344423229999999982e-06 1.199999999999999956e+00 4.361036630000000023e-05 1.199999999999999956e+00 1.584184760000000048e-14 1.199999999999999956e+00 8.031760180000000471e-01 1.199999999999999956e+00 8.245808770000000155e-05 1.199999999999999956e+00 2.488860600000000019e-07 1.199999999999999956e+00 1.819850840000000031e-05 1.199999999999999956e+00 3.114409269999999871e-14 1.199999999999999956e+00 8.030782069999999884e-01 1.199999999999999956e+00 3.806851830000000056e-05 1.199999999999999956e+00 5.778140590000000172e-08 1.199999999999999956e+00 8.437744320000000381e-06 1.199999999999999956e+00 6.117568000000000565e-14 1.199999999999999956e+00 7.966288780000000402e-01 1.199999999999999956e+00 1.819481870000000119e-05 1.199999999999999956e+00 1.427415990000000065e-08 1.199999999999999956e+00 4.046319159999999744e-06 1.199999999999999956e+00 1.206090639999999949e-13 1.199999999999999956e+00 7.933337919999999821e-01
1.209999999999999964e+00 1.152539049999999968e-03 1.209999999999999964e+00 4.411999480000000087e-05 1.209999999999999964e+00 4.556804999999999818e-04 1.209999999999999964e+00 6.858421249999999703e-15 1.209999999999999964e+00 6.213887359999999971e-01 1.209999999999999964e+00 7.207843699999999607e-04 1.209999999999999964e+00 6.297854939999999897e-06 1.209999999999999964e+00 2.166261960000000122e-04 1.209999999999999964e+00 1.439694409999999847e-14 1.209999999999999964e+00 7.192441649999999909e-01 1.209999999999999964e+00 3.940191650000000011e-04 1.209999999999999964e+00 1.482665100000000041e-06 1.209999999999999964e+00 1.161200539999999938e-04 1.209999999999999964e+00 2.842950119999999997e-14 1.209999999999999964e+00 6.942322290000000340e-01 1.209999999999999964e+00 1.993226829999999951e-04 1.209999999999999964e+00 4.876421800000000110e-07 1.209999999999999964e+00 5.861365009999999905e-05 1.209999999999999964e+00 5.766873799999999561e-14 1.209999999999999964e+00 6.740463749999999754e-01 1.209999999999999964e+00 9.806827110000000322e-05 1.209999999999999964e+00 1.597842309999999876e-07 1.209999999999999964e+00 2.895298669999999837e-05 1.209999999999999964e+00 1.163450939999999912e-13 1.209999999999999964e+00 6.618514309999999901e-01 1.209999999999999964e+00 4.335085320000000263e-04 1.209999999999999964e+00 1.163786450000000039e-05 1.209999999999999964e+00 1.217563889999999951e-04 1.209999999999999964e+00 9.279778689999999735e-15 1.209999999999999964e+00 7.390060830000000358e-01 1.209999999999999964e+00 1.963050740000000008e-04 1.209999999999999964e+00 1.401187089999999994e-06 1.209999999999999964e+00 4.555397069999999704e-05 1.209999999999999964e+00 1.585743759999999882e-14 1.209999999999999964e+00 8.031760180000000471e-01 1.209999999999999964e+00 8.427384419999999626e-05 1.209999999999999964e+00 2.603082310000000214e-07 1.209999999999999964e+00 1.903217709999999917e-05 1.209999999999999964e+00 3.117425390000000212e-14 1.209999999999999964e+00 8.030782069999999884e-01 1.209999999999999964e+00 3.891844730000000000e-05 1.209999999999999964e+00 6.037918970000000345e-08 1.209999999999999964e+00 8.822682290000000168e-06 1.209999999999999964e+00 6.124847859999999399e-14 1.209999999999999964e+00 7.966288780000000402e-01 1.209999999999999964e+00 1.860233140000000100e-05 1.209999999999999964e+00 1.490078570000000007e-08 1.209999999999999964e+00 4.230306210000000261e-06 1.209999999999999964e+00 1.207815859999999960e-13 1.209999999999999964e+00 7.933337919999999821e-01
1.219999999999999973e+00 1.160645139999999954e-03 1.219999999999999973e+00 4.467576070000000194e-05 1.219999999999999973e+00 4.672465689999999948e-04 1.219999999999999973e+00 6.865418779999999669e-15 1.219999999999999973e+00 6.213887359999999971e-01 1.219999999999999973e+00 7.297913929999999810e-04 1.219999999999999973e+00 6.458792780000000384e-06 1.219999999999999973e+00 2.238791959999999917e-04 1.219999999999999973e+00 1.441245550000000150e-14 1.219999999999999973e+00 7.192441649999999909e-01 1.219999999999999973e+00 3.997971410000000000e-04 1.219999999999999973e+00 1.521910949999999900e-06 1.219999999999999973e+00 1.200891759999999964e-04 1.219999999999999973e+00 2.845606600000000086e-14 1.219999999999999973e+00 6.942322290000000340e-01 1.219999999999999973e+00 2.025093399999999919e-04 1.219999999999999973e+00 5.006695620000000482e-07 1.219999999999999973e+00 6.062282209999999676e-05 1.219999999999999973e+00 5.771206999999999432e-14 1.219999999999999973e+00 6.740463749999999754e-01 1.219999999999999973e+00 9.968687069999999505e-05 1.219999999999999973e+00 1.639270019999999901e-07 1.219999999999999973e+00 2.994176619999999872e-05 1.219999999999999973e+00 1.164210929999999965e-13 1.219999999999999973e+00 6.618514309999999901e-01 1.219999999999999973e+00 4.395550940000000060e-04 1.219999999999999973e+00 1.195371839999999941e-05 1.219999999999999973e+00 1.261217800000000080e-04 1.219999999999999973e+00 9.286599159999999236e-15 1.219999999999999973e+00 7.390060830000000358e-01 1.219999999999999973e+00 2.001626720000000107e-04 1.219999999999999973e+00 1.459225399999999961e-06 1.219999999999999973e+00 4.753634069999999819e-05 1.219999999999999973e+00 1.587233119999999949e-14 1.219999999999999973e+00 8.031760180000000471e-01 1.219999999999999973e+00 8.607886529999999919e-05 1.219999999999999973e+00 2.720243129999999983e-07 1.219999999999999973e+00 1.988394949999999989e-05 1.219999999999999973e+00 3.120306319999999965e-14 1.219999999999999973e+00 8.030782069999999884e-01 1.219999999999999973e+00 3.976468559999999752e-05 1.219999999999999973e+00 6.304337680000000508e-08 1.219999999999999973e+00 9.216100969999999653e-06 1.219999999999999973e+00 6.131766800000000105e-14 1.219999999999999973e+00 7.966288780000000402e-01 1.219999999999999973e+00 1.900831750000000014e-05 1.219999999999999973e+00 1.554315989999999864e-08 1.219999999999999973e+00 4.418360700000000077e-06 1.219999999999999973e+00 1.209447669999999939e-13 1.219999999999999973e+00 7.933337919999999821e-01
1.229999999999999982e+00 1.168576009999999906e-03 1.229999999999999982e+00 4.522999739999999713e-05 1.229999999999999982e+00 4.788928190000000021e-04 1.229999999999999982e+00 6.872143449999999853e-15 1.229999999999999982e+00 6.213887359999999971e-01 1.229999999999999982e+00 7.386545710000000419e-04 1.229999999999999982e+00 6.621488080000000005e-06 1.229999999999999982e+00 2.312215450000000051e-04 1.229999999999999982e+00 1.442713649999999943e-14 1.229999999999999982e+00 7.192441649999999909e-01 1.229999999999999982e+00 4.055260000000000201e-04 1.229999999999999982e+00 1.561706600000000028e-06 1.229999999999999982e+00 1.241158330000000055e-04 1.229999999999999982e+00 2.848128870000000042e-14 1.229999999999999982e+00 6.942322290000000340e-01 1.229999999999999982e+00 2.056817769999999968e-04 1.229999999999999982e+00 5.138954040000000198e-07 1.229999999999999982e+00 6.266378949999999585e-05 1.229999999999999982e+00 5.775339190000000468e-14 1.229999999999999982e+00 6.740463749999999754e-01 1.229999999999999982e+00 1.013009720000000014e-04 1.229999999999999982e+00 1.681304049999999975e-07 1.229999999999999982e+00 3.094670910000000262e-05 1.229999999999999982e+00 1.164937569999999902e-13 1.229999999999999982e+00 6.618514309999999901e-01 1.229999999999999982e+00 4.455150979999999939e-04 1.229999999999999982e+00 1.227299740000000079e-05 1.229999999999999982e+00 1.305472030000000110e-04 1.229999999999999982e+00 9.293151599999999663e-15 1.229999999999999982e+00 7.390060830000000358e-01 1.229999999999999982e+00 2.039832739999999911e-04 1.229999999999999982e+00 1.518546519999999925e-06 1.229999999999999982e+00 4.955710079999999976e-05 1.229999999999999982e+00 1.588657060000000118e-14 1.229999999999999982e+00 8.031760180000000471e-01 1.229999999999999982e+00 8.787353360000000485e-05 1.229999999999999982e+00 2.840366900000000047e-07 1.229999999999999982e+00 2.075371990000000064e-05 1.229999999999999982e+00 3.123060280000000175e-14 1.229999999999999982e+00 8.030782069999999884e-01 1.229999999999999982e+00 4.060739210000000331e-05 1.229999999999999982e+00 6.577458720000000575e-08 1.229999999999999982e+00 9.617964229999999276e-06 1.229999999999999982e+00 6.138348859999999616e-14 1.229999999999999982e+00 7.966288780000000402e-01 1.229999999999999982e+00 1.941285000000000168e-05 1.229999999999999982e+00 1.620144279999999949e-08 1.229999999999999982e+00 4.610467710000000128e-06 1.229999999999999982e+00 1.210992759999999879e-13 1.229999999999999982e+00 7.933337919999999821e-01
1.239999999999999991e+00 1.176336089999999905e-03 1.239999999999999991e+00 4.578282480000000338e-05 1.239999999999999991e+00 4.906175200000000318e-04 1.239999999999999991e+00 6.878606869999999740e-15 1.239999999999999991e+00 6.213887359999999971e-01 1.239999999999999991e+00 7.473766520000000050e-04 1.239999999999999991e+00 6.785963269999999869e-06 1.239999999999999991e+00 2.386518170000000042e-04 1.239999999999999991e+00 1.444104900000000002e-14 1.239999999999999991e+00 7.192441649999999909e-01 1.239999999999999991e+00 4.112061659999999936e-04 1.239999999999999991e+00 1.602062520000000076e-06 1.239999999999999991e+00 1.281995339999999909e-04 1.239999999999999991e+00 2.850526700000000313e-14 1.239999999999999991e+00 6.942322290000000340e-01 1.239999999999999991e+00 2.088400280000000096e-04 1.239999999999999991e+00 5.273235449999999816e-07 1.239999999999999991e+00 6.473641030000000128e-05 1.239999999999999991e+00 5.779284189999999549e-14 1.239999999999999991e+00 6.740463749999999754e-01 1.239999999999999991e+00 1.029105739999999991e-04 1.239999999999999991e+00 1.723955729999999903e-07 1.239999999999999991e+00 3.196777059999999663e-05 1.239999999999999991e+00 1.165633039999999960e-13 1.239999999999999991e+00 6.618514309999999901e-01 1.239999999999999991e+00 4.513908040000000127e-04 1.239999999999999991e+00 1.259573340000000041e-05 1.239999999999999991e+00 1.350318009999999997e-04 1.239999999999999991e+00 9.299451229999999851e-15 1.239999999999999991e+00 7.390060830000000358e-01 1.239999999999999991e+00 2.077679649999999978e-04 1.239999999999999991e+00 1.579159219999999937e-06 1.239999999999999991e+00 5.161588650000000135e-05 1.239999999999999991e+00 1.590019519999999997e-14 1.239999999999999991e+00 8.031760180000000471e-01 1.239999999999999991e+00 8.965821890000000196e-05 1.239999999999999991e+00 2.963478539999999744e-07 1.239999999999999991e+00 2.164138689999999866e-05 1.239999999999999991e+00 3.125694930000000092e-14 1.239999999999999991e+00 8.030782069999999884e-01 1.239999999999999991e+00 4.144671959999999904e-05 1.239999999999999991e+00 6.857346540000000079e-08 1.239999999999999991e+00 1.002823749999999921e-05 1.239999999999999991e+00 6.144616339999999598e-14 1.239999999999999991e+00 7.966288780000000402e-01 1.239999999999999991e+00 1.981599870000000046e-05 1.239999999999999991e+00 1.687580160000000132e-08 1.239999999999999991e+00 4.806613079999999869e-06 1.239999999999999991e+00 1.212457310000000058e-13 1.239999999999999991e+00 7.933337919999999821e-01
1.250000000000000000e+00 1.183929679999999899e-03 1.250000000000000000e+00 4.633436090000000318e-05 1.250000000000000000e+00 5.024189859999999902e-04 1.250000000000000000e+00 6.884820139999999700e-15 1.250000000000000000e+00 6.213887359999999971e-01 1.250000000000000000e+00 7.559603050000000476e-04 1.250000000000000000e+00 6.952241379999999873e-06 1.250000000000000000e+00 2.461686159999999833e-04 1.250000000000000000e+00 1.445424979999999938e-14 1.250000000000000000e+00 7.192441649999999909e-01 1.250000000000000000e+00 4.168380439999999827e-04 1.250000000000000000e+00 1.642989529999999907e-06 1.250000000000000000e+00 1.323397950000000027e-04 1.250000000000000000e+00 2.852809060000000233e-14 1.250000000000000000e+00 6.942322290000000340e-01 1.250000000000000000e+00 2.119841270000000027e-04 1.250000000000000000e+00 5.409579510000000265e-07 1.250000000000000000e+00 6.684054289999999746e-05 1.250000000000000000e+00 5.783054719999999434e-14 1.250000000000000000e+00 6.740463749999999754e-01 1.250000000000000000e+00 1.045156740000000018e-04 1.250000000000000000e+00 1.767236819999999993e-07 1.250000000000000000e+00 3.300490560000000310e-05 1.250000000000000000e+00 1.166299370000000089e-13 1.250000000000000000e+00 6.618514309999999901e-01 1.250000000000000000e+00 4.571843469999999879e-04 1.250000000000000000e+00 1.292195840000000083e-05 1.250000000000000000e+00 1.395747450000000070e-04 1.250000000000000000e+00 9.305512290000000394e-15 1.250000000000000000e+00 7.390060830000000358e-01 1.250000000000000000e+00 2.115177820000000070e-04 1.250000000000000000e+00 1.641072690000000087e-06 1.250000000000000000e+00 5.371234389999999945e-05 1.250000000000000000e+00 1.591324169999999871e-14 1.250000000000000000e+00 8.031760180000000471e-01 1.250000000000000000e+00 9.143327480000000606e-05 1.250000000000000000e+00 3.089603990000000000e-07 1.250000000000000000e+00 2.254685220000000116e-05 1.250000000000000000e+00 3.128217429999999691e-14 1.250000000000000000e+00 8.030782069999999884e-01 1.250000000000000000e+00 4.228281359999999965e-05 1.250000000000000000e+00 7.144068080000000175e-08 1.250000000000000000e+00 1.044688780000000051e-05 1.250000000000000000e+00 6.150589969999999789e-14 1.250000000000000000e+00 7.966288780000000402e-01 1.250000000000000000e+00 2.021783000000000019e-05 1.250000000000000000e+00 1.756640940000000140e-08 1.250000000000000000e+00 5.006783300000000057e-06 1.250000000000000000e+00 1.213847039999999950e-13 1.250000000000000000e+00 7.933337919999999821e-01
1.260000000000000009e+00 1.191360930000000002e-03 1.260000000000000009e+00 4.688472109999999756e-05 1.260000000000000009e+00 5.142955719999999994e-04 1.260000000000000009e+00 6.890793910000000182e-15 1.260000000000000009e+00 6.213887359999999971e-01 1.260000000000000009e+00 7.644081230000000001e-04 1.260000000000000009e+00 7.120346090000000365e-06 1.260000000000000009e+00 2.537705709999999999e-04 1.260000000000000009e+00 1.446679120000000071e-14 1.260000000000000009e+00 7.192441649999999909e-01 1.260000000000000009e+00 4.224220249999999970e-04 1.260000000000000009e+00 1.684498779999999945e-06 1.260000000000000009e+00 1.365361350000000114e-04 1.260000000000000009e+00 2.854984170000000214e-14 1.260000000000000009e+00 6.942322290000000340e-01 1.260000000000000009e+00 2.151141049999999878e-04 1.260000000000000009e+00 5.548027169999999743e-07 1.260000000000000009e+00 6.897604579999999414e-05 1.260000000000000009e+00 5.786662439999999917e-14 1.260000000000000009e+00 6.740463749999999754e-01 1.260000000000000009e+00 1.061162679999999982e-04 1.260000000000000009e+00 1.811159419999999934e-07 1.260000000000000009e+00 3.405806909999999852e-05 1.260000000000000009e+00 1.166938420000000081e-13 1.260000000000000009e+00 6.618514309999999901e-01 1.260000000000000009e+00 4.628977400000000076e-04 1.260000000000000009e+00 1.325170439999999955e-05 1.260000000000000009e+00 1.441752210000000057e-04 1.260000000000000009e+00 9.311348050000000479e-15 1.260000000000000009e+00 7.390060830000000358e-01 1.260000000000000009e+00 2.152337130000000012e-04 1.260000000000000009e+00 1.704296530000000047e-06 1.260000000000000009e+00 5.584612920000000310e-05 1.260000000000000009e+00 1.592574450000000068e-14 1.260000000000000009e+00 8.031760180000000471e-01 1.260000000000000009e+00 9.319903769999999567e-05 1.260000000000000009e+00 3.218770259999999794e-07 1.260000000000000009e+00 2.347002140000000115e-05 1.260000000000000009e+00 3.130634449999999979e-14 1.260000000000000009e+00 8.030782069999999884e-01 1.260000000000000009e+00 4.311581229999999907e-05 1.260000000000000009e+00 7.437692730000000319e-08 1.260000000000000009e+00 1.087388349999999921e-05 1.260000000000000009e+00 6.156288960000000201e-14 1.260000000000000009e+00 7.966288780000000402e-01 1.260000000000000009e+00 2.061840680000000161e-05 1.260000000000000009e+00 1.827344609999999918e-08 1.260000000000000009e+00 5.210965500000000380e-06 1.260000000000000009e+00 1.215167209999999996e-13 1.260000000000000009e+00 7.933337919999999821e-01
1.270000000000000018e+00 1.198633859999999980e-03 1.270000000000000018e+00 4.743401920000000208e-05 1.270000000000000018e+00 5.262456759999999557e-04 1.270000000000000018e+00 6.896538390000000135e-15 1.270000000000000018e+00 6.213887359999999971e-01 1.270000000000000018e+00 7.727226259999999845e-04 1.270000000000000018e+00 7.290301690000000307e-06 1.270000000000000018e+00 2.614563339999999921e-04 1.270000000000000018e+00 1.447872089999999858e-14 1.270000000000000018e+00 7.192441649999999909e-01 1.270000000000000018e+00 4.279584869999999899e-04 1.270000000000000018e+00 1.726601740000000081e-06 1.270000000000000018e+00 1.407880769999999985e-04 1.270000000000000018e+00 2.857059570000000161e-14 1.270000000000000018e+00 6.942322290000000340e-01 1.270000000000000018e+00 2.182299870000000005e-04 1.270000000000000018e+00 5.688620740000000322e-07 1.270000000000000018e+00 7.114277799999999907e-05 1.270000000000000018e+00 5.790118089999999695e-14 1.270000000000000018e+00 6.740463749999999754e-01 1.270000000000000018e+00 1.077123520000000044e-04 1.270000000000000018e+00 1.855736079999999987e-07 1.270000000000000018e+00 3.512721589999999683e-05 1.270000000000000018e+00 1.167551909999999879e-13 1.270000000000000018e+00 6.618514309999999901e-01 1.270000000000000018e+00 4.685328840000000110e-04 1.270000000000000018e+00 1.358500339999999916e-05 1.270000000000000018e+00 1.488324390000000084e-04 1.270000000000000018e+00 9.316970889999999456e-15 1.270000000000000018e+00 7.390060830000000358e-01 1.270000000000000018e+00 2.189166950000000038e-04 1.270000000000000018e+00 1.768840740000000092e-06 1.270000000000000018e+00 5.801690830000000017e-05 1.270000000000000018e+00 1.593773550000000013e-14 1.270000000000000018e+00 8.031760180000000471e-01 1.270000000000000018e+00 9.495582579999999767e-05 1.270000000000000018e+00 3.351005340000000077e-07 1.270000000000000018e+00 2.441080309999999994e-05 1.270000000000000018e+00 3.132952200000000153e-14 1.270000000000000018e+00 8.030782069999999884e-01 1.270000000000000018e+00 4.394584569999999962e-05 1.270000000000000018e+00 7.738292320000000081e-08 1.270000000000000018e+00 1.130919420000000021e-05 1.270000000000000018e+00 6.161731140000000465e-14 1.270000000000000018e+00 7.966288780000000402e-01 1.270000000000000018e+00 2.101778820000000099e-05 1.270000000000000018e+00 1.899709759999999932e-08 1.270000000000000018e+00 5.419147450000000309e-06 1.270000000000000018e+00 1.216422719999999945e-13 1.270000000000000018e+00 7.933337919999999821e-01
1.280000000000000027e+00 1.205752380000000039e-03 1.280000000000000027e+00 4.798236659999999986e-05 1.280000000000000027e+00 5.382677350000000327e-04 1.280000000000000027e+00 6.902063360000000166e-15 1.280000000000000027e+00 6.213887359999999971e-01 1.280000000000000027e+00 7.809062669999999569e-04 1.280000000000000027e+00 7.462133089999999639e-06 1.280000000000000027e+00 2.692245870000000221e-04 1.280000000000000027e+00 1.449008280000000085e-14 1.280000000000000027e+00 7.192441649999999909e-01 1.280000000000000027e+00 4.334477960000000167e-04 1.280000000000000027e+00 1.769310250000000066e-06 1.280000000000000027e+00 1.450951480000000108e-04 1.280000000000000027e+00 2.859042160000000094e-14 1.280000000000000027e+00 6.942322290000000340e-01 1.280000000000000027e+00 2.213317999999999872e-04 1.280000000000000027e+00 5.831403899999999515e-07 1.280000000000000027e+00 7.334059859999999794e-05 1.280000000000000027e+00 5.793431530000000149e-14 1.280000000000000027e+00 6.740463749999999754e-01 1.280000000000000027e+00 1.093039209999999996e-04 1.280000000000000027e+00 1.900979729999999940e-07 1.280000000000000027e+00 3.621230100000000164e-05 1.280000000000000027e+00 1.168141430000000016e-13 1.280000000000000027e+00 6.618514309999999901e-01 1.280000000000000027e+00 4.740915699999999973e-04 1.280000000000000027e+00 1.392188790000000022e-05 1.280000000000000027e+00 1.535456239999999947e-04 1.280000000000000027e+00 9.322392359999999977e-15 1.280000000000000027e+00 7.390060830000000358e-01 1.280000000000000027e+00 2.225676130000000023e-04 1.280000000000000027e+00 1.834715689999999937e-06 1.280000000000000027e+00 6.022435620000000180e-05 1.280000000000000027e+00 1.594924460000000114e-14 1.280000000000000027e+00 8.031760180000000471e-01 1.280000000000000027e+00 9.670393830000000642e-05 1.280000000000000027e+00 3.486338269999999782e-07 1.280000000000000027e+00 2.536910899999999868e-05 1.280000000000000027e+00 3.135176499999999798e-14 1.280000000000000027e+00 8.030782069999999884e-01 1.280000000000000027e+00 4.477303550000000021e-05 1.280000000000000027e+00 8.045941100000000134e-08 1.280000000000000027e+00 1.175279090000000081e-05 1.280000000000000027e+00 6.166933020000000448e-14 1.280000000000000027e+00 7.966288780000000402e-01 1.280000000000000027e+00 2.141602950000000031e-05 1.280000000000000027e+00 1.973755610000000023e-08 1.280000000000000027e+00 5.631317469999999825e-06 1.280000000000000027e+00 1.217618059999999936e-13 1.280000000000000027e+00 7.933337919999999821e-01
1.290000000000000036e+00 1.212720270000000036e-03 1.290000000000000036e+00 4.852987329999999859e-05 1.290000000000000036e+00 5.503602220000000439e-04 1.290000000000000036e+00 6.907378150000000173e-15 1.290000000000000036e+00 6.213887359999999971e-01 1.290000000000000036e+00 7.889614310000000368e-04 1.290000000000000036e+00 7.635865799999999630e-06 1.290000000000000036e+00 2.770740310000000223e-04 1.290000000000000036e+00 1.450091690000000033e-14 1.290000000000000036e+00 7.192441649999999909e-01 1.290000000000000036e+00 4.388903100000000022e-04 1.290000000000000036e+00 1.812636480000000000e-06 1.290000000000000036e+00 1.494568770000000060e-04 1.290000000000000036e+00 2.860938280000000133e-14 1.290000000000000036e+00 6.942322290000000340e-01 1.290000000000000036e+00 2.244195669999999915e-04 1.290000000000000036e+00 5.976421739999999949e-07 1.290000000000000036e+00 7.556936709999999648e-05 1.290000000000000036e+00 5.796611810000000596e-14 1.290000000000000036e+00 6.740463749999999754e-01 1.290000000000000036e+00 1.108909700000000040e-04 1.290000000000000036e+00 1.946903730000000080e-07 1.290000000000000036e+00 3.731327929999999802e-05 1.290000000000000036e+00 1.168708410000000047e-13 1.290000000000000036e+00 6.618514309999999901e-01 1.290000000000000036e+00 4.795754879999999899e-04 1.290000000000000036e+00 1.426239000000000017e-05 1.290000000000000036e+00 1.583140209999999999e-04 1.290000000000000036e+00 9.327623260000000099e-15 1.290000000000000036e+00 7.390060830000000358e-01 1.290000000000000036e+00 2.261873000000000019e-04 1.290000000000000036e+00 1.901932169999999969e-06 1.290000000000000036e+00 6.246815649999999697e-05 1.290000000000000036e+00 1.596029969999999870e-14 1.290000000000000036e+00 8.031760180000000471e-01 1.290000000000000036e+00 9.844365559999999384e-05 1.290000000000000036e+00 3.624799079999999845e-07 1.290000000000000036e+00 2.634485380000000008e-05 1.290000000000000036e+00 3.137312760000000147e-14 1.290000000000000036e+00 8.030782069999999884e-01 1.290000000000000036e+00 4.559749560000000106e-05 1.290000000000000036e+00 8.360715739999999607e-08 1.290000000000000036e+00 1.220464579999999928e-05 1.290000000000000036e+00 6.171909940000000543e-14 1.290000000000000036e+00 7.966288780000000402e-01 1.290000000000000036e+00 2.181318220000000045e-05 1.290000000000000036e+00 2.049502019999999905e-08 1.290000000000000036e+00 5.847464409999999776e-06 1.290000000000000036e+00 1.218757370000000106e-13 1.290000000000000036e+00 7.933337919999999821e-01
1.300000000000000044e+00 1.219541169999999956e-03 1.300000000000000044e+00 4.907664720000000217e-05 1.300000000000000044e+00 5.625216499999999677e-04 1.300000000000000044e+00 6.912491730000000118e-15 1.300000000000000044e+00 6.213887359999999971e-01 1.300000000000000044e+00 7.968904430000000412e-04 1.300000000000000044e+00 7.811525979999999462e-06 1.300000000000000044e+00 2.850033949999999754e-04 1.300000000000000044e+00 1.451126019999999982e-14 1.300000000000000044e+00 7.192441649999999909e-01 1.300000000000000044e+00 4.442863770000000196e-04 1.300000000000000044e+00 1.856592980000000093e-06 1.300000000000000044e+00 1.538727989999999989e-04 1.300000000000000044e+00 2.862753740000000179e-14 1.300000000000000044e+00 6.942322290000000340e-01 1.300000000000000044e+00 2.274933110000000027e-04 1.300000000000000044e+00 6.123720860000000200e-07 1.300000000000000044e+00 7.782894319999999696e-05 1.300000000000000044e+00 5.799667300000000476e-14 1.300000000000000044e+00 6.740463749999999754e-01 1.300000000000000044e+00 1.124734939999999967e-04 1.300000000000000044e+00 1.993521879999999911e-07 1.300000000000000044e+00 3.843010540000000338e-05 1.300000000000000044e+00 1.169254219999999913e-13 1.300000000000000044e+00 6.618514309999999901e-01 1.300000000000000044e+00 4.849862369999999962e-04 1.300000000000000044e+00 1.460654239999999947e-05 1.300000000000000044e+00 1.631368899999999992e-04 1.300000000000000044e+00 9.332673649999999589e-15 1.300000000000000044e+00 7.390060830000000358e-01 1.300000000000000044e+00 2.297765379999999952e-04 1.300000000000000044e+00 1.970501320000000152e-06 1.300000000000000044e+00 6.474800070000000544e-05 1.300000000000000044e+00 1.597092660000000077e-14 1.300000000000000044e+00 8.031760180000000471e-01 1.300000000000000044e+00 1.001752390000000027e-04 1.300000000000000044e+00 3.766418820000000140e-07 1.300000000000000044e+00 2.733795499999999837e-05 1.300000000000000044e+00 3.139366009999999980e-14 1.300000000000000044e+00 8.030782069999999884e-01 1.300000000000000044e+00 4.641933140000000250e-05 1.300000000000000044e+00 8.682695350000000391e-08 1.300000000000000044e+00 1.266473210000000003e-05 1.300000000000000044e+00 6.176676080000000091e-14 1.300000000000000044e+00 7.966288780000000402e-01 1.300000000000000044e+00 2.220929429999999935e-05 1.300000000000000044e+00 2.126969479999999987e-08 1.300000000000000044e+00 6.067577640000000353e-06 1.300000000000000044e+00 1.219844490000000017e-13 1.300000000000000044e+00 7.933337919999999821e-01
1.310000000000000053e+00 1.226218650000000061e-03 1.310000000000000053e+00 4.962279449999999688e-05 1.310000000000000053e+00 5.747505669999999683e-04 1.310000000000000053e+00 6.917412670000000037e-15 1.310000000000000053e+00 6.213887359999999971e-01 1.310000000000000053e+00 8.046955670000000308e-04 1.310000000000000053e+00 7.989140370000000842e-06 1.310000000000000053e+00 2.930114270000000053e-04 1.310000000000000053e+00 1.452114649999999955e-14 1.310000000000000053e+00 7.192441649999999909e-01 1.310000000000000053e+00 4.496363419999999914e-04 1.310000000000000053e+00 1.901192680000000027e-06 1.310000000000000053e+00 1.583424509999999965e-04 1.310000000000000053e+00 2.864493890000000216e-14 1.310000000000000053e+00 6.942322290000000340e-01 1.310000000000000053e+00 2.305530550000000104e-04 1.310000000000000053e+00 6.273349329999999941e-07 1.310000000000000053e+00 8.011918670000000664e-05 1.310000000000000053e+00 5.802605679999999668e-14 1.310000000000000053e+00 6.740463749999999754e-01 1.310000000000000053e+00 1.140514870000000017e-04 1.310000000000000053e+00 2.040848440000000072e-07 1.310000000000000053e+00 3.956273409999999777e-05 1.310000000000000053e+00 1.169780080000000026e-13 1.310000000000000053e+00 6.618514309999999901e-01 1.310000000000000053e+00 4.903253250000000080e-04 1.310000000000000053e+00 1.495437800000000016e-05 1.310000000000000053e+00 1.680135070000000127e-04 1.310000000000000053e+00 9.337552949999999904e-15 1.310000000000000053e+00 7.390060830000000358e-01 1.310000000000000053e+00 2.333360590000000117e-04 1.310000000000000053e+00 2.040434670000000173e-06 1.310000000000000053e+00 6.706358819999999642e-05 1.310000000000000053e+00 1.598114959999999984e-14 1.310000000000000053e+00 8.031760180000000471e-01 1.310000000000000053e+00 1.018989319999999952e-04 1.310000000000000053e+00 3.911229539999999930e-07 1.310000000000000053e+00 2.834833229999999998e-05 1.310000000000000053e+00 3.141340960000000026e-14 1.310000000000000053e+00 8.030782069999999884e-01 1.310000000000000053e+00 4.723864089999999920e-05 1.310000000000000053e+00 9.011961400000000498e-08 1.310000000000000053e+00 1.313302400000000011e-05 1.310000000000000053e+00 6.181244619999999874e-14 1.310000000000000053e+00 7.966288780000000402e-01 1.310000000000000053e+00 2.260440980000000076e-05 1.310000000000000053e+00 2.206179099999999885e-08 1.310000000000000053e+00 6.291646969999999955e-06 1.310000000000000053e+00 1.220882949999999980e-13 1.310000000000000053e+00 7.933337919999999821e-01
1.320000000000000062e+00 1.232756140000000090e-03 1.320000000000000062e+00 5.016841990000000211e-05 1.320000000000000062e+00 5.870455559999999615e-04 1.320000000000000062e+00 6.922149170000000030e-15 1.320000000000000062e+00 6.213887359999999971e-01 1.320000000000000062e+00 8.123790099999999691e-04 1.320000000000000062e+00 8.168736370000000672e-06 1.320000000000000062e+00 3.010969010000000235e-04 1.320000000000000062e+00 1.453060660000000028e-14 1.320000000000000062e+00 7.192441649999999909e-01 1.320000000000000062e+00 4.549405399999999883e-04 1.320000000000000062e+00 1.946448870000000152e-06 1.320000000000000062e+00 1.628653729999999936e-04 1.320000000000000062e+00 2.866163609999999996e-14 1.320000000000000062e+00 6.942322290000000340e-01 1.320000000000000062e+00 2.335988200000000119e-04 1.320000000000000062e+00 6.425356810000000378e-07 1.320000000000000062e+00 8.243995769999999364e-05 1.320000000000000062e+00 5.805434010000000056e-14 1.320000000000000062e+00 6.740463749999999754e-01 1.320000000000000062e+00 1.156249430000000025e-04 1.320000000000000062e+00 2.088898140000000000e-07 1.320000000000000062e+00 4.071111999999999859e-05 1.320000000000000062e+00 1.170287149999999924e-13 1.320000000000000062e+00 6.618514309999999901e-01 1.320000000000000062e+00 4.955941809999999531e-04 1.320000000000000062e+00 1.530592980000000081e-05 1.320000000000000062e+00 1.729431620000000040e-04 1.320000000000000062e+00 9.342269929999999468e-15 1.320000000000000062e+00 7.390060830000000358e-01 1.320000000000000062e+00 2.368665489999999935e-04 1.320000000000000062e+00 2.111744110000000174e-06 1.320000000000000062e+00 6.941462520000000276e-05 1.320000000000000062e+00 1.599099120000000130e-14 1.320000000000000062e+00 8.031760180000000471e-01 1.320000000000000062e+00 1.036149590000000044e-04 1.320000000000000062e+00 4.059264259999999883e-07 1.320000000000000062e+00 2.937590810000000125e-05 1.320000000000000062e+00 3.143241990000000128e-14 1.320000000000000062e+00 8.030782069999999884e-01 1.320000000000000062e+00 4.805551439999999896e-05 1.320000000000000062e+00 9.348597819999999716e-08 1.320000000000000062e+00 1.360949679999999929e-05 1.320000000000000062e+00 6.185627750000000537e-14 1.320000000000000062e+00 7.966288780000000402e-01 1.320000000000000062e+00 2.299856950000000024e-05 1.320000000000000062e+00 2.287152639999999918e-08 1.320000000000000062e+00 6.519662650000000271e-06 1.320000000000000062e+00 1.221876010000000039e-13 1.320000000000000062e+00 7.933337919999999821e-01
1.330000000000000071e+00 1.239156990000000102e-03 1.330000000000000071e+00 5.071362660000000257e-05 1.330000000000000071e+00 5.994052350000000483e-04 1.330000000000000071e+00 6.926709050000000268e-15 1.330000000000000071e+00 6.213887359999999971e-01 1.330000000000000071e+00 8.199429250000000351e-04 1.330000000000000071e+00 8.350342000000000222e-06 1.330000000000000071e+00 3.092586089999999782e-04 1.330000000000000071e+00 1.453966910000000002e-14 1.330000000000000071e+00 7.192441649999999909e-01 1.330000000000000071e+00 4.601993039999999809e-04 1.330000000000000071e+00 1.992375259999999803e-06 1.330000000000000071e+00 1.674411099999999924e-04 1.330000000000000071e+00 2.867767410000000284e-14 1.330000000000000071e+00 6.942322290000000340e-01 1.330000000000000071e+00 2.366306280000000006e-04 1.330000000000000071e+00 6.579794590000000158e-07 1.330000000000000071e+00 8.479111659999999536e-05 1.330000000000000071e+00 5.808158820000000149e-14 1.330000000000000071e+00 6.740463749999999754e-01 1.330000000000000071e+00 1.171938570000000053e-04 1.330000000000000071e+00 2.137686170000000003e-07 1.330000000000000071e+00 4.187521780000000120e-05 1.330000000000000071e+00 1.170776469999999927e-13 1.330000000000000071e+00 6.618514309999999901e-01 1.330000000000000071e+00 5.007941569999999586e-04 1.330000000000000071e+00 1.566123119999999976e-05 1.330000000000000071e+00 1.779251610000000088e-04 1.330000000000000071e+00 9.346832809999999954e-15 1.330000000000000071e+00 7.390060830000000358e-01 1.330000000000000071e+00 2.403686480000000127e-04 1.330000000000000071e+00 2.184441919999999809e-06 1.330000000000000071e+00 7.180082449999999569e-05 1.330000000000000071e+00 1.600047260000000135e-14 1.330000000000000071e+00 8.031760180000000471e-01 1.330000000000000071e+00 1.053235289999999947e-04 1.330000000000000071e+00 4.210557030000000163e-07 1.330000000000000071e+00 3.042060660000000082e-05 1.330000000000000071e+00 3.145073200000000178e-14 1.330000000000000071e+00 8.030782069999999884e-01 1.330000000000000071e+00 4.887003490000000217e-05 1.330000000000000071e+00 9.692690930000000416e-08 1.330000000000000071e+00 1.409412650000000029e-05 1.330000000000000071e+00 6.189836769999999415e-14 1.330000000000000071e+00 7.966288780000000402e-01 1.330000000000000071e+00 2.339181090000000038e-05 1.330000000000000071e+00 2.369912479999999941e-08 1.330000000000000071e+00 6.751615299999999888e-06 1.330000000000000071e+00 1.222826659999999971e-13 1.330000000000000071e+00 7.933337919999999821e-01
1.340000000000000080e+00 1.245424420000000023e-03 1.340000000000000080e+00 5.125851619999999753e-05 1.340000000000000080e+00 6.118282519999999934e-04 1.340000000000000080e+00 6.931099830000000185e-15 1.340000000000000080e+00 6.213887359999999971e-01 1.340000000000000080e+00 8.273894149999999571e-04 1.340000000000000080e+00 8.533985909999999869e-06 1.340000000000000080e+00 3.174953679999999883e-04 1.340000000000000080e+00 1.454836000000000040e-14 1.340000000000000080e+00 7.192441649999999909e-01 1.340000000000000080e+00 4.654129630000000098e-04 1.340000000000000080e+00 2.038985949999999942e-06 1.340000000000000080e+00 1.720692089999999869e-04 1.340000000000000080e+00 2.869309429999999705e-14 1.340000000000000080e+00 6.942322290000000340e-01 1.340000000000000080e+00 2.396485000000000011e-04 1.340000000000000080e+00 6.736715619999999717e-07 1.340000000000000080e+00 8.717252379999999498e-05 1.340000000000000080e+00 5.810786119999999812e-14 1.340000000000000080e+00 6.740463749999999754e-01 1.340000000000000080e+00 1.187582210000000016e-04 1.340000000000000080e+00 2.187228259999999967e-07 1.340000000000000080e+00 4.305498199999999767e-05 1.340000000000000080e+00 1.171249029999999917e-13 1.340000000000000080e+00 6.618514309999999901e-01 1.340000000000000080e+00 5.059265379999999855e-04 1.340000000000000080e+00 1.602031589999999855e-05 1.340000000000000080e+00 1.829588199999999953e-04 1.340000000000000080e+00 9.351249249999999985e-15 1.340000000000000080e+00 7.390060830000000358e-01 1.340000000000000080e+00 2.438429540000000106e-04 1.340000000000000080e+00 2.258540719999999965e-06 1.340000000000000080e+00 7.422190549999999325e-05 1.340000000000000080e+00 1.600961329999999964e-14 1.340000000000000080e+00 8.031760180000000471e-01 1.340000000000000080e+00 1.070248339999999986e-04 1.340000000000000080e+00 4.365142860000000187e-07 1.340000000000000080e+00 3.148235440000000262e-05 1.340000000000000080e+00 3.146838399999999807e-14 1.340000000000000080e+00 8.030782069999999884e-01 1.340000000000000080e+00 4.968227890000000130e-05 1.340000000000000080e+00 1.004432950000000062e-07 1.340000000000000080e+00 1.458688990000000026e-05 1.340000000000000080e+00 6.193882170000000615e-14 1.340000000000000080e+00 7.966288780000000402e-01 1.340000000000000080e+00 2.378416829999999900e-05 1.340000000000000080e+00 2.454481649999999850e-08 1.340000000000000080e+00 6.987495920000000038e-06 1.340000000000000080e+00 1.223737690000000094e-13 1.340000000000000080e+00 7.933337919999999821e-01
1.350000000000000089e+00 1.251561580000000061e-03 1.350000000000000089e+00 5.180318889999999723e-05 1.350000000000000089e+00 6.243132889999999675e-04 1.350000000000000089e+00 6.935328660000000072e-15 1.350000000000000089e+00 6.213887359999999971e-01 1.350000000000000089e+00 8.347205290000000045e-04 1.350000000000000089e+00 8.719697400000000443e-06 1.350000000000000089e+00 3.258060129999999928e-04 1.350000000000000089e+00 1.455670330000000025e-14 1.350000000000000089e+00 7.192441649999999909e-01 1.350000000000000089e+00 4.705818409999999730e-04 1.350000000000000089e+00 2.086295470000000125e-06 1.350000000000000089e+00 1.767492200000000133e-04 1.350000000000000089e+00 2.870793470000000098e-14 1.350000000000000089e+00 6.942322290000000340e-01 1.350000000000000089e+00 2.426524580000000066e-04 1.350000000000000089e+00 6.896174599999999485e-07 1.350000000000000089e+00 8.958404020000000081e-05 1.350000000000000089e+00 5.813321470000000568e-14 1.350000000000000089e+00 6.740463749999999754e-01 1.350000000000000089e+00 1.203180309999999937e-04 1.350000000000000089e+00 2.237540609999999894e-07 1.350000000000000089e+00 4.425036700000000215e-05 1.350000000000000089e+00 1.171705730000000112e-13 1.350000000000000089e+00 6.618514309999999901e-01 1.350000000000000089e+00 5.109925410000000501e-04 1.350000000000000089e+00 1.638321810000000013e-05 1.350000000000000089e+00 1.880434700000000077e-04 1.350000000000000089e+00 9.355526449999999840e-15 1.350000000000000089e+00 7.390060830000000358e-01 1.350000000000000089e+00 2.472900240000000115e-04 1.350000000000000089e+00 2.334053539999999837e-06 1.350000000000000089e+00 7.667759280000000356e-05 1.350000000000000089e+00 1.601843169999999915e-14 1.350000000000000089e+00 8.031760180000000471e-01 1.350000000000000089e+00 1.087190519999999959e-04 1.350000000000000089e+00 4.523057759999999820e-07 1.350000000000000089e+00 3.256107969999999947e-05 1.350000000000000089e+00 3.148541139999999953e-14 1.350000000000000089e+00 8.030782069999999884e-01 1.350000000000000089e+00 5.049231619999999799e-05 1.350000000000000089e+00 1.040360460000000008e-07 1.350000000000000089e+00 1.508776469999999920e-05 1.350000000000000089e+00 6.197773669999999862e-14 1.350000000000000089e+00 7.966288780000000402e-01 1.350000000000000089e+00 2.417567319999999897e-05 1.350000000000000089e+00 2.540883829999999916e-08 1.350000000000000089e+00 7.227295829999999728e-06 1.350000000000000089e+00 1.224611629999999890e-13 1.350000000000000089e+00 7.933337919999999821e-01
1.360000000000000098e+00 1.257571519999999953e-03 1.360000000000000098e+00 5.234774369999999912e-05 1.360000000000000098e+00 6.368590590000000173e-04 1.360000000000000098e+00 6.939402390000000273e-15 1.360000000000000098e+00 6.213887359999999971e-01 1.360000000000000098e+00 8.419382709999999759e-04 1.360000000000000098e+00 8.907506419999999838e-06 1.360000000000000098e+00 3.341894000000000093e-04 1.360000000000000098e+00 1.456472109999999875e-14 1.360000000000000098e+00 7.192441649999999909e-01 1.360000000000000098e+00 4.757062599999999932e-04 1.360000000000000098e+00 2.134318779999999985e-06 1.360000000000000098e+00 1.814806980000000067e-04 1.360000000000000098e+00 2.872223019999999889e-14 1.360000000000000098e+00 6.942322290000000340e-01 1.360000000000000098e+00 2.456425219999999916e-04 1.360000000000000098e+00 7.058228030000000067e-07 1.360000000000000098e+00 9.202552669999999402e-05 1.360000000000000098e+00 5.815769980000000551e-14 1.360000000000000098e+00 6.740463749999999754e-01 1.360000000000000098e+00 1.218732799999999961e-04 1.360000000000000098e+00 2.288640010000000074e-07 1.360000000000000098e+00 4.546132739999999818e-05 1.360000000000000098e+00 1.172147399999999921e-13 1.360000000000000098e+00 6.618514309999999901e-01 1.360000000000000098e+00 5.159933269999999583e-04 1.360000000000000098e+00 1.674997240000000040e-05 1.360000000000000098e+00 1.931784539999999877e-04 1.360000000000000098e+00 9.359671099999999895e-15 1.360000000000000098e+00 7.390060830000000358e-01 1.360000000000000098e+00 2.507103769999999743e-04 1.360000000000000098e+00 2.410993740000000033e-06 1.360000000000000098e+00 7.916761690000000574e-05 1.360000000000000098e+00 1.602694489999999997e-14 1.360000000000000098e+00 8.031760180000000471e-01 1.360000000000000098e+00 1.104063450000000035e-04 1.360000000000000098e+00 4.684338749999999942e-07 1.360000000000000098e+00 3.365671239999999838e-05 1.360000000000000098e+00 3.150184760000000014e-14 1.360000000000000098e+00 8.030782069999999884e-01 1.360000000000000098e+00 5.130021070000000252e-05 1.360000000000000098e+00 1.077061000000000038e-07 1.360000000000000098e+00 1.559672910000000021e-05 1.360000000000000098e+00 6.201520280000000267e-14 1.360000000000000098e+00 7.966288780000000402e-01 1.360000000000000098e+00 2.456635410000000160e-05 1.360000000000000098e+00 2.629143350000000118e-08 1.360000000000000098e+00 7.471006639999999651e-06 1.360000000000000098e+00 1.225450839999999943e-13 1.360000000000000098e+00 7.933337919999999821e-01
1.370000000000000107e+00 1.263457190000000056e-03 1.370000000000000107e+00 5.289227809999999985e-05 1.370000000000000107e+00 6.494643049999999614e-04 1.370000000000000107e+00 6.943327590000000394e-15 1.370000000000000107e+00 6.213887359999999971e-01 1.370000000000000107e+00 8.490445969999999704e-04 1.370000000000000107e+00 9.097443599999999262e-06 1.370000000000000107e+00 3.426444070000000215e-04 1.370000000000000107e+00 1.457243349999999860e-14 1.370000000000000107e+00 7.192441649999999909e-01 1.370000000000000107e+00 4.807865399999999845e-04 1.370000000000000107e+00 2.183071279999999905e-06 1.370000000000000107e+00 1.862631980000000105e-04 1.370000000000000107e+00 2.873601319999999756e-14 1.370000000000000107e+00 6.942322290000000340e-01 1.370000000000000107e+00 2.486187149999999997e-04 1.370000000000000107e+00 7.222934300000000457e-07 1.370000000000000107e+00 9.449684440000000651e-05 1.370000000000000107e+00 5.818136400000000482e-14 1.370000000000000107e+00 6.740463749999999754e-01 1.370000000000000107e+00 1.234239610000000095e-04 1.370000000000000107e+00 2.340543760000000000e-07 1.370000000000000107e+00 4.668781739999999667e-05 1.370000000000000107e+00 1.172574830000000022e-13 1.370000000000000107e+00 6.618514309999999901e-01 1.370000000000000107e+00 5.209299999999999608e-04 1.370000000000000107e+00 1.712061379999999842e-05 1.370000000000000107e+00 1.983631230000000079e-04 1.370000000000000107e+00 9.363689490000000593e-15 1.370000000000000107e+00 7.390060830000000358e-01 1.370000000000000107e+00 2.541044980000000211e-04 1.370000000000000107e+00 2.489375069999999819e-06 1.370000000000000107e+00 8.169171290000000658e-05 1.370000000000000107e+00 1.603516879999999923e-14 1.370000000000000107e+00 8.031760180000000471e-01 1.370000000000000107e+00 1.120868609999999991e-04 1.370000000000000107e+00 4.849023839999999735e-07 1.370000000000000107e+00 3.476918400000000202e-05 1.370000000000000107e+00 3.151772340000000067e-14 1.370000000000000107e+00 8.030782069999999884e-01 1.370000000000000107e+00 5.210602079999999975e-05 1.370000000000000107e+00 1.114544179999999942e-07 1.370000000000000107e+00 1.611376200000000085e-05 1.370000000000000107e+00 6.205130339999999697e-14 1.370000000000000107e+00 7.966288780000000402e-01 1.370000000000000107e+00 2.495623720000000114e-05 1.370000000000000107e+00 2.719285230000000160e-08 1.370000000000000107e+00 7.718620249999999649e-06 1.370000000000000107e+00 1.226257499999999988e-13 1.370000000000000107e+00 7.933337919999999821e-01
1.379999999999999893e+00 1.269221469999999921e-03 1.379999999999999893e+00 5.343688869999999833e-05 1.379999999999999893e+00 6.621277980000000486e-04 1.379999999999999893e+00 6.947110490000000103e-15 1.379999999999999893e+00 6.213887359999999971e-01 1.379999999999999893e+00 8.560414170000000536e-04 1.379999999999999893e+00 9.289540210000000550e-06 1.379999999999999893e+00 3.511699270000000076e-04 1.379999999999999893e+00 1.457985929999999956e-14 1.379999999999999893e+00 7.192441649999999909e-01 1.379999999999999893e+00 4.858229979999999812e-04 1.379999999999999893e+00 2.232568849999999891e-06 1.379999999999999893e+00 1.910962820000000129e-04 1.379999999999999893e+00 2.874931329999999797e-14 1.379999999999999893e+00 6.942322290000000340e-01 1.379999999999999893e+00 2.515810580000000011e-04 1.379999999999999893e+00 7.390353700000000186e-07 1.379999999999999893e+00 9.699785479999999539e-05 1.379999999999999893e+00 5.820425100000000523e-14 1.379999999999999893e+00 6.740463749999999754e-01 1.379999999999999893e+00 1.249700700000000095e-04 1.379999999999999893e+00 2.393269780000000091e-07 1.379999999999999893e+00 4.792979139999999820e-05 1.379999999999999893e+00 1.172988730000000098e-13 1.379999999999999893e+00 6.618514309999999901e-01 1.379999999999999893e+00 5.258036159999999581e-04 1.379999999999999893e+00 1.749517780000000143e-05 1.379999999999999893e+00 2.035968429999999996e-04 1.379999999999999893e+00 9.367587509999999297e-15 1.379999999999999893e+00 7.390060830000000358e-01 1.379999999999999893e+00 2.574728390000000262e-04 1.379999999999999893e+00 2.569211659999999843e-06 1.379999999999999893e+00 8.424962090000000649e-05 1.379999999999999893e+00 1.604311840000000054e-14 1.379999999999999893e+00 8.031760180000000471e-01 1.379999999999999893e+00 1.137607389999999966e-04 1.379999999999999893e+00 5.017152039999999886e-07 1.379999999999999893e+00 3.589842750000000028e-05 1.379999999999999893e+00 3.153306789999999904e-14 1.379999999999999893e+00 8.030782069999999884e-01 1.379999999999999893e+00 5.290979969999999800e-05 1.379999999999999893e+00 1.152819860000000017e-07 1.379999999999999893e+00 1.663884270000000014e-05 1.379999999999999893e+00 6.208611620000000225e-14 1.379999999999999893e+00 7.966288780000000402e-01 1.379999999999999893e+00 2.534534619999999843e-05 1.379999999999999893e+00 2.811335120000000112e-08 1.379999999999999893e+00 7.970128799999999584e-06 1.379999999999999893e+00 1.227033599999999981e-13 1.379999999999999893e+00 7.933337919999999821e-01
1.389999999999999902e+00 1.274867139999999932e-03 1.389999999999999902e+00 5.398167069999999768e-05 1.389999999999999902e+00 6.748483389999999742e-04 1.389999999999999902e+00 6.950757079999999899e-15 1.389999999999999902e+00 6.213887359999999971e-01 1.389999999999999902e+00 8.629306000000000216e-04 1.389999999999999902e+00 9.483828239999999679e-06 1.389999999999999902e+00 3.597648760000000164e-04 1.389999999999999902e+00 1.458701549999999857e-14 1.389999999999999902e+00 7.192441649999999909e-01 1.389999999999999902e+00 4.908159480000000296e-04 1.389999999999999902e+00 2.282827840000000173e-06 1.389999999999999902e+00 1.959795129999999984e-04 1.389999999999999902e+00 2.876215779999999837e-14 1.389999999999999902e+00 6.942322290000000340e-01 1.389999999999999902e+00 2.545295730000000163e-04 1.389999999999999902e+00 7.560548579999999906e-07 1.389999999999999902e+00 9.952841950000000410e-05 1.389999999999999902e+00 5.822640140000000572e-14 1.389999999999999902e+00 6.740463749999999754e-01 1.389999999999999902e+00 1.265116010000000063e-04 1.389999999999999902e+00 2.446836560000000186e-07 1.389999999999999902e+00 4.918720350000000188e-05 1.389999999999999902e+00 1.173389759999999903e-13 1.389999999999999902e+00 6.618514309999999901e-01 1.389999999999999902e+00 5.306151830000000423e-04 1.389999999999999902e+00 1.787370049999999935e-05 1.389999999999999902e+00 2.088789889999999934e-04 1.389999999999999902e+00 9.371370659999999750e-15 1.389999999999999902e+00 7.390060830000000358e-01 1.389999999999999902e+00 2.608158199999999921e-04 1.389999999999999902e+00 2.650517990000000114e-06 1.389999999999999902e+00 8.684108519999999989e-05 1.389999999999999902e+00 1.605080770000000139e-14 1.389999999999999902e+00 8.031760180000000471e-01 1.389999999999999902e+00 1.154281039999999978e-04 1.389999999999999902e+00 5.188763389999999528e-07 1.389999999999999902e+00 3.704437710000000266e-05 1.389999999999999902e+00 3.154790790000000305e-14 1.389999999999999902e+00 8.030782069999999884e-01 1.389999999999999902e+00 5.371159569999999671e-05 1.389999999999999902e+00 1.191898150000000011e-07 1.389999999999999902e+00 1.717195139999999997e-05 1.389999999999999902e+00 6.211971299999999927e-14 1.389999999999999902e+00 7.966288780000000402e-01 1.389999999999999902e+00 2.573370279999999893e-05 1.389999999999999902e+00 2.905319400000000112e-08 1.389999999999999902e+00 8.225524670000000191e-06 1.389999999999999902e+00 1.227781009999999901e-13 1.389999999999999902e+00 7.933337919999999821e-01
1.399999999999999911e+00 1.280396899999999925e-03 1.399999999999999911e+00 5.452671829999999827e-05 1.399999999999999911e+00 6.876247549999999799e-04 1.399999999999999911e+00 6.954273070000000331e-15 1.399999999999999911e+00 6.213887359999999971e-01 1.399999999999999911e+00 8.697139719999999507e-04 1.399999999999999911e+00 9.680340349999999502e-06 1.399999999999999911e+00 3.684281869999999747e-04 1.399999999999999911e+00 1.459391799999999908e-14 1.399999999999999911e+00 7.192441649999999909e-01 1.399999999999999911e+00 4.957657020000000216e-04 1.399999999999999911e+00 2.333865069999999931e-06 1.399999999999999911e+00 2.009124569999999935e-04 1.399999999999999911e+00 2.877457210000000050e-14 1.399999999999999911e+00 6.942322290000000340e-01 1.399999999999999911e+00 2.574642840000000038e-04 1.399999999999999911e+00 7.733583350000000329e-07 1.399999999999999911e+00 1.020884000000000033e-04 1.399999999999999911e+00 5.824785279999999954e-14 1.399999999999999911e+00 6.740463749999999754e-01 1.399999999999999911e+00 1.280485460000000048e-04 1.399999999999999911e+00 2.501263219999999761e-07 1.399999999999999911e+00 5.046000810000000154e-05 1.399999999999999911e+00 1.173778560000000080e-13 1.399999999999999911e+00 6.618514309999999901e-01 1.399999999999999911e+00 5.353656660000000438e-04 1.399999999999999911e+00 1.825621859999999866e-05 1.399999999999999911e+00 2.142089429999999924e-04 1.399999999999999911e+00 9.375044109999999443e-15 1.399999999999999911e+00 7.390060830000000358e-01 1.399999999999999911e+00 2.641338380000000127e-04 1.399999999999999911e+00 2.733308949999999800e-06 1.399999999999999911e+00 8.946585410000000593e-05 1.399999999999999911e+00 1.605824949999999947e-14 1.399999999999999911e+00 8.031760180000000471e-01 1.399999999999999911e+00 1.170890699999999946e-04 1.399999999999999911e+00 5.363898940000000398e-07 1.399999999999999911e+00 3.820696830000000260e-05 1.399999999999999911e+00 3.156226889999999863e-14 1.399999999999999911e+00 8.030782069999999884e-01 1.399999999999999911e+00 5.451145290000000129e-05 1.399999999999999911e+00 1.231789440000000027e-07 1.399999999999999911e+00 1.771306820000000055e-05 1.399999999999999911e+00 6.215216069999999808e-14 1.399999999999999911e+00 7.966288780000000402e-01 1.399999999999999911e+00 2.612132640000000100e-05 1.399999999999999911e+00 3.001265130000000182e-08 1.399999999999999911e+00 8.484800419999999891e-06 1.399999999999999911e+00 1.228501409999999951e-13 1.399999999999999911e+00 7.933337919999999821e-01
1.409999999999999920e+00 1.285813380000000016e-03 1.409999999999999920e+00 5.507212469999999766e-05 1.409999999999999920e+00 7.004558989999999869e-04 1.409999999999999920e+00 6.957663909999999629e-15 1.409999999999999920e+00 6.213887359999999971e-01 1.409999999999999920e+00 8.763933169999999764e-04 1.409999999999999920e+00 9.879109940000000052e-06 1.409999999999999920e+00 3.771588090000000163e-04 1.409999999999999920e+00 1.460058129999999848e-14 1.409999999999999920e+00 7.192441649999999909e-01 1.409999999999999920e+00 5.006725719999999573e-04 1.409999999999999920e+00 2.385697910000000129e-06 1.409999999999999920e+00 2.058946840000000088e-04 1.409999999999999920e+00 2.878657949999999699e-14 1.409999999999999920e+00 6.942322290000000340e-01 1.409999999999999920e+00 2.603852109999999919e-04 1.409999999999999920e+00 7.909524619999999562e-07 1.409999999999999920e+00 1.046776589999999968e-04 1.409999999999999920e+00 5.826864000000000565e-14 1.409999999999999920e+00 6.740463749999999754e-01 1.409999999999999920e+00 1.295809009999999940e-04 1.409999999999999920e+00 2.556569540000000160e-07 1.409999999999999920e+00 5.174815919999999802e-05 1.409999999999999920e+00 1.174155690000000023e-13 1.409999999999999920e+00 6.618514309999999901e-01 1.409999999999999920e+00 5.400559909999999488e-04 1.409999999999999920e+00 1.864276939999999873e-05 1.409999999999999920e+00 2.195861009999999975e-04 1.409999999999999920e+00 9.378612690000000662e-15 1.409999999999999920e+00 7.390060830000000358e-01 1.409999999999999920e+00 2.674272579999999850e-04 1.409999999999999920e+00 2.817599789999999799e-06 1.409999999999999920e+00 9.212368000000000564e-05 1.409999999999999920e+00 1.606545609999999887e-14 1.409999999999999920e+00 8.031760180000000471e-01 1.409999999999999920e+00 1.187437429999999971e-04 1.409999999999999920e+00 5.542600789999999570e-07 1.409999999999999920e+00 3.938613749999999810e-05 1.409999999999999920e+00 3.157617430000000050e-14 1.409999999999999920e+00 8.030782069999999884e-01 1.409999999999999920e+00 5.530941130000000097e-05 1.409999999999999920e+00 1.272504349999999943e-07 1.409999999999999920e+00 1.826217409999999989e-05 1.409999999999999920e+00 6.218352130000000012e-14 1.409999999999999920e+00 7.966288780000000402e-01 1.409999999999999920e+00 2.650823500000000049e-05 1.409999999999999920e+00 3.099200070000000239e-08 1.409999999999999920e+00 8.747948810000000374e-06 1.409999999999999920e+00 1.229196400000000096e-13 1.409999999999999920e+00 7.933337919999999821e-01
1.419999999999999929e+00 1.291119139999999952e-03 1.419999999999999929e+00 5.561798220000000245e-05 1.419999999999999929e+00 7.133406530000000172e-04 1.419999999999999929e+00 6.960934830000000008e-15 1.419999999999999929e+00 6.213887359999999971e-01 1.419999999999999929e+00 8.829703799999999566e-04 1.419999999999999929e+00 1.008017109999999942e-05 1.419999999999999929e+00 3.859557119999999742e-04 1.419999999999999929e+00 1.460701870000000068e-14 1.419999999999999929e+00 7.192441649999999909e-01 1.419999999999999929e+00 5.055368660000000153e-04 1.419999999999999929e+00 2.438344239999999984e-06 1.419999999999999929e+00 2.109257669999999886e-04 1.419999999999999929e+00 2.879820160000000291e-14 1.419999999999999929e+00 6.942322290000000340e-01 1.419999999999999929e+00 2.632923789999999892e-04 1.419999999999999929e+00 8.088441239999999600e-07 1.419999999999999929e+00 1.072960590000000055e-04 1.419999999999999929e+00 5.828879540000000561e-14 1.419999999999999929e+00 6.740463749999999754e-01 1.419999999999999929e+00 1.311086599999999977e-04 1.419999999999999929e+00 2.612775969999999861e-07 1.419999999999999929e+00 5.305161079999999894e-05 1.419999999999999929e+00 1.174521690000000014e-13 1.419999999999999929e+00 6.618514309999999901e-01 1.419999999999999929e+00 5.446870489999999917e-04 1.419999999999999929e+00 1.903339059999999868e-05 1.419999999999999929e+00 2.250098660000000091e-04 1.419999999999999929e+00 9.382080959999999430e-15 1.419999999999999929e+00 7.390060830000000358e-01 1.419999999999999929e+00 2.706964269999999860e-04 1.419999999999999929e+00 2.903406159999999917e-06 1.419999999999999929e+00 9.481431850000000524e-05 1.419999999999999929e+00 1.607243890000000070e-14 1.419999999999999929e+00 8.031760180000000471e-01 1.419999999999999929e+00 1.203922190000000011e-04 1.419999999999999929e+00 5.724912080000000011e-07 1.419999999999999929e+00 4.058182250000000324e-05 1.419999999999999929e+00 3.158964620000000154e-14 1.419999999999999929e+00 8.030782069999999884e-01 1.419999999999999929e+00 5.610550709999999748e-05 1.419999999999999929e+00 1.314053779999999991e-07 1.419999999999999929e+00 1.881925020000000100e-05 1.419999999999999929e+00 6.221385239999999503e-14 1.419999999999999929e+00 7.966288780000000402e-01 1.419999999999999929e+00 2.689444449999999959e-05 1.419999999999999929e+00 3.199152739999999778e-08 1.419999999999999929e+00 9.014962789999999995e-06 1.419999999999999929e+00 1.229867420000000075e-13 1.419999999999999929e+00 7.933337919999999821e-01
1.429999999999999938e+00 1.296316650000000053e-03 1.429999999999999938e+00 5.616438210000000291e-05 1.429999999999999938e+00 7.262779210000000051e-04 1.429999999999999938e+00 6.964090789999999785e-15 1.429999999999999938e+00 6.213887359999999971e-01 1.429999999999999938e+00 8.894468690000000054e-04 1.429999999999999938e+00 1.028355870000000063e-05 1.429999999999999938e+00 3.948178810000000012e-04 1.429999999999999938e+00 1.461324290000000025e-14 1.429999999999999938e+00 7.192441649999999909e-01 1.429999999999999938e+00 5.103588910000000532e-04 1.429999999999999938e+00 2.491822479999999819e-06 1.429999999999999938e+00 2.160052810000000049e-04 1.429999999999999938e+00 2.880945829999999888e-14 1.429999999999999938e+00 6.942322290000000340e-01 1.429999999999999938e+00 2.661858110000000122e-04 1.429999999999999938e+00 8.270404420000000411e-07 1.429999999999999938e+00 1.099434610000000020e-04 1.429999999999999938e+00 5.830834899999999401e-14 1.429999999999999938e+00 6.740463749999999754e-01 1.429999999999999938e+00 1.326318170000000130e-04 1.429999999999999938e+00 2.669903649999999845e-07 1.429999999999999938e+00 5.437031699999999662e-05 1.429999999999999938e+00 1.174877060000000088e-13 1.429999999999999938e+00 6.618514309999999901e-01 1.429999999999999938e+00 5.492596970000000007e-04 1.429999999999999938e+00 1.942812099999999864e-05 1.429999999999999938e+00 2.304796479999999994e-04 1.429999999999999938e+00 9.385453179999999714e-15 1.429999999999999938e+00 7.390060830000000358e-01 1.429999999999999938e+00 2.739416680000000262e-04 1.429999999999999938e+00 2.990744099999999896e-06 1.429999999999999938e+00 9.753752869999999695e-05 1.429999999999999938e+00 1.607920849999999990e-14 1.429999999999999938e+00 8.031760180000000471e-01 1.429999999999999938e+00 1.220345870000000033e-04 1.429999999999999938e+00 5.910877040000000168e-07 1.429999999999999938e+00 4.179396149999999797e-05 1.429999999999999938e+00 3.160270519999999803e-14 1.429999999999999938e+00 8.030782069999999884e-01 1.429999999999999938e+00 5.689977339999999949e-05 1.429999999999999938e+00 1.356448920000000000e-07 1.429999999999999938e+00 1.938427810000000151e-05 1.429999999999999938e+00 6.224320759999999841e-14 1.429999999999999938e+00 7.966288780000000402e-01 1.429999999999999938e+00 2.727996949999999960e-05 1.429999999999999938e+00 3.301152389999999686e-08 1.429999999999999938e+00 9.285835420000000261e-06 1.429999999999999938e+00 1.230515829999999896e-13 1.429999999999999938e+00 7.933337919999999821e-01
1.439999999999999947e+00 1.301408310000000054e-03 1.439999999999999947e+00 5.671141479999999830e-05 1.439999999999999947e+00 7.392666329999999977e-04 1.439999999999999947e+00 6.967136549999999681e-15 1.439999999999999947e+00 6.213887359999999971e-01 1.439999999999999947e+00 8.958244509999999669e-04 1.439999999999999947e+00 1.048930829999999971e-05 1.439999999999999947e+00 4.037443200000000111e-04 1.439999999999999947e+00 1.461926500000000150e-14 1.439999999999999947e+00 7.192441649999999909e-01 1.439999999999999947e+00 5.151389510000000489e-04 1.439999999999999947e+00 2.546151629999999950e-06 1.439999999999999947e+00 2.211328050000000052e-04 1.439999999999999947e+00 2.882036809999999735e-14 1.439999999999999947e+00 6.942322290000000340e-01 1.439999999999999947e+00 2.690655279999999770e-04 1.439999999999999947e+00 8.455487840000000337e-07 1.439999999999999947e+00 1.126197290000000012e-04 1.439999999999999947e+00 5.832732880000000367e-14 1.439999999999999947e+00 6.740463749999999754e-01 1.439999999999999947e+00 1.341503660000000094e-04 1.439999999999999947e+00 2.727974460000000074e-07 1.439999999999999947e+00 5.570423179999999869e-05 1.439999999999999947e+00 1.175222279999999907e-13 1.439999999999999947e+00 6.618514309999999901e-01 1.439999999999999947e+00 5.537747590000000443e-04 1.439999999999999947e+00 1.982699959999999862e-05 1.439999999999999947e+00 2.359948680000000052e-04 1.439999999999999947e+00 9.388733359999999215e-15 1.439999999999999947e+00 7.390060830000000358e-01 1.439999999999999947e+00 2.771632839999999790e-04 1.439999999999999947e+00 3.079630050000000078e-06 1.439999999999999947e+00 1.002930730000000032e-04 1.439999999999999947e+00 1.608577490000000096e-14 1.439999999999999947e+00 8.031760180000000471e-01 1.439999999999999947e+00 1.236709269999999958e-04 1.439999999999999947e+00 6.100540940000000146e-07 1.439999999999999947e+00 4.302249409999999867e-05 1.439999999999999947e+00 3.161537069999999911e-14 1.439999999999999947e+00 8.030782069999999884e-01 1.439999999999999947e+00 5.769224009999999732e-05 1.439999999999999947e+00 1.399701199999999873e-07 1.439999999999999947e+00 1.995723970000000055e-05 1.439999999999999947e+00 6.227163669999999497e-14 1.439999999999999947e+00 7.966288780000000402e-01 1.439999999999999947e+00 2.766482330000000090e-05 1.439999999999999947e+00 3.405229029999999770e-08 1.439999999999999947e+00 9.560559939999999519e-06 1.439999999999999947e+00 1.231142870000000094e-13 1.439999999999999947e+00 7.933337919999999821e-01
1.449999999999999956e+00 1.306396470000000106e-03 1.449999999999999956e+00 5.725917000000000018e-05 1.449999999999999956e+00 7.523057429999999461e-04 1.449999999999999956e+00 6.970076649999999667e-15 1.449999999999999956e+00 6.213887359999999971e-01 1.449999999999999956e+00 9.021047590000000381e-04 1.449999999999999956e+00 1.069745629999999994e-05 1.449999999999999956e+00 4.127340459999999747e-04 1.449999999999999956e+00 1.462509589999999930e-14 1.449999999999999956e+00 7.192441649999999909e-01 1.449999999999999956e+00 5.198773489999999843e-04 1.449999999999999956e+00 2.601351269999999826e-06 1.449999999999999956e+00 2.263079210000000063e-04 1.449999999999999956e+00 2.883094829999999836e-14 1.449999999999999956e+00 6.942322290000000340e-01 1.449999999999999956e+00 2.719315559999999966e-04 1.449999999999999956e+00 8.643767690000000470e-07 1.449999999999999956e+00 1.153247259999999949e-04 1.449999999999999956e+00 5.834576080000000468e-14 1.449999999999999956e+00 6.740463749999999754e-01 1.449999999999999956e+00 1.356643010000000110e-04 1.449999999999999956e+00 2.787011050000000123e-07 1.449999999999999956e+00 5.705330900000000273e-05 1.449999999999999956e+00 1.175557770000000027e-13 1.449999999999999956e+00 6.618514309999999901e-01 1.449999999999999956e+00 5.582330339999999657e-04 1.449999999999999956e+00 2.023006660000000131e-05 1.449999999999999956e+00 2.415549540000000081e-04 1.449999999999999956e+00 9.391925260000000409e-15 1.449999999999999956e+00 7.390060830000000358e-01 1.449999999999999956e+00 2.803615619999999986e-04 1.449999999999999956e+00 3.170080850000000140e-06 1.449999999999999956e+00 1.030807170000000038e-04 1.449999999999999956e+00 1.609214729999999910e-14 1.449999999999999956e+00 8.031760180000000471e-01 1.449999999999999956e+00 1.253013129999999947e-04 1.449999999999999956e+00 6.293950199999999986e-07 1.449999999999999956e+00 4.426736020000000290e-05 1.449999999999999956e+00 3.162766059999999838e-14 1.449999999999999956e+00 8.030782069999999884e-01 1.449999999999999956e+00 5.848293430000000328e-05 1.449999999999999956e+00 1.443822369999999883e-07 1.449999999999999956e+00 2.053811699999999891e-05 1.449999999999999956e+00 6.229918610000000161e-14 1.449999999999999956e+00 7.966288780000000402e-01 1.449999999999999956e+00 2.804901789999999958e-05 1.449999999999999956e+00 3.511413449999999751e-08 1.449999999999999956e+00 9.839129689999999445e-06 1.449999999999999956e+00 1.231749690000000020e-13 1.449999999999999956e+00 7.933337919999999821e-01
1.459999999999999964e+00 1.311283390000000069e-03 1.459999999999999964e+00 5.780773660000000029e-05 1.459999999999999964e+00 7.653942250000000469e-04 1.459999999999999964e+00 6.972915429999999751e-15 1.459999999999999964e+00 6.213887359999999971e-01 1.459999999999999964e+00 9.082893890000000216e-04 1.459999999999999964e+00 1.090803980000000080e-05 1.459999999999999964e+00 4.217860959999999992e-04 1.459999999999999964e+00 1.463074530000000139e-14 1.459999999999999964e+00 7.192441649999999909e-01 1.459999999999999964e+00 5.245743839999999656e-04 1.459999999999999964e+00 2.657441579999999807e-06 1.459999999999999964e+00 2.315302140000000130e-04 1.459999999999999964e+00 2.884121460000000225e-14 1.459999999999999964e+00 6.942322290000000340e-01 1.459999999999999964e+00 2.747839169999999830e-04 1.459999999999999964e+00 8.835322829999999943e-07 1.459999999999999964e+00 1.180583150000000020e-04 1.459999999999999964e+00 5.836366929999999581e-14 1.459999999999999964e+00 6.740463749999999754e-01 1.459999999999999964e+00 1.371736170000000107e-04 1.459999999999999964e+00 2.847036830000000209e-07 1.459999999999999964e+00 5.841750239999999954e-05 1.459999999999999964e+00 1.175883940000000057e-13 1.459999999999999964e+00 6.618514309999999901e-01 1.459999999999999964e+00 5.626352930000000450e-04 1.459999999999999964e+00 2.063736270000000062e-05 1.459999999999999964e+00 2.471593419999999850e-04 1.459999999999999964e+00 9.395032429999999504e-15 1.459999999999999964e+00 7.390060830000000358e-01 1.459999999999999964e+00 2.835367699999999901e-04 1.459999999999999964e+00 3.262113769999999838e-06 1.459999999999999964e+00 1.059002270000000001e-04 1.459999999999999964e+00 1.609833459999999900e-14 1.459999999999999964e+00 8.031760180000000471e-01 1.459999999999999964e+00 1.269258140000000088e-04 1.459999999999999964e+00 6.491152339999999482e-07 1.459999999999999964e+00 4.552850069999999743e-05 1.459999999999999964e+00 3.163959209999999908e-14 1.459999999999999964e+00 8.030782069999999884e-01 1.459999999999999964e+00 5.927188090000000057e-05 1.459999999999999964e+00 1.488824439999999920e-07 1.459999999999999964e+00 2.112689249999999874e-05 1.459999999999999964e+00 6.232589880000000427e-14 1.459999999999999964e+00 7.966288780000000402e-01 1.459999999999999964e+00 2.843256400000000102e-05 1.459999999999999964e+00 3.619737259999999946e-08 1.459999999999999964e+00 1.012153810000000013e-05 1.459999999999999964e+00 1.232337360000000049e-13 1.459999999999999964e+00 7.933337919999999821e-01
1.469999999999999973e+00 1.316071270000000043e-03 1.469999999999999973e+00 5.835720290000000085e-05 1.469999999999999973e+00 7.785310799999999552e-04 1.469999999999999973e+00 6.975657039999999975e-15 1.469999999999999973e+00 6.213887359999999971e-01 1.469999999999999973e+00 9.143799039999999604e-04 1.469999999999999973e+00 1.112109689999999947e-05 1.469999999999999973e+00 4.308995199999999777e-04 1.469999999999999973e+00 1.463622219999999982e-14 1.469999999999999973e+00 7.192441649999999909e-01 1.469999999999999973e+00 5.292303559999999869e-04 1.469999999999999973e+00 2.714443389999999856e-06 1.469999999999999973e+00 2.367992719999999912e-04 1.469999999999999973e+00 2.885118200000000000e-14 1.469999999999999973e+00 6.942322290000000340e-01 1.469999999999999973e+00 2.776226350000000030e-04 1.469999999999999973e+00 9.030234909999999537e-07 1.469999999999999973e+00 1.208203590000000007e-04 1.469999999999999973e+00 5.838107690000000454e-14 1.469999999999999973e+00 6.740463749999999754e-01 1.469999999999999973e+00 1.386783090000000013e-04 1.469999999999999973e+00 2.908076059999999927e-07 1.469999999999999973e+00 5.979676589999999851e-05 1.469999999999999973e+00 1.176201170000000056e-13 1.469999999999999973e+00 6.618514309999999901e-01 1.469999999999999973e+00 5.669822810000000159e-04 1.469999999999999973e+00 2.104892940000000010e-05 1.469999999999999973e+00 2.528074750000000202e-04 1.469999999999999973e+00 9.398058200000000632e-15 1.469999999999999973e+00 7.390060830000000358e-01 1.469999999999999973e+00 2.866891630000000185e-04 1.469999999999999973e+00 3.355746479999999952e-06 1.469999999999999973e+00 1.087513760000000047e-04 1.469999999999999973e+00 1.610434489999999921e-14 1.469999999999999973e+00 8.031760180000000471e-01 1.469999999999999973e+00 1.285444920000000072e-04 1.469999999999999973e+00 6.692196030000000486e-07 1.469999999999999973e+00 4.680585709999999920e-05 1.469999999999999973e+00 3.165118079999999838e-14 1.469999999999999973e+00 8.030782069999999884e-01 1.469999999999999973e+00 6.005910230000000266e-05 1.469999999999999973e+00 1.534719729999999941e-07 1.469999999999999973e+00 2.172354889999999870e-05 1.469999999999999973e+00 6.235181509999999886e-14 1.469999999999999973e+00 7.966288780000000402e-01 1.469999999999999973e+00 2.881547150000000087e-05 1.469999999999999973e+00 3.730232879999999771e-08 1.469999999999999973e+00 1.040777879999999987e-05 1.469999999999999973e+00 1.232906859999999878e-13 1.469999999999999973e+00 7.933337919999999821e-01
1.479999999999999982e+00 1.320762280000000030e-03 1.479999999999999982e+00 5.890765639999999783e-05 1.479999999999999982e+00 7.917153280000000090e-04 1.479999999999999982e+00 6.978305419999999630e-15 1.479999999999999982e+00 6.213887359999999971e-01 1.479999999999999982e+00 9.203778310000000412e-04 1.479999999999999982e+00 1.133666619999999960e-05 1.479999999999999982e+00 4.400733860000000022e-04 1.479999999999999982e+00 1.464153509999999937e-14 1.479999999999999982e+00 7.192441649999999909e-01 1.479999999999999982e+00 5.338455599999999534e-04 1.479999999999999982e+00 2.772378179999999963e-06 1.479999999999999982e+00 2.421146850000000070e-04 1.479999999999999982e+00 2.886086410000000178e-14 1.479999999999999982e+00 6.942322290000000340e-01 1.479999999999999982e+00 2.804477330000000189e-04 1.479999999999999982e+00 9.228588409999999712e-07 1.479999999999999982e+00 1.236107220000000058e-04 1.479999999999999982e+00 5.839800480000000183e-14 1.479999999999999982e+00 6.740463749999999754e-01 1.479999999999999982e+00 1.401783689999999878e-04 1.479999999999999982e+00 2.970153859999999871e-07 1.479999999999999982e+00 6.119105310000000071e-05 1.479999999999999982e+00 1.176509829999999894e-13 1.479999999999999982e+00 6.618514309999999901e-01 1.479999999999999982e+00 5.712747220000000212e-04 1.479999999999999982e+00 2.146480890000000124e-05 1.479999999999999982e+00 2.584988049999999995e-04 1.479999999999999982e+00 9.401005720000000072e-15 1.479999999999999982e+00 7.390060830000000358e-01 1.479999999999999982e+00 2.898189829999999845e-04 1.479999999999999982e+00 3.450997100000000146e-06 1.479999999999999982e+00 1.116339349999999976e-04 1.479999999999999982e+00 1.611018600000000149e-14 1.479999999999999982e+00 8.031760180000000471e-01 1.479999999999999982e+00 1.301574050000000021e-04 1.479999999999999982e+00 6.897131109999999560e-07 1.479999999999999982e+00 4.809937140000000277e-05 1.479999999999999982e+00 3.166244160000000308e-14 1.479999999999999982e+00 8.030782069999999884e-01 1.479999999999999982e+00 6.084461889999999716e-05 1.479999999999999982e+00 1.581520859999999933e-07 1.479999999999999982e+00 2.232806890000000084e-05 1.479999999999999982e+00 6.237697260000000385e-14 1.479999999999999982e+00 7.966288780000000402e-01 1.479999999999999982e+00 2.919774929999999883e-05 1.479999999999999982e+00 3.842933589999999908e-08 1.479999999999999982e+00 1.069784550000000061e-05 1.479999999999999982e+00 1.233459129999999969e-13 1.479999999999999982e+00 7.933337919999999821e-01
1.489999999999999991e+00 1.325358470000000078e-03 1.489999999999999991e+00 5.945918420000000098e-05 1.489999999999999991e+00 8.049460100000000286e-04 1.489999999999999991e+00 6.980864359999999610e-15 1.489999999999999991e+00 6.213887359999999971e-01 1.489999999999999991e+00 9.262846640000000405e-04 1.489999999999999991e+00 1.155478740000000077e-05 1.489999999999999991e+00 4.493067730000000122e-04 1.489999999999999991e+00 1.464669189999999864e-14 1.489999999999999991e+00 7.192441649999999909e-01 1.489999999999999991e+00 5.384202889999999955e-04 1.489999999999999991e+00 2.831268099999999798e-06 1.489999999999999991e+00 2.474760480000000253e-04 1.489999999999999991e+00 2.887027380000000212e-14 1.489999999999999991e+00 6.942322290000000340e-01 1.489999999999999991e+00 2.832592349999999890e-04 1.489999999999999991e+00 9.430470860000000346e-07 1.489999999999999991e+00 1.264292679999999916e-04 1.489999999999999991e+00 5.841447280000000302e-14 1.489999999999999991e+00 6.740463749999999754e-01 1.489999999999999991e+00 1.416737930000000131e-04 1.489999999999999991e+00 3.033296220000000089e-07 1.489999999999999991e+00 6.260031779999999696e-05 1.489999999999999991e+00 1.176810240000000018e-13 1.489999999999999991e+00 6.618514309999999901e-01 1.489999999999999991e+00 5.755133179999999665e-04 1.489999999999999991e+00 2.188504460000000138e-05 1.489999999999999991e+00 2.642327899999999744e-04 1.489999999999999991e+00 9.403877930000000448e-15 1.489999999999999991e+00 7.390060830000000358e-01 1.489999999999999991e+00 2.929264580000000067e-04 1.489999999999999991e+00 3.547884169999999910e-06 1.489999999999999991e+00 1.145476810000000024e-04 1.489999999999999991e+00 1.611586490000000142e-14 1.489999999999999991e+00 8.031760180000000471e-01 1.489999999999999991e+00 1.317646059999999985e-04 1.489999999999999991e+00 7.106008639999999813e-07 1.489999999999999991e+00 4.940898619999999899e-05 1.489999999999999991e+00 3.167338860000000116e-14 1.489999999999999991e+00 8.030782069999999884e-01 1.489999999999999991e+00 6.162844950000000654e-05 1.489999999999999991e+00 1.629240759999999947e-07 1.489999999999999991e+00 2.294043560000000017e-05 1.489999999999999991e+00 6.240140610000000034e-14 1.489999999999999991e+00 7.966288780000000402e-01 1.489999999999999991e+00 2.957940569999999831e-05 1.489999999999999991e+00 3.957873549999999997e-08 1.489999999999999991e+00 1.099173179999999946e-05 1.489999999999999991e+00 1.233994999999999984e-13 1.489999999999999991e+00 7.933337919999999821e-01
1.500000000000000000e+00 1.329861890000000020e-03 1.500000000000000000e+00 6.001187260000000022e-05 1.500000000000000000e+00 8.182221879999999675e-04 1.500000000000000000e+00 6.983337460000000056e-15 1.500000000000000000e+00 6.213887359999999971e-01 1.500000000000000000e+00 9.321018649999999713e-04 1.500000000000000000e+00 1.177550100000000041e-05 1.500000000000000000e+00 4.585987799999999759e-04 1.500000000000000000e+00 1.465169969999999948e-14 1.500000000000000000e+00 7.192441649999999909e-01 1.500000000000000000e+00 5.429548340000000346e-04 1.500000000000000000e+00 2.891135999999999876e-06 1.500000000000000000e+00 2.528829569999999798e-04 1.500000000000000000e+00 2.887942309999999886e-14 1.500000000000000000e+00 6.942322290000000340e-01 1.500000000000000000e+00 2.860571639999999840e-04 1.500000000000000000e+00 9.635972900000000950e-07 1.500000000000000000e+00 1.292758609999999865e-04 1.500000000000000000e+00 5.843049940000000165e-14 1.500000000000000000e+00 6.740463749999999754e-01 1.500000000000000000e+00 1.431645749999999929e-04 1.500000000000000000e+00 3.097530109999999946e-07 1.500000000000000000e+00 6.402451350000000366e-05 1.500000000000000000e+00 1.177102720000000119e-13 1.500000000000000000e+00 6.618514309999999901e-01 1.500000000000000000e+00 5.796987530000000458e-04 1.500000000000000000e+00 2.230968030000000100e-05 1.500000000000000000e+00 2.700088950000000226e-04 1.500000000000000000e+00 9.406677649999999676e-15 1.500000000000000000e+00 7.390060830000000358e-01 1.500000000000000000e+00 2.960118070000000235e-04 1.500000000000000000e+00 3.646426689999999979e-06 1.500000000000000000e+00 1.174923910000000022e-04 1.500000000000000000e+00 1.612138850000000091e-14 1.500000000000000000e+00 8.031760180000000471e-01 1.500000000000000000e+00 1.333661439999999905e-04 1.500000000000000000e+00 7.318880870000000199e-07 1.500000000000000000e+00 5.073464459999999703e-05 1.500000000000000000e+00 3.168403489999999975e-14 1.500000000000000000e+00 8.030782069999999884e-01 1.500000000000000000e+00 6.241061100000000526e-05 1.500000000000000000e+00 1.677892689999999910e-07 1.500000000000000000e+00 2.356063229999999837e-05 1.500000000000000000e+00 6.242514829999999824e-14 1.500000000000000000e+00 7.966288780000000402e-01 1.500000000000000000e+00 2.996044789999999832e-05 1.500000000000000000e+00 4.075087789999999789e-08 1.500000000000000000e+00 1.128943150000000020e-05 1.500000000000000000e+00 1.234515260000000096e-13 1.500000000000000000e+00 7.933337919999999821e-01
1.510000000000000009e+00 1.334274490000000087e-03 1.510000000000000009e+00 6.056580770000000250e-05 1.510000000000000009e+00 8.315429450000000203e-04 1.510000000000000009e+00 6.985728180000000346e-15 1.510000000000000009e+00 6.213887359999999971e-01 1.510000000000000009e+00 9.378308639999999741e-04 1.510000000000000009e+00 1.199884830000000051e-05 1.510000000000000009e+00 4.679485169999999801e-04 1.510000000000000009e+00 1.465656550000000065e-14 1.510000000000000009e+00 7.192441649999999909e-01 1.510000000000000009e+00 5.474494830000000041e-04 1.510000000000000009e+00 2.952005470000000007e-06 1.510000000000000009e+00 2.583350120000000054e-04 1.510000000000000009e+00 2.888832300000000263e-14 1.510000000000000009e+00 6.942322290000000340e-01 1.510000000000000009e+00 2.888415440000000165e-04 1.510000000000000009e+00 9.845188449999999171e-07 1.510000000000000009e+00 1.321503659999999879e-04 1.510000000000000009e+00 5.844610209999999771e-14 1.510000000000000009e+00 6.740463749999999754e-01 1.510000000000000009e+00 1.446507080000000093e-04 1.510000000000000009e+00 3.162883440000000101e-07 1.510000000000000009e+00 6.546359379999999479e-05 1.510000000000000009e+00 1.177387570000000015e-13 1.510000000000000009e+00 6.618514309999999901e-01 1.510000000000000009e+00 5.838316889999999992e-04 1.510000000000000009e+00 2.273876099999999986e-05 1.510000000000000009e+00 2.758265899999999852e-04 1.510000000000000009e+00 9.409407500000000440e-15 1.510000000000000009e+00 7.390060830000000358e-01 1.510000000000000009e+00 2.990752360000000247e-04 1.510000000000000009e+00 3.746644119999999795e-06 1.510000000000000009e+00 1.204678439999999992e-04 1.510000000000000009e+00 1.612676319999999881e-14 1.510000000000000009e+00 8.031760180000000471e-01 1.510000000000000009e+00 1.349620660000000070e-04 1.510000000000000009e+00 7.535801340000000117e-07 1.510000000000000009e+00 5.207629030000000229e-05 1.510000000000000009e+00 3.169439259999999980e-14 1.510000000000000009e+00 8.030782069999999884e-01 1.510000000000000009e+00 6.319111919999999391e-05 1.510000000000000009e+00 1.727490230000000112e-07 1.510000000000000009e+00 2.418864239999999875e-05 1.510000000000000009e+00 6.244822960000000468e-14 1.510000000000000009e+00 7.966288780000000402e-01 1.510000000000000009e+00 3.034088279999999977e-05 1.510000000000000009e+00 4.194612319999999679e-08 1.510000000000000009e+00 1.159093869999999963e-05 1.510000000000000009e+00 1.235020659999999979e-13 1.510000000000000009e+00 7.933337919999999821e-01
1.520000000000000018e+00 1.338598199999999940e-03 1.520000000000000018e+00 6.112107499999999824e-05 1.520000000000000018e+00 8.449073819999999846e-04 1.520000000000000018e+00 6.988039809999999887e-15 1.520000000000000018e+00 6.213887359999999971e-01 1.520000000000000018e+00 9.434730609999999844e-04 1.520000000000000018e+00 1.222487160000000079e-05 1.520000000000000018e+00 4.773551080000000015e-04 1.520000000000000018e+00 1.466129550000000103e-14 1.520000000000000018e+00 7.192441649999999909e-01 1.520000000000000018e+00 5.519045219999999538e-04 1.520000000000000018e+00 3.013900859999999793e-06 1.520000000000000018e+00 2.638318150000000116e-04 1.520000000000000018e+00 2.889698409999999891e-14 1.520000000000000018e+00 6.942322290000000340e-01 1.520000000000000018e+00 2.916123969999999985e-04 1.520000000000000018e+00 1.005821479999999959e-06 1.520000000000000018e+00 1.350526469999999970e-04 1.520000000000000018e+00 5.846129709999999460e-14 1.520000000000000018e+00 6.740463749999999754e-01 1.520000000000000018e+00 1.461321879999999971e-04 1.520000000000000018e+00 3.229385150000000182e-07 1.520000000000000018e+00 6.691751219999999352e-05 1.520000000000000018e+00 1.177665069999999910e-13 1.520000000000000018e+00 6.618514309999999901e-01 1.520000000000000018e+00 5.879127729999999519e-04 1.520000000000000018e+00 2.317233239999999899e-05 1.520000000000000018e+00 2.816853559999999844e-04 1.520000000000000018e+00 9.412069980000000711e-15 1.520000000000000018e+00 7.390060830000000358e-01 1.520000000000000018e+00 3.021169439999999741e-04 1.520000000000000018e+00 3.848556369999999795e-06 1.520000000000000018e+00 1.234738229999999930e-04 1.520000000000000018e+00 1.613199500000000034e-14 1.520000000000000018e+00 8.031760180000000471e-01 1.520000000000000018e+00 1.365524119999999967e-04 1.520000000000000018e+00 7.756824850000000359e-07 1.520000000000000018e+00 5.343386730000000137e-05 1.520000000000000018e+00 3.170447349999999920e-14 1.520000000000000018e+00 8.030782069999999884e-01 1.520000000000000018e+00 6.396998839999999936e-05 1.520000000000000018e+00 1.778047289999999927e-07 1.520000000000000018e+00 2.482444930000000125e-05 1.520000000000000018e+00 6.247067870000000504e-14 1.520000000000000018e+00 7.966288780000000402e-01 1.520000000000000018e+00 3.072071650000000062e-05 1.520000000000000018e+00 4.316484050000000017e-08 1.520000000000000018e+00 1.189624719999999982e-05 1.520000000000000018e+00 1.235511880000000018e-13 1.520000000000000018e+00 7.933337919999999821e-01
1.530000000000000027e+00 1.342834869999999991e-03 1.530000000000000027e+00 6.167775950000000014e-05 1.530000000000000027e+00 8.583146190000000156e-04 1.530000000000000027e+00 6.990275479999999693e-15 1.530000000000000027e+00 6.213887359999999971e-01 1.530000000000000027e+00 9.490298249999999528e-04 1.530000000000000027e+00 1.245361410000000040e-05 1.530000000000000027e+00 4.868176930000000071e-04 1.530000000000000027e+00 1.466589549999999956e-14 1.530000000000000027e+00 7.192441649999999909e-01 1.530000000000000027e+00 5.563202329999999496e-04 1.530000000000000027e+00 3.076847309999999797e-06 1.530000000000000027e+00 2.693729710000000049e-04 1.530000000000000027e+00 2.890541610000000172e-14 1.530000000000000027e+00 6.942322290000000340e-01 1.530000000000000027e+00 2.943697469999999967e-04 1.530000000000000027e+00 1.027515290000000099e-06 1.530000000000000027e+00 1.379825690000000113e-04 1.530000000000000027e+00 5.847609969999999902e-14 1.530000000000000027e+00 6.740463749999999754e-01 1.530000000000000027e+00 1.476090069999999880e-04 1.530000000000000027e+00 3.297065239999999961e-07 1.530000000000000027e+00 6.838622199999999944e-05 1.530000000000000027e+00 1.177935469999999947e-13 1.530000000000000027e+00 6.618514309999999901e-01 1.530000000000000027e+00 5.919426359999999847e-04 1.530000000000000027e+00 2.361044139999999870e-05 1.530000000000000027e+00 2.875846749999999758e-04 1.530000000000000027e+00 9.414667440000000067e-15 1.530000000000000027e+00 7.390060830000000358e-01 1.530000000000000027e+00 3.051371209999999799e-04 1.530000000000000027e+00 3.952183849999999689e-06 1.530000000000000027e+00 1.265101109999999969e-04 1.530000000000000027e+00 1.613708940000000138e-14 1.530000000000000027e+00 8.031760180000000471e-01 1.530000000000000027e+00 1.381372240000000085e-04 1.530000000000000027e+00 7.982007540000000226e-07 1.530000000000000027e+00 5.480732009999999920e-05 1.530000000000000027e+00 3.171428840000000232e-14 1.530000000000000027e+00 8.030782069999999884e-01 1.530000000000000027e+00 6.474723170000000179e-05 1.530000000000000027e+00 1.829578140000000031e-07 1.530000000000000027e+00 2.546803670000000050e-05 1.530000000000000027e+00 6.249252199999999456e-14 1.530000000000000027e+00 7.966288780000000402e-01 1.530000000000000027e+00 3.109995479999999737e-05 1.530000000000000027e+00 4.440740930000000163e-08 1.530000000000000027e+00 1.220535099999999935e-05 1.530000000000000027e+00 1.235989549999999909e-13 1.530000000000000027e+00 7.933337919999999821e-01
1.540000000000000036e+00 1.346986309999999949e-03 1.540000000000000036e+00 6.223594600000000412e-05 1.540000000000000036e+00 8.717637949999999759e-04 1.540000000000000036e+00 6.992438210000000010e-15 1.540000000000000036e+00 6.213887359999999971e-01 1.540000000000000036e+00 9.545024939999999540e-04 1.540000000000000036e+00 1.268511999999999960e-05 1.540000000000000036e+00 4.963354240000000242e-04 1.540000000000000036e+00 1.467037120000000155e-14 1.540000000000000036e+00 7.192441649999999909e-01 1.540000000000000036e+00 5.606968959999999568e-04 1.540000000000000036e+00 3.140870760000000097e-06 1.540000000000000036e+00 2.749580889999999754e-04 1.540000000000000036e+00 2.891362820000000311e-14 1.540000000000000036e+00 6.942322290000000340e-01 1.540000000000000036e+00 2.971136159999999775e-04 1.540000000000000036e+00 1.049610730000000041e-06 1.540000000000000036e+00 1.409399970000000009e-04 1.540000000000000036e+00 5.849052450000000205e-14 1.540000000000000036e+00 6.740463749999999754e-01 1.540000000000000036e+00 1.490811609999999983e-04 1.540000000000000036e+00 3.365954830000000092e-07 1.540000000000000036e+00 6.986967680000000008e-05 1.540000000000000036e+00 1.178199029999999953e-13 1.540000000000000036e+00 6.618514309999999901e-01 1.540000000000000036e+00 5.959218920000000294e-04 1.540000000000000036e+00 2.405313560000000054e-05 1.540000000000000036e+00 2.935240399999999796e-04 1.540000000000000036e+00 9.417202119999999682e-15 1.540000000000000036e+00 7.390060830000000358e-01 1.540000000000000036e+00 3.081359490000000196e-04 1.540000000000000036e+00 4.057547449999999657e-06 1.540000000000000036e+00 1.295764940000000123e-04 1.540000000000000036e+00 1.614205180000000093e-14 1.540000000000000036e+00 8.031760180000000471e-01 1.540000000000000036e+00 1.397165370000000111e-04 1.540000000000000036e+00 8.211406889999999644e-07 1.540000000000000036e+00 5.619659350000000221e-05 1.540000000000000036e+00 3.172384759999999783e-14 1.540000000000000036e+00 8.030782069999999884e-01 1.540000000000000036e+00 6.552286139999999543e-05 1.540000000000000036e+00 1.882097399999999990e-07 1.540000000000000036e+00 2.611938850000000123e-05 1.540000000000000036e+00 6.251378469999999395e-14 1.540000000000000036e+00 7.966288780000000402e-01 1.540000000000000036e+00 3.147860289999999700e-05 1.540000000000000036e+00 4.567421900000000287e-08 1.540000000000000036e+00 1.251824430000000003e-05 1.540000000000000036e+00 1.236454260000000114e-13 1.540000000000000036e+00 7.933337919999999821e-01
1.550000000000000044e+00 1.351054279999999936e-03 1.550000000000000044e+00 6.279571899999999778e-05 1.550000000000000044e+00 8.852540669999999813e-04 1.550000000000000044e+00 6.994530870000000320e-15 1.550000000000000044e+00 6.213887359999999971e-01 1.550000000000000044e+00 9.598923799999999496e-04 1.550000000000000044e+00 1.291943419999999989e-05 1.550000000000000044e+00 5.059074669999999701e-04 1.550000000000000044e+00 1.467472759999999977e-14 1.550000000000000044e+00 7.192441649999999909e-01 1.550000000000000044e+00 5.650347889999999488e-04 1.550000000000000044e+00 3.205998030000000148e-06 1.550000000000000044e+00 2.805867800000000139e-04 1.550000000000000044e+00 2.892162889999999838e-14 1.550000000000000044e+00 6.942322290000000340e-01 1.550000000000000044e+00 2.998440260000000157e-04 1.550000000000000044e+00 1.072118649999999968e-06 1.550000000000000044e+00 1.439247970000000134e-04 1.550000000000000044e+00 5.850458500000000440e-14 1.550000000000000044e+00 6.740463749999999754e-01 1.550000000000000044e+00 1.505486420000000055e-04 1.550000000000000044e+00 3.436086210000000181e-07 1.550000000000000044e+00 7.136782969999999854e-05 1.550000000000000044e+00 1.178455979999999950e-13 1.550000000000000044e+00 6.618514309999999901e-01 1.550000000000000044e+00 5.998511419999999613e-04 1.550000000000000044e+00 2.450046359999999871e-05 1.550000000000000044e+00 2.995029460000000077e-04 1.550000000000000044e+00 9.419676110000000757e-15 1.550000000000000044e+00 7.390060830000000358e-01 1.550000000000000044e+00 3.111136039999999863e-04 1.550000000000000044e+00 4.164668570000000248e-06 1.550000000000000044e+00 1.326727599999999918e-04 1.550000000000000044e+00 1.614688710000000128e-14 1.550000000000000044e+00 8.031760180000000471e-01 1.550000000000000044e+00 1.412903869999999960e-04 1.550000000000000044e+00 8.445081800000000515e-07 1.550000000000000044e+00 5.760163270000000305e-05 1.550000000000000044e+00 3.173316059999999980e-14 1.550000000000000044e+00 8.030782069999999884e-01 1.550000000000000044e+00 6.629688880000000558e-05 1.550000000000000044e+00 1.935620069999999954e-07 1.550000000000000044e+00 2.677848860000000135e-05 1.550000000000000044e+00 6.253449020000000531e-14 1.550000000000000044e+00 7.966288780000000402e-01 1.550000000000000044e+00 3.185666570000000164e-05 1.550000000000000044e+00 4.696566970000000074e-08 1.550000000000000044e+00 1.283492110000000044e-05 1.550000000000000044e+00 1.236906570000000027e-13 1.550000000000000044e+00 7.933337919999999821e-01
1.560000000000000053e+00 1.355040500000000018e-03 1.560000000000000053e+00 6.335716260000000288e-05 1.560000000000000053e+00 8.987846079999999753e-04 1.560000000000000053e+00 6.996556200000000131e-15 1.560000000000000053e+00 6.213887359999999971e-01 1.560000000000000053e+00 9.652007630000000293e-04 1.560000000000000053e+00 1.315660290000000031e-05 1.560000000000000053e+00 5.155329999999999852e-04 1.560000000000000053e+00 1.467896959999999965e-14 1.560000000000000053e+00 7.192441649999999909e-01 1.560000000000000053e+00 5.693341840000000313e-04 1.560000000000000053e+00 3.272256790000000162e-06 1.560000000000000053e+00 2.862586569999999862e-04 1.560000000000000053e+00 2.892942639999999868e-14 1.560000000000000053e+00 6.942322290000000340e-01 1.560000000000000053e+00 3.025610000000000192e-04 1.560000000000000053e+00 1.095050320000000104e-06 1.560000000000000053e+00 1.469368329999999959e-04 1.560000000000000053e+00 5.851829400000000377e-14 1.560000000000000053e+00 6.740463749999999754e-01 1.560000000000000053e+00 1.520114450000000026e-04 1.560000000000000053e+00 3.507492869999999952e-07 1.560000000000000053e+00 7.288063399999999438e-05 1.560000000000000053e+00 1.178706540000000025e-13 1.560000000000000053e+00 6.618514309999999901e-01 1.560000000000000053e+00 6.037309700000000490e-04 1.560000000000000053e+00 2.495247529999999845e-05 1.560000000000000053e+00 3.055208979999999783e-04 1.560000000000000053e+00 9.422091429999999773e-15 1.560000000000000053e+00 7.390060830000000358e-01 1.560000000000000053e+00 3.140702550000000178e-04 1.560000000000000053e+00 4.273569119999999837e-06 1.560000000000000053e+00 1.357986960000000004e-04 1.560000000000000053e+00 1.615160020000000154e-14 1.560000000000000053e+00 8.031760180000000471e-01 1.560000000000000053e+00 1.428588050000000021e-04 1.560000000000000053e+00 8.683092570000000289e-07 1.560000000000000053e+00 5.902238309999999764e-05 1.560000000000000053e+00 3.174223669999999709e-14 1.560000000000000053e+00 8.030782069999999884e-01 1.560000000000000053e+00 6.706932419999999382e-05 1.560000000000000053e+00 1.990161520000000089e-07 1.560000000000000053e+00 2.744532100000000041e-05 1.560000000000000053e+00 6.255466030000000577e-14 1.560000000000000053e+00 7.966288780000000402e-01 1.560000000000000053e+00 3.223414760000000183e-05 1.560000000000000053e+00 4.828217239999999721e-08 1.560000000000000053e+00 1.315537570000000065e-05 1.560000000000000053e+00 1.237347000000000059e-13 1.560000000000000053e+00 7.933337919999999821e-01
1.570000000000000062e+00 1.358946609999999930e-03 1.570000000000000062e+00 6.392036079999999546e-05 1.570000000000000062e+00 9.123546100000000424e-04 1.570000000000000062e+00 6.998516829999999757e-15 1.570000000000000062e+00 6.213887359999999971e-01 1.570000000000000062e+00 9.704288990000000531e-04 1.570000000000000062e+00 1.339667319999999934e-05 1.570000000000000062e+00 5.252112150000000455e-04 1.570000000000000062e+00 1.468310170000000038e-14 1.570000000000000062e+00 7.192441649999999909e-01 1.570000000000000062e+00 5.735953519999999889e-04 1.570000000000000062e+00 3.339675660000000196e-06 1.570000000000000062e+00 2.919733360000000173e-04 1.570000000000000062e+00 2.893702810000000268e-14 1.570000000000000062e+00 6.942322290000000340e-01 1.570000000000000062e+00 3.052645590000000126e-04 1.570000000000000062e+00 1.118417399999999971e-06 1.570000000000000062e+00 1.499759719999999919e-04 1.570000000000000062e+00 5.853166370000000428e-14 1.570000000000000062e+00 6.740463749999999754e-01 1.570000000000000062e+00 1.534695639999999865e-04 1.570000000000000062e+00 3.580209600000000139e-07 1.570000000000000062e+00 7.440804300000000075e-05 1.570000000000000062e+00 1.178950920000000077e-13 1.570000000000000062e+00 6.618514309999999901e-01 1.570000000000000062e+00 6.075619509999999465e-04 1.570000000000000062e+00 2.540922120000000127e-05 1.570000000000000062e+00 3.115774030000000180e-04 1.570000000000000062e+00 9.424449969999999546e-15 1.570000000000000062e+00 7.390060830000000358e-01 1.570000000000000062e+00 3.170060650000000048e-04 1.570000000000000062e+00 4.384271530000000379e-06 1.570000000000000062e+00 1.389540949999999980e-04 1.570000000000000062e+00 1.615619530000000096e-14 1.570000000000000062e+00 8.031760180000000471e-01 1.570000000000000062e+00 1.444218230000000099e-04 1.570000000000000062e+00 8.925500989999999704e-07 1.570000000000000062e+00 6.045879079999999669e-05 1.570000000000000062e+00 3.175108430000000082e-14 1.570000000000000062e+00 8.030782069999999884e-01 1.570000000000000062e+00 6.784017760000000149e-05 1.570000000000000062e+00 2.045737510000000126e-07 1.570000000000000062e+00 2.811986979999999962e-05 1.570000000000000062e+00 6.257431569999999478e-14 1.570000000000000062e+00 7.966288780000000402e-01 1.570000000000000062e+00 3.261105289999999664e-05 1.570000000000000062e+00 4.962414939999999951e-08 1.570000000000000062e+00 1.347960219999999917e-05 1.570000000000000062e+00 1.237776019999999937e-13 1.570000000000000062e+00 7.933337919999999821e-01
1.580000000000000071e+00 1.362774260000000019e-03 1.580000000000000071e+00 6.448539730000000430e-05 1.580000000000000071e+00 9.259632789999999941e-04 1.580000000000000071e+00 7.000415250000000329e-15 1.580000000000000071e+00 6.213887359999999971e-01 1.580000000000000071e+00 9.755780159999999932e-04 1.580000000000000071e+00 1.363969329999999987e-05 1.580000000000000071e+00 5.349413149999999745e-04 1.580000000000000071e+00 1.468712820000000120e-14 1.580000000000000071e+00 7.192441649999999909e-01 1.580000000000000071e+00 5.778185620000000477e-04 1.580000000000000071e+00 3.408284210000000155e-06 1.580000000000000071e+00 2.977304369999999993e-04 1.580000000000000071e+00 2.894444140000000273e-14 1.580000000000000071e+00 6.942322290000000340e-01 1.580000000000000071e+00 3.079547240000000204e-04 1.580000000000000071e+00 1.142232029999999984e-06 1.580000000000000071e+00 1.530420799999999948e-04 1.580000000000000071e+00 5.854470559999999438e-14 1.580000000000000071e+00 6.740463749999999754e-01 1.580000000000000071e+00 1.549229920000000122e-04 1.580000000000000071e+00 3.654272489999999839e-07 1.580000000000000071e+00 7.595000959999999714e-05 1.580000000000000071e+00 1.179189330000000004e-13 1.580000000000000071e+00 6.618514309999999901e-01 1.580000000000000071e+00 6.113446440000000221e-04 1.580000000000000071e+00 2.587075309999999941e-05 1.580000000000000071e+00 3.176719760000000048e-04 1.580000000000000071e+00 9.426753539999999749e-15 1.580000000000000071e+00 7.390060830000000358e-01 1.580000000000000071e+00 3.199211920000000209e-04 1.580000000000000071e+00 4.496798789999999931e-06 1.580000000000000071e+00 1.421387490000000024e-04 1.580000000000000071e+00 1.616067679999999874e-14 1.580000000000000071e+00 8.031760180000000471e-01 1.580000000000000071e+00 1.459794689999999889e-04 1.580000000000000071e+00 9.172370359999999682e-07 1.580000000000000071e+00 6.191080170000000089e-05 1.580000000000000071e+00 3.175971170000000001e-14 1.580000000000000071e+00 8.030782069999999884e-01 1.580000000000000071e+00 6.860945809999999766e-05 1.580000000000000071e+00 2.102364219999999995e-07 1.580000000000000071e+00 2.880211930000000004e-05 1.580000000000000071e+00 6.259347570000000355e-14 1.580000000000000071e+00 7.966288780000000402e-01 1.580000000000000071e+00 3.298738549999999896e-05 1.580000000000000071e+00 5.099203459999999872e-08 1.580000000000000071e+00 1.380759479999999951e-05 1.580000000000000071e+00 1.238194089999999956e-13 1.580000000000000071e+00 7.933337919999999821e-01
1.590000000000000080e+00 1.366524999999999945e-03 1.590000000000000080e+00 6.505235589999999539e-05 1.590000000000000080e+00 9.396098380000000080e-04 1.590000000000000080e+00 7.002253859999999836e-15 1.590000000000000080e+00 6.213887359999999971e-01 1.590000000000000080e+00 9.806493129999999375e-04 1.590000000000000080e+00 1.388571240000000082e-05 1.590000000000000080e+00 5.447225159999999778e-04 1.590000000000000080e+00 1.469105290000000141e-14 1.590000000000000080e+00 7.192441649999999909e-01 1.590000000000000080e+00 5.820040760000000282e-04 1.590000000000000080e+00 3.478112979999999859e-06 1.590000000000000080e+00 3.035295819999999788e-04 1.590000000000000080e+00 2.895167289999999765e-14 1.590000000000000080e+00 6.942322290000000340e-01 1.590000000000000080e+00 3.106315170000000089e-04 1.590000000000000080e+00 1.166506800000000073e-06 1.590000000000000080e+00 1.561350220000000020e-04 1.590000000000000080e+00 5.855743059999999421e-14 1.590000000000000080e+00 6.740463749999999754e-01 1.590000000000000080e+00 1.563717219999999992e-04 1.590000000000000080e+00 3.729719050000000123e-07 1.590000000000000080e+00 7.750648709999999667e-05 1.590000000000000080e+00 1.179421939999999966e-13 1.590000000000000080e+00 6.618514309999999901e-01 1.590000000000000080e+00 6.150795990000000298e-04 1.590000000000000080e+00 2.633712400000000131e-05 1.590000000000000080e+00 3.238041370000000136e-04 1.590000000000000080e+00 9.429003850000000075e-15 1.590000000000000080e+00 7.390060830000000358e-01 1.590000000000000080e+00 3.228157880000000006e-04 1.590000000000000080e+00 4.611174450000000277e-06 1.590000000000000080e+00 1.453524510000000006e-04 1.590000000000000080e+00 1.616504860000000050e-14 1.590000000000000080e+00 8.031760180000000471e-01 1.590000000000000080e+00 1.475317709999999897e-04 1.590000000000000080e+00 9.423765550000000486e-07 1.590000000000000080e+00 6.337836229999999364e-05 1.590000000000000080e+00 3.176812640000000278e-14 1.590000000000000080e+00 8.030782069999999884e-01 1.590000000000000080e+00 6.937717439999999906e-05 1.590000000000000080e+00 2.160058219999999983e-07 1.590000000000000080e+00 2.949205370000000111e-05 1.590000000000000080e+00 6.261215859999999410e-14 1.590000000000000080e+00 7.966288780000000402e-01 1.590000000000000080e+00 3.336314909999999807e-05 1.590000000000000080e+00 5.238627430000000311e-08 1.590000000000000080e+00 1.413934799999999993e-05 1.590000000000000080e+00 1.238601640000000102e-13 1.590000000000000080e+00 7.933337919999999821e-01
1.600000000000000089e+00 1.370200380000000020e-03 1.600000000000000089e+00 6.562131999999999601e-05 1.600000000000000089e+00 9.532935279999999725e-04 1.600000000000000089e+00 7.004034960000000231e-15 1.600000000000000089e+00 6.213887359999999971e-01 1.600000000000000089e+00 9.856439660000000658e-04 1.600000000000000089e+00 1.413478070000000047e-05 1.600000000000000089e+00 5.545540449999999998e-04 1.600000000000000089e+00 1.469487980000000030e-14 1.600000000000000089e+00 7.192441649999999909e-01 1.600000000000000089e+00 5.861521569999999636e-04 1.600000000000000089e+00 3.549193570000000013e-06 1.600000000000000089e+00 3.093703939999999986e-04 1.600000000000000089e+00 2.895872899999999891e-14 1.600000000000000089e+00 6.942322290000000340e-01 1.600000000000000089e+00 3.132949580000000066e-04 1.600000000000000089e+00 1.191254790000000041e-06 1.600000000000000089e+00 1.592546650000000027e-04 1.600000000000000089e+00 5.856984889999999561e-14 1.600000000000000089e+00 6.740463749999999754e-01 1.600000000000000089e+00 1.578157489999999948e-04 1.600000000000000089e+00 3.806588239999999910e-07 1.600000000000000089e+00 7.907742840000000595e-05 1.600000000000000089e+00 1.179648939999999991e-13 1.600000000000000089e+00 6.618514309999999901e-01 1.600000000000000089e+00 6.187673500000000042e-04 1.600000000000000089e+00 2.680838770000000139e-05 1.600000000000000089e+00 3.299734099999999948e-04 1.600000000000000089e+00 9.431202520000000232e-15 1.600000000000000089e+00 7.390060830000000358e-01 1.600000000000000089e+00 3.256900029999999953e-04 1.600000000000000089e+00 4.727422599999999653e-06 1.600000000000000089e+00 1.485949969999999945e-04 1.600000000000000089e+00 1.616931449999999923e-14 1.600000000000000089e+00 8.031760180000000471e-01 1.600000000000000089e+00 1.490787560000000130e-04 1.600000000000000089e+00 9.679753020000000736e-07 1.600000000000000089e+00 6.486141940000000048e-05 1.600000000000000089e+00 3.177633580000000150e-14 1.600000000000000089e+00 8.030782069999999884e-01 1.600000000000000089e+00 7.014333439999999580e-05 1.600000000000000089e+00 2.218836539999999924e-07 1.600000000000000089e+00 3.018965759999999864e-05 1.600000000000000089e+00 6.263038150000000435e-14 1.600000000000000089e+00 7.966288780000000402e-01 1.600000000000000089e+00 3.373834720000000030e-05 1.600000000000000089e+00 5.380732689999999998e-08 1.600000000000000089e+00 1.447485590000000065e-05 1.600000000000000089e+00 1.238999060000000115e-13 1.600000000000000089e+00 7.933337919999999821e-01
1.610000000000000098e+00 1.373801879999999968e-03 1.610000000000000098e+00 6.619237320000000277e-05 1.610000000000000098e+00 9.670135999999999532e-04 1.610000000000000098e+00 7.005760730000000333e-15 1.610000000000000098e+00 6.213887359999999971e-01 1.610000000000000098e+00 9.905631260000000073e-04 1.610000000000000098e+00 1.438694979999999965e-05 1.610000000000000098e+00 5.644351430000000376e-04 1.610000000000000098e+00 1.469861230000000040e-14 1.610000000000000098e+00 7.192441649999999909e-01 1.610000000000000098e+00 5.902630610000000238e-04 1.610000000000000098e+00 3.621558649999999906e-06 1.610000000000000098e+00 3.152525009999999732e-04 1.610000000000000098e+00 2.896561580000000224e-14 1.610000000000000098e+00 6.942322290000000340e-01 1.610000000000000098e+00 3.159450659999999919e-04 1.610000000000000098e+00 1.216489590000000057e-06 1.610000000000000098e+00 1.624008770000000094e-04 1.610000000000000098e+00 5.858197030000000314e-14 1.610000000000000098e+00 6.740463749999999754e-01 1.610000000000000098e+00 1.592550659999999996e-04 1.610000000000000098e+00 3.884920580000000075e-07 1.610000000000000098e+00 8.066278640000000446e-05 1.610000000000000098e+00 1.179870509999999921e-13 1.610000000000000098e+00 6.618514309999999901e-01 1.610000000000000098e+00 6.224084240000000079e-04 1.610000000000000098e+00 2.728459939999999998e-05 1.610000000000000098e+00 3.361793280000000255e-04 1.610000000000000098e+00 9.433351109999999939e-15 1.610000000000000098e+00 7.390060830000000358e-01 1.610000000000000098e+00 3.285439799999999755e-04 1.610000000000000098e+00 4.845567959999999639e-06 1.610000000000000098e+00 1.518661830000000133e-04 1.610000000000000098e+00 1.617347800000000063e-14 1.610000000000000098e+00 8.031760180000000471e-01 1.610000000000000098e+00 1.506204479999999899e-04 1.610000000000000098e+00 9.940400889999999781e-07 1.610000000000000098e+00 6.635991980000000630e-05 1.610000000000000098e+00 3.178434670000000124e-14 1.610000000000000098e+00 8.030782069999999884e-01 1.610000000000000098e+00 7.090794600000000511e-05 1.610000000000000098e+00 2.278716649999999931e-07 1.610000000000000098e+00 3.089491529999999707e-05 1.610000000000000098e+00 6.264816059999999984e-14 1.610000000000000098e+00 7.966288780000000402e-01 1.610000000000000098e+00 3.411298299999999695e-05 1.610000000000000098e+00 5.525566429999999913e-08 1.610000000000000098e+00 1.481411309999999984e-05 1.610000000000000098e+00 1.239386709999999931e-13 1.610000000000000098e+00 7.933337919999999821e-01
1.620000000000000107e+00 1.377330960000000028e-03 1.620000000000000107e+00 6.676559890000000226e-05 1.620000000000000107e+00 9.807693240000000482e-04 1.620000000000000107e+00 7.007433259999999764e-15 1.620000000000000107e+00 6.213887359999999971e-01 1.620000000000000107e+00 9.954079160000000454e-04 1.620000000000000107e+00 1.464227230000000029e-05 1.620000000000000107e+00 5.743650600000000522e-04 1.620000000000000107e+00 1.470225370000000113e-14 1.620000000000000107e+00 7.192441649999999909e-01 1.620000000000000107e+00 5.943370429999999486e-04 1.620000000000000107e+00 3.695242020000000174e-06 1.620000000000000107e+00 3.211755319999999754e-04 1.620000000000000107e+00 2.897233899999999717e-14 1.620000000000000107e+00 6.942322290000000340e-01 1.620000000000000107e+00 3.185818609999999931e-04 1.620000000000000107e+00 1.242225329999999921e-06 1.620000000000000107e+00 1.655735219999999964e-04 1.620000000000000107e+00 5.859380430000000561e-14 1.620000000000000107e+00 6.740463749999999754e-01 1.620000000000000107e+00 1.606896649999999915e-04 1.620000000000000107e+00 3.964758179999999844e-07 1.620000000000000107e+00 8.226251399999999882e-05 1.620000000000000107e+00 1.180086790000000109e-13 1.620000000000000107e+00 6.618514309999999901e-01 1.620000000000000107e+00 6.260033360000000430e-04 1.620000000000000107e+00 2.776581530000000022e-05 1.620000000000000107e+00 3.424214250000000162e-04 1.620000000000000107e+00 9.435451110000000505e-15 1.620000000000000107e+00 7.390060830000000358e-01 1.620000000000000107e+00 3.313778599999999742e-04 1.620000000000000107e+00 4.965635830000000107e-06 1.620000000000000107e+00 1.551658089999999888e-04 1.620000000000000107e+00 1.617754240000000093e-14 1.620000000000000107e+00 8.031760180000000471e-01 1.620000000000000107e+00 1.521568709999999872e-04 1.620000000000000107e+00 1.020577899999999897e-06 1.620000000000000107e+00 6.787381079999999401e-05 1.620000000000000107e+00 3.179216550000000086e-14 1.620000000000000107e+00 8.030782069999999884e-01 1.620000000000000107e+00 7.167101650000000054e-05 1.620000000000000107e+00 2.339716460000000118e-07 1.620000000000000107e+00 3.160781140000000239e-05 1.620000000000000107e+00 6.266551110000000308e-14 1.620000000000000107e+00 7.966288780000000402e-01 1.620000000000000107e+00 3.448705979999999786e-05 1.620000000000000107e+00 5.673177160000000136e-08 1.620000000000000107e+00 1.515711369999999941e-05 1.620000000000000107e+00 1.239764970000000113e-13 1.620000000000000107e+00 7.933337919999999821e-01
1.629999999999999893e+00 1.380789029999999985e-03 1.629999999999999893e+00 6.734108070000000468e-05 1.629999999999999893e+00 9.945599820000000906e-04 1.629999999999999893e+00 7.009054569999999740e-15 1.629999999999999893e+00 6.213887359999999971e-01 1.629999999999999893e+00 1.000179440000000105e-03 1.629999999999999893e+00 1.490080190000000024e-05 1.629999999999999893e+00 5.843430569999999609e-04 1.629999999999999893e+00 1.470580739999999872e-14 1.629999999999999893e+00 7.192441649999999909e-01 1.629999999999999893e+00 5.983743530000000402e-04 1.629999999999999893e+00 3.770278640000000158e-06 1.629999999999999893e+00 3.271391190000000121e-04 1.629999999999999893e+00 2.897890409999999847e-14 1.629999999999999893e+00 6.942322290000000340e-01 1.629999999999999893e+00 3.212053629999999846e-04 1.629999999999999893e+00 1.268476689999999944e-06 1.629999999999999893e+00 1.687724689999999992e-04 1.629999999999999893e+00 5.860535960000000462e-14 1.629999999999999893e+00 6.740463749999999754e-01 1.629999999999999893e+00 1.621195409999999905e-04 1.629999999999999893e+00 4.046144829999999779e-07 1.629999999999999893e+00 8.387656400000000415e-05 1.629999999999999893e+00 1.180297959999999892e-13 1.629999999999999893e+00 6.618514309999999901e-01 1.629999999999999893e+00 6.295525900000000473e-04 1.629999999999999893e+00 2.825209289999999933e-05 1.629999999999999893e+00 3.486992420000000121e-04 1.629999999999999893e+00 9.437503910000000103e-15 1.629999999999999893e+00 7.390060830000000358e-01 1.629999999999999893e+00 3.341917799999999860e-04 1.629999999999999893e+00 5.087652130000000215e-06 1.629999999999999893e+00 1.584936739999999922e-04 1.629999999999999893e+00 1.618151109999999953e-14 1.629999999999999893e+00 8.031760180000000471e-01 1.629999999999999893e+00 1.536880479999999942e-04 1.629999999999999893e+00 1.047595900000000093e-06 1.629999999999999893e+00 6.940303970000000070e-05 1.629999999999999893e+00 3.179979859999999921e-14 1.629999999999999893e+00 8.030782069999999884e-01 1.629999999999999893e+00 7.243255289999999476e-05 1.629999999999999893e+00 2.401854380000000037e-07 1.629999999999999893e+00 3.232833050000000024e-05 1.629999999999999893e+00 6.268244739999999885e-14 1.629999999999999893e+00 7.966288780000000402e-01 1.629999999999999893e+00 3.486058070000000285e-05 1.629999999999999893e+00 5.823614800000000034e-08 1.629999999999999893e+00 1.550385240000000088e-05 1.629999999999999893e+00 1.240134139999999974e-13 1.629999999999999893e+00 7.933337919999999821e-01
1.639999999999999902e+00 1.384177469999999964e-03 1.639999999999999902e+00 6.791890220000000665e-05 1.639999999999999902e+00 1.008384869999999966e-03 1.639999999999999902e+00 7.010626559999999918e-15 1.639999999999999902e+00 6.213887359999999971e-01 1.639999999999999902e+00 1.004878770000000024e-03 1.639999999999999902e+00 1.516259369999999991e-05 1.639999999999999902e+00 5.943684079999999540e-04 1.639999999999999902e+00 1.470927609999999899e-14 1.639999999999999902e+00 7.192441649999999909e-01 1.639999999999999902e+00 6.023752379999999622e-04 1.639999999999999902e+00 3.846704679999999984e-06 1.639999999999999902e+00 3.331428980000000198e-04 1.639999999999999902e+00 2.898531609999999894e-14 1.639999999999999902e+00 6.942322290000000340e-01 1.639999999999999902e+00 3.238155880000000110e-04 1.639999999999999902e+00 1.295258959999999899e-06 1.639999999999999902e+00 1.719975850000000071e-04 1.639999999999999902e+00 5.861664469999999547e-14 1.639999999999999902e+00 6.740463749999999754e-01 1.639999999999999902e+00 1.635446850000000054e-04 1.639999999999999902e+00 4.129126110000000047e-07 1.639999999999999902e+00 8.550488899999999842e-05 1.639999999999999902e+00 1.180504149999999940e-13 1.639999999999999902e+00 6.618514309999999901e-01 1.639999999999999902e+00 6.330566799999999984e-04 1.639999999999999902e+00 2.874349079999999898e-05 1.639999999999999902e+00 3.550123259999999801e-04 1.639999999999999902e+00 9.439510860000000068e-15 1.639999999999999902e+00 7.390060830000000358e-01 1.639999999999999902e+00 3.369858730000000217e-04 1.639999999999999902e+00 5.211643430000000418e-06 1.639999999999999902e+00 1.618495790000000056e-04 1.639999999999999902e+00 1.618538689999999908e-14 1.639999999999999902e+00 8.031760180000000471e-01 1.639999999999999902e+00 1.552140010000000044e-04 1.639999999999999902e+00 1.075101409999999912e-06 1.639999999999999902e+00 7.094755429999999373e-05 1.639999999999999902e+00 3.180725160000000158e-14 1.639999999999999902e+00 8.030782069999999884e-01 1.639999999999999902e+00 7.319256189999999896e-05 1.639999999999999902e+00 2.465149309999999954e-07 1.639999999999999902e+00 3.305645730000000159e-05 1.639999999999999902e+00 6.269898319999999415e-14 1.639999999999999902e+00 7.966288780000000402e-01 1.639999999999999902e+00 3.523354839999999841e-05 1.639999999999999902e+00 5.976930720000000268e-08 1.639999999999999902e+00 1.585432349999999925e-05 1.639999999999999902e+00 1.240494539999999963e-13 1.639999999999999902e+00 7.933337919999999821e-01
1.649999999999999911e+00 1.387497620000000030e-03 1.649999999999999911e+00 6.849914709999999627e-05 1.649999999999999911e+00 1.022243300000000039e-03 1.649999999999999911e+00 7.012151069999999967e-15 1.649999999999999911e+00 6.213887359999999971e-01 1.649999999999999911e+00 1.009506970000000102e-03 1.649999999999999911e+00 1.542770390000000071e-05 1.649999999999999911e+00 6.044403959999999692e-04 1.649999999999999911e+00 1.471266290000000138e-14 1.649999999999999911e+00 7.192441649999999909e-01 1.649999999999999911e+00 6.063399430000000366e-04 1.649999999999999911e+00 3.924557590000000190e-06 1.649999999999999911e+00 3.391865039999999933e-04 1.649999999999999911e+00 2.899157999999999767e-14 1.649999999999999911e+00 6.942322290000000340e-01 1.649999999999999911e+00 3.264125559999999922e-04 1.649999999999999911e+00 1.322588030000000040e-06 1.649999999999999911e+00 1.752487370000000095e-04 1.649999999999999911e+00 5.862766760000000198e-14 1.649999999999999911e+00 6.740463749999999754e-01 1.649999999999999911e+00 1.649650920000000020e-04 1.649999999999999911e+00 4.213749460000000155e-07 1.649999999999999911e+00 8.714744190000000179e-05 1.649999999999999911e+00 1.180705519999999973e-13 1.649999999999999911e+00 6.618514309999999901e-01 1.649999999999999911e+00 6.365160910000000182e-04 1.649999999999999911e+00 2.924006889999999836e-05 1.649999999999999911e+00 3.613602269999999835e-04 1.649999999999999911e+00 9.441473250000000166e-15 1.649999999999999911e+00 7.390060830000000358e-01 1.649999999999999911e+00 3.397602689999999954e-04 1.649999999999999911e+00 5.337636949999999931e-06 1.649999999999999911e+00 1.652333260000000070e-04 1.649999999999999911e+00 1.618917289999999902e-14 1.649999999999999911e+00 8.031760180000000471e-01 1.649999999999999911e+00 1.567347520000000112e-04 1.649999999999999911e+00 1.103101990000000096e-06 1.649999999999999911e+00 7.250730239999999464e-05 1.649999999999999911e+00 3.181453010000000066e-14 1.649999999999999911e+00 8.030782069999999884e-01 1.649999999999999911e+00 7.395105000000000070e-05 1.649999999999999911e+00 2.529620649999999833e-07 1.649999999999999911e+00 3.379217670000000040e-05 1.649999999999999911e+00 6.271513129999999930e-14 1.649999999999999911e+00 7.966288780000000402e-01 1.649999999999999911e+00 3.560596580000000141e-05 1.649999999999999911e+00 6.133177799999999827e-08 1.649999999999999911e+00 1.620852150000000124e-05 1.649999999999999911e+00 1.240846469999999900e-13 1.649999999999999911e+00 7.933337919999999821e-01
1.659999999999999920e+00 1.390750770000000018e-03 1.659999999999999920e+00 6.908189919999999378e-05 1.659999999999999920e+00 1.036134599999999958e-03 1.659999999999999920e+00 7.013629850000000361e-15 1.659999999999999920e+00 6.213887359999999971e-01 1.659999999999999920e+00 1.014065059999999952e-03 1.659999999999999920e+00 1.569618999999999989e-05 1.659999999999999920e+00 6.145583140000000126e-04 1.659999999999999920e+00 1.471597029999999914e-14 1.659999999999999920e+00 7.192441649999999909e-01 1.659999999999999920e+00 6.102687079999999549e-04 1.659999999999999920e+00 4.003876140000000169e-06 1.659999999999999920e+00 3.452695770000000159e-04 1.659999999999999920e+00 2.899770049999999698e-14 1.659999999999999920e+00 6.942322290000000340e-01 1.659999999999999920e+00 3.289962819999999767e-04 1.659999999999999920e+00 1.350480429999999978e-06 1.659999999999999920e+00 1.785257919999999957e-04 1.659999999999999920e+00 5.863843620000000063e-14 1.659999999999999920e+00 6.740463749999999754e-01 1.659999999999999920e+00 1.663807529999999891e-04 1.659999999999999920e+00 4.300064269999999799e-07 1.659999999999999920e+00 8.880417509999999576e-05 1.659999999999999920e+00 1.180902189999999968e-13 1.659999999999999920e+00 6.618514309999999901e-01 1.659999999999999920e+00 6.399312969999999476e-04 1.659999999999999920e+00 2.974188849999999916e-05 1.659999999999999920e+00 3.677425010000000077e-04 1.659999999999999920e+00 9.443392320000000176e-15 1.659999999999999920e+00 7.390060830000000358e-01 1.659999999999999920e+00 3.425150949999999960e-04 1.659999999999999920e+00 5.465660589999999587e-06 1.659999999999999920e+00 1.686447189999999935e-04 1.659999999999999920e+00 1.619287169999999888e-14 1.659999999999999920e+00 8.031760180000000471e-01 1.659999999999999920e+00 1.582503209999999889e-04 1.659999999999999920e+00 1.131605329999999954e-06 1.659999999999999920e+00 7.408223209999999941e-05 1.659999999999999920e+00 3.182163950000000178e-14 1.659999999999999920e+00 8.030782069999999884e-01 1.659999999999999920e+00 7.470802329999999460e-05 1.659999999999999920e+00 2.595288340000000008e-07 1.659999999999999920e+00 3.453547330000000261e-05 1.659999999999999920e+00 6.273090379999999635e-14 1.659999999999999920e+00 7.966288780000000402e-01 1.659999999999999920e+00 3.597783559999999836e-05 1.659999999999999920e+00 6.292410490000000350e-08 1.659999999999999920e+00 1.656644099999999997e-05 1.659999999999999920e+00 1.241190200000000050e-13 1.659999999999999920e+00 7.933337919999999821e-01
1.669999999999999929e+00 1.393938219999999936e-03 1.669999999999999929e+00 6.966724269999999882e-05 1.669999999999999929e+00 1.050058100000000015e-03 1.669999999999999929e+00 7.015064590000000006e-15 1.669999999999999929e+00 6.213887359999999971e-01 1.669999999999999929e+00 1.018554070000000011e-03 1.669999999999999929e+00 1.596811100000000057e-05 1.669999999999999929e+00 6.247214670000000424e-04 1.669999999999999929e+00 1.471920100000000123e-14 1.669999999999999929e+00 7.192441649999999909e-01 1.669999999999999929e+00 6.141617679999999708e-04 1.669999999999999929e+00 4.084700489999999913e-06 1.669999999999999929e+00 3.513917590000000001e-04 1.669999999999999929e+00 2.900368209999999921e-14 1.669999999999999929e+00 6.942322290000000340e-01 1.669999999999999929e+00 3.315667849999999971e-04 1.669999999999999929e+00 1.378953399999999995e-06 1.669999999999999929e+00 1.818286190000000012e-04 1.669999999999999929e+00 5.864895779999999958e-14 1.669999999999999929e+00 6.740463749999999754e-01 1.669999999999999929e+00 1.677916619999999907e-04 1.669999999999999929e+00 4.388121989999999796e-07 1.669999999999999929e+00 9.047504109999999393e-05 1.669999999999999929e+00 1.181094300000000027e-13 1.669999999999999929e+00 6.618514309999999901e-01 1.669999999999999929e+00 6.433027639999999844e-04 1.669999999999999929e+00 3.024901209999999899e-05 1.669999999999999929e+00 3.741587070000000257e-04 1.669999999999999929e+00 9.445269229999999887e-15 1.669999999999999929e+00 7.390060830000000358e-01 1.669999999999999929e+00 3.452504760000000119e-04 1.669999999999999929e+00 5.595742939999999969e-06 1.669999999999999929e+00 1.720835630000000125e-04 1.669999999999999929e+00 1.619648590000000135e-14 1.669999999999999929e+00 8.031760180000000471e-01 1.669999999999999929e+00 1.597607279999999931e-04 1.669999999999999929e+00 1.160619369999999911e-06 1.669999999999999929e+00 7.567229159999999547e-05 1.669999999999999929e+00 3.182858479999999774e-14 1.669999999999999929e+00 8.030782069999999884e-01 1.669999999999999929e+00 7.546348779999999734e-05 1.669999999999999929e+00 2.662172860000000126e-07 1.669999999999999929e+00 3.528633210000000042e-05 1.669999999999999929e+00 6.274631240000000527e-14 1.669999999999999929e+00 7.966288780000000402e-01 1.669999999999999929e+00 3.634916039999999785e-05 1.669999999999999929e+00 6.454684869999999864e-08 1.669999999999999929e+00 1.692807639999999885e-05 1.669999999999999929e+00 1.241525989999999989e-13 1.669999999999999929e+00 7.933337919999999821e-01
1.679999999999999938e+00 1.397061179999999937e-03 1.679999999999999938e+00 7.025526170000000604e-05 1.679999999999999938e+00 1.064013149999999989e-03 1.679999999999999938e+00 7.016456890000000192e-15 1.679999999999999938e+00 6.213887359999999971e-01 1.679999999999999938e+00 1.022974959999999912e-03 1.679999999999999938e+00 1.624352690000000016e-05 1.679999999999999938e+00 6.349291679999999848e-04 1.679999999999999938e+00 1.472235730000000095e-14 1.679999999999999938e+00 7.192441649999999909e-01 1.679999999999999938e+00 6.180193570000000166e-04 1.679999999999999938e+00 4.167072219999999904e-06 1.679999999999999938e+00 3.575526940000000133e-04 1.679999999999999938e+00 2.900952899999999729e-14 1.679999999999999938e+00 6.942322290000000340e-01 1.679999999999999938e+00 3.341240780000000014e-04 1.679999999999999938e+00 1.408024879999999945e-06 1.679999999999999938e+00 1.851570839999999924e-04 1.679999999999999938e+00 5.865923940000000387e-14 1.679999999999999938e+00 6.740463749999999754e-01 1.679999999999999938e+00 1.691978110000000118e-04 1.679999999999999938e+00 4.477976239999999834e-07 1.679999999999999938e+00 9.215999239999999638e-05 1.679999999999999938e+00 1.181281969999999876e-13 1.679999999999999938e+00 6.618514309999999901e-01 1.679999999999999938e+00 6.466309480000000413e-04 1.679999999999999938e+00 3.076150349999999973e-05 1.679999999999999938e+00 3.806084119999999789e-04 1.679999999999999938e+00 9.447105120000000673e-15 1.679999999999999938e+00 7.390060830000000358e-01 1.679999999999999938e+00 3.479665329999999932e-04 1.679999999999999938e+00 5.727913319999999864e-06 1.679999999999999938e+00 1.755496639999999989e-04 1.679999999999999938e+00 1.620001809999999966e-14 1.679999999999999938e+00 8.031760180000000471e-01 1.679999999999999938e+00 1.612659910000000061e-04 1.679999999999999938e+00 1.190152240000000026e-06 1.679999999999999938e+00 7.727742950000000388e-05 1.679999999999999938e+00 3.183537080000000030e-14 1.679999999999999938e+00 8.030782069999999884e-01 1.679999999999999938e+00 7.621744949999999848e-05 1.679999999999999938e+00 2.730295259999999783e-07 1.679999999999999938e+00 3.604473800000000130e-05 1.679999999999999938e+00 6.276136810000000514e-14 1.679999999999999938e+00 7.966288780000000402e-01 1.679999999999999938e+00 3.671994299999999816e-05 1.679999999999999938e+00 6.620058699999999574e-08 1.679999999999999938e+00 1.729342239999999940e-05 1.679999999999999938e+00 1.241854090000000114e-13 1.679999999999999938e+00 7.933337919999999821e-01
1.689999999999999947e+00 1.400120869999999917e-03 1.689999999999999947e+00 7.084604079999999452e-05 1.689999999999999947e+00 1.077999110000000052e-03 1.689999999999999947e+00 7.017808289999999853e-15 1.689999999999999947e+00 6.213887359999999971e-01 1.689999999999999947e+00 1.027328720000000037e-03 1.689999999999999947e+00 1.652249960000000002e-05 1.689999999999999947e+00 6.451807420000000431e-04 1.689999999999999947e+00 1.472544170000000099e-14 1.689999999999999947e+00 7.192441649999999909e-01 1.689999999999999947e+00 6.218417030000000486e-04 1.689999999999999947e+00 4.251034430000000211e-06 1.689999999999999947e+00 3.637520280000000063e-04 1.689999999999999947e+00 2.901524529999999995e-14 1.689999999999999947e+00 6.942322290000000340e-01 1.689999999999999947e+00 3.366681769999999799e-04 1.689999999999999947e+00 1.437713560000000077e-06 1.689999999999999947e+00 1.885110560000000047e-04 1.689999999999999947e+00 5.866928800000000593e-14 1.689999999999999947e+00 6.740463749999999754e-01 1.689999999999999947e+00 1.705991929999999988e-04 1.689999999999999947e+00 4.569682919999999932e-07 1.689999999999999947e+00 9.385898139999999815e-05 1.689999999999999947e+00 1.181465329999999933e-13 1.689999999999999947e+00 6.618514309999999901e-01 1.689999999999999947e+00 6.499162979999999505e-04 1.689999999999999947e+00 3.127942779999999740e-05 1.689999999999999947e+00 3.870911830000000253e-04 1.689999999999999947e+00 9.448901070000000760e-15 1.689999999999999947e+00 7.390060830000000358e-01 1.689999999999999947e+00 3.506633850000000067e-04 1.689999999999999947e+00 5.862201779999999644e-06 1.689999999999999947e+00 1.790428299999999881e-04 1.689999999999999947e+00 1.620347059999999969e-14 1.689999999999999947e+00 8.031760180000000471e-01 1.689999999999999947e+00 1.627661309999999981e-04 1.689999999999999947e+00 1.220212280000000057e-06 1.689999999999999947e+00 7.889759440000000505e-05 1.689999999999999947e+00 3.184200190000000234e-14 1.689999999999999947e+00 8.030782069999999884e-01 1.689999999999999947e+00 7.696991390000000317e-05 1.689999999999999947e+00 2.799677180000000186e-07 1.689999999999999947e+00 3.681067610000000244e-05 1.689999999999999947e+00 6.277608110000000046e-14 1.689999999999999947e+00 7.966288780000000402e-01 1.689999999999999947e+00 3.709018560000000136e-05 1.689999999999999947e+00 6.788591540000000599e-08 1.689999999999999947e+00 1.766247349999999989e-05 1.689999999999999947e+00 1.242174739999999876e-13 1.689999999999999947e+00 7.933337919999999821e-01
1.699999999999999956e+00 1.403118459999999970e-03 1.699999999999999956e+00 7.143966489999999906e-05 1.699999999999999956e+00 1.092015360000000079e-03 1.699999999999999956e+00 7.019120270000000301e-15 1.699999999999999956e+00 6.213887359999999971e-01 1.699999999999999956e+00 1.031616290000000099e-03 1.699999999999999956e+00 1.680509189999999925e-05 1.699999999999999956e+00 6.554755219999999554e-04 1.699999999999999956e+00 1.472845630000000097e-14 1.699999999999999956e+00 7.192441649999999909e-01 1.699999999999999956e+00 6.256290330000000271e-04 1.699999999999999956e+00 4.336631760000000133e-06 1.699999999999999956e+00 3.699894110000000224e-04 1.699999999999999956e+00 2.902083489999999702e-14 1.699999999999999956e+00 6.942322290000000340e-01 1.699999999999999956e+00 3.391990969999999811e-04 1.699999999999999956e+00 1.468038929999999939e-06 1.699999999999999956e+00 1.918904039999999925e-04 1.699999999999999956e+00 5.867910989999999516e-14 1.699999999999999956e+00 6.740463749999999754e-01 1.699999999999999956e+00 1.719957989999999879e-04 1.699999999999999956e+00 4.663300300000000236e-07 1.699999999999999956e+00 9.557196040000000281e-05 1.699999999999999956e+00 1.181644489999999988e-13 1.699999999999999956e+00 6.618514309999999901e-01 1.699999999999999956e+00 6.531592520000000218e-04 1.699999999999999956e+00 3.180285189999999709e-05 1.699999999999999956e+00 3.936065960000000160e-04 1.699999999999999956e+00 9.450658119999999963e-15 1.699999999999999956e+00 7.390060830000000358e-01 1.699999999999999956e+00 3.533411480000000224e-04 1.699999999999999956e+00 5.998639129999999901e-06 1.699999999999999956e+00 1.825628679999999923e-04 1.699999999999999956e+00 1.620684560000000105e-14 1.699999999999999956e+00 8.031760180000000471e-01 1.699999999999999956e+00 1.642611639999999866e-04 1.699999999999999956e+00 1.250808049999999929e-06 1.699999999999999956e+00 8.053273510000000300e-05 1.699999999999999956e+00 3.184848259999999990e-14 1.699999999999999956e+00 8.030782069999999884e-01 1.699999999999999956e+00 7.772088659999999444e-05 1.699999999999999956e+00 2.870340869999999992e-07 1.699999999999999956e+00 3.758413129999999778e-05 1.699999999999999956e+00 6.279046159999999568e-14 1.699999999999999956e+00 7.966288780000000402e-01 1.699999999999999956e+00 3.745989090000000071e-05 1.699999999999999956e+00 6.960344729999999663e-08 1.699999999999999956e+00 1.803522430000000019e-05 1.699999999999999956e+00 1.242488149999999931e-13 1.699999999999999956e+00 7.933337919999999821e-01
1.709999999999999964e+00 1.406055090000000096e-03 1.709999999999999964e+00 7.203621920000000177e-05 1.709999999999999964e+00 1.106061279999999945e-03 1.709999999999999964e+00 7.020394249999999702e-15 1.709999999999999964e+00 6.213887359999999971e-01 1.709999999999999964e+00 1.035838600000000068e-03 1.709999999999999964e+00 1.709136830000000101e-05 1.709999999999999964e+00 6.658128499999999656e-04 1.709999999999999964e+00 1.473140320000000052e-14 1.709999999999999964e+00 7.192441649999999909e-01 1.709999999999999964e+00 6.293815690000000409e-04 1.709999999999999964e+00 4.423910529999999983e-06 1.709999999999999964e+00 3.762644929999999963e-04 1.709999999999999964e+00 2.902630160000000044e-14 1.709999999999999964e+00 6.942322290000000340e-01 1.709999999999999964e+00 3.417168510000000072e-04 1.709999999999999964e+00 1.499021299999999937e-06 1.709999999999999964e+00 1.952949940000000032e-04 1.709999999999999964e+00 5.868871149999999566e-14 1.709999999999999964e+00 6.740463749999999754e-01 1.709999999999999964e+00 1.733876220000000069e-04 1.709999999999999964e+00 4.758889220000000154e-07 1.709999999999999964e+00 9.729888150000000390e-05 1.709999999999999964e+00 1.181819549999999899e-13 1.709999999999999964e+00 6.618514309999999901e-01 1.709999999999999964e+00 6.563602410000000508e-04 1.709999999999999964e+00 3.233184369999999989e-05 1.709999999999999964e+00 4.001542290000000110e-04 1.709999999999999964e+00 9.452377259999999681e-15 1.709999999999999964e+00 7.390060830000000358e-01 1.709999999999999964e+00 3.559999370000000146e-04 1.709999999999999964e+00 6.137256979999999890e-06 1.709999999999999964e+00 1.861095890000000078e-04 1.709999999999999964e+00 1.621014540000000017e-14 1.709999999999999964e+00 8.031760180000000471e-01 1.709999999999999964e+00 1.657511090000000041e-04 1.709999999999999964e+00 1.281948339999999975e-06 1.709999999999999964e+00 8.218280070000000324e-05 1.709999999999999964e+00 3.185481709999999855e-14 1.709999999999999964e+00 8.030782069999999884e-01 1.709999999999999964e+00 7.847037289999999449e-05 1.709999999999999964e+00 2.942309220000000176e-07 1.709999999999999964e+00 3.836508890000000133e-05 1.709999999999999964e+00 6.280451889999999861e-14 1.709999999999999964e+00 7.966288780000000402e-01 1.709999999999999964e+00 3.782906120000000330e-05 1.709999999999999964e+00 7.135381560000000563e-08 1.709999999999999964e+00 1.841166949999999846e-05 1.709999999999999964e+00 1.242794529999999928e-13 1.709999999999999964e+00 7.933337919999999821e-01
1.719999999999999973e+00 1.408931889999999899e-03 1.719999999999999973e+00 7.263578919999999983e-05 1.719999999999999973e+00 1.120136259999999920e-03 1.719999999999999973e+00 7.021631580000000179e-15 1.719999999999999973e+00 6.213887359999999971e-01 1.719999999999999973e+00 1.039996550000000033e-03 1.719999999999999973e+00 1.738139499999999895e-05 1.719999999999999973e+00 6.761920789999999485e-04 1.719999999999999973e+00 1.473428459999999925e-14 1.719999999999999973e+00 7.192441649999999909e-01 1.719999999999999973e+00 6.330995279999999817e-04 1.719999999999999973e+00 4.512918730000000416e-06 1.719999999999999973e+00 3.825769270000000137e-04 1.719999999999999973e+00 2.903164899999999694e-14 1.719999999999999973e+00 6.942322290000000340e-01 1.719999999999999973e+00 3.442214510000000103e-04 1.719999999999999973e+00 1.530681870000000105e-06 1.719999999999999973e+00 1.987246970000000103e-04 1.719999999999999973e+00 5.869809879999999372e-14 1.719999999999999973e+00 6.740463749999999754e-01 1.719999999999999973e+00 1.747746540000000065e-04 1.719999999999999973e+00 4.856513159999999673e-07 1.719999999999999973e+00 9.903969679999999494e-05 1.719999999999999973e+00 1.181990640000000082e-13 1.719999999999999973e+00 6.618514309999999901e-01 1.719999999999999973e+00 6.595196859999999817e-04 1.719999999999999973e+00 3.286647269999999914e-05 1.719999999999999973e+00 4.067336630000000040e-04 1.719999999999999973e+00 9.454059469999999736e-15 1.719999999999999973e+00 7.390060830000000358e-01 1.719999999999999973e+00 3.586398609999999812e-04 1.719999999999999973e+00 6.278087740000000077e-06 1.719999999999999973e+00 1.896828040000000037e-04 1.719999999999999973e+00 1.621337199999999985e-14 1.719999999999999973e+00 8.031760180000000471e-01 1.719999999999999973e+00 1.672359830000000097e-04 1.719999999999999973e+00 1.313642179999999916e-06 1.719999999999999973e+00 8.384774040000000277e-05 1.719999999999999973e+00 3.186100930000000072e-14 1.719999999999999973e+00 8.030782069999999884e-01 1.719999999999999973e+00 7.921837809999999840e-05 1.719999999999999973e+00 3.015605769999999838e-07 1.719999999999999973e+00 3.915353389999999848e-05 1.719999999999999973e+00 6.281826190000000448e-14 1.719999999999999973e+00 7.966288780000000402e-01 1.719999999999999973e+00 3.819769890000000088e-05 1.719999999999999973e+00 7.313767280000000441e-08 1.719999999999999973e+00 1.879180379999999961e-05 1.719999999999999973e+00 1.243094090000000016e-13 1.719999999999999973e+00 7.933337919999999821e-01
1.729999999999999982e+00 1.411749940000000050e-03 1.729999999999999982e+00 7.323846099999999342e-05 1.729999999999999982e+00 1.134239719999999936e-03 1.729999999999999982e+00 7.022833569999999919e-15 1.729999999999999982e+00 6.213887359999999971e-01 1.729999999999999982e+00 1.044091040000000086e-03 1.729999999999999982e+00 1.767523950000000118e-05 1.729999999999999982e+00 6.866125699999999638e-04 1.729999999999999982e+00 1.473710219999999999e-14 1.729999999999999982e+00 7.192441649999999909e-01 1.729999999999999982e+00 6.367831239999999704e-04 1.729999999999999982e+00 4.603706150000000144e-06 1.729999999999999982e+00 3.889263689999999853e-04 1.729999999999999982e+00 2.903688060000000167e-14 1.729999999999999982e+00 6.942322290000000340e-01 1.729999999999999982e+00 3.467129099999999927e-04 1.729999999999999982e+00 1.563042770000000042e-06 1.729999999999999982e+00 2.021793790000000069e-04 1.729999999999999982e+00 5.870727770000000406e-14 1.729999999999999982e+00 6.740463749999999754e-01 1.729999999999999982e+00 1.761568859999999956e-04 1.729999999999999982e+00 4.956238390000000429e-07 1.729999999999999982e+00 1.007943589999999996e-04 1.729999999999999982e+00 1.182157849999999954e-13 1.729999999999999982e+00 6.618514309999999901e-01 1.729999999999999982e+00 6.626380019999999994e-04 1.729999999999999982e+00 3.340681019999999725e-05 1.729999999999999982e+00 4.133444850000000188e-04 1.729999999999999982e+00 9.455705649999999967e-15 1.729999999999999982e+00 7.390060830000000358e-01 1.729999999999999982e+00 3.612610320000000171e-04 1.729999999999999982e+00 6.421164640000000090e-06 1.729999999999999982e+00 1.932823240000000034e-04 1.729999999999999982e+00 1.621652739999999973e-14 1.729999999999999982e+00 8.031760180000000471e-01 1.729999999999999982e+00 1.687158019999999937e-04 1.729999999999999982e+00 1.345898849999999959e-06 1.729999999999999982e+00 8.552750350000000359e-05 1.729999999999999982e+00 3.186706290000000261e-14 1.729999999999999982e+00 8.030782069999999884e-01 1.729999999999999982e+00 7.996490730000000477e-05 1.729999999999999982e+00 3.090254740000000016e-07 1.729999999999999982e+00 3.994945149999999825e-05 1.729999999999999982e+00 6.283169939999999909e-14 1.729999999999999982e+00 7.966288780000000402e-01 1.729999999999999982e+00 3.856580630000000054e-05 1.729999999999999982e+00 7.495569230000000579e-08 1.729999999999999982e+00 1.917562169999999851e-05 1.729999999999999982e+00 1.243387019999999972e-13 1.729999999999999982e+00 7.933337919999999821e-01
1.739999999999999991e+00 1.414510290000000042e-03 1.739999999999999991e+00 7.384432099999999782e-05 1.739999999999999991e+00 1.148371069999999964e-03 1.739999999999999991e+00 7.024001450000000278e-15 1.739999999999999991e+00 6.213887359999999971e-01 1.739999999999999991e+00 1.048122930000000043e-03 1.739999999999999991e+00 1.797297079999999965e-05 1.739999999999999991e+00 6.970736920000000390e-04 1.739999999999999991e+00 1.473985809999999922e-14 1.739999999999999991e+00 7.192441649999999909e-01 1.739999999999999991e+00 6.404325680000000310e-04 1.739999999999999991e+00 4.696324459999999617e-06 1.739999999999999991e+00 3.953124759999999808e-04 1.739999999999999991e+00 2.904199969999999826e-14 1.739999999999999991e+00 6.942322290000000340e-01 1.739999999999999991e+00 3.491912380000000227e-04 1.739999999999999991e+00 1.596127080000000035e-06 1.739999999999999991e+00 2.056589109999999937e-04 1.739999999999999991e+00 5.871625370000000360e-14 1.739999999999999991e+00 6.740463749999999754e-01 1.739999999999999991e+00 1.775343110000000022e-04 1.739999999999999991e+00 5.058134179999999589e-07 1.739999999999999991e+00 1.025628190000000054e-04 1.739999999999999991e+00 1.182321279999999875e-13 1.739999999999999991e+00 6.618514309999999901e-01 1.739999999999999991e+00 6.657155930000000074e-04 1.739999999999999991e+00 3.395292859999999766e-05 1.739999999999999991e+00 4.199862870000000054e-04 1.739999999999999991e+00 9.457316700000000213e-15 1.739999999999999991e+00 7.390060830000000358e-01 1.739999999999999991e+00 3.638635539999999775e-04 1.739999999999999991e+00 6.566521800000000031e-06 1.739999999999999991e+00 1.969079619999999952e-04 1.739999999999999991e+00 1.621961349999999946e-14 1.739999999999999991e+00 8.031760180000000471e-01 1.739999999999999991e+00 1.701905820000000006e-04 1.739999999999999991e+00 1.378727869999999908e-06 1.739999999999999991e+00 8.722203959999999567e-05 1.739999999999999991e+00 3.187298169999999721e-14 1.739999999999999991e+00 8.030782069999999884e-01 1.739999999999999991e+00 8.070996549999999361e-05 1.739999999999999991e+00 3.166281070000000123e-07 1.739999999999999991e+00 4.075282709999999932e-05 1.739999999999999991e+00 6.284483940000000625e-14 1.739999999999999991e+00 7.966288780000000402e-01 1.739999999999999991e+00 3.893338580000000080e-05 1.739999999999999991e+00 7.680856899999999473e-08 1.739999999999999991e+00 1.956311809999999995e-05 1.739999999999999991e+00 1.243673499999999891e-13 1.739999999999999991e+00 7.933337919999999821e-01
1.750000000000000000e+00 1.417213990000000014e-03 1.750000000000000000e+00 7.445345620000000419e-05 1.750000000000000000e+00 1.162529739999999898e-03 1.750000000000000000e+00 7.025136440000000248e-15 1.750000000000000000e+00 6.213887359999999971e-01 1.750000000000000000e+00 1.052093069999999976e-03 1.750000000000000000e+00 1.827465989999999866e-05 1.750000000000000000e+00 7.075748229999999491e-04 1.750000000000000000e+00 1.474255399999999978e-14 1.750000000000000000e+00 7.192441649999999909e-01 1.750000000000000000e+00 6.440480669999999871e-04 1.750000000000000000e+00 4.790827250000000320e-06 1.750000000000000000e+00 4.017349070000000074e-04 1.750000000000000000e+00 2.904700949999999874e-14 1.750000000000000000e+00 6.942322290000000340e-01 1.750000000000000000e+00 3.516564440000000103e-04 1.750000000000000000e+00 1.629958919999999912e-06 1.750000000000000000e+00 2.091631610000000102e-04 1.750000000000000000e+00 5.872503229999999450e-14 1.750000000000000000e+00 6.740463749999999754e-01 1.750000000000000000e+00 1.789069190000000119e-04 1.750000000000000000e+00 5.162272910000000307e-07 1.750000000000000000e+00 1.043450289999999972e-04 1.750000000000000000e+00 1.182481039999999890e-13 1.750000000000000000e+00 6.618514309999999901e-01 1.750000000000000000e+00 6.687528590000000337e-04 1.750000000000000000e+00 3.450490230000000260e-05 1.750000000000000000e+00 4.266586630000000139e-04 1.750000000000000000e+00 9.458893480000000317e-15 1.750000000000000000e+00 7.390060830000000358e-01 1.750000000000000000e+00 3.664475339999999771e-04 1.750000000000000000e+00 6.714194219999999808e-06 1.750000000000000000e+00 2.005595329999999865e-04 1.750000000000000000e+00 1.622263209999999873e-14 1.750000000000000000e+00 8.031760180000000471e-01 1.750000000000000000e+00 1.716603399999999896e-04 1.750000000000000000e+00 1.412139039999999950e-06 1.750000000000000000e+00 8.893129840000000110e-05 1.750000000000000000e+00 3.187876919999999967e-14 1.750000000000000000e+00 8.030782069999999884e-01 1.750000000000000000e+00 8.145355759999999413e-05 1.750000000000000000e+00 3.243710440000000140e-07 1.750000000000000000e+00 4.156364589999999714e-05 1.750000000000000000e+00 6.285768989999999925e-14 1.750000000000000000e+00 7.966288780000000402e-01 1.750000000000000000e+00 3.930043970000000197e-05 1.750000000000000000e+00 7.869702029999999807e-08 1.750000000000000000e+00 1.995428769999999869e-05 1.750000000000000000e+00 1.243953699999999930e-13 1.750000000000000000e+00 7.933337919999999821e-01
1.760000000000000009e+00 1.419862040000000091e-03 1.760000000000000009e+00 7.506595399999999669e-05 1.760000000000000009e+00 1.176715160000000064e-03 1.760000000000000009e+00 7.026239669999999626e-15 1.760000000000000009e+00 6.213887359999999971e-01 1.760000000000000009e+00 1.056002299999999998e-03 1.760000000000000009e+00 1.858037910000000001e-05 1.760000000000000009e+00 7.181153499999999752e-04 1.760000000000000009e+00 1.474519170000000136e-14 1.760000000000000009e+00 7.192441649999999909e-01 1.760000000000000009e+00 6.476298230000000072e-04 1.760000000000000009e+00 4.887270190000000273e-06 1.760000000000000009e+00 4.081933250000000023e-04 1.760000000000000009e+00 2.905191309999999942e-14 1.760000000000000009e+00 6.942322290000000340e-01 1.760000000000000009e+00 3.541085390000000199e-04 1.760000000000000009e+00 1.664563510000000104e-06 1.760000000000000009e+00 2.126919959999999915e-04 1.760000000000000009e+00 5.873361879999999790e-14 1.760000000000000009e+00 6.740463749999999754e-01 1.760000000000000009e+00 1.802747020000000026e-04 1.760000000000000009e+00 5.268730269999999746e-07 1.760000000000000009e+00 1.061409410000000044e-04 1.760000000000000009e+00 1.182637209999999982e-13 1.760000000000000009e+00 6.618514309999999901e-01 1.760000000000000009e+00 6.717501890000000418e-04 1.760000000000000009e+00 3.506280710000000327e-05 1.760000000000000009e+00 4.333612110000000244e-04 1.760000000000000009e+00 9.460436820000000131e-15 1.760000000000000009e+00 7.390060830000000358e-01 1.760000000000000009e+00 3.690130729999999918e-04 1.760000000000000009e+00 6.864217820000000124e-06 1.760000000000000009e+00 2.042368520000000117e-04 1.760000000000000009e+00 1.622558490000000037e-14 1.760000000000000009e+00 8.031760180000000471e-01 1.760000000000000009e+00 1.731250900000000132e-04 1.760000000000000009e+00 1.446142409999999906e-06 1.760000000000000009e+00 9.065522970000000635e-05 1.760000000000000009e+00 3.188442860000000311e-14 1.760000000000000009e+00 8.030782069999999884e-01 1.760000000000000009e+00 8.219568840000000343e-05 1.760000000000000009e+00 3.322569270000000084e-07 1.760000000000000009e+00 4.238189340000000221e-05 1.760000000000000009e+00 6.287025829999999572e-14 1.760000000000000009e+00 7.966288780000000402e-01 1.760000000000000009e+00 3.966697019999999933e-05 1.760000000000000009e+00 8.062178690000000542e-08 1.760000000000000009e+00 2.034912519999999963e-05 1.760000000000000009e+00 1.244227789999999997e-13 1.760000000000000009e+00 7.933337919999999821e-01
1.770000000000000018e+00 1.422455410000000083e-03 1.770000000000000018e+00 7.568190259999999967e-05 1.770000000000000018e+00 1.190926799999999976e-03 1.770000000000000018e+00 7.027312259999999786e-15 1.770000000000000018e+00 6.213887359999999971e-01 1.770000000000000018e+00 1.059851440000000086e-03 1.770000000000000018e+00 1.889020279999999914e-05 1.770000000000000018e+00 7.286946680000000410e-04 1.770000000000000018e+00 1.474777270000000052e-14 1.770000000000000018e+00 7.192441649999999909e-01 1.770000000000000018e+00 6.511780349999999468e-04 1.770000000000000018e+00 4.985711060000000279e-06 1.770000000000000018e+00 4.146873920000000149e-04 1.770000000000000018e+00 2.905671360000000288e-14 1.770000000000000018e+00 6.942322290000000340e-01 1.770000000000000018e+00 3.565475289999999733e-04 1.770000000000000018e+00 1.699967179999999983e-06 1.770000000000000018e+00 2.162452879999999882e-04 1.770000000000000018e+00 5.874201830000000341e-14 1.770000000000000018e+00 6.740463749999999754e-01 1.770000000000000018e+00 1.816376510000000102e-04 1.770000000000000018e+00 5.377585440000000314e-07 1.770000000000000018e+00 1.079505070000000018e-04 1.770000000000000018e+00 1.182789890000000009e-13 1.770000000000000018e+00 6.618514309999999901e-01 1.770000000000000018e+00 6.747079640000000272e-04 1.770000000000000018e+00 3.562672050000000170e-05 1.770000000000000018e+00 4.400935349999999927e-04 1.770000000000000018e+00 9.461947519999999511e-15 1.770000000000000018e+00 7.390060830000000358e-01 1.770000000000000018e+00 3.715602710000000014e-04 1.770000000000000018e+00 7.016629449999999763e-06 1.770000000000000018e+00 2.079397339999999969e-04 1.770000000000000018e+00 1.622847360000000093e-14 1.770000000000000018e+00 8.031760180000000471e-01 1.770000000000000018e+00 1.745848470000000113e-04 1.770000000000000018e+00 1.480748340000000088e-06 1.770000000000000018e+00 9.239378359999999939e-05 1.770000000000000018e+00 3.188996319999999746e-14 1.770000000000000018e+00 8.030782069999999884e-01 1.770000000000000018e+00 8.293636260000000000e-05 1.770000000000000018e+00 3.402884809999999808e-07 1.770000000000000018e+00 4.320755490000000146e-05 1.770000000000000018e+00 6.288255179999999435e-14 1.770000000000000018e+00 7.966288780000000402e-01 1.770000000000000018e+00 4.003297950000000169e-05 1.770000000000000018e+00 8.258363409999999771e-08 1.770000000000000018e+00 2.074762539999999917e-05 1.770000000000000018e+00 1.244495930000000062e-13 1.770000000000000018e+00 7.933337919999999821e-01
1.780000000000000027e+00 1.424995070000000018e-03 1.780000000000000027e+00 7.630139049999999830e-05 1.780000000000000027e+00 1.205164089999999962e-03 1.780000000000000027e+00 7.028355269999999750e-15 1.780000000000000027e+00 6.213887359999999971e-01 1.780000000000000027e+00 1.063641269999999941e-03 1.780000000000000027e+00 1.920420689999999907e-05 1.780000000000000027e+00 7.393121810000000344e-04 1.780000000000000027e+00 1.475029880000000010e-14 1.780000000000000027e+00 7.192441649999999909e-01 1.780000000000000027e+00 6.546928970000000063e-04 1.780000000000000027e+00 5.086209879999999950e-06 1.780000000000000027e+00 4.212167740000000247e-04 1.780000000000000027e+00 2.906141389999999913e-14 1.780000000000000027e+00 6.942322290000000340e-01 1.780000000000000027e+00 3.589734220000000012e-04 1.780000000000000027e+00 1.736197489999999996e-06 1.780000000000000027e+00 2.198229029999999938e-04 1.780000000000000027e+00 5.875023559999999755e-14 1.780000000000000027e+00 6.740463749999999754e-01 1.780000000000000027e+00 1.829957559999999934e-04 1.780000000000000027e+00 5.488921299999999844e-07 1.780000000000000027e+00 1.097736779999999954e-04 1.780000000000000027e+00 1.182939159999999955e-13 1.780000000000000027e+00 6.618514309999999901e-01 1.780000000000000027e+00 6.776265590000000094e-04 1.780000000000000027e+00 3.619672190000000048e-05 1.780000000000000027e+00 4.468552399999999795e-04 1.780000000000000027e+00 9.463426349999999896e-15 1.780000000000000027e+00 7.390060830000000358e-01 1.780000000000000027e+00 3.740892259999999939e-04 1.780000000000000027e+00 7.171466979999999938e-06 1.780000000000000027e+00 2.116679959999999958e-04 1.780000000000000027e+00 1.623129990000000011e-14 1.780000000000000027e+00 8.031760180000000471e-01 1.780000000000000027e+00 1.760396260000000055e-04 1.780000000000000027e+00 1.515967450000000056e-06 1.780000000000000027e+00 9.414691010000000382e-05 1.780000000000000027e+00 3.189537620000000109e-14 1.780000000000000027e+00 8.030782069999999884e-01 1.780000000000000027e+00 8.367558490000000303e-05 1.780000000000000027e+00 3.484685119999999984e-07 1.780000000000000027e+00 4.404061580000000035e-05 1.780000000000000027e+00 6.289457730000000336e-14 1.780000000000000027e+00 7.966288780000000402e-01 1.780000000000000027e+00 4.039846979999999756e-05 1.780000000000000027e+00 8.458335289999999877e-08 1.780000000000000027e+00 2.114978299999999882e-05 1.780000000000000027e+00 1.244758259999999974e-13 1.780000000000000027e+00 7.933337919999999821e-01
1.790000000000000036e+00 1.427481960000000043e-03 1.790000000000000036e+00 7.692450709999999585e-05 1.790000000000000036e+00 1.219426520000000107e-03 1.790000000000000036e+00 7.029369710000000125e-15 1.790000000000000036e+00 6.213887359999999971e-01 1.790000000000000036e+00 1.067372600000000013e-03 1.790000000000000036e+00 1.952246930000000157e-05 1.790000000000000036e+00 7.499672990000000360e-04 1.790000000000000036e+00 1.475277139999999985e-14 1.790000000000000036e+00 7.192441649999999909e-01 1.790000000000000036e+00 6.581746009999999607e-04 1.790000000000000036e+00 5.188829010000000184e-06 1.790000000000000036e+00 4.277811390000000030e-04 1.790000000000000036e+00 2.906601669999999716e-14 1.790000000000000036e+00 6.942322290000000340e-01 1.790000000000000036e+00 3.613862229999999752e-04 1.790000000000000036e+00 1.773283269999999905e-06 1.790000000000000036e+00 2.234247120000000086e-04 1.790000000000000036e+00 5.875827569999999835e-14 1.790000000000000036e+00 6.740463749999999754e-01 1.790000000000000036e+00 1.843490079999999880e-04 1.790000000000000036e+00 5.602824639999999765e-07 1.790000000000000036e+00 1.116104060000000010e-04 1.790000000000000036e+00 1.183085109999999995e-13 1.790000000000000036e+00 6.618514309999999901e-01 1.790000000000000036e+00 6.805063410000000397e-04 1.790000000000000036e+00 3.677289230000000119e-05 1.790000000000000036e+00 4.536459360000000252e-04 1.790000000000000036e+00 9.464874059999999572e-15 1.790000000000000036e+00 7.390060830000000358e-01 1.790000000000000036e+00 3.766000350000000153e-04 1.790000000000000036e+00 7.328769269999999734e-06 1.790000000000000036e+00 2.154214579999999958e-04 1.790000000000000036e+00 1.623406520000000080e-14 1.790000000000000036e+00 8.031760180000000471e-01 1.790000000000000036e+00 1.774894409999999939e-04 1.790000000000000036e+00 1.551810699999999969e-06 1.790000000000000036e+00 9.591455950000000411e-05 1.790000000000000036e+00 3.190067029999999772e-14 1.790000000000000036e+00 8.030782069999999884e-01 1.790000000000000036e+00 8.441335959999999802e-05 1.790000000000000036e+00 3.567999140000000243e-07 1.790000000000000036e+00 4.488106170000000087e-05 1.790000000000000036e+00 6.290634140000000264e-14 1.790000000000000036e+00 7.966288780000000402e-01 1.790000000000000036e+00 4.076344330000000255e-05 1.790000000000000036e+00 8.662176079999999623e-08 1.790000000000000036e+00 2.155559300000000163e-05 1.790000000000000036e+00 1.245014939999999957e-13 1.790000000000000036e+00 7.933337919999999821e-01
1.800000000000000044e+00 1.429916980000000030e-03 1.800000000000000044e+00 7.755134239999999862e-05 1.800000000000000044e+00 1.233713559999999928e-03 1.800000000000000044e+00 7.030356569999999943e-15 1.800000000000000044e+00 6.213887359999999971e-01 1.800000000000000044e+00 1.071046169999999948e-03 1.800000000000000044e+00 1.984506959999999894e-05 1.800000000000000044e+00 7.606594399999999862e-04 1.800000000000000044e+00 1.475519209999999948e-14 1.800000000000000044e+00 7.192441649999999909e-01 1.800000000000000044e+00 6.616233340000000386e-04 1.800000000000000044e+00 5.293633260000000392e-06 1.800000000000000044e+00 4.343801560000000255e-04 1.800000000000000044e+00 2.907052500000000274e-14 1.800000000000000044e+00 6.942322290000000340e-01 1.800000000000000044e+00 3.637859359999999877e-04 1.800000000000000044e+00 1.811254690000000095e-06 1.800000000000000044e+00 2.270505839999999869e-04 1.800000000000000044e+00 5.876614300000000501e-14 1.800000000000000044e+00 6.740463749999999754e-01 1.800000000000000044e+00 1.856973980000000031e-04 1.800000000000000044e+00 5.719386389999999581e-07 1.800000000000000044e+00 1.134606419999999974e-04 1.800000000000000044e+00 1.183227830000000048e-13 1.800000000000000044e+00 6.618514309999999901e-01 1.800000000000000044e+00 6.833476689999999848e-04 1.800000000000000044e+00 3.735531459999999921e-05 1.800000000000000044e+00 4.604652379999999877e-04 1.800000000000000044e+00 9.466291389999999986e-15 1.800000000000000044e+00 7.390060830000000358e-01 1.800000000000000044e+00 3.790927900000000232e-04 1.800000000000000044e+00 7.488576220000000316e-06 1.800000000000000044e+00 2.191999369999999962e-04 1.800000000000000044e+00 1.623677109999999957e-14 1.800000000000000044e+00 8.031760180000000471e-01 1.800000000000000044e+00 1.789343050000000059e-04 1.800000000000000044e+00 1.588289350000000015e-06 1.800000000000000044e+00 9.769668239999999978e-05 1.800000000000000044e+00 3.190584860000000258e-14 1.800000000000000044e+00 8.030782069999999884e-01 1.800000000000000044e+00 8.514969119999999411e-05 1.800000000000000044e+00 3.652856699999999736e-07 1.800000000000000044e+00 4.572887819999999821e-05 1.800000000000000044e+00 6.291785039999999421e-14 1.800000000000000044e+00 7.966288780000000402e-01 1.800000000000000044e+00 4.112790219999999837e-05 1.800000000000000044e+00 8.869970309999999652e-08 1.800000000000000044e+00 2.196505020000000060e-05 1.800000000000000044e+00 1.245266110000000111e-13 1.800000000000000044e+00 7.933337919999999821e-01
1.810000000000000053e+00 1.432301009999999934e-03 1.810000000000000053e+00 7.818198709999999384e-05 1.810000000000000053e+00 1.248024689999999983e-03 1.810000000000000053e+00 7.031316789999999824e-15 1.810000000000000053e+00 6.213887359999999971e-01 1.810000000000000053e+00 1.074662749999999922e-03 1.810000000000000053e+00 2.017208959999999907e-05 1.810000000000000053e+00 7.713880320000000021e-04 1.810000000000000053e+00 1.475756229999999873e-14 1.810000000000000053e+00 7.192441649999999909e-01 1.810000000000000053e+00 6.650392769999999504e-04 1.810000000000000053e+00 5.400689999999999956e-06 1.810000000000000053e+00 4.410134969999999935e-04 1.810000000000000053e+00 2.907494120000000282e-14 1.810000000000000053e+00 6.942322290000000340e-01 1.810000000000000053e+00 3.661725640000000268e-04 1.810000000000000053e+00 1.850143370000000071e-06 1.810000000000000053e+00 2.307003879999999915e-04 1.810000000000000053e+00 5.877384230000000406e-14 1.810000000000000053e+00 6.740463749999999754e-01 1.810000000000000053e+00 1.870409140000000052e-04 1.810000000000000053e+00 5.838701869999999899e-07 1.810000000000000053e+00 1.153243370000000043e-04 1.810000000000000053e+00 1.183367400000000100e-13 1.810000000000000053e+00 6.618514309999999901e-01 1.810000000000000053e+00 6.861508949999999560e-04 1.810000000000000053e+00 3.794407370000000223e-05 1.810000000000000053e+00 4.673127629999999878e-04 1.810000000000000053e+00 9.467679019999999435e-15 1.810000000000000053e+00 7.390060830000000358e-01 1.810000000000000053e+00 3.815675819999999794e-04 1.810000000000000053e+00 7.650928840000000312e-06 1.810000000000000053e+00 2.230032540000000075e-04 1.810000000000000053e+00 1.623941909999999929e-14 1.810000000000000053e+00 8.031760180000000471e-01 1.810000000000000053e+00 1.803742320000000128e-04 1.810000000000000053e+00 1.625414970000000024e-06 1.810000000000000053e+00 9.949322919999999387e-05 1.810000000000000053e+00 3.191091379999999940e-14 1.810000000000000053e+00 8.030782069999999884e-01 1.810000000000000053e+00 8.588458389999999892e-05 1.810000000000000053e+00 3.739288549999999896e-07 1.810000000000000053e+00 4.658405080000000288e-05 1.810000000000000053e+00 6.292911049999999588e-14 1.810000000000000053e+00 7.966288780000000402e-01 1.810000000000000053e+00 4.149184860000000238e-05 1.810000000000000053e+00 9.081805449999999885e-08 1.810000000000000053e+00 2.237814939999999887e-05 1.810000000000000053e+00 1.245511889999999911e-13 1.810000000000000053e+00 7.933337919999999821e-01
1.820000000000000062e+00 1.434634929999999923e-03 1.820000000000000062e+00 7.881653260000000391e-05 1.820000000000000062e+00 1.262359410000000104e-03 1.820000000000000062e+00 7.032251290000000392e-15 1.820000000000000062e+00 6.213887359999999971e-01 1.820000000000000062e+00 1.078223060000000092e-03 1.820000000000000062e+00 2.050361280000000035e-05 1.820000000000000062e+00 7.821525079999999642e-04 1.820000000000000062e+00 1.475988340000000051e-14 1.820000000000000062e+00 7.192441649999999909e-01 1.820000000000000062e+00 6.684226079999999607e-04 1.820000000000000062e+00 5.510069319999999650e-06 1.820000000000000062e+00 4.476808329999999747e-04 1.820000000000000062e+00 2.907926800000000005e-14 1.820000000000000062e+00 6.942322290000000340e-01 1.820000000000000062e+00 3.685461089999999759e-04 1.820000000000000062e+00 1.889982420000000084e-06 1.820000000000000062e+00 2.343739920000000075e-04 1.820000000000000062e+00 5.878137780000000105e-14 1.820000000000000062e+00 6.740463749999999754e-01 1.820000000000000062e+00 1.883795479999999991e-04 1.820000000000000062e+00 5.960871060000000231e-07 1.820000000000000062e+00 1.172014440000000062e-04 1.820000000000000062e+00 1.183503889999999949e-13 1.820000000000000062e+00 6.618514309999999901e-01 1.820000000000000062e+00 6.889163629999999882e-04 1.820000000000000062e+00 3.853925609999999665e-05 1.820000000000000062e+00 4.741881299999999759e-04 1.820000000000000062e+00 9.469037649999999372e-15 1.820000000000000062e+00 7.390060830000000358e-01 1.820000000000000062e+00 3.840245010000000120e-04 1.820000000000000062e+00 7.815869259999999870e-06 1.820000000000000062e+00 2.268312289999999901e-04 1.820000000000000062e+00 1.624201039999999975e-14 1.820000000000000062e+00 8.031760180000000471e-01 1.820000000000000062e+00 1.818092339999999936e-04 1.820000000000000062e+00 1.663199499999999897e-06 1.820000000000000062e+00 1.013041509999999974e-04 1.820000000000000062e+00 3.191586850000000034e-14 1.820000000000000062e+00 8.030782069999999884e-01 1.820000000000000062e+00 8.661804210000000298e-05 1.820000000000000062e+00 3.827326460000000030e-07 1.820000000000000062e+00 4.744656510000000329e-05 1.820000000000000062e+00 6.294012759999999712e-14 1.820000000000000062e+00 7.966288780000000402e-01 1.820000000000000062e+00 4.185528449999999982e-05 1.820000000000000062e+00 9.297772000000000388e-08 1.820000000000000062e+00 2.279488550000000126e-05 1.820000000000000062e+00 1.245752419999999961e-13 1.820000000000000062e+00 7.933337919999999821e-01
1.830000000000000071e+00 1.436919590000000071e-03 1.830000000000000071e+00 7.945507120000000153e-05 1.830000000000000071e+00 1.276717230000000078e-03 1.830000000000000071e+00 7.033160929999999913e-15 1.830000000000000071e+00 6.213887359999999971e-01 1.830000000000000071e+00 1.081727819999999968e-03 1.830000000000000071e+00 2.083972500000000146e-05 1.830000000000000071e+00 7.929523080000000501e-04 1.830000000000000071e+00 1.476215690000000139e-14 1.830000000000000071e+00 7.192441649999999909e-01 1.830000000000000071e+00 6.717735030000000166e-04 1.830000000000000071e+00 5.621844079999999925e-06 1.830000000000000071e+00 4.543818410000000129e-04 1.830000000000000071e+00 2.908350800000000030e-14 1.830000000000000071e+00 6.942322290000000340e-01 1.830000000000000071e+00 3.709065719999999938e-04 1.830000000000000071e+00 1.930806539999999800e-06 1.830000000000000071e+00 2.380712660000000125e-04 1.830000000000000071e+00 5.878875389999999517e-14 1.830000000000000071e+00 6.740463749999999754e-01 1.830000000000000071e+00 1.897132870000000097e-04 1.830000000000000071e+00 6.085998880000000009e-07 1.830000000000000071e+00 1.190919120000000035e-04 1.830000000000000071e+00 1.183637390000000021e-13 1.830000000000000071e+00 6.618514309999999901e-01 1.830000000000000071e+00 6.916444110000000318e-04 1.830000000000000071e+00 3.914095060000000306e-05 1.830000000000000071e+00 4.810909649999999828e-04 1.830000000000000071e+00 9.470367929999999681e-15 1.830000000000000071e+00 7.390060830000000358e-01 1.830000000000000071e+00 3.864636339999999903e-04 1.830000000000000071e+00 7.983440750000000310e-06 1.830000000000000071e+00 2.306836840000000047e-04 1.830000000000000071e+00 1.624454650000000069e-14 1.830000000000000071e+00 8.031760180000000471e-01 1.830000000000000071e+00 1.832393220000000128e-04 1.830000000000000071e+00 1.701655229999999961e-06 1.830000000000000071e+00 1.031293969999999940e-04 1.830000000000000071e+00 3.192071529999999862e-14 1.830000000000000071e+00 8.030782069999999884e-01 1.830000000000000071e+00 8.735006959999999383e-05 1.830000000000000071e+00 3.917003189999999861e-07 1.830000000000000071e+00 4.831640679999999968e-05 1.830000000000000071e+00 6.295090720000000010e-14 1.830000000000000071e+00 7.966288780000000402e-01 1.830000000000000071e+00 4.221821200000000127e-05 1.830000000000000071e+00 9.517963650000000088e-08 1.830000000000000071e+00 2.321525339999999898e-05 1.830000000000000071e+00 1.245987819999999989e-13 1.830000000000000071e+00 7.933337919999999821e-01
1.840000000000000080e+00 1.439155790000000001e-03 1.840000000000000080e+00 8.009769610000000461e-05 1.840000000000000080e+00 1.291097639999999993e-03 1.840000000000000080e+00 7.034046559999999813e-15 1.840000000000000080e+00 6.213887359999999971e-01 1.840000000000000080e+00 1.085177739999999965e-03 1.840000000000000080e+00 2.118051390000000162e-05 1.840000000000000080e+00 8.037868809999999678e-04 1.840000000000000080e+00 1.476438400000000116e-14 1.840000000000000080e+00 7.192441649999999909e-01 1.840000000000000080e+00 6.750921309999999851e-04 1.840000000000000080e+00 5.736090150000000075e-06 1.840000000000000080e+00 4.611161959999999973e-04 1.840000000000000080e+00 2.908766360000000311e-14 1.840000000000000080e+00 6.942322290000000340e-01 1.840000000000000080e+00 3.732539499999999841e-04 1.840000000000000080e+00 1.972652159999999867e-06 1.840000000000000080e+00 2.417920800000000108e-04 1.840000000000000080e+00 5.879597469999999518e-14 1.840000000000000080e+00 6.740463749999999754e-01 1.840000000000000080e+00 1.910421209999999957e-04 1.840000000000000080e+00 6.214195479999999637e-07 1.840000000000000080e+00 1.209956929999999985e-04 1.840000000000000080e+00 1.183767959999999927e-13 1.840000000000000080e+00 6.618514309999999901e-01 1.840000000000000080e+00 6.943353679999999650e-04 1.840000000000000080e+00 3.974924790000000191e-05 1.840000000000000080e+00 4.880208949999999810e-04 1.840000000000000080e+00 9.471670520000000241e-15 1.840000000000000080e+00 7.390060830000000358e-01 1.840000000000000080e+00 3.888850650000000124e-04 1.840000000000000080e+00 8.153687810000000000e-06 1.840000000000000080e+00 2.345604429999999956e-04 1.840000000000000080e+00 1.624702869999999871e-14 1.840000000000000080e+00 8.031760180000000471e-01 1.840000000000000080e+00 1.846645099999999875e-04 1.840000000000000080e+00 1.740794790000000077e-06 1.840000000000000080e+00 1.049689209999999946e-04 1.840000000000000080e+00 3.192545669999999694e-14 1.840000000000000080e+00 8.030782069999999884e-01 1.840000000000000080e+00 8.808067060000000618e-05 1.840000000000000080e+00 4.008352559999999780e-07 1.840000000000000080e+00 4.919356169999999727e-05 1.840000000000000080e+00 6.296145500000000064e-14 1.840000000000000080e+00 7.966288780000000402e-01 1.840000000000000080e+00 4.258063319999999698e-05 1.840000000000000080e+00 9.742477429999999973e-08 1.840000000000000080e+00 2.363924800000000024e-05 1.840000000000000080e+00 1.246218200000000036e-13 1.840000000000000080e+00 7.933337919999999821e-01
1.850000000000000089e+00 1.441344360000000081e-03 1.850000000000000089e+00 8.074450109999999341e-05 1.850000000000000089e+00 1.305500179999999951e-03 1.850000000000000089e+00 7.034908999999999944e-15 1.850000000000000089e+00 6.213887359999999971e-01 1.850000000000000089e+00 1.088573499999999968e-03 1.850000000000000089e+00 2.152606970000000024e-05 1.850000000000000089e+00 8.146556820000000520e-04 1.850000000000000089e+00 1.476656609999999957e-14 1.850000000000000089e+00 7.192441649999999909e-01 1.850000000000000089e+00 6.783786559999999697e-04 1.850000000000000089e+00 5.852886469999999736e-06 1.850000000000000089e+00 4.678835760000000219e-04 1.850000000000000089e+00 2.909173720000000176e-14 1.850000000000000089e+00 6.942322290000000340e-01 1.850000000000000089e+00 3.755882410000000089e-04 1.850000000000000089e+00 2.015557460000000081e-06 1.850000000000000089e+00 2.455363010000000189e-04 1.850000000000000089e+00 5.880304439999999398e-14 1.850000000000000089e+00 6.740463749999999754e-01 1.850000000000000089e+00 1.923660380000000050e-04 1.850000000000000089e+00 6.345576579999999606e-07 1.850000000000000089e+00 1.229127380000000105e-04 1.850000000000000089e+00 1.183895690000000091e-13 1.850000000000000089e+00 6.618514309999999901e-01 1.850000000000000089e+00 6.969895570000000148e-04 1.850000000000000089e+00 4.036424100000000106e-05 1.850000000000000089e+00 4.949775500000000395e-04 1.850000000000000089e+00 9.472946039999999365e-15 1.850000000000000089e+00 7.390060830000000358e-01 1.850000000000000089e+00 3.912888760000000216e-04 1.850000000000000089e+00 8.326656190000000787e-06 1.850000000000000089e+00 2.384613270000000005e-04 1.850000000000000089e+00 1.624945809999999992e-14 1.850000000000000089e+00 8.031760180000000471e-01 1.850000000000000089e+00 1.860848090000000090e-04 1.850000000000000089e+00 1.780631229999999939e-06 1.850000000000000089e+00 1.068226710000000037e-04 1.850000000000000089e+00 3.193009499999999805e-14 1.850000000000000089e+00 8.030782069999999884e-01 1.850000000000000089e+00 8.880984879999999544e-05 1.850000000000000089e+00 4.101409510000000006e-07 1.850000000000000089e+00 5.007801550000000307e-05 1.850000000000000089e+00 6.297177600000000414e-14 1.850000000000000089e+00 7.966288780000000402e-01 1.850000000000000089e+00 4.294255019999999753e-05 1.850000000000000089e+00 9.971413870000000490e-08 1.850000000000000089e+00 2.406686439999999953e-05 1.850000000000000089e+00 1.246443699999999953e-13 1.850000000000000089e+00 7.933337919999999821e-01
1.860000000000000098e+00 1.443486070000000055e-03 1.860000000000000098e+00 8.139558119999999492e-05 1.860000000000000098e+00 1.319924369999999920e-03 1.860000000000000098e+00 7.035749040000000164e-15 1.860000000000000098e+00 6.213887359999999971e-01 1.860000000000000098e+00 1.091915790000000039e-03 1.860000000000000098e+00 2.187648450000000063e-05 1.860000000000000098e+00 8.255581729999999585e-04 1.860000000000000098e+00 1.476870429999999957e-14 1.860000000000000098e+00 7.192441649999999909e-01 1.860000000000000098e+00 6.816332399999999736e-04 1.860000000000000098e+00 5.972315239999999779e-06 1.860000000000000098e+00 4.746836620000000062e-04 1.860000000000000098e+00 2.909573120000000212e-14 1.860000000000000098e+00 6.942322290000000340e-01 1.860000000000000098e+00 3.779094409999999757e-04 1.860000000000000098e+00 2.059562570000000112e-06 1.860000000000000098e+00 2.493038009999999790e-04 1.860000000000000098e+00 5.880996700000000349e-14 1.860000000000000098e+00 6.740463749999999754e-01 1.860000000000000098e+00 1.936850270000000003e-04 1.860000000000000098e+00 6.480263849999999758e-07 1.860000000000000098e+00 1.248429970000000091e-04 1.860000000000000098e+00 1.184020640000000125e-13 1.860000000000000098e+00 6.618514309999999901e-01 1.860000000000000098e+00 6.996072930000000068e-04 1.860000000000000098e+00 4.098602469999999712e-05 1.860000000000000098e+00 5.019605649999999905e-04 1.860000000000000098e+00 9.474195090000000099e-15 1.860000000000000098e+00 7.390060830000000358e-01 1.860000000000000098e+00 3.936751480000000194e-04 1.860000000000000098e+00 8.502392899999999346e-06 1.860000000000000098e+00 2.423861620000000098e-04 1.860000000000000098e+00 1.625183610000000093e-14 1.860000000000000098e+00 8.031760180000000471e-01 1.860000000000000098e+00 1.875002279999999873e-04 1.860000000000000098e+00 1.821177979999999984e-06 1.860000000000000098e+00 1.086906010000000019e-04 1.860000000000000098e+00 3.193463260000000151e-14 1.860000000000000098e+00 8.030782069999999884e-01 1.860000000000000098e+00 8.953760800000000334e-05 1.860000000000000098e+00 4.196210150000000239e-07 1.860000000000000098e+00 5.096975400000000199e-05 1.860000000000000098e+00 6.298187549999999389e-14 1.860000000000000098e+00 7.966288780000000402e-01 1.860000000000000098e+00 4.330396470000000020e-05 1.860000000000000098e+00 1.020487719999999963e-07 1.860000000000000098e+00 2.449809729999999838e-05 1.860000000000000098e+00 1.246664409999999912e-13 1.860000000000000098e+00 7.933337919999999821e-01
1.870000000000000107e+00 1.445581690000000098e-03 1.870000000000000107e+00 8.205103210000000348e-05 1.870000000000000107e+00 1.334369750000000002e-03 1.870000000000000107e+00 7.036567420000000339e-15 1.870000000000000107e+00 6.213887359999999971e-01 1.870000000000000107e+00 1.095205250000000005e-03 1.870000000000000107e+00 2.223185280000000127e-05 1.870000000000000107e+00 8.364938219999999702e-04 1.870000000000000107e+00 1.477080000000000091e-14 1.870000000000000107e+00 7.192441649999999909e-01 1.870000000000000107e+00 6.848560400000000201e-04 1.870000000000000107e+00 6.094462090000000176e-06 1.870000000000000107e+00 4.815161349999999780e-04 1.870000000000000107e+00 2.909964790000000061e-14 1.870000000000000107e+00 6.942322290000000340e-01 1.870000000000000107e+00 3.802175409999999749e-04 1.870000000000000107e+00 2.104709620000000109e-06 1.870000000000000107e+00 2.530944469999999889e-04 1.870000000000000107e+00 5.881674640000000092e-14 1.870000000000000107e+00 6.740463749999999754e-01 1.870000000000000107e+00 1.949990750000000063e-04 1.870000000000000107e+00 6.618385220000000409e-07 1.870000000000000107e+00 1.267864220000000099e-04 1.870000000000000107e+00 1.184142890000000013e-13 1.870000000000000107e+00 6.618514309999999901e-01 1.870000000000000107e+00 7.021888860000000034e-04 1.870000000000000107e+00 4.161469629999999702e-05 1.870000000000000107e+00 5.089695750000000456e-04 1.870000000000000107e+00 9.475418280000000755e-15 1.870000000000000107e+00 7.390060830000000358e-01 1.870000000000000107e+00 3.960439590000000196e-04 1.870000000000000107e+00 8.680946340000000145e-06 1.870000000000000107e+00 2.463347720000000221e-04 1.870000000000000107e+00 1.625416380000000152e-14 1.870000000000000107e+00 8.031760180000000471e-01 1.870000000000000107e+00 1.889107779999999869e-04 1.870000000000000107e+00 1.862448890000000054e-06 1.870000000000000107e+00 1.105726600000000033e-04 1.870000000000000107e+00 3.193907179999999744e-14 1.870000000000000107e+00 8.030782069999999884e-01 1.870000000000000107e+00 9.026395170000000234e-05 1.870000000000000107e+00 4.292791789999999764e-07 1.870000000000000107e+00 5.186876290000000102e-05 1.870000000000000107e+00 6.299175829999999424e-14 1.870000000000000107e+00 7.966288780000000402e-01 1.870000000000000107e+00 4.366487890000000027e-05 1.870000000000000107e+00 1.044297529999999935e-07 1.870000000000000107e+00 2.493294200000000134e-05 1.870000000000000107e+00 1.246880439999999955e-13 1.870000000000000107e+00 7.933337919999999821e-01
1.879999999999999893e+00 1.447631970000000032e-03 1.879999999999999893e+00 8.271095070000000597e-05 1.879999999999999893e+00 1.348835860000000084e-03 1.879999999999999893e+00 7.037364880000000336e-15 1.879999999999999893e+00 6.213887359999999971e-01 1.879999999999999893e+00 1.098442540000000049e-03 1.879999999999999893e+00 2.259227160000000083e-05 1.879999999999999893e+00 8.474621040000000164e-04 1.879999999999999893e+00 1.477285430000000024e-14 1.879999999999999893e+00 7.192441649999999909e-01 1.879999999999999893e+00 6.880472049999999474e-04 1.879999999999999893e+00 6.219416239999999736e-06 1.879999999999999893e+00 4.883806779999999570e-04 1.879999999999999893e+00 2.910348949999999685e-14 1.879999999999999893e+00 6.942322290000000340e-01 1.879999999999999893e+00 3.825125349999999760e-04 1.879999999999999893e+00 2.151042879999999935e-06 1.879999999999999893e+00 2.569081079999999758e-04 1.879999999999999893e+00 5.882338640000000452e-14 1.879999999999999893e+00 6.740463749999999754e-01 1.879999999999999893e+00 1.963081689999999937e-04 1.879999999999999893e+00 6.760075359999999852e-07 1.879999999999999893e+00 1.287429619999999999e-04 1.879999999999999893e+00 1.184262510000000060e-13 1.879999999999999893e+00 6.618514309999999901e-01 1.879999999999999893e+00 7.047346369999999945e-04 1.879999999999999893e+00 4.225035540000000124e-05 1.879999999999999893e+00 5.160042230000000049e-04 1.879999999999999893e+00 9.476616189999999652e-15 1.879999999999999893e+00 7.390060830000000358e-01 1.879999999999999893e+00 3.983953829999999975e-04 1.879999999999999893e+00 8.862366270000000731e-06 1.879999999999999893e+00 2.503069829999999738e-04 1.879999999999999893e+00 1.625644240000000148e-14 1.879999999999999893e+00 8.031760180000000471e-01 1.879999999999999893e+00 1.903164689999999948e-04 1.879999999999999893e+00 1.904458250000000105e-06 1.879999999999999893e+00 1.124687999999999963e-04 1.879999999999999893e+00 3.194341470000000125e-14 1.879999999999999893e+00 8.030782069999999884e-01 1.879999999999999893e+00 9.098888349999999703e-05 1.879999999999999893e+00 4.391192999999999794e-07 1.879999999999999893e+00 5.277502830000000013e-05 1.879999999999999893e+00 6.300142920000000435e-14 1.879999999999999893e+00 7.966288780000000402e-01 1.879999999999999893e+00 4.402529469999999826e-05 1.879999999999999893e+00 1.068582040000000019e-07 1.879999999999999893e+00 2.537139330000000141e-05 1.879999999999999893e+00 1.247091899999999875e-13 1.879999999999999893e+00 7.933337919999999821e-01
1.889999999999999902e+00 1.449637630000000016e-03 1.889999999999999902e+00 8.337543470000000230e-05 1.889999999999999902e+00 1.363322240000000053e-03 1.889999999999999902e+00 7.038142130000000027e-15 1.889999999999999902e+00 6.213887359999999971e-01 1.889999999999999902e+00 1.101628290000000038e-03 1.889999999999999902e+00 2.295784029999999989e-05 1.889999999999999902e+00 8.584625009999999985e-04 1.889999999999999902e+00 1.477486850000000048e-14 1.889999999999999902e+00 7.192441649999999909e-01 1.889999999999999902e+00 6.912068840000000275e-04 1.889999999999999902e+00 6.347270660000000070e-06 1.889999999999999902e+00 4.952769740000000174e-04 1.889999999999999902e+00 2.910725829999999989e-14 1.889999999999999902e+00 6.942322290000000340e-01 1.889999999999999902e+00 3.847944109999999729e-04 1.889999999999999902e+00 2.198608939999999826e-06 1.889999999999999902e+00 2.607446540000000253e-04 1.889999999999999902e+00 5.882989079999999466e-14 1.889999999999999902e+00 6.740463749999999754e-01 1.889999999999999902e+00 1.976122949999999914e-04 1.889999999999999902e+00 6.905476080000000046e-07 1.889999999999999902e+00 1.307125690000000080e-04 1.889999999999999902e+00 1.184379549999999940e-13 1.889999999999999902e+00 6.618514309999999901e-01 1.889999999999999902e+00 7.072448399999999979e-04 1.889999999999999902e+00 4.289310389999999697e-05 1.889999999999999902e+00 5.230641500000000020e-04 1.889999999999999902e+00 9.477789369999999846e-15 1.889999999999999902e+00 7.390060830000000358e-01 1.889999999999999902e+00 4.007294939999999825e-04 1.889999999999999902e+00 9.046703900000000308e-06 1.889999999999999902e+00 2.543026219999999869e-04 1.889999999999999902e+00 1.625867290000000064e-14 1.889999999999999902e+00 8.031760180000000471e-01 1.889999999999999902e+00 1.917173100000000023e-04 1.889999999999999902e+00 1.947220780000000171e-06 1.889999999999999902e+00 1.143789729999999965e-04 1.889999999999999902e+00 3.194766340000000308e-14 1.889999999999999902e+00 8.030782069999999884e-01 1.889999999999999902e+00 9.171240659999999902e-05 1.889999999999999902e+00 4.491453690000000046e-07 1.889999999999999902e+00 5.368853589999999956e-05 1.889999999999999902e+00 6.301089290000000128e-14 1.889999999999999902e+00 7.966288780000000402e-01 1.889999999999999902e+00 4.438521379999999823e-05 1.889999999999999902e+00 1.093352870000000015e-07 1.889999999999999902e+00 2.581344620000000162e-05 1.889999999999999902e+00 1.247298880000000097e-13 1.889999999999999902e+00 7.933337919999999821e-01
1.899999999999999911e+00 1.451599389999999991e-03 1.899999999999999911e+00 8.404458319999999494e-05 1.899999999999999911e+00 1.377828459999999892e-03 1.899999999999999911e+00 7.038899860000000077e-15 1.899999999999999911e+00 6.213887359999999971e-01 1.899999999999999911e+00 1.104763109999999920e-03 1.899999999999999911e+00 2.332866059999999932e-05 1.899999999999999911e+00 8.694945000000000148e-04 1.899999999999999911e+00 1.477684360000000144e-14 1.899999999999999911e+00 7.192441649999999909e-01 1.899999999999999911e+00 6.943352180000000222e-04 1.899999999999999911e+00 6.478122309999999686e-06 1.899999999999999911e+00 5.022047109999999964e-04 1.899999999999999911e+00 2.911095650000000301e-14 1.899999999999999911e+00 6.942322290000000340e-01 1.899999999999999911e+00 3.870631570000000136e-04 1.899999999999999911e+00 2.247456780000000002e-06 1.899999999999999911e+00 2.646039520000000186e-04 1.899999999999999911e+00 5.883626330000000540e-14 1.899999999999999911e+00 6.740463749999999754e-01 1.899999999999999911e+00 1.989114399999999971e-04 1.899999999999999911e+00 7.054736819999999926e-07 1.899999999999999911e+00 1.326951919999999944e-04 1.899999999999999911e+00 1.184494100000000079e-13 1.899999999999999911e+00 6.618514309999999901e-01 1.899999999999999911e+00 7.097197829999999470e-04 1.899999999999999911e+00 4.354304630000000034e-05 1.899999999999999911e+00 5.301490020000000419e-04 1.899999999999999911e+00 9.478938399999999655e-15 1.899999999999999911e+00 7.390060830000000358e-01 1.899999999999999911e+00 4.030463620000000204e-04 1.899999999999999911e+00 9.234011960000000207e-06 1.899999999999999911e+00 2.583215149999999976e-04 1.899999999999999911e+00 1.626085639999999880e-14 1.899999999999999911e+00 8.031760180000000471e-01 1.899999999999999911e+00 1.931133100000000005e-04 1.899999999999999911e+00 1.990751689999999945e-06 1.899999999999999911e+00 1.163031299999999965e-04 1.899999999999999911e+00 3.195181990000000258e-14 1.899999999999999911e+00 8.030782069999999884e-01 1.899999999999999911e+00 9.243452429999999783e-05 1.899999999999999911e+00 4.593615159999999988e-07 1.899999999999999911e+00 5.460927170000000103e-05 1.899999999999999911e+00 6.302015370000000003e-14 1.899999999999999911e+00 7.966288780000000402e-01 1.899999999999999911e+00 4.474463810000000073e-05 1.899999999999999911e+00 1.118622090000000031e-07 1.899999999999999911e+00 2.625909590000000151e-05 1.899999999999999911e+00 1.247501489999999907e-13 1.899999999999999911e+00 7.933337919999999821e-01
1.909999999999999920e+00 1.453517940000000020e-03 1.909999999999999920e+00 8.471849599999999438e-05 1.909999999999999920e+00 1.392354090000000018e-03 1.909999999999999920e+00 7.039638730000000368e-15 1.909999999999999920e+00 6.213887359999999971e-01 1.909999999999999920e+00 1.107847620000000036e-03 1.909999999999999920e+00 2.370483700000000169e-05 1.909999999999999920e+00 8.805575960000000231e-04 1.909999999999999920e+00 1.477878089999999975e-14 1.909999999999999920e+00 7.192441649999999909e-01 1.909999999999999920e+00 6.974323430000000388e-04 1.909999999999999920e+00 6.612072320000000151e-06 1.909999999999999920e+00 5.091635749999999560e-04 1.909999999999999920e+00 2.911458609999999956e-14 1.909999999999999920e+00 6.942322290000000340e-01 1.909999999999999920e+00 3.893187579999999952e-04 1.909999999999999920e+00 2.297637990000000199e-06 1.909999999999999920e+00 2.684858729999999830e-04 1.909999999999999920e+00 5.884250749999999821e-14 1.909999999999999920e+00 6.740463749999999754e-01 1.909999999999999920e+00 2.002055889999999894e-04 1.909999999999999920e+00 7.208015150000000386e-07 1.909999999999999920e+00 1.346907809999999960e-04 1.909999999999999920e+00 1.184606220000000088e-13 1.909999999999999920e+00 6.618514309999999901e-01 1.909999999999999920e+00 7.121597460000000240e-04 1.909999999999999920e+00 4.420028930000000241e-05 1.909999999999999920e+00 5.372584290000000052e-04 1.909999999999999920e+00 9.480063790000000564e-15 1.909999999999999920e+00 7.390060830000000358e-01 1.909999999999999920e+00 4.053460559999999980e-04 1.909999999999999920e+00 9.424344720000000144e-06 1.909999999999999920e+00 2.623634919999999807e-04 1.909999999999999920e+00 1.626299409999999889e-14 1.909999999999999920e+00 8.031760180000000471e-01 1.909999999999999920e+00 1.945044759999999884e-04 1.909999999999999920e+00 2.035066689999999876e-06 1.909999999999999920e+00 1.182412229999999984e-04 1.909999999999999920e+00 3.195588639999999935e-14 1.909999999999999920e+00 8.030782069999999884e-01 1.909999999999999920e+00 9.315523950000000357e-05 1.909999999999999920e+00 4.697720130000000003e-07 1.909999999999999920e+00 5.553722169999999948e-05 1.909999999999999920e+00 6.302921609999999663e-14 1.909999999999999920e+00 7.966288780000000402e-01 1.909999999999999920e+00 4.510356940000000126e-05 1.909999999999999920e+00 1.144402229999999993e-07 1.909999999999999920e+00 2.670833729999999909e-05 1.909999999999999920e+00 1.247699819999999982e-13 1.909999999999999920e+00 7.933337919999999821e-01
1.919999999999999929e+00 1.455393959999999988e-03 1.919999999999999929e+00 8.539727430000000011e-05 1.919999999999999929e+00 1.406898680000000061e-03 1.919999999999999929e+00 7.040359389999999992e-15 1.919999999999999929e+00 6.213887359999999971e-01 1.919999999999999929e+00 1.110882400000000022e-03 1.919999999999999929e+00 2.408647680000000109e-05 1.919999999999999929e+00 8.916512869999999695e-04 1.919999999999999929e+00 1.478068130000000154e-14 1.919999999999999929e+00 7.192441649999999909e-01 1.919999999999999929e+00 7.004983909999999833e-04 1.919999999999999929e+00 6.749226190000000036e-06 1.919999999999999929e+00 5.161532539999999503e-04 1.919999999999999929e+00 2.911814930000000175e-14 1.919999999999999929e+00 6.942322290000000340e-01 1.919999999999999929e+00 3.915611949999999938e-04 1.919999999999999929e+00 2.349206899999999929e-06 1.919999999999999929e+00 2.723902840000000164e-04 1.919999999999999929e+00 5.884862709999999452e-14 1.919999999999999929e+00 6.740463749999999754e-01 1.919999999999999929e+00 2.014947270000000011e-04 1.919999999999999929e+00 7.365477319999999928e-07 1.919999999999999929e+00 1.366992869999999918e-04 1.919999999999999929e+00 1.184715959999999894e-13 1.919999999999999929e+00 6.618514309999999901e-01 1.919999999999999929e+00 7.145650039999999975e-04 1.919999999999999929e+00 4.486494249999999756e-05 1.919999999999999929e+00 5.443920809999999895e-04 1.919999999999999929e+00 9.481166089999999320e-15 1.919999999999999929e+00 7.390060830000000358e-01 1.919999999999999929e+00 4.076286419999999768e-04 1.919999999999999929e+00 9.617758080000000034e-06 1.919999999999999929e+00 2.664283789999999808e-04 1.919999999999999929e+00 1.626508690000000075e-14 1.919999999999999929e+00 8.031760180000000471e-01 1.919999999999999929e+00 1.958908159999999885e-04 1.919999999999999929e+00 2.080181990000000108e-06 1.919999999999999929e+00 1.201932029999999946e-04 1.919999999999999929e+00 3.195986460000000255e-14 1.919999999999999929e+00 8.030782069999999884e-01 1.919999999999999929e+00 9.387455520000000423e-05 1.919999999999999929e+00 4.803812889999999816e-07 1.919999999999999929e+00 5.647237189999999667e-05 1.919999999999999929e+00 6.303808419999999982e-14 1.919999999999999929e+00 7.966288780000000402e-01 1.919999999999999929e+00 4.546200950000000212e-05 1.919999999999999929e+00 1.170706329999999954e-07 1.919999999999999929e+00 2.716116560000000066e-05 1.919999999999999929e+00 1.247893959999999991e-13 1.919999999999999929e+00 7.933337919999999821e-01
1.929999999999999938e+00 1.457228110000000076e-03 1.929999999999999938e+00 8.608102039999999911e-05 1.929999999999999938e+00 1.421461819999999925e-03 1.929999999999999938e+00 7.041062449999999630e-15 1.929999999999999938e+00 6.213887359999999971e-01 1.929999999999999938e+00 1.113868039999999903e-03 1.929999999999999938e+00 2.447368970000000032e-05 1.929999999999999938e+00 9.027750799999999807e-04 1.929999999999999938e+00 1.478254610000000028e-14 1.929999999999999938e+00 7.192441649999999909e-01 1.929999999999999938e+00 7.035334880000000029e-04 1.929999999999999938e+00 6.889694049999999671e-06 1.929999999999999938e+00 5.231734390000000214e-04 1.929999999999999938e+00 2.912164830000000287e-14 1.929999999999999938e+00 6.942322290000000340e-01 1.929999999999999938e+00 3.937904479999999809e-04 1.929999999999999938e+00 2.402220800000000123e-06 1.929999999999999938e+00 2.763170529999999956e-04 1.929999999999999938e+00 5.885462540000000321e-14 1.929999999999999938e+00 6.740463749999999754e-01 1.929999999999999938e+00 2.027788359999999957e-04 1.929999999999999938e+00 7.527298890000000120e-07 1.929999999999999938e+00 1.387206589999999959e-04 1.929999999999999938e+00 1.184823390000000053e-13 1.929999999999999938e+00 6.618514309999999901e-01 1.929999999999999938e+00 7.169358220000000012e-04 1.929999999999999938e+00 4.553711820000000057e-05 1.929999999999999938e+00 5.515496139999999598e-04 1.929999999999999938e+00 9.482245820000000561e-15 1.929999999999999938e+00 7.390060830000000358e-01 1.929999999999999938e+00 4.098941819999999802e-04 1.929999999999999938e+00 9.814309620000000799e-06 1.929999999999999938e+00 2.705160080000000187e-04 1.929999999999999938e+00 1.626713570000000107e-14 1.929999999999999938e+00 8.031760180000000471e-01 1.929999999999999938e+00 1.972723369999999996e-04 1.929999999999999938e+00 2.126114320000000131e-06 1.929999999999999938e+00 1.221590230000000102e-04 1.929999999999999938e+00 3.196375649999999920e-14 1.929999999999999938e+00 8.030782069999999884e-01 1.929999999999999938e+00 9.459247409999999988e-05 1.929999999999999938e+00 4.911939279999999482e-07 1.929999999999999938e+00 5.741470820000000284e-05 1.929999999999999938e+00 6.304676210000000570e-14 1.929999999999999938e+00 7.966288780000000402e-01 1.929999999999999938e+00 4.581996010000000059e-05 1.929999999999999938e+00 1.197547919999999893e-07 1.929999999999999938e+00 2.761757590000000074e-05 1.929999999999999938e+00 1.248083989999999919e-13 1.929999999999999938e+00 7.933337919999999821e-01
1.939999999999999947e+00 1.459021040000000073e-03 1.939999999999999947e+00 8.676983790000000296e-05 1.939999999999999947e+00 1.436043099999999946e-03 1.939999999999999947e+00 7.041748519999999960e-15 1.939999999999999947e+00 6.213887359999999971e-01 1.939999999999999947e+00 1.116805100000000045e-03 1.939999999999999947e+00 2.486658840000000034e-05 1.939999999999999947e+00 9.139284859999999506e-04 1.939999999999999947e+00 1.478437619999999895e-14 1.939999999999999947e+00 7.192441649999999909e-01 1.939999999999999947e+00 7.065377560000000437e-04 1.939999999999999947e+00 7.033590870000000005e-06 1.939999999999999947e+00 5.302238209999999945e-04 1.939999999999999947e+00 2.912508499999999943e-14 1.939999999999999947e+00 6.942322290000000340e-01 1.939999999999999947e+00 3.960064949999999901e-04 1.939999999999999947e+00 2.456740090000000076e-06 1.939999999999999947e+00 2.802660490000000106e-04 1.939999999999999947e+00 5.886050609999999520e-14 1.939999999999999947e+00 6.740463749999999754e-01 1.939999999999999947e+00 2.040579010000000062e-04 1.939999999999999947e+00 7.693665340000000398e-07 1.939999999999999947e+00 1.407548469999999913e-04 1.939999999999999947e+00 1.184928590000000045e-13 1.939999999999999947e+00 6.618514309999999901e-01 1.939999999999999947e+00 7.192724619999999640e-04 1.939999999999999947e+00 4.621693130000000091e-05 1.939999999999999947e+00 5.587306839999999896e-04 1.939999999999999947e+00 9.483303469999999467e-15 1.939999999999999947e+00 7.390060830000000358e-01 1.939999999999999947e+00 4.121427369999999812e-04 1.939999999999999947e+00 1.001405869999999923e-05 1.939999999999999947e+00 2.746262060000000268e-04 1.939999999999999947e+00 1.626914169999999963e-14 1.939999999999999947e+00 8.031760180000000471e-01 1.939999999999999947e+00 1.986490449999999981e-04 1.939999999999999947e+00 2.172881009999999917e-06 1.939999999999999947e+00 1.241386339999999973e-04 1.939999999999999947e+00 3.196756399999999842e-14 1.939999999999999947e+00 8.030782069999999884e-01 1.939999999999999947e+00 9.530899869999999408e-05 1.939999999999999947e+00 5.022146840000000457e-07 1.939999999999999947e+00 5.836421669999999765e-05 1.939999999999999947e+00 6.305525380000000092e-14 1.939999999999999947e+00 7.966288780000000402e-01 1.939999999999999947e+00 4.617742280000000247e-05 1.939999999999999947e+00 1.224941090000000098e-07 1.939999999999999947e+00 2.807756319999999897e-05 1.939999999999999947e+00 1.248270009999999876e-13 1.939999999999999947e+00 7.933337919999999821e-01
1.949999999999999956e+00 1.460773370000000102e-03 1.949999999999999956e+00 8.746383160000000218e-05 1.949999999999999956e+00 1.450642110000000028e-03 1.949999999999999956e+00 7.042418200000000086e-15 1.949999999999999956e+00 6.213887359999999971e-01 1.949999999999999956e+00 1.119694129999999985e-03 1.949999999999999956e+00 2.526528869999999856e-05 1.949999999999999956e+00 9.251110219999999660e-04 1.949999999999999956e+00 1.478617280000000050e-14 1.949999999999999956e+00 7.192441649999999909e-01 1.949999999999999956e+00 7.095113079999999794e-04 1.949999999999999956e+00 7.181036759999999880e-06 1.949999999999999956e+00 5.373040920000000161e-04 1.949999999999999956e+00 2.912846139999999739e-14 1.949999999999999956e+00 6.942322290000000340e-01 1.949999999999999956e+00 3.982093090000000208e-04 1.949999999999999956e+00 2.512828510000000189e-06 1.949999999999999956e+00 2.842371389999999963e-04 1.949999999999999956e+00 5.886627250000000462e-14 1.949999999999999956e+00 6.740463749999999754e-01 1.949999999999999956e+00 2.053319029999999999e-04 1.949999999999999956e+00 7.864772789999999620e-07 1.949999999999999956e+00 1.428017999999999920e-04 1.949999999999999956e+00 1.185031600000000116e-13 1.949999999999999956e+00 6.618514309999999901e-01 1.949999999999999956e+00 7.215751769999999591e-04 1.949999999999999956e+00 4.690449970000000316e-05 1.949999999999999956e+00 5.659349500000000321e-04 1.949999999999999956e+00 9.484339560000000677e-15 1.949999999999999956e+00 7.390060830000000358e-01 1.949999999999999956e+00 4.143743660000000152e-04 1.949999999999999956e+00 1.021706639999999922e-05 1.949999999999999956e+00 2.787588060000000217e-04 1.949999999999999956e+00 1.627110569999999944e-14 1.949999999999999956e+00 8.031760180000000471e-01 1.949999999999999956e+00 2.000209439999999948e-04 1.949999999999999956e+00 2.220499950000000200e-06 1.949999999999999956e+00 1.261319880000000119e-04 1.949999999999999956e+00 3.197128869999999993e-14 1.949999999999999956e+00 8.030782069999999884e-01 1.949999999999999956e+00 9.602413129999999390e-05 1.949999999999999956e+00 5.134484860000000486e-07 1.949999999999999956e+00 5.932088350000000140e-05 1.949999999999999956e+00 6.306356320000000056e-14 1.949999999999999956e+00 7.966288780000000402e-01 1.949999999999999956e+00 4.653439910000000177e-05 1.949999999999999956e+00 1.252900479999999944e-07 1.949999999999999956e+00 2.854112270000000166e-05 1.949999999999999956e+00 1.248452089999999911e-13 1.949999999999999956e+00 7.933337919999999821e-01
1.959999999999999964e+00 1.462485730000000032e-03 1.959999999999999964e+00 8.816310749999999334e-05 1.959999999999999964e+00 1.465258440000000075e-03 1.959999999999999964e+00 7.043072049999999906e-15 1.959999999999999964e+00 6.213887359999999971e-01 1.959999999999999964e+00 1.122535690000000088e-03 1.959999999999999964e+00 2.566990909999999920e-05 1.959999999999999964e+00 9.363222099999999855e-04 1.959999999999999964e+00 1.478793689999999843e-14 1.959999999999999964e+00 7.192441649999999909e-01 1.959999999999999964e+00 7.124542540000000212e-04 1.959999999999999964e+00 7.332157199999999616e-06 1.959999999999999964e+00 5.444139450000000120e-04 1.959999999999999964e+00 2.913177970000000265e-14 1.959999999999999964e+00 6.942322290000000340e-01 1.959999999999999964e+00 4.003988589999999802e-04 1.959999999999999964e+00 2.570553390000000120e-06 1.959999999999999964e+00 2.882301909999999924e-04 1.959999999999999964e+00 5.887192799999999930e-14 1.959999999999999964e+00 6.740463749999999754e-01 1.959999999999999964e+00 2.066008239999999945e-04 1.959999999999999964e+00 8.040828769999999917e-07 1.959999999999999964e+00 1.448614680000000080e-04 1.959999999999999964e+00 1.185132490000000064e-13 1.959999999999999964e+00 6.618514309999999901e-01 1.959999999999999964e+00 7.238442119999999834e-04 1.959999999999999964e+00 4.759994429999999993e-05 1.959999999999999964e+00 5.731620750000000243e-04 1.959999999999999964e+00 9.485354559999999373e-15 1.959999999999999964e+00 7.390060830000000358e-01 1.959999999999999964e+00 4.165891229999999748e-04 1.959999999999999964e+00 1.042339589999999997e-05 1.959999999999999964e+00 2.829136369999999821e-04 1.959999999999999964e+00 1.627302870000000031e-14 1.959999999999999964e+00 8.031760180000000471e-01 1.959999999999999964e+00 2.013880409999999890e-04 1.959999999999999964e+00 2.268989639999999903e-06 1.959999999999999964e+00 1.281390370000000021e-04 1.959999999999999964e+00 3.197493250000000023e-14 1.959999999999999964e+00 8.030782069999999884e-01 1.959999999999999964e+00 9.673787410000000140e-05 1.959999999999999964e+00 5.249004459999999719e-07 1.959999999999999964e+00 6.028469470000000051e-05 1.959999999999999964e+00 6.307169390000000398e-14 1.959999999999999964e+00 7.966288780000000402e-01 1.959999999999999964e+00 4.689089070000000253e-05 1.959999999999999964e+00 1.281441349999999992e-07 1.959999999999999964e+00 2.900824960000000156e-05 1.959999999999999964e+00 1.248630329999999879e-13 1.959999999999999964e+00 7.933337919999999821e-01
1.969999999999999973e+00 1.464158699999999931e-03 1.969999999999999973e+00 8.886777319999999915e-05 1.969999999999999973e+00 1.479891689999999951e-03 1.969999999999999973e+00 7.043710630000000109e-15 1.969999999999999973e+00 6.213887359999999971e-01 1.969999999999999973e+00 1.125330309999999969e-03 1.969999999999999973e+00 2.608057139999999939e-05 1.969999999999999973e+00 9.475615790000000479e-04 1.969999999999999973e+00 1.478966949999999888e-14 1.969999999999999973e+00 7.192441649999999909e-01 1.969999999999999973e+00 7.153666979999999702e-04 1.969999999999999973e+00 7.487083359999999634e-06 1.969999999999999973e+00 5.515530750000000081e-04 1.969999999999999973e+00 2.913504179999999909e-14 1.969999999999999973e+00 6.942322290000000340e-01 1.969999999999999973e+00 4.025751139999999922e-04 1.969999999999999973e+00 2.629985849999999935e-06 1.969999999999999973e+00 2.922450719999999881e-04 1.969999999999999973e+00 5.887747609999999437e-14 1.969999999999999973e+00 6.740463749999999754e-01 1.969999999999999973e+00 2.078646429999999928e-04 1.969999999999999973e+00 8.222053030000000101e-07 1.969999999999999973e+00 1.469337990000000032e-04 1.969999999999999973e+00 1.185231310000000069e-13 1.969999999999999973e+00 6.618514309999999901e-01 1.969999999999999973e+00 7.260798080000000496e-04 1.969999999999999973e+00 4.830338899999999893e-05 1.969999999999999973e+00 5.804117230000000079e-04 1.969999999999999973e+00 9.486348970000000199e-15 1.969999999999999973e+00 7.390060830000000358e-01 1.969999999999999973e+00 4.187870609999999735e-04 1.969999999999999973e+00 1.063311219999999925e-05 1.969999999999999973e+00 2.870905319999999790e-04 1.969999999999999973e+00 1.627491149999999897e-14 1.969999999999999973e+00 8.031760180000000471e-01 1.969999999999999973e+00 2.027503389999999958e-04 1.969999999999999973e+00 2.318369239999999917e-06 1.969999999999999973e+00 1.301597329999999969e-04 1.969999999999999973e+00 3.197849699999999903e-14 1.969999999999999973e+00 8.030782069999999884e-01 1.969999999999999973e+00 9.745022909999999502e-05 1.969999999999999973e+00 5.365758720000000121e-07 1.969999999999999973e+00 6.125563639999999496e-05 1.969999999999999973e+00 6.307964980000000101e-14 1.969999999999999973e+00 7.966288780000000402e-01 1.969999999999999973e+00 4.724689900000000051e-05 1.969999999999999973e+00 1.310579579999999880e-07 1.969999999999999973e+00 2.947893889999999832e-05 1.969999999999999973e+00 1.248804789999999898e-13 1.969999999999999973e+00 7.933337919999999821e-01
1.979999999999999982e+00 1.465792889999999963e-03 1.979999999999999982e+00 8.957793740000000269e-05 1.979999999999999982e+00 1.494541480000000089e-03 1.979999999999999982e+00 7.044334479999999809e-15 1.979999999999999982e+00 6.213887359999999971e-01 1.979999999999999982e+00 1.128078490000000017e-03 1.979999999999999982e+00 2.649740049999999947e-05 1.979999999999999982e+00 9.588286619999999592e-04 1.979999999999999982e+00 1.479137159999999851e-14 1.979999999999999982e+00 7.192441649999999909e-01 1.979999999999999982e+00 7.182487349999999889e-04 1.979999999999999982e+00 7.645952409999999251e-06 1.979999999999999982e+00 5.587211780000000266e-04 1.979999999999999982e+00 2.913824969999999898e-14 1.979999999999999982e+00 6.942322290000000340e-01 1.979999999999999982e+00 4.047380359999999916e-04 1.979999999999999982e+00 2.691201119999999997e-06 1.979999999999999982e+00 2.962816479999999769e-04 1.979999999999999982e+00 5.888291979999999563e-14 1.979999999999999982e+00 6.740463749999999754e-01 1.979999999999999982e+00 2.091233389999999973e-04 1.979999999999999982e+00 8.408678470000000101e-07 1.979999999999999982e+00 1.490187440000000107e-04 1.979999999999999982e+00 1.185328140000000117e-13 1.979999999999999982e+00 6.618514309999999901e-01 1.979999999999999982e+00 7.282821969999999897e-04 1.979999999999999982e+00 4.901496089999999916e-05 1.979999999999999982e+00 5.876835610000000123e-04 1.979999999999999982e+00 9.487323249999999915e-15 1.979999999999999982e+00 7.390060830000000358e-01 1.979999999999999982e+00 4.209682299999999741e-04 1.979999999999999982e+00 1.084628240000000034e-05 1.979999999999999982e+00 2.912893229999999789e-04 1.979999999999999982e+00 1.627675510000000152e-14 1.979999999999999982e+00 8.031760180000000471e-01 1.979999999999999982e+00 2.041078410000000032e-04 1.979999999999999982e+00 2.368658570000000142e-06 1.979999999999999982e+00 1.321940279999999984e-04 1.979999999999999982e+00 3.198198389999999918e-14 1.979999999999999982e+00 8.030782069999999884e-01 1.979999999999999982e+00 9.816119800000000593e-05 1.979999999999999982e+00 5.484802730000000360e-07 1.979999999999999982e+00 6.223369459999999326e-05 1.979999999999999982e+00 6.308743429999999734e-14 1.979999999999999982e+00 7.966288780000000402e-01 1.979999999999999982e+00 4.760242530000000002e-05 1.979999999999999982e+00 1.340331710000000047e-07 1.979999999999999982e+00 2.995318600000000152e-05 1.979999999999999982e+00 1.248975549999999951e-13 1.979999999999999982e+00 7.933337919999999821e-01
1.989999999999999991e+00 1.467388860000000059e-03 1.989999999999999991e+00 9.029371050000000462e-05 1.989999999999999991e+00 1.509207420000000096e-03 1.989999999999999991e+00 7.044944129999999698e-15 1.989999999999999991e+00 6.213887359999999971e-01 1.989999999999999991e+00 1.130780750000000105e-03 1.989999999999999991e+00 2.692052459999999946e-05 1.989999999999999991e+00 9.701229960000000516e-04 1.989999999999999991e+00 1.479304420000000030e-14 1.989999999999999991e+00 7.192441649999999909e-01 1.989999999999999991e+00 7.211004580000000309e-04 1.989999999999999991e+00 7.808907799999999387e-06 1.989999999999999991e+00 5.659179489999999852e-04 1.989999999999999991e+00 2.914140540000000196e-14 1.989999999999999991e+00 6.942322290000000340e-01 1.989999999999999991e+00 4.068875839999999797e-04 1.989999999999999991e+00 2.754278780000000144e-06 1.989999999999999991e+00 3.003397879999999943e-04 1.989999999999999991e+00 5.888826270000000241e-14 1.989999999999999991e+00 6.740463749999999754e-01 1.989999999999999991e+00 2.103768910000000105e-04 1.989999999999999991e+00 8.600952050000000025e-07 1.989999999999999991e+00 1.511162490000000024e-04 1.989999999999999991e+00 1.185423019999999948e-13 1.989999999999999991e+00 6.618514309999999901e-01 1.989999999999999991e+00 7.304516059999999807e-04 1.989999999999999991e+00 4.973479050000000095e-05 1.989999999999999991e+00 5.949772569999999547e-04 1.989999999999999991e+00 9.488277870000000016e-15 1.989999999999999991e+00 7.390060830000000358e-01 1.989999999999999991e+00 4.231326770000000057e-04 1.989999999999999991e+00 1.106297580000000009e-05 1.989999999999999991e+00 2.955098410000000066e-04 1.989999999999999991e+00 1.627856030000000152e-14 1.989999999999999991e+00 8.031760180000000471e-01 1.989999999999999991e+00 2.054605490000000032e-04 1.989999999999999991e+00 2.419878170000000125e-06 1.989999999999999991e+00 1.342418740000000086e-04 1.989999999999999991e+00 3.198539489999999721e-14 1.989999999999999991e+00 8.030782069999999884e-01 1.989999999999999991e+00 9.887078230000000102e-05 1.989999999999999991e+00 5.606193729999999491e-07 1.989999999999999991e+00 6.321885569999999689e-05 1.989999999999999991e+00 6.309505089999999550e-14 1.989999999999999991e+00 7.966288780000000402e-01 1.989999999999999991e+00 4.795747120000000007e-05 1.989999999999999991e+00 1.370715009999999880e-07 1.989999999999999991e+00 3.043098579999999899e-05 1.989999999999999991e+00 1.249142690000000025e-13 1.989999999999999991e+00 7.933337919999999821e-01
2.000000000000000000e+00 1.468947159999999972e-03 2.000000000000000000e+00 9.101520429999999462e-05 2.000000000000000000e+00 1.523889139999999934e-03 2.000000000000000000e+00 7.045540099999999684e-15 2.000000000000000000e+00 6.213887359999999971e-01 2.000000000000000000e+00 1.133437589999999971e-03 2.000000000000000000e+00 2.735007539999999895e-05 2.000000000000000000e+00 9.814441250000000873e-04 2.000000000000000000e+00 1.479468840000000088e-14 2.000000000000000000e+00 7.192441649999999909e-01 2.000000000000000000e+00 7.239219479999999896e-04 2.000000000000000000e+00 7.976099699999999931e-06 2.000000000000000000e+00 5.731430860000000065e-04 2.000000000000000000e+00 2.914451079999999822e-14 2.000000000000000000e+00 6.942322290000000340e-01 2.000000000000000000e+00 4.090237129999999737e-04 2.000000000000000000e+00 2.819303089999999827e-06 2.000000000000000000e+00 3.044193549999999913e-04 2.000000000000000000e+00 5.889350790000000469e-14 2.000000000000000000e+00 6.740463749999999754e-01 2.000000000000000000e+00 2.116252730000000009e-04 2.000000000000000000e+00 8.799135960000000171e-07 2.000000000000000000e+00 1.532262639999999883e-04 2.000000000000000000e+00 1.185516020000000117e-13 2.000000000000000000e+00 6.618514309999999901e-01 2.000000000000000000e+00 7.325882540000000151e-04 2.000000000000000000e+00 5.046301169999999915e-05 2.000000000000000000e+00 6.022924839999999492e-04 2.000000000000000000e+00 9.489213280000000420e-15 2.000000000000000000e+00 7.390060830000000358e-01 2.000000000000000000e+00 4.252804460000000008e-04 2.000000000000000000e+00 1.128326390000000080e-05 2.000000000000000000e+00 2.997519210000000166e-04 2.000000000000000000e+00 1.628032799999999880e-14 2.000000000000000000e+00 8.031760180000000471e-01 2.000000000000000000e+00 2.068084660000000109e-04 2.000000000000000000e+00 2.472049299999999906e-06 2.000000000000000000e+00 1.363032230000000026e-04 2.000000000000000000e+00 3.198873150000000233e-14 2.000000000000000000e+00 8.030782069999999884e-01 2.000000000000000000e+00 9.957898330000000491e-05 2.000000000000000000e+00 5.729991229999999511e-07 2.000000000000000000e+00 6.421110569999999404e-05 2.000000000000000000e+00 6.310250309999999802e-14 2.000000000000000000e+00 7.966288780000000402e-01 2.000000000000000000e+00 4.831203769999999666e-05 2.000000000000000000e+00 1.401747449999999977e-07 2.000000000000000000e+00 3.091233380000000196e-05 2.000000000000000000e+00 1.249306290000000105e-13 2.000000000000000000e+00 7.933337919999999821e-01
2.009999999999999787e+00 1.470468350000000068e-03 2.009999999999999787e+00 9.174253200000000554e-05 2.009999999999999787e+00 1.538586239999999898e-03 2.009999999999999787e+00 7.046122889999999677e-15 2.009999999999999787e+00 6.213887359999999971e-01 2.009999999999999787e+00 1.136049490000000080e-03 2.009999999999999787e+00 2.778618799999999886e-05 2.009999999999999787e+00 9.927915980000000251e-04 2.009999999999999787e+00 1.479630510000000011e-14 2.009999999999999787e+00 7.192441649999999909e-01 2.009999999999999787e+00 7.267132839999999828e-04 2.009999999999999787e+00 8.147685290000000573e-06 2.009999999999999787e+00 5.803962879999999920e-04 2.009999999999999787e+00 2.914756779999999688e-14 2.009999999999999787e+00 6.942322290000000340e-01 2.009999999999999787e+00 4.111463740000000067e-04 2.009999999999999787e+00 2.886363330000000187e-06 2.009999999999999787e+00 3.085202170000000076e-04 2.009999999999999787e+00 5.889865869999999872e-14 2.009999999999999787e+00 6.740463749999999754e-01 2.009999999999999787e+00 2.128684630000000021e-04 2.009999999999999787e+00 9.003508679999999579e-07 2.009999999999999787e+00 1.553487369999999865e-04 2.009999999999999787e+00 1.185607190000000048e-13 2.009999999999999787e+00 6.618514309999999901e-01 2.009999999999999787e+00 7.346923530000000046e-04 2.009999999999999787e+00 5.119976179999999674e-05 2.009999999999999787e+00 6.096289140000000053e-04 2.009999999999999787e+00 9.490129939999999466e-15 2.009999999999999787e+00 7.390060830000000358e-01 2.009999999999999787e+00 4.274115780000000125e-04 2.009999999999999787e+00 1.150722059999999989e-05 2.009999999999999787e+00 3.040153949999999756e-04 2.009999999999999787e+00 1.628205889999999956e-14 2.009999999999999787e+00 8.031760180000000471e-01 2.009999999999999787e+00 2.081515919999999992e-04 2.009999999999999787e+00 2.525194019999999887e-06 2.009999999999999787e+00 1.383780270000000096e-04 2.009999999999999787e+00 3.199199519999999849e-14 2.009999999999999787e+00 8.030782069999999884e-01 2.009999999999999787e+00 1.002858020000000001e-04 2.009999999999999787e+00 5.856257080000000318e-07 2.009999999999999787e+00 6.521043079999999648e-05 2.009999999999999787e+00 6.310979410000000431e-14 2.009999999999999787e+00 7.966288780000000402e-01 2.009999999999999787e+00 4.866612619999999913e-05 2.009999999999999787e+00 1.433447819999999942e-07 2.009999999999999787e+00 3.139722499999999991e-05 2.009999999999999787e+00 1.249466410000000054e-13 2.009999999999999787e+00 7.933337919999999821e-01
2.020000000000000018e+00 1.471952959999999963e-03 2.020000000000000018e+00 9.247580840000000149e-05 2.020000000000000018e+00 1.553298380000000048e-03 2.020000000000000018e+00 7.046693000000000374e-15 2.020000000000000018e+00 6.213887359999999971e-01 2.020000000000000018e+00 1.138616920000000074e-03 2.020000000000000018e+00 2.822900110000000129e-05 2.020000000000000018e+00 1.004164969999999909e-03 2.020000000000000018e+00 1.479789530000000096e-14 2.020000000000000018e+00 7.192441649999999909e-01 2.020000000000000018e+00 7.294745339999999557e-04 2.020000000000000018e+00 8.323829169999999547e-06 2.020000000000000018e+00 5.876772519999999599e-04 2.020000000000000018e+00 2.915057850000000072e-14 2.020000000000000018e+00 6.942322290000000340e-01 2.020000000000000018e+00 4.132555109999999773e-04 2.020000000000000018e+00 2.955554190000000183e-06 2.020000000000000018e+00 3.126422379999999903e-04 2.020000000000000018e+00 5.890371829999999655e-14 2.020000000000000018e+00 6.740463749999999754e-01 2.020000000000000018e+00 2.141064309999999985e-04 2.020000000000000018e+00 9.214366319999999829e-07 2.020000000000000018e+00 1.574836159999999880e-04 2.020000000000000018e+00 1.185696590000000108e-13 2.020000000000000018e+00 6.618514309999999901e-01 2.020000000000000018e+00 7.367641099999999894e-04 2.020000000000000018e+00 5.194518210000000102e-05 2.020000000000000018e+00 6.169862230000000081e-04 2.020000000000000018e+00 9.491028300000000230e-15 2.020000000000000018e+00 7.390060830000000358e-01 2.020000000000000018e+00 4.295261109999999973e-04 2.020000000000000018e+00 1.173492210000000020e-05 2.020000000000000018e+00 3.083000970000000047e-04 2.020000000000000018e+00 1.628375400000000045e-14 2.020000000000000018e+00 8.031760180000000471e-01 2.020000000000000018e+00 2.094899259999999993e-04 2.020000000000000018e+00 2.579335199999999807e-06 2.020000000000000018e+00 1.404662390000000003e-04 2.020000000000000018e+00 3.199518759999999801e-14 2.020000000000000018e+00 8.030782069999999884e-01 2.020000000000000018e+00 1.009912390000000030e-04 2.020000000000000018e+00 5.985055650000000360e-07 2.020000000000000018e+00 6.621681709999999740e-05 2.020000000000000018e+00 6.311692719999999801e-14 2.020000000000000018e+00 7.966288780000000402e-01 2.020000000000000018e+00 4.901973769999999668e-05 2.020000000000000018e+00 1.465835729999999971e-07 2.020000000000000018e+00 3.188565470000000076e-05 2.020000000000000018e+00 1.249623130000000111e-13 2.020000000000000018e+00 7.933337919999999821e-01
2.029999999999999805e+00 1.473401500000000005e-03 2.029999999999999805e+00 9.321515009999999633e-05 2.029999999999999805e+00 1.568025179999999949e-03 2.029999999999999805e+00 7.047250910000000113e-15 2.029999999999999805e+00 6.213887359999999971e-01 2.029999999999999805e+00 1.141140350000000026e-03 2.029999999999999805e+00 2.867865719999999929e-05 2.029999999999999805e+00 1.015563790000000022e-03 2.029999999999999805e+00 1.479946000000000008e-14 2.029999999999999805e+00 7.192441649999999909e-01 2.029999999999999805e+00 7.322057609999999819e-04 2.029999999999999805e+00 8.504703830000000627e-06 2.029999999999999805e+00 5.949856780000000248e-04 2.029999999999999805e+00 2.915354479999999994e-14 2.029999999999999805e+00 6.942322290000000340e-01 2.029999999999999805e+00 4.153510640000000168e-04 2.029999999999999805e+00 3.026976120000000183e-06 2.029999999999999805e+00 3.167852819999999949e-04 2.029999999999999805e+00 5.890868989999999760e-14 2.029999999999999805e+00 6.740463749999999754e-01 2.029999999999999805e+00 2.153391510000000127e-04 2.029999999999999805e+00 9.432023980000000451e-07 2.029999999999999805e+00 1.596308479999999875e-04 2.029999999999999805e+00 1.185784279999999908e-13 2.029999999999999805e+00 6.618514309999999901e-01 2.029999999999999805e+00 7.388037210000000538e-04 2.029999999999999805e+00 5.269941739999999854e-05 2.029999999999999805e+00 6.243640890000000518e-04 2.029999999999999805e+00 9.491908789999999478e-15 2.029999999999999805e+00 7.390060830000000358e-01 2.029999999999999805e+00 4.316240789999999821e-04 2.029999999999999805e+00 1.196644749999999941e-05 2.029999999999999805e+00 3.126058620000000043e-04 2.029999999999999805e+00 1.628541400000000135e-14 2.029999999999999805e+00 8.031760180000000471e-01 2.029999999999999805e+00 2.108234690000000070e-04 2.029999999999999805e+00 2.634496549999999912e-06 2.029999999999999805e+00 1.425678100000000081e-04 2.029999999999999805e+00 3.199831030000000062e-14 2.029999999999999805e+00 8.030782069999999884e-01 2.029999999999999805e+00 1.016952960000000044e-04 2.029999999999999805e+00 6.116453950000000254e-07 2.029999999999999805e+00 6.723025090000000006e-05 2.029999999999999805e+00 6.312390560000000379e-14 2.029999999999999805e+00 7.966288780000000402e-01 2.029999999999999805e+00 4.937287319999999889e-05 2.029999999999999805e+00 1.498931639999999903e-07 2.029999999999999805e+00 3.237761819999999892e-05 2.029999999999999805e+00 1.249776509999999886e-13 2.029999999999999805e+00 7.933337919999999821e-01
2.040000000000000036e+00 1.474814480000000106e-03 2.040000000000000036e+00 9.396067519999999791e-05 2.040000000000000036e+00 1.582766289999999916e-03 2.040000000000000036e+00 7.047797090000000385e-15 2.040000000000000036e+00 6.213887359999999971e-01 2.040000000000000036e+00 1.143620230000000088e-03 2.040000000000000036e+00 2.913530260000000050e-05 2.040000000000000036e+00 1.026987629999999907e-03 2.040000000000000036e+00 1.480100010000000048e-14 2.040000000000000036e+00 7.192441649999999909e-01 2.040000000000000036e+00 7.349070189999999539e-04 2.040000000000000036e+00 8.690490039999999503e-06 2.040000000000000036e+00 6.023212669999999718e-04 2.040000000000000036e+00 2.915646859999999733e-14 2.040000000000000036e+00 6.942322290000000340e-01 2.040000000000000036e+00 4.174329670000000094e-04 2.040000000000000036e+00 3.100735780000000002e-06 2.040000000000000036e+00 3.209492140000000187e-04 2.040000000000000036e+00 5.891357670000000130e-14 2.040000000000000036e+00 6.740463749999999754e-01 2.040000000000000036e+00 2.165665910000000099e-04 2.040000000000000036e+00 9.656817259999999104e-07 2.040000000000000036e+00 1.617903810000000033e-04 2.040000000000000036e+00 1.185870320000000068e-13 2.040000000000000036e+00 6.618514309999999901e-01 2.040000000000000036e+00 7.408113809999999607e-04 2.040000000000000036e+00 5.346261659999999876e-05 2.040000000000000036e+00 6.317621910000000094e-04 2.040000000000000036e+00 9.492771860000000284e-15 2.040000000000000036e+00 7.390060830000000358e-01 2.040000000000000036e+00 4.337055140000000016e-04 2.040000000000000036e+00 1.220187820000000056e-05 2.040000000000000036e+00 3.169325229999999912e-04 2.040000000000000036e+00 1.628703969999999896e-14 2.040000000000000036e+00 8.031760180000000471e-01 2.040000000000000036e+00 2.121522159999999883e-04 2.040000000000000036e+00 2.690702699999999974e-06 2.040000000000000036e+00 1.446826920000000079e-04 2.040000000000000036e+00 3.200136449999999979e-14 2.040000000000000036e+00 8.030782069999999884e-01 2.040000000000000036e+00 1.023979709999999984e-04 2.040000000000000036e+00 6.250521770000000110e-07 2.040000000000000036e+00 6.825071840000000267e-05 2.040000000000000036e+00 6.313073239999999900e-14 2.040000000000000036e+00 7.966288780000000402e-01 2.040000000000000036e+00 4.972553379999999999e-05 2.040000000000000036e+00 1.532756960000000111e-07 2.040000000000000036e+00 3.287311059999999905e-05 2.040000000000000036e+00 1.249926609999999998e-13 2.040000000000000036e+00 7.933337919999999821e-01
2.049999999999999822e+00 1.476192390000000045e-03 2.049999999999999822e+00 9.471250339999999956e-05 2.049999999999999822e+00 1.597521360000000046e-03 2.049999999999999822e+00 7.048332010000000319e-15 2.049999999999999822e+00 6.213887359999999971e-01 2.049999999999999822e+00 1.146057000000000022e-03 2.049999999999999822e+00 2.959908759999999999e-05 2.049999999999999822e+00 1.038436050000000020e-03 2.049999999999999822e+00 1.480251669999999880e-14 2.049999999999999822e+00 7.192441649999999909e-01 2.049999999999999822e+00 7.375783530000000173e-04 2.049999999999999822e+00 8.881377350000000423e-06 2.049999999999999822e+00 6.096837190000000241e-04 2.049999999999999822e+00 2.915935189999999887e-14 2.049999999999999822e+00 6.942322290000000340e-01 2.049999999999999822e+00 4.195011480000000259e-04 2.049999999999999822e+00 3.176946539999999866e-06 2.049999999999999822e+00 3.251338960000000168e-04 2.049999999999999822e+00 5.891838189999999445e-14 2.049999999999999822e+00 6.740463749999999754e-01 2.049999999999999822e+00 2.177887190000000095e-04 2.049999999999999822e+00 9.889103930000000813e-07 2.049999999999999822e+00 1.639621620000000031e-04 2.049999999999999822e+00 1.185954760000000012e-13 2.049999999999999822e+00 6.618514309999999901e-01 2.049999999999999822e+00 7.427872729999999545e-04 2.049999999999999822e+00 5.423493279999999845e-05 2.049999999999999822e+00 6.391802099999999631e-04 2.049999999999999822e+00 9.493617919999999419e-15 2.049999999999999822e+00 7.390060830000000358e-01 2.049999999999999822e+00 4.357704449999999941e-04 2.049999999999999822e+00 1.244129869999999973e-05 2.049999999999999822e+00 3.212799170000000203e-04 2.049999999999999822e+00 1.628863189999999944e-14 2.049999999999999822e+00 8.031760180000000471e-01 2.049999999999999822e+00 2.134761669999999973e-04 2.049999999999999822e+00 2.747979230000000033e-06 2.049999999999999822e+00 1.468108379999999978e-04 2.049999999999999822e+00 3.200435189999999836e-14 2.049999999999999822e+00 8.030782069999999884e-01 2.049999999999999822e+00 1.030992660000000044e-04 2.049999999999999822e+00 6.387331820000000045e-07 2.049999999999999822e+00 6.927820580000000345e-05 2.049999999999999822e+00 6.313741060000000202e-14 2.049999999999999822e+00 7.966288780000000402e-01 2.049999999999999822e+00 5.007772020000000125e-05 2.049999999999999822e+00 1.567334069999999987e-07 2.049999999999999822e+00 3.337212730000000056e-05 2.049999999999999822e+00 1.250073509999999930e-13 2.049999999999999822e+00 7.933337919999999821e-01
2.060000000000000053e+00 1.477535729999999992e-03 2.060000000000000053e+00 9.547075640000000018e-05 2.060000000000000053e+00 1.612290020000000084e-03 2.060000000000000053e+00 7.048856139999999828e-15 2.060000000000000053e+00 6.213887359999999971e-01 2.060000000000000053e+00 1.148451090000000060e-03 2.060000000000000053e+00 3.007016639999999892e-05 2.060000000000000053e+00 1.049908630000000089e-03 2.060000000000000053e+00 1.480401070000000118e-14 2.060000000000000053e+00 7.192441649999999909e-01 2.060000000000000053e+00 7.402198020000000161e-04 2.060000000000000053e+00 9.077564600000000465e-06 2.060000000000000053e+00 6.170727339999999709e-04 2.060000000000000053e+00 2.916219660000000104e-14 2.060000000000000053e+00 6.942322290000000340e-01 2.060000000000000053e+00 4.215555280000000027e-04 2.060000000000000053e+00 3.255728969999999861e-06 2.060000000000000053e+00 3.293391909999999947e-04 2.060000000000000053e+00 5.892310870000000171e-14 2.060000000000000053e+00 6.740463749999999754e-01 2.060000000000000053e+00 2.190054999999999888e-04 2.060000000000000053e+00 1.012926579999999934e-06 2.060000000000000053e+00 1.661461380000000090e-04 2.060000000000000053e+00 1.186037660000000106e-13 2.060000000000000053e+00 6.618514309999999901e-01 2.060000000000000053e+00 7.447315759999999707e-04 2.060000000000000053e+00 5.501652330000000196e-05 2.060000000000000053e+00 6.466178309999999789e-04 2.060000000000000053e+00 9.494447409999999961e-15 2.060000000000000053e+00 7.390060830000000358e-01 2.060000000000000053e+00 4.378188960000000264e-04 2.060000000000000053e+00 1.268479629999999979e-05 2.060000000000000053e+00 3.256478770000000001e-04 2.060000000000000053e+00 1.629019129999999952e-14 2.060000000000000053e+00 8.031760180000000471e-01 2.060000000000000053e+00 2.147953160000000037e-04 2.060000000000000053e+00 2.806352719999999947e-06 2.060000000000000053e+00 1.489521990000000108e-04 2.060000000000000053e+00 3.200727370000000243e-14 2.060000000000000053e+00 8.030782069999999884e-01 2.060000000000000053e+00 1.037991790000000031e-04 2.060000000000000053e+00 6.526959939999999883e-07 2.060000000000000053e+00 7.031269910000000414e-05 2.060000000000000053e+00 6.314394320000000602e-14 2.060000000000000053e+00 7.966288780000000402e-01 2.060000000000000053e+00 5.042943309999999718e-05 2.060000000000000053e+00 1.602686390000000047e-07 2.060000000000000053e+00 3.387466340000000134e-05 2.060000000000000053e+00 1.250217270000000048e-13 2.060000000000000053e+00 7.933337919999999821e-01
2.069999999999999840e+00 1.478844960000000059e-03 2.069999999999999840e+00 9.623555760000000270e-05 2.069999999999999840e+00 1.627071959999999966e-03 2.069999999999999840e+00 7.049369909999999625e-15 2.069999999999999840e+00 6.213887359999999971e-01 2.069999999999999840e+00 1.150802920000000042e-03 2.069999999999999840e+00 3.054869770000000082e-05 2.069999999999999840e+00 1.061404929999999920e-03 2.069999999999999840e+00 1.480548310000000115e-14 2.069999999999999840e+00 7.192441649999999909e-01 2.069999999999999840e+00 7.428313929999999510e-04 2.069999999999999840e+00 9.279260460000000388e-06 2.069999999999999840e+00 6.244880150000000230e-04 2.069999999999999840e+00 2.916500469999999719e-14 2.069999999999999840e+00 6.942322290000000340e-01 2.069999999999999840e+00 4.235960220000000082e-04 2.069999999999999840e+00 3.337211380000000198e-06 2.069999999999999840e+00 3.335649600000000197e-04 2.069999999999999840e+00 5.892776029999999727e-14 2.069999999999999840e+00 6.740463749999999754e-01 2.069999999999999840e+00 2.202168980000000103e-04 2.069999999999999840e+00 1.037771060000000094e-06 2.069999999999999840e+00 1.683422539999999967e-04 2.069999999999999840e+00 1.186119070000000027e-13 2.069999999999999840e+00 6.618514309999999901e-01 2.069999999999999840e+00 7.466444609999999763e-04 2.069999999999999840e+00 5.580754990000000244e-05 2.069999999999999840e+00 6.540747370000000224e-04 2.069999999999999840e+00 9.495260750000000254e-15 2.069999999999999840e+00 7.390060830000000358e-01 2.069999999999999840e+00 4.398508890000000105e-04 2.069999999999999840e+00 1.293246140000000001e-05 2.069999999999999840e+00 3.300362399999999855e-04 2.069999999999999840e+00 1.629171879999999903e-14 2.069999999999999840e+00 8.031760180000000471e-01 2.069999999999999840e+00 2.161096580000000005e-04 2.069999999999999840e+00 2.865850789999999957e-06 2.069999999999999840e+00 1.511067279999999909e-04 2.069999999999999840e+00 3.201013149999999909e-14 2.069999999999999840e+00 8.030782069999999884e-01 2.069999999999999840e+00 1.044977110000000042e-04 2.069999999999999840e+00 6.669485219999999589e-07 2.069999999999999840e+00 7.135418469999999945e-05 2.069999999999999840e+00 6.315033320000000414e-14 2.069999999999999840e+00 7.966288780000000402e-01 2.069999999999999840e+00 5.078067320000000258e-05 2.069999999999999840e+00 1.638838450000000071e-07 2.069999999999999840e+00 3.438071430000000080e-05 2.069999999999999840e+00 1.250357949999999963e-13 2.069999999999999840e+00 7.933337919999999821e-01
2.080000000000000071e+00 1.480120529999999967e-03 2.080000000000000071e+00 9.700703229999999705e-05 2.080000000000000071e+00 1.641866810000000088e-03 2.080000000000000071e+00 7.049873769999999628e-15 2.080000000000000071e+00 6.213887359999999971e-01 2.080000000000000071e+00 1.153112910000000024e-03 2.080000000000000071e+00 3.103484440000000324e-05 2.080000000000000071e+00 1.072924550000000027e-03 2.080000000000000071e+00 1.480693489999999851e-14 2.080000000000000071e+00 7.192441649999999909e-01 2.080000000000000071e+00 7.454131469999999548e-04 2.080000000000000071e+00 9.486684029999999191e-06 2.080000000000000071e+00 6.319292629999999659e-04 2.080000000000000071e+00 2.916777819999999956e-14 2.080000000000000071e+00 6.942322290000000340e-01 2.080000000000000071e+00 4.256225349999999885e-04 2.080000000000000071e+00 3.421530469999999971e-06 2.080000000000000071e+00 3.378110639999999968e-04 2.080000000000000071e+00 5.893233990000000579e-14 2.080000000000000071e+00 6.740463749999999754e-01 2.080000000000000071e+00 2.214228719999999939e-04 2.080000000000000071e+00 1.063487419999999961e-06 2.080000000000000071e+00 1.705504580000000115e-04 2.080000000000000071e+00 1.186199060000000078e-13 2.080000000000000071e+00 6.618514309999999901e-01 2.080000000000000071e+00 7.485260919999999667e-04 2.080000000000000071e+00 5.660817900000000044e-05 2.080000000000000071e+00 6.615506160000000392e-04 2.080000000000000071e+00 9.496058360000000224e-15 2.080000000000000071e+00 7.390060830000000358e-01 2.080000000000000071e+00 4.418664399999999910e-04 2.080000000000000071e+00 1.318438769999999935e-05 2.080000000000000071e+00 3.344448399999999893e-04 2.080000000000000071e+00 1.629321500000000102e-14 2.080000000000000071e+00 8.031760180000000471e-01 2.080000000000000071e+00 2.174191870000000116e-04 2.080000000000000071e+00 2.926502200000000205e-06 2.080000000000000071e+00 1.532743769999999944e-04 2.080000000000000071e+00 3.201292639999999761e-14 2.080000000000000071e+00 8.030782069999999884e-01 2.080000000000000071e+00 1.051948590000000060e-04 2.080000000000000071e+00 6.814990240000000143e-07 2.080000000000000071e+00 7.240264880000000115e-05 2.080000000000000071e+00 6.315658339999999587e-14 2.080000000000000071e+00 7.966288780000000402e-01 2.080000000000000071e+00 5.113144110000000016e-05 2.080000000000000071e+00 1.675815909999999967e-07 2.080000000000000071e+00 3.489027530000000010e-05 2.080000000000000071e+00 1.250495610000000044e-13 2.080000000000000071e+00 7.933337919999999821e-01
2.089999999999999858e+00 1.481362900000000047e-03 2.089999999999999858e+00 9.778530750000000431e-05 2.089999999999999858e+00 1.656674259999999952e-03 2.089999999999999858e+00 7.050368159999999759e-15 2.089999999999999858e+00 6.213887359999999971e-01 2.089999999999999858e+00 1.155381440000000006e-03 2.089999999999999858e+00 3.152877380000000110e-05 2.089999999999999858e+00 1.084467050000000000e-03 2.089999999999999858e+00 1.480836689999999944e-14 2.089999999999999858e+00 7.192441649999999909e-01 2.089999999999999858e+00 7.479650719999999956e-04 2.089999999999999858e+00 9.700065389999999700e-06 2.089999999999999858e+00 6.393961790000000185e-04 2.089999999999999858e+00 2.917051899999999835e-14 2.089999999999999858e+00 6.942322290000000340e-01 2.089999999999999858e+00 4.276349650000000257e-04 2.089999999999999858e+00 3.508831969999999901e-06 2.089999999999999858e+00 3.420773639999999936e-04 2.089999999999999858e+00 5.893685060000000462e-14 2.089999999999999858e+00 6.740463749999999754e-01 2.089999999999999858e+00 2.226233790000000030e-04 2.089999999999999858e+00 1.090122340000000094e-06 2.089999999999999858e+00 1.727706940000000061e-04 2.089999999999999858e+00 1.186277669999999998e-13 2.089999999999999858e+00 6.618514309999999901e-01 2.089999999999999858e+00 7.503766259999999650e-04 2.089999999999999858e+00 5.741858199999999682e-05 2.089999999999999858e+00 6.690451549999999791e-04 2.089999999999999858e+00 9.496840649999999797e-15 2.089999999999999858e+00 7.390060830000000358e-01 2.089999999999999858e+00 4.438655640000000163e-04 2.089999999999999858e+00 1.344067229999999980e-05 2.089999999999999858e+00 3.388735140000000124e-04 2.089999999999999858e+00 1.629468059999999905e-14 2.089999999999999858e+00 8.031760180000000471e-01 2.089999999999999858e+00 2.187238949999999876e-04 2.089999999999999858e+00 2.988336849999999886e-06 2.089999999999999858e+00 1.554550960000000042e-04 2.089999999999999858e+00 3.201565999999999770e-14 2.089999999999999858e+00 8.030782069999999884e-01 2.089999999999999858e+00 1.058906240000000046e-04 2.089999999999999858e+00 6.963561249999999955e-07 2.089999999999999858e+00 7.345807730000000594e-05 2.089999999999999858e+00 6.316269649999999651e-14 2.089999999999999858e+00 7.966288780000000402e-01 2.089999999999999858e+00 5.148173709999999821e-05 2.089999999999999858e+00 1.713645710000000051e-07 2.089999999999999858e+00 3.540334160000000217e-05 2.089999999999999858e+00 1.250630309999999900e-13 2.089999999999999858e+00 7.933337919999999821e-01
2.100000000000000089e+00 1.482572510000000057e-03 2.100000000000000089e+00 9.857051230000000194e-05 2.100000000000000089e+00 1.671493960000000091e-03 2.100000000000000089e+00 7.050853519999999938e-15 2.100000000000000089e+00 6.213887359999999971e-01 2.100000000000000089e+00 1.157608909999999908e-03 2.100000000000000089e+00 3.203065800000000330e-05 2.100000000000000089e+00 1.096032040000000096e-03 2.100000000000000089e+00 1.480978030000000056e-14 2.100000000000000089e+00 7.192441649999999909e-01 2.100000000000000089e+00 7.504871669999999689e-04 2.100000000000000089e+00 9.919646350000000493e-06 2.100000000000000089e+00 6.468884649999999620e-04 2.100000000000000089e+00 2.917322920000000265e-14 2.100000000000000089e+00 6.942322290000000340e-01 2.100000000000000089e+00 4.296332010000000214e-04 2.100000000000000089e+00 3.599271370000000114e-06 2.100000000000000089e+00 3.463637159999999890e-04 2.100000000000000089e+00 5.894129560000000582e-14 2.100000000000000089e+00 6.740463749999999754e-01 2.100000000000000089e+00 2.238183740000000005e-04 2.100000000000000089e+00 1.117725799999999896e-06 2.100000000000000089e+00 1.750029070000000105e-04 2.100000000000000089e+00 1.186354959999999903e-13 2.100000000000000089e+00 6.618514309999999901e-01 2.100000000000000089e+00 7.521962130000000224e-04 2.100000000000000089e+00 5.823893510000000310e-05 2.100000000000000089e+00 6.765580449999999925e-04 2.100000000000000089e+00 9.497608040000000474e-15 2.100000000000000089e+00 7.390060830000000358e-01 2.100000000000000089e+00 4.458482709999999922e-04 2.100000000000000089e+00 1.370141579999999952e-05 2.100000000000000089e+00 3.433220970000000092e-04 2.100000000000000089e+00 1.629611649999999928e-14 2.100000000000000089e+00 8.031760180000000471e-01 2.100000000000000089e+00 2.200237729999999917e-04 2.100000000000000089e+00 3.051385910000000048e-06 2.100000000000000089e+00 1.576488379999999912e-04 2.100000000000000089e+00 3.201833349999999914e-14 2.100000000000000089e+00 8.030782069999999884e-01 2.100000000000000089e+00 1.065850010000000064e-04 2.100000000000000089e+00 7.115288399999999936e-07 2.100000000000000089e+00 7.452045659999999500e-05 2.100000000000000089e+00 6.316867549999999921e-14 2.100000000000000089e+00 7.966288780000000402e-01 2.100000000000000089e+00 5.183156149999999823e-05 2.100000000000000089e+00 1.752356069999999988e-07 2.100000000000000089e+00 3.591990850000000138e-05 2.100000000000000089e+00 1.250762109999999899e-13 2.100000000000000089e+00 7.933337919999999821e-01
2.109999999999999876e+00 1.483749780000000055e-03 2.109999999999999876e+00 9.936277799999999655e-05 2.109999999999999876e+00 1.686325600000000008e-03 2.109999999999999876e+00 7.051330270000000089e-15 2.109999999999999876e+00 6.213887359999999971e-01 2.109999999999999876e+00 1.159795709999999905e-03 2.109999999999999876e+00 3.254067390000000231e-05 2.109999999999999876e+00 1.107619090000000082e-03 2.109999999999999876e+00 1.481117599999999855e-14 2.109999999999999876e+00 7.192441649999999909e-01 2.109999999999999876e+00 7.529794220000000232e-04 2.109999999999999876e+00 1.014568109999999974e-05 2.109999999999999876e+00 6.544058230000000115e-04 2.109999999999999876e+00 2.917591079999999948e-14 2.109999999999999876e+00 6.942322290000000340e-01 2.109999999999999876e+00 4.316171220000000253e-04 2.109999999999999876e+00 3.693014729999999906e-06 2.109999999999999876e+00 3.506699800000000005e-04 2.109999999999999876e+00 5.894567830000000246e-14 2.109999999999999876e+00 6.740463749999999754e-01 2.109999999999999876e+00 2.250078079999999925e-04 2.109999999999999876e+00 1.146351419999999901e-06 2.109999999999999876e+00 1.772470429999999965e-04 2.109999999999999876e+00 1.186431000000000097e-13 2.109999999999999876e+00 6.618514309999999901e-01 2.109999999999999876e+00 7.539849940000000091e-04 2.109999999999999876e+00 5.906942000000000204e-05 2.109999999999999876e+00 6.840889770000000130e-04 2.109999999999999876e+00 9.498360930000000607e-15 2.109999999999999876e+00 7.390060830000000358e-01 2.109999999999999876e+00 4.478145670000000032e-04 2.109999999999999876e+00 1.396672249999999950e-05 2.109999999999999876e+00 3.477904249999999847e-04 2.109999999999999876e+00 1.629752329999999843e-14 2.109999999999999876e+00 8.031760180000000471e-01 2.109999999999999876e+00 2.213188120000000056e-04 2.109999999999999876e+00 3.115681839999999856e-06 2.109999999999999876e+00 1.598555550000000118e-04 2.109999999999999876e+00 3.202094810000000172e-14 2.109999999999999876e+00 8.030782069999999884e-01 2.109999999999999876e+00 1.072779899999999978e-04 2.109999999999999876e+00 7.270265960000000060e-07 2.109999999999999876e+00 7.558977269999999716e-05 2.109999999999999876e+00 6.317452290000000035e-14 2.109999999999999876e+00 7.966288780000000402e-01 2.109999999999999876e+00 5.218091439999999846e-05 2.109999999999999876e+00 1.791976630000000093e-07 2.109999999999999876e+00 3.643997129999999889e-05 2.109999999999999876e+00 1.250891069999999905e-13 2.109999999999999876e+00 7.933337919999999821e-01
2.120000000000000107e+00 1.484895130000000096e-03 2.120000000000000107e+00 1.001622380000000053e-04 2.120000000000000107e+00 1.701168849999999937e-03 2.120000000000000107e+00 7.051798840000000135e-15 2.120000000000000107e+00 6.213887359999999971e-01 2.120000000000000107e+00 1.161942179999999941e-03 2.120000000000000107e+00 3.305900310000000296e-05 2.120000000000000107e+00 1.119227819999999958e-03 2.120000000000000107e+00 1.481255499999999956e-14 2.120000000000000107e+00 7.192441649999999909e-01 2.120000000000000107e+00 7.554418140000000335e-04 2.120000000000000107e+00 1.037843690000000005e-05 2.120000000000000107e+00 6.619479539999999522e-04 2.120000000000000107e+00 2.917856580000000110e-14 2.120000000000000107e+00 6.942322290000000340e-01 2.120000000000000107e+00 4.335865960000000229e-04 2.120000000000000107e+00 3.790239540000000010e-06 2.120000000000000107e+00 3.549960110000000110e-04 2.120000000000000107e+00 5.895000179999999714e-14 2.120000000000000107e+00 6.740463749999999754e-01 2.120000000000000107e+00 2.261916270000000051e-04 2.120000000000000107e+00 1.176056750000000080e-06 2.120000000000000107e+00 1.795030450000000021e-04 2.120000000000000107e+00 1.186505840000000002e-13 2.120000000000000107e+00 6.618514309999999901e-01 2.120000000000000107e+00 7.557431070000000242e-04 2.120000000000000107e+00 5.991022379999999683e-05 2.120000000000000107e+00 6.916376429999999704e-04 2.120000000000000107e+00 9.499099730000000121e-15 2.120000000000000107e+00 7.390060830000000358e-01 2.120000000000000107e+00 4.497644519999999951e-04 2.120000000000000107e+00 1.423670089999999987e-05 2.120000000000000107e+00 3.522783339999999977e-04 2.120000000000000107e+00 1.629890169999999954e-14 2.120000000000000107e+00 8.031760180000000471e-01 2.120000000000000107e+00 2.226089980000000039e-04 2.120000000000000107e+00 3.181258500000000163e-06 2.120000000000000107e+00 1.620751979999999906e-04 2.120000000000000107e+00 3.202350530000000201e-14 2.120000000000000107e+00 8.030782069999999884e-01 2.120000000000000107e+00 1.079695880000000044e-04 2.120000000000000107e+00 7.428592570000000273e-07 2.120000000000000107e+00 7.666601179999999707e-05 2.120000000000000107e+00 6.318024149999999944e-14 2.120000000000000107e+00 7.966288780000000402e-01 2.120000000000000107e+00 5.252979579999999892e-05 2.120000000000000107e+00 1.832538480000000121e-07 2.120000000000000107e+00 3.696352519999999763e-05 2.120000000000000107e+00 1.251017240000000098e-13 2.120000000000000107e+00 7.933337919999999821e-01
2.129999999999999893e+00 1.486008960000000101e-03 2.129999999999999893e+00 1.009690260000000063e-04 2.129999999999999893e+00 1.716023400000000034e-03 2.129999999999999893e+00 7.052259640000000002e-15 2.129999999999999893e+00 6.213887359999999971e-01 2.129999999999999893e+00 1.164048709999999974e-03 2.129999999999999893e+00 3.358583249999999842e-05 2.129999999999999893e+00 1.130857799999999925e-03 2.129999999999999893e+00 1.481391820000000025e-14 2.129999999999999893e+00 7.192441649999999909e-01 2.129999999999999893e+00 7.578743070000000352e-04 2.129999999999999893e+00 1.061819500000000075e-05 2.129999999999999893e+00 6.695145590000000030e-04 2.129999999999999893e+00 2.918119629999999766e-14 2.129999999999999893e+00 6.942322290000000340e-01 2.129999999999999893e+00 4.355414809999999851e-04 2.129999999999999893e+00 3.891135669999999904e-06 2.129999999999999893e+00 3.593416630000000078e-04 2.129999999999999893e+00 5.895426939999999872e-14 2.129999999999999893e+00 6.740463749999999754e-01 2.129999999999999893e+00 2.273697729999999990e-04 2.129999999999999893e+00 1.206903680000000049e-06 2.129999999999999893e+00 1.817708560000000112e-04 2.129999999999999893e+00 1.186579530000000051e-13 2.129999999999999893e+00 6.618514309999999901e-01 2.129999999999999893e+00 7.574706770000000020e-04 2.129999999999999893e+00 6.076153920000000082e-05 2.129999999999999893e+00 6.992037370000000031e-04 2.129999999999999893e+00 9.499824860000000519e-15 2.129999999999999893e+00 7.390060830000000358e-01 2.129999999999999893e+00 4.516979260000000222e-04 2.129999999999999893e+00 1.451146340000000011e-05 2.129999999999999893e+00 3.567856590000000028e-04 2.129999999999999893e+00 1.630025239999999933e-14 2.129999999999999893e+00 8.031760180000000471e-01 2.129999999999999893e+00 2.238943200000000034e-04 2.129999999999999893e+00 3.248151209999999921e-06 2.129999999999999893e+00 1.643077190000000111e-04 2.129999999999999893e+00 3.202600620000000298e-14 2.129999999999999893e+00 8.030782069999999884e-01 2.129999999999999893e+00 1.086597910000000014e-04 2.129999999999999893e+00 7.590371520000000444e-07 2.129999999999999893e+00 7.774915980000000502e-05 2.129999999999999893e+00 6.318583399999999915e-14 2.129999999999999893e+00 7.966288780000000402e-01 2.129999999999999893e+00 5.287820560000000135e-05 2.129999999999999893e+00 1.874074320000000105e-07 2.129999999999999893e+00 3.749056559999999701e-05 2.129999999999999893e+00 1.251140680000000088e-13 2.129999999999999893e+00 7.933337919999999821e-01
2.140000000000000124e+00 1.487091669999999989e-03 2.140000000000000124e+00 1.017832819999999958e-04 2.140000000000000124e+00 1.730888920000000098e-03 2.140000000000000124e+00 7.052713099999999614e-15 2.140000000000000124e+00 6.213887359999999971e-01 2.140000000000000124e+00 1.166115629999999988e-03 2.140000000000000124e+00 3.412135429999999724e-05 2.140000000000000124e+00 1.142508659999999943e-03 2.140000000000000124e+00 1.481526670000000043e-14 2.140000000000000124e+00 7.192441649999999909e-01 2.140000000000000124e+00 7.602768549999999953e-04 2.140000000000000124e+00 1.086525159999999974e-05 2.140000000000000124e+00 6.771053400000000538e-04 2.140000000000000124e+00 2.918380439999999826e-14 2.140000000000000124e+00 6.942322290000000340e-01 2.140000000000000124e+00 4.374816199999999973e-04 2.140000000000000124e+00 3.995906439999999790e-06 2.140000000000000124e+00 3.637067909999999737e-04 2.140000000000000124e+00 5.895848440000000346e-14 2.140000000000000124e+00 6.740463749999999754e-01 2.140000000000000124e+00 2.285421850000000010e-04 2.140000000000000124e+00 1.238958780000000099e-06 2.140000000000000124e+00 1.840504209999999996e-04 2.140000000000000124e+00 1.186652130000000106e-13 2.140000000000000124e+00 6.618514309999999901e-01 2.140000000000000124e+00 7.591678259999999970e-04 2.140000000000000124e+00 6.162356499999999484e-05 2.140000000000000124e+00 7.067869550000000249e-04 2.140000000000000124e+00 9.500536720000000150e-15 2.140000000000000124e+00 7.390060830000000358e-01 2.140000000000000124e+00 4.536149800000000118e-04 2.140000000000000124e+00 1.479112690000000031e-05 2.140000000000000124e+00 3.613122370000000009e-04 2.140000000000000124e+00 1.630157610000000082e-14 2.140000000000000124e+00 8.031760180000000471e-01 2.140000000000000124e+00 2.251747619999999869e-04 2.140000000000000124e+00 3.316396840000000102e-06 2.140000000000000124e+00 1.665530689999999980e-04 2.140000000000000124e+00 3.202845210000000122e-14 2.140000000000000124e+00 8.030782069999999884e-01 2.140000000000000124e+00 1.093485969999999970e-04 2.140000000000000124e+00 7.755711050000000404e-07 2.140000000000000124e+00 7.883920290000000566e-05 2.140000000000000124e+00 6.319130270000000221e-14 2.140000000000000124e+00 7.966288780000000402e-01 2.140000000000000124e+00 5.322614339999999923e-05 2.140000000000000124e+00 1.916618510000000014e-07 2.140000000000000124e+00 3.802108769999999993e-05 2.140000000000000124e+00 1.251261449999999991e-13 2.140000000000000124e+00 7.933337919999999821e-01
2.149999999999999911e+00 1.488143649999999936e-03 2.149999999999999911e+00 1.026051440000000050e-04 2.149999999999999911e+00 1.745765129999999948e-03 2.149999999999999911e+00 7.053159629999999684e-15 2.149999999999999911e+00 6.213887359999999971e-01 2.149999999999999911e+00 1.168143279999999925e-03 2.149999999999999911e+00 3.466576579999999981e-05 2.149999999999999911e+00 1.154179989999999916e-03 2.149999999999999911e+00 1.481660149999999993e-14 2.149999999999999911e+00 7.192441649999999909e-01 2.149999999999999911e+00 7.626493990000000412e-04 2.149999999999999911e+00 1.111991840000000072e-05 2.149999999999999911e+00 6.847199960000000061e-04 2.149999999999999911e+00 2.918639219999999935e-14 2.149999999999999911e+00 6.942322290000000340e-01 2.149999999999999911e+00 4.394068460000000219e-04 2.149999999999999911e+00 4.104769739999999992e-06 2.149999999999999911e+00 3.680912460000000165e-04 2.149999999999999911e+00 5.896265009999999500e-14 2.149999999999999911e+00 6.740463749999999754e-01 2.149999999999999911e+00 2.297087970000000038e-04 2.149999999999999911e+00 1.272293819999999900e-06 2.149999999999999911e+00 1.863416810000000133e-04 2.149999999999999911e+00 1.186723709999999967e-13 2.149999999999999911e+00 6.618514309999999901e-01 2.149999999999999911e+00 7.608346659999999954e-04 2.149999999999999911e+00 6.249650639999999651e-05 2.149999999999999911e+00 7.143869929999999493e-04 2.149999999999999911e+00 9.501235700000000523e-15 2.149999999999999911e+00 7.390060830000000358e-01 2.149999999999999911e+00 4.555156020000000121e-04 2.149999999999999911e+00 1.507581279999999957e-05 2.149999999999999911e+00 3.658579039999999968e-04 2.149999999999999911e+00 1.630287360000000072e-14 2.149999999999999911e+00 8.031760180000000471e-01 2.149999999999999911e+00 2.264503079999999910e-04 2.149999999999999911e+00 3.386033929999999902e-06 2.149999999999999911e+00 1.688111979999999885e-04 2.149999999999999911e+00 3.203084429999999967e-14 2.149999999999999911e+00 8.030782069999999884e-01 2.149999999999999911e+00 1.100359990000000055e-04 2.149999999999999911e+00 7.924724629999999893e-07 2.149999999999999911e+00 7.993612710000000073e-05 2.149999999999999911e+00 6.319665050000000495e-14 2.149999999999999911e+00 7.966288780000000402e-01 2.149999999999999911e+00 5.357360879999999956e-05 2.149999999999999911e+00 1.960207199999999956e-07 2.149999999999999911e+00 3.855508689999999903e-05 2.149999999999999911e+00 1.251379599999999986e-13 2.149999999999999911e+00 7.933337919999999821e-01
2.160000000000000142e+00 1.489165269999999982e-03 2.160000000000000142e+00 1.034347539999999952e-04 2.160000000000000142e+00 1.760651700000000035e-03 2.160000000000000142e+00 7.053599650000000137e-15 2.160000000000000142e+00 6.213887359999999971e-01 2.160000000000000142e+00 1.170131999999999943e-03 2.160000000000000142e+00 3.521927040000000112e-05 2.160000000000000142e+00 1.165871400000000101e-03 2.160000000000000142e+00 1.481792369999999853e-14 2.160000000000000142e+00 7.192441649999999909e-01 2.160000000000000142e+00 7.649918630000000427e-04 2.160000000000000142e+00 1.138252370000000071e-05 2.160000000000000142e+00 6.923582279999999705e-04 2.160000000000000142e+00 2.918896179999999741e-14 2.160000000000000142e+00 6.942322290000000340e-01 2.160000000000000142e+00 4.413169739999999851e-04 2.160000000000000142e+00 4.217959350000000241e-06 2.160000000000000142e+00 3.724948779999999763e-04 2.160000000000000142e+00 5.896676979999999481e-14 2.160000000000000142e+00 6.740463749999999754e-01 2.160000000000000142e+00 2.308695350000000051e-04 2.160000000000000142e+00 1.306986169999999956e-06 2.160000000000000142e+00 1.886445769999999899e-04 2.160000000000000142e+00 1.186794309999999878e-13 2.160000000000000142e+00 6.618514309999999901e-01 2.160000000000000142e+00 7.624713020000000114e-04 2.160000000000000142e+00 6.338057489999999420e-05 2.160000000000000142e+00 7.220035480000000115e-04 2.160000000000000142e+00 9.501922219999999983e-15 2.160000000000000142e+00 7.390060830000000358e-01 2.160000000000000142e+00 4.573997769999999744e-04 2.160000000000000142e+00 1.536564759999999892e-05 2.160000000000000142e+00 3.704224949999999992e-04 2.160000000000000142e+00 1.630414539999999894e-14 2.160000000000000142e+00 8.031760180000000471e-01 2.160000000000000142e+00 2.277209400000000065e-04 2.160000000000000142e+00 3.457102740000000099e-06 2.160000000000000142e+00 1.710820580000000117e-04 2.160000000000000142e+00 3.203318390000000127e-14 2.160000000000000142e+00 8.030782069999999884e-01 2.160000000000000142e+00 1.107219949999999943e-04 2.160000000000000142e+00 8.097531349999999983e-07 2.160000000000000142e+00 8.103991819999999547e-05 2.160000000000000142e+00 6.320187960000000067e-14 2.160000000000000142e+00 7.966288780000000402e-01 2.160000000000000142e+00 5.392060100000000284e-05 2.160000000000000142e+00 2.004878450000000085e-07 2.160000000000000142e+00 3.909255829999999898e-05 2.160000000000000142e+00 1.251495189999999938e-13 2.160000000000000142e+00 7.933337919999999821e-01
2.169999999999999929e+00 1.490156899999999949e-03 2.169999999999999929e+00 1.042722569999999968e-04 2.169999999999999929e+00 1.775548330000000039e-03 2.169999999999999929e+00 7.054033570000000111e-15 2.169999999999999929e+00 6.213887359999999971e-01 2.169999999999999929e+00 1.172082100000000106e-03 2.169999999999999929e+00 3.578207690000000303e-05 2.169999999999999929e+00 1.177582500000000105e-03 2.169999999999999929e+00 1.481923419999999925e-14 2.169999999999999929e+00 7.192441649999999909e-01 2.169999999999999929e+00 7.673041600000000224e-04 2.169999999999999929e+00 1.165341399999999921e-05 2.169999999999999929e+00 7.000197329999999652e-04 2.169999999999999929e+00 2.919151559999999832e-14 2.169999999999999929e+00 6.942322290000000340e-01 2.169999999999999929e+00 4.432118049999999774e-04 2.169999999999999929e+00 4.335726269999999632e-06 2.169999999999999929e+00 3.769175339999999768e-04 2.169999999999999929e+00 5.897084700000000543e-14 2.169999999999999929e+00 6.740463749999999754e-01 2.169999999999999929e+00 2.320243209999999911e-04 2.169999999999999929e+00 1.343119420000000039e-06 2.169999999999999929e+00 1.909590509999999986e-04 2.169999999999999929e+00 1.186863999999999889e-13 2.169999999999999929e+00 6.618514309999999901e-01 2.169999999999999929e+00 7.640778309999999825e-04 2.169999999999999929e+00 6.427598890000000426e-05 2.169999999999999929e+00 7.296363180000000085e-04 2.169999999999999929e+00 9.502596680000000037e-15 2.169999999999999929e+00 7.390060830000000358e-01 2.169999999999999929e+00 4.592674819999999908e-04 2.169999999999999929e+00 1.566076270000000154e-05 2.169999999999999929e+00 3.750058450000000169e-04 2.169999999999999929e+00 1.630539229999999848e-14 2.169999999999999929e+00 8.031760180000000471e-01 2.169999999999999929e+00 2.289866380000000047e-04 2.169999999999999929e+00 3.529645409999999819e-06 2.169999999999999929e+00 1.733655999999999923e-04 2.169999999999999929e+00 3.203547220000000265e-14 2.169999999999999929e+00 8.030782069999999884e-01 2.169999999999999929e+00 1.114065790000000008e-04 2.169999999999999929e+00 8.274256209999999888e-07 2.169999999999999929e+00 8.215056229999999663e-05 2.169999999999999929e+00 6.320699270000000464e-14 2.169999999999999929e+00 7.966288780000000402e-01 2.169999999999999929e+00 5.426711920000000278e-05 2.169999999999999929e+00 2.050672349999999980e-07 2.169999999999999929e+00 3.963349729999999919e-05 2.169999999999999929e+00 1.251608249999999904e-13 2.169999999999999929e+00 7.933337919999999821e-01
2.180000000000000160e+00 1.491118889999999957e-03 2.180000000000000160e+00 1.051177989999999956e-04 2.180000000000000160e+00 1.790454739999999996e-03 2.180000000000000160e+00 7.054461800000000320e-15 2.180000000000000160e+00 6.213887359999999971e-01 2.180000000000000160e+00 1.173993900000000002e-03 2.180000000000000160e+00 3.635440020000000201e-05 2.180000000000000160e+00 1.189312909999999928e-03 2.180000000000000160e+00 1.482053409999999872e-14 2.180000000000000160e+00 7.192441649999999909e-01 2.180000000000000160e+00 7.695861859999999621e-04 2.180000000000000160e+00 1.193295429999999975e-05 2.180000000000000160e+00 7.077042100000000002e-04 2.180000000000000160e+00 2.919405560000000171e-14 2.180000000000000160e+00 6.942322290000000340e-01 2.180000000000000160e+00 4.450911219999999983e-04 2.180000000000000160e+00 4.458340279999999736e-06 2.180000000000000160e+00 3.813590619999999748e-04 2.180000000000000160e+00 5.897488509999999469e-14 2.180000000000000160e+00 6.740463749999999754e-01 2.180000000000000160e+00 2.331730700000000033e-04 2.180000000000000160e+00 1.380783989999999922e-06 2.180000000000000160e+00 1.932850440000000039e-04 2.180000000000000160e+00 1.186932840000000117e-13 2.180000000000000160e+00 6.618514309999999901e-01 2.180000000000000160e+00 7.656543409999999909e-04 2.180000000000000160e+00 6.518297410000000304e-05 2.180000000000000160e+00 7.372850040000000511e-04 2.180000000000000160e+00 9.503259490000000611e-15 2.180000000000000160e+00 7.390060830000000358e-01 2.180000000000000160e+00 4.611186900000000064e-04 2.180000000000000160e+00 1.596129499999999877e-05 2.180000000000000160e+00 3.796077890000000045e-04 2.180000000000000160e+00 1.630661489999999924e-14 2.180000000000000160e+00 8.031760180000000471e-01 2.180000000000000160e+00 2.302473799999999924e-04 2.180000000000000160e+00 3.603706039999999791e-06 2.180000000000000160e+00 1.756617749999999907e-04 2.180000000000000160e+00 3.203771039999999726e-14 2.180000000000000160e+00 8.030782069999999884e-01 2.180000000000000160e+00 1.120897449999999949e-04 2.180000000000000160e+00 8.455030559999999623e-07 2.180000000000000160e+00 8.326804510000000443e-05 2.180000000000000160e+00 6.321199220000000383e-14 2.180000000000000160e+00 7.966288780000000402e-01 2.180000000000000160e+00 5.461316240000000337e-05 2.180000000000000160e+00 2.097631159999999943e-07 2.180000000000000160e+00 4.017789910000000257e-05 2.180000000000000160e+00 1.251718860000000121e-13 2.180000000000000160e+00 7.933337919999999821e-01
2.189999999999999947e+00 1.492051610000000045e-03 2.189999999999999947e+00 1.059715290000000061e-04 2.189999999999999947e+00 1.805370610000000100e-03 2.189999999999999947e+00 7.054884759999999900e-15 2.189999999999999947e+00 6.213887359999999971e-01 2.189999999999999947e+00 1.175867680000000030e-03 2.189999999999999947e+00 3.693646149999999916e-05 2.189999999999999947e+00 1.201062250000000005e-03 2.189999999999999947e+00 1.482182459999999988e-14 2.189999999999999947e+00 7.192441649999999909e-01 2.189999999999999947e+00 7.718378200000000199e-04 2.189999999999999947e+00 1.222152960000000044e-05 2.189999999999999947e+00 7.154113549999999893e-04 2.189999999999999947e+00 2.919658409999999770e-14 2.189999999999999947e+00 6.942322290000000340e-01 2.189999999999999947e+00 4.469546900000000112e-04 2.189999999999999947e+00 4.586091650000000010e-06 2.189999999999999947e+00 3.858193040000000053e-04 2.189999999999999947e+00 5.897888750000000616e-14 2.189999999999999947e+00 6.740463749999999754e-01 2.189999999999999947e+00 2.343156900000000029e-04 2.189999999999999947e+00 1.420077759999999969e-06 2.189999999999999947e+00 1.956224919999999907e-04 2.189999999999999947e+00 1.187000879999999984e-13 2.189999999999999947e+00 6.618514309999999901e-01 2.189999999999999947e+00 7.672009140000000341e-04 2.189999999999999947e+00 6.610176359999999968e-05 2.189999999999999947e+00 7.449493050000000408e-04 2.189999999999999947e+00 9.503911040000000056e-15 2.189999999999999947e+00 7.390060830000000358e-01 2.189999999999999947e+00 4.629533679999999905e-04 2.189999999999999947e+00 1.626738709999999883e-05 2.189999999999999947e+00 3.842281630000000210e-04 2.189999999999999947e+00 1.630781400000000108e-14 2.189999999999999947e+00 8.031760180000000471e-01 2.189999999999999947e+00 2.315031420000000111e-04 2.189999999999999947e+00 3.679330849999999965e-06 2.189999999999999947e+00 1.779705309999999978e-04 2.189999999999999947e+00 3.203989969999999753e-14 2.189999999999999947e+00 8.030782069999999884e-01 2.189999999999999947e+00 1.127714849999999949e-04 2.189999999999999947e+00 8.639992530000000506e-07 2.189999999999999947e+00 8.439235239999999701e-05 2.189999999999999947e+00 6.321688040000000096e-14 2.189999999999999947e+00 7.966288780000000402e-01 2.189999999999999947e+00 5.495872920000000208e-05 2.189999999999999947e+00 2.145799449999999921e-07 2.189999999999999947e+00 4.072575899999999674e-05 2.189999999999999947e+00 1.251827049999999891e-13 2.189999999999999947e+00 7.933337919999999821e-01
2.200000000000000178e+00 1.492955370000000059e-03 2.200000000000000178e+00 1.068335999999999998e-04 2.200000000000000178e+00 1.820295669999999911e-03 2.200000000000000178e+00 7.055302860000000356e-15 2.200000000000000178e+00 6.213887359999999971e-01 2.200000000000000178e+00 1.177703750000000035e-03 2.200000000000000178e+00 3.752848809999999698e-05 2.200000000000000178e+00 1.212830139999999902e-03 2.200000000000000178e+00 1.482310659999999941e-14 2.200000000000000178e+00 7.192441649999999909e-01 2.200000000000000178e+00 7.740589269999999765e-04 2.200000000000000178e+00 1.251954669999999973e-05 2.200000000000000178e+00 7.231408649999999504e-04 2.200000000000000178e+00 2.919910360000000163e-14 2.200000000000000178e+00 6.942322290000000340e-01 2.200000000000000178e+00 4.488022530000000091e-04 2.200000000000000178e+00 4.719292970000000406e-06 2.200000000000000178e+00 3.902981029999999909e-04 2.200000000000000178e+00 5.898285789999999814e-14 2.200000000000000178e+00 6.740463749999999754e-01 2.200000000000000178e+00 2.354520799999999868e-04 2.200000000000000178e+00 1.461106899999999911e-06 2.200000000000000178e+00 1.979713370000000009e-04 2.200000000000000178e+00 1.187068190000000045e-13 2.200000000000000178e+00 6.618514309999999901e-01 2.200000000000000178e+00 7.687176210000000454e-04 2.200000000000000178e+00 6.703259849999999842e-05 2.200000000000000178e+00 7.526289229999999757e-04 2.200000000000000178e+00 9.504551739999999878e-15 2.200000000000000178e+00 7.390060830000000358e-01 2.200000000000000178e+00 4.647714799999999786e-04 2.200000000000000178e+00 1.657918790000000102e-05 2.200000000000000178e+00 3.888668010000000249e-04 2.200000000000000178e+00 1.630899010000000075e-14 2.200000000000000178e+00 8.031760180000000471e-01 2.200000000000000178e+00 2.327538980000000023e-04 2.200000000000000178e+00 3.756568279999999876e-06 2.200000000000000178e+00 1.802918210000000116e-04 2.200000000000000178e+00 3.204204120000000009e-14 2.200000000000000178e+00 8.030782069999999884e-01 2.200000000000000178e+00 1.134517939999999937e-04 2.200000000000000178e+00 8.829287430000000251e-07 2.200000000000000178e+00 8.552347000000000670e-05 2.200000000000000178e+00 6.322165980000000507e-14 2.200000000000000178e+00 7.966288780000000402e-01 2.200000000000000178e+00 5.530381809999999811e-05 2.200000000000000178e+00 2.195224270000000123e-07 2.200000000000000178e+00 4.127707209999999992e-05 2.200000000000000178e+00 1.251932869999999898e-13 2.200000000000000178e+00 7.933337919999999821e-01
2.209999999999999964e+00 1.493830519999999901e-03 2.209999999999999964e+00 1.077041650000000022e-04 2.209999999999999964e+00 1.835229619999999978e-03 2.209999999999999964e+00 7.055716520000000033e-15 2.209999999999999964e+00 6.213887359999999971e-01 2.209999999999999964e+00 1.179502380000000024e-03 2.209999999999999964e+00 3.813071419999999884e-05 2.209999999999999964e+00 1.224616200000000054e-03 2.209999999999999964e+00 1.482438130000000026e-14 2.209999999999999964e+00 7.192441649999999909e-01 2.209999999999999964e+00 7.762493510000000214e-04 2.209999999999999964e+00 1.282743469999999945e-05 2.209999999999999964e+00 7.308924320000000302e-04 2.209999999999999964e+00 2.920161630000000046e-14 2.209999999999999964e+00 6.942322290000000340e-01 2.209999999999999964e+00 4.506335310000000264e-04 2.209999999999999964e+00 4.858281250000000098e-06 2.209999999999999964e+00 3.947952949999999905e-04 2.209999999999999964e+00 5.898679970000000158e-14 2.209999999999999964e+00 6.740463749999999754e-01 2.209999999999999964e+00 2.365821320000000070e-04 2.209999999999999964e+00 1.503986670000000053e-06 2.209999999999999964e+00 2.003315130000000001e-04 2.209999999999999964e+00 1.187134829999999912e-13 2.209999999999999964e+00 6.618514309999999901e-01 2.209999999999999964e+00 7.702045259999999857e-04 2.209999999999999964e+00 6.797572800000000371e-05 2.209999999999999964e+00 7.603235589999999666e-04 2.209999999999999964e+00 9.505182009999999999e-15 2.209999999999999964e+00 7.390060830000000358e-01 2.209999999999999964e+00 4.665729789999999958e-04 2.209999999999999964e+00 1.689685230000000099e-05 2.209999999999999964e+00 3.935235369999999749e-04 2.209999999999999964e+00 1.631014400000000126e-14 2.209999999999999964e+00 8.031760180000000471e-01 2.209999999999999964e+00 2.339996199999999963e-04 2.209999999999999964e+00 3.835469150000000066e-06 2.209999999999999964e+00 1.826255929999999960e-04 2.209999999999999964e+00 3.204413620000000156e-14 2.209999999999999964e+00 8.030782069999999884e-01 2.209999999999999964e+00 1.141306630000000003e-04 2.209999999999999964e+00 9.023068300000000263e-07 2.209999999999999964e+00 8.666138350000000162e-05 2.209999999999999964e+00 6.322633270000000625e-14 2.209999999999999964e+00 7.966288780000000402e-01 2.209999999999999964e+00 5.564842730000000274e-05 2.209999999999999964e+00 2.245955320000000046e-07 2.209999999999999964e+00 4.183183379999999796e-05 2.209999999999999964e+00 1.252036389999999940e-13 2.209999999999999964e+00 7.933337919999999821e-01
2.220000000000000195e+00 1.494677380000000028e-03 2.220000000000000195e+00 1.085833809999999959e-04 2.220000000000000195e+00 1.850172190000000079e-03 2.220000000000000195e+00 7.056126149999999647e-15 2.220000000000000195e+00 6.213887359999999971e-01 2.220000000000000195e+00 1.181263849999999961e-03 2.220000000000000195e+00 3.874338069999999894e-05 2.220000000000000195e+00 1.236420059999999987e-03 2.220000000000000195e+00 1.482564979999999907e-14 2.220000000000000195e+00 7.192441649999999909e-01 2.220000000000000195e+00 7.784089179999999827e-04 2.220000000000000195e+00 1.314564720000000009e-05 2.220000000000000195e+00 7.386657490000000459e-04 2.220000000000000195e+00 2.920412469999999692e-14 2.220000000000000195e+00 6.942322290000000340e-01 2.220000000000000195e+00 4.524482230000000191e-04 2.220000000000000195e+00 5.003420159999999679e-06 2.220000000000000195e+00 3.993107180000000011e-04 2.220000000000000195e+00 5.899071660000000004e-14 2.220000000000000195e+00 6.740463749999999754e-01 2.220000000000000195e+00 2.377057260000000011e-04 2.220000000000000195e+00 1.548842430000000071e-06 2.220000000000000195e+00 2.027029579999999921e-04 2.220000000000000195e+00 1.187200859999999951e-13 2.220000000000000195e+00 6.618514309999999901e-01 2.220000000000000195e+00 7.716616839999999606e-04 2.220000000000000195e+00 6.893140999999999602e-05 2.220000000000000195e+00 7.680329140000000153e-04 2.220000000000000195e+00 9.505802240000000350e-15 2.220000000000000195e+00 7.390060830000000358e-01 2.220000000000000195e+00 4.683578150000000250e-04 2.220000000000000195e+00 1.722054240000000020e-05 2.220000000000000195e+00 3.981982049999999921e-04 2.220000000000000195e+00 1.631127629999999935e-14 2.220000000000000195e+00 8.031760180000000471e-01 2.220000000000000195e+00 2.352402780000000047e-04 2.220000000000000195e+00 3.916086840000000200e-06 2.220000000000000195e+00 1.849717959999999922e-04 2.220000000000000195e+00 3.204618570000000175e-14 2.220000000000000195e+00 8.030782069999999884e-01 2.220000000000000195e+00 1.148080829999999962e-04 2.220000000000000195e+00 9.221496410000000035e-07 2.220000000000000195e+00 8.780607839999999902e-05 2.220000000000000195e+00 6.323090150000000410e-14 2.220000000000000195e+00 7.966288780000000402e-01 2.220000000000000195e+00 5.599255479999999685e-05 2.220000000000000195e+00 2.298045129999999924e-07 2.220000000000000195e+00 4.239003909999999729e-05 2.220000000000000195e+00 1.252137640000000076e-13 2.220000000000000195e+00 7.933337919999999821e-01
2.229999999999999982e+00 1.495496260000000067e-03 2.229999999999999982e+00 1.094714090000000015e-04 2.229999999999999982e+00 1.865123079999999895e-03 2.229999999999999982e+00 7.056532169999999910e-15 2.229999999999999982e+00 6.213887359999999971e-01 2.229999999999999982e+00 1.182988420000000108e-03 2.229999999999999982e+00 3.936673539999999919e-05 2.229999999999999982e+00 1.248241350000000097e-03 2.229999999999999982e+00 1.482691329999999878e-14 2.229999999999999982e+00 7.192441649999999909e-01 2.229999999999999982e+00 7.805374329999999888e-04 2.229999999999999982e+00 1.347466350000000008e-05 2.229999999999999982e+00 7.464605070000000396e-04 2.229999999999999982e+00 2.920663119999999688e-14 2.229999999999999982e+00 6.942322290000000340e-01 2.229999999999999982e+00 4.542459980000000089e-04 2.229999999999999982e+00 5.155102550000000136e-06 2.229999999999999982e+00 4.038442029999999932e-04 2.229999999999999982e+00 5.899461239999999915e-14 2.229999999999999982e+00 6.740463749999999754e-01 2.229999999999999982e+00 2.388227320000000005e-04 2.229999999999999982e+00 1.595810690000000062e-06 2.229999999999999982e+00 2.050856059999999967e-04 2.229999999999999982e+00 1.187266349999999962e-13 2.229999999999999982e+00 6.618514309999999901e-01 2.229999999999999982e+00 7.730891400000000071e-04 2.229999999999999982e+00 6.989991170000000274e-05 2.229999999999999982e+00 7.757566929999999998e-04 2.229999999999999982e+00 9.506412849999999278e-15 2.229999999999999982e+00 7.390060830000000358e-01 2.229999999999999982e+00 4.701259320000000189e-04 2.229999999999999982e+00 1.755042740000000085e-05 2.229999999999999982e+00 4.028906379999999850e-04 2.229999999999999982e+00 1.631238770000000120e-14 2.229999999999999982e+00 8.031760180000000471e-01 2.229999999999999982e+00 2.364758360000000087e-04 2.229999999999999982e+00 3.998477419999999748e-06 2.229999999999999982e+00 1.873303810000000061e-04 2.229999999999999982e+00 3.204819090000000045e-14 2.229999999999999982e+00 8.030782069999999884e-01 2.229999999999999982e+00 1.154840439999999945e-04 2.229999999999999982e+00 9.424741830000000279e-07 2.229999999999999982e+00 8.895754029999999412e-05 2.229999999999999982e+00 6.323536850000000134e-14 2.229999999999999982e+00 7.966288780000000402e-01 2.229999999999999982e+00 5.633619830000000046e-05 2.229999999999999982e+00 2.351549260000000132e-07 2.229999999999999982e+00 4.295168320000000082e-05 2.229999999999999982e+00 1.252236669999999980e-13 2.229999999999999982e+00 7.933337919999999821e-01
2.240000000000000213e+00 1.496287470000000081e-03 2.240000000000000213e+00 1.103684090000000033e-04 2.240000000000000213e+00 1.880082020000000071e-03 2.240000000000000213e+00 7.056935009999999958e-15 2.240000000000000213e+00 6.213887359999999971e-01 2.240000000000000213e+00 1.184676329999999941e-03 2.240000000000000213e+00 4.000103350000000035e-05 2.240000000000000213e+00 1.260079710000000085e-03 2.240000000000000213e+00 1.482817289999999919e-14 2.240000000000000213e+00 7.192441649999999909e-01 2.240000000000000213e+00 7.826346810000000317e-04 2.240000000000000213e+00 1.381499039999999977e-05 2.240000000000000213e+00 7.542763929999999608e-04 2.240000000000000213e+00 2.920913839999999986e-14 2.240000000000000213e+00 6.942322290000000340e-01 2.240000000000000213e+00 4.560264980000000167e-04 2.240000000000000213e+00 5.313753260000000125e-06 2.240000000000000213e+00 4.083955799999999955e-04 2.240000000000000213e+00 5.899849079999999507e-14 2.240000000000000213e+00 6.740463749999999754e-01 2.240000000000000213e+00 2.399330089999999994e-04 2.240000000000000213e+00 1.645040339999999928e-06 2.240000000000000213e+00 2.074793900000000105e-04 2.240000000000000213e+00 1.187331350000000124e-13 2.240000000000000213e+00 6.618514309999999901e-01 2.240000000000000213e+00 7.744869309999999774e-04 2.240000000000000213e+00 7.088150969999999470e-05 2.240000000000000213e+00 7.834945980000000264e-04 2.240000000000000213e+00 9.507014249999999864e-15 2.240000000000000213e+00 7.390060830000000358e-01 2.240000000000000213e+00 4.718772640000000245e-04 2.240000000000000213e+00 1.788668390000000067e-05 2.240000000000000213e+00 4.076006679999999742e-04 2.240000000000000213e+00 1.631347880000000039e-14 2.240000000000000213e+00 8.031760180000000471e-01 2.240000000000000213e+00 2.377062600000000086e-04 2.240000000000000213e+00 4.082699880000000303e-06 2.240000000000000213e+00 1.897012960000000017e-04 2.240000000000000213e+00 3.205015310000000058e-14 2.240000000000000213e+00 8.030782069999999884e-01 2.240000000000000213e+00 1.161585370000000039e-04 2.240000000000000213e+00 9.632984069999999951e-07 2.240000000000000213e+00 9.011575440000000269e-05 2.240000000000000213e+00 6.323973590000000388e-14 2.240000000000000213e+00 7.966288780000000402e-01 2.240000000000000213e+00 5.667935500000000174e-05 2.240000000000000213e+00 2.406526530000000161e-07 2.240000000000000213e+00 4.351676140000000295e-05 2.240000000000000213e+00 1.252333540000000020e-13 2.240000000000000213e+00 7.933337919999999821e-01
2.250000000000000000e+00 1.497051299999999996e-03 2.250000000000000000e+00 1.112745489999999939e-04 2.250000000000000000e+00 1.895048739999999950e-03 2.250000000000000000e+00 7.057335099999999711e-15 2.250000000000000000e+00 6.213887359999999971e-01 2.250000000000000000e+00 1.186327829999999977e-03 2.250000000000000000e+00 4.064653770000000035e-05 2.250000000000000000e+00 1.271934759999999954e-03 2.250000000000000000e+00 1.482942980000000009e-14 2.250000000000000000e+00 7.192441649999999909e-01 2.250000000000000000e+00 7.847004219999999860e-04 2.250000000000000000e+00 1.416716410000000029e-05 2.250000000000000000e+00 7.621130949999999722e-04 2.250000000000000000e+00 2.921164900000000223e-14 2.250000000000000000e+00 6.942322290000000340e-01 2.250000000000000000e+00 4.577893329999999745e-04 2.250000000000000000e+00 5.479832210000000196e-06 2.250000000000000000e+00 4.129646740000000025e-04 2.250000000000000000e+00 5.900235560000000607e-14 2.250000000000000000e+00 6.740463749999999754e-01 2.250000000000000000e+00 2.410364000000000018e-04 2.250000000000000000e+00 1.696693990000000003e-06 2.250000000000000000e+00 2.098842430000000031e-04 2.250000000000000000e+00 1.187395939999999917e-13 2.250000000000000000e+00 6.618514309999999901e-01 2.250000000000000000e+00 7.758550849999999765e-04 2.250000000000000000e+00 7.187649070000000264e-05 2.250000000000000000e+00 7.912463329999999771e-04 2.250000000000000000e+00 9.507606870000000453e-15 2.250000000000000000e+00 7.390060830000000358e-01 2.250000000000000000e+00 4.736117409999999962e-04 2.250000000000000000e+00 1.822949709999999892e-05 2.250000000000000000e+00 4.123281269999999805e-04 2.250000000000000000e+00 1.631455029999999996e-14 2.250000000000000000e+00 8.031760180000000471e-01 2.250000000000000000e+00 2.389315109999999977e-04 2.250000000000000000e+00 4.168816280000000406e-06 2.250000000000000000e+00 1.920844889999999969e-04 2.250000000000000000e+00 3.205207330000000197e-14 2.250000000000000000e+00 8.030782069999999884e-01 2.250000000000000000e+00 1.168315489999999950e-04 2.250000000000000000e+00 9.846412740000000764e-07 2.250000000000000000e+00 9.128070609999999632e-05 2.250000000000000000e+00 6.324400609999999869e-14 2.250000000000000000e+00 7.966288780000000402e-01 2.250000000000000000e+00 5.702202220000000062e-05 2.250000000000000000e+00 2.463039220000000146e-07 2.250000000000000000e+00 4.408526870000000332e-05 2.250000000000000000e+00 1.252428280000000003e-13 2.250000000000000000e+00 7.933337919999999821e-01
2.259999999999999787e+00 1.497788039999999954e-03 2.259999999999999787e+00 1.121899950000000012e-04 2.259999999999999787e+00 1.910022960000000002e-03 2.259999999999999787e+00 7.057732859999999884e-15 2.259999999999999787e+00 6.213887359999999971e-01 2.259999999999999787e+00 1.187943149999999949e-03 2.259999999999999787e+00 4.130351850000000250e-05 2.259999999999999787e+00 1.283806140000000057e-03 2.259999999999999787e+00 1.483068530000000124e-14 2.259999999999999787e+00 7.192441649999999909e-01 2.259999999999999787e+00 7.867343950000000273e-04 2.259999999999999787e+00 1.453175179999999915e-05 2.259999999999999787e+00 7.699702960000000393e-04 2.259999999999999787e+00 2.921416550000000039e-14 2.259999999999999787e+00 6.942322290000000340e-01 2.259999999999999787e+00 4.595340760000000166e-04 2.259999999999999787e+00 5.653837770000000403e-06 2.259999999999999787e+00 4.175513070000000208e-04 2.259999999999999787e+00 5.900621090000000300e-14 2.259999999999999787e+00 6.740463749999999754e-01 2.259999999999999787e+00 2.421327360000000053e-04 2.259999999999999787e+00 1.750949570000000073e-06 2.259999999999999787e+00 2.123000939999999872e-04 2.259999999999999787e+00 1.187460170000000028e-13 2.259999999999999787e+00 6.618514309999999901e-01 2.259999999999999787e+00 7.771936180000000487e-04 2.259999999999999787e+00 7.288515199999999331e-05 2.259999999999999787e+00 7.990116009999999542e-04 2.259999999999999787e+00 9.508191099999999397e-15 2.259999999999999787e+00 7.390060830000000358e-01 2.259999999999999787e+00 4.753292819999999867e-04 2.259999999999999787e+00 1.857906040000000005e-05 2.259999999999999787e+00 4.170728459999999745e-04 2.259999999999999787e+00 1.631560289999999978e-14 2.259999999999999787e+00 8.031760180000000471e-01 2.259999999999999787e+00 2.401515460000000122e-04 2.259999999999999787e+00 4.256892020000000125e-06 2.259999999999999787e+00 1.944799090000000059e-04 2.259999999999999787e+00 3.205395260000000125e-14 2.259999999999999787e+00 8.030782069999999884e-01 2.259999999999999787e+00 1.175030680000000024e-04 2.259999999999999787e+00 1.006522830000000038e-06 2.259999999999999787e+00 9.245238039999999430e-05 2.259999999999999787e+00 6.324818130000000429e-14 2.259999999999999787e+00 7.966288780000000402e-01 2.259999999999999787e+00 5.736419639999999754e-05 2.259999999999999787e+00 2.521153379999999867e-07 2.259999999999999787e+00 4.465720019999999983e-05 2.259999999999999787e+00 1.252520950000000042e-13 2.259999999999999787e+00 7.933337919999999821e-01
2.270000000000000018e+00 1.498497969999999921e-03 2.270000000000000018e+00 1.131149190000000021e-04 2.270000000000000018e+00 1.925004410000000004e-03 2.270000000000000018e+00 7.058128729999999609e-15 2.270000000000000018e+00 6.213887359999999971e-01 2.270000000000000018e+00 1.189522510000000062e-03 2.270000000000000018e+00 4.197225439999999853e-05 2.270000000000000018e+00 1.295693500000000059e-03 2.270000000000000018e+00 1.483194059999999927e-14 2.270000000000000018e+00 7.192441649999999909e-01 2.270000000000000018e+00 7.887363120000000054e-04 2.270000000000000018e+00 1.490935460000000041e-05 2.270000000000000018e+00 7.778476760000000313e-04 2.270000000000000018e+00 2.921669079999999696e-14 2.270000000000000018e+00 6.942322290000000340e-01 2.270000000000000018e+00 4.612602629999999911e-04 2.270000000000000018e+00 5.836310609999999660e-06 2.270000000000000018e+00 4.221552939999999765e-04 2.270000000000000018e+00 5.901006060000000094e-14 2.270000000000000018e+00 6.740463749999999754e-01 2.270000000000000018e+00 2.432218290000000022e-04 2.270000000000000018e+00 1.808002030000000048e-06 2.270000000000000018e+00 2.147268729999999984e-04 2.270000000000000018e+00 1.187524130000000125e-13 2.270000000000000018e+00 6.618514309999999901e-01 2.270000000000000018e+00 7.785025359999999534e-04 2.270000000000000018e+00 7.390780209999999438e-05 2.270000000000000018e+00 8.067901070000000523e-04 2.270000000000000018e+00 9.508767389999999771e-15 2.270000000000000018e+00 7.390060830000000358e-01 2.270000000000000018e+00 4.770298010000000141e-04 2.270000000000000018e+00 1.893557659999999942e-05 2.270000000000000018e+00 4.218346559999999810e-04 2.270000000000000018e+00 1.631663719999999973e-14 2.270000000000000018e+00 8.031760180000000471e-01 2.270000000000000018e+00 2.413663210000000111e-04 2.270000000000000018e+00 4.346996030000000264e-06 2.270000000000000018e+00 1.968875020000000005e-04 2.270000000000000018e+00 3.205579219999999821e-14 2.270000000000000018e+00 8.030782069999999884e-01 2.270000000000000018e+00 1.181730809999999966e-04 2.270000000000000018e+00 1.028964280000000038e-06 2.270000000000000018e+00 9.363076239999999382e-05 2.270000000000000018e+00 6.325226360000000452e-14 2.270000000000000018e+00 7.966288780000000402e-01 2.270000000000000018e+00 5.770587409999999970e-05 2.270000000000000018e+00 2.580939079999999920e-07 2.270000000000000018e+00 4.523255099999999715e-05 2.270000000000000018e+00 1.252611589999999879e-13 2.270000000000000018e+00 7.933337919999999821e-01
2.279999999999999805e+00 1.499181370000000077e-03 2.279999999999999805e+00 1.140494950000000060e-04 2.279999999999999805e+00 1.939992829999999911e-03 2.279999999999999805e+00 7.058523140000000385e-15 2.279999999999999805e+00 6.213887359999999971e-01 2.279999999999999805e+00 1.191066140000000047e-03 2.279999999999999805e+00 4.265303209999999885e-05 2.279999999999999805e+00 1.307596469999999919e-03 2.279999999999999805e+00 1.483319700000000026e-14 2.279999999999999805e+00 7.192441649999999909e-01 2.279999999999999805e+00 7.907058559999999943e-04 2.279999999999999805e+00 1.530060859999999868e-05 2.279999999999999805e+00 7.857449140000000382e-04 2.279999999999999805e+00 2.921922760000000093e-14 2.279999999999999805e+00 6.942322290000000340e-01 2.279999999999999805e+00 4.629673880000000226e-04 2.279999999999999805e+00 6.027837869999999642e-06 2.279999999999999805e+00 4.267764480000000205e-04 2.279999999999999805e+00 5.901390890000000544e-14 2.279999999999999805e+00 6.740463749999999754e-01 2.279999999999999805e+00 2.443034760000000177e-04 2.279999999999999805e+00 1.868065340000000008e-06 2.279999999999999805e+00 2.171645060000000074e-04 2.279999999999999805e+00 1.187587869999999883e-13 2.279999999999999805e+00 6.618514309999999901e-01 2.279999999999999805e+00 7.797818380000000197e-04 2.279999999999999805e+00 7.494476119999999761e-05 2.279999999999999805e+00 8.145815530000000528e-04 2.279999999999999805e+00 9.509336159999999921e-15 2.279999999999999805e+00 7.390060830000000358e-01 2.279999999999999805e+00 4.787132009999999784e-04 2.279999999999999805e+00 1.929925840000000159e-05 2.279999999999999805e+00 4.266133849999999826e-04 2.279999999999999805e+00 1.631765389999999970e-14 2.279999999999999805e+00 8.031760180000000471e-01 2.279999999999999805e+00 2.425757850000000084e-04 2.279999999999999805e+00 4.439201059999999815e-06 2.279999999999999805e+00 1.993072169999999946e-04 2.279999999999999805e+00 3.205759329999999895e-14 2.279999999999999805e+00 8.030782069999999884e-01 2.279999999999999805e+00 1.188415729999999968e-04 2.279999999999999805e+00 1.051988069999999972e-06 2.279999999999999805e+00 9.481583699999999559e-05 2.279999999999999805e+00 6.325625539999999897e-14 2.279999999999999805e+00 7.966288780000000402e-01 2.279999999999999805e+00 5.804705109999999950e-05 2.279999999999999805e+00 2.642470670000000019e-07 2.279999999999999805e+00 4.581131599999999668e-05 2.279999999999999805e+00 1.252700249999999946e-13 2.279999999999999805e+00 7.933337919999999821e-01
2.290000000000000036e+00 1.499838500000000036e-03 2.290000000000000036e+00 1.149939010000000064e-04 2.290000000000000036e+00 1.954987950000000151e-03 2.290000000000000036e+00 7.058916559999999762e-15 2.290000000000000036e+00 6.213887359999999971e-01 2.290000000000000036e+00 1.192574220000000053e-03 2.290000000000000036e+00 4.334614689999999852e-05 2.290000000000000036e+00 1.319514709999999912e-03 2.290000000000000036e+00 1.483445590000000080e-14 2.290000000000000036e+00 7.192441649999999909e-01 2.290000000000000036e+00 7.926426839999999550e-04 2.290000000000000036e+00 1.570618839999999908e-05 2.290000000000000036e+00 7.936616839999999532e-04 2.290000000000000036e+00 2.922177889999999913e-14 2.290000000000000036e+00 6.942322290000000340e-01 2.290000000000000036e+00 4.646548989999999858e-04 2.290000000000000036e+00 6.229057839999999742e-06 2.290000000000000036e+00 4.314145760000000023e-04 2.290000000000000036e+00 5.901775989999999998e-14 2.290000000000000036e+00 6.740463749999999754e-01 2.290000000000000036e+00 2.453774480000000180e-04 2.290000000000000036e+00 1.931374709999999790e-06 2.290000000000000036e+00 2.196129169999999923e-04 2.290000000000000036e+00 1.187651470000000044e-13 2.290000000000000036e+00 6.618514309999999901e-01 2.290000000000000036e+00 7.810315079999999863e-04 2.290000000000000036e+00 7.599636189999999403e-05 2.290000000000000036e+00 8.223856450000000462e-04 2.290000000000000036e+00 9.509897829999999771e-15 2.290000000000000036e+00 7.390060830000000358e-01 2.290000000000000036e+00 4.803793790000000200e-04 2.290000000000000036e+00 1.967032850000000169e-05 2.290000000000000036e+00 4.314088630000000079e-04 2.290000000000000036e+00 1.631865369999999955e-14 2.290000000000000036e+00 8.031760180000000471e-01 2.290000000000000036e+00 2.437798869999999911e-04 2.290000000000000036e+00 4.533583920000000212e-06 2.290000000000000036e+00 2.017389999999999873e-04 2.290000000000000036e+00 3.205935700000000011e-14 2.290000000000000036e+00 8.030782069999999884e-01 2.290000000000000036e+00 1.195085270000000033e-04 2.290000000000000036e+00 1.075618020000000063e-06 2.290000000000000036e+00 9.600758879999999880e-05 2.290000000000000036e+00 6.326015890000000615e-14 2.290000000000000036e+00 7.966288780000000402e-01 2.290000000000000036e+00 5.838772290000000136e-05 2.290000000000000036e+00 2.705827179999999912e-07 2.290000000000000036e+00 4.639349030000000309e-05 2.290000000000000036e+00 1.252786969999999984e-13 2.290000000000000036e+00 7.933337919999999821e-01
2.299999999999999822e+00 1.500469610000000099e-03 2.299999999999999822e+00 1.159483170000000023e-04 2.299999999999999822e+00 1.969989509999999812e-03 2.299999999999999822e+00 7.059309430000000027e-15 2.299999999999999822e+00 6.213887359999999971e-01 2.299999999999999822e+00 1.194046949999999930e-03 2.299999999999999822e+00 4.405190320000000229e-05 2.299999999999999822e+00 1.331447840000000039e-03 2.299999999999999822e+00 1.483571850000000067e-14 2.299999999999999822e+00 7.192441649999999909e-01 2.299999999999999822e+00 7.945464209999999767e-04 2.299999999999999822e+00 1.612680869999999928e-05 2.299999999999999822e+00 8.015976580000000028e-04 2.299999999999999822e+00 2.922434769999999733e-14 2.299999999999999822e+00 6.942322290000000340e-01 2.299999999999999822e+00 4.663221930000000133e-04 2.299999999999999822e+00 6.440665159999999841e-06 2.299999999999999822e+00 4.360694790000000124e-04 2.299999999999999822e+00 5.902161799999999641e-14 2.299999999999999822e+00 6.740463749999999754e-01 2.299999999999999822e+00 2.464434990000000103e-04 2.299999999999999822e+00 1.998189199999999984e-06 2.299999999999999822e+00 2.220720289999999900e-04 2.299999999999999822e+00 1.187714999999999902e-13 2.299999999999999822e+00 6.618514309999999901e-01 2.299999999999999822e+00 7.822515209999999532e-04 2.299999999999999822e+00 7.706294980000000401e-05 2.299999999999999822e+00 8.302020850000000306e-04 2.299999999999999822e+00 9.510452839999999243e-15 2.299999999999999822e+00 7.390060830000000358e-01 2.299999999999999822e+00 4.820282180000000100e-04 2.299999999999999822e+00 2.004902120000000133e-05 2.299999999999999822e+00 4.362209149999999973e-04 2.299999999999999822e+00 1.631963719999999919e-14 2.299999999999999822e+00 8.031760180000000471e-01 2.299999999999999822e+00 2.449785710000000204e-04 2.299999999999999822e+00 4.630225810000000395e-06 2.299999999999999822e+00 2.041827970000000046e-04 2.299999999999999822e+00 3.206108439999999834e-14 2.299999999999999822e+00 8.030782069999999884e-01 2.299999999999999822e+00 1.201739269999999986e-04 2.299999999999999822e+00 1.099879350000000103e-06 2.299999999999999822e+00 9.720600229999999762e-05 2.299999999999999822e+00 6.326397619999999730e-14 2.299999999999999822e+00 7.966288780000000402e-01 2.299999999999999822e+00 5.872788470000000143e-05 2.299999999999999822e+00 2.771092619999999942e-07 2.299999999999999822e+00 4.697906879999999747e-05 2.299999999999999822e+00 1.252871810000000108e-13 2.299999999999999822e+00 7.933337919999999821e-01
2.310000000000000053e+00 1.501074970000000055e-03 2.310000000000000053e+00 1.169129259999999944e-04 2.310000000000000053e+00 1.984997249999999932e-03 2.310000000000000053e+00 7.059702210000000308e-15 2.310000000000000053e+00 6.213887359999999971e-01 2.310000000000000053e+00 1.195484529999999964e-03 2.310000000000000053e+00 4.477061409999999778e-05 2.310000000000000053e+00 1.343395530000000100e-03 2.310000000000000053e+00 1.483698639999999958e-14 2.310000000000000053e+00 7.192441649999999909e-01 2.310000000000000053e+00 7.964166599999999508e-04 2.310000000000000053e+00 1.656322800000000086e-05 2.310000000000000053e+00 8.095525010000000077e-04 2.310000000000000053e+00 2.922693700000000131e-14 2.310000000000000053e+00 6.942322290000000340e-01 2.310000000000000053e+00 4.679686099999999776e-04 2.310000000000000053e+00 6.663416539999999877e-06 2.310000000000000053e+00 4.407409510000000067e-04 2.310000000000000053e+00 5.902548759999999392e-14 2.310000000000000053e+00 6.740463749999999754e-01 2.310000000000000053e+00 2.475013530000000133e-04 2.310000000000000053e+00 2.068794529999999847e-06 2.310000000000000053e+00 2.245417600000000028e-04 2.310000000000000053e+00 1.187778530000000013e-13 2.310000000000000053e+00 6.618514309999999901e-01 2.310000000000000053e+00 7.834418409999999557e-04 2.310000000000000053e+00 7.814488429999999551e-05 2.310000000000000053e+00 8.380305760000000001e-04 2.310000000000000053e+00 9.511001649999999831e-15 2.310000000000000053e+00 7.390060830000000358e-01 2.310000000000000053e+00 4.836595950000000064e-04 2.310000000000000053e+00 2.043558210000000035e-05 2.310000000000000053e+00 4.410493689999999876e-04 2.310000000000000053e+00 1.632060519999999846e-14 2.310000000000000053e+00 8.031760180000000471e-01 2.310000000000000053e+00 2.461717739999999956e-04 2.310000000000000053e+00 4.729212650000000329e-06 2.310000000000000053e+00 2.066385529999999952e-04 2.310000000000000053e+00 3.206277660000000291e-14 2.310000000000000053e+00 8.030782069999999884e-01 2.310000000000000053e+00 1.208377540000000046e-04 2.310000000000000053e+00 1.124798869999999938e-06 2.310000000000000053e+00 9.841106210000000480e-05 2.310000000000000053e+00 6.326770950000000357e-14 2.310000000000000053e+00 7.966288780000000402e-01 2.310000000000000053e+00 5.906753090000000311e-05 2.310000000000000053e+00 2.838356369999999815e-07 2.310000000000000053e+00 4.756804630000000331e-05 2.310000000000000053e+00 1.252954789999999935e-13 2.310000000000000053e+00 7.933337919999999821e-01
2.319999999999999840e+00 1.501654799999999892e-03 2.319999999999999840e+00 1.178879169999999998e-04 2.319999999999999840e+00 2.000010920000000209e-03 2.319999999999999840e+00 7.060095369999999731e-15 2.319999999999999840e+00 6.213887359999999971e-01 2.319999999999999840e+00 1.196887109999999988e-03 2.319999999999999840e+00 4.550260260000000217e-05 2.319999999999999840e+00 1.355357410000000056e-03 2.319999999999999840e+00 1.483826080000000049e-14 2.319999999999999840e+00 7.192441649999999909e-01 2.319999999999999840e+00 7.982529590000000171e-04 2.319999999999999840e+00 1.701625069999999950e-05 2.319999999999999840e+00 8.175258780000000053e-04 2.319999999999999840e+00 2.922955010000000101e-14 2.319999999999999840e+00 6.942322290000000340e-01 2.319999999999999840e+00 4.695934289999999949e-04 2.319999999999999840e+00 6.898137170000000018e-06 2.319999999999999840e+00 4.454287790000000229e-04 2.319999999999999840e+00 5.902937320000000117e-14 2.319999999999999840e+00 6.740463749999999754e-01 2.319999999999999840e+00 2.485507059999999950e-04 2.319999999999999840e+00 2.143506460000000031e-06 2.319999999999999840e+00 2.270220270000000099e-04 2.319999999999999840e+00 1.187842140000000110e-13 2.319999999999999840e+00 6.618514309999999901e-01 2.319999999999999840e+00 7.846024179999999768e-04 2.319999999999999840e+00 7.924253930000000050e-05 2.319999999999999840e+00 8.458708220000000534e-04 2.319999999999999840e+00 9.511544679999999882e-15 2.319999999999999840e+00 7.390060830000000358e-01 2.319999999999999840e+00 4.852733740000000104e-04 2.319999999999999840e+00 2.083026989999999909e-05 2.319999999999999840e+00 4.458940479999999812e-04 2.319999999999999840e+00 1.632155830000000041e-14 2.319999999999999840e+00 8.031760180000000471e-01 2.319999999999999840e+00 2.473594310000000137e-04 2.319999999999999840e+00 4.830635379999999979e-06 2.319999999999999840e+00 2.091062140000000122e-04 2.319999999999999840e+00 3.206443489999999780e-14 2.319999999999999840e+00 8.030782069999999884e-01 2.319999999999999840e+00 1.214999869999999966e-04 2.319999999999999840e+00 1.150405030000000066e-06 2.319999999999999840e+00 9.962275209999999794e-05 2.319999999999999840e+00 6.327136100000000564e-14 2.319999999999999840e+00 7.966288780000000402e-01 2.319999999999999840e+00 5.940665560000000150e-05 2.319999999999999840e+00 2.907713630000000233e-07 2.319999999999999840e+00 4.816041770000000166e-05 2.319999999999999840e+00 1.253035970000000087e-13 2.319999999999999840e+00 7.933337919999999821e-01
2.330000000000000071e+00 1.502209349999999912e-03 2.330000000000000071e+00 1.188734800000000049e-04 2.330000000000000071e+00 2.015030269999999908e-03 2.330000000000000071e+00 7.060489399999999787e-15 2.330000000000000071e+00 6.213887359999999971e-01 2.330000000000000071e+00 1.198254869999999936e-03 2.330000000000000071e+00 4.624820129999999968e-05 2.330000000000000071e+00 1.367333149999999924e-03 2.330000000000000071e+00 1.483954329999999993e-14 2.330000000000000071e+00 7.192441649999999909e-01 2.330000000000000071e+00 8.000548400000000258e-04 2.330000000000000071e+00 1.748673080000000141e-05 2.330000000000000071e+00 8.255174459999999569e-04 2.330000000000000071e+00 2.923219029999999898e-14 2.330000000000000071e+00 6.942322290000000340e-01 2.330000000000000071e+00 4.711958610000000196e-04 2.330000000000000071e+00 7.145727790000000264e-06 2.330000000000000071e+00 4.501327450000000108e-04 2.330000000000000071e+00 5.903327960000000468e-14 2.330000000000000071e+00 6.740463749999999754e-01 2.330000000000000071e+00 2.495912219999999967e-04 2.330000000000000071e+00 2.222674509999999985e-06 2.330000000000000071e+00 2.295127449999999987e-04 2.330000000000000071e+00 1.187905909999999925e-13 2.330000000000000071e+00 6.618514309999999901e-01 2.330000000000000071e+00 7.857331920000000395e-04 2.330000000000000071e+00 8.035630390000000108e-05 2.330000000000000071e+00 8.537225249999999717e-04 2.330000000000000071e+00 9.512082399999999311e-15 2.330000000000000071e+00 7.390060830000000358e-01 2.330000000000000071e+00 4.868694090000000091e-04 2.330000000000000071e+00 2.123335639999999840e-05 2.330000000000000071e+00 4.507547770000000270e-04 2.330000000000000071e+00 1.632249709999999862e-14 2.330000000000000071e+00 8.031760180000000471e-01 2.330000000000000071e+00 2.485414730000000253e-04 2.330000000000000071e+00 4.934590430000000379e-06 2.330000000000000071e+00 2.115857230000000124e-04 2.330000000000000071e+00 3.206606019999999864e-14 2.330000000000000071e+00 8.030782069999999884e-01 2.330000000000000071e+00 1.221606050000000044e-04 2.330000000000000071e+00 1.176728110000000002e-06 2.330000000000000071e+00 1.008410559999999988e-04 2.330000000000000071e+00 6.327493279999999997e-14 2.330000000000000071e+00 7.966288780000000402e-01 2.330000000000000071e+00 5.974525230000000227e-05 2.330000000000000071e+00 2.979265840000000178e-07 2.330000000000000071e+00 4.875617759999999922e-05 2.330000000000000071e+00 1.253115399999999986e-13 2.330000000000000071e+00 7.933337919999999821e-01
2.339999999999999858e+00 1.502738850000000063e-03 2.339999999999999858e+00 1.198698079999999973e-04 2.339999999999999858e+00 2.030055030000000107e-03 2.339999999999999858e+00 7.060884770000000390e-15 2.339999999999999858e+00 6.213887359999999971e-01 2.339999999999999858e+00 1.199587949999999896e-03 2.339999999999999858e+00 4.700775290000000061e-05 2.339999999999999858e+00 1.379322400000000020e-03 2.339999999999999858e+00 1.484083550000000079e-14 2.339999999999999858e+00 7.192441649999999909e-01 2.339999999999999858e+00 8.018217849999999865e-04 2.339999999999999858e+00 1.797557490000000117e-05 2.339999999999999858e+00 8.335268579999999478e-04 2.339999999999999858e+00 2.923486100000000092e-14 2.339999999999999858e+00 6.942322290000000340e-01 2.339999999999999858e+00 4.727750450000000226e-04 2.339999999999999858e+00 7.407172539999999910e-06 2.339999999999999858e+00 4.548526190000000218e-04 2.339999999999999858e+00 5.903721149999999413e-14 2.339999999999999858e+00 6.740463749999999754e-01 2.339999999999999858e+00 2.506225279999999911e-04 2.339999999999999858e+00 2.306686219999999858e-06 2.339999999999999858e+00 2.320138209999999884e-04 2.339999999999999858e+00 1.187969910000000015e-13 2.339999999999999858e+00 6.618514309999999901e-01 2.339999999999999858e+00 7.868340870000000136e-04 2.339999999999999858e+00 8.148658340000000677e-05 2.339999999999999858e+00 8.615853859999999739e-04 2.339999999999999858e+00 9.512615269999999614e-15 2.339999999999999858e+00 7.390060830000000358e-01 2.339999999999999858e+00 4.884475410000000415e-04 2.339999999999999858e+00 2.164512789999999880e-05 2.339999999999999858e+00 4.556313770000000271e-04 2.339999999999999858e+00 1.632342249999999925e-14 2.339999999999999858e+00 8.031760180000000471e-01 2.339999999999999858e+00 2.497178230000000128e-04 2.339999999999999858e+00 5.041180050000000381e-06 2.339999999999999858e+00 2.140770249999999987e-04 2.339999999999999858e+00 3.206765380000000202e-14 2.339999999999999858e+00 8.030782069999999884e-01 2.339999999999999858e+00 1.228195840000000018e-04 2.339999999999999858e+00 1.203800339999999982e-06 2.339999999999999858e+00 1.020659589999999960e-04 2.339999999999999858e+00 6.327842720000000192e-14 2.339999999999999858e+00 7.966288780000000402e-01 2.339999999999999858e+00 6.008331369999999797e-05 2.339999999999999858e+00 3.053121169999999756e-07 2.339999999999999858e+00 4.935532089999999738e-05 2.339999999999999858e+00 1.253193109999999942e-13 2.339999999999999858e+00 7.933337919999999821e-01
2.350000000000000089e+00 1.503243509999999941e-03 2.350000000000000089e+00 1.208771010000000046e-04 2.350000000000000089e+00 2.045084960000000032e-03 2.350000000000000089e+00 7.061281979999999874e-15 2.350000000000000089e+00 6.213887359999999971e-01 2.350000000000000089e+00 1.200886499999999921e-03 2.350000000000000089e+00 4.778161050000000214e-05 2.350000000000000089e+00 1.391324800000000046e-03 2.350000000000000089e+00 1.484213889999999962e-14 2.350000000000000089e+00 7.192441649999999909e-01 2.350000000000000089e+00 8.035532349999999647e-04 2.350000000000000089e+00 1.848374630000000125e-05 2.350000000000000089e+00 8.415537629999999712e-04 2.350000000000000089e+00 2.923756579999999989e-14 2.350000000000000089e+00 6.942322290000000340e-01 2.350000000000000089e+00 4.743300329999999973e-04 2.350000000000000089e+00 7.683547670000000552e-06 2.350000000000000089e+00 4.595881650000000233e-04 2.350000000000000089e+00 5.904117390000000017e-14 2.350000000000000089e+00 6.740463749999999754e-01 2.350000000000000089e+00 2.516442100000000062e-04 2.350000000000000089e+00 2.395972140000000173e-06 2.350000000000000089e+00 2.345251629999999942e-04 2.350000000000000089e+00 1.188034230000000046e-13 2.350000000000000089e+00 6.618514309999999901e-01 2.350000000000000089e+00 7.879050170000000261e-04 2.350000000000000089e+00 8.263380029999999629e-05 2.350000000000000089e+00 8.694591069999999498e-04 2.350000000000000089e+00 9.513143750000000706e-15 2.350000000000000089e+00 7.390060830000000358e-01 2.350000000000000089e+00 4.900075999999999737e-04 2.350000000000000089e+00 2.206588619999999985e-05 2.350000000000000089e+00 4.605236679999999958e-04 2.350000000000000089e+00 1.632433499999999905e-14 2.350000000000000089e+00 8.031760180000000471e-01 2.350000000000000089e+00 2.508884010000000248e-04 2.350000000000000089e+00 5.150512849999999884e-06 2.350000000000000089e+00 2.165800609999999900e-04 2.350000000000000089e+00 3.206921670000000147e-14 2.350000000000000089e+00 8.030782069999999884e-01 2.350000000000000089e+00 1.234768980000000116e-04 2.350000000000000089e+00 1.231656019999999915e-06 2.350000000000000089e+00 1.032974430000000024e-04 2.350000000000000089e+00 6.328184619999999851e-14 2.350000000000000089e+00 7.966288780000000402e-01 2.350000000000000089e+00 6.042083229999999826e-05 2.350000000000000089e+00 3.129395100000000176e-07 2.350000000000000089e+00 4.995784209999999778e-05 2.350000000000000089e+00 1.253269160000000071e-13 2.350000000000000089e+00 7.933337919999999821e-01
2.359999999999999876e+00 1.503723549999999966e-03 2.359999999999999876e+00 1.218955580000000041e-04 2.359999999999999876e+00 2.060119820000000206e-03 2.359999999999999876e+00 7.061681539999999723e-15 2.359999999999999876e+00 6.213887359999999971e-01 2.359999999999999876e+00 1.202150660000000102e-03 2.359999999999999876e+00 4.857013809999999993e-05 2.359999999999999876e+00 1.403340010000000060e-03 2.359999999999999876e+00 1.484345509999999931e-14 2.359999999999999876e+00 7.192441649999999909e-01 2.359999999999999876e+00 8.052485859999999884e-04 2.359999999999999876e+00 1.901226830000000154e-05 2.359999999999999876e+00 8.495978020000000521e-04 2.359999999999999876e+00 2.924030810000000156e-14 2.359999999999999876e+00 6.942322290000000340e-01 2.359999999999999876e+00 4.758597900000000134e-04 2.359999999999999876e+00 7.976031150000000082e-06 2.359999999999999876e+00 4.643391349999999762e-04 2.359999999999999876e+00 5.904517180000000298e-14 2.359999999999999876e+00 6.740463749999999754e-01 2.359999999999999876e+00 2.526558069999999866e-04 2.359999999999999876e+00 2.491011319999999934e-06 2.359999999999999876e+00 2.370466720000000051e-04 2.359999999999999876e+00 1.188098950000000006e-13 2.359999999999999876e+00 6.618514309999999901e-01 2.359999999999999876e+00 7.889458800000000507e-04 2.359999999999999876e+00 8.379839499999999341e-05 2.359999999999999876e+00 8.773433870000000179e-04 2.359999999999999876e+00 9.513668319999999348e-15 2.359999999999999876e+00 7.390060830000000358e-01 2.359999999999999876e+00 4.915494000000000070e-04 2.359999999999999876e+00 2.249594919999999980e-05 2.359999999999999876e+00 4.654314680000000101e-04 2.359999999999999876e+00 1.632523540000000102e-14 2.359999999999999876e+00 8.031760180000000471e-01 2.359999999999999876e+00 2.520531179999999831e-04 2.359999999999999876e+00 5.262704229999999914e-06 2.359999999999999876e+00 2.190947730000000011e-04 2.359999999999999876e+00 3.207075030000000304e-14 2.359999999999999876e+00 8.030782069999999884e-01 2.359999999999999876e+00 1.241325190000000100e-04 2.359999999999999876e+00 1.260331750000000005e-06 2.359999999999999876e+00 1.045354910000000044e-04 2.359999999999999876e+00 6.328519210000000511e-14 2.359999999999999876e+00 7.966288780000000402e-01 2.359999999999999876e+00 6.075779930000000170e-05 2.359999999999999876e+00 3.208210979999999961e-07 2.359999999999999876e+00 5.056373570000000209e-05 2.359999999999999876e+00 1.253343569999999990e-13 2.359999999999999876e+00 7.933337919999999821e-01
2.370000000000000107e+00 1.504179169999999991e-03 2.370000000000000107e+00 1.229253869999999914e-04 2.370000000000000107e+00 2.075159349999999934e-03 2.370000000000000107e+00 7.062083969999999844e-15 2.370000000000000107e+00 6.213887359999999971e-01 2.370000000000000107e+00 1.203380539999999999e-03 2.370000000000000107e+00 4.937371100000000139e-05 2.370000000000000107e+00 1.415367700000000079e-03 2.370000000000000107e+00 1.484478579999999954e-14 2.370000000000000107e+00 7.192441649999999909e-01 2.370000000000000107e+00 8.069071890000000490e-04 2.370000000000000107e+00 1.956222860000000007e-05 2.370000000000000107e+00 8.576586120000000146e-04 2.370000000000000107e+00 2.924309200000000206e-14 2.370000000000000107e+00 6.942322290000000340e-01 2.370000000000000107e+00 4.773631790000000064e-04 2.370000000000000107e+00 8.285913280000000469e-06 2.370000000000000107e+00 4.691052729999999819e-04 2.370000000000000107e+00 5.904921049999999844e-14 2.370000000000000107e+00 6.740463749999999754e-01 2.370000000000000107e+00 2.536568059999999764e-04 2.370000000000000107e+00 2.592337789999999803e-06 2.370000000000000107e+00 2.395782440000000031e-04 2.370000000000000107e+00 1.188164149999999879e-13 2.370000000000000107e+00 6.618514309999999901e-01 2.370000000000000107e+00 7.899565590000000130e-04 2.370000000000000107e+00 8.498082659999999866e-05 2.370000000000000107e+00 8.852379239999999755e-04 2.370000000000000107e+00 9.514189460000000184e-15 2.370000000000000107e+00 7.390060830000000358e-01 2.370000000000000107e+00 4.930727419999999606e-04 2.370000000000000107e+00 2.293565259999999964e-05 2.370000000000000107e+00 4.703545939999999878e-04 2.370000000000000107e+00 1.632612439999999874e-14 2.370000000000000107e+00 8.031760180000000471e-01 2.370000000000000107e+00 2.532118819999999845e-04 2.370000000000000107e+00 5.377876929999999748e-06 2.370000000000000107e+00 2.216211029999999929e-04 2.370000000000000107e+00 3.207225549999999710e-14 2.370000000000000107e+00 8.030782069999999884e-01 2.370000000000000107e+00 1.247864180000000044e-04 2.370000000000000107e+00 1.289866590000000066e-06 2.370000000000000107e+00 1.057800869999999982e-04 2.370000000000000107e+00 6.328846700000000557e-14 2.370000000000000107e+00 7.966288780000000402e-01 2.370000000000000107e+00 6.109420560000000536e-05 2.370000000000000107e+00 3.289700649999999847e-07 2.370000000000000107e+00 5.117299619999999839e-05 2.370000000000000107e+00 1.253416410000000002e-13 2.370000000000000107e+00 7.933337919999999821e-01
2.379999999999999893e+00 1.504610590000000003e-03 2.379999999999999893e+00 1.239667950000000068e-04 2.379999999999999893e+00 2.090203320000000135e-03 2.379999999999999893e+00 7.062489810000000140e-15 2.379999999999999893e+00 6.213887359999999971e-01 2.379999999999999893e+00 1.204576259999999999e-03 2.379999999999999893e+00 5.019271579999999859e-05 2.379999999999999893e+00 1.427407510000000025e-03 2.379999999999999893e+00 1.484613270000000002e-14 2.379999999999999893e+00 7.192441649999999909e-01 2.379999999999999893e+00 8.085283420000000240e-04 2.379999999999999893e+00 2.013478359999999886e-05 2.379999999999999893e+00 8.657358210000000442e-04 2.379999999999999893e+00 2.924592119999999756e-14 2.379999999999999893e+00 6.942322290000000340e-01 2.379999999999999893e+00 4.788389550000000179e-04 2.379999999999999893e+00 8.614608410000000298e-06 2.379999999999999893e+00 4.738863069999999888e-04 2.379999999999999893e+00 5.905329540000000452e-14 2.379999999999999893e+00 6.740463749999999754e-01 2.379999999999999893e+00 2.546466349999999845e-04 2.379999999999999893e+00 2.700547829999999883e-06 2.379999999999999893e+00 2.421197710000000131e-04 2.379999999999999893e+00 1.188229930000000027e-13 2.379999999999999893e+00 6.618514309999999901e-01 2.379999999999999893e+00 7.909369249999999947e-04 2.379999999999999893e+00 8.618157480000000347e-05 2.379999999999999893e+00 8.931424170000000495e-04 2.379999999999999893e+00 9.514707669999999971e-15 2.379999999999999893e+00 7.390060830000000358e-01 2.379999999999999893e+00 4.945774130000000351e-04 2.379999999999999893e+00 2.338535089999999909e-05 2.379999999999999893e+00 4.752928610000000179e-04 2.379999999999999893e+00 1.632700280000000152e-14 2.379999999999999893e+00 8.031760180000000471e-01 2.379999999999999893e+00 2.543645900000000067e-04 2.379999999999999893e+00 5.496161670000000078e-06 2.379999999999999893e+00 2.241589909999999882e-04 2.379999999999999893e+00 3.207373359999999919e-14 2.379999999999999893e+00 8.030782069999999884e-01 2.379999999999999893e+00 1.254385629999999873e-04 2.379999999999999893e+00 1.320302220000000096e-06 2.379999999999999893e+00 1.070312139999999977e-04 2.379999999999999893e+00 6.329167299999999633e-14 2.379999999999999893e+00 7.966288780000000402e-01 2.379999999999999893e+00 6.143004099999999849e-05 2.379999999999999893e+00 3.374005190000000202e-07 2.379999999999999893e+00 5.178561789999999861e-05 2.379999999999999893e+00 1.253487709999999913e-13 2.379999999999999893e+00 7.933337919999999821e-01
2.390000000000000124e+00 1.505017979999999974e-03 2.390000000000000124e+00 1.250199950000000122e-04 2.390000000000000124e+00 2.105251480000000074e-03 2.390000000000000124e+00 7.062899589999999727e-15 2.390000000000000124e+00 6.213887359999999971e-01 2.390000000000000124e+00 1.205737919999999921e-03 2.390000000000000124e+00 5.102755120000000168e-05 2.390000000000000124e+00 1.439459109999999915e-03 2.390000000000000124e+00 1.484749760000000040e-14 2.390000000000000124e+00 7.192441649999999909e-01 2.390000000000000124e+00 8.101112929999999910e-04 2.390000000000000124e+00 2.073116300000000113e-05 2.390000000000000124e+00 8.738290520000000210e-04 2.390000000000000124e+00 2.924880000000000306e-14 2.390000000000000124e+00 6.942322290000000340e-01 2.390000000000000124e+00 4.802857499999999848e-04 2.390000000000000124e+00 8.963667770000000018e-06 2.390000000000000124e+00 4.786819549999999854e-04 2.390000000000000124e+00 5.905743209999999497e-14 2.390000000000000124e+00 6.740463749999999754e-01 2.390000000000000124e+00 2.556246519999999739e-04 2.390000000000000124e+00 2.816308350000000047e-06 2.390000000000000124e+00 2.446711370000000108e-04 2.390000000000000124e+00 1.188296359999999994e-13 2.390000000000000124e+00 6.618514309999999901e-01 2.390000000000000124e+00 7.918868300000000450e-04 2.390000000000000124e+00 8.740113990000000365e-05 2.390000000000000124e+00 9.010565610000000492e-04 2.390000000000000124e+00 9.515223450000000195e-15 2.390000000000000124e+00 7.390060830000000358e-01 2.390000000000000124e+00 4.960631809999999650e-04 2.390000000000000124e+00 2.384541839999999941e-05 2.390000000000000124e+00 4.802460789999999920e-04 2.390000000000000124e+00 1.632787119999999979e-14 2.390000000000000124e+00 8.031760180000000471e-01 2.390000000000000124e+00 2.555111349999999895e-04 2.390000000000000124e+00 5.617697719999999794e-06 2.390000000000000124e+00 2.267083739999999948e-04 2.390000000000000124e+00 3.207518569999999966e-14 2.390000000000000124e+00 8.030782069999999884e-01 2.390000000000000124e+00 1.260889179999999941e-04 2.390000000000000124e+00 1.351683240000000097e-06 2.390000000000000124e+00 1.082888520000000013e-04 2.390000000000000124e+00 6.329481229999999595e-14 2.390000000000000124e+00 7.966288780000000402e-01 2.390000000000000124e+00 6.176529470000000121e-05 2.390000000000000124e+00 3.461275649999999978e-07 2.390000000000000124e+00 5.240159510000000115e-05 2.390000000000000124e+00 1.253557509999999968e-13 2.390000000000000124e+00 7.933337919999999821e-01
2.399999999999999911e+00 1.505401539999999972e-03 2.399999999999999911e+00 1.260852060000000000e-04 2.399999999999999911e+00 2.120303599999999802e-03 2.399999999999999911e+00 7.063313870000000081e-15 2.399999999999999911e+00 6.213887359999999971e-01 2.399999999999999911e+00 1.206865620000000016e-03 2.399999999999999911e+00 5.187862820000000146e-05 2.399999999999999911e+00 1.451522150000000063e-03 2.399999999999999911e+00 1.484888250000000034e-14 2.399999999999999911e+00 7.192441649999999909e-01 2.399999999999999911e+00 8.116552300000000504e-04 2.399999999999999911e+00 2.135267500000000135e-05 2.399999999999999911e+00 8.819379169999999775e-04 2.399999999999999911e+00 2.925173230000000209e-14 2.399999999999999911e+00 6.942322290000000340e-01 2.399999999999999911e+00 4.817020629999999959e-04 2.399999999999999911e+00 9.334793509999999509e-06 2.399999999999999911e+00 4.834919200000000199e-04 2.399999999999999911e+00 5.906162630000000345e-14 2.399999999999999911e+00 6.740463749999999754e-01 2.399999999999999911e+00 2.565901419999999829e-04 2.399999999999999911e+00 2.940366410000000170e-06 2.399999999999999911e+00 2.472322219999999876e-04 2.399999999999999911e+00 1.188363560000000013e-13 2.399999999999999911e+00 6.618514309999999901e-01 2.399999999999999911e+00 7.928061109999999479e-04 2.399999999999999911e+00 8.864004500000000151e-05 2.399999999999999911e+00 9.089800510000000007e-04 2.399999999999999911e+00 9.515737310000000764e-15 2.399999999999999911e+00 7.390060830000000358e-01 2.399999999999999911e+00 4.975297989999999783e-04 2.399999999999999911e+00 2.431625130000000039e-05 2.399999999999999911e+00 4.852140600000000108e-04 2.399999999999999911e+00 1.632873039999999971e-14 2.399999999999999911e+00 8.031760180000000471e-01 2.399999999999999911e+00 2.566514000000000208e-04 2.399999999999999911e+00 5.742633649999999753e-06 2.399999999999999911e+00 2.292691920000000086e-04 2.399999999999999911e+00 3.207661310000000141e-14 2.399999999999999911e+00 8.030782069999999884e-01 2.399999999999999911e+00 1.267374460000000099e-04 2.399999999999999911e+00 1.384057350000000095e-06 2.399999999999999911e+00 1.095529860000000013e-04 2.399999999999999911e+00 6.329788709999999772e-14 2.399999999999999911e+00 7.966288780000000402e-01 2.399999999999999911e+00 6.209995449999999720e-05 2.399999999999999911e+00 3.551673860000000171e-07 2.399999999999999911e+00 5.302092190000000111e-05 2.399999999999999911e+00 1.253625860000000095e-13 2.399999999999999911e+00 7.933337919999999821e-01
2.410000000000000142e+00 1.505761449999999928e-03 2.410000000000000142e+00 1.271626480000000127e-04 2.410000000000000142e+00 2.135359429999999885e-03 2.410000000000000142e+00 7.063733230000000310e-15 2.410000000000000142e+00 6.213887359999999971e-01 2.410000000000000142e+00 1.207959420000000042e-03 2.410000000000000142e+00 5.274637050000000304e-05 2.410000000000000142e+00 1.463596310000000013e-03 2.410000000000000142e+00 1.485028919999999951e-14 2.410000000000000142e+00 7.192441649999999909e-01 2.410000000000000142e+00 8.131592839999999883e-04 2.410000000000000142e+00 2.200071100000000105e-05 2.410000000000000142e+00 8.900620229999999661e-04 2.410000000000000142e+00 2.925472279999999694e-14 2.410000000000000142e+00 6.942322290000000340e-01 2.410000000000000142e+00 4.830862490000000105e-04 2.410000000000000142e+00 9.729853990000000819e-06 2.410000000000000142e+00 4.883158890000000420e-04 2.410000000000000142e+00 5.906588400000000366e-14 2.410000000000000142e+00 6.740463749999999754e-01 2.410000000000000142e+00 2.575423010000000255e-04 2.410000000000000142e+00 3.073560080000000133e-06 2.410000000000000142e+00 2.498028959999999753e-04 2.410000000000000142e+00 1.188431610000000067e-13 2.410000000000000142e+00 6.618514309999999901e-01 2.410000000000000142e+00 7.936945879999999891e-04 2.410000000000000142e+00 8.989883650000000384e-05 2.410000000000000142e+00 9.169125810000000425e-04 2.410000000000000142e+00 9.516249780000000006e-15 2.410000000000000142e+00 7.390060830000000358e-01 2.410000000000000142e+00 4.989770010000000536e-04 2.410000000000000142e+00 2.479826840000000165e-05 2.410000000000000142e+00 4.901966109999999783e-04 2.410000000000000142e+00 1.632958110000000117e-14 2.410000000000000142e+00 8.031760180000000471e-01 2.410000000000000142e+00 2.577852600000000039e-04 2.410000000000000142e+00 5.871128039999999644e-06 2.410000000000000142e+00 2.318413809999999870e-04 2.410000000000000142e+00 3.207801679999999797e-14 2.410000000000000142e+00 8.030782069999999884e-01 2.410000000000000142e+00 1.273841060000000089e-04 2.410000000000000142e+00 1.417475620000000058e-06 2.410000000000000142e+00 1.108235950000000002e-04 2.410000000000000142e+00 6.330089940000000127e-14 2.410000000000000142e+00 7.966288780000000402e-01 2.410000000000000142e+00 6.243400759999999427e-05 2.410000000000000142e+00 3.645373409999999967e-07 2.410000000000000142e+00 5.364359219999999712e-05 2.410000000000000142e+00 1.253692800000000034e-13 2.410000000000000142e+00 7.933337919999999821e-01
2.419999999999999929e+00 1.506097880000000031e-03 2.419999999999999929e+00 1.282525459999999914e-04 2.419999999999999929e+00 2.150418749999999900e-03 2.419999999999999929e+00 7.064158250000000308e-15 2.419999999999999929e+00 6.213887359999999971e-01 2.419999999999999929e+00 1.209019410000000076e-03 2.419999999999999929e+00 5.363121510000000175e-05 2.419999999999999929e+00 1.475681229999999903e-03 2.419999999999999929e+00 1.485171970000000071e-14 2.419999999999999929e+00 7.192441649999999909e-01 2.419999999999999929e+00 8.146225209999999588e-04 2.419999999999999929e+00 2.267675170000000000e-05 2.419999999999999929e+00 8.982009669999999708e-04 2.419999999999999929e+00 2.925777589999999946e-14 2.419999999999999929e+00 6.942322290000000340e-01 2.419999999999999929e+00 4.844364979999999971e-04 2.419999999999999929e+00 1.015090029999999948e-05 2.419999999999999929e+00 4.931535320000000151e-04 2.419999999999999929e+00 5.907021130000000397e-14 2.419999999999999929e+00 6.740463749999999754e-01 2.419999999999999929e+00 2.584802300000000079e-04 2.419999999999999929e+00 3.216830850000000158e-06 2.419999999999999929e+00 2.523830209999999830e-04 2.419999999999999929e+00 1.188500610000000013e-13 2.419999999999999929e+00 6.618514309999999901e-01 2.419999999999999929e+00 7.945520629999999838e-04 2.419999999999999929e+00 9.117808560000000234e-05 2.419999999999999929e+00 9.248538400000000078e-04 2.419999999999999929e+00 9.516761379999999405e-15 2.419999999999999929e+00 7.390060830000000358e-01 2.419999999999999929e+00 5.004045020000000288e-04 2.419999999999999929e+00 2.529191350000000116e-05 2.419999999999999929e+00 4.951935350000000310e-04 2.419999999999999929e+00 1.633042410000000085e-14 2.419999999999999929e+00 8.031760180000000471e-01 2.419999999999999929e+00 2.589125799999999903e-04 2.419999999999999929e+00 6.003350370000000158e-06 2.419999999999999929e+00 2.344248760000000001e-04 2.419999999999999929e+00 3.207939820000000169e-14 2.419999999999999929e+00 8.030782069999999884e-01 2.419999999999999929e+00 1.280288540000000042e-04 2.419999999999999929e+00 1.451992809999999996e-06 2.419999999999999929e+00 1.121006619999999983e-04 2.419999999999999929e+00 6.330385160000000618e-14 2.419999999999999929e+00 7.966288780000000402e-01 2.419999999999999929e+00 6.276743990000000265e-05 2.419999999999999929e+00 3.742560570000000079e-07 2.419999999999999929e+00 5.426959990000000135e-05 2.419999999999999929e+00 1.253758379999999965e-13 2.419999999999999929e+00 7.933337919999999821e-01
2.430000000000000160e+00 1.506411000000000035e-03 2.430000000000000160e+00 1.293551309999999889e-04 2.430000000000000160e+00 2.165481309999999979e-03 2.430000000000000160e+00 7.064589529999999968e-15 2.430000000000000160e+00 6.213887359999999971e-01 2.430000000000000160e+00 1.210045639999999915e-03 2.430000000000000160e+00 5.453361259999999822e-05 2.430000000000000160e+00 1.487776579999999967e-03 2.430000000000000160e+00 1.485317610000000040e-14 2.430000000000000160e+00 7.192441649999999909e-01 2.430000000000000160e+00 8.160439369999999623e-04 2.430000000000000160e+00 2.338237260000000135e-05 2.430000000000000160e+00 9.063543340000000236e-04 2.430000000000000160e+00 2.926089629999999933e-14 2.430000000000000160e+00 6.942322290000000340e-01 2.430000000000000160e+00 4.857508280000000147e-04 2.430000000000000160e+00 1.060018400000000015e-05 2.430000000000000160e+00 4.980044999999999784e-04 2.430000000000000160e+00 5.907461460000000321e-14 2.430000000000000160e+00 6.740463749999999754e-01 2.430000000000000160e+00 2.594029160000000203e-04 2.430000000000000160e+00 3.371237579999999961e-06 2.430000000000000160e+00 2.549724490000000060e-04 2.430000000000000160e+00 1.188570659999999960e-13 2.430000000000000160e+00 6.618514309999999901e-01 2.430000000000000160e+00 7.953783190000000402e-04 2.430000000000000160e+00 9.247838989999999980e-05 2.430000000000000160e+00 9.328035180000000511e-04 2.430000000000000160e+00 9.517272660000000439e-15 2.430000000000000160e+00 7.390060830000000358e-01 2.430000000000000160e+00 5.018119960000000422e-04 2.430000000000000160e+00 2.579765640000000144e-05 2.430000000000000160e+00 5.002046340000000386e-04 2.430000000000000160e+00 1.633126029999999861e-14 2.430000000000000160e+00 8.031760180000000471e-01 2.430000000000000160e+00 2.600332140000000212e-04 2.430000000000000160e+00 6.139481869999999923e-06 2.430000000000000160e+00 2.370196099999999904e-04 2.430000000000000160e+00 3.208075829999999979e-14 2.430000000000000160e+00 8.030782069999999884e-01 2.430000000000000160e+00 1.286716439999999900e-04 2.430000000000000160e+00 1.487667649999999926e-06 2.430000000000000160e+00 1.133841659999999980e-04 2.430000000000000160e+00 6.330674579999999629e-14 2.430000000000000160e+00 7.966288780000000402e-01 2.430000000000000160e+00 6.310023590000000298e-05 2.430000000000000160e+00 3.843435419999999967e-07 2.430000000000000160e+00 5.489893889999999889e-05 2.430000000000000160e+00 1.253822639999999881e-13 2.430000000000000160e+00 7.933337919999999821e-01
2.439999999999999947e+00 1.506700979999999910e-03 2.439999999999999947e+00 1.304706369999999917e-04 2.439999999999999947e+00 2.180546890000000133e-03 2.439999999999999947e+00 7.065027709999999964e-15 2.439999999999999947e+00 6.213887359999999971e-01 2.439999999999999947e+00 1.211038160000000013e-03 2.439999999999999947e+00 5.545402780000000139e-05 2.439999999999999947e+00 1.499882030000000005e-03 2.439999999999999947e+00 1.485466050000000136e-14 2.439999999999999947e+00 7.192441649999999909e-01 2.439999999999999947e+00 8.174224610000000498e-04 2.439999999999999947e+00 2.411925029999999933e-05 2.439999999999999947e+00 9.145217029999999636e-04 2.439999999999999947e+00 2.926408909999999878e-14 2.439999999999999947e+00 6.942322290000000340e-01 2.439999999999999947e+00 4.870270640000000264e-04 2.439999999999999947e+00 1.108017590000000048e-05 2.439999999999999947e+00 5.028684220000000050e-04 2.439999999999999947e+00 5.907910049999999389e-14 2.439999999999999947e+00 6.740463749999999754e-01 2.439999999999999947e+00 2.603092219999999981e-04 2.439999999999999947e+00 3.537972330000000050e-06 2.439999999999999947e+00 2.575710240000000169e-04 2.439999999999999947e+00 1.188641879999999886e-13 2.439999999999999947e+00 6.618514309999999901e-01 2.439999999999999947e+00 7.961731210000000131e-04 2.439999999999999947e+00 9.380037430000000103e-05 2.439999999999999947e+00 9.407613010000000177e-04 2.439999999999999947e+00 9.517784179999999853e-15 2.439999999999999947e+00 7.390060830000000358e-01 2.439999999999999947e+00 5.031991530000000032e-04 2.439999999999999947e+00 2.631599519999999965e-05 2.439999999999999947e+00 5.052297070000000452e-04 2.439999999999999947e+00 1.633209030000000064e-14 2.439999999999999947e+00 8.031760180000000471e-01 2.439999999999999947e+00 2.611470080000000073e-04 2.439999999999999947e+00 6.279716489999999668e-06 2.439999999999999947e+00 2.396255170000000047e-04 2.439999999999999947e+00 3.208209849999999831e-14 2.439999999999999947e+00 8.030782069999999884e-01 2.439999999999999947e+00 1.293124219999999922e-04 2.439999999999999947e+00 1.524563190000000072e-06 2.439999999999999947e+00 1.146740879999999941e-04 2.439999999999999947e+00 6.330958410000000593e-14 2.439999999999999947e+00 7.966288780000000402e-01 2.439999999999999947e+00 6.343237909999999342e-05 2.439999999999999947e+00 3.948213029999999995e-07 2.439999999999999947e+00 5.553160249999999887e-05 2.439999999999999947e+00 1.253885620000000028e-13 2.439999999999999947e+00 7.933337919999999821e-01
2.450000000000000178e+00 1.506967950000000006e-03 2.450000000000000178e+00 1.315993029999999937e-04 2.450000000000000178e+00 2.195615259999999982e-03 2.450000000000000178e+00 7.065473410000000183e-15 2.450000000000000178e+00 6.213887359999999971e-01 2.450000000000000178e+00 1.211997000000000031e-03 2.450000000000000178e+00 5.639293970000000138e-05 2.450000000000000178e+00 1.511997229999999899e-03 2.450000000000000178e+00 1.485617520000000002e-14 2.450000000000000178e+00 7.192441649999999909e-01 2.450000000000000178e+00 8.187569410000000540e-04 2.450000000000000178e+00 2.488916880000000082e-05 2.450000000000000178e+00 9.227026370000000191e-04 2.450000000000000178e+00 2.926735920000000010e-14 2.450000000000000178e+00 6.942322290000000340e-01 2.450000000000000178e+00 4.882628220000000173e-04 2.450000000000000178e+00 1.159358570000000048e-05 2.450000000000000178e+00 5.077449060000000349e-04 2.450000000000000178e+00 5.908367580000000003e-14 2.450000000000000178e+00 6.740463749999999754e-01 2.450000000000000178e+00 2.611978680000000145e-04 2.450000000000000178e+00 3.718378079999999945e-06 2.450000000000000178e+00 2.601785749999999944e-04 2.450000000000000178e+00 1.188714359999999963e-13 2.450000000000000178e+00 6.618514309999999901e-01 2.450000000000000178e+00 7.969362129999999498e-04 2.450000000000000178e+00 9.514469279999999485e-05 2.450000000000000178e+00 9.487268739999999735e-04 2.450000000000000178e+00 9.518296520000000696e-15 2.450000000000000178e+00 7.390060830000000358e-01 2.450000000000000178e+00 5.045656230000000091e-04 2.450000000000000178e+00 2.684745819999999832e-05 2.450000000000000178e+00 5.102685480000000067e-04 2.450000000000000178e+00 1.633291490000000048e-14 2.450000000000000178e+00 8.031760180000000471e-01 2.450000000000000178e+00 2.622537929999999733e-04 2.450000000000000178e+00 6.424262030000000172e-06 2.450000000000000178e+00 2.422425269999999974e-04 2.450000000000000178e+00 3.208341990000000022e-14 2.450000000000000178e+00 8.030782069999999884e-01 2.450000000000000178e+00 1.299511350000000058e-04 2.450000000000000178e+00 1.562747189999999959e-06 2.450000000000000178e+00 1.159704070000000027e-04 2.450000000000000178e+00 6.331236879999999997e-14 2.450000000000000178e+00 7.966288780000000402e-01 2.450000000000000178e+00 6.376385140000000022e-05 2.450000000000000178e+00 4.057124769999999835e-07 2.450000000000000178e+00 5.616758420000000018e-05 2.450000000000000178e+00 1.253947370000000081e-13 2.450000000000000178e+00 7.933337919999999821e-01
2.459999999999999964e+00 1.507212080000000076e-03 2.459999999999999964e+00 1.327413729999999954e-04 2.459999999999999964e+00 2.210686180000000049e-03 2.459999999999999964e+00 7.065927289999999719e-15 2.459999999999999964e+00 6.213887359999999971e-01 2.459999999999999964e+00 1.212922190000000067e-03 2.459999999999999964e+00 5.735084280000000094e-05 2.459999999999999964e+00 1.524121860000000059e-03 2.459999999999999964e+00 1.485772249999999912e-14 2.459999999999999964e+00 7.192441649999999909e-01 2.459999999999999964e+00 8.200461460000000148e-04 2.459999999999999964e+00 2.569402610000000105e-05 2.459999999999999964e+00 9.308966900000000206e-04 2.459999999999999964e+00 2.927071209999999913e-14 2.459999999999999964e+00 6.942322290000000340e-01 2.459999999999999964e+00 4.894554960000000463e-04 2.459999999999999964e+00 1.214338230000000023e-05 2.459999999999999964e+00 5.126335349999999996e-04 2.459999999999999964e+00 5.908834759999999826e-14 2.459999999999999964e+00 6.740463749999999754e-01 2.459999999999999964e+00 2.620674170000000108e-04 2.459999999999999964e+00 3.913968390000000030e-06 2.459999999999999964e+00 2.627949180000000232e-04 2.459999999999999964e+00 1.188788219999999918e-13 2.459999999999999964e+00 6.618514309999999901e-01 2.459999999999999964e+00 7.976673179999999811e-04 2.459999999999999964e+00 9.651202989999999732e-05 2.459999999999999964e+00 9.566999189999999967e-04 2.459999999999999964e+00 9.518810249999999711e-15 2.459999999999999964e+00 7.390060830000000358e-01 2.459999999999999964e+00 5.059110290000000485e-04 2.459999999999999964e+00 2.739260579999999913e-05 2.459999999999999964e+00 5.153209489999999952e-04 2.459999999999999964e+00 1.633373510000000112e-14 2.459999999999999964e+00 8.031760180000000471e-01 2.459999999999999964e+00 2.633533889999999881e-04 2.459999999999999964e+00 6.573341220000000260e-06 2.459999999999999964e+00 2.448705690000000084e-04 2.459999999999999964e+00 3.208472389999999895e-14 2.459999999999999964e+00 8.030782069999999884e-01 2.459999999999999964e+00 1.305877220000000035e-04 2.459999999999999964e+00 1.602292520000000072e-06 2.459999999999999964e+00 1.172731029999999952e-04 2.459999999999999964e+00 6.331510209999999696e-14 2.459999999999999964e+00 7.966288780000000402e-01 2.459999999999999964e+00 6.409463320000000140e-05 2.459999999999999964e+00 4.170419709999999839e-07 2.459999999999999964e+00 5.680687720000000016e-05 2.459999999999999964e+00 1.254007930000000032e-13 2.459999999999999964e+00 7.933337919999999821e-01
2.470000000000000195e+00 1.507433500000000034e-03 2.470000000000000195e+00 1.338970929999999898e-04 2.470000000000000195e+00 2.225759419999999954e-03 2.470000000000000195e+00 7.066390030000000026e-15 2.470000000000000195e+00 6.213887359999999971e-01 2.470000000000000195e+00 1.213813750000000040e-03 2.470000000000000195e+00 5.832824689999999862e-05 2.470000000000000195e+00 1.536255569999999933e-03 2.470000000000000195e+00 1.485930480000000139e-14 2.470000000000000195e+00 7.192441649999999909e-01 2.470000000000000195e+00 8.212887619999999786e-04 2.470000000000000195e+00 2.653584150000000115e-05 2.470000000000000195e+00 9.391034039999999550e-04 2.470000000000000195e+00 2.927415320000000121e-14 2.470000000000000195e+00 6.942322290000000340e-01 2.470000000000000195e+00 4.906022329999999666e-04 2.470000000000000195e+00 1.273281399999999942e-05 2.470000000000000195e+00 5.175338629999999464e-04 2.470000000000000195e+00 5.909312309999999991e-14 2.470000000000000195e+00 6.740463749999999754e-01 2.470000000000000195e+00 2.629162470000000174e-04 2.470000000000000195e+00 4.126449070000000334e-06 2.470000000000000195e+00 2.654198539999999768e-04 2.470000000000000195e+00 1.188863579999999982e-13 2.470000000000000195e+00 6.618514309999999901e-01 2.470000000000000195e+00 7.983661389999999929e-04 2.470000000000000195e+00 9.790310189999999497e-05 2.470000000000000195e+00 9.646801129999999684e-04 2.470000000000000195e+00 9.519325989999999942e-15 2.470000000000000195e+00 7.390060830000000358e-01 2.470000000000000195e+00 5.072349679999999970e-04 2.470000000000000195e+00 2.795203290000000139e-05 2.470000000000000195e+00 5.203866969999999944e-04 2.470000000000000195e+00 1.633455159999999926e-14 2.470000000000000195e+00 8.031760180000000471e-01 2.470000000000000195e+00 2.644456000000000215e-04 2.470000000000000195e+00 6.727193010000000419e-06 2.470000000000000195e+00 2.475095699999999769e-04 2.470000000000000195e+00 3.208601170000000059e-14 2.470000000000000195e+00 8.030782069999999884e-01 2.470000000000000195e+00 1.312221180000000011e-04 2.470000000000000195e+00 1.643277610000000100e-06 2.470000000000000195e+00 1.185821540000000054e-04 2.470000000000000195e+00 6.331778629999999963e-14 2.470000000000000195e+00 7.966288780000000402e-01 2.470000000000000195e+00 6.442470310000000659e-05 2.470000000000000195e+00 4.288366189999999849e-07 2.470000000000000195e+00 5.744947449999999968e-05 2.470000000000000195e+00 1.254067339999999875e-13 2.470000000000000195e+00 7.933337919999999821e-01
2.479999999999999982e+00 1.507632349999999972e-03 2.479999999999999982e+00 1.350667190000000111e-04 2.479999999999999982e+00 2.240834770000000101e-03 2.479999999999999982e+00 7.066862330000000189e-15 2.479999999999999982e+00 6.213887359999999971e-01 2.479999999999999982e+00 1.214671669999999992e-03 2.479999999999999982e+00 5.932567790000000177e-05 2.479999999999999982e+00 1.548398020000000012e-03 2.479999999999999982e+00 1.486092460000000006e-14 2.479999999999999982e+00 7.192441649999999909e-01 2.479999999999999982e+00 8.224833810000000420e-04 2.479999999999999982e+00 2.741676229999999900e-05 2.479999999999999982e+00 9.473223059999999777e-04 2.479999999999999982e+00 2.927768840000000213e-14 2.479999999999999982e+00 6.942322290000000340e-01 2.479999999999999982e+00 4.916999260000000501e-04 2.479999999999999982e+00 1.336542840000000050e-05 2.479999999999999982e+00 5.224454160000000348e-04 2.479999999999999982e+00 5.909801000000000043e-14 2.479999999999999982e+00 6.740463749999999754e-01 2.479999999999999982e+00 2.637425389999999842e-04 2.479999999999999982e+00 4.357741609999999756e-06 2.479999999999999982e+00 2.680531680000000096e-04 2.479999999999999982e+00 1.188940559999999880e-13 2.479999999999999982e+00 6.618514309999999901e-01 2.479999999999999982e+00 7.990323539999999707e-04 2.479999999999999982e+00 9.931865899999999610e-05 2.479999999999999982e+00 9.726671329999999867e-04 2.479999999999999982e+00 9.519844329999999705e-15 2.479999999999999982e+00 7.390060830000000358e-01 2.479999999999999982e+00 5.085370079999999545e-04 2.479999999999999982e+00 2.852637079999999927e-05 2.479999999999999982e+00 5.254655750000000042e-04 2.479999999999999982e+00 1.633536530000000107e-14 2.479999999999999982e+00 8.031760180000000471e-01 2.479999999999999982e+00 2.655302179999999832e-04 2.479999999999999982e+00 6.886073959999999581e-06 2.479999999999999982e+00 2.501594559999999819e-04 2.479999999999999982e+00 3.208728449999999863e-14 2.479999999999999982e+00 8.030782069999999884e-01 2.479999999999999982e+00 1.318542540000000032e-04 2.479999999999999982e+00 1.685786940000000080e-06 2.479999999999999982e+00 1.198975379999999991e-04 2.479999999999999982e+00 6.332042350000000445e-14 2.479999999999999982e+00 7.966288780000000402e-01 2.479999999999999982e+00 6.475403790000000277e-05 2.479999999999999982e+00 4.411253540000000147e-07 2.479999999999999982e+00 5.809536879999999809e-05 2.479999999999999982e+00 1.254125659999999977e-13 2.479999999999999982e+00 7.933337919999999821e-01
2.490000000000000213e+00 1.507808769999999981e-03 2.490000000000000213e+00 1.362505070000000120e-04 2.490000000000000213e+00 2.255911990000000148e-03 2.490000000000000213e+00 7.067344900000000081e-15 2.490000000000000213e+00 6.213887359999999971e-01 2.490000000000000213e+00 1.215495939999999961e-03 2.490000000000000213e+00 6.034367829999999754e-05 2.490000000000000213e+00 1.560548890000000057e-03 2.490000000000000213e+00 1.486258460000000096e-14 2.490000000000000213e+00 7.192441649999999909e-01 2.490000000000000213e+00 8.236285050000000107e-04 2.490000000000000213e+00 2.833907149999999981e-05 2.490000000000000213e+00 9.555529069999999826e-04 2.490000000000000213e+00 2.928132359999999766e-14 2.490000000000000213e+00 6.942322290000000340e-01 2.490000000000000213e+00 4.927451940000000374e-04 2.490000000000000213e+00 1.404508999999999973e-05 2.490000000000000213e+00 5.273676870000000138e-04 2.490000000000000213e+00 5.910301610000000474e-14 2.490000000000000213e+00 6.740463749999999754e-01 2.490000000000000213e+00 2.645442480000000053e-04 2.490000000000000213e+00 4.610008000000000129e-06 2.490000000000000213e+00 2.706946229999999845e-04 2.490000000000000213e+00 1.189019280000000096e-13 2.490000000000000213e+00 6.618514309999999901e-01 2.490000000000000213e+00 7.996656199999999841e-04 2.490000000000000213e+00 1.007594859999999982e-04 2.490000000000000213e+00 9.806606499999999567e-04 2.490000000000000213e+00 9.520365920000000461e-15 2.490000000000000213e+00 7.390060830000000358e-01 2.490000000000000213e+00 5.098166880000000283e-04 2.490000000000000213e+00 2.911629029999999850e-05 2.490000000000000213e+00 5.305573630000000361e-04 2.490000000000000213e+00 1.633617700000000008e-14 2.490000000000000213e+00 8.031760180000000471e-01 2.490000000000000213e+00 2.666070160000000213e-04 2.490000000000000213e+00 7.050259659999999854e-06 2.490000000000000213e+00 2.528201490000000096e-04 2.490000000000000213e+00 3.208854380000000225e-14 2.490000000000000213e+00 8.030782069999999884e-01 2.490000000000000213e+00 1.324840529999999923e-04 2.490000000000000213e+00 1.729911580000000024e-06 2.490000000000000213e+00 1.212192320000000007e-04 2.490000000000000213e+00 6.332301609999999837e-14 2.490000000000000213e+00 7.966288780000000402e-01 2.490000000000000213e+00 6.508261259999999497e-05 2.490000000000000213e+00 4.539393940000000256e-07 2.490000000000000213e+00 5.874455270000000329e-05 2.490000000000000213e+00 1.254182919999999892e-13 2.490000000000000213e+00 7.933337919999999821e-01
2.500000000000000000e+00 1.507962860000000094e-03 2.500000000000000000e+00 1.374487209999999948e-04 2.500000000000000000e+00 2.270990870000000068e-03 2.500000000000000000e+00 7.067838500000000354e-15 2.500000000000000000e+00 6.213887359999999971e-01 2.500000000000000000e+00 1.216286549999999987e-03 2.500000000000000000e+00 6.138280789999999473e-05 2.500000000000000000e+00 1.572707829999999947e-03 2.500000000000000000e+00 1.486428730000000048e-14 2.500000000000000000e+00 7.192441649999999909e-01 2.500000000000000000e+00 8.247225319999999978e-04 2.500000000000000000e+00 2.930519509999999982e-05 2.500000000000000000e+00 9.637947050000000241e-04 2.500000000000000000e+00 2.928506519999999929e-14 2.500000000000000000e+00 6.942322290000000340e-01 2.500000000000000000e+00 4.937343689999999482e-04 2.500000000000000000e+00 1.477599549999999984e-05 2.500000000000000000e+00 5.323001329999999930e-04 2.500000000000000000e+00 5.910814960000000504e-14 2.500000000000000000e+00 6.740463749999999754e-01 2.500000000000000000e+00 2.653190809999999731e-04 2.500000000000000000e+00 4.885676310000000331e-06 2.500000000000000000e+00 2.733439630000000027e-04 2.500000000000000000e+00 1.189099860000000103e-13 2.500000000000000000e+00 6.618514309999999901e-01 2.500000000000000000e+00 8.002655679999999896e-04 2.500000000000000000e+00 1.022264040000000053e-04 2.500000000000000000e+00 9.886603339999998959e-04 2.500000000000000000e+00 9.520891400000000516e-15 2.500000000000000000e+00 7.390060830000000358e-01 2.500000000000000000e+00 5.110735160000000159e-04 2.500000000000000000e+00 2.972250349999999833e-05 2.500000000000000000e+00 5.356618330000000256e-04 2.500000000000000000e+00 1.633698759999999929e-14 2.500000000000000000e+00 8.031760180000000471e-01 2.500000000000000000e+00 2.676757520000000185e-04 2.500000000000000000e+00 7.220046329999999620e-06 2.500000000000000000e+00 2.554915690000000004e-04 2.500000000000000000e+00 3.208979070000000179e-14 2.500000000000000000e+00 8.030782069999999884e-01 2.500000000000000000e+00 1.331114329999999978e-04 2.500000000000000000e+00 1.775749760000000085e-06 2.500000000000000000e+00 1.225472110000000014e-04 2.500000000000000000e+00 6.332556639999999675e-14 2.500000000000000000e+00 7.966288780000000402e-01 2.500000000000000000e+00 6.541039980000000324e-05 2.500000000000000000e+00 4.673124449999999955e-07 2.500000000000000000e+00 5.939701840000000306e-05 2.500000000000000000e+00 1.254239160000000116e-13 2.500000000000000000e+00 7.933337919999999821e-01
2.509999999999999787e+00 1.508094759999999970e-03 2.509999999999999787e+00 1.386616290000000000e-04 2.509999999999999787e+00 2.286071179999999911e-03 2.509999999999999787e+00 7.068343890000000082e-15 2.509999999999999787e+00 6.213887359999999971e-01 2.509999999999999787e+00 1.217043450000000054e-03 2.509999999999999787e+00 6.244364389999999495e-05 2.509999999999999787e+00 1.584874509999999919e-03 2.509999999999999787e+00 1.486603570000000124e-14 2.509999999999999787e+00 7.192441649999999909e-01 2.509999999999999787e+00 8.257637579999999814e-04 2.509999999999999787e+00 3.031770920000000061e-05 2.509999999999999787e+00 9.720471820000000035e-04 2.509999999999999787e+00 2.928891950000000271e-14 2.509999999999999787e+00 6.942322290000000340e-01 2.509999999999999787e+00 4.946634939999999814e-04 2.509999999999999787e+00 1.556268450000000019e-05 2.509999999999999787e+00 5.372421740000000133e-04 2.509999999999999787e+00 5.911341889999999983e-14 2.509999999999999787e+00 6.740463749999999754e-01 2.509999999999999787e+00 2.660644769999999837e-04 2.509999999999999787e+00 5.187465900000000277e-06 2.509999999999999787e+00 2.760009069999999945e-04 2.509999999999999787e+00 1.189182460000000125e-13 2.509999999999999787e+00 6.618514309999999901e-01 2.509999999999999787e+00 8.008318070000000318e-04 2.509999999999999787e+00 1.037202740000000060e-04 2.509999999999999787e+00 9.966658489999999544e-04 2.509999999999999787e+00 9.521421439999999750e-15 2.509999999999999787e+00 7.390060830000000358e-01 2.509999999999999787e+00 5.123069649999999631e-04 2.509999999999999787e+00 3.034576690000000154e-05 2.509999999999999787e+00 5.407787550000000242e-04 2.509999999999999787e+00 1.633779809999999852e-14 2.509999999999999787e+00 8.031760180000000471e-01 2.509999999999999787e+00 2.687361619999999998e-04 2.509999999999999787e+00 7.395752610000000237e-06 2.509999999999999787e+00 2.581736360000000028e-04 2.509999999999999787e+00 3.209102679999999697e-14 2.509999999999999787e+00 8.030782069999999884e-01 2.509999999999999787e+00 1.337363049999999959e-04 2.509999999999999787e+00 1.823407540000000017e-06 2.509999999999999787e+00 1.238814520000000119e-04 2.509999999999999787e+00 6.332807660000000551e-14 2.509999999999999787e+00 7.966288780000000402e-01 2.509999999999999787e+00 6.573736979999999987e-05 2.509999999999999787e+00 4.812809249999999994e-07 2.509999999999999787e+00 6.005275800000000052e-05 2.509999999999999787e+00 1.254294449999999943e-13 2.509999999999999787e+00 7.933337919999999821e-01
2.520000000000000018e+00 1.508204580000000036e-03 2.520000000000000018e+00 1.398895049999999897e-04 2.520000000000000018e+00 2.301152690000000164e-03 2.520000000000000018e+00 7.068861849999999914e-15 2.520000000000000018e+00 6.213887359999999971e-01 2.520000000000000018e+00 1.217766600000000105e-03 2.520000000000000018e+00 6.352678220000000371e-05 2.520000000000000018e+00 1.597048580000000068e-03 2.520000000000000018e+00 1.486783269999999956e-14 2.520000000000000018e+00 7.192441649999999909e-01 2.520000000000000018e+00 8.267503710000000464e-04 2.520000000000000018e+00 3.137934770000000277e-05 2.520000000000000018e+00 9.803097990000000147e-04 2.520000000000000018e+00 2.929289359999999718e-14 2.520000000000000018e+00 6.942322290000000340e-01 2.520000000000000018e+00 4.955283160000000008e-04 2.520000000000000018e+00 1.641004269999999990e-05 2.520000000000000018e+00 5.421931879999999579e-04 2.520000000000000018e+00 5.911883289999999696e-14 2.520000000000000018e+00 6.740463749999999754e-01 2.520000000000000018e+00 2.667775839999999947e-04 2.520000000000000018e+00 5.518410570000000407e-06 2.520000000000000018e+00 2.786651450000000060e-04 2.520000000000000018e+00 1.189267189999999953e-13 2.520000000000000018e+00 6.618514309999999901e-01 2.520000000000000018e+00 8.013639170000000540e-04 2.520000000000000018e+00 1.052419940000000033e-04 2.520000000000000018e+00 1.004676859999999953e-03 2.520000000000000018e+00 9.521956719999999619e-15 2.520000000000000018e+00 7.390060830000000358e-01 2.520000000000000018e+00 5.135164750000000477e-04 2.520000000000000018e+00 3.098688379999999941e-05 2.520000000000000018e+00 5.459078929999999991e-04 2.520000000000000018e+00 1.633860940000000075e-14 2.520000000000000018e+00 8.031760180000000471e-01 2.520000000000000018e+00 2.697879659999999997e-04 2.520000000000000018e+00 7.577721290000000248e-06 2.520000000000000018e+00 2.608662639999999810e-04 2.520000000000000018e+00 3.209225319999999705e-14 2.520000000000000018e+00 8.030782069999999884e-01 2.520000000000000018e+00 1.343585729999999907e-04 2.520000000000000018e+00 1.872999489999999953e-06 2.520000000000000018e+00 1.252219289999999870e-04 2.520000000000000018e+00 6.333054909999999896e-14 2.520000000000000018e+00 7.966288780000000402e-01 2.520000000000000018e+00 6.606349039999999428e-05 2.520000000000000018e+00 4.958842099999999895e-07 2.520000000000000018e+00 6.071176300000000252e-05 2.520000000000000018e+00 1.254348810000000001e-13 2.520000000000000018e+00 7.933337919999999821e-01
2.529999999999999805e+00 1.508292409999999932e-03 2.529999999999999805e+00 1.411326290000000107e-04 2.529999999999999805e+00 2.316235199999999890e-03 2.529999999999999805e+00 7.069393199999999701e-15 2.529999999999999805e+00 6.213887359999999971e-01 2.529999999999999805e+00 1.218455939999999946e-03 2.529999999999999805e+00 6.463283709999999500e-05 2.529999999999999805e+00 1.609229719999999940e-03 2.529999999999999805e+00 1.486968140000000119e-14 2.529999999999999805e+00 7.192441649999999909e-01 2.529999999999999805e+00 8.276804449999999739e-04 2.529999999999999805e+00 3.249300939999999981e-05 2.529999999999999805e+00 9.885820009999999984e-04 2.529999999999999805e+00 2.929699430000000041e-14 2.529999999999999805e+00 6.942322290000000340e-01 2.529999999999999805e+00 4.963242960000000372e-04 2.529999999999999805e+00 1.732329679999999921e-05 2.529999999999999805e+00 5.471525109999999864e-04 2.529999999999999805e+00 5.912440069999999796e-14 2.529999999999999805e+00 6.740463749999999754e-01 2.529999999999999805e+00 2.674552429999999979e-04 2.529999999999999805e+00 5.881877320000000276e-06 2.529999999999999805e+00 2.813363399999999743e-04 2.529999999999999805e+00 1.189354199999999876e-13 2.529999999999999805e+00 6.618514309999999901e-01 2.529999999999999805e+00 8.018614549999999834e-04 2.529999999999999805e+00 1.067925039999999953e-04 2.529999999999999805e+00 1.012693010000000017e-03 2.529999999999999805e+00 9.522497959999999992e-15 2.529999999999999805e+00 7.390060830000000358e-01 2.529999999999999805e+00 5.147014459999999566e-04 2.529999999999999805e+00 3.164670740000000203e-05 2.529999999999999805e+00 5.510490029999999496e-04 2.529999999999999805e+00 1.633942229999999955e-14 2.529999999999999805e+00 8.031760180000000471e-01 2.529999999999999805e+00 2.708308579999999942e-04 2.529999999999999805e+00 7.766321420000000701e-06 2.529999999999999805e+00 2.635693650000000155e-04 2.529999999999999805e+00 3.209347150000000174e-14 2.529999999999999805e+00 8.030782069999999884e-01 2.529999999999999805e+00 1.349781329999999913e-04 2.529999999999999805e+00 1.924649430000000122e-06 2.529999999999999805e+00 1.265686140000000116e-04 2.529999999999999805e+00 6.333298639999999875e-14 2.529999999999999805e+00 7.966288780000000402e-01 2.529999999999999805e+00 6.638872660000000433e-05 2.529999999999999805e+00 5.111649020000000266e-07 2.529999999999999805e+00 6.137402479999999735e-05 2.529999999999999805e+00 1.254402299999999900e-13 2.529999999999999805e+00 7.933337919999999821e-01
2.540000000000000036e+00 1.508358360000000087e-03 2.540000000000000036e+00 1.423912829999999933e-04 2.540000000000000036e+00 2.331318470000000049e-03 2.540000000000000036e+00 7.069938800000000078e-15 2.540000000000000036e+00 6.213887359999999971e-01 2.540000000000000036e+00 1.219111400000000072e-03 2.540000000000000036e+00 6.576244279999999339e-05 2.540000000000000036e+00 1.621417590000000025e-03 2.540000000000000036e+00 1.487158489999999927e-14 2.540000000000000036e+00 7.192441649999999909e-01 2.540000000000000036e+00 8.285519360000000166e-04 2.540000000000000036e+00 3.366176399999999832e-05 2.540000000000000036e+00 9.968632119999999795e-04 2.540000000000000036e+00 2.930122910000000159e-14 2.540000000000000036e+00 6.942322290000000340e-01 2.540000000000000036e+00 4.970466260000000035e-04 2.540000000000000036e+00 1.830799580000000074e-05 2.540000000000000036e+00 5.521194290000000244e-04 2.540000000000000036e+00 5.913013180000000427e-14 2.540000000000000036e+00 6.740463749999999754e-01 2.540000000000000036e+00 2.680939809999999929e-04 2.540000000000000036e+00 6.281577429999999787e-06 2.540000000000000036e+00 2.840141199999999763e-04 2.540000000000000036e+00 1.189443650000000116e-13 2.540000000000000036e+00 6.618514309999999901e-01 2.540000000000000036e+00 8.023239499999999672e-04 2.540000000000000036e+00 1.083727879999999940e-04 2.540000000000000036e+00 1.020713969999999943e-03 2.540000000000000036e+00 9.523045860000000744e-15 2.540000000000000036e+00 7.390060830000000358e-01 2.540000000000000036e+00 5.158612419999999543e-04 2.540000000000000036e+00 3.232614309999999792e-05 2.540000000000000036e+00 5.562018379999999953e-04 2.540000000000000036e+00 1.634023790000000101e-14 2.540000000000000036e+00 8.031760180000000471e-01 2.540000000000000036e+00 2.718645099999999928e-04 2.540000000000000036e+00 7.961950340000000024e-06 2.540000000000000036e+00 2.662828499999999742e-04 2.540000000000000036e+00 3.209468300000000135e-14 2.540000000000000036e+00 8.030782069999999884e-01 2.540000000000000036e+00 1.355948709999999923e-04 2.540000000000000036e+00 1.978491290000000157e-06 2.540000000000000036e+00 1.279214819999999956e-04 2.540000000000000036e+00 6.333539069999999818e-14 2.540000000000000036e+00 7.966288780000000402e-01 2.540000000000000036e+00 6.671304030000000068e-05 2.540000000000000036e+00 5.271691210000000159e-07 2.540000000000000036e+00 6.203953449999999889e-05 2.540000000000000036e+00 1.254454970000000073e-13 2.540000000000000036e+00 7.933337919999999821e-01
2.549999999999999822e+00 1.508402519999999924e-03 2.549999999999999822e+00 1.436657600000000134e-04 2.549999999999999822e+00 2.346402290000000179e-03 2.549999999999999822e+00 7.070499510000000101e-15 2.549999999999999822e+00 6.213887359999999971e-01 2.549999999999999822e+00 1.219732889999999978e-03 2.549999999999999822e+00 6.691625340000000629e-05 2.549999999999999822e+00 1.633611839999999987e-03 2.549999999999999822e+00 1.487354649999999951e-14 2.549999999999999822e+00 7.192441649999999909e-01 2.549999999999999822e+00 8.293626810000000356e-04 2.549999999999999822e+00 3.488885920000000173e-05 2.549999999999999822e+00 1.005152839999999938e-03 2.549999999999999822e+00 2.930560570000000249e-14 2.549999999999999822e+00 6.942322290000000340e-01 2.549999999999999822e+00 4.976902580000000130e-04 2.549999999999999822e+00 1.936997659999999986e-05 2.549999999999999822e+00 5.570931809999999686e-04 2.549999999999999822e+00 5.913603599999999519e-14 2.549999999999999822e+00 6.740463749999999754e-01 2.549999999999999822e+00 2.686900109999999873e-04 2.549999999999999822e+00 6.721565649999999853e-06 2.549999999999999822e+00 2.866980780000000120e-04 2.549999999999999822e+00 1.189535689999999954e-13 2.549999999999999822e+00 6.618514309999999901e-01 2.549999999999999822e+00 8.027509040000000437e-04 2.549999999999999822e+00 1.099838700000000004e-04 2.549999999999999822e+00 1.028739369999999908e-03 2.549999999999999822e+00 9.523601190000000158e-15 2.549999999999999822e+00 7.390060830000000358e-01 2.549999999999999822e+00 5.169951840000000434e-04 2.549999999999999822e+00 3.302615160000000130e-05 2.549999999999999822e+00 5.613661419999999664e-04 2.549999999999999822e+00 1.634105719999999866e-14 2.549999999999999822e+00 8.031760180000000471e-01 2.549999999999999822e+00 2.728885670000000046e-04 2.549999999999999822e+00 8.165036000000000746e-06 2.549999999999999822e+00 2.690066240000000197e-04 2.549999999999999822e+00 3.209588930000000189e-14 2.549999999999999822e+00 8.030782069999999884e-01 2.549999999999999822e+00 1.362086659999999893e-04 2.549999999999999822e+00 2.034669989999999958e-06 2.549999999999999822e+00 1.292805020000000089e-04 2.549999999999999822e+00 6.333776460000000307e-14 2.549999999999999822e+00 7.966288780000000402e-01 2.549999999999999822e+00 6.703639010000000508e-05 2.549999999999999822e+00 5.439468220000000097e-07 2.549999999999999822e+00 6.270828240000000118e-05 2.549999999999999822e+00 1.254506850000000073e-13 2.549999999999999822e+00 7.933337919999999821e-01
2.560000000000000053e+00 1.508424979999999950e-03 2.560000000000000053e+00 1.449563550000000037e-04 2.560000000000000053e+00 2.361486449999999817e-03 2.560000000000000053e+00 7.071076239999999607e-15 2.560000000000000053e+00 6.213887359999999971e-01 2.560000000000000053e+00 1.220320310000000061e-03 2.560000000000000053e+00 6.809494369999999634e-05 2.560000000000000053e+00 1.645812130000000100e-03 2.560000000000000053e+00 1.487556970000000129e-14 2.560000000000000053e+00 7.192441649999999909e-01 2.560000000000000053e+00 8.301103929999999534e-04 2.560000000000000053e+00 3.617772469999999777e-05 2.560000000000000053e+00 1.013450259999999986e-03 2.560000000000000053e+00 2.931013210000000165e-14 2.560000000000000053e+00 6.942322290000000340e-01 2.560000000000000053e+00 4.982499600000000464e-04 2.560000000000000053e+00 2.051530949999999921e-05 2.560000000000000053e+00 5.620729540000000317e-04 2.560000000000000053e+00 5.914212359999999726e-14 2.560000000000000053e+00 6.740463749999999754e-01 2.560000000000000053e+00 2.692392509999999746e-04 2.560000000000000053e+00 7.206222230000000099e-06 2.560000000000000053e+00 2.893877649999999782e-04 2.560000000000000053e+00 1.189630469999999929e-13 2.560000000000000053e+00 6.618514309999999901e-01 2.560000000000000053e+00 8.031417910000000380e-04 2.560000000000000053e+00 1.116268220000000001e-04 2.560000000000000053e+00 1.036768869999999971e-03 2.560000000000000053e+00 9.524164709999999675e-15 2.560000000000000053e+00 7.390060830000000358e-01 2.560000000000000053e+00 5.181025509999999607e-04 2.560000000000000053e+00 3.374775140000000142e-05 2.560000000000000053e+00 5.665416530000000426e-04 2.560000000000000053e+00 1.634188119999999861e-14 2.560000000000000053e+00 8.031760180000000471e-01 2.560000000000000053e+00 2.739026500000000261e-04 2.560000000000000053e+00 8.376039339999999915e-06 2.560000000000000053e+00 2.717405880000000056e-04 2.560000000000000053e+00 3.209709169999999998e-14 2.560000000000000053e+00 8.030782069999999884e-01 2.560000000000000053e+00 1.368193840000000029e-04 2.560000000000000053e+00 2.093342440000000145e-06 2.560000000000000053e+00 1.306456450000000047e-04 2.560000000000000053e+00 6.334011040000000356e-14 2.560000000000000053e+00 7.966288780000000402e-01 2.560000000000000053e+00 6.735873109999999909e-05 2.560000000000000053e+00 5.615521520000000201e-07 2.560000000000000053e+00 6.338025889999999649e-05 2.560000000000000053e+00 1.254558009999999950e-13 2.560000000000000053e+00 7.933337919999999821e-01
2.569999999999999840e+00 1.508425830000000023e-03 2.569999999999999840e+00 1.462633700000000043e-04 2.569999999999999840e+00 2.376570719999999883e-03 2.569999999999999840e+00 7.071669920000000005e-15 2.569999999999999840e+00 6.213887359999999971e-01 2.569999999999999840e+00 1.220873549999999894e-03 2.569999999999999840e+00 6.929921000000000290e-05 2.569999999999999840e+00 1.658018129999999949e-03 2.569999999999999840e+00 1.487765820000000077e-14 2.569999999999999840e+00 7.192441649999999909e-01 2.569999999999999840e+00 8.307926579999999834e-04 2.569999999999999840e+00 3.753197729999999767e-05 2.569999999999999840e+00 1.021754830000000088e-03 2.569999999999999840e+00 2.931481669999999758e-14 2.569999999999999840e+00 6.942322290000000340e-01 2.569999999999999840e+00 4.987203800000000221e-04 2.569999999999999840e+00 2.175021950000000057e-05 2.569999999999999840e+00 5.670578829999999839e-04 2.569999999999999840e+00 5.914840520000000227e-14 2.569999999999999840e+00 6.740463749999999754e-01 2.569999999999999840e+00 2.697373649999999876e-04 2.569999999999999840e+00 7.740211829999999951e-06 2.569999999999999840e+00 2.920826919999999858e-04 2.569999999999999840e+00 1.189728159999999948e-13 2.569999999999999840e+00 6.618514309999999901e-01 2.569999999999999840e+00 8.034960609999999793e-04 2.569999999999999840e+00 1.133027589999999966e-04 2.569999999999999840e+00 1.044802089999999914e-03 2.569999999999999840e+00 9.524737200000000733e-15 2.569999999999999840e+00 7.390060830000000358e-01 2.569999999999999840e+00 5.191825800000000445e-04 2.569999999999999840e+00 3.449202160000000155e-05 2.569999999999999840e+00 5.717281010000000016e-04 2.569999999999999840e+00 1.634271100000000067e-14 2.569999999999999840e+00 8.031760180000000471e-01 2.569999999999999840e+00 2.749063470000000231e-04 2.569999999999999840e+00 8.595456839999999411e-06 2.569999999999999840e+00 2.744846420000000061e-04 2.569999999999999840e+00 3.209829189999999846e-14 2.569999999999999840e+00 8.030782069999999884e-01 2.569999999999999840e+00 1.374268810000000120e-04 2.569999999999999840e+00 2.154678539999999966e-06 2.569999999999999840e+00 1.320168790000000023e-04 2.569999999999999840e+00 6.334243080000000231e-14 2.569999999999999840e+00 7.966288780000000402e-01 2.569999999999999840e+00 6.768001449999999880e-05 2.569999999999999840e+00 5.800438229999999957e-07 2.569999999999999840e+00 6.405545349999999967e-05 2.569999999999999840e+00 1.254608480000000014e-13 2.569999999999999840e+00 7.933337919999999821e-01
2.580000000000000071e+00 1.508405129999999903e-03 2.580000000000000071e+00 1.475871140000000001e-04 2.580000000000000071e+00 2.391654889999999915e-03 2.580000000000000071e+00 7.072281510000000334e-15 2.580000000000000071e+00 6.213887359999999971e-01 2.580000000000000071e+00 1.221392470000000037e-03 2.580000000000000071e+00 7.052977069999999600e-05 2.580000000000000071e+00 1.670229490000000065e-03 2.580000000000000071e+00 1.487981560000000047e-14 2.580000000000000071e+00 7.192441649999999909e-01 2.580000000000000071e+00 8.314069369999999709e-04 2.580000000000000071e+00 3.895542250000000133e-05 2.580000000000000071e+00 1.030065880000000100e-03 2.580000000000000071e+00 2.931966819999999817e-14 2.580000000000000071e+00 6.942322290000000340e-01 2.580000000000000071e+00 4.990961419999999545e-04 2.580000000000000071e+00 2.308097969999999853e-05 2.580000000000000071e+00 5.720470460000000399e-04 2.580000000000000071e+00 5.915489189999999876e-14 2.580000000000000071e+00 6.740463749999999754e-01 2.580000000000000071e+00 2.701798299999999932e-04 2.580000000000000071e+00 8.328412720000000148e-06 2.580000000000000071e+00 2.947823259999999960e-04 2.580000000000000071e+00 1.189828929999999918e-13 2.580000000000000071e+00 6.618514309999999901e-01 2.580000000000000071e+00 8.038131320000000248e-04 2.580000000000000071e+00 1.150128419999999992e-04 2.580000000000000071e+00 1.052838659999999916e-03 2.580000000000000071e+00 9.525319500000000025e-15 2.580000000000000071e+00 7.390060830000000358e-01 2.580000000000000071e+00 5.202344589999999616e-04 2.580000000000000071e+00 3.526010419999999889e-05 2.580000000000000071e+00 5.769252099999999705e-04 2.580000000000000071e+00 1.634354750000000153e-14 2.580000000000000071e+00 8.031760180000000471e-01 2.580000000000000071e+00 2.758992160000000270e-04 2.580000000000000071e+00 8.823823189999999749e-06 2.580000000000000071e+00 2.772386790000000152e-04 2.580000000000000071e+00 3.209949120000000026e-14 2.580000000000000071e+00 8.030782069999999884e-01 2.580000000000000071e+00 1.380310020000000127e-04 2.580000000000000071e+00 2.218862400000000028e-06 2.580000000000000071e+00 1.333941709999999982e-04 2.580000000000000071e+00 6.334472829999999572e-14 2.580000000000000071e+00 7.966288780000000402e-01 2.580000000000000071e+00 6.800018690000000617e-05 2.580000000000000071e+00 5.994855309999999651e-07 2.580000000000000071e+00 6.473385550000000199e-05 2.580000000000000071e+00 1.254658319999999876e-13 2.580000000000000071e+00 7.933337919999999821e-01
2.589999999999999858e+00 1.508362970000000098e-03 2.589999999999999858e+00 1.489278989999999914e-04 2.589999999999999858e+00 2.406738749999999885e-03 2.589999999999999858e+00 7.072912009999999625e-15 2.589999999999999858e+00 6.213887359999999971e-01 2.589999999999999858e+00 1.221876950000000102e-03 2.589999999999999858e+00 7.178736679999999629e-05 2.589999999999999858e+00 1.682445870000000071e-03 2.589999999999999858e+00 1.488204589999999966e-14 2.589999999999999858e+00 7.192441649999999909e-01 2.589999999999999858e+00 8.319505660000000441e-04 2.589999999999999858e+00 4.045205550000000012e-05 2.589999999999999858e+00 1.038382729999999922e-03 2.589999999999999858e+00 2.932469549999999866e-14 2.589999999999999858e+00 6.942322290000000340e-01 2.589999999999999858e+00 4.993719690000000041e-04 2.589999999999999858e+00 2.451377400000000122e-05 2.589999999999999858e+00 5.770394719999999596e-04 2.589999999999999858e+00 5.916159520000000042e-14 2.589999999999999858e+00 6.740463749999999754e-01 2.589999999999999858e+00 2.705620349999999846e-04 2.589999999999999858e+00 8.975810549999999199e-06 2.589999999999999858e+00 2.974860879999999914e-04 2.589999999999999858e+00 1.189932959999999931e-13 2.589999999999999858e+00 6.618514309999999901e-01 2.589999999999999858e+00 8.040923989999999898e-04 2.589999999999999858e+00 1.167582770000000003e-04 2.589999999999999858e+00 1.060878219999999896e-03 2.589999999999999858e+00 9.525912430000000558e-15 2.589999999999999858e+00 7.390060830000000358e-01 2.589999999999999858e+00 5.212573319999999882e-04 2.589999999999999858e+00 3.605320609999999697e-05 2.589999999999999858e+00 5.821326940000000078e-04 2.589999999999999858e+00 1.634439200000000094e-14 2.589999999999999858e+00 8.031760180000000471e-01 2.589999999999999858e+00 2.768807799999999921e-04 2.589999999999999858e+00 9.061714029999999430e-06 2.589999999999999858e+00 2.800025889999999845e-04 2.589999999999999858e+00 3.210069139999999875e-14 2.589999999999999858e+00 8.030782069999999884e-01 2.589999999999999858e+00 1.386315760000000105e-04 2.589999999999999858e+00 2.286093500000000155e-06 2.589999999999999858e+00 1.347774869999999927e-04 2.589999999999999858e+00 6.334700529999999597e-14 2.589999999999999858e+00 7.966288780000000402e-01 2.589999999999999858e+00 6.831919059999999697e-05 2.589999999999999858e+00 6.199464119999999970e-07 2.589999999999999858e+00 6.541545339999999518e-05 2.589999999999999858e+00 1.254707570000000033e-13 2.589999999999999858e+00 7.933337919999999821e-01
2.600000000000000089e+00 1.508299390000000014e-03 2.600000000000000089e+00 1.502860479999999885e-04 2.600000000000000089e+00 2.421822079999999804e-03 2.600000000000000089e+00 7.073562470000000056e-15 2.600000000000000089e+00 6.213887359999999971e-01 2.600000000000000089e+00 1.222326819999999901e-03 2.600000000000000089e+00 7.307276269999999328e-05 2.600000000000000089e+00 1.694666910000000104e-03 2.600000000000000089e+00 1.488435310000000079e-14 2.600000000000000089e+00 7.192441649999999909e-01 2.600000000000000089e+00 8.324207559999999631e-04 2.600000000000000089e+00 4.202605949999999990e-05 2.600000000000000089e+00 1.046704650000000085e-03 2.600000000000000089e+00 2.932990830000000046e-14 2.600000000000000089e+00 6.942322290000000340e-01 2.600000000000000089e+00 4.995428240000000233e-04 2.600000000000000089e+00 2.605452899999999864e-05 2.600000000000000089e+00 5.820341360000000439e-04 2.600000000000000089e+00 5.916852710000000511e-14 2.600000000000000089e+00 6.740463749999999754e-01 2.600000000000000089e+00 2.708794179999999760e-04 2.600000000000000089e+00 9.687352480000000195e-06 2.600000000000000089e+00 3.001933509999999837e-04 2.600000000000000089e+00 1.190040440000000018e-13 2.600000000000000089e+00 6.618514309999999901e-01 2.600000000000000089e+00 8.043332280000000225e-04 2.600000000000000089e+00 1.185403180000000034e-04 2.600000000000000089e+00 1.068920379999999896e-03 2.600000000000000089e+00 9.526516880000000595e-15 2.600000000000000089e+00 7.390060830000000358e-01 2.600000000000000089e+00 5.222502940000000541e-04 2.600000000000000089e+00 3.687260130000000088e-05 2.600000000000000089e+00 5.873502569999999954e-04 2.600000000000000089e+00 1.634524559999999872e-14 2.600000000000000089e+00 8.031760180000000471e-01 2.600000000000000089e+00 2.778505280000000089e-04 2.600000000000000089e+00 9.309748859999999776e-06 2.600000000000000089e+00 2.827762550000000020e-04 2.600000000000000089e+00 3.210189389999999997e-14 2.600000000000000089e+00 8.030782069999999884e-01 2.600000000000000089e+00 1.392284210000000009e-04 2.600000000000000089e+00 2.356588059999999905e-06 2.600000000000000089e+00 1.361667899999999981e-04 2.600000000000000089e+00 6.334926469999999939e-14 2.600000000000000089e+00 7.966288780000000402e-01 2.600000000000000089e+00 6.863696269999999757e-05 2.600000000000000089e+00 6.415015260000000500e-07 2.600000000000000089e+00 6.610023520000000009e-05 2.600000000000000089e+00 1.254756290000000097e-13 2.600000000000000089e+00 7.933337919999999821e-01
2.609999999999999876e+00 1.508214469999999982e-03 2.609999999999999876e+00 1.516618880000000129e-04 2.609999999999999876e+00 2.436904670000000078e-03 2.609999999999999876e+00 7.074233939999999859e-15 2.609999999999999876e+00 6.213887359999999971e-01 2.609999999999999876e+00 1.222741909999999895e-03 2.609999999999999876e+00 7.438674710000000407e-05 2.609999999999999876e+00 1.706892289999999927e-03 2.609999999999999876e+00 1.488674149999999992e-14 2.609999999999999876e+00 7.192441649999999909e-01 2.609999999999999876e+00 8.328146009999999556e-04 2.609999999999999876e+00 4.368180060000000211e-05 2.609999999999999876e+00 1.055030889999999900e-03 2.609999999999999876e+00 2.933531640000000181e-14 2.609999999999999876e+00 6.942322290000000340e-01 2.609999999999999876e+00 4.996040880000000373e-04 2.609999999999999876e+00 2.770871530000000037e-05 2.609999999999999876e+00 5.870299630000000348e-04 2.609999999999999876e+00 5.917569999999999795e-14 2.609999999999999876e+00 6.740463749999999754e-01 2.609999999999999876e+00 2.711276390000000162e-04 2.609999999999999876e+00 1.046776129999999976e-05 2.609999999999999876e+00 3.029034459999999898e-04 2.609999999999999876e+00 1.190151550000000019e-13 2.609999999999999876e+00 6.618514309999999901e-01 2.609999999999999876e+00 8.045349620000000375e-04 2.609999999999999876e+00 1.203602609999999935e-04 2.609999999999999876e+00 1.076964759999999915e-03 2.609999999999999876e+00 9.527133729999999977e-15 2.609999999999999876e+00 7.390060830000000358e-01 2.609999999999999876e+00 5.232123919999999559e-04 2.609999999999999876e+00 3.771963170000000327e-05 2.609999999999999876e+00 5.925775969999999473e-04 2.609999999999999876e+00 1.634610940000000097e-14 2.609999999999999876e+00 8.031760180000000471e-01 2.609999999999999876e+00 2.788079090000000022e-04 2.609999999999999876e+00 9.568593929999999963e-06 2.609999999999999876e+00 2.855595580000000011e-04 2.609999999999999876e+00 3.210310060000000044e-14 2.609999999999999876e+00 8.030782069999999884e-01 2.609999999999999876e+00 1.398213379999999929e-04 2.609999999999999876e+00 2.430580430000000022e-06 2.609999999999999876e+00 1.375620429999999995e-04 2.609999999999999876e+00 6.335150900000000238e-14 2.609999999999999876e+00 7.966288780000000402e-01 2.609999999999999876e+00 6.895343480000000209e-05 2.609999999999999876e+00 6.642323960000000220e-07 2.609999999999999876e+00 6.678818829999999388e-05 2.609999999999999876e+00 1.254804529999999995e-13 2.609999999999999876e+00 7.933337919999999821e-01
2.620000000000000107e+00 1.508108260000000020e-03 2.620000000000000107e+00 1.530557510000000120e-04 2.620000000000000107e+00 2.451986299999999851e-03 2.620000000000000107e+00 7.074927539999999623e-15 2.620000000000000107e+00 6.213887359999999971e-01 2.620000000000000107e+00 1.223122039999999938e-03 2.620000000000000107e+00 7.573013339999999855e-05 2.620000000000000107e+00 1.719121639999999932e-03 2.620000000000000107e+00 1.488921549999999941e-14 2.620000000000000107e+00 7.192441649999999909e-01 2.620000000000000107e+00 8.331290820000000503e-04 2.620000000000000107e+00 4.542381950000000038e-05 2.620000000000000107e+00 1.063360680000000058e-03 2.620000000000000107e+00 2.934092989999999774e-14 2.620000000000000107e+00 6.942322290000000340e-01 2.620000000000000107e+00 4.995517460000000430e-04 2.620000000000000107e+00 2.948112479999999986e-05 2.620000000000000107e+00 5.920258390000000467e-04 2.620000000000000107e+00 5.918312689999999556e-14 2.620000000000000107e+00 6.740463749999999754e-01 2.620000000000000107e+00 2.713027840000000238e-04 2.620000000000000107e+00 1.132131500000000055e-05 2.620000000000000107e+00 3.056156599999999856e-04 2.620000000000000107e+00 1.190266500000000086e-13 2.620000000000000107e+00 6.618514309999999901e-01 2.620000000000000107e+00 8.046969180000000535e-04 2.620000000000000107e+00 1.222194469999999926e-04 2.620000000000000107e+00 1.085010950000000075e-03 2.620000000000000107e+00 9.527763920000000113e-15 2.620000000000000107e+00 7.390060830000000358e-01 2.620000000000000107e+00 5.241426260000000030e-04 2.620000000000000107e+00 3.859570840000000214e-05 2.620000000000000107e+00 5.978143990000000380e-04 2.620000000000000107e+00 1.634698460000000117e-14 2.620000000000000107e+00 8.031760180000000471e-01 2.620000000000000107e+00 2.797523320000000024e-04 2.620000000000000107e+00 9.838965210000000800e-06 2.620000000000000107e+00 2.883523700000000054e-04 2.620000000000000107e+00 3.210431289999999991e-14 2.620000000000000107e+00 8.030782069999999884e-01 2.620000000000000107e+00 1.404101100000000135e-04 2.620000000000000107e+00 2.508324579999999995e-06 2.620000000000000107e+00 1.389632030000000063e-04 2.620000000000000107e+00 6.335374100000000442e-14 2.620000000000000107e+00 7.966288780000000402e-01 2.620000000000000107e+00 6.926853260000000656e-05 2.620000000000000107e+00 6.882275840000000397e-07 2.620000000000000107e+00 6.747929929999999486e-05 2.620000000000000107e+00 1.254852339999999907e-13 2.620000000000000107e+00 7.933337919999999821e-01
2.629999999999999893e+00 1.507980790000000007e-03 2.629999999999999893e+00 1.544679780000000056e-04 2.629999999999999893e+00 2.467066759999999963e-03 2.629999999999999893e+00 7.075644409999999930e-15 2.629999999999999893e+00 6.213887359999999971e-01 2.629999999999999893e+00 1.223467000000000001e-03 2.629999999999999893e+00 7.710376049999999380e-05 2.629999999999999893e+00 1.731354610000000000e-03 2.629999999999999893e+00 1.489177979999999843e-14 2.629999999999999893e+00 7.192441649999999909e-01 2.629999999999999893e+00 8.333610770000000369e-04 2.629999999999999893e+00 4.725681940000000305e-05 2.629999999999999893e+00 1.071693199999999933e-03 2.629999999999999893e+00 2.934675970000000205e-14 2.629999999999999893e+00 6.942322290000000340e-01 2.629999999999999893e+00 4.993825960000000414e-04 2.629999999999999893e+00 3.137563249999999711e-05 2.629999999999999893e+00 5.970206090000000328e-04 2.629999999999999893e+00 5.919082110000000499e-14 2.629999999999999893e+00 6.740463749999999754e-01 2.629999999999999893e+00 2.714015859999999885e-04 2.629999999999999893e+00 1.225160299999999960e-05 2.629999999999999893e+00 3.083292470000000246e-04 2.629999999999999893e+00 1.190385489999999931e-13 2.629999999999999893e+00 6.618514309999999901e-01 2.629999999999999893e+00 8.048183939999999483e-04 2.629999999999999893e+00 1.241192590000000039e-04 2.629999999999999893e+00 1.093058559999999981e-03 2.629999999999999893e+00 9.528408399999999253e-15 2.629999999999999893e+00 7.390060830000000358e-01 2.629999999999999893e+00 5.250399460000000542e-04 2.629999999999999893e+00 3.950231130000000115e-05 2.629999999999999893e+00 6.030603400000000402e-04 2.629999999999999893e+00 1.634787249999999909e-14 2.629999999999999893e+00 8.031760180000000471e-01 2.629999999999999893e+00 2.806831619999999991e-04 2.629999999999999893e+00 1.012163129999999940e-05 2.629999999999999893e+00 2.911545590000000003e-04 2.629999999999999893e+00 3.210553279999999800e-14 2.629999999999999893e+00 8.030782069999999884e-01 2.629999999999999893e+00 1.409945049999999868e-04 2.629999999999999893e+00 2.590095770000000100e-06 2.629999999999999893e+00 1.403702299999999884e-04 2.629999999999999893e+00 6.335596339999999558e-14 2.629999999999999893e+00 7.966288780000000402e-01 2.629999999999999893e+00 6.958217509999999582e-05 2.629999999999999893e+00 7.135833159999999730e-07 2.629999999999999893e+00 6.817355409999999974e-05 2.629999999999999893e+00 1.254899760000000078e-13 2.629999999999999893e+00 7.933337919999999821e-01
2.640000000000000124e+00 1.507832119999999920e-03 2.640000000000000124e+00 1.558989170000000125e-04 2.640000000000000124e+00 2.482145839999999951e-03 2.640000000000000124e+00 7.076385739999999777e-15 2.640000000000000124e+00 6.213887359999999971e-01 2.640000000000000124e+00 1.223776590000000015e-03 2.640000000000000124e+00 7.850849359999999939e-05 2.640000000000000124e+00 1.743590859999999973e-03 2.640000000000000124e+00 1.489443909999999927e-14 2.640000000000000124e+00 7.192441649999999909e-01 2.640000000000000124e+00 8.335073770000000527e-04 2.640000000000000124e+00 4.918564850000000152e-05 2.640000000000000124e+00 1.080027610000000061e-03 2.640000000000000124e+00 2.935281680000000015e-14 2.640000000000000124e+00 6.942322290000000340e-01 2.640000000000000124e+00 4.990944480000000013e-04 2.640000000000000124e+00 3.339495820000000297e-05 2.640000000000000124e+00 6.020130940000000420e-04 2.640000000000000124e+00 5.919879669999999531e-14 2.640000000000000124e+00 6.740463749999999754e-01 2.640000000000000124e+00 2.714216529999999815e-04 2.640000000000000124e+00 1.326128120000000082e-05 2.640000000000000124e+00 3.110434290000000171e-04 2.640000000000000124e+00 1.190508739999999892e-13 2.640000000000000124e+00 6.618514309999999901e-01 2.640000000000000124e+00 8.048986660000000126e-04 2.640000000000000124e+00 1.260611150000000129e-04 2.640000000000000124e+00 1.101107179999999972e-03 2.640000000000000124e+00 9.529068150000000378e-15 2.640000000000000124e+00 7.390060830000000358e-01 2.640000000000000124e+00 5.259032580000000357e-04 2.640000000000000124e+00 4.044098870000000304e-05 2.640000000000000124e+00 6.083150849999999915e-04 2.640000000000000124e+00 1.634877430000000081e-14 2.640000000000000124e+00 8.031760180000000471e-01 2.640000000000000124e+00 2.815997229999999828e-04 2.640000000000000124e+00 1.041741629999999983e-05 2.640000000000000124e+00 2.939659859999999990e-04 2.640000000000000124e+00 3.210676190000000075e-14 2.640000000000000124e+00 8.030782069999999884e-01 2.640000000000000124e+00 1.415742690000000061e-04 2.640000000000000124e+00 2.676192129999999929e-06 2.640000000000000124e+00 1.417830779999999942e-04 2.640000000000000124e+00 6.335817919999999423e-14 2.640000000000000124e+00 7.966288780000000402e-01 2.640000000000000124e+00 6.989427429999999625e-05 2.640000000000000124e+00 7.404041480000000509e-07 2.640000000000000124e+00 6.887093770000000069e-05 2.640000000000000124e+00 1.254946869999999990e-13 2.640000000000000124e+00 7.933337919999999821e-01
2.649999999999999911e+00 1.507662290000000033e-03 2.649999999999999911e+00 1.573489220000000007e-04 2.649999999999999911e+00 2.497223329999999786e-03 2.649999999999999911e+00 7.077152759999999733e-15 2.649999999999999911e+00 6.213887359999999971e-01 2.649999999999999911e+00 1.224050570000000072e-03 2.649999999999999911e+00 7.994522500000000333e-05 2.649999999999999911e+00 1.755830020000000028e-03 2.649999999999999911e+00 1.489719840000000105e-14 2.649999999999999911e+00 7.192441649999999909e-01 2.649999999999999911e+00 8.335647009999999808e-04 2.649999999999999911e+00 5.121527679999999790e-05 2.649999999999999911e+00 1.088363049999999978e-03 2.649999999999999911e+00 2.935911280000000257e-14 2.649999999999999911e+00 6.942322290000000340e-01 2.649999999999999911e+00 4.986863139999999674e-04 2.649999999999999911e+00 3.554044589999999694e-05 2.649999999999999911e+00 6.070020979999999743e-04 2.649999999999999911e+00 5.920706819999999863e-14 2.649999999999999911e+00 6.740463749999999754e-01 2.649999999999999911e+00 2.713616699999999988e-04 2.649999999999999911e+00 1.435184990000000056e-05 2.649999999999999911e+00 3.137574129999999876e-04 2.649999999999999911e+00 1.190636470000000056e-13 2.649999999999999911e+00 6.618514309999999901e-01 2.649999999999999911e+00 8.049369929999999548e-04 2.649999999999999911e+00 1.280464739999999900e-04 2.649999999999999911e+00 1.109156389999999990e-03 2.649999999999999911e+00 9.529744210000000144e-15 2.649999999999999911e+00 7.390060830000000358e-01 2.649999999999999911e+00 5.267314230000000536e-04 2.649999999999999911e+00 4.141335489999999753e-05 2.649999999999999911e+00 6.135782879999999734e-04 2.649999999999999911e+00 1.634969139999999978e-14 2.649999999999999911e+00 8.031760180000000471e-01 2.649999999999999911e+00 2.825012859999999934e-04 2.649999999999999911e+00 1.072720229999999984e-05 2.649999999999999911e+00 2.967865039999999927e-04 2.649999999999999911e+00 3.210800200000000151e-14 2.649999999999999911e+00 8.030782069999999884e-01 2.649999999999999911e+00 1.421491289999999967e-04 2.649999999999999911e+00 2.766936520000000055e-06 2.649999999999999911e+00 1.432016989999999987e-04 2.649999999999999911e+00 6.336039119999999987e-14 2.649999999999999911e+00 7.966288780000000402e-01 2.649999999999999911e+00 7.020473469999999642e-05 2.649999999999999911e+00 7.688036940000000083e-07 2.649999999999999911e+00 6.957143409999999389e-05 2.649999999999999911e+00 1.254993709999999887e-13 2.649999999999999911e+00 7.933337919999999821e-01
2.660000000000000142e+00 1.507471310000000090e-03 2.660000000000000142e+00 1.588183549999999872e-04 2.660000000000000142e+00 2.512299019999999876e-03 2.660000000000000142e+00 7.077946740000000356e-15 2.660000000000000142e+00 6.213887359999999971e-01 2.660000000000000142e+00 1.224288690000000087e-03 2.660000000000000142e+00 8.141487459999999720e-05 2.660000000000000142e+00 1.768071750000000004e-03 2.660000000000000142e+00 1.490006299999999964e-14 2.660000000000000142e+00 7.192441649999999909e-01 2.660000000000000142e+00 8.335297180000000123e-04 2.660000000000000142e+00 5.335076690000000235e-05 2.660000000000000142e+00 1.096698600000000105e-03 2.660000000000000142e+00 2.936565970000000084e-14 2.660000000000000142e+00 6.942322290000000340e-01 2.660000000000000142e+00 4.981585580000000030e-04 2.660000000000000142e+00 3.781188120000000087e-05 2.660000000000000142e+00 6.119864209999999628e-04 2.660000000000000142e+00 5.921565070000000275e-14 2.660000000000000142e+00 6.740463749999999754e-01 2.660000000000000142e+00 2.712215439999999785e-04 2.660000000000000142e+00 1.552348630000000124e-05 2.660000000000000142e+00 3.164703950000000046e-04 2.660000000000000142e+00 1.190768900000000005e-13 2.660000000000000142e+00 6.618514309999999901e-01 2.660000000000000142e+00 8.049326219999999648e-04 2.660000000000000142e+00 1.300768219999999878e-04 2.660000000000000142e+00 1.117205779999999940e-03 2.660000000000000142e+00 9.530437629999999940e-15 2.660000000000000142e+00 7.390060830000000358e-01 2.660000000000000142e+00 5.275232599999999479e-04 2.660000000000000142e+00 4.242108769999999846e-05 2.660000000000000142e+00 6.188495920000000030e-04 2.660000000000000142e+00 1.635062519999999889e-14 2.660000000000000142e+00 8.031760180000000471e-01 2.660000000000000142e+00 2.833870779999999754e-04 2.660000000000000142e+00 1.105193220000000078e-05 2.660000000000000142e+00 2.996159590000000003e-04 2.660000000000000142e+00 3.210925509999999994e-14 2.660000000000000142e+00 8.030782069999999884e-01 2.660000000000000142e+00 1.427187880000000070e-04 2.660000000000000142e+00 2.862678269999999874e-06 2.660000000000000142e+00 1.446260430000000118e-04 2.660000000000000142e+00 6.336260229999999621e-14 2.660000000000000142e+00 7.966288780000000402e-01 2.660000000000000142e+00 7.051345230000000532e-05 2.660000000000000142e+00 7.989053929999999625e-07 2.660000000000000142e+00 7.027502659999999455e-05 2.660000000000000142e+00 1.255040329999999950e-13 2.660000000000000142e+00 7.933337919999999821e-01
2.669999999999999929e+00 1.507259219999999931e-03 2.669999999999999929e+00 1.603075829999999966e-04 2.669999999999999929e+00 2.527372689999999797e-03 2.669999999999999929e+00 7.078768989999999834e-15 2.669999999999999929e+00 6.213887359999999971e-01 2.669999999999999929e+00 1.224490699999999975e-03 2.669999999999999929e+00 8.291839089999999924e-05 2.669999999999999929e+00 1.780315680000000081e-03 2.669999999999999929e+00 1.490303820000000040e-14 2.669999999999999929e+00 7.192441649999999909e-01 2.669999999999999929e+00 8.333990749999999927e-04 2.669999999999999929e+00 5.559723760000000111e-05 2.669999999999999929e+00 1.105033320000000079e-03 2.669999999999999929e+00 2.937247020000000213e-14 2.669999999999999929e+00 6.942322290000000340e-01 2.669999999999999929e+00 4.975129970000000037e-04 2.669999999999999929e+00 4.020737029999999667e-05 2.669999999999999929e+00 6.169648759999999798e-04 2.669999999999999929e+00 5.922455999999999851e-14 2.669999999999999929e+00 6.740463749999999754e-01 2.669999999999999929e+00 2.710024899999999987e-04 2.669999999999999929e+00 1.677495649999999881e-05 2.669999999999999929e+00 3.191815799999999921e-04 2.669999999999999929e+00 1.190906290000000071e-13 2.669999999999999929e+00 6.618514309999999901e-01 2.669999999999999929e+00 8.048847899999999472e-04 2.669999999999999929e+00 1.321536710000000090e-04 2.669999999999999929e+00 1.125254900000000101e-03 2.669999999999999929e+00 9.531149489999999571e-15 2.669999999999999929e+00 7.390060830000000358e-01 2.669999999999999929e+00 5.282775520000000278e-04 2.669999999999999929e+00 4.346592350000000099e-05 2.669999999999999929e+00 6.241286280000000368e-04 2.669999999999999929e+00 1.635157690000000110e-14 2.669999999999999929e+00 8.031760180000000471e-01 2.669999999999999929e+00 2.842562750000000231e-04 2.669999999999999929e+00 1.139261129999999990e-05 2.669999999999999929e+00 3.024541900000000147e-04 2.669999999999999929e+00 3.211052300000000201e-14 2.669999999999999929e+00 8.030782069999999884e-01 2.669999999999999929e+00 1.432829270000000107e-04 2.669999999999999929e+00 2.963795140000000056e-06 2.669999999999999929e+00 1.460560570000000015e-04 2.669999999999999929e+00 6.336481559999999847e-14 2.669999999999999929e+00 7.966288780000000402e-01 2.669999999999999929e+00 7.082031420000000515e-05 2.669999999999999929e+00 8.308433269999999922e-07 2.669999999999999929e+00 7.098169699999999681e-05 2.669999999999999929e+00 1.255086799999999977e-13 2.669999999999999929e+00 7.933337919999999821e-01
2.680000000000000160e+00 1.507026029999999949e-03 2.680000000000000160e+00 1.618169840000000090e-04 2.680000000000000160e+00 2.542444129999999955e-03 2.680000000000000160e+00 7.079620880000000287e-15 2.680000000000000160e+00 6.213887359999999971e-01 2.680000000000000160e+00 1.224656300000000067e-03 2.680000000000000160e+00 8.445675130000000167e-05 2.680000000000000160e+00 1.792561440000000001e-03 2.680000000000000160e+00 1.490612969999999916e-14 2.680000000000000160e+00 7.192441649999999909e-01 2.680000000000000160e+00 8.331694269999999521e-04 2.680000000000000160e+00 5.795981939999999866e-05 2.680000000000000160e+00 1.113366250000000050e-03 2.680000000000000160e+00 2.937955709999999784e-14 2.680000000000000160e+00 6.942322290000000340e-01 2.680000000000000160e+00 4.967529330000000024e-04 2.680000000000000160e+00 4.272329750000000123e-05 2.680000000000000160e+00 6.219362990000000145e-04 2.680000000000000160e+00 5.923381230000000195e-14 2.680000000000000160e+00 6.740463749999999754e-01 2.680000000000000160e+00 2.707070069999999943e-04 2.680000000000000160e+00 1.810362689999999952e-05 2.680000000000000160e+00 3.218901900000000231e-04 2.680000000000000160e+00 1.191048879999999958e-13 2.680000000000000160e+00 6.618514309999999901e-01 2.680000000000000160e+00 8.047927300000000395e-04 2.680000000000000160e+00 1.342785539999999996e-04 2.680000000000000160e+00 1.133303329999999984e-03 2.680000000000000160e+00 9.531880940000000409e-15 2.680000000000000160e+00 7.390060830000000358e-01 2.680000000000000160e+00 5.289930479999999796e-04 2.680000000000000160e+00 4.454965190000000183e-05 2.680000000000000160e+00 6.294150139999999749e-04 2.680000000000000160e+00 1.635254809999999979e-14 2.680000000000000160e+00 8.031760180000000471e-01 2.680000000000000160e+00 2.851080000000000086e-04 2.680000000000000160e+00 1.175030909999999952e-05 2.680000000000000160e+00 3.053010260000000144e-04 2.680000000000000160e+00 3.211180770000000106e-14 2.680000000000000160e+00 8.030782069999999884e-01 2.680000000000000160e+00 1.438412000000000078e-04 2.680000000000000160e+00 3.070695120000000179e-06 2.680000000000000160e+00 1.474916819999999866e-04 2.680000000000000160e+00 6.336703419999999662e-14 2.680000000000000160e+00 7.966288780000000402e-01 2.680000000000000160e+00 7.112519770000000103e-05 2.680000000000000160e+00 8.647630930000000189e-07 2.680000000000000160e+00 7.169142620000000380e-05 2.680000000000000160e+00 1.255133169999999896e-13 2.680000000000000160e+00 7.933337919999999821e-01
2.689999999999999947e+00 1.506771760000000064e-03 2.689999999999999947e+00 1.633469420000000080e-04 2.689999999999999947e+00 2.557513139999999848e-03 2.689999999999999947e+00 7.080503809999999884e-15 2.689999999999999947e+00 6.213887359999999971e-01 2.689999999999999947e+00 1.224785200000000004e-03 2.689999999999999947e+00 8.603096350000000029e-05 2.689999999999999947e+00 1.804808680000000078e-03 2.689999999999999947e+00 1.490934340000000117e-14 2.689999999999999947e+00 7.192441649999999909e-01 2.689999999999999947e+00 8.328374749999999539e-04 2.689999999999999947e+00 6.044360199999999721e-05 2.689999999999999947e+00 1.121696369999999974e-03 2.689999999999999947e+00 2.938693399999999814e-14 2.689999999999999947e+00 6.942322290000000340e-01 2.689999999999999947e+00 4.958831050000000367e-04 2.689999999999999947e+00 4.535437419999999940e-05 2.689999999999999947e+00 6.268995689999999925e-04 2.689999999999999947e+00 5.924342460000000368e-14 2.689999999999999947e+00 6.740463749999999754e-01 2.689999999999999947e+00 2.703387769999999980e-04 2.689999999999999947e+00 1.950557750000000019e-05 2.689999999999999947e+00 3.245954779999999924e-04 2.689999999999999947e+00 1.191196929999999998e-13 2.689999999999999947e+00 6.618514309999999901e-01 2.689999999999999947e+00 8.046556750000000537e-04 2.689999999999999947e+00 1.364530159999999932e-04 2.689999999999999947e+00 1.141350609999999908e-03 2.689999999999999947e+00 9.532633130000000667e-15 2.689999999999999947e+00 7.390060830000000358e-01 2.689999999999999947e+00 5.296684750000000110e-04 2.689999999999999947e+00 4.567410729999999759e-05 2.689999999999999947e+00 6.347083549999999862e-04 2.689999999999999947e+00 1.635354020000000103e-14 2.689999999999999947e+00 8.031760180000000471e-01 2.689999999999999947e+00 2.859413260000000039e-04 2.689999999999999947e+00 1.212616029999999960e-05 2.689999999999999947e+00 3.081562890000000060e-04 2.689999999999999947e+00 3.211311120000000304e-14 2.689999999999999947e+00 8.030782069999999884e-01 2.689999999999999947e+00 1.443932349999999941e-04 2.689999999999999947e+00 3.183818430000000060e-06 2.689999999999999947e+00 1.489328600000000091e-04 2.689999999999999947e+00 6.336926120000000587e-14 2.689999999999999947e+00 7.966288780000000402e-01 2.689999999999999947e+00 7.142796970000000437e-05 2.689999999999999947e+00 9.008227100000000258e-07 2.689999999999999947e+00 7.240419389999999905e-05 2.689999999999999947e+00 1.255179510000000009e-13 2.689999999999999947e+00 7.933337919999999821e-01
2.700000000000000178e+00 1.506496420000000020e-03 2.700000000000000178e+00 1.648978480000000033e-04 2.700000000000000178e+00 2.572579499999999922e-03 2.700000000000000178e+00 7.081419249999999939e-15 2.700000000000000178e+00 6.213887359999999971e-01 2.700000000000000178e+00 1.224877099999999901e-03 2.700000000000000178e+00 8.764206559999999956e-05 2.700000000000000178e+00 1.817057020000000097e-03 2.700000000000000178e+00 1.491268539999999900e-14 2.700000000000000178e+00 7.192441649999999909e-01 2.700000000000000178e+00 8.324000110000000230e-04 2.700000000000000178e+00 6.305357279999999843e-05 2.700000000000000178e+00 1.130022650000000062e-03 2.700000000000000178e+00 2.939461499999999733e-14 2.700000000000000178e+00 6.942322290000000340e-01 2.700000000000000178e+00 4.949095630000000011e-04 2.700000000000000178e+00 4.809378169999999948e-05 2.700000000000000178e+00 6.318536159999999608e-04 2.700000000000000178e+00 5.925341450000000053e-14 2.700000000000000178e+00 6.740463749999999754e-01 2.700000000000000178e+00 2.699024739999999816e-04 2.700000000000000178e+00 2.097580659999999936e-05 2.700000000000000178e+00 3.272967390000000067e-04 2.700000000000000178e+00 1.191350700000000018e-13 2.700000000000000178e+00 6.618514309999999901e-01 2.700000000000000178e+00 8.044728649999999910e-04 2.700000000000000178e+00 1.386786029999999921e-04 2.700000000000000178e+00 1.149396289999999937e-03 2.700000000000000178e+00 9.533407270000000130e-15 2.700000000000000178e+00 7.390060830000000358e-01 2.700000000000000178e+00 5.303025379999999839e-04 2.700000000000000178e+00 4.684115990000000036e-05 2.700000000000000178e+00 6.400082449999999583e-04 2.700000000000000178e+00 1.635455490000000136e-14 2.700000000000000178e+00 8.031760180000000471e-01 2.700000000000000178e+00 2.867552750000000139e-04 2.700000000000000178e+00 1.252136469999999952e-05 2.700000000000000178e+00 3.110197879999999936e-04 2.700000000000000178e+00 3.211443570000000123e-14 2.700000000000000178e+00 8.030782069999999884e-01 2.700000000000000178e+00 1.449386319999999958e-04 2.700000000000000178e+00 3.303639290000000026e-06 2.700000000000000178e+00 1.503795250000000076e-04 2.700000000000000178e+00 6.337149989999999724e-14 2.700000000000000178e+00 7.966288780000000402e-01 2.700000000000000178e+00 7.172848610000000279e-05 2.700000000000000178e+00 9.391935770000000396e-07 2.700000000000000178e+00 7.311997810000000271e-05 2.700000000000000178e+00 1.255225860000000058e-13 2.700000000000000178e+00 7.933337919999999821e-01
2.709999999999999964e+00 1.506200000000000074e-03 2.709999999999999964e+00 1.664701009999999999e-04 2.709999999999999964e+00 2.587643000000000148e-03 2.709999999999999964e+00 7.082368700000000182e-15 2.709999999999999964e+00 6.213887359999999971e-01 2.709999999999999964e+00 1.224931660000000032e-03 2.709999999999999964e+00 8.929112700000000355e-05 2.709999999999999964e+00 1.829306099999999978e-03 2.709999999999999964e+00 1.491616190000000102e-14 2.709999999999999964e+00 7.192441649999999909e-01 2.709999999999999964e+00 8.318539659999999543e-04 2.709999999999999964e+00 6.579454619999999733e-05 2.709999999999999964e+00 1.138344010000000078e-03 2.709999999999999964e+00 2.940261460000000226e-14 2.709999999999999964e+00 6.942322290000000340e-01 2.709999999999999964e+00 4.938394690000000092e-04 2.709999999999999964e+00 5.093340139999999840e-05 2.709999999999999964e+00 6.367974380000000203e-04 2.709999999999999964e+00 5.926380030000000499e-14 2.709999999999999964e+00 6.740463749999999754e-01 2.709999999999999964e+00 2.694035090000000080e-04 2.709999999999999964e+00 2.250849990000000148e-05 2.709999999999999964e+00 3.299933190000000228e-04 2.709999999999999964e+00 1.191510479999999902e-13 2.709999999999999964e+00 6.618514309999999901e-01 2.709999999999999964e+00 8.042435550000000093e-04 2.709999999999999964e+00 1.409568559999999917e-04 2.709999999999999964e+00 1.157439909999999957e-03 2.709999999999999964e+00 9.534204610000000148e-15 2.709999999999999964e+00 7.390060830000000358e-01 2.709999999999999964e+00 5.308939389999999892e-04 2.709999999999999964e+00 4.805270380000000265e-05 2.709999999999999964e+00 6.453142640000000515e-04 2.709999999999999964e+00 1.635559350000000054e-14 2.709999999999999964e+00 8.031760180000000471e-01 2.709999999999999964e+00 2.875488179999999760e-04 2.709999999999999964e+00 1.293718640000000021e-05 2.709999999999999964e+00 3.138913260000000057e-04 2.709999999999999964e+00 3.211578309999999846e-14 2.709999999999999964e+00 8.030782069999999884e-01 2.709999999999999964e+00 1.454769609999999964e-04 2.709999999999999964e+00 3.430667700000000181e-06 2.709999999999999964e+00 1.518316090000000097e-04 2.709999999999999964e+00 6.337375360000000485e-14 2.709999999999999964e+00 7.966288780000000402e-01 2.709999999999999964e+00 7.202659030000000675e-05 2.709999999999999964e+00 9.800614529999999793e-07 2.709999999999999964e+00 7.383875560000000178e-05 2.709999999999999964e+00 1.255272300000000027e-13 2.709999999999999964e+00 7.933337919999999821e-01
2.720000000000000195e+00 1.505882500000000008e-03 2.720000000000000195e+00 1.680641110000000128e-04 2.720000000000000195e+00 2.602703430000000064e-03 2.720000000000000195e+00 7.083353720000000331e-15 2.720000000000000195e+00 6.213887359999999971e-01 2.720000000000000195e+00 1.224948520000000100e-03 2.720000000000000195e+00 9.097924929999999337e-05 2.720000000000000195e+00 1.841555529999999979e-03 2.720000000000000195e+00 1.491977969999999969e-14 2.720000000000000195e+00 7.192441649999999909e-01 2.720000000000000195e+00 8.311964639999999639e-04 2.720000000000000195e+00 6.867108529999999423e-05 2.720000000000000195e+00 1.146659360000000039e-03 2.720000000000000195e+00 2.941094790000000076e-14 2.720000000000000195e+00 6.942322290000000340e-01 2.720000000000000195e+00 4.926808340000000345e-04 2.720000000000000195e+00 5.386411220000000090e-05 2.720000000000000195e+00 6.417301099999999639e-04 2.720000000000000195e+00 5.927460099999999471e-14 2.720000000000000195e+00 6.740463749999999754e-01 2.720000000000000195e+00 2.688477570000000205e-04 2.720000000000000195e+00 2.409733229999999951e-05 2.720000000000000195e+00 3.326846199999999908e-04 2.720000000000000195e+00 1.191676560000000041e-13 2.720000000000000195e+00 6.618514309999999901e-01 2.720000000000000195e+00 8.039670189999999737e-04 2.720000000000000195e+00 1.432893009999999931e-04 2.720000000000000195e+00 1.165480999999999896e-03 2.720000000000000195e+00 9.535026450000000489e-15 2.720000000000000195e+00 7.390060830000000358e-01 2.720000000000000195e+00 5.314413780000000172e-04 2.720000000000000195e+00 4.931064400000000222e-05 2.720000000000000195e+00 6.506259780000000483e-04 2.720000000000000195e+00 1.635665790000000139e-14 2.720000000000000195e+00 8.031760180000000471e-01 2.720000000000000195e+00 2.883208780000000196e-04 2.720000000000000195e+00 1.337495210000000015e-05 2.720000000000000195e+00 3.167706930000000138e-04 2.720000000000000195e+00 3.211715569999999746e-14 2.720000000000000195e+00 8.030782069999999884e-01 2.720000000000000195e+00 1.460077590000000028e-04 2.720000000000000195e+00 3.565451070000000170e-06 2.720000000000000195e+00 1.532890390000000091e-04 2.720000000000000195e+00 6.337602569999999652e-14 2.720000000000000195e+00 7.966288780000000402e-01 2.720000000000000195e+00 7.232211340000000539e-05 2.720000000000000195e+00 1.023627469999999943e-06 2.720000000000000195e+00 7.456050129999999625e-05 2.720000000000000195e+00 1.255318890000000032e-13 2.720000000000000195e+00 7.933337919999999821e-01
2.729999999999999982e+00 1.505543920000000039e-03 2.729999999999999982e+00 1.696802909999999909e-04 2.729999999999999982e+00 2.617760580000000076e-03 2.729999999999999982e+00 7.084375930000000096e-15 2.729999999999999982e+00 6.213887359999999971e-01 2.729999999999999982e+00 1.224927329999999986e-03 2.729999999999999982e+00 9.270756670000000147e-05 2.729999999999999982e+00 1.853804940000000059e-03 2.729999999999999982e+00 1.492354550000000011e-14 2.729999999999999982e+00 7.192441649999999909e-01 2.729999999999999982e+00 8.304248860000000001e-04 2.729999999999999982e+00 7.168741400000000583e-05 2.729999999999999982e+00 1.154967559999999947e-03 2.729999999999999982e+00 2.941963050000000263e-14 2.729999999999999982e+00 6.942322290000000340e-01 2.729999999999999982e+00 4.914422349999999573e-04 2.729999999999999982e+00 5.687613109999999886e-05 2.729999999999999982e+00 6.466507880000000198e-04 2.729999999999999982e+00 5.928583630000000084e-14 2.729999999999999982e+00 6.740463749999999754e-01 2.729999999999999982e+00 2.682412820000000205e-04 2.729999999999999982e+00 2.573576680000000169e-05 2.729999999999999982e+00 3.353701049999999965e-04 2.729999999999999982e+00 1.191849230000000066e-13 2.729999999999999982e+00 6.618514309999999901e-01 2.729999999999999982e+00 8.036425629999999470e-04 2.729999999999999982e+00 1.456774319999999895e-04 2.729999999999999982e+00 1.173519089999999895e-03 2.729999999999999982e+00 9.535874119999999335e-15 2.729999999999999982e+00 7.390060830000000358e-01 2.729999999999999982e+00 5.319435749999999784e-04 2.729999999999999982e+00 5.061688029999999994e-05 2.729999999999999982e+00 6.559429409999999964e-04 2.729999999999999982e+00 1.635774960000000047e-14 2.729999999999999982e+00 8.031760180000000471e-01 2.729999999999999982e+00 2.890703340000000160e-04 2.729999999999999982e+00 1.383604709999999951e-05 2.729999999999999982e+00 3.196576679999999795e-04 2.729999999999999982e+00 3.211855589999999780e-14 2.729999999999999982e+00 8.030782069999999884e-01 2.729999999999999982e+00 1.465305349999999982e-04 2.729999999999999982e+00 3.708575570000000056e-06 2.729999999999999982e+00 1.547517369999999921e-04 2.729999999999999982e+00 6.337831960000000319e-14 2.729999999999999982e+00 7.966288780000000402e-01 2.729999999999999982e+00 7.261487230000000662e-05 2.729999999999999982e+00 1.070109130000000012e-06 2.729999999999999982e+00 7.528518860000000569e-05 2.729999999999999982e+00 1.255365689999999937e-13 2.729999999999999982e+00 7.933337919999999821e-01
2.740000000000000213e+00 1.505184230000000071e-03 2.740000000000000213e+00 1.713190679999999899e-04 2.740000000000000213e+00 2.632814240000000156e-03 2.740000000000000213e+00 7.085436989999999966e-15 2.740000000000000213e+00 6.213887359999999971e-01 2.740000000000000213e+00 1.224867709999999908e-03 2.740000000000000213e+00 9.447724669999999771e-05 2.740000000000000213e+00 1.866053950000000003e-03 2.740000000000000213e+00 1.492746640000000101e-14 2.740000000000000213e+00 7.192441649999999909e-01 2.740000000000000213e+00 8.295369320000000376e-04 2.740000000000000213e+00 7.484732329999999512e-05 2.740000000000000213e+00 1.163267470000000020e-03 2.740000000000000213e+00 2.942867870000000179e-14 2.740000000000000213e+00 6.942322290000000340e-01 2.740000000000000213e+00 4.901325019999999482e-04 2.740000000000000213e+00 5.995936600000000092e-05 2.740000000000000213e+00 6.515587169999999522e-04 2.740000000000000213e+00 5.929752659999999447e-14 2.740000000000000213e+00 6.740463749999999754e-01 2.740000000000000213e+00 2.675900900000000244e-04 2.740000000000000213e+00 2.741732069999999849e-05 2.740000000000000213e+00 3.380492959999999983e-04 2.740000000000000213e+00 1.192028809999999920e-13 2.740000000000000213e+00 6.618514309999999901e-01 2.740000000000000213e+00 8.032695299999999521e-04 2.740000000000000213e+00 1.481227020000000028e-04 2.740000000000000213e+00 1.181553689999999962e-03 2.740000000000000213e+00 9.536749009999999591e-15 2.740000000000000213e+00 7.390060830000000358e-01 2.740000000000000213e+00 5.323992740000000126e-04 2.740000000000000213e+00 5.197328980000000205e-05 2.740000000000000213e+00 6.612646939999999949e-04 2.740000000000000213e+00 1.635887050000000061e-14 2.740000000000000213e+00 8.031760180000000471e-01 2.740000000000000213e+00 2.897960240000000006e-04 2.740000000000000213e+00 1.432191079999999941e-05 2.740000000000000213e+00 3.225520210000000086e-04 2.740000000000000213e+00 3.211998580000000226e-14 2.740000000000000213e+00 8.030782069999999884e-01 2.740000000000000213e+00 1.470447610000000054e-04 2.740000000000000213e+00 3.860667249999999726e-06 2.740000000000000213e+00 1.562196209999999882e-04 2.740000000000000213e+00 6.338063899999999581e-14 2.740000000000000213e+00 7.966288780000000402e-01 2.740000000000000213e+00 7.290466980000000154e-05 2.740000000000000213e+00 1.119741340000000090e-06 2.740000000000000213e+00 7.601278890000000342e-05 2.740000000000000213e+00 1.255412779999999978e-13 2.740000000000000213e+00 7.933337919999999821e-01
2.750000000000000000e+00 1.504803419999999926e-03 2.750000000000000000e+00 1.729808739999999913e-04 2.750000000000000000e+00 2.647864189999999882e-03 2.750000000000000000e+00 7.086538629999999629e-15 2.750000000000000000e+00 6.213887359999999971e-01 2.750000000000000000e+00 1.224769240000000026e-03 2.750000000000000000e+00 9.628949089999999731e-05 2.750000000000000000e+00 1.878302170000000068e-03 2.750000000000000000e+00 1.493154980000000105e-14 2.750000000000000000e+00 7.192441649999999909e-01 2.750000000000000000e+00 8.285306870000000304e-04 2.750000000000000000e+00 7.815407179999999787e-05 2.750000000000000000e+00 1.171557900000000027e-03 2.750000000000000000e+00 2.943810910000000156e-14 2.750000000000000000e+00 6.942322290000000340e-01 2.750000000000000000e+00 4.887604379999999603e-04 2.750000000000000000e+00 6.310375199999999918e-05 2.750000000000000000e+00 6.564532300000000412e-04 2.750000000000000000e+00 5.930969309999999703e-14 2.750000000000000000e+00 6.740463749999999754e-01 2.750000000000000000e+00 2.668999350000000252e-04 2.750000000000000000e+00 2.913578240000000032e-05 2.750000000000000000e+00 3.407217769999999779e-04 2.750000000000000000e+00 1.192215620000000049e-13 2.750000000000000000e+00 6.618514309999999901e-01 2.750000000000000000e+00 8.028473080000000494e-04 2.750000000000000000e+00 1.506265109999999953e-04 2.750000000000000000e+00 1.189584320000000063e-03 2.750000000000000000e+00 9.537652539999999423e-15 2.750000000000000000e+00 7.390060830000000358e-01 2.750000000000000000e+00 5.328072659999999634e-04 2.750000000000000000e+00 5.338170780000000290e-05 2.750000000000000000e+00 6.665907669999999704e-04 2.750000000000000000e+00 1.636002240000000148e-14 2.750000000000000000e+00 8.031760180000000471e-01 2.750000000000000000e+00 2.904967499999999898e-04 2.750000000000000000e+00 1.483402999999999932e-05 2.750000000000000000e+00 3.254535060000000000e-04 2.750000000000000000e+00 3.212144790000000092e-14 2.750000000000000000e+00 8.030782069999999884e-01 2.750000000000000000e+00 1.475498790000000042e-04 2.750000000000000000e+00 4.022392709999999833e-06 2.750000000000000000e+00 1.576926020000000007e-04 2.750000000000000000e+00 6.338298749999999897e-14 2.750000000000000000e+00 7.966288780000000402e-01 2.750000000000000000e+00 7.319129309999999747e-05 2.750000000000000000e+00 1.172777370000000092e-06 2.750000000000000000e+00 7.674327150000000641e-05 2.750000000000000000e+00 1.255460210000000085e-13 2.750000000000000000e+00 7.933337919999999821e-01
2.759999999999999787e+00 1.504401459999999942e-03 2.759999999999999787e+00 1.746661509999999906e-04 2.759999999999999787e+00 2.662910230000000052e-03 2.759999999999999787e+00 7.087682630000000343e-15 2.759999999999999787e+00 6.213887359999999971e-01 2.759999999999999787e+00 1.224631519999999987e-03 2.759999999999999787e+00 9.814553520000000311e-05 2.759999999999999787e+00 1.890549199999999900e-03 2.759999999999999787e+00 1.493580339999999884e-14 2.759999999999999787e+00 7.192441649999999909e-01 2.759999999999999787e+00 8.274046950000000502e-04 2.759999999999999787e+00 8.161028389999999818e-05 2.759999999999999787e+00 1.179837680000000088e-03 2.759999999999999787e+00 2.944793900000000198e-14 2.759999999999999787e+00 6.942322290000000340e-01 2.759999999999999787e+00 4.873345659999999812e-04 2.759999999999999787e+00 6.629954750000000441e-05 2.759999999999999787e+00 6.613337470000000022e-04 2.759999999999999787e+00 5.932235759999999829e-14 2.759999999999999787e+00 6.740463749999999754e-01 2.759999999999999787e+00 2.661761739999999763e-04 2.759999999999999787e+00 3.088536739999999688e-05 2.759999999999999787e+00 3.433871829999999843e-04 2.759999999999999787e+00 1.192409990000000080e-13 2.759999999999999787e+00 6.618514309999999901e-01 2.759999999999999787e+00 8.023753449999999508e-04 2.759999999999999787e+00 1.531901840000000122e-04 2.759999999999999787e+00 1.197610470000000068e-03 2.759999999999999787e+00 9.538586210000000141e-15 2.759999999999999787e+00 7.390060830000000358e-01 2.759999999999999787e+00 5.331664019999999768e-04 2.759999999999999787e+00 5.484390619999999811e-05 2.759999999999999787e+00 6.719206770000000096e-04 2.759999999999999787e+00 1.636120699999999962e-14 2.759999999999999787e+00 8.031760180000000471e-01 2.759999999999999787e+00 2.911712899999999876e-04 2.759999999999999787e+00 1.537393000000000071e-05 2.759999999999999787e+00 3.283618679999999969e-04 2.759999999999999787e+00 3.212294470000000281e-14 2.759999999999999787e+00 8.030782069999999884e-01 2.759999999999999787e+00 1.480452950000000101e-04 2.759999999999999787e+00 4.194459300000000412e-06 2.759999999999999787e+00 1.591705859999999987e-04 2.759999999999999787e+00 6.338536879999999623e-14 2.759999999999999787e+00 7.966288780000000402e-01 2.759999999999999787e+00 7.347451380000000448e-05 2.759999999999999787e+00 1.229489780000000029e-06 2.759999999999999787e+00 7.747660339999999743e-05 2.759999999999999787e+00 1.255508059999999990e-13 2.759999999999999787e+00 7.933337919999999821e-01
2.770000000000000018e+00 1.503978320000000021e-03 2.770000000000000018e+00 1.763753490000000059e-04 2.770000000000000018e+00 2.677952150000000205e-03 2.770000000000000018e+00 7.088870810000000203e-15 2.770000000000000018e+00 6.213887359999999971e-01 2.770000000000000018e+00 1.224454100000000071e-03 2.770000000000000018e+00 1.000466509999999981e-04 2.770000000000000018e+00 1.902794659999999935e-03 2.770000000000000018e+00 1.494023489999999931e-14 2.770000000000000018e+00 7.192441649999999909e-01 2.770000000000000018e+00 8.261580250000000224e-04 2.770000000000000018e+00 8.521784729999999923e-05 2.770000000000000018e+00 1.188105590000000092e-03 2.770000000000000018e+00 2.945818619999999984e-14 2.770000000000000018e+00 6.942322290000000340e-01 2.770000000000000018e+00 4.858629219999999931e-04 2.770000000000000018e+00 6.953757290000000440e-05 2.770000000000000018e+00 6.661997689999999859e-04 2.770000000000000018e+00 5.933554310000000040e-14 2.770000000000000018e+00 6.740463749999999754e-01 2.770000000000000018e+00 2.654236799999999761e-04 2.770000000000000018e+00 3.266081680000000072e-05 2.770000000000000018e+00 3.460452040000000094e-04 2.770000000000000018e+00 1.192612279999999947e-13 2.770000000000000018e+00 6.618514309999999901e-01 2.770000000000000018e+00 8.018531549999999720e-04 2.770000000000000018e+00 1.558149649999999889e-04 2.770000000000000018e+00 1.205631659999999942e-03 2.770000000000000018e+00 9.539551529999999893e-15 2.770000000000000018e+00 7.390060830000000358e-01 2.770000000000000018e+00 5.334756080000000074e-04 2.770000000000000018e+00 5.636157149999999791e-05 2.770000000000000018e+00 6.772539290000000305e-04 2.770000000000000018e+00 1.636242640000000096e-14 2.770000000000000018e+00 8.031760180000000471e-01 2.770000000000000018e+00 2.918184020000000236e-04 2.770000000000000018e+00 1.594316400000000164e-05 2.770000000000000018e+00 3.312768399999999817e-04 2.770000000000000018e+00 3.212447880000000113e-14 2.770000000000000018e+00 8.030782069999999884e-01 2.770000000000000018e+00 1.485303849999999957e-04 2.770000000000000018e+00 4.377614709999999598e-06 2.770000000000000018e+00 1.606534739999999982e-04 2.770000000000000018e+00 6.338778699999999630e-14 2.770000000000000018e+00 7.966288780000000402e-01 2.770000000000000018e+00 7.375408640000000063e-05 2.770000000000000018e+00 1.290171260000000089e-06 2.770000000000000018e+00 7.821274959999999438e-05 2.770000000000000018e+00 1.255556399999999995e-13 2.770000000000000018e+00 7.933337919999999821e-01
2.779999999999999805e+00 1.503533949999999930e-03 2.779999999999999805e+00 1.781089279999999880e-04 2.779999999999999805e+00 2.692989729999999918e-03 2.779999999999999805e+00 7.090105089999999652e-15 2.779999999999999805e+00 6.213887359999999971e-01 2.779999999999999805e+00 1.224236529999999908e-03 2.779999999999999805e+00 1.019941439999999934e-04 2.779999999999999805e+00 1.915038150000000034e-03 2.779999999999999805e+00 1.494485260000000097e-14 2.779999999999999805e+00 7.192441649999999909e-01 2.779999999999999805e+00 8.247903340000000165e-04 2.779999999999999805e+00 8.897781509999999974e-05 2.779999999999999805e+00 1.196360440000000021e-03 2.779999999999999805e+00 2.946886920000000128e-14 2.779999999999999805e+00 6.942322290000000340e-01 2.779999999999999805e+00 4.843529100000000098e-04 2.779999999999999805e+00 7.280938449999999540e-05 2.779999999999999805e+00 6.710508770000000404e-04 2.779999999999999805e+00 5.934927289999999603e-14 2.779999999999999805e+00 6.740463749999999754e-01 2.779999999999999805e+00 2.646467970000000139e-04 2.779999999999999805e+00 3.445744390000000191e-05 2.779999999999999805e+00 3.486955749999999738e-04 2.779999999999999805e+00 1.192822839999999903e-13 2.779999999999999805e+00 6.618514309999999901e-01 2.779999999999999805e+00 8.012803260000000245e-04 2.779999999999999805e+00 1.585019969999999930e-04 2.779999999999999805e+00 1.213647370000000029e-03 2.779999999999999805e+00 9.540550109999999967e-15 2.779999999999999805e+00 7.390060830000000358e-01 2.779999999999999805e+00 5.337339069999999476e-04 2.779999999999999805e+00 5.793628089999999933e-05 2.779999999999999805e+00 6.825900189999999871e-04 2.779999999999999805e+00 1.636368249999999885e-14 2.779999999999999805e+00 8.031760180000000471e-01 2.779999999999999805e+00 2.924368379999999889e-04 2.779999999999999805e+00 1.654330040000000110e-05 2.779999999999999805e+00 3.341981409999999933e-04 2.779999999999999805e+00 3.212605260000000177e-14 2.779999999999999805e+00 8.030782069999999884e-01 2.779999999999999805e+00 1.490044920000000112e-04 2.779999999999999805e+00 4.572645800000000183e-06 2.779999999999999805e+00 1.621411570000000010e-04 2.779999999999999805e+00 6.339024579999999538e-14 2.779999999999999805e+00 7.966288780000000402e-01 2.779999999999999805e+00 7.402974860000000133e-05 2.779999999999999805e+00 1.355135290000000064e-06 2.779999999999999805e+00 7.895167210000000001e-05 2.779999999999999805e+00 1.255605299999999900e-13 2.779999999999999805e+00 7.933337919999999821e-01
2.790000000000000036e+00 1.503068320000000005e-03 2.790000000000000036e+00 1.798673580000000104e-04 2.790000000000000036e+00 2.708022760000000032e-03 2.790000000000000036e+00 7.091387409999999918e-15 2.790000000000000036e+00 6.213887359999999971e-01 2.790000000000000036e+00 1.223978329999999897e-03 2.790000000000000036e+00 1.039893570000000067e-04 2.790000000000000036e+00 1.927279260000000103e-03 2.790000000000000036e+00 1.494966499999999914e-14 2.790000000000000036e+00 7.192441649999999909e-01 2.790000000000000036e+00 8.233019309999999903e-04 2.790000000000000036e+00 9.289031519999999822e-05 2.790000000000000036e+00 1.204601000000000022e-03 2.790000000000000036e+00 2.948000669999999977e-14 2.790000000000000036e+00 6.942322290000000340e-01 2.790000000000000036e+00 4.828112120000000026e-04 2.790000000000000036e+00 7.610738320000000594e-05 2.790000000000000036e+00 6.758867220000000422e-04 2.790000000000000036e+00 5.936357129999999657e-14 2.790000000000000036e+00 6.740463749999999754e-01 2.790000000000000036e+00 2.638493369999999824e-04 2.790000000000000036e+00 3.627114030000000335e-05 2.790000000000000036e+00 3.513380720000000134e-04 2.790000000000000036e+00 1.193042029999999883e-13 2.790000000000000036e+00 6.618514309999999901e-01 2.790000000000000036e+00 8.006565339999999935e-04 2.790000000000000036e+00 1.612523039999999987e-04 2.790000000000000036e+00 1.221657089999999982e-03 2.790000000000000036e+00 9.541583580000000071e-15 2.790000000000000036e+00 7.390060830000000358e-01 2.790000000000000036e+00 5.339404320000000091e-04 2.790000000000000036e+00 5.956947929999999679e-05 2.790000000000000036e+00 6.879284339999999776e-04 2.790000000000000036e+00 1.636497739999999921e-14 2.790000000000000036e+00 8.031760180000000471e-01 2.790000000000000036e+00 2.930253539999999753e-04 2.790000000000000036e+00 1.717590780000000135e-05 2.790000000000000036e+00 3.371254770000000137e-04 2.790000000000000036e+00 3.212766900000000105e-14 2.790000000000000036e+00 8.030782069999999884e-01 2.790000000000000036e+00 1.494669269999999908e-04 2.790000000000000036e+00 4.780376549999999855e-06 2.790000000000000036e+00 1.636335250000000132e-04 2.790000000000000036e+00 6.339274949999999584e-14 2.790000000000000036e+00 7.966288780000000402e-01 2.790000000000000036e+00 7.430122029999999551e-05 2.790000000000000036e+00 1.424716740000000048e-06 2.790000000000000036e+00 7.969333059999999646e-05 2.790000000000000036e+00 1.255654839999999943e-13 2.790000000000000036e+00 7.933337919999999821e-01
2.799999999999999822e+00 1.502581380000000012e-03 2.799999999999999822e+00 1.816511170000000063e-04 2.799999999999999822e+00 2.723051020000000124e-03 2.799999999999999822e+00 7.092719789999999848e-15 2.799999999999999822e+00 6.213887359999999971e-01 2.799999999999999822e+00 1.223679020000000006e-03 2.799999999999999822e+00 1.060336699999999988e-04 2.799999999999999822e+00 1.939517580000000045e-03 2.799999999999999822e+00 1.495468059999999858e-14 2.799999999999999822e+00 7.192441649999999909e-01 2.799999999999999822e+00 8.216938240000000362e-04 2.799999999999999822e+00 9.695447230000000648e-05 2.799999999999999822e+00 1.212826080000000079e-03 2.799999999999999822e+00 2.949161829999999811e-14 2.799999999999999822e+00 6.942322290000000340e-01 2.799999999999999822e+00 4.812437409999999801e-04 2.799999999999999822e+00 7.942486379999999741e-05 2.799999999999999822e+00 6.807070159999999495e-04 2.799999999999999822e+00 5.937846359999999431e-14 2.799999999999999822e+00 6.740463749999999754e-01 2.799999999999999822e+00 2.630346030000000192e-04 2.799999999999999822e+00 3.809835309999999733e-05 2.799999999999999822e+00 3.539725050000000202e-04 2.799999999999999822e+00 1.193270260000000002e-13 2.799999999999999822e+00 6.618514309999999901e-01 2.799999999999999822e+00 7.999815490000000391e-04 2.799999999999999822e+00 1.640667820000000035e-04 2.799999999999999822e+00 1.229660330000000024e-03 2.799999999999999822e+00 9.542653639999999898e-15 2.799999999999999822e+00 7.390060830000000358e-01 2.799999999999999822e+00 5.340944459999999927e-04 2.799999999999999822e+00 6.126245499999999518e-05 2.799999999999999822e+00 6.932686530000000237e-04 2.799999999999999822e+00 1.636631329999999851e-14 2.799999999999999822e+00 8.031760180000000471e-01 2.799999999999999822e+00 2.935827289999999828e-04 2.799999999999999822e+00 1.784253820000000120e-05 2.799999999999999822e+00 3.400585440000000108e-04 2.799999999999999822e+00 3.212933070000000164e-14 2.799999999999999822e+00 8.030782069999999884e-01 2.799999999999999822e+00 1.499169779999999876e-04 2.799999999999999822e+00 5.001665090000000109e-06 2.799999999999999822e+00 1.651304550000000110e-04 2.799999999999999822e+00 6.339530219999999378e-14 2.799999999999999822e+00 7.966288780000000402e-01 2.799999999999999822e+00 7.456820359999999988e-05 2.799999999999999822e+00 1.499272099999999999e-06 2.799999999999999822e+00 8.043768159999999492e-05 2.799999999999999822e+00 1.255705110000000043e-13 2.799999999999999822e+00 7.933337919999999821e-01
2.810000000000000053e+00 1.502073060000000014e-03 2.810000000000000053e+00 1.834606920000000083e-04 2.810000000000000053e+00 2.738074310000000126e-03 2.810000000000000053e+00 7.094104309999999857e-15 2.810000000000000053e+00 6.213887359999999971e-01 2.810000000000000053e+00 1.223338069999999967e-03 2.810000000000000053e+00 1.081284969999999983e-04 2.810000000000000053e+00 1.951752699999999979e-03 2.810000000000000053e+00 1.495990850000000082e-14 2.810000000000000053e+00 7.192441649999999909e-01 2.810000000000000053e+00 8.199677600000000038e-04 2.810000000000000053e+00 1.011683470000000003e-04 2.810000000000000053e+00 1.221034479999999998e-03 2.810000000000000053e+00 2.950372379999999903e-14 2.810000000000000053e+00 6.942322290000000340e-01 2.810000000000000053e+00 4.796556460000000219e-04 2.810000000000000053e+00 8.275601540000000604e-05 2.810000000000000053e+00 6.855115280000000349e-04 2.810000000000000053e+00 5.939397560000000355e-14 2.810000000000000053e+00 6.740463749999999754e-01 2.810000000000000053e+00 2.622054249999999833e-04 2.810000000000000053e+00 3.993604329999999756e-05 2.810000000000000053e+00 3.565987159999999749e-04 2.810000000000000053e+00 1.193507910000000066e-13 2.810000000000000053e+00 6.618514309999999901e-01 2.810000000000000053e+00 7.992552450000000143e-04 2.810000000000000053e+00 1.669461819999999881e-04 2.810000000000000053e+00 1.237656549999999927e-03 2.810000000000000053e+00 9.543762040000000711e-15 2.810000000000000053e+00 7.390060830000000358e-01 2.810000000000000053e+00 5.341953579999999830e-04 2.810000000000000053e+00 6.301631730000000311e-05 2.810000000000000053e+00 6.986101459999999666e-04 2.810000000000000053e+00 1.636769229999999951e-14 2.810000000000000053e+00 8.031760180000000471e-01 2.810000000000000053e+00 2.941077729999999960e-04 2.810000000000000053e+00 1.854470760000000097e-05 2.810000000000000053e+00 3.429970240000000084e-04 2.810000000000000053e+00 3.213104070000000301e-14 2.810000000000000053e+00 8.030782069999999884e-01 2.810000000000000053e+00 1.503539069999999963e-04 2.810000000000000053e+00 5.237399560000000131e-06 2.810000000000000053e+00 1.666318199999999871e-04 2.810000000000000053e+00 6.339790830000000105e-14 2.810000000000000053e+00 7.966288780000000402e-01 2.810000000000000053e+00 7.483038289999999616e-05 2.810000000000000053e+00 1.579179570000000065e-06 2.810000000000000053e+00 8.118467860000000500e-05 2.810000000000000053e+00 1.255756170000000064e-13 2.810000000000000053e+00 7.933337919999999821e-01
2.819999999999999840e+00 1.501543309999999994e-03 2.819999999999999840e+00 1.852965820000000013e-04 2.819999999999999840e+00 2.753092410000000049e-03 2.819999999999999840e+00 7.095543100000000351e-15 2.819999999999999840e+00 6.213887359999999971e-01 2.819999999999999840e+00 1.222954959999999905e-03 2.819999999999999840e+00 1.102752900000000038e-04 2.819999999999999840e+00 1.963984199999999850e-03 2.819999999999999840e+00 1.496535800000000103e-14 2.819999999999999840e+00 7.192441649999999909e-01 2.819999999999999840e+00 8.181262469999999549e-04 2.819999999999999840e+00 1.055288970000000038e-04 2.819999999999999840e+00 1.229225050000000040e-03 2.819999999999999840e+00 2.951634359999999887e-14 2.819999999999999840e+00 6.942322290000000340e-01 2.819999999999999840e+00 4.780513390000000083e-04 2.819999999999999840e+00 8.609588469999999419e-05 2.819999999999999840e+00 6.903000750000000537e-04 2.819999999999999840e+00 5.941013420000000365e-14 2.819999999999999840e+00 6.740463749999999754e-01 2.819999999999999840e+00 2.613642070000000268e-04 2.819999999999999840e+00 4.178163369999999806e-05 2.819999999999999840e+00 3.592165730000000255e-04 2.819999999999999840e+00 1.193755389999999938e-13 2.819999999999999840e+00 6.618514309999999901e-01 2.819999999999999840e+00 7.984776099999999670e-04 2.819999999999999840e+00 1.698910930000000115e-04 2.819999999999999840e+00 1.245645259999999914e-03 2.819999999999999840e+00 9.544910610000000603e-15 2.819999999999999840e+00 7.390060830000000358e-01 2.819999999999999840e+00 5.342427369999999676e-04 2.819999999999999840e+00 6.483197510000000190e-05 2.819999999999999840e+00 7.039523809999999803e-04 2.819999999999999840e+00 1.636911669999999865e-14 2.819999999999999840e+00 8.031760180000000471e-01 2.819999999999999840e+00 2.945993519999999923e-04 2.819999999999999840e+00 1.928387620000000105e-05 2.819999999999999840e+00 3.459405880000000202e-04 2.819999999999999840e+00 3.213280179999999833e-14 2.819999999999999840e+00 8.030782069999999884e-01 2.819999999999999840e+00 1.507769580000000017e-04 2.819999999999999840e+00 5.488492719999999902e-06 2.819999999999999840e+00 1.681374870000000121e-04 2.819999999999999840e+00 6.340057220000000422e-14 2.819999999999999840e+00 7.966288780000000402e-01 2.819999999999999840e+00 7.508742530000000537e-05 2.819999999999999840e+00 1.664838699999999914e-06 2.819999999999999840e+00 8.193427209999999412e-05 2.819999999999999840e+00 1.255808109999999926e-13 2.819999999999999840e+00 7.933337919999999821e-01
2.830000000000000071e+00 1.500992060000000015e-03 2.830000000000000071e+00 1.871592929999999963e-04 2.830000000000000071e+00 2.768105109999999865e-03 2.830000000000000071e+00 7.097038370000000142e-15 2.830000000000000071e+00 6.213887359999999971e-01 2.830000000000000071e+00 1.222529140000000068e-03 2.830000000000000071e+00 1.124755380000000014e-04 2.830000000000000071e+00 1.976211659999999818e-03 2.830000000000000071e+00 1.497103840000000068e-14 2.830000000000000071e+00 7.192441649999999909e-01 2.830000000000000071e+00 8.161725610000000264e-04 2.830000000000000071e+00 1.100319589999999940e-04 2.830000000000000071e+00 1.237396630000000067e-03 2.830000000000000071e+00 2.952949870000000015e-14 2.830000000000000071e+00 6.942322290000000340e-01 2.830000000000000071e+00 4.764345529999999850e-04 2.830000000000000071e+00 8.944031219999999411e-05 2.830000000000000071e+00 6.950725130000000394e-04 2.830000000000000071e+00 5.942696679999999600e-14 2.830000000000000071e+00 6.740463749999999754e-01 2.830000000000000071e+00 2.605129809999999989e-04 2.830000000000000071e+00 4.363295369999999984e-05 2.830000000000000071e+00 3.618259670000000114e-04 2.830000000000000071e+00 1.194013140000000044e-13 2.830000000000000071e+00 6.618514309999999901e-01 2.830000000000000071e+00 7.976487460000000317e-04 2.830000000000000071e+00 1.729019369999999865e-04 2.830000000000000071e+00 1.253625929999999935e-03 2.830000000000000071e+00 9.546101209999999238e-15 2.830000000000000071e+00 7.390060830000000358e-01 2.830000000000000071e+00 5.342363250000000015e-04 2.830000000000000071e+00 6.671011809999999765e-05 2.830000000000000071e+00 7.092948210000000423e-04 2.830000000000000071e+00 1.637058899999999864e-14 2.830000000000000071e+00 8.031760180000000471e-01 2.830000000000000071e+00 2.950564000000000030e-04 2.830000000000000071e+00 2.006142640000000164e-05 2.830000000000000071e+00 3.488888959999999952e-04 2.830000000000000071e+00 3.213461719999999964e-14 2.830000000000000071e+00 8.030782069999999884e-01 2.830000000000000071e+00 1.511853609999999908e-04 2.830000000000000071e+00 5.755875380000000289e-06 2.830000000000000071e+00 1.696473109999999877e-04 2.830000000000000071e+00 6.340329849999999616e-14 2.830000000000000071e+00 7.966288780000000402e-01 2.830000000000000071e+00 7.533898110000000455e-05 2.830000000000000071e+00 1.756669679999999971e-06 2.830000000000000071e+00 8.268640890000000137e-05 2.830000000000000071e+00 1.255861010000000121e-13 2.830000000000000071e+00 7.933337919999999821e-01
2.839999999999999858e+00 1.500419239999999923e-03 2.839999999999999858e+00 1.890493450000000025e-04 2.839999999999999858e+00 2.783112180000000060e-03 2.839999999999999858e+00 7.098592379999999613e-15 2.839999999999999858e+00 6.213887359999999971e-01 2.839999999999999858e+00 1.222060050000000090e-03 2.839999999999999858e+00 1.147307670000000058e-04 2.839999999999999858e+00 1.988434639999999906e-03 2.839999999999999858e+00 1.497695970000000114e-14 2.839999999999999858e+00 7.192441649999999909e-01 2.839999999999999858e+00 8.141107289999999566e-04 2.839999999999999858e+00 1.146722680000000023e-04 2.839999999999999858e+00 1.245548140000000059e-03 2.839999999999999858e+00 2.954321029999999905e-14 2.839999999999999858e+00 6.942322290000000340e-01 2.839999999999999858e+00 4.748084040000000237e-04 2.839999999999999858e+00 9.278585460000000602e-05 2.839999999999999858e+00 6.998287349999999856e-04 2.839999999999999858e+00 5.944450199999999439e-14 2.839999999999999858e+00 6.740463749999999754e-01 2.839999999999999858e+00 2.596534560000000099e-04 2.839999999999999858e+00 4.548818420000000210e-05 2.839999999999999858e+00 3.644268049999999787e-04 2.839999999999999858e+00 1.194281579999999929e-13 2.839999999999999858e+00 6.618514309999999901e-01 2.839999999999999858e+00 7.967688830000000484e-04 2.839999999999999858e+00 1.759789500000000001e-04 2.839999999999999858e+00 1.261598060000000037e-03 2.839999999999999858e+00 9.547335799999999420e-15 2.839999999999999858e+00 7.390060830000000358e-01 2.839999999999999858e+00 5.341760479999999468e-04 2.839999999999999858e+00 6.865120030000000585e-05 2.839999999999999858e+00 7.146369280000000254e-04 2.839999999999999858e+00 1.637211139999999906e-14 2.839999999999999858e+00 8.031760180000000471e-01 2.839999999999999858e+00 2.954779379999999825e-04 2.839999999999999858e+00 2.087864059999999935e-05 2.839999999999999858e+00 3.518415979999999768e-04 2.839999999999999858e+00 3.213648990000000011e-14 2.839999999999999858e+00 8.030782069999999884e-01 2.839999999999999858e+00 1.515783400000000013e-04 2.839999999999999858e+00 6.040488360000000146e-06 2.839999999999999858e+00 1.711611419999999983e-04 2.839999999999999858e+00 6.340609200000000124e-14 2.839999999999999858e+00 7.966288780000000402e-01 2.839999999999999858e+00 7.558468469999999901e-05 2.839999999999999858e+00 1.855112160000000099e-06 2.839999999999999858e+00 8.344103219999999350e-05 2.839999999999999858e+00 1.255914969999999998e-13 2.839999999999999858e+00 7.933337919999999821e-01
2.850000000000000089e+00 1.499824770000000038e-03 2.850000000000000089e+00 1.909672650000000013e-04 2.850000000000000089e+00 2.798113420000000132e-03 2.850000000000000089e+00 7.100207459999999922e-15 2.850000000000000089e+00 6.213887359999999971e-01 2.850000000000000089e+00 1.221547109999999905e-03 2.850000000000000089e+00 1.170425380000000002e-04 2.850000000000000089e+00 2.000652710000000098e-03 2.850000000000000089e+00 1.498313170000000065e-14 2.850000000000000089e+00 7.192441649999999909e-01 2.850000000000000089e+00 8.119455009999999558e-04 2.850000000000000089e+00 1.194434959999999982e-04 2.850000000000000089e+00 1.253678499999999994e-03 2.850000000000000089e+00 2.955750010000000114e-14 2.850000000000000089e+00 6.942322290000000340e-01 2.850000000000000089e+00 4.731754659999999764e-04 2.850000000000000089e+00 9.612969899999999944e-05 2.850000000000000089e+00 7.045686590000000034e-04 2.850000000000000089e+00 5.946276889999999672e-14 2.850000000000000089e+00 6.740463749999999754e-01 2.850000000000000089e+00 2.587870639999999755e-04 2.850000000000000089e+00 4.734580660000000269e-05 2.850000000000000089e+00 3.670190130000000064e-04 2.850000000000000089e+00 1.194561180000000076e-13 2.850000000000000089e+00 6.618514309999999901e-01 2.850000000000000089e+00 7.958383770000000039e-04 2.850000000000000089e+00 1.791221809999999921e-04 2.850000000000000089e+00 1.269561140000000088e-03 2.850000000000000089e+00 9.548616369999999212e-15 2.850000000000000089e+00 7.390060830000000358e-01 2.850000000000000089e+00 5.340620259999999744e-04 2.850000000000000089e+00 7.065542770000000298e-05 2.850000000000000089e+00 7.199781630000000234e-04 2.850000000000000089e+00 1.637368669999999944e-14 2.850000000000000089e+00 8.031760180000000471e-01 2.850000000000000089e+00 2.958630940000000001e-04 2.850000000000000089e+00 2.173667880000000079e-05 2.850000000000000089e+00 3.547983329999999979e-04 2.850000000000000089e+00 3.213842340000000226e-14 2.850000000000000089e+00 8.030782069999999884e-01 2.850000000000000089e+00 1.519551200000000130e-04 2.850000000000000089e+00 6.343273179999999593e-06 2.850000000000000089e+00 1.726788239999999897e-04 2.850000000000000089e+00 6.340895750000000598e-14 2.850000000000000089e+00 7.966288780000000402e-01 2.850000000000000089e+00 7.582415649999999581e-05 2.850000000000000089e+00 1.960623479999999961e-06 2.850000000000000089e+00 8.419808179999999694e-05 2.850000000000000089e+00 1.255970070000000049e-13 2.850000000000000089e+00 7.933337919999999821e-01
2.859999999999999876e+00 1.499208560000000068e-03 2.859999999999999876e+00 1.929135920000000072e-04 2.859999999999999876e+00 2.813108610000000093e-03 2.859999999999999876e+00 7.101885979999999853e-15 2.859999999999999876e+00 6.213887359999999971e-01 2.859999999999999876e+00 1.220989709999999997e-03 2.859999999999999876e+00 1.194124489999999960e-04 2.859999999999999876e+00 2.012865429999999983e-03 2.859999999999999876e+00 1.498956480000000047e-14 2.859999999999999876e+00 7.192441649999999909e-01 2.859999999999999876e+00 8.096822909999999663e-04 2.859999999999999876e+00 1.243383290000000011e-04 2.859999999999999876e+00 1.261786719999999926e-03 2.859999999999999876e+00 2.957239010000000245e-14 2.859999999999999876e+00 6.942322290000000340e-01 2.859999999999999876e+00 4.715378430000000012e-04 2.859999999999999876e+00 9.946957730000000584e-05 2.859999999999999876e+00 7.092922289999999911e-04 2.859999999999999876e+00 5.948179759999999443e-14 2.859999999999999876e+00 6.740463749999999754e-01 2.859999999999999876e+00 2.579150039999999837e-04 2.859999999999999876e+00 4.920455599999999945e-05 2.859999999999999876e+00 3.696025270000000249e-04 2.859999999999999876e+00 1.194852390000000090e-13 2.859999999999999876e+00 6.618514309999999901e-01 2.859999999999999876e+00 7.948577160000000084e-04 2.859999999999999876e+00 1.823314830000000077e-04 2.859999999999999876e+00 1.277514659999999958e-03 2.859999999999999876e+00 9.549944999999999817e-15 2.859999999999999876e+00 7.390060830000000358e-01 2.859999999999999876e+00 5.338945740000000184e-04 2.859999999999999876e+00 7.272274939999999455e-05 2.859999999999999876e+00 7.253179910000000057e-04 2.859999999999999876e+00 1.637531729999999932e-14 2.859999999999999876e+00 8.031760180000000471e-01 2.859999999999999876e+00 2.962111180000000167e-04 2.859999999999999876e+00 2.263655710000000006e-05 2.859999999999999876e+00 3.577587359999999991e-04 2.859999999999999876e+00 3.214042100000000233e-14 2.859999999999999876e+00 8.030782069999999884e-01 2.859999999999999876e+00 1.523149380000000117e-04 2.859999999999999876e+00 6.665161499999999831e-06 2.859999999999999876e+00 1.742001879999999865e-04 2.859999999999999876e+00 6.341190009999999999e-14 2.859999999999999876e+00 7.966288780000000402e-01 2.859999999999999876e+00 7.605700480000000428e-05 2.859999999999999876e+00 2.073676370000000197e-06 2.859999999999999876e+00 8.495749330000000338e-05 2.859999999999999876e+00 1.256026399999999942e-13 2.859999999999999876e+00 7.933337919999999821e-01
2.870000000000000107e+00 1.498570519999999941e-03 2.870000000000000107e+00 1.948888739999999991e-04 2.870000000000000107e+00 2.828097519999999993e-03 2.870000000000000107e+00 7.103630389999999754e-15 2.870000000000000107e+00 6.213887359999999971e-01 2.870000000000000107e+00 1.220387230000000026e-03 2.870000000000000107e+00 1.218421350000000060e-04 2.870000000000000107e+00 2.025072360000000019e-03 2.870000000000000107e+00 1.499626929999999876e-14 2.870000000000000107e+00 7.192441649999999909e-01 2.870000000000000107e+00 8.073271009999999663e-04 2.870000000000000107e+00 1.293485660000000107e-04 2.870000000000000107e+00 1.269871840000000003e-03 2.870000000000000107e+00 2.958790269999999895e-14 2.870000000000000107e+00 6.942322290000000340e-01 2.870000000000000107e+00 4.698972390000000113e-04 2.870000000000000107e+00 1.028036840000000026e-04 2.870000000000000107e+00 7.139994059999999962e-04 2.870000000000000107e+00 5.950161879999999775e-14 2.870000000000000107e+00 6.740463749999999754e-01 2.870000000000000107e+00 2.570382779999999881e-04 2.870000000000000107e+00 5.106338070000000296e-05 2.870000000000000107e+00 3.721772970000000172e-04 2.870000000000000107e+00 1.195155689999999883e-13 2.870000000000000107e+00 6.618514309999999901e-01 2.870000000000000107e+00 7.938275209999999657e-04 2.870000000000000107e+00 1.856065070000000050e-04 2.870000000000000107e+00 1.285458130000000088e-03 2.870000000000000107e+00 9.551323819999999275e-15 2.870000000000000107e+00 7.390060830000000358e-01 2.870000000000000107e+00 5.336742049999999805e-04 2.870000000000000107e+00 7.485285330000000250e-05 2.870000000000000107e+00 7.306558780000000459e-04 2.870000000000000107e+00 1.637700600000000136e-14 2.870000000000000107e+00 8.031760180000000471e-01 2.870000000000000107e+00 2.965214010000000264e-04 2.870000000000000107e+00 2.357912710000000143e-05 2.870000000000000107e+00 3.607224300000000231e-04 2.870000000000000107e+00 3.214248600000000289e-14 2.870000000000000107e+00 8.030782069999999884e-01 2.870000000000000107e+00 1.526570499999999888e-04 2.870000000000000107e+00 7.007063339999999793e-06 2.870000000000000107e+00 1.757250629999999945e-04 2.870000000000000107e+00 6.341492480000000131e-14 2.870000000000000107e+00 7.966288780000000402e-01 2.870000000000000107e+00 7.628282810000000243e-05 2.870000000000000107e+00 2.194755910000000086e-06 2.870000000000000107e+00 8.571919850000000345e-05 2.870000000000000107e+00 1.256084060000000037e-13 2.870000000000000107e+00 7.933337919999999821e-01
2.879999999999999893e+00 1.497910560000000014e-03 2.879999999999999893e+00 1.968936720000000120e-04 2.879999999999999893e+00 2.843079939999999806e-03 2.879999999999999893e+00 7.105443210000000748e-15 2.879999999999999893e+00 6.213887359999999971e-01 2.879999999999999893e+00 1.219739039999999906e-03 2.879999999999999893e+00 1.243332639999999924e-04 2.879999999999999893e+00 2.037273029999999915e-03 2.879999999999999893e+00 1.500325599999999989e-14 2.879999999999999893e+00 7.192441649999999909e-01 2.879999999999999893e+00 8.048864389999999718e-04 2.879999999999999893e+00 1.344652510000000076e-04 2.879999999999999893e+00 1.277932980000000057e-03 2.879999999999999893e+00 2.960406049999999920e-14 2.879999999999999893e+00 6.942322290000000340e-01 2.879999999999999893e+00 4.682550189999999733e-04 2.879999999999999893e+00 1.061306009999999993e-04 2.879999999999999893e+00 7.186901679999999982e-04 2.879999999999999893e+00 5.952226419999999784e-14 2.879999999999999893e+00 6.740463749999999754e-01 2.879999999999999893e+00 2.561577240000000011e-04 2.879999999999999893e+00 5.292140649999999897e-05 2.879999999999999893e+00 3.747432799999999924e-04 2.879999999999999893e+00 1.195471589999999933e-13 2.879999999999999893e+00 6.618514309999999901e-01 2.879999999999999893e+00 7.927485400000000310e-04 2.879999999999999893e+00 1.889467030000000131e-04 2.879999999999999893e+00 1.293391050000000089e-03 2.879999999999999893e+00 9.552755060000000339e-15 2.879999999999999893e+00 7.390060830000000358e-01 2.879999999999999893e+00 5.334016289999999509e-04 2.879999999999999893e+00 7.704516650000000396e-05 2.879999999999999893e+00 7.359913009999999572e-04 2.879999999999999893e+00 1.637875559999999875e-14 2.879999999999999893e+00 8.031760180000000471e-01 2.879999999999999893e+00 2.967934840000000202e-04 2.879999999999999893e+00 2.456505809999999970e-05 2.879999999999999893e+00 3.636890360000000124e-04 2.879999999999999893e+00 3.214462230000000007e-14 2.879999999999999893e+00 8.030782069999999884e-01 2.879999999999999893e+00 1.529807430000000015e-04 2.879999999999999893e+00 7.369854369999999805e-06 2.879999999999999893e+00 1.772532680000000051e-04 2.879999999999999893e+00 6.341803719999999631e-14 2.879999999999999893e+00 7.966288780000000402e-01 2.879999999999999893e+00 7.650121839999999424e-05 2.879999999999999893e+00 2.324355930000000155e-06 2.879999999999999893e+00 8.648312509999999873e-05 2.879999999999999893e+00 1.256143149999999937e-13 2.879999999999999893e+00 7.933337919999999821e-01
2.890000000000000124e+00 1.497228570000000078e-03 2.890000000000000124e+00 1.989285549999999950e-04 2.890000000000000124e+00 2.858055659999999935e-03 2.890000000000000124e+00 7.107326989999999223e-15 2.890000000000000124e+00 6.213887359999999971e-01 2.890000000000000124e+00 1.219044490000000067e-03 2.890000000000000124e+00 1.268875399999999903e-04 2.890000000000000124e+00 2.049466980000000209e-03 2.890000000000000124e+00 1.501053569999999875e-14 2.890000000000000124e+00 7.192441649999999909e-01 2.890000000000000124e+00 8.023672070000000510e-04 2.890000000000000124e+00 1.396788189999999936e-04 2.890000000000000124e+00 1.285969309999999933e-03 2.890000000000000124e+00 2.962088620000000226e-14 2.890000000000000124e+00 6.942322290000000340e-01 2.890000000000000124e+00 4.666122699999999891e-04 2.890000000000000124e+00 1.094492319999999965e-04 2.890000000000000124e+00 7.233645040000000409e-04 2.890000000000000124e+00 5.954376589999999838e-14 2.890000000000000124e+00 6.740463749999999754e-01 2.890000000000000124e+00 2.552740449999999785e-04 2.890000000000000124e+00 5.477790710000000023e-05 2.890000000000000124e+00 3.773004409999999821e-04 2.890000000000000124e+00 1.195800580000000086e-13 2.890000000000000124e+00 6.618514309999999901e-01 2.890000000000000124e+00 7.916216530000000492e-04 2.890000000000000124e+00 1.923513230000000124e-04 2.890000000000000124e+00 1.301312939999999928e-03 2.890000000000000124e+00 9.554240979999999447e-15 2.890000000000000124e+00 7.390060830000000358e-01 2.890000000000000124e+00 5.330777450000000238e-04 2.890000000000000124e+00 7.929886020000000114e-05 2.890000000000000124e+00 7.413237399999999741e-04 2.890000000000000124e+00 1.638056900000000043e-14 2.890000000000000124e+00 8.031760180000000471e-01 2.890000000000000124e+00 2.970270750000000262e-04 2.890000000000000124e+00 2.559482180000000130e-05 2.890000000000000124e+00 3.666581709999999794e-04 2.890000000000000124e+00 3.214683340000000272e-14 2.890000000000000124e+00 8.030782069999999884e-01 2.890000000000000124e+00 1.532853449999999973e-04 2.890000000000000124e+00 7.754362549999999708e-06 2.890000000000000124e+00 1.787846150000000104e-04 2.890000000000000124e+00 6.342124260000000612e-14 2.890000000000000124e+00 7.966288780000000402e-01 2.890000000000000124e+00 7.671176490000000572e-05 2.890000000000000124e+00 2.462974589999999906e-06 2.890000000000000124e+00 8.724919670000000176e-05 2.890000000000000124e+00 1.256203770000000004e-13 2.890000000000000124e+00 7.933337919999999821e-01
2.899999999999999911e+00 1.496524439999999921e-03 2.899999999999999911e+00 2.009941069999999998e-04 2.899999999999999911e+00 2.873024440000000040e-03 2.899999999999999911e+00 7.109284350000000227e-15 2.899999999999999911e+00 6.213887359999999971e-01 2.899999999999999911e+00 1.218302919999999893e-03 2.899999999999999911e+00 1.295066969999999964e-04 2.899999999999999911e+00 2.061653760000000096e-03 2.899999999999999911e+00 1.501811939999999968e-14 2.899999999999999911e+00 7.192441649999999909e-01 2.899999999999999911e+00 7.997765880000000166e-04 2.899999999999999911e+00 1.449792630000000017e-04 2.899999999999999911e+00 1.293980080000000027e-03 2.899999999999999911e+00 2.963840270000000086e-14 2.899999999999999911e+00 6.942322290000000340e-01 2.899999999999999911e+00 4.649698499999999914e-04 2.899999999999999911e+00 1.127587389999999950e-04 2.899999999999999911e+00 7.280224140000000161e-04 2.899999999999999911e+00 5.956615699999999656e-14 2.899999999999999911e+00 6.740463749999999754e-01 2.899999999999999911e+00 2.543878310000000022e-04 2.899999999999999911e+00 5.663227840000000283e-05 2.899999999999999911e+00 3.798487529999999856e-04 2.899999999999999911e+00 1.196143189999999933e-13 2.899999999999999911e+00 6.618514309999999901e-01 2.899999999999999911e+00 7.904478620000000280e-04 2.899999999999999911e+00 1.958194199999999921e-04 2.899999999999999911e+00 1.309223329999999966e-03 2.899999999999999911e+00 9.555783939999999330e-15 2.899999999999999911e+00 7.390060830000000358e-01 2.899999999999999911e+00 5.327036339999999997e-04 2.899999999999999911e+00 8.161285859999999385e-05 2.899999999999999911e+00 7.466526879999999542e-04 2.899999999999999911e+00 1.638244909999999956e-14 2.899999999999999911e+00 8.031760180000000471e-01 2.899999999999999911e+00 2.972220539999999821e-04 2.899999999999999911e+00 2.666868010000000123e-05 2.899999999999999911e+00 3.696294490000000027e-04 2.899999999999999911e+00 3.214912320000000067e-14 2.899999999999999911e+00 8.030782069999999884e-01 2.899999999999999911e+00 1.535702380000000063e-04 2.899999999999999911e+00 8.161354390000000262e-06 2.899999999999999911e+00 1.803189090000000038e-04 2.899999999999999911e+00 6.342454679999999814e-14 2.899999999999999911e+00 7.966288780000000402e-01 2.899999999999999911e+00 7.691405819999999767e-05 2.899999999999999911e+00 2.611109309999999972e-06 2.899999999999999911e+00 8.801733279999999539e-05 2.899999999999999911e+00 1.256266020000000093e-13 2.899999999999999911e+00 7.933337919999999821e-01
2.910000000000000142e+00 1.495798069999999943e-03 2.910000000000000142e+00 2.030909199999999918e-04 2.910000000000000142e+00 2.887986070000000093e-03 2.910000000000000142e+00 7.111317970000000123e-15 2.910000000000000142e+00 6.213887359999999971e-01 2.910000000000000142e+00 1.217513639999999973e-03 2.910000000000000142e+00 1.321925060000000084e-04 2.910000000000000142e+00 2.073832879999999799e-03 2.910000000000000142e+00 1.502601820000000068e-14 2.910000000000000142e+00 7.192441649999999909e-01 2.910000000000000142e+00 7.971219329999999857e-04 2.910000000000000142e+00 1.503563029999999904e-04 2.910000000000000142e+00 1.301964629999999941e-03 2.910000000000000142e+00 2.965663290000000033e-14 2.910000000000000142e+00 6.942322290000000340e-01 2.910000000000000142e+00 4.633284280000000174e-04 2.910000000000000142e+00 1.160585000000000002e-04 2.910000000000000142e+00 7.326639050000000042e-04 2.910000000000000142e+00 5.958947109999999896e-14 2.910000000000000142e+00 6.740463749999999754e-01 2.910000000000000142e+00 2.534995759999999956e-04 2.910000000000000142e+00 5.848401729999999908e-05 2.910000000000000142e+00 3.823881909999999945e-04 2.910000000000000142e+00 1.196499960000000008e-13 2.910000000000000142e+00 6.618514309999999901e-01 2.910000000000000142e+00 7.892282870000000457e-04 2.910000000000000142e+00 1.993498620000000031e-04 2.910000000000000142e+00 1.317121749999999912e-03 2.910000000000000142e+00 9.557386359999999551e-15 2.910000000000000142e+00 7.390060830000000358e-01 2.910000000000000142e+00 5.322805469999999754e-04 2.910000000000000142e+00 8.398585320000000643e-05 2.910000000000000142e+00 7.519776490000000362e-04 2.910000000000000142e+00 1.638439909999999874e-14 2.910000000000000142e+00 8.031760180000000471e-01 2.910000000000000142e+00 2.973784789999999812e-04 2.910000000000000142e+00 2.778667839999999901e-05 2.910000000000000142e+00 3.726024839999999986e-04 2.910000000000000142e+00 3.215149569999999951e-14 2.910000000000000142e+00 8.030782069999999884e-01 2.910000000000000142e+00 1.538348689999999882e-04 2.910000000000000142e+00 8.591521309999999406e-06 2.910000000000000142e+00 1.818559519999999902e-04 2.910000000000000142e+00 6.342795569999999971e-14 2.910000000000000142e+00 7.966288780000000402e-01 2.910000000000000142e+00 7.710769490000000178e-05 2.910000000000000142e+00 2.769251099999999965e-06 2.910000000000000142e+00 8.878744899999999702e-05 2.910000000000000142e+00 1.256330009999999995e-13 2.910000000000000142e+00 7.933337919999999821e-01
2.919999999999999929e+00 1.495049330000000013e-03 2.919999999999999929e+00 2.052195989999999932e-04 2.919999999999999929e+00 2.902940330000000103e-03 2.919999999999999929e+00 7.113430579999999997e-15 2.919999999999999929e+00 6.213887359999999971e-01 2.919999999999999929e+00 1.216675960000000029e-03 2.919999999999999929e+00 1.349467620000000098e-04 2.919999999999999929e+00 2.086003869999999896e-03 2.919999999999999929e+00 1.503424349999999969e-14 2.919999999999999929e+00 7.192441649999999909e-01 2.919999999999999929e+00 7.944106340000000200e-04 2.919999999999999929e+00 1.557995659999999918e-04 2.919999999999999929e+00 1.309922330000000022e-03 2.919999999999999929e+00 2.967559980000000285e-14 2.919999999999999929e+00 6.942322290000000340e-01 2.919999999999999929e+00 4.616885210000000071e-04 2.919999999999999929e+00 1.193480590000000046e-04 2.919999999999999929e+00 7.372889879999999611e-04 2.919999999999999929e+00 5.961374240000000572e-14 2.919999999999999929e+00 6.740463749999999754e-01 2.919999999999999929e+00 2.526096990000000191e-04 2.919999999999999929e+00 6.033270469999999804e-05 2.919999999999999929e+00 3.849187390000000184e-04 2.919999999999999929e+00 1.196871409999999964e-13 2.919999999999999929e+00 6.618514309999999901e-01 2.919999999999999929e+00 7.879641579999999580e-04 2.919999999999999929e+00 2.029413329999999913e-04 2.919999999999999929e+00 1.325007750000000047e-03 2.919999999999999929e+00 9.559050749999999660e-15 2.919999999999999929e+00 7.390060830000000358e-01 2.919999999999999929e+00 5.318098889999999749e-04 2.919999999999999929e+00 8.641631950000000474e-05 2.919999999999999929e+00 7.572981399999999816e-04 2.919999999999999929e+00 1.638642220000000053e-14 2.919999999999999929e+00 8.031760180000000471e-01 2.919999999999999929e+00 2.974965899999999861e-04 2.919999999999999929e+00 2.894864109999999971e-05 2.919999999999999929e+00 3.755768909999999874e-04 2.919999999999999929e+00 3.215395509999999848e-14 2.919999999999999929e+00 8.030782069999999884e-01 2.919999999999999929e+00 1.540787589999999870e-04 2.919999999999999929e+00 9.045466460000000777e-06 2.919999999999999929e+00 1.833955370000000108e-04 2.919999999999999929e+00 6.343147520000000030e-14 2.919999999999999929e+00 7.966288780000000402e-01 2.919999999999999929e+00 7.729228310000000376e-05 2.919999999999999929e+00 2.937878220000000048e-06 2.919999999999999929e+00 8.955945659999999789e-05 2.919999999999999929e+00 1.256395850000000006e-13 2.919999999999999929e+00 7.933337919999999821e-01
2.930000000000000160e+00 1.494278090000000000e-03 2.930000000000000160e+00 2.073807590000000130e-04 2.930000000000000160e+00 2.917886980000000165e-03 2.930000000000000160e+00 7.115624949999999350e-15 2.930000000000000160e+00 6.213887359999999971e-01 2.930000000000000160e+00 1.215789189999999997e-03 2.930000000000000160e+00 1.377712940000000105e-04 2.930000000000000160e+00 2.098166240000000175e-03 2.930000000000000160e+00 1.504280660000000099e-14 2.930000000000000160e+00 7.192441649999999909e-01 2.930000000000000160e+00 7.916500150000000194e-04 2.930000000000000160e+00 1.612987490000000019e-04 2.930000000000000160e+00 1.317852680000000101e-03 2.930000000000000160e+00 2.969532599999999804e-14 2.930000000000000160e+00 6.942322290000000340e-01 2.930000000000000160e+00 4.600505269999999964e-04 2.930000000000000160e+00 1.226270980000000049e-04 2.930000000000000160e+00 7.418976820000000279e-04 2.930000000000000160e+00 5.963900560000000114e-14 2.930000000000000160e+00 6.740463749999999754e-01 2.930000000000000160e+00 2.517185540000000136e-04 2.930000000000000160e+00 6.217799030000000079e-05 2.930000000000000160e+00 3.874403810000000129e-04 2.930000000000000160e+00 1.197258130000000011e-13 2.930000000000000160e+00 6.618514309999999901e-01 2.930000000000000160e+00 7.866568069999999718e-04 2.930000000000000160e+00 2.065923519999999928e-04 2.930000000000000160e+00 1.332880889999999959e-03 2.930000000000000160e+00 9.560779670000000772e-15 2.930000000000000160e+00 7.390060830000000358e-01 2.930000000000000160e+00 5.312932030000000125e-04 2.930000000000000160e+00 8.890253729999999393e-05 2.930000000000000160e+00 7.626136940000000303e-04 2.930000000000000160e+00 1.638852170000000118e-14 2.930000000000000160e+00 8.031760180000000471e-01 2.930000000000000160e+00 2.975768040000000112e-04 2.930000000000000160e+00 3.015417399999999892e-05 2.930000000000000160e+00 3.785522889999999737e-04 2.930000000000000160e+00 3.215650539999999686e-14 2.930000000000000160e+00 8.030782069999999884e-01 2.930000000000000160e+00 1.543015130000000088e-04 2.930000000000000160e+00 9.523692630000000556e-06 2.930000000000000160e+00 1.849374560000000022e-04 2.930000000000000160e+00 6.343511169999999876e-14 2.930000000000000160e+00 7.966288780000000402e-01 2.930000000000000160e+00 7.746744749999999620e-05 2.930000000000000160e+00 3.117449479999999920e-06 2.930000000000000160e+00 9.033326320000000670e-05 2.930000000000000160e+00 1.256463660000000103e-13 2.930000000000000160e+00 7.933337919999999821e-01
2.939999999999999947e+00 1.493484219999999989e-03 2.939999999999999947e+00 2.095750280000000085e-04 2.939999999999999947e+00 2.932825809999999814e-03 2.939999999999999947e+00 7.117903909999999251e-15 2.939999999999999947e+00 6.213887359999999971e-01 2.939999999999999947e+00 1.214852590000000017e-03 2.939999999999999947e+00 1.406679540000000100e-04 2.939999999999999947e+00 2.110319490000000034e-03 2.939999999999999947e+00 1.505171879999999939e-14 2.939999999999999947e+00 7.192441649999999909e-01 2.939999999999999947e+00 7.888472209999999483e-04 2.939999999999999947e+00 1.668437820000000075e-04 2.939999999999999947e+00 1.325755189999999967e-03 2.939999999999999947e+00 2.971583399999999763e-14 2.939999999999999947e+00 6.942322290000000340e-01 2.939999999999999947e+00 4.584147459999999793e-04 2.939999999999999947e+00 1.258954009999999968e-04 2.939999999999999947e+00 7.464900060000000202e-04 2.939999999999999947e+00 5.966529609999999778e-14 2.939999999999999947e+00 6.740463749999999754e-01 2.939999999999999947e+00 2.508264409999999729e-04 2.939999999999999947e+00 6.401958099999999403e-05 2.939999999999999947e+00 3.899531070000000180e-04 2.939999999999999947e+00 1.197660670000000112e-13 2.939999999999999947e+00 6.618514309999999901e-01 2.939999999999999947e+00 7.853076540000000511e-04 2.939999999999999947e+00 2.103012819999999891e-04 2.939999999999999947e+00 1.340740740000000066e-03 2.939999999999999947e+00 9.562575769999999255e-15 2.939999999999999947e+00 7.390060830000000358e-01 2.939999999999999947e+00 5.307321509999999524e-04 2.939999999999999947e+00 9.144261399999999585e-05 2.939999999999999947e+00 7.679238570000000447e-04 2.939999999999999947e+00 1.639070090000000011e-14 2.939999999999999947e+00 8.031760180000000471e-01 2.939999999999999947e+00 2.976197079999999876e-04 2.939999999999999947e+00 3.140266939999999832e-05 2.939999999999999947e+00 3.815283029999999923e-04 2.939999999999999947e+00 3.215915109999999700e-14 2.939999999999999947e+00 8.030782069999999884e-01 2.939999999999999947e+00 1.545028310000000056e-04 2.939999999999999947e+00 1.002659149999999993e-05 2.939999999999999947e+00 1.864814960000000024e-04 2.939999999999999947e+00 6.343887159999999393e-14 2.939999999999999947e+00 7.966288780000000402e-01 2.939999999999999947e+00 7.763283580000000176e-05 2.939999999999999947e+00 3.308397149999999990e-06 2.939999999999999947e+00 9.110877290000000549e-05 2.939999999999999947e+00 1.256533560000000014e-13 2.939999999999999947e+00 7.933337919999999821e-01
2.950000000000000178e+00 1.492667590000000067e-03 2.950000000000000178e+00 2.118030459999999972e-04 2.950000000000000178e+00 2.947756589999999972e-03 2.950000000000000178e+00 7.120270310000000764e-15 2.950000000000000178e+00 6.213887359999999971e-01 2.950000000000000178e+00 1.213865439999999929e-03 2.950000000000000178e+00 1.436386189999999891e-04 2.950000000000000178e+00 2.122463120000000168e-03 2.950000000000000178e+00 1.506099159999999913e-14 2.950000000000000178e+00 7.192441649999999909e-01 2.950000000000000178e+00 7.860091309999999668e-04 2.950000000000000178e+00 1.724249640000000117e-04 2.950000000000000178e+00 1.333629499999999975e-03 2.950000000000000178e+00 2.973714599999999761e-14 2.950000000000000178e+00 6.942322290000000340e-01 2.950000000000000178e+00 4.567814029999999782e-04 2.950000000000000178e+00 1.291528369999999889e-04 2.950000000000000178e+00 7.510659849999999464e-04 2.950000000000000178e+00 5.969264950000000184e-14 2.950000000000000178e+00 6.740463749999999754e-01 2.950000000000000178e+00 2.499336160000000125e-04 2.950000000000000178e+00 6.585723089999999673e-05 2.950000000000000178e+00 3.924569070000000193e-04 2.950000000000000178e+00 1.198079610000000038e-13 2.950000000000000178e+00 6.618514309999999901e-01 2.950000000000000178e+00 7.839182010000000488e-04 2.950000000000000178e+00 2.140663460000000065e-04 2.950000000000000178e+00 1.348586909999999976e-03 2.950000000000000178e+00 9.564441769999999352e-15 2.950000000000000178e+00 7.390060830000000358e-01 2.950000000000000178e+00 5.301284950000000181e-04 2.950000000000000178e+00 9.403450880000000379e-05 2.950000000000000178e+00 7.732281950000000244e-04 2.950000000000000178e+00 1.639296339999999982e-14 2.950000000000000178e+00 8.031760180000000471e-01 2.950000000000000178e+00 2.976260569999999886e-04 2.950000000000000178e+00 3.269331639999999769e-05 2.950000000000000178e+00 3.845045620000000076e-04 2.950000000000000178e+00 3.216189679999999806e-14 2.950000000000000178e+00 8.030782069999999884e-01 2.950000000000000178e+00 1.546825129999999905e-04 2.950000000000000178e+00 1.055443499999999918e-05 2.950000000000000178e+00 1.880274410000000072e-04 2.950000000000000178e+00 6.344276160000000039e-14 2.950000000000000178e+00 7.966288780000000402e-01 2.950000000000000178e+00 7.778812419999999697e-05 2.950000000000000178e+00 3.511119829999999870e-06 2.950000000000000178e+00 9.188588630000000385e-05 2.950000000000000178e+00 1.256605660000000033e-13 2.950000000000000178e+00 7.933337919999999821e-01
2.959999999999999964e+00 1.491828049999999965e-03 2.959999999999999964e+00 2.140654640000000072e-04 2.959999999999999964e+00 2.962679089999999821e-03 2.959999999999999964e+00 7.122727070000000208e-15 2.959999999999999964e+00 6.213887359999999971e-01 2.959999999999999964e+00 1.212827020000000009e-03 2.959999999999999964e+00 1.466851849999999883e-04 2.959999999999999964e+00 2.134596629999999974e-03 2.959999999999999964e+00 1.507063620000000136e-14 2.959999999999999964e+00 7.192441649999999909e-01 2.959999999999999964e+00 7.831422700000000231e-04 2.959999999999999964e+00 1.780330840000000111e-04 2.959999999999999964e+00 1.341475279999999924e-03 2.959999999999999964e+00 2.975928369999999723e-14 2.959999999999999964e+00 6.942322290000000340e-01 2.959999999999999964e+00 4.551506619999999884e-04 2.959999999999999964e+00 1.323993370000000128e-04 2.959999999999999964e+00 7.556256430000000360e-04 2.959999999999999964e+00 5.972110179999999423e-14 2.959999999999999964e+00 6.740463749999999754e-01 2.959999999999999964e+00 2.490403010000000043e-04 2.959999999999999964e+00 6.769073329999999728e-05 2.959999999999999964e+00 3.949517769999999787e-04 2.959999999999999964e+00 1.198515560000000119e-13 2.959999999999999964e+00 6.618514309999999901e-01 2.959999999999999964e+00 7.824900189999999759e-04 2.959999999999999964e+00 2.178856439999999933e-04 2.959999999999999964e+00 1.356418980000000064e-03 2.959999999999999964e+00 9.566380480000000559e-15 2.959999999999999964e+00 7.390060830000000358e-01 2.959999999999999964e+00 5.294840780000000012e-04 2.959999999999999964e+00 9.667605880000000563e-05 2.959999999999999964e+00 7.785262910000000092e-04 2.959999999999999964e+00 1.639531289999999964e-14 2.959999999999999964e+00 8.031760180000000471e-01 2.959999999999999964e+00 2.975967509999999957e-04 2.959999999999999964e+00 3.402511470000000010e-05 2.959999999999999964e+00 3.874807049999999986e-04 2.959999999999999964e+00 3.216474709999999923e-14 2.959999999999999964e+00 8.030782069999999884e-01 2.959999999999999964e+00 1.548404639999999906e-04 2.959999999999999964e+00 1.110736880000000006e-05 2.959999999999999964e+00 1.895750739999999890e-04 2.959999999999999964e+00 6.344678850000000429e-14 2.959999999999999964e+00 7.966288780000000402e-01 2.959999999999999964e+00 7.793302309999999519e-05 2.959999999999999964e+00 3.725975319999999821e-06 2.959999999999999964e+00 9.266450079999999975e-05 2.959999999999999964e+00 1.256680100000000010e-13 2.959999999999999964e+00 7.933337919999999821e-01
2.970000000000000195e+00 1.490965450000000065e-03 2.970000000000000195e+00 2.163629449999999912e-04 2.970000000000000195e+00 2.977593079999999847e-03 2.970000000000000195e+00 7.125277110000000213e-15 2.970000000000000195e+00 6.213887359999999971e-01 2.970000000000000195e+00 1.211736580000000001e-03 2.970000000000000195e+00 1.498095699999999874e-04 2.970000000000000195e+00 2.146719489999999834e-03 2.970000000000000195e+00 1.508066410000000083e-14 2.970000000000000195e+00 7.192441649999999909e-01 2.970000000000000195e+00 7.802527509999999770e-04 2.970000000000000195e+00 1.836595200000000071e-04 2.970000000000000195e+00 1.349292269999999988e-03 2.970000000000000195e+00 2.978226820000000217e-14 2.970000000000000195e+00 6.942322290000000340e-01 2.970000000000000195e+00 4.535226399999999760e-04 2.970000000000000195e+00 1.356348799999999898e-04 2.970000000000000195e+00 7.601690069999999643e-04 2.970000000000000195e+00 5.975068910000000315e-14 2.970000000000000195e+00 6.740463749999999754e-01 2.970000000000000195e+00 2.481466840000000102e-04 2.970000000000000195e+00 6.951991409999999476e-05 2.970000000000000195e+00 3.974377120000000246e-04 2.970000000000000195e+00 1.198969110000000061e-13 2.970000000000000195e+00 6.618514309999999901e-01 2.970000000000000195e+00 7.810247319999999568e-04 2.970000000000000195e+00 2.217571680000000043e-04 2.970000000000000195e+00 1.364236580000000075e-03 2.970000000000000195e+00 9.568394770000000780e-15 2.970000000000000195e+00 7.390060830000000358e-01 2.970000000000000195e+00 5.288008000000000075e-04 2.970000000000000195e+00 9.936500429999999386e-05 2.970000000000000195e+00 7.838177469999999631e-04 2.970000000000000195e+00 1.639775299999999893e-14 2.970000000000000195e+00 8.031760180000000471e-01 2.970000000000000195e+00 2.975328310000000236e-04 2.970000000000000195e+00 3.539689210000000297e-05 2.970000000000000195e+00 3.904563810000000125e-04 2.970000000000000195e+00 3.216770670000000280e-14 2.970000000000000195e+00 8.030782069999999884e-01 2.970000000000000195e+00 1.549766960000000123e-04 2.970000000000000195e+00 1.168540800000000018e-05 2.970000000000000195e+00 1.911241780000000020e-04 2.970000000000000195e+00 6.345095950000000433e-14 2.970000000000000195e+00 7.966288780000000402e-01 2.970000000000000195e+00 7.806728289999999900e-05 2.970000000000000195e+00 3.953273939999999822e-06 2.970000000000000195e+00 9.344451130000000114e-05 2.970000000000000195e+00 1.256756989999999988e-13 2.970000000000000195e+00 7.933337919999999821e-01
2.979999999999999982e+00 1.490079629999999924e-03 2.979999999999999982e+00 2.186961660000000089e-04 2.979999999999999982e+00 2.992498320000000142e-03 2.979999999999999982e+00 7.127923400000000243e-15 2.979999999999999982e+00 6.213887359999999971e-01 2.979999999999999982e+00 1.210593370000000082e-03 2.979999999999999982e+00 1.530137020000000073e-04 2.979999999999999982e+00 2.158831180000000093e-03 2.979999999999999982e+00 1.509108619999999876e-14 2.979999999999999982e+00 7.192441649999999909e-01 2.979999999999999982e+00 7.773462230000000245e-04 2.979999999999999982e+00 1.892963070000000048e-04 2.979999999999999982e+00 1.357080280000000057e-03 2.979999999999999982e+00 2.980611999999999927e-14 2.979999999999999982e+00 6.942322290000000340e-01 2.979999999999999982e+00 4.518974199999999889e-04 2.979999999999999982e+00 1.388594819999999916e-04 2.979999999999999982e+00 7.646961050000000530e-04 2.979999999999999982e+00 5.978144779999999680e-14 2.979999999999999982e+00 6.740463749999999754e-01 2.979999999999999982e+00 2.472529290000000254e-04 2.979999999999999982e+00 7.134462609999999729e-05 2.979999999999999982e+00 3.999147109999999982e-04 2.979999999999999982e+00 1.199440869999999943e-13 2.979999999999999982e+00 6.618514309999999901e-01 2.979999999999999982e+00 7.795240100000000406e-04 2.979999999999999982e+00 2.256788230000000080e-04 2.979999999999999982e+00 1.372039349999999930e-03 2.979999999999999982e+00 9.570487569999999487e-15 2.979999999999999982e+00 7.390060830000000358e-01 2.979999999999999982e+00 5.280806019999999788e-04 2.979999999999999982e+00 1.020990149999999937e-04 2.979999999999999982e+00 7.891021839999999912e-04 2.979999999999999982e+00 1.640028770000000012e-14 2.979999999999999982e+00 8.031760180000000471e-01 2.979999999999999982e+00 2.974354530000000068e-04 2.979999999999999982e+00 3.680732440000000121e-05 2.979999999999999982e+00 3.934312499999999984e-04 2.979999999999999982e+00 3.217078080000000154e-14 2.979999999999999982e+00 8.030782069999999884e-01 2.979999999999999982e+00 1.550913310000000018e-04 2.979999999999999982e+00 1.228843690000000040e-05 2.979999999999999982e+00 1.926745359999999915e-04 2.979999999999999982e+00 6.345528189999999605e-14 2.979999999999999982e+00 7.966288780000000402e-01 2.979999999999999982e+00 7.819069860000000085e-05 2.979999999999999982e+00 4.193272319999999694e-06 2.979999999999999982e+00 9.422581030000000391e-05 2.979999999999999982e+00 1.256836489999999937e-13 2.979999999999999982e+00 7.933337919999999821e-01
2.990000000000000213e+00 1.489170429999999963e-03 2.990000000000000213e+00 2.210658139999999985e-04 2.990000000000000213e+00 3.007394589999999850e-03 2.990000000000000213e+00 7.130668909999999765e-15 2.990000000000000213e+00 6.213887359999999971e-01 2.990000000000000213e+00 1.209396649999999957e-03 2.990000000000000213e+00 1.562995230000000131e-04 2.990000000000000213e+00 2.170931179999999790e-03 2.990000000000000213e+00 1.510191349999999946e-14 2.990000000000000213e+00 7.192441649999999909e-01 2.990000000000000213e+00 7.744278480000000306e-04 2.990000000000000213e+00 1.949361899999999914e-04 2.990000000000000213e+00 1.364839160000000081e-03 2.990000000000000213e+00 2.983085849999999765e-14 2.990000000000000213e+00 6.942322290000000340e-01 2.990000000000000213e+00 4.502750570000000241e-04 2.990000000000000213e+00 1.420731839999999897e-04 2.990000000000000213e+00 7.692069649999999734e-04 2.990000000000000213e+00 5.981341410000000024e-14 2.990000000000000213e+00 6.740463749999999754e-01 2.990000000000000213e+00 2.463591790000000206e-04 2.990000000000000213e+00 7.316474449999999939e-05 2.990000000000000213e+00 4.023827710000000201e-04 2.990000000000000213e+00 1.199931460000000032e-13 2.990000000000000213e+00 6.618514309999999901e-01 2.990000000000000213e+00 7.779895520000000520e-04 2.990000000000000213e+00 2.296484430000000129e-04 2.990000000000000213e+00 1.379826949999999903e-03 2.990000000000000213e+00 9.572661929999999288e-15 2.990000000000000213e+00 7.390060830000000358e-01 2.990000000000000213e+00 5.273254479999999822e-04 2.990000000000000213e+00 1.048757150000000039e-04 2.990000000000000213e+00 7.943792420000000140e-04 2.990000000000000213e+00 1.640292089999999935e-14 2.990000000000000213e+00 8.031760180000000471e-01 2.990000000000000213e+00 2.973058780000000022e-04 2.990000000000000213e+00 3.825495660000000146e-05 2.990000000000000213e+00 3.964049830000000241e-04 2.990000000000000213e+00 3.217397440000000085e-14 2.990000000000000213e+00 8.030782069999999884e-01 2.990000000000000213e+00 1.551845969999999966e-04 2.990000000000000213e+00 1.291620959999999935e-05 2.990000000000000213e+00 1.942259330000000036e-04 2.990000000000000213e+00 6.345976330000000332e-14 2.990000000000000213e+00 7.966288780000000402e-01 2.990000000000000213e+00 7.830311420000000066e-05 2.990000000000000213e+00 4.446168109999999611e-06 2.990000000000000213e+00 9.500828859999999986e-05 2.990000000000000213e+00 1.256918720000000089e-13 2.990000000000000213e+00 7.933337919999999821e-01
3.000000000000000000e+00 1.488237689999999955e-03 3.000000000000000000e+00 2.234725910000000010e-04 3.000000000000000000e+00 3.022281649999999931e-03 3.000000000000000000e+00 7.133516659999999812e-15 3.000000000000000000e+00 6.213887359999999971e-01 3.000000000000000000e+00 1.208145660000000060e-03 3.000000000000000000e+00 1.596689780000000122e-04 3.000000000000000000e+00 2.183018929999999864e-03 3.000000000000000000e+00 1.511315680000000100e-14 3.000000000000000000e+00 7.192441649999999909e-01 3.000000000000000000e+00 7.715022759999999548e-04 3.000000000000000000e+00 2.005726470000000067e-04 3.000000000000000000e+00 1.372568810000000025e-03 3.000000000000000000e+00 2.985650250000000024e-14 3.000000000000000000e+00 6.942322290000000340e-01 3.000000000000000000e+00 4.486555850000000000e-04 3.000000000000000000e+00 1.452760480000000077e-04 3.000000000000000000e+00 7.737016160000000434e-04 3.000000000000000000e+00 5.984662439999999427e-14 3.000000000000000000e+00 6.740463749999999754e-01 3.000000000000000000e+00 2.454655589999999842e-04 3.000000000000000000e+00 7.498016360000000601e-05 3.000000000000000000e+00 4.048418950000000241e-04 3.000000000000000000e+00 1.200441500000000091e-13 3.000000000000000000e+00 6.618514309999999901e-01 3.000000000000000000e+00 7.764230769999999528e-04 3.000000000000000000e+00 2.336638070000000031e-04 3.000000000000000000e+00 1.387599040000000051e-03 3.000000000000000000e+00 9.574920929999999627e-15 3.000000000000000000e+00 7.390060830000000358e-01 3.000000000000000000e+00 5.265373029999999722e-04 3.000000000000000000e+00 1.076927040000000041e-04 3.000000000000000000e+00 7.996485829999999727e-04 3.000000000000000000e+00 1.640565669999999905e-14 3.000000000000000000e+00 8.031760180000000471e-01 3.000000000000000000e+00 2.971454450000000263e-04 3.000000000000000000e+00 3.973822640000000271e-05 3.000000000000000000e+00 3.993772649999999930e-04 3.000000000000000000e+00 3.217729280000000294e-14 3.000000000000000000e+00 8.030782069999999884e-01 3.000000000000000000e+00 1.552568250000000024e-04 3.000000000000000000e+00 1.356835530000000046e-05 3.000000000000000000e+00 1.957781579999999869e-04 3.000000000000000000e+00 6.346441150000000580e-14 3.000000000000000000e+00 7.966288780000000402e-01 3.000000000000000000e+00 7.840442620000000543e-05 3.000000000000000000e+00 4.712095660000000094e-06 3.000000000000000000e+00 9.579183560000000539e-05 3.000000000000000000e+00 1.257003829999999975e-13 3.000000000000000000e+00 7.933337919999999821e-01
3.009999999999999787e+00 1.487281229999999968e-03 3.009999999999999787e+00 2.259172079999999944e-04 3.009999999999999787e+00 3.037159270000000001e-03 3.009999999999999787e+00 7.136469629999999848e-15 3.009999999999999787e+00 6.213887359999999971e-01 3.009999999999999787e+00 1.206839680000000017e-03 3.009999999999999787e+00 1.631240140000000038e-04 3.009999999999999787e+00 2.195093909999999791e-03 3.009999999999999787e+00 1.512482650000000150e-14 3.009999999999999787e+00 7.192441649999999909e-01 3.009999999999999787e+00 7.685736490000000514e-04 3.009999999999999787e+00 2.061998939999999875e-04 3.009999999999999787e+00 1.380269190000000049e-03 3.009999999999999787e+00 2.988306939999999760e-14 3.009999999999999787e+00 6.942322290000000340e-01 3.009999999999999787e+00 4.470390230000000032e-04 3.009999999999999787e+00 1.484681460000000016e-04 3.009999999999999787e+00 7.781800860000000425e-04 3.009999999999999787e+00 5.988111460000000083e-14 3.009999999999999787e+00 6.740463749999999754e-01 3.009999999999999787e+00 2.445721780000000229e-04 3.009999999999999787e+00 7.679079320000000081e-05 3.009999999999999787e+00 4.072920830000000100e-04 3.009999999999999787e+00 1.200971620000000068e-13 3.009999999999999787e+00 6.618514309999999901e-01 3.009999999999999787e+00 7.748263149999999860e-04 3.009999999999999787e+00 2.377226599999999904e-04 3.009999999999999787e+00 1.395355310000000095e-03 3.009999999999999787e+00 9.577267739999999934e-15 3.009999999999999787e+00 7.390060830000000358e-01 3.009999999999999787e+00 5.257181209999999471e-04 3.009999999999999787e+00 1.105475810000000066e-04 3.009999999999999787e+00 8.049098849999999613e-04 3.009999999999999787e+00 1.640849939999999842e-14 3.009999999999999787e+00 8.031760180000000471e-01 3.009999999999999787e+00 2.969555589999999944e-04 3.009999999999999787e+00 4.125548679999999953e-05 3.009999999999999787e+00 4.023477939999999735e-04 3.009999999999999787e+00 3.218074160000000048e-14 3.009999999999999787e+00 8.030782069999999884e-01 3.009999999999999787e+00 1.553084429999999894e-04 3.009999999999999787e+00 1.424438479999999944e-05 3.009999999999999787e+00 1.973310009999999944e-04 3.009999999999999787e+00 6.346923469999999570e-14 3.009999999999999787e+00 7.966288780000000402e-01 3.009999999999999787e+00 7.849458569999999912e-05 3.009999999999999787e+00 4.991122980000000303e-06 3.009999999999999787e+00 9.657633989999999671e-05 3.009999999999999787e+00 1.257091969999999883e-13 3.009999999999999787e+00 7.933337919999999821e-01
3.020000000000000018e+00 1.486300859999999894e-03 3.020000000000000018e+00 2.284003910000000049e-04 3.020000000000000018e+00 3.052027200000000193e-03 3.020000000000000018e+00 7.139530839999999329e-15 3.020000000000000018e+00 6.213887359999999971e-01 3.020000000000000018e+00 1.205477950000000045e-03 3.020000000000000018e+00 1.666665740000000033e-04 3.020000000000000018e+00 2.207155540000000152e-03 3.020000000000000018e+00 1.513693249999999918e-14 3.020000000000000018e+00 7.192441649999999909e-01 3.020000000000000018e+00 7.656456089999999709e-04 3.020000000000000018e+00 2.118128759999999937e-04 3.020000000000000018e+00 1.387940289999999976e-03 3.020000000000000018e+00 2.991057550000000257e-14 3.020000000000000018e+00 6.942322290000000340e-01 3.020000000000000018e+00 4.454253770000000099e-04 3.020000000000000018e+00 1.516495599999999962e-04 3.020000000000000018e+00 7.826424059999999554e-04 3.020000000000000018e+00 5.991692030000000090e-14 3.020000000000000018e+00 6.740463749999999754e-01 3.020000000000000018e+00 2.436791350000000120e-04 3.020000000000000018e+00 7.859655650000000335e-05 3.020000000000000018e+00 4.097333390000000163e-04 3.020000000000000018e+00 1.201522449999999914e-13 3.020000000000000018e+00 6.618514309999999901e-01 3.020000000000000018e+00 7.732009879999999927e-04 3.020000000000000018e+00 2.418227259999999889e-04 3.020000000000000018e+00 1.403095469999999893e-03 3.020000000000000018e+00 9.579705599999999625e-15 3.020000000000000018e+00 7.390060830000000358e-01 3.020000000000000018e+00 5.248698300000000094e-04 3.020000000000000018e+00 1.134379649999999980e-04 3.020000000000000018e+00 8.101628479999999858e-04 3.020000000000000018e+00 1.641145329999999987e-14 3.020000000000000018e+00 8.031760180000000471e-01 3.020000000000000018e+00 2.967376669999999793e-04 3.020000000000000018e+00 4.280502930000000181e-05 3.020000000000000018e+00 4.053162819999999778e-04 3.020000000000000018e+00 3.218432630000000195e-14 3.020000000000000018e+00 8.030782069999999884e-01 3.020000000000000018e+00 1.553399659999999869e-04 3.020000000000000018e+00 1.494369980000000072e-05 3.020000000000000018e+00 1.988842599999999931e-04 3.020000000000000018e+00 6.347424110000000311e-14 3.020000000000000018e+00 7.966288780000000402e-01 3.020000000000000018e+00 7.857359999999999594e-05 3.020000000000000018e+00 5.283250009999999597e-06 3.020000000000000018e+00 9.736169010000000424e-05 3.020000000000000018e+00 1.257183300000000038e-13 3.020000000000000018e+00 7.933337919999999821e-01
3.029999999999999805e+00 1.485296409999999978e-03 3.029999999999999805e+00 2.309228790000000071e-04 3.029999999999999805e+00 3.066885200000000165e-03 3.029999999999999805e+00 7.142703269999999296e-15 3.029999999999999805e+00 6.213887359999999971e-01 3.029999999999999805e+00 1.204059740000000024e-03 3.029999999999999805e+00 1.702985920000000077e-04 3.029999999999999805e+00 2.219203280000000070e-03 3.029999999999999805e+00 1.514948439999999861e-14 3.029999999999999805e+00 7.192441649999999909e-01 3.029999999999999805e+00 7.627213159999999886e-04 3.029999999999999805e+00 2.174072360000000063e-04 3.029999999999999805e+00 1.395582119999999983e-03 3.029999999999999805e+00 2.993903570000000300e-14 3.029999999999999805e+00 6.942322290000000340e-01 3.029999999999999805e+00 4.438146470000000200e-04 3.029999999999999805e+00 1.548203779999999922e-04 3.029999999999999805e+00 7.870886039999999955e-04 3.029999999999999805e+00 5.995407660000000393e-14 3.029999999999999805e+00 6.740463749999999754e-01 3.029999999999999805e+00 2.427865149999999914e-04 3.029999999999999805e+00 8.039738759999999777e-05 3.029999999999999805e+00 4.121656670000000268e-04 3.029999999999999805e+00 1.202094620000000082e-13 3.029999999999999805e+00 6.618514309999999901e-01 3.029999999999999805e+00 7.715488079999999627e-04 3.029999999999999805e+00 2.459617260000000250e-04 3.029999999999999805e+00 1.410819239999999914e-03 3.029999999999999805e+00 9.582237799999999686e-15 3.029999999999999805e+00 7.390060830000000358e-01 3.029999999999999805e+00 5.239943189999999836e-04 3.029999999999999805e+00 1.163615079999999957e-04 3.029999999999999805e+00 8.154071909999999765e-04 3.029999999999999805e+00 1.641452289999999942e-14 3.029999999999999805e+00 8.031760180000000471e-01 3.029999999999999805e+00 2.964932439999999961e-04 3.029999999999999805e+00 4.438510580000000288e-05 3.029999999999999805e+00 4.082824590000000008e-04 3.029999999999999805e+00 3.218805280000000314e-14 3.029999999999999805e+00 8.030782069999999884e-01 3.029999999999999805e+00 1.553519909999999946e-04 3.029999999999999805e+00 1.566560390000000058e-05 3.029999999999999805e+00 2.004377349999999960e-04 3.029999999999999805e+00 6.347943929999999492e-14 3.029999999999999805e+00 7.966288780000000402e-01 3.029999999999999805e+00 7.864153220000000668e-05 3.029999999999999805e+00 5.588408370000000226e-06 3.029999999999999805e+00 9.814777500000000069e-05 3.029999999999999805e+00 1.257277960000000034e-13 3.029999999999999805e+00 7.933337919999999821e-01
3.040000000000000036e+00 1.484267689999999897e-03 3.040000000000000036e+00 2.334854230000000088e-04 3.040000000000000036e+00 3.081733039999999969e-03 3.040000000000000036e+00 7.145989899999999213e-15 3.040000000000000036e+00 6.213887359999999971e-01 3.040000000000000036e+00 1.202584339999999974e-03 3.040000000000000036e+00 1.740219850000000008e-04 3.040000000000000036e+00 2.231236550000000127e-03 3.040000000000000036e+00 1.516249140000000131e-14 3.040000000000000036e+00 7.192441649999999909e-01 3.040000000000000036e+00 7.598034780000000174e-04 3.040000000000000036e+00 2.229792839999999977e-04 3.040000000000000036e+00 1.403194730000000088e-03 3.040000000000000036e+00 2.996846329999999965e-14 3.040000000000000036e+00 6.942322290000000340e-01 3.040000000000000036e+00 4.422068279999999993e-04 3.040000000000000036e+00 1.579806900000000095e-04 3.040000000000000036e+00 7.915187090000000468e-04 3.040000000000000036e+00 5.999261769999999745e-14 3.040000000000000036e+00 6.740463749999999754e-01 3.040000000000000036e+00 2.418943960000000018e-04 3.040000000000000036e+00 8.219323039999999953e-05 3.040000000000000036e+00 4.145890710000000256e-04 3.040000000000000036e+00 1.202688769999999954e-13 3.040000000000000036e+00 6.618514309999999901e-01 3.040000000000000036e+00 7.698714669999999656e-04 3.040000000000000036e+00 2.501373880000000156e-04 3.040000000000000036e+00 1.418526359999999894e-03 3.040000000000000036e+00 9.584867729999999507e-15 3.040000000000000036e+00 7.390060830000000358e-01 3.040000000000000036e+00 5.230934250000000103e-04 3.040000000000000036e+00 1.193159109999999973e-04 3.040000000000000036e+00 8.206426500000000126e-04 3.040000000000000036e+00 1.641771279999999940e-14 3.040000000000000036e+00 8.031760180000000471e-01 3.040000000000000036e+00 2.962237729999999737e-04 3.040000000000000036e+00 4.599394860000000117e-05 3.040000000000000036e+00 4.112460640000000010e-04 3.040000000000000036e+00 3.219192710000000295e-14 3.040000000000000036e+00 8.030782069999999884e-01 3.040000000000000036e+00 1.553451809999999926e-04 3.040000000000000036e+00 1.640931510000000158e-05 3.040000000000000036e+00 2.019912369999999995e-04 3.040000000000000036e+00 6.348483839999999789e-14 3.040000000000000036e+00 7.966288780000000402e-01 3.040000000000000036e+00 7.869850050000000354e-05 3.040000000000000036e+00 5.906462530000000354e-06 3.040000000000000036e+00 9.893448419999999893e-05 3.040000000000000036e+00 1.257376120000000032e-13 3.040000000000000036e+00 7.933337919999999821e-01
3.049999999999999822e+00 1.483214490000000054e-03 3.049999999999999822e+00 2.360887859999999969e-04 3.049999999999999822e+00 3.096570480000000129e-03 3.049999999999999822e+00 7.149393670000000128e-15 3.049999999999999822e+00 6.213887359999999971e-01 3.049999999999999822e+00 1.201051039999999912e-03 3.049999999999999822e+00 1.778386460000000078e-04 3.049999999999999822e+00 2.243254770000000040e-03 3.049999999999999822e+00 1.517596199999999943e-14 3.049999999999999822e+00 7.192441649999999909e-01 3.049999999999999822e+00 7.568943780000000421e-04 3.049999999999999822e+00 2.285259430000000113e-04 3.049999999999999822e+00 1.410778220000000107e-03 3.049999999999999822e+00 2.999886990000000306e-14 3.049999999999999822e+00 6.942322290000000340e-01 3.049999999999999822e+00 4.406019099999999877e-04 3.049999999999999822e+00 1.611305849999999907e-04 3.049999999999999822e+00 7.959327499999999935e-04 3.049999999999999822e+00 6.003257710000000383e-14 3.049999999999999822e+00 6.740463749999999754e-01 3.049999999999999822e+00 2.410028480000000074e-04 3.049999999999999822e+00 8.398403629999999411e-05 3.049999999999999822e+00 4.170035569999999887e-04 3.049999999999999822e+00 1.203305520000000048e-13 3.049999999999999822e+00 6.618514309999999901e-01 3.049999999999999822e+00 7.681706229999999899e-04 3.049999999999999822e+00 2.543474660000000177e-04 3.049999999999999822e+00 1.426216589999999926e-03 3.049999999999999822e+00 9.587598800000000051e-15 3.049999999999999822e+00 7.390060830000000358e-01 3.049999999999999822e+00 5.221689310000000124e-04 3.049999999999999822e+00 1.222989399999999983e-04 3.049999999999999822e+00 8.258689799999999887e-04 3.049999999999999822e+00 1.642102769999999896e-14 3.049999999999999822e+00 8.031760180000000471e-01 3.049999999999999822e+00 2.959307330000000196e-04 3.049999999999999822e+00 4.762978979999999866e-05 3.049999999999999822e+00 4.142068550000000239e-04 3.049999999999999822e+00 3.219595529999999715e-14 3.049999999999999822e+00 8.030782069999999884e-01 3.049999999999999822e+00 1.553202589999999920e-04 3.049999999999999822e+00 1.717397949999999914e-05 3.049999999999999822e+00 2.035445789999999918e-04 3.049999999999999822e+00 6.349044750000000092e-14 3.049999999999999822e+00 7.966288780000000402e-01 3.049999999999999822e+00 7.874467569999999794e-05 3.049999999999999822e+00 6.237212429999999747e-06 3.049999999999999822e+00 9.972170900000000234e-05 3.049999999999999822e+00 1.257477960000000124e-13 3.049999999999999822e+00 7.933337919999999821e-01
3.060000000000000053e+00 1.482136609999999948e-03 3.060000000000000053e+00 2.387337450000000109e-04 3.060000000000000053e+00 3.111397249999999989e-03 3.060000000000000053e+00 7.152917499999999937e-15 3.060000000000000053e+00 6.213887359999999971e-01 3.060000000000000053e+00 1.199459149999999993e-03 3.060000000000000053e+00 1.817504369999999882e-04 3.060000000000000053e+00 2.255257369999999918e-03 3.060000000000000053e+00 1.518990400000000103e-14 3.060000000000000053e+00 7.192441649999999909e-01 3.060000000000000053e+00 7.539959119999999678e-04 3.060000000000000053e+00 2.340447050000000128e-04 3.060000000000000053e+00 1.418332659999999978e-03 3.060000000000000053e+00 3.003026540000000197e-14 3.060000000000000053e+00 6.942322290000000340e-01 3.060000000000000053e+00 4.389998819999999750e-04 3.060000000000000053e+00 1.642701519999999866e-04 3.060000000000000053e+00 8.003307560000000450e-04 3.060000000000000053e+00 6.007398739999999827e-14 3.060000000000000053e+00 6.740463749999999754e-01 3.060000000000000053e+00 2.401119330000000044e-04 3.060000000000000053e+00 8.576976369999999325e-05 3.060000000000000053e+00 4.194091300000000046e-04 3.060000000000000053e+00 1.203945489999999875e-13 3.060000000000000053e+00 6.618514309999999901e-01 3.060000000000000053e+00 7.664478989999999473e-04 3.060000000000000053e+00 2.585897449999999915e-04 3.060000000000000053e+00 1.433889700000000062e-03 3.060000000000000053e+00 9.590434500000000689e-15 3.060000000000000053e+00 7.390060830000000358e-01 3.060000000000000053e+00 5.212225519999999675e-04 3.060000000000000053e+00 1.253084340000000009e-04 3.060000000000000053e+00 8.310859550000000489e-04 3.060000000000000053e+00 1.642447240000000039e-14 3.060000000000000053e+00 8.031760180000000471e-01 3.060000000000000053e+00 2.956155839999999920e-04 3.060000000000000053e+00 4.929087740000000288e-05 3.060000000000000053e+00 4.171646050000000008e-04 3.060000000000000053e+00 3.220014390000000034e-14 3.060000000000000053e+00 8.030782069999999884e-01 3.060000000000000053e+00 1.552779909999999950e-04 3.060000000000000053e+00 1.795868440000000069e-05 3.060000000000000053e+00 2.050975840000000025e-04 3.060000000000000053e+00 6.349627599999999600e-14 3.060000000000000053e+00 7.966288780000000402e-01 3.060000000000000053e+00 7.878027770000000025e-05 3.060000000000000053e+00 6.580397270000000184e-06 3.060000000000000053e+00 1.005093419999999983e-04 3.060000000000000053e+00 1.257583649999999965e-13 3.060000000000000053e+00 7.933337919999999821e-01
3.069999999999999840e+00 1.481033839999999985e-03 3.069999999999999840e+00 2.414210889999999880e-04 3.069999999999999840e+00 3.126213120000000036e-03 3.069999999999999840e+00 7.156564229999999707e-15 3.069999999999999840e+00 6.213887359999999971e-01 3.069999999999999840e+00 1.197808019999999996e-03 3.069999999999999840e+00 1.857591839999999913e-04 3.069999999999999840e+00 2.267243759999999948e-03 3.069999999999999840e+00 1.520432469999999848e-14 3.069999999999999840e+00 7.192441649999999909e-01 3.069999999999999840e+00 7.511096260000000137e-04 3.069999999999999840e+00 2.395335750000000049e-04 3.069999999999999840e+00 1.425858170000000088e-03 3.069999999999999840e+00 3.006265769999999813e-14 3.069999999999999840e+00 6.942322290000000340e-01 3.069999999999999840e+00 4.374007290000000211e-04 3.069999999999999840e+00 1.673994780000000019e-04 3.069999999999999840e+00 8.047127569999999730e-04 3.069999999999999840e+00 6.011687959999999412e-14 3.069999999999999840e+00 6.740463749999999754e-01 3.069999999999999840e+00 2.392217100000000010e-04 3.069999999999999840e+00 8.755037680000000175e-05 3.069999999999999840e+00 4.218057979999999870e-04 3.069999999999999840e+00 1.204609299999999953e-13 3.069999999999999840e+00 6.618514309999999901e-01 3.069999999999999840e+00 7.647048770000000216e-04 3.069999999999999840e+00 2.628620559999999846e-04 3.069999999999999840e+00 1.441545480000000056e-03 3.069999999999999840e+00 9.593378370000000786e-15 3.069999999999999840e+00 7.390060830000000358e-01 3.069999999999999840e+00 5.202559340000000206e-04 3.069999999999999840e+00 1.283423089999999973e-04 3.069999999999999840e+00 8.362933639999999523e-04 3.069999999999999840e+00 1.642805199999999962e-14 3.069999999999999840e+00 8.031760180000000471e-01 3.069999999999999840e+00 2.952797580000000237e-04 3.069999999999999840e+00 5.097548990000000114e-05 3.069999999999999840e+00 4.201190979999999816e-04 3.069999999999999840e+00 3.220449949999999870e-14 3.069999999999999840e+00 8.030782069999999884e-01 3.069999999999999840e+00 1.552191809999999873e-04 3.069999999999999840e+00 1.876247289999999988e-05 3.069999999999999840e+00 2.066500830000000022e-04 3.069999999999999840e+00 6.350233389999999396e-14 3.069999999999999840e+00 7.966288780000000402e-01 3.069999999999999840e+00 7.880557170000000516e-05 3.069999999999999840e+00 6.935700550000000024e-06 3.069999999999999840e+00 1.012972799999999952e-04 3.069999999999999840e+00 1.257693359999999966e-13 3.069999999999999840e+00 7.933337919999999821e-01
3.080000000000000071e+00 1.479905980000000097e-03 3.080000000000000071e+00 2.441516210000000266e-04 3.080000000000000071e+00 3.141017839999999967e-03 3.080000000000000071e+00 7.160336660000000512e-15 3.080000000000000071e+00 6.213887359999999971e-01 3.080000000000000071e+00 1.196096999999999915e-03 3.080000000000000071e+00 1.898666639999999908e-04 3.080000000000000071e+00 2.279213329999999968e-03 3.080000000000000071e+00 1.521923040000000012e-14 3.080000000000000071e+00 7.192441649999999909e-01 3.080000000000000071e+00 7.482367510000000315e-04 3.080000000000000071e+00 2.449910140000000113e-04 3.080000000000000071e+00 1.433354890000000095e-03 3.080000000000000071e+00 3.009605269999999992e-14 3.080000000000000071e+00 6.942322290000000340e-01 3.080000000000000071e+00 4.358044410000000033e-04 3.080000000000000071e+00 1.705186469999999993e-04 3.080000000000000071e+00 8.090787799999999948e-04 3.080000000000000071e+00 6.016128350000000495e-14 3.080000000000000071e+00 6.740463749999999754e-01 3.080000000000000071e+00 2.383322310000000064e-04 3.080000000000000071e+00 8.932584459999999441e-05 3.080000000000000071e+00 4.241935670000000205e-04 3.080000000000000071e+00 1.205297570000000045e-13 3.080000000000000071e+00 6.618514309999999901e-01 3.080000000000000071e+00 7.629430869999999539e-04 3.080000000000000071e+00 2.671622829999999952e-04 3.080000000000000071e+00 1.449183740000000017e-03 3.080000000000000071e+00 9.596433989999999695e-15 3.080000000000000071e+00 7.390060830000000358e-01 3.080000000000000071e+00 5.192706469999999698e-04 3.080000000000000071e+00 1.313985720000000095e-04 3.080000000000000071e+00 8.414910120000000443e-04 3.080000000000000071e+00 1.643177139999999893e-14 3.080000000000000071e+00 8.031760180000000471e-01 3.080000000000000071e+00 2.949246449999999814e-04 3.080000000000000071e+00 5.268194879999999868e-05 3.080000000000000071e+00 4.230701359999999986e-04 3.080000000000000071e+00 3.220902860000000054e-14 3.080000000000000071e+00 8.030782069999999884e-01 3.080000000000000071e+00 1.551446550000000024e-04 3.080000000000000071e+00 1.958435700000000078e-05 3.080000000000000071e+00 2.082019150000000108e-04 3.080000000000000071e+00 6.350863109999999616e-14 3.080000000000000071e+00 7.966288780000000402e-01 3.080000000000000071e+00 7.882086319999999813e-05 3.080000000000000071e+00 7.302755869999999994e-06 3.080000000000000071e+00 1.020854209999999941e-04 3.080000000000000071e+00 1.257807290000000091e-13 3.080000000000000071e+00 7.933337919999999821e-01
3.089999999999999858e+00 1.478752789999999940e-03 3.089999999999999858e+00 2.469261549999999909e-04 3.089999999999999858e+00 3.155811159999999914e-03 3.089999999999999858e+00 7.164237510000000285e-15 3.089999999999999858e+00 6.213887359999999971e-01 3.089999999999999858e+00 1.194325489999999981e-03 3.089999999999999858e+00 1.940745989999999907e-04 3.089999999999999858e+00 2.291165500000000126e-03 3.089999999999999858e+00 1.523462669999999863e-14 3.089999999999999858e+00 7.192441649999999909e-01 3.089999999999999858e+00 7.453782439999999919e-04 3.089999999999999858e+00 2.504158880000000096e-04 3.089999999999999858e+00 1.440822960000000090e-03 3.089999999999999858e+00 3.013045400000000041e-14 3.089999999999999858e+00 6.942322290000000340e-01 3.089999999999999858e+00 4.342110039999999777e-04 3.089999999999999858e+00 1.736277410000000034e-04 3.089999999999999858e+00 8.134288549999999906e-04 3.089999999999999858e+00 6.020722729999999412e-14 3.089999999999999858e+00 6.740463749999999754e-01 3.089999999999999858e+00 2.374435449999999872e-04 3.089999999999999858e+00 9.109614050000000433e-05 3.089999999999999858e+00 4.265724450000000188e-04 3.089999999999999858e+00 1.206010869999999985e-13 3.089999999999999858e+00 6.618514309999999901e-01 3.089999999999999858e+00 7.611640090000000103e-04 3.089999999999999858e+00 2.714883699999999988e-04 3.089999999999999858e+00 1.456804290000000054e-03 3.089999999999999858e+00 9.599604989999999920e-15 3.089999999999999858e+00 7.390060830000000358e-01 3.089999999999999858e+00 5.182681860000000213e-04 3.089999999999999858e+00 1.344753190000000018e-04 3.089999999999999858e+00 8.466787199999999559e-04 3.089999999999999858e+00 1.643563600000000050e-14 3.089999999999999858e+00 8.031760180000000471e-01 3.089999999999999858e+00 2.945515890000000242e-04 3.089999999999999858e+00 5.440862829999999750e-05 3.089999999999999858e+00 4.260175309999999897e-04 3.089999999999999858e+00 3.221373850000000137e-14 3.089999999999999858e+00 8.030782069999999884e-01 3.089999999999999858e+00 1.550552509999999985e-04 3.089999999999999858e+00 2.042333039999999993e-05 3.089999999999999858e+00 2.097529269999999892e-04 3.089999999999999858e+00 6.351517809999999757e-14 3.089999999999999858e+00 7.966288780000000402e-01 3.089999999999999858e+00 7.882649220000000295e-05 3.089999999999999858e+00 7.681153540000000701e-06 3.089999999999999858e+00 1.028736650000000016e-04 3.089999999999999858e+00 1.257925619999999928e-13 3.089999999999999858e+00 7.933337919999999821e-01
3.100000000000000089e+00 1.477574049999999962e-03 3.100000000000000089e+00 2.497455199999999839e-04 3.100000000000000089e+00 3.170592810000000088e-03 3.100000000000000089e+00 7.168269410000000128e-15 3.100000000000000089e+00 6.213887359999999971e-01 3.100000000000000089e+00 1.192492909999999908e-03 3.100000000000000089e+00 1.983846470000000066e-04 3.100000000000000089e+00 2.303099639999999903e-03 3.100000000000000089e+00 1.525051809999999951e-14 3.100000000000000089e+00 7.192441649999999909e-01 3.100000000000000089e+00 7.425348169999999772e-04 3.100000000000000089e+00 2.558074140000000116e-04 3.100000000000000089e+00 1.448262509999999987e-03 3.100000000000000089e+00 3.016586290000000250e-14 3.100000000000000089e+00 6.942322290000000340e-01 3.100000000000000089e+00 4.326204069999999881e-04 3.100000000000000089e+00 1.767268370000000047e-04 3.100000000000000089e+00 8.177630099999999569e-04 3.100000000000000089e+00 6.025473720000000110e-14 3.100000000000000089e+00 6.740463749999999754e-01 3.100000000000000089e+00 2.365556949999999886e-04 3.100000000000000089e+00 9.286124130000000495e-05 3.100000000000000089e+00 4.289424410000000003e-04 3.100000000000000089e+00 1.206749799999999917e-13 3.100000000000000089e+00 6.618514309999999901e-01 3.100000000000000089e+00 7.593690680000000264e-04 3.100000000000000089e+00 2.758383269999999782e-04 3.100000000000000089e+00 1.464406959999999978e-03 3.100000000000000089e+00 9.602895039999999221e-15 3.100000000000000089e+00 7.390060830000000358e-01 3.100000000000000089e+00 5.172499680000000426e-04 3.100000000000000089e+00 1.375707399999999967e-04 3.100000000000000089e+00 8.518563230000000212e-04 3.100000000000000089e+00 1.643965090000000025e-14 3.100000000000000089e+00 8.031760180000000471e-01 3.100000000000000089e+00 2.941618809999999810e-04 3.100000000000000089e+00 5.615396299999999679e-05 3.100000000000000089e+00 4.289611119999999877e-04 3.100000000000000089e+00 3.221863610000000313e-14 3.100000000000000089e+00 8.030782069999999884e-01 3.100000000000000089e+00 1.549518109999999994e-04 3.100000000000000089e+00 2.127838009999999966e-05 3.100000000000000089e+00 2.113029730000000057e-04 3.100000000000000089e+00 6.352198569999999623e-14 3.100000000000000089e+00 7.966288780000000402e-01 3.100000000000000089e+00 7.882282790000000533e-05 3.100000000000000089e+00 8.070447540000000772e-06 3.100000000000000089e+00 1.036619189999999963e-04 3.100000000000000089e+00 1.258048549999999947e-13 3.100000000000000089e+00 7.933337919999999821e-01
3.109999999999999876e+00 1.476369529999999996e-03 3.109999999999999876e+00 2.526105550000000140e-04 3.109999999999999876e+00 3.185362550000000147e-03 3.109999999999999876e+00 7.172434899999999586e-15 3.109999999999999876e+00 6.213887359999999971e-01 3.109999999999999876e+00 1.190598749999999999e-03 3.109999999999999876e+00 2.027983869999999906e-04 3.109999999999999876e+00 2.315015149999999963e-03 3.109999999999999876e+00 1.526690849999999890e-14 3.109999999999999876e+00 7.192441649999999909e-01 3.109999999999999876e+00 7.397069740000000336e-04 3.109999999999999876e+00 2.611651139999999756e-04 3.109999999999999876e+00 1.455673709999999975e-03 3.109999999999999876e+00 3.020227849999999689e-14 3.109999999999999876e+00 6.942322290000000340e-01 3.109999999999999876e+00 4.310326400000000203e-04 3.109999999999999876e+00 1.798160080000000096e-04 3.109999999999999876e+00 8.220812729999999987e-04 3.109999999999999876e+00 6.030383759999999624e-14 3.109999999999999876e+00 6.740463749999999754e-01 3.109999999999999876e+00 2.356687240000000013e-04 3.109999999999999876e+00 9.462112699999999487e-05 3.109999999999999876e+00 4.313035619999999910e-04 3.109999999999999876e+00 1.207514910000000059e-13 3.109999999999999876e+00 6.618514309999999901e-01 3.109999999999999876e+00 7.575596289999999688e-04 3.109999999999999876e+00 2.802102340000000159e-04 3.109999999999999876e+00 1.471991620000000093e-03 3.109999999999999876e+00 9.606307830000000089e-15 3.109999999999999876e+00 7.390060830000000358e-01 3.109999999999999876e+00 5.162173319999999958e-04 3.109999999999999876e+00 1.406831189999999934e-04 3.109999999999999876e+00 8.570236709999999722e-04 3.109999999999999876e+00 1.644382170000000033e-14 3.109999999999999876e+00 8.031760180000000471e-01 3.109999999999999876e+00 2.937567530000000245e-04 3.109999999999999876e+00 5.791645470000000232e-05 3.109999999999999876e+00 4.319007179999999856e-04 3.109999999999999876e+00 3.222372879999999816e-14 3.109999999999999876e+00 8.030782069999999884e-01 3.109999999999999876e+00 1.548351729999999904e-04 3.109999999999999876e+00 2.214849729999999973e-05 3.109999999999999876e+00 2.128519189999999995e-04 3.109999999999999876e+00 6.352906500000000593e-14 3.109999999999999876e+00 7.966288780000000402e-01 3.109999999999999876e+00 7.881026240000000248e-05 3.109999999999999876e+00 8.470162619999999318e-06 3.109999999999999876e+00 1.044500920000000028e-04 3.109999999999999876e+00 1.258176299999999981e-13 3.109999999999999876e+00 7.933337919999999821e-01
3.120000000000000107e+00 1.475139000000000094e-03 3.120000000000000107e+00 2.555221150000000258e-04 3.120000000000000107e+00 3.200120119999999829e-03 3.120000000000000107e+00 7.176736389999999802e-15 3.120000000000000107e+00 6.213887359999999971e-01 3.120000000000000107e+00 1.188642520000000044e-03 3.120000000000000107e+00 2.073173170000000012e-04 3.120000000000000107e+00 2.326911410000000180e-03 3.120000000000000107e+00 1.528380039999999951e-14 3.120000000000000107e+00 7.192441649999999909e-01 3.120000000000000107e+00 7.368950430000000430e-04 3.120000000000000107e+00 2.664887659999999755e-04 3.120000000000000107e+00 1.463056699999999927e-03 3.120000000000000107e+00 3.023969729999999999e-14 3.120000000000000107e+00 6.942322290000000340e-01 3.120000000000000107e+00 4.294476930000000058e-04 3.120000000000000107e+00 1.828953250000000055e-04 3.120000000000000107e+00 8.263836720000000040e-04 3.120000000000000107e+00 6.035455059999999766e-14 3.120000000000000107e+00 6.740463749999999754e-01 3.120000000000000107e+00 2.347826700000000091e-04 3.120000000000000107e+00 9.637578040000000488e-05 3.120000000000000107e+00 4.336558180000000054e-04 3.120000000000000107e+00 1.208306739999999934e-13 3.120000000000000107e+00 6.618514309999999901e-01 3.120000000000000107e+00 7.557370000000000320e-04 3.120000000000000107e+00 2.846022460000000032e-04 3.120000000000000107e+00 1.479558109999999952e-03 3.120000000000000107e+00 9.609847050000000283e-15 3.120000000000000107e+00 7.390060830000000358e-01 3.120000000000000107e+00 5.151715369999999459e-04 3.120000000000000107e+00 1.438108359999999870e-04 3.120000000000000107e+00 8.621806260000000350e-04 3.120000000000000107e+00 1.644815389999999975e-14 3.120000000000000107e+00 8.031760180000000471e-01 3.120000000000000107e+00 2.933373790000000174e-04 3.120000000000000107e+00 5.969467580000000070e-05 3.120000000000000107e+00 4.348361999999999822e-04 3.120000000000000107e+00 3.222902419999999771e-14 3.120000000000000107e+00 8.030782069999999884e-01 3.120000000000000107e+00 1.547061610000000130e-04 3.120000000000000107e+00 2.303268639999999867e-05 3.120000000000000107e+00 2.143996359999999980e-04 3.120000000000000107e+00 6.353642740000000568e-14 3.120000000000000107e+00 7.966288780000000402e-01 3.120000000000000107e+00 7.878920530000000299e-05 3.120000000000000107e+00 8.879801490000000202e-06 3.120000000000000107e+00 1.052380959999999935e-04 3.120000000000000107e+00 1.258309060000000060e-13 3.120000000000000107e+00 7.933337919999999821e-01
3.129999999999999893e+00 1.473882209999999955e-03 3.129999999999999893e+00 2.584810639999999822e-04 3.129999999999999893e+00 3.214865250000000212e-03 3.129999999999999893e+00 7.181176170000000363e-15 3.129999999999999893e+00 6.213887359999999971e-01 3.129999999999999893e+00 1.186623780000000067e-03 3.129999999999999893e+00 2.119428370000000009e-04 3.129999999999999893e+00 2.338787790000000037e-03 3.129999999999999893e+00 1.530119520000000109e-14 3.129999999999999893e+00 7.192441649999999909e-01 3.129999999999999893e+00 7.340991979999999606e-04 3.129999999999999893e+00 2.717783690000000153e-04 3.129999999999999893e+00 1.470411659999999992e-03 3.129999999999999893e+00 3.027811330000000025e-14 3.129999999999999893e+00 6.942322290000000340e-01 3.129999999999999893e+00 4.278655600000000228e-04 3.129999999999999893e+00 1.859648539999999997e-04 3.129999999999999893e+00 8.306702359999999655e-04 3.129999999999999893e+00 6.040689559999999556e-14 3.129999999999999893e+00 6.740463749999999754e-01 3.129999999999999893e+00 2.338975690000000035e-04 3.129999999999999893e+00 9.812518669999999654e-05 3.129999999999999893e+00 4.359992190000000034e-04 3.129999999999999893e+00 1.209125800000000018e-13 3.129999999999999893e+00 6.618514309999999901e-01 3.129999999999999893e+00 7.539024270000000078e-04 3.129999999999999893e+00 2.890125970000000035e-04 3.129999999999999893e+00 1.487106319999999997e-03 3.129999999999999893e+00 9.613516450000000706e-15 3.129999999999999893e+00 7.390060830000000358e-01 3.129999999999999893e+00 5.141137700000000289e-04 3.129999999999999893e+00 1.469523640000000076e-04 3.129999999999999893e+00 8.673270619999999542e-04 3.129999999999999893e+00 1.645265310000000065e-14 3.129999999999999893e+00 8.031760180000000471e-01 3.129999999999999893e+00 2.929048679999999736e-04 3.129999999999999893e+00 6.148727219999999653e-05 3.129999999999999893e+00 4.377674209999999830e-04 3.129999999999999893e+00 3.223452999999999725e-14 3.129999999999999893e+00 8.030782069999999884e-01 3.129999999999999893e+00 1.545655809999999907e-04 3.129999999999999893e+00 2.392997299999999905e-05 3.129999999999999893e+00 2.159460039999999931e-04 3.129999999999999893e+00 6.354408469999999967e-14 3.129999999999999893e+00 7.966288780000000402e-01 3.129999999999999893e+00 7.876007760000000514e-05 3.129999999999999893e+00 9.298851679999999234e-06 3.129999999999999893e+00 1.060258489999999979e-04 3.129999999999999893e+00 1.258447059999999953e-13 3.129999999999999893e+00 7.933337919999999821e-01
3.140000000000000124e+00 1.472598909999999926e-03 3.140000000000000124e+00 2.614882810000000030e-04 3.140000000000000124e+00 3.229597670000000208e-03 3.140000000000000124e+00 7.185756399999999304e-15 3.140000000000000124e+00 6.213887359999999971e-01 3.140000000000000124e+00 1.184542160000000028e-03 3.140000000000000124e+00 2.166762370000000122e-04 3.140000000000000124e+00 2.350643669999999841e-03 3.140000000000000124e+00 1.531909350000000036e-14 3.140000000000000124e+00 7.192441649999999909e-01 3.140000000000000124e+00 7.313194880000000245e-04 3.140000000000000124e+00 2.770340969999999961e-04 3.140000000000000124e+00 1.477738740000000004e-03 3.140000000000000124e+00 3.031751789999999924e-14 3.140000000000000124e+00 6.942322290000000340e-01 3.140000000000000124e+00 4.262862339999999909e-04 3.140000000000000124e+00 1.890246569999999885e-04 3.140000000000000124e+00 8.349409929999999881e-04 3.140000000000000124e+00 6.046088989999999628e-14 3.140000000000000124e+00 6.740463749999999754e-01 3.140000000000000124e+00 2.330134570000000035e-04 3.140000000000000124e+00 9.986933289999999467e-05 3.140000000000000124e+00 4.383337730000000073e-04 3.140000000000000124e+00 1.209972579999999907e-13 3.140000000000000124e+00 6.618514309999999901e-01 3.140000000000000124e+00 7.520570960000000360e-04 3.140000000000000124e+00 2.934395940000000054e-04 3.140000000000000124e+00 1.494636130000000056e-03 3.140000000000000124e+00 9.617319730000000689e-15 3.140000000000000124e+00 7.390060830000000358e-01 3.140000000000000124e+00 5.130451400000000418e-04 3.140000000000000124e+00 1.501062700000000078e-04 3.140000000000000124e+00 8.724628649999999685e-04 3.140000000000000124e+00 1.645732509999999885e-14 3.140000000000000124e+00 8.031760180000000471e-01 3.140000000000000124e+00 2.924602669999999921e-04 3.140000000000000124e+00 6.329296479999999968e-05 3.140000000000000124e+00 4.406942569999999955e-04 3.140000000000000124e+00 3.224025409999999850e-14 3.140000000000000124e+00 8.030782069999999884e-01 3.140000000000000124e+00 1.544142130000000052e-04 3.140000000000000124e+00 2.483941059999999836e-05 3.140000000000000124e+00 2.174909109999999984e-04 3.140000000000000124e+00 6.355204899999999518e-14 3.140000000000000124e+00 7.966288780000000402e-01 3.140000000000000124e+00 7.872330659999999831e-05 3.140000000000000124e+00 9.726792009999999378e-06 3.140000000000000124e+00 1.068132720000000062e-04 3.140000000000000124e+00 1.258590529999999934e-13 3.140000000000000124e+00 7.933337919999999821e-01
3.149999999999999911e+00 1.471288849999999922e-03 3.149999999999999911e+00 2.645446560000000013e-04 3.149999999999999911e+00 3.244317139999999908e-03 3.149999999999999911e+00 7.190479069999999420e-15 3.149999999999999911e+00 6.213887359999999971e-01 3.149999999999999911e+00 1.182397339999999904e-03 3.149999999999999911e+00 2.215186929999999981e-04 3.149999999999999911e+00 2.362478419999999944e-03 3.149999999999999911e+00 1.533749440000000066e-14 3.149999999999999911e+00 7.192441649999999909e-01 3.149999999999999911e+00 7.285558600000000126e-04 3.149999999999999911e+00 2.822562749999999745e-04 3.149999999999999911e+00 1.485038099999999974e-03 3.149999999999999911e+00 3.035789989999999895e-14 3.149999999999999911e+00 6.942322290000000340e-01 3.149999999999999911e+00 4.247097109999999802e-04 3.149999999999999911e+00 1.920747930000000071e-04 3.149999999999999911e+00 8.391959699999999639e-04 3.149999999999999911e+00 6.051654749999999730e-14 3.149999999999999911e+00 6.740463749999999754e-01 3.149999999999999911e+00 2.321303639999999975e-04 3.149999999999999911e+00 1.016082080000000026e-04 3.149999999999999911e+00 4.406594909999999731e-04 3.149999999999999911e+00 1.210847539999999898e-13 3.149999999999999911e+00 6.618514309999999901e-01 3.149999999999999911e+00 7.502021319999999582e-04 3.149999999999999911e+00 2.978816289999999833e-04 3.149999999999999911e+00 1.502147429999999917e-03 3.149999999999999911e+00 9.621260629999999562e-15 3.149999999999999911e+00 7.390060830000000358e-01 3.149999999999999911e+00 5.119666880000000534e-04 3.149999999999999911e+00 1.532712060000000071e-04 3.149999999999999911e+00 8.775879319999999473e-04 3.149999999999999911e+00 1.646217559999999962e-14 3.149999999999999911e+00 8.031760180000000471e-01 3.149999999999999911e+00 2.920045589999999938e-04 3.149999999999999911e+00 6.511054929999999488e-05 3.149999999999999911e+00 4.436165900000000033e-04 3.149999999999999911e+00 3.224620480000000314e-14 3.149999999999999911e+00 8.030782069999999884e-01 3.149999999999999911e+00 1.542528100000000021e-04 3.149999999999999911e+00 2.576008570000000114e-05 3.149999999999999911e+00 2.190342539999999918e-04 3.149999999999999911e+00 6.356033289999999626e-14 3.149999999999999911e+00 7.966288780000000402e-01 3.149999999999999911e+00 7.867932149999999950e-05 3.149999999999999911e+00 1.016309860000000016e-05 3.149999999999999911e+00 1.076002910000000025e-04 3.149999999999999911e+00 1.258739690000000090e-13 3.149999999999999911e+00 7.933337919999999821e-01
3.160000000000000142e+00 1.469951780000000076e-03 3.160000000000000142e+00 2.676510910000000050e-04 3.160000000000000142e+00 3.259023360000000077e-03 3.160000000000000142e+00 7.195346010000000384e-15 3.160000000000000142e+00 6.213887359999999971e-01 3.160000000000000142e+00 1.180189080000000005e-03 3.160000000000000142e+00 2.264712469999999962e-04 3.160000000000000142e+00 2.374291409999999825e-03 3.160000000000000142e+00 1.535639589999999918e-14 3.160000000000000142e+00 7.192441649999999909e-01 3.160000000000000142e+00 7.258081750000000467e-04 3.160000000000000142e+00 2.874453429999999812e-04 3.160000000000000142e+00 1.492309910000000090e-03 3.160000000000000142e+00 3.039924570000000185e-14 3.160000000000000142e+00 6.942322290000000340e-01 3.160000000000000142e+00 4.231359870000000068e-04 3.160000000000000142e+00 1.951153179999999944e-04 3.160000000000000142e+00 8.434351959999999938e-04 3.160000000000000142e+00 6.057387980000000289e-14 3.160000000000000142e+00 6.740463749999999754e-01 3.160000000000000142e+00 2.312483229999999891e-04 3.160000000000000142e+00 1.033418030000000020e-04 3.160000000000000142e+00 4.429763840000000195e-04 3.160000000000000142e+00 1.211751100000000041e-13 3.160000000000000142e+00 6.618514309999999901e-01 3.160000000000000142e+00 7.483386019999999561e-04 3.160000000000000142e+00 3.023371679999999951e-04 3.160000000000000142e+00 1.509640139999999901e-03 3.160000000000000142e+00 9.625342829999999816e-15 3.160000000000000142e+00 7.390060830000000358e-01 3.160000000000000142e+00 5.108793839999999824e-04 3.160000000000000142e+00 1.564459149999999866e-04 3.160000000000000142e+00 8.827021690000000495e-04 3.160000000000000142e+00 1.646721059999999872e-14 3.160000000000000142e+00 8.031760180000000471e-01 3.160000000000000142e+00 2.915386669999999771e-04 3.160000000000000142e+00 6.693889560000000649e-05 3.160000000000000142e+00 4.465343139999999964e-04 3.160000000000000142e+00 3.225239029999999705e-14 3.160000000000000142e+00 8.030782069999999884e-01 3.160000000000000142e+00 1.540820939999999967e-04 3.160000000000000142e+00 2.669112190000000123e-05 3.160000000000000142e+00 2.205759360000000087e-04 3.160000000000000142e+00 6.356894910000000378e-14 3.160000000000000142e+00 7.966288780000000402e-01 3.160000000000000142e+00 7.862854810000000408e-05 3.160000000000000142e+00 1.060725000000000081e-05 3.160000000000000142e+00 1.083868359999999955e-04 3.160000000000000142e+00 1.258894780000000124e-13 3.160000000000000142e+00 7.933337919999999821e-01
3.169999999999999929e+00 1.468587419999999987e-03 3.169999999999999929e+00 2.708085009999999901e-04 3.169999999999999929e+00 3.273716079999999980e-03 3.169999999999999929e+00 7.200358860000000321e-15 3.169999999999999929e+00 6.213887359999999971e-01 3.169999999999999929e+00 1.177917199999999965e-03 3.169999999999999929e+00 2.315347989999999882e-04 3.169999999999999929e+00 2.386081989999999913e-03 3.169999999999999929e+00 1.537579459999999969e-14 3.169999999999999929e+00 7.192441649999999909e-01 3.169999999999999929e+00 7.230762259999999782e-04 3.169999999999999929e+00 2.926018379999999848e-04 3.169999999999999929e+00 1.499554319999999970e-03 3.169999999999999929e+00 3.044153880000000143e-14 3.169999999999999929e+00 6.942322290000000340e-01 3.169999999999999929e+00 4.215650620000000164e-04 3.169999999999999929e+00 1.981462850000000097e-04 3.169999999999999929e+00 8.476586989999999660e-04 3.169999999999999929e+00 6.063289460000000533e-14 3.169999999999999929e+00 6.740463749999999754e-01 3.169999999999999929e+00 2.303673610000000062e-04 3.169999999999999929e+00 1.050701089999999934e-04 3.169999999999999929e+00 4.452844610000000021e-04 3.169999999999999929e+00 1.212683639999999888e-13 3.169999999999999929e+00 6.618514309999999901e-01 3.169999999999999929e+00 7.464675130000000174e-04 3.169999999999999929e+00 3.068047579999999921e-04 3.169999999999999929e+00 1.517114179999999894e-03 3.169999999999999929e+00 9.629569999999999213e-15 3.169999999999999929e+00 7.390060830000000358e-01 3.169999999999999929e+00 5.097841330000000074e-04 3.169999999999999929e+00 1.596292199999999875e-04 3.169999999999999929e+00 8.878054929999999560e-04 3.169999999999999929e+00 1.647243600000000141e-14 3.169999999999999929e+00 8.031760180000000471e-01 3.169999999999999929e+00 2.910634530000000210e-04 3.169999999999999929e+00 6.877694620000000456e-05 3.169999999999999929e+00 4.494473319999999828e-04 3.169999999999999929e+00 3.225881910000000081e-14 3.169999999999999929e+00 8.030782069999999884e-01 3.169999999999999929e+00 1.539027499999999894e-04 3.169999999999999929e+00 2.763168299999999855e-05 3.169999999999999929e+00 2.221158679999999980e-04 3.169999999999999929e+00 6.357791099999999639e-14 3.169999999999999929e+00 7.966288780000000402e-01 3.169999999999999929e+00 7.857140620000000429e-05 3.169999999999999929e+00 1.105873250000000026e-05 3.169999999999999929e+00 1.091728410000000049e-04 3.169999999999999929e+00 1.259056060000000118e-13 3.169999999999999929e+00 7.933337919999999821e-01
3.180000000000000160e+00 1.467195520000000005e-03 3.180000000000000160e+00 2.740178110000000009e-04 3.180000000000000160e+00 3.288395019999999867e-03 3.180000000000000160e+00 7.205519070000000548e-15 3.180000000000000160e+00 6.213887359999999971e-01 3.180000000000000160e+00 1.175581599999999966e-03 3.180000000000000160e+00 2.367100959999999979e-04 3.180000000000000160e+00 2.397849540000000085e-03 3.180000000000000160e+00 1.539568609999999982e-14 3.180000000000000160e+00 7.192441649999999909e-01 3.180000000000000160e+00 7.203597569999999626e-04 3.180000000000000160e+00 2.977263650000000071e-04 3.180000000000000160e+00 1.506771490000000059e-03 3.180000000000000160e+00 3.048476020000000112e-14 3.180000000000000160e+00 6.942322290000000340e-01 3.180000000000000160e+00 4.199969350000000131e-04 3.180000000000000160e+00 2.011677429999999926e-04 3.180000000000000160e+00 8.518665069999999855e-04 3.180000000000000160e+00 6.069359670000000375e-14 3.180000000000000160e+00 6.740463749999999754e-01 3.180000000000000160e+00 2.294875059999999909e-04 3.180000000000000160e+00 1.067931190000000045e-04 3.180000000000000160e+00 4.475837349999999774e-04 3.180000000000000160e+00 1.213645519999999881e-13 3.180000000000000160e+00 6.618514309999999901e-01 3.180000000000000160e+00 7.445898150000000324e-04 3.180000000000000160e+00 3.112830220000000012e-04 3.180000000000000160e+00 1.524569469999999998e-03 3.180000000000000160e+00 9.633945780000000253e-15 3.180000000000000160e+00 7.390060830000000358e-01 3.180000000000000160e+00 5.086817760000000204e-04 3.180000000000000160e+00 1.628200240000000020e-04 3.180000000000000160e+00 8.928978279999999707e-04 3.180000000000000160e+00 1.647785790000000028e-14 3.180000000000000160e+00 8.031760180000000471e-01 3.180000000000000160e+00 2.905797200000000071e-04 3.180000000000000160e+00 7.062371390000000623e-05 3.180000000000000160e+00 4.523555549999999929e-04 3.180000000000000160e+00 3.226550009999999702e-14 3.180000000000000160e+00 8.030782069999999884e-01 3.180000000000000160e+00 1.537154310000000002e-04 3.180000000000000160e+00 2.858097469999999974e-05 3.180000000000000160e+00 2.236539650000000012e-04 3.180000000000000160e+00 6.358723210000000006e-14 3.180000000000000160e+00 7.966288780000000402e-01 3.180000000000000160e+00 7.850830539999999517e-05 3.180000000000000160e+00 1.151704309999999924e-05 3.180000000000000160e+00 1.099582450000000035e-04 3.180000000000000160e+00 1.259223770000000026e-13 3.180000000000000160e+00 7.933337919999999821e-01
3.189999999999999947e+00 1.465775809999999907e-03 3.189999999999999947e+00 2.772799579999999796e-04 3.189999999999999947e+00 3.303059899999999990e-03 3.189999999999999947e+00 7.210827879999999265e-15 3.189999999999999947e+00 6.213887359999999971e-01 3.189999999999999947e+00 1.173182270000000050e-03 3.189999999999999947e+00 2.419977180000000116e-04 3.189999999999999947e+00 2.409593409999999901e-03 3.189999999999999947e+00 1.541606440000000067e-14 3.189999999999999947e+00 7.192441649999999909e-01 3.189999999999999947e+00 7.176584670000000100e-04 3.189999999999999947e+00 3.028195810000000252e-04 3.189999999999999947e+00 1.513961569999999974e-03 3.189999999999999947e+00 3.052888849999999846e-14 3.189999999999999947e+00 6.942322290000000340e-01 3.189999999999999947e+00 4.184316079999999887e-04 3.189999999999999947e+00 2.041797380000000034e-04 3.189999999999999947e+00 8.560586470000000527e-04 3.189999999999999947e+00 6.075598750000000421e-14 3.189999999999999947e+00 6.740463749999999754e-01 3.189999999999999947e+00 2.286087849999999979e-04 3.189999999999999947e+00 1.085108289999999972e-04 3.189999999999999947e+00 4.498742150000000178e-04 3.189999999999999947e+00 1.214637019999999968e-13 3.189999999999999947e+00 6.618514309999999901e-01 3.189999999999999947e+00 7.427064039999999989e-04 3.189999999999999947e+00 3.157706570000000249e-04 3.189999999999999947e+00 1.532005950000000019e-03 3.189999999999999947e+00 9.638473730000000717e-15 3.189999999999999947e+00 7.390060830000000358e-01 3.189999999999999947e+00 5.075730980000000290e-04 3.189999999999999947e+00 1.660173059999999899e-04 3.189999999999999947e+00 8.979791080000000319e-04 3.189999999999999947e+00 1.648348240000000053e-14 3.189999999999999947e+00 8.031760180000000471e-01 3.189999999999999947e+00 2.900882139999999901e-04 3.189999999999999947e+00 7.247827919999999936e-05 3.189999999999999947e+00 4.552588999999999790e-04 3.189999999999999947e+00 3.227244199999999990e-14 3.189999999999999947e+00 8.030782069999999884e-01 3.189999999999999947e+00 1.535207520000000112e-04 3.189999999999999947e+00 2.953824600000000037e-05 3.189999999999999947e+00 2.251901519999999928e-04 3.189999999999999947e+00 6.359692639999999965e-14 3.189999999999999947e+00 7.966288780000000402e-01 3.189999999999999947e+00 7.843964320000000113e-05 3.189999999999999947e+00 1.198169369999999958e-05 3.189999999999999947e+00 1.107429889999999965e-04 3.189999999999999947e+00 1.259398180000000116e-13 3.189999999999999947e+00 7.933337919999999821e-01
3.200000000000000178e+00 1.464327990000000024e-03 3.200000000000000178e+00 2.805958899999999871e-04 3.200000000000000178e+00 3.317710440000000167e-03 3.200000000000000178e+00 7.216286299999999445e-15 3.200000000000000178e+00 6.213887359999999971e-01 3.200000000000000178e+00 1.170719289999999895e-03 3.200000000000000178e+00 2.473980690000000143e-04 3.200000000000000178e+00 2.421312970000000144e-03 3.200000000000000178e+00 1.543692260000000031e-14 3.200000000000000178e+00 7.192441649999999909e-01 3.200000000000000178e+00 7.149720290000000176e-04 3.200000000000000178e+00 3.078821810000000265e-04 3.200000000000000178e+00 1.521124709999999982e-03 3.200000000000000178e+00 3.057389989999999773e-14 3.200000000000000178e+00 6.942322290000000340e-01 3.200000000000000178e+00 4.168690829999999897e-04 3.200000000000000178e+00 2.071823149999999978e-04 3.200000000000000178e+00 8.602351480000000519e-04 3.200000000000000178e+00 6.082006449999999770e-14 3.200000000000000178e+00 6.740463749999999754e-01 3.200000000000000178e+00 2.277312240000000049e-04 3.200000000000000178e+00 1.102232319999999995e-04 3.200000000000000178e+00 4.521559140000000173e-04 3.200000000000000178e+00 1.215658399999999977e-13 3.200000000000000178e+00 6.618514309999999901e-01 3.200000000000000178e+00 7.408181210000000256e-04 3.200000000000000178e+00 3.202664359999999786e-04 3.200000000000000178e+00 1.539423579999999901e-03 3.200000000000000178e+00 9.643157359999999974e-15 3.200000000000000178e+00 7.390060830000000358e-01 3.200000000000000178e+00 5.064588239999999551e-04 3.200000000000000178e+00 1.692201150000000108e-04 3.200000000000000178e+00 9.030492719999999498e-04 3.200000000000000178e+00 1.648931550000000110e-14 3.200000000000000178e+00 8.031760180000000471e-01 3.200000000000000178e+00 2.895896310000000079e-04 3.200000000000000178e+00 7.433978729999999517e-05 3.200000000000000178e+00 4.581572950000000117e-04 3.200000000000000178e+00 3.227965389999999835e-14 3.200000000000000178e+00 8.030782069999999884e-01 3.200000000000000178e+00 1.533192930000000086e-04 3.200000000000000178e+00 3.050278919999999851e-05 3.200000000000000178e+00 2.267243569999999894e-04 3.200000000000000178e+00 6.360700830000000518e-14 3.200000000000000178e+00 7.966288780000000402e-01 3.200000000000000178e+00 7.836580239999999962e-05 3.200000000000000178e+00 1.245221339999999945e-05 3.200000000000000178e+00 1.115270200000000061e-04 3.200000000000000178e+00 1.259579549999999963e-13 3.200000000000000178e+00 7.933337919999999821e-01
3.209999999999999964e+00 1.462851800000000094e-03 3.209999999999999964e+00 2.839665659999999862e-04 3.209999999999999964e+00 3.332346360000000215e-03 3.209999999999999964e+00 7.221895119999999368e-15 3.209999999999999964e+00 6.213887359999999971e-01 3.209999999999999964e+00 1.168192829999999908e-03 3.209999999999999964e+00 2.529113629999999910e-04 3.209999999999999964e+00 2.433007589999999862e-03 3.209999999999999964e+00 1.545825200000000031e-14 3.209999999999999964e+00 7.192441649999999909e-01 3.209999999999999964e+00 7.123000949999999665e-04 3.209999999999999964e+00 3.129148850000000072e-04 3.209999999999999964e+00 1.528261049999999959e-03 3.209999999999999964e+00 3.061976779999999741e-14 3.209999999999999964e+00 6.942322290000000340e-01 3.209999999999999964e+00 4.153093639999999999e-04 3.209999999999999964e+00 2.101755140000000056e-04 3.209999999999999964e+00 8.643960379999999794e-04 3.209999999999999964e+00 6.088582160000000109e-14 3.209999999999999964e+00 6.740463749999999754e-01 3.209999999999999964e+00 2.268548460000000011e-04 3.209999999999999964e+00 1.119303260000000059e-04 3.209999999999999964e+00 4.544288439999999820e-04 3.209999999999999964e+00 1.216709860000000124e-13 3.209999999999999964e+00 6.618514309999999901e-01 3.209999999999999964e+00 7.389257559999999917e-04 3.209999999999999964e+00 3.247691999999999940e-04 3.209999999999999964e+00 1.546822300000000100e-03 3.209999999999999964e+00 9.648000080000000565e-15 3.209999999999999964e+00 7.390060830000000358e-01 3.209999999999999964e+00 5.053396300000000249e-04 3.209999999999999964e+00 1.724275679999999879e-04 3.209999999999999964e+00 9.081082680000000405e-04 3.209999999999999964e+00 1.649536350000000084e-14 3.209999999999999964e+00 8.031760180000000471e-01 3.209999999999999964e+00 2.890846119999999930e-04 3.209999999999999964e+00 7.620744490000000307e-05 3.209999999999999964e+00 4.610506719999999834e-04 3.209999999999999964e+00 3.228714519999999698e-14 3.209999999999999964e+00 8.030782069999999884e-01 3.209999999999999964e+00 1.531115959999999952e-04 3.209999999999999964e+00 3.147393999999999973e-05 3.209999999999999964e+00 2.282565169999999988e-04 3.209999999999999964e+00 6.361749250000000455e-14 3.209999999999999964e+00 7.966288780000000402e-01 3.209999999999999964e+00 7.828714989999999640e-05 3.209999999999999964e+00 1.292815050000000059e-05 3.209999999999999964e+00 1.123102889999999976e-04 3.209999999999999964e+00 1.259768169999999956e-13 3.209999999999999964e+00 7.933337919999999821e-01
3.220000000000000195e+00 1.461346959999999936e-03 3.220000000000000195e+00 2.873929550000000081e-04 3.220000000000000195e+00 3.346967379999999954e-03 3.220000000000000195e+00 7.227654870000000517e-15 3.220000000000000195e+00 6.213887359999999971e-01 3.220000000000000195e+00 1.165603139999999956e-03 3.220000000000000195e+00 2.585376140000000215e-04 3.220000000000000195e+00 2.444676619999999918e-03 3.220000000000000195e+00 1.548004309999999923e-14 3.220000000000000195e+00 7.192441649999999909e-01 3.220000000000000195e+00 7.096423020000000061e-04 3.220000000000000195e+00 3.179184219999999818e-04 3.220000000000000195e+00 1.535370749999999916e-03 3.220000000000000195e+00 3.066646389999999945e-14 3.220000000000000195e+00 6.942322290000000340e-01 3.220000000000000195e+00 4.137524550000000034e-04 3.220000000000000195e+00 2.131593759999999985e-04 3.220000000000000195e+00 8.685413450000000488e-04 3.220000000000000195e+00 6.095324909999999404e-14 3.220000000000000195e+00 6.740463749999999754e-01 3.220000000000000195e+00 2.259796749999999990e-04 3.220000000000000195e+00 1.136321059999999955e-04 3.220000000000000195e+00 4.566930149999999804e-04 3.220000000000000195e+00 1.217791570000000062e-13 3.220000000000000195e+00 6.618514309999999901e-01 3.220000000000000195e+00 7.370300499999999722e-04 3.220000000000000195e+00 3.292778599999999774e-04 3.220000000000000195e+00 1.554202080000000085e-03 3.220000000000000195e+00 9.653005220000000312e-15 3.220000000000000195e+00 7.390060830000000358e-01 3.220000000000000195e+00 5.042161410000000179e-04 3.220000000000000195e+00 1.756388449999999994e-04 3.220000000000000195e+00 9.131560500000000542e-04 3.220000000000000195e+00 1.650163239999999867e-14 3.220000000000000195e+00 8.031760180000000471e-01 3.220000000000000195e+00 2.885737549999999952e-04 3.220000000000000195e+00 7.808051679999999549e-05 3.220000000000000195e+00 4.639389679999999833e-04 3.220000000000000195e+00 3.229492519999999728e-14 3.220000000000000195e+00 8.030782069999999884e-01 3.220000000000000195e+00 1.528981709999999931e-04 3.220000000000000195e+00 3.245107620000000265e-05 3.220000000000000195e+00 2.297865699999999977e-04 3.220000000000000195e+00 6.362839409999999818e-14 3.220000000000000195e+00 7.966288780000000402e-01 3.220000000000000195e+00 7.820403529999999585e-05 3.220000000000000195e+00 1.340907380000000075e-05 3.220000000000000195e+00 1.130927480000000002e-04 3.220000000000000195e+00 1.259964310000000110e-13 3.220000000000000195e+00 7.933337919999999821e-01
3.229999999999999982e+00 1.459813159999999920e-03 3.229999999999999982e+00 2.908760339999999977e-04 3.229999999999999982e+00 3.361573210000000107e-03 3.229999999999999982e+00 7.233565829999999684e-15 3.229999999999999982e+00 6.213887359999999971e-01 3.229999999999999982e+00 1.162950609999999999e-03 3.229999999999999982e+00 2.642766270000000174e-04 3.229999999999999982e+00 2.456319440000000187e-03 3.229999999999999982e+00 1.550228489999999905e-14 3.229999999999999982e+00 7.192441649999999909e-01 3.229999999999999982e+00 7.069982819999999805e-04 3.229999999999999982e+00 3.228935279999999909e-04 3.229999999999999982e+00 1.542453949999999943e-03 3.229999999999999982e+00 3.071395740000000306e-14 3.229999999999999982e+00 6.942322290000000340e-01 3.229999999999999982e+00 4.121983619999999762e-04 3.229999999999999982e+00 2.161339359999999994e-04 3.229999999999999982e+00 8.726710970000000397e-04 3.229999999999999982e+00 6.102233319999999796e-14 3.229999999999999982e+00 6.740463749999999754e-01 3.229999999999999982e+00 2.251057339999999881e-04 3.229999999999999982e+00 1.153285709999999996e-04 3.229999999999999982e+00 4.589484410000000108e-04 3.229999999999999982e+00 1.218903600000000095e-13 3.229999999999999982e+00 6.618514309999999901e-01 3.229999999999999982e+00 7.351316960000000168e-04 3.229999999999999982e+00 3.337913890000000208e-04 3.229999999999999982e+00 1.561562889999999976e-03 3.229999999999999982e+00 9.658175980000000218e-15 3.229999999999999982e+00 7.390060830000000358e-01 3.229999999999999982e+00 5.030889360000000057e-04 3.229999999999999982e+00 1.788531859999999921e-04 3.229999999999999982e+00 9.181925780000000422e-04 3.229999999999999982e+00 1.650812849999999977e-14 3.229999999999999982e+00 8.031760180000000471e-01 3.229999999999999982e+00 2.880576099999999852e-04 3.229999999999999982e+00 7.995832290000000114e-05 3.229999999999999982e+00 4.668221290000000101e-04 3.229999999999999982e+00 3.230300349999999751e-14 3.229999999999999982e+00 8.030782069999999884e-01 3.229999999999999982e+00 1.526794899999999865e-04 3.229999999999999982e+00 3.343361729999999918e-05 3.229999999999999982e+00 2.313144630000000081e-04 3.229999999999999982e+00 6.363972869999999590e-14 3.229999999999999982e+00 7.966288780000000402e-01 3.229999999999999982e+00 7.811679040000000303e-05 3.229999999999999982e+00 1.389457409999999956e-05 3.229999999999999982e+00 1.138743560000000016e-04 3.229999999999999982e+00 1.260168269999999992e-13 3.229999999999999982e+00 7.933337919999999821e-01
3.240000000000000213e+00 1.458250130000000042e-03 3.240000000000000213e+00 2.944167920000000148e-04 3.240000000000000213e+00 3.376163550000000138e-03 3.240000000000000213e+00 7.239628010000000025e-15 3.240000000000000213e+00 6.213887359999999971e-01 3.240000000000000213e+00 1.160235709999999894e-03 3.240000000000000213e+00 2.701279860000000148e-04 3.240000000000000213e+00 2.467935420000000150e-03 3.240000000000000213e+00 1.552496529999999879e-14 3.240000000000000213e+00 7.192441649999999909e-01 3.240000000000000213e+00 7.043676639999999628e-04 3.240000000000000213e+00 3.278409319999999946e-04 3.240000000000000213e+00 1.549510769999999996e-03 3.240000000000000213e+00 3.076221559999999838e-14 3.240000000000000213e+00 6.942322290000000340e-01 3.240000000000000213e+00 4.106470919999999987e-04 3.240000000000000213e+00 2.190992290000000038e-04 3.240000000000000213e+00 8.767853219999999486e-04 3.240000000000000213e+00 6.109305640000000024e-14 3.240000000000000213e+00 6.740463749999999754e-01 3.240000000000000213e+00 2.242330449999999889e-04 3.240000000000000213e+00 1.170197189999999990e-04 3.240000000000000213e+00 4.611951340000000252e-04 3.240000000000000213e+00 1.220045999999999899e-13 3.240000000000000213e+00 6.618514309999999901e-01 3.240000000000000213e+00 7.332313440000000218e-04 3.240000000000000213e+00 3.383088279999999989e-04 3.240000000000000213e+00 1.568904710000000070e-03 3.240000000000000213e+00 9.663515439999999728e-15 3.240000000000000213e+00 7.390060830000000358e-01 3.240000000000000213e+00 5.019585510000000150e-04 3.240000000000000213e+00 1.820698859999999913e-04 3.240000000000000213e+00 9.232178180000000321e-04 3.240000000000000213e+00 1.651485779999999991e-14 3.240000000000000213e+00 8.031760180000000471e-01 3.240000000000000213e+00 2.875366859999999893e-04 3.240000000000000213e+00 8.184023400000000259e-05 3.240000000000000213e+00 4.697001039999999968e-04 3.240000000000000213e+00 3.231138979999999909e-14 3.240000000000000213e+00 8.030782069999999884e-01 3.240000000000000213e+00 1.524559949999999982e-04 3.240000000000000213e+00 3.442102230000000299e-05 3.240000000000000213e+00 2.328401439999999939e-04 3.240000000000000213e+00 6.365151200000000435e-14 3.240000000000000213e+00 7.966288780000000402e-01 3.240000000000000213e+00 7.802572869999999854e-05 3.240000000000000213e+00 1.438426420000000023e-05 3.240000000000000213e+00 1.146550709999999933e-04 3.240000000000000213e+00 1.260380349999999927e-13 3.240000000000000213e+00 7.933337919999999821e-01
3.250000000000000000e+00 1.456657560000000021e-03 3.250000000000000000e+00 2.980162259999999787e-04 3.250000000000000000e+00 3.390738109999999906e-03 3.250000000000000000e+00 7.245841150000000009e-15 3.250000000000000000e+00 6.213887359999999971e-01 3.250000000000000000e+00 1.157459019999999925e-03 3.250000000000000000e+00 2.760910489999999769e-04 3.250000000000000000e+00 2.479523950000000077e-03 3.250000000000000000e+00 1.554807090000000086e-14 3.250000000000000000e+00 7.192441649999999909e-01 3.250000000000000000e+00 7.017500800000000139e-04 3.250000000000000000e+00 3.327613559999999812e-04 3.250000000000000000e+00 1.556541339999999987e-03 3.250000000000000000e+00 3.081120400000000107e-14 3.250000000000000000e+00 6.942322290000000340e-01 3.250000000000000000e+00 4.090986519999999889e-04 3.250000000000000000e+00 2.220552890000000116e-04 3.250000000000000000e+00 8.808840479999999890e-04 3.250000000000000000e+00 6.116539710000000475e-14 3.250000000000000000e+00 6.740463749999999754e-01 3.250000000000000000e+00 2.233616289999999988e-04 3.250000000000000000e+00 1.187055489999999978e-04 3.250000000000000000e+00 4.634331059999999758e-04 3.250000000000000000e+00 1.221218739999999919e-13 3.250000000000000000e+00 6.618514309999999901e-01 3.250000000000000000e+00 7.313295999999999512e-04 3.250000000000000000e+00 3.428292730000000003e-04 3.250000000000000000e+00 1.576227520000000014e-03 3.250000000000000000e+00 9.669026529999999891e-15 3.250000000000000000e+00 7.390060830000000358e-01 3.250000000000000000e+00 5.008254810000000194e-04 3.250000000000000000e+00 1.852882920000000042e-04 3.250000000000000000e+00 9.282317400000000352e-04 3.250000000000000000e+00 1.652182640000000114e-14 3.250000000000000000e+00 8.031760180000000471e-01 3.250000000000000000e+00 2.870114530000000266e-04 3.250000000000000000e+00 8.372566919999999537e-05 3.250000000000000000e+00 4.725728480000000145e-04 3.250000000000000000e+00 3.232009399999999707e-14 3.250000000000000000e+00 8.030782069999999884e-01 3.250000000000000000e+00 1.522280959999999892e-04 3.250000000000000000e+00 3.541278849999999936e-05 3.250000000000000000e+00 2.343635679999999993e-04 3.250000000000000000e+00 6.366376029999999849e-14 3.250000000000000000e+00 7.966288780000000402e-01 3.250000000000000000e+00 7.793114530000000125e-05 3.250000000000000000e+00 1.487777909999999924e-05 3.250000000000000000e+00 1.154348590000000028e-04 3.250000000000000000e+00 1.260600849999999986e-13 3.250000000000000000e+00 7.933337919999999821e-01
3.259999999999999787e+00 1.455035159999999933e-03 3.259999999999999787e+00 3.016753390000000016e-04 3.259999999999999787e+00 3.405296600000000135e-03 3.259999999999999787e+00 7.252204699999999733e-15 3.259999999999999787e+00 6.213887359999999971e-01 3.259999999999999787e+00 1.154621260000000035e-03 3.259999999999999787e+00 2.821649370000000006e-04 3.259999999999999787e+00 2.491084399999999883e-03 3.259999999999999787e+00 1.557158740000000152e-14 3.259999999999999787e+00 7.192441649999999909e-01 3.259999999999999787e+00 6.991451669999999580e-04 3.259999999999999787e+00 3.376555060000000028e-04 3.259999999999999787e+00 1.563545809999999968e-03 3.259999999999999787e+00 3.086088630000000189e-14 3.259999999999999787e+00 6.942322290000000340e-01 3.259999999999999787e+00 4.075530510000000190e-04 3.259999999999999787e+00 2.250021480000000032e-04 3.259999999999999787e+00 8.849673040000000449e-04 3.259999999999999787e+00 6.123932989999999715e-14 3.259999999999999787e+00 6.740463749999999754e-01 3.259999999999999787e+00 2.224915059999999921e-04 3.259999999999999787e+00 1.203860590000000038e-04 3.259999999999999787e+00 4.656623710000000233e-04 3.259999999999999787e+00 1.222421750000000107e-13 3.259999999999999787e+00 6.618514309999999901e-01 3.259999999999999787e+00 7.294270300000000370e-04 3.259999999999999787e+00 3.473518789999999862e-04 3.259999999999999787e+00 1.583531300000000103e-03 3.259999999999999787e+00 9.674712030000000208e-15 3.259999999999999787e+00 7.390060830000000358e-01 3.259999999999999787e+00 4.996901840000000320e-04 3.259999999999999787e+00 1.885078000000000047e-04 3.259999999999999787e+00 9.332343200000000390e-04 3.259999999999999787e+00 1.652904039999999921e-14 3.259999999999999787e+00 8.031760180000000471e-01 3.259999999999999787e+00 2.864823449999999894e-04 3.259999999999999787e+00 8.561409249999999348e-05 3.259999999999999787e+00 4.754403200000000104e-04 3.259999999999999787e+00 3.232912599999999915e-14 3.259999999999999787e+00 8.030782069999999884e-01 3.259999999999999787e+00 1.519961719999999899e-04 3.259999999999999787e+00 3.640844919999999916e-05 3.259999999999999787e+00 2.358846920000000065e-04 3.259999999999999787e+00 6.367649019999999428e-14 3.259999999999999787e+00 7.966288780000000402e-01 3.259999999999999787e+00 7.783331720000000208e-05 3.259999999999999787e+00 1.537477609999999986e-05 3.259999999999999787e+00 1.162136830000000019e-04 3.259999999999999787e+00 1.260830100000000048e-13 3.259999999999999787e+00 7.933337919999999821e-01
3.270000000000000018e+00 1.453382629999999892e-03 3.270000000000000018e+00 3.053951439999999930e-04 3.270000000000000018e+00 3.419838709999999896e-03 3.270000000000000018e+00 7.258717829999999348e-15 3.270000000000000018e+00 6.213887359999999971e-01 3.270000000000000018e+00 1.151723240000000021e-03 3.270000000000000018e+00 2.883485280000000158e-04 3.270000000000000018e+00 2.502616169999999796e-03 3.270000000000000018e+00 1.559549940000000040e-14 3.270000000000000018e+00 7.192441649999999909e-01 3.270000000000000018e+00 6.965525690000000250e-04 3.270000000000000018e+00 3.425240700000000207e-04 3.270000000000000018e+00 1.570524289999999934e-03 3.270000000000000018e+00 3.091122470000000133e-14 3.270000000000000018e+00 6.942322290000000340e-01 3.270000000000000018e+00 4.060102970000000031e-04 3.270000000000000018e+00 2.279398330000000062e-04 3.270000000000000018e+00 8.890351190000000004e-04 3.270000000000000018e+00 6.131482559999999531e-14 3.270000000000000018e+00 6.740463749999999754e-01 3.270000000000000018e+00 2.216226959999999973e-04 3.270000000000000018e+00 1.220612499999999996e-04 3.270000000000000018e+00 4.678829410000000114e-04 3.270000000000000018e+00 1.223654869999999985e-13 3.270000000000000018e+00 6.618514309999999901e-01 3.270000000000000018e+00 7.275241610000000164e-04 3.270000000000000018e+00 3.518758549999999731e-04 3.270000000000000018e+00 1.590816060000000082e-03 3.270000000000000018e+00 9.680574520000000214e-15 3.270000000000000018e+00 7.390060830000000358e-01 3.270000000000000018e+00 4.985530849999999809e-04 3.270000000000000018e+00 1.917278510000000038e-04 3.270000000000000018e+00 9.382255380000000151e-04 3.270000000000000018e+00 1.653650579999999935e-14 3.270000000000000018e+00 8.031760180000000471e-01 3.270000000000000018e+00 2.859497600000000220e-04 3.270000000000000018e+00 8.750500930000000273e-05 3.270000000000000018e+00 4.783024840000000199e-04 3.270000000000000018e+00 3.233849590000000034e-14 3.270000000000000018e+00 8.030782069999999884e-01 3.270000000000000018e+00 1.517605759999999995e-04 3.270000000000000018e+00 3.740757230000000237e-05 3.270000000000000018e+00 2.374034790000000006e-04 3.270000000000000018e+00 6.368971859999999814e-14 3.270000000000000018e+00 7.966288780000000402e-01 3.270000000000000018e+00 7.773250360000000616e-05 3.270000000000000018e+00 1.587493439999999883e-05 3.270000000000000018e+00 1.169915149999999938e-04 3.270000000000000018e+00 1.261068410000000120e-13 3.270000000000000018e+00 7.933337919999999821e-01
3.279999999999999805e+00 1.451699660000000053e-03 3.279999999999999805e+00 3.091766590000000051e-04 3.279999999999999805e+00 3.434364149999999914e-03 3.279999999999999805e+00 7.265379420000000634e-15 3.279999999999999805e+00 6.213887359999999971e-01 3.279999999999999805e+00 1.148765900000000032e-03 3.279999999999999805e+00 2.946404550000000094e-04 3.279999999999999805e+00 2.514118670000000007e-03 3.279999999999999805e+00 1.561979030000000048e-14 3.279999999999999805e+00 7.192441649999999909e-01 3.279999999999999805e+00 6.939719399999999712e-04 3.279999999999999805e+00 3.473677170000000181e-04 3.279999999999999805e+00 1.577476900000000055e-03 3.279999999999999805e+00 3.096218020000000011e-14 3.279999999999999805e+00 6.942322290000000340e-01 3.279999999999999805e+00 4.044704000000000094e-04 3.279999999999999805e+00 2.308683750000000052e-04 3.279999999999999805e+00 8.930875199999999646e-04 3.279999999999999805e+00 6.139185100000000520e-14 3.279999999999999805e+00 6.740463749999999754e-01 3.279999999999999805e+00 2.207552189999999886e-04 3.279999999999999805e+00 1.237311219999999987e-04 3.279999999999999805e+00 4.700948289999999966e-04 3.279999999999999805e+00 1.224917889999999908e-13 3.279999999999999805e+00 6.618514309999999901e-01 3.279999999999999805e+00 7.256214869999999756e-04 3.279999999999999805e+00 3.564004599999999945e-04 3.279999999999999805e+00 1.598081780000000030e-03 3.279999999999999805e+00 9.686616399999999477e-15 3.279999999999999805e+00 7.390060830000000358e-01 3.279999999999999805e+00 4.974145750000000385e-04 3.279999999999999805e+00 1.949479270000000115e-04 3.279999999999999805e+00 9.432053770000000314e-04 3.279999999999999805e+00 1.654422820000000055e-14 3.279999999999999805e+00 8.031760180000000471e-01 3.279999999999999805e+00 2.854140670000000052e-04 3.279999999999999805e+00 8.939796390000000355e-05 3.279999999999999805e+00 4.811593050000000202e-04 3.279999999999999805e+00 3.234821389999999882e-14 3.279999999999999805e+00 8.030782069999999884e-01 3.279999999999999805e+00 1.515216329999999930e-04 3.279999999999999805e+00 3.840975789999999959e-05 3.279999999999999805e+00 2.389198929999999900e-04 3.279999999999999805e+00 6.370346290000000062e-14 3.279999999999999805e+00 7.966288780000000402e-01 3.279999999999999805e+00 7.762894629999999869e-05 3.279999999999999805e+00 1.637795410000000051e-05 3.279999999999999805e+00 1.177683239999999942e-04 3.279999999999999805e+00 1.261316120000000013e-13 3.279999999999999805e+00 7.933337919999999821e-01
3.290000000000000036e+00 1.449985950000000096e-03 3.290000000000000036e+00 3.130209100000000042e-04 3.290000000000000036e+00 3.448872600000000167e-03 3.290000000000000036e+00 7.272188050000000689e-15 3.290000000000000036e+00 6.213887359999999971e-01 3.290000000000000036e+00 1.145750289999999992e-03 3.290000000000000036e+00 3.010390980000000037e-04 3.290000000000000036e+00 2.525591299999999876e-03 3.290000000000000036e+00 1.564444289999999855e-14 3.290000000000000036e+00 7.192441649999999909e-01 3.290000000000000036e+00 6.914029470000000429e-04 3.290000000000000036e+00 3.521870920000000197e-04 3.290000000000000036e+00 1.584403770000000029e-03 3.290000000000000036e+00 3.101371250000000233e-14 3.290000000000000036e+00 6.942322290000000340e-01 3.290000000000000036e+00 4.029333690000000022e-04 3.290000000000000036e+00 2.337877990000000088e-04 3.290000000000000036e+00 8.971245360000000384e-04 3.290000000000000036e+00 6.147036940000000503e-14 3.290000000000000036e+00 6.740463749999999754e-01 3.290000000000000036e+00 2.198890939999999987e-04 3.290000000000000036e+00 1.253956759999999972e-04 3.290000000000000036e+00 4.722980499999999732e-04 3.290000000000000036e+00 1.226210529999999925e-13 3.290000000000000036e+00 6.618514309999999901e-01 3.290000000000000036e+00 7.237194640000000441e-04 3.290000000000000036e+00 3.609250019999999965e-04 3.290000000000000036e+00 1.605328490000000044e-03 3.290000000000000036e+00 9.692839850000000759e-15 3.290000000000000036e+00 7.390060830000000358e-01 3.290000000000000036e+00 4.962750159999999508e-04 3.290000000000000036e+00 1.981675510000000093e-04 3.290000000000000036e+00 9.481738260000000234e-04 3.290000000000000036e+00 1.655221359999999858e-14 3.290000000000000036e+00 8.031760180000000471e-01 3.290000000000000036e+00 2.848756049999999940e-04 3.290000000000000036e+00 9.129253629999999368e-05 3.290000000000000036e+00 4.840107560000000107e-04 3.290000000000000036e+00 3.235829010000000222e-14 3.290000000000000036e+00 8.030782069999999884e-01 3.290000000000000036e+00 1.512796429999999916e-04 3.290000000000000036e+00 3.941463639999999858e-05 3.290000000000000036e+00 2.404339019999999941e-04 3.290000000000000036e+00 6.371774060000000173e-14 3.290000000000000036e+00 7.966288780000000402e-01 3.290000000000000036e+00 7.752287060000000369e-05 3.290000000000000036e+00 1.688355599999999838e-05 3.290000000000000036e+00 1.185440849999999945e-04 3.290000000000000036e+00 1.261573570000000047e-13 3.290000000000000036e+00 7.933337919999999821e-01
3.299999999999999822e+00 1.448241199999999920e-03 3.299999999999999822e+00 3.169289259999999984e-04 3.299999999999999822e+00 3.463363770000000078e-03 3.299999999999999822e+00 7.279142009999999823e-15 3.299999999999999822e+00 6.213887359999999971e-01 3.299999999999999822e+00 1.142677599999999917e-03 3.299999999999999822e+00 3.075425849999999977e-04 3.299999999999999822e+00 2.537033479999999987e-03 3.299999999999999822e+00 1.566943890000000106e-14 3.299999999999999822e+00 7.192441649999999909e-01 3.299999999999999822e+00 6.888452660000000168e-04 3.299999999999999822e+00 3.569828159999999836e-04 3.299999999999999822e+00 1.591305000000000107e-03 3.299999999999999822e+00 3.106578049999999961e-14 3.299999999999999822e+00 6.942322290000000340e-01 3.299999999999999822e+00 4.013992159999999875e-04 3.299999999999999822e+00 2.366981319999999903e-04 3.299999999999999822e+00 9.011461969999999934e-04 3.299999999999999822e+00 6.155034040000000209e-14 3.299999999999999822e+00 6.740463749999999754e-01 3.299999999999999822e+00 2.190243379999999866e-04 3.299999999999999822e+00 1.270549119999999949e-04 3.299999999999999822e+00 4.744926160000000016e-04 3.299999999999999822e+00 1.227532459999999906e-13 3.299999999999999822e+00 6.618514309999999901e-01 3.299999999999999822e+00 7.218185200000000294e-04 3.299999999999999822e+00 3.654488340000000167e-04 3.299999999999999822e+00 1.612556179999999947e-03 3.299999999999999822e+00 9.699246820000000555e-15 3.299999999999999822e+00 7.390060830000000358e-01 3.299999999999999822e+00 4.951347400000000176e-04 3.299999999999999822e+00 2.013862790000000094e-04 3.299999999999999822e+00 9.531308750000000310e-04 3.299999999999999822e+00 1.656046729999999878e-14 3.299999999999999822e+00 8.031760180000000471e-01 3.299999999999999822e+00 2.843346859999999884e-04 3.299999999999999822e+00 9.318833980000000312e-05 3.299999999999999822e+00 4.868568089999999950e-04 3.299999999999999822e+00 3.236873490000000237e-14 3.299999999999999822e+00 8.030782069999999884e-01 3.299999999999999822e+00 1.510348829999999998e-04 3.299999999999999822e+00 4.042186670000000163e-05 3.299999999999999822e+00 2.419454759999999972e-04 3.299999999999999822e+00 6.373256969999999823e-14 3.299999999999999822e+00 7.966288780000000402e-01 3.299999999999999822e+00 7.741448580000000071e-05 3.299999999999999822e+00 1.739148010000000135e-05 3.299999999999999822e+00 1.193187739999999956e-04 3.299999999999999822e+00 1.261841090000000097e-13 3.299999999999999822e+00 7.933337919999999821e-01
