1.000000000000000021e-02 1.199459550000000114e-13 1.000000000000000021e-02 3.553088169999999853e-15 1.000000000000000021e-02 3.336789390000000043e-15 1.000000000000000021e-02 2.946526360000000041e-15 1.000000000000000021e-02 6.940850259999999938e-01 1.000000000000000021e-02 2.033058800000000163e-15 1.000000000000000021e-02 1.059265550000000003e-17 1.000000000000000021e-02 5.661725429999999591e-17 1.000000000000000021e-02 7.589542509999999413e-15 1.000000000000000021e-02 7.810251590000000244e-01 1.000000000000000021e-02 1.424968959999999950e-15 1.000000000000000021e-02 3.921300530000000269e-18 1.000000000000000021e-02 3.967507749999999719e-17 1.000000000000000021e-02 1.499596250000000036e-14 1.000000000000000021e-02 7.579586130000000033e-01 1.000000000000000021e-02 1.282899560000000080e-15 1.000000000000000021e-02 2.495630489999999893e-18 1.000000000000000021e-02 3.572896339999999808e-17 1.000000000000000021e-02 2.999826329999999868e-14 1.000000000000000021e-02 7.396272720000000023e-01 1.000000000000000021e-02 9.516482510000000310e-16 1.000000000000000021e-02 1.350752070000000080e-18 1.000000000000000021e-02 2.650950370000000046e-17 1.000000000000000021e-02 6.009141359999999735e-14 1.000000000000000021e-02 7.286490559999999617e-01 1.000000000000000021e-02 3.755830909999999869e-16 1.000000000000000021e-02 5.821750879999999950e-18 1.000000000000000021e-02 1.083750290000000074e-17 1.000000000000000021e-02 5.234823800000000234e-15 1.000000000000000021e-02 7.988977919999999955e-01 1.000000000000000021e-02 1.724879770000000151e-17 1.000000000000000021e-02 4.391096549999999826e-20 1.000000000000000021e-02 4.950738699999999723e-19 1.000000000000000021e-02 9.528674590000000238e-15 1.000000000000000021e-02 8.584101100000000040e-01 1.000000000000000021e-02 7.971697089999999409e-18 1.000000000000000021e-02 7.794104560000000313e-21 1.000000000000000021e-02 2.285799019999999975e-19 1.000000000000000021e-02 1.888558830000000117e-14 1.000000000000000021e-02 8.529277219999999993e-01 1.000000000000000021e-02 4.850131690000000299e-18 1.000000000000000021e-02 2.735197170000000132e-21 1.000000000000000021e-02 1.390690859999999947e-19 1.000000000000000021e-02 3.770762489999999948e-14 1.000000000000000021e-02 8.432280089999999451e-01 1.000000000000000021e-02 2.679867709999999909e-18 1.000000000000000021e-02 9.027963410000000203e-22 1.000000000000000021e-02 7.684054600000000433e-20 1.000000000000000021e-02 7.545010849999999913e-14 1.000000000000000021e-02 8.381896030000000053e-01
2.000000000000000042e-02 1.717935560000000091e-13 2.000000000000000042e-02 5.089851520000000185e-15 2.000000000000000042e-02 4.780006070000000060e-15 2.000000000000000042e-02 2.930048579999999816e-15 2.000000000000000042e-02 6.940850259999999938e-01 2.000000000000000042e-02 2.910773189999999982e-15 2.000000000000000042e-02 1.516843909999999998e-17 2.000000000000000042e-02 8.107461340000000454e-17 2.000000000000000042e-02 7.548691870000000452e-15 2.000000000000000042e-02 7.810251590000000244e-01 2.000000000000000042e-02 2.040303509999999804e-15 2.000000000000000042e-02 5.615614020000000252e-18 2.000000000000000042e-02 5.681786430000000520e-17 2.000000000000000042e-02 1.491709310000000061e-14 2.000000000000000042e-02 7.579586130000000033e-01 2.000000000000000042e-02 1.836709799999999859e-15 2.000000000000000042e-02 3.573600219999999828e-18 2.000000000000000042e-02 5.116183339999999784e-17 2.000000000000000042e-02 2.984622770000000104e-14 2.000000000000000042e-02 7.396272720000000023e-01 2.000000000000000042e-02 1.362352009999999973e-15 2.000000000000000042e-02 1.934044039999999902e-18 2.000000000000000042e-02 3.795703789999999716e-17 2.000000000000000042e-02 5.979429059999999435e-14 2.000000000000000042e-02 7.286490559999999617e-01 2.000000000000000042e-02 5.311466380000000361e-16 2.000000000000000042e-02 8.233074559999999957e-18 2.000000000000000042e-02 1.532631469999999901e-17 2.000000000000000042e-02 5.208958189999999676e-15 2.000000000000000042e-02 7.988977919999999955e-01 2.000000000000000042e-02 2.443828380000000120e-17 2.000000000000000042e-02 6.221353590000000576e-20 2.000000000000000042e-02 7.014260909999999748e-19 2.000000000000000042e-02 9.483223389999999686e-15 2.000000000000000042e-02 8.584101100000000040e-01 2.000000000000000042e-02 1.129823050000000023e-17 2.000000000000000042e-02 1.104653080000000048e-20 2.000000000000000042e-02 3.239647240000000044e-19 2.000000000000000042e-02 1.879894549999999994e-14 2.000000000000000042e-02 8.529277219999999993e-01 2.000000000000000042e-02 6.874113789999999654e-18 2.000000000000000042e-02 3.876607850000000162e-21 2.000000000000000042e-02 1.971032709999999917e-19 2.000000000000000042e-02 3.754170879999999863e-14 2.000000000000000042e-02 8.432280089999999451e-01 2.000000000000000042e-02 3.798188649999999629e-18 2.000000000000000042e-02 1.279537489999999935e-21 2.000000000000000042e-02 1.089064670000000003e-19 2.000000000000000042e-02 7.512645759999999806e-14 2.000000000000000042e-02 8.381896030000000053e-01
2.999999999999999889e-02 2.460366649999999931e-13 2.999999999999999889e-02 7.290812880000000110e-15 2.999999999999999889e-02 6.846993389999999840e-15 2.999999999999999889e-02 2.914105859999999892e-15 2.999999999999999889e-02 6.940850259999999938e-01 2.999999999999999889e-02 4.167147880000000263e-15 2.999999999999999889e-02 2.171946130000000089e-17 2.999999999999999889e-02 1.160895399999999882e-16 2.999999999999999889e-02 7.508465599999999519e-15 2.999999999999999889e-02 7.810251590000000244e-01 2.999999999999999889e-02 2.921165850000000052e-15 2.999999999999999889e-02 8.041488579999999248e-18 2.999999999999999889e-02 8.136246649999999692e-17 2.999999999999999889e-02 1.483940220000000009e-14 2.999999999999999889e-02 7.579586130000000033e-01 2.999999999999999889e-02 2.629423079999999877e-15 2.999999999999999889e-02 5.116862140000000123e-18 2.999999999999999889e-02 7.325610930000000258e-17 2.999999999999999889e-02 2.969638540000000295e-14 2.999999999999999889e-02 7.396272720000000023e-01 2.999999999999999889e-02 1.950177920000000048e-15 2.999999999999999889e-02 2.769039390000000117e-18 2.999999999999999889e-02 5.434443620000000047e-17 2.999999999999999889e-02 5.950136240000000605e-14 2.999999999999999889e-02 7.286490559999999617e-01 2.999999999999999889e-02 7.511432710000000361e-16 2.999999999999999889e-02 1.164314819999999982e-17 2.999999999999999889e-02 2.167435640000000080e-17 2.999999999999999889e-02 5.183483169999999794e-15 2.999999999999999889e-02 7.988977919999999955e-01 2.999999999999999889e-02 3.462442419999999725e-17 2.999999999999999889e-02 8.814481440000000005e-20 2.999999999999999889e-02 9.937881510000000158e-19 2.999999999999999889e-02 9.438419179999999400e-15 2.999999999999999889e-02 8.584101100000000040e-01 2.999999999999999889e-02 1.601290209999999995e-17 2.999999999999999889e-02 1.565617170000000062e-20 2.999999999999999889e-02 4.591529619999999835e-19 2.999999999999999889e-02 1.871349319999999893e-14 2.999999999999999889e-02 8.529277219999999993e-01 2.999999999999999889e-02 9.742712250000000349e-18 2.999999999999999889e-02 5.494334359999999661e-21 2.999999999999999889e-02 2.793553840000000097e-19 2.999999999999999889e-02 3.737794890000000086e-14 2.999999999999999889e-02 8.432280089999999451e-01 2.999999999999999889e-02 5.383189619999999904e-18 2.999999999999999889e-02 1.813494410000000002e-21 2.999999999999999889e-02 1.543536390000000043e-19 2.999999999999999889e-02 7.480689779999999565e-14 2.999999999999999889e-02 8.381896030000000053e-01
4.000000000000000083e-02 3.523420139999999945e-13 4.000000000000000083e-02 1.044283569999999989e-14 4.000000000000000083e-02 9.807157250000000292e-15 4.000000000000000083e-02 2.898708120000000064e-15 4.000000000000000083e-02 6.940850259999999938e-01 4.000000000000000083e-02 5.965427560000000030e-15 4.000000000000000083e-02 3.109777539999999795e-17 4.000000000000000083e-02 1.662162250000000063e-16 4.000000000000000083e-02 7.468848349999999378e-15 4.000000000000000083e-02 7.810251590000000244e-01 4.000000000000000083e-02 4.182054750000000116e-15 4.000000000000000083e-02 1.151457010000000000e-17 4.000000000000000083e-02 1.165025369999999966e-16 4.000000000000000083e-02 1.476286140000000077e-14 4.000000000000000083e-02 7.579586130000000033e-01 4.000000000000000083e-02 3.764024319999999986e-15 4.000000000000000083e-02 7.326111540000000735e-18 4.000000000000000083e-02 1.048850670000000051e-16 4.000000000000000083e-02 2.954868649999999761e-14 4.000000000000000083e-02 7.396272720000000023e-01 4.000000000000000083e-02 2.791458160000000138e-15 4.000000000000000083e-02 3.964276629999999767e-18 4.000000000000000083e-02 7.780184690000000280e-17 4.000000000000000083e-02 5.921253760000000472e-14 4.000000000000000083e-02 7.286490559999999617e-01 4.000000000000000083e-02 1.062260549999999929e-15 4.000000000000000083e-02 1.646564440000000140e-17 4.000000000000000083e-02 3.065170479999999981e-17 4.000000000000000083e-02 5.158391990000000224e-15 4.000000000000000083e-02 7.988977919999999955e-01 4.000000000000000083e-02 4.905625499999999874e-17 4.000000000000000083e-02 1.248845259999999994e-19 4.000000000000000083e-02 1.408009859999999912e-18 4.000000000000000083e-02 9.394249000000000137e-15 4.000000000000000083e-02 8.584101100000000040e-01 4.000000000000000083e-02 2.269497160000000103e-17 4.000000000000000083e-02 2.218938279999999942e-20 4.000000000000000083e-02 6.507542880000000045e-19 4.000000000000000083e-02 1.862920909999999902e-14 4.000000000000000083e-02 8.529277219999999993e-01 4.000000000000000083e-02 1.380838870000000070e-17 4.000000000000000083e-02 7.787145300000000413e-21 4.000000000000000083e-02 3.959316679999999828e-19 4.000000000000000083e-02 3.721630160000000139e-14 4.000000000000000083e-02 8.432280089999999451e-01 4.000000000000000083e-02 7.629617929999999537e-18 4.000000000000000083e-02 2.570273900000000164e-21 4.000000000000000083e-02 2.187661169999999905e-19 4.000000000000000083e-02 7.449134619999999735e-14 4.000000000000000083e-02 8.381896030000000053e-01
5.000000000000000278e-02 5.045457960000000307e-13 5.000000000000000278e-02 1.495658759999999918e-14 5.000000000000000278e-02 1.404617549999999982e-14 5.000000000000000278e-02 2.883867830000000056e-15 5.000000000000000278e-02 6.940850259999999938e-01 5.000000000000000278e-02 8.539183659999999388e-15 5.000000000000000278e-02 4.452272229999999935e-17 5.000000000000000278e-02 2.379720029999999938e-16 5.000000000000000278e-02 7.429825269999999547e-15 5.000000000000000278e-02 7.810251590000000244e-01 5.000000000000000278e-02 5.986807039999999694e-15 5.000000000000000278e-02 1.648659919999999955e-17 5.000000000000000278e-02 1.668087159999999973e-16 5.000000000000000278e-02 1.468744360000000121e-14 5.000000000000000278e-02 7.579586130000000033e-01 5.000000000000000278e-02 5.387860819999999803e-15 5.000000000000000278e-02 1.048854840000000064e-17 5.000000000000000278e-02 1.501604350000000040e-16 5.000000000000000278e-02 2.940308260000000004e-14 5.000000000000000278e-02 7.396272720000000023e-01 5.000000000000000278e-02 3.995397229999999906e-15 5.000000000000000278e-02 5.675064440000000236e-18 5.000000000000000278e-02 1.113773170000000022e-16 5.000000000000000278e-02 5.892772870000000296e-14 5.000000000000000278e-02 7.286490559999999617e-01 5.000000000000000278e-02 1.502239709999999984e-15 5.000000000000000278e-02 2.328557470000000052e-17 5.000000000000000278e-02 4.334739480000000101e-17 5.000000000000000278e-02 5.133678509999999705e-15 5.000000000000000278e-02 7.988977919999999955e-01 5.000000000000000278e-02 6.950342280000000131e-17 5.000000000000000278e-02 1.769377379999999962e-19 5.000000000000000278e-02 1.994883590000000177e-18 5.000000000000000278e-02 9.350700579999999371e-15 5.000000000000000278e-02 8.584101100000000040e-01 5.000000000000000278e-02 3.216541839999999891e-17 5.000000000000000278e-02 3.144885589999999798e-20 5.000000000000000278e-02 9.223094650000000859e-19 5.000000000000000278e-02 1.854607200000000086e-14 5.000000000000000278e-02 8.529277219999999993e-01 5.000000000000000278e-02 1.957068799999999987e-17 5.000000000000000278e-02 1.103675609999999959e-20 5.000000000000000278e-02 5.611557380000000392e-19 5.000000000000000278e-02 3.705672470000000150e-14 5.000000000000000278e-02 8.432280089999999451e-01 5.000000000000000278e-02 1.081348950000000001e-17 5.000000000000000278e-02 3.642860680000000173e-21 5.000000000000000278e-02 3.100581950000000002e-19 5.000000000000000278e-02 7.417972229999999556e-14 5.000000000000000278e-02 8.381896030000000053e-01
5.999999999999999778e-02 7.224506909999999994e-13 5.999999999999999778e-02 2.141993200000000137e-14 5.999999999999999778e-02 2.011614260000000064e-14 5.999999999999999778e-02 2.869600169999999898e-15 5.999999999999999778e-02 6.940850259999999938e-01 5.999999999999999778e-02 1.222258979999999972e-14 5.999999999999999778e-02 6.373914210000000000e-17 5.999999999999999778e-02 3.406829839999999814e-16 5.999999999999999778e-02 7.391382019999999452e-15 5.999999999999999778e-02 7.810251590000000244e-01 5.999999999999999778e-02 8.569842449999999990e-15 5.999999999999999778e-02 2.360404880000000003e-17 5.999999999999999778e-02 2.388219059999999758e-16 5.999999999999999778e-02 1.461312209999999991e-14 5.999999999999999778e-02 7.579586130000000033e-01 5.999999999999999778e-02 7.711738310000000458e-15 5.999999999999999778e-02 1.501513630000000017e-17 5.999999999999999778e-02 2.149658200000000085e-16 5.999999999999999778e-02 2.925952729999999968e-14 5.999999999999999778e-02 7.396272720000000023e-01 5.999999999999999778e-02 5.718218109999999608e-15 5.999999999999999778e-02 8.123620829999999807e-18 5.999999999999999778e-02 1.594320379999999972e-16 5.999999999999999778e-02 5.864685189999999692e-14 5.999999999999999778e-02 7.286490559999999617e-01 5.999999999999999778e-02 2.124453940000000117e-15 5.999999999999999778e-02 3.293025509999999884e-17 5.999999999999999778e-02 6.130152779999999477e-17 5.999999999999999778e-02 5.109337190000000025e-15 5.999999999999999778e-02 7.988977919999999955e-01 5.999999999999999778e-02 9.847317930000000609e-17 5.999999999999999778e-02 2.506872730000000070e-19 5.999999999999999778e-02 2.826372489999999901e-18 5.999999999999999778e-02 9.307762300000000774e-15 5.999999999999999778e-02 8.584101100000000040e-01 5.999999999999999778e-02 4.558780990000000261e-17 5.999999999999999778e-02 4.457223910000000116e-20 5.999999999999999778e-02 1.307182630000000014e-18 5.999999999999999778e-02 1.846406199999999856e-14 5.999999999999999778e-02 8.529277219999999993e-01 5.999999999999999778e-02 2.773761650000000141e-17 5.999999999999999778e-02 1.564244310000000122e-20 5.999999999999999778e-02 7.953285029999999555e-19 5.999999999999999778e-02 3.689917749999999906e-14 5.999999999999999778e-02 8.432280089999999451e-01 5.999999999999999778e-02 1.532600219999999981e-17 5.999999999999999778e-02 5.163042329999999829e-21 5.999999999999999778e-02 4.394468319999999686e-19 5.999999999999999778e-02 7.387194789999999806e-14 5.999999999999999778e-02 8.381896030000000053e-01
7.000000000000000666e-02 1.034396800000000086e-12 7.000000000000000666e-02 3.067432709999999738e-14 7.000000000000000666e-02 2.880732340000000144e-14 7.000000000000000666e-02 2.855923249999999878e-15 7.000000000000000666e-02 6.940850259999999938e-01 7.000000000000000666e-02 1.749372159999999873e-14 7.000000000000000666e-02 9.124368649999999895e-17 7.000000000000000666e-02 4.876936940000000474e-16 7.000000000000000666e-02 7.353504750000000009e-15 7.000000000000000666e-02 7.810251590000000244e-01 7.000000000000000666e-02 1.226654970000000055e-14 7.000000000000000666e-02 3.379200670000000166e-17 7.000000000000000666e-02 3.419019990000000090e-16 7.000000000000000666e-02 1.453987160000000143e-14 7.000000000000000666e-02 7.579586130000000033e-01 7.000000000000000666e-02 1.103723089999999952e-14 7.000000000000000666e-02 2.149389800000000029e-17 7.000000000000000666e-02 3.077197119999999916e-16 7.000000000000000666e-02 2.911797570000000145e-14 7.000000000000000666e-02 7.396272720000000023e-01 7.000000000000000666e-02 8.183391419999999585e-15 7.000000000000000666e-02 1.162787790000000066e-17 7.000000000000000666e-02 2.282056619999999967e-16 7.000000000000000666e-02 5.836982720000000100e-14 7.000000000000000666e-02 7.286490559999999617e-01 7.000000000000000666e-02 3.004382879999999995e-15 7.000000000000000666e-02 4.656966520000000054e-17 7.000000000000000666e-02 8.669209830000000486e-17 7.000000000000000666e-02 5.085363189999999687e-15 7.000000000000000666e-02 7.988977919999999955e-01 7.000000000000000666e-02 1.395178209999999901e-16 7.000000000000000666e-02 3.551763719999999879e-19 7.000000000000000666e-02 4.004434640000000115e-18 7.000000000000000666e-02 9.265423269999999994e-15 7.000000000000000666e-02 8.584101100000000040e-01 7.000000000000000666e-02 6.461125950000000121e-17 7.000000000000000666e-02 6.317191229999999760e-20 7.000000000000000666e-02 1.852660489999999916e-18 7.000000000000000666e-02 1.838316039999999866e-14 7.000000000000000666e-02 8.529277219999999993e-01 7.000000000000000666e-02 3.931263300000000226e-17 7.000000000000000666e-02 2.217010190000000046e-20 7.000000000000000666e-02 1.127222500000000051e-18 7.000000000000000666e-02 3.674362080000000112e-14 7.000000000000000666e-02 8.432280089999999451e-01 7.000000000000000666e-02 2.172160180000000131e-17 7.000000000000000666e-02 7.317601769999999300e-21 7.000000000000000666e-02 6.228298559999999879e-19 7.000000000000000666e-02 7.356794740000000583e-14 7.000000000000000666e-02 8.381896030000000053e-01
8.000000000000000167e-02 1.480939500000000063e-12 8.000000000000000167e-02 4.392413870000000009e-14 8.000000000000000167e-02 4.125082150000000134e-14 8.000000000000000167e-02 2.842858350000000111e-15 8.000000000000000167e-02 6.940850259999999938e-01 8.000000000000000167e-02 2.503647919999999948e-14 8.000000000000000167e-02 1.306085270000000002e-16 8.000000000000000167e-02 6.980972869999999795e-16 8.000000000000000167e-02 7.316180100000000469e-15 8.000000000000000167e-02 7.810251590000000244e-01 8.000000000000000167e-02 1.755674429999999902e-14 8.000000000000000167e-02 4.837416749999999917e-17 8.000000000000000167e-02 4.894419180000000308e-16 8.000000000000000167e-02 1.446766750000000071e-14 8.000000000000000167e-02 7.579586130000000033e-01 8.000000000000000167e-02 1.579573530000000062e-14 8.000000000000000167e-02 3.076614419999999932e-17 8.000000000000000167e-02 4.404668250000000159e-16 8.000000000000000167e-02 2.897838500000000042e-14 8.000000000000000167e-02 7.396272720000000023e-01 8.000000000000000167e-02 1.171056149999999965e-14 8.000000000000000167e-02 1.664267800000000000e-17 8.000000000000000167e-02 3.266248049999999931e-16 8.000000000000000167e-02 5.809657849999999421e-14 8.000000000000000167e-02 7.286490559999999617e-01 8.000000000000000167e-02 4.248768730000000044e-15 8.000000000000000167e-02 6.585837369999999530e-17 8.000000000000000167e-02 1.225991990000000114e-16 8.000000000000000167e-02 5.061752380000000224e-15 8.000000000000000167e-02 7.988977919999999955e-01 8.000000000000000167e-02 1.976702730000000005e-16 8.000000000000000167e-02 5.032175849999999812e-19 8.000000000000000167e-02 5.673525209999999959e-18 8.000000000000000167e-02 9.223673310000000442e-15 8.000000000000000167e-02 8.584101100000000040e-01 8.000000000000000167e-02 9.157304009999999891e-17 8.000000000000000167e-02 8.953308730000000536e-20 8.000000000000000167e-02 2.625762109999999903e-18 8.000000000000000167e-02 1.830335020000000106e-14 8.000000000000000167e-02 8.529277219999999993e-01 8.000000000000000167e-02 5.571794129999999811e-17 8.000000000000000167e-02 3.142177750000000270e-20 8.000000000000000167e-02 1.597617140000000018e-18 8.000000000000000167e-02 3.659001680000000187e-14 8.000000000000000167e-02 8.432280089999999451e-01 8.000000000000000167e-02 3.078610470000000232e-17 8.000000000000000167e-02 1.037126690000000037e-20 8.000000000000000167e-02 8.827392990000000177e-19 8.000000000000000167e-02 7.326764709999999744e-14 8.000000000000000167e-02 8.381896030000000053e-01
8.999999999999999667e-02 2.120110409999999853e-12 8.999999999999999667e-02 6.289303559999999379e-14 8.999999999999999667e-02 5.906547150000000536e-14 8.999999999999999667e-02 2.830430130000000099e-15 8.999999999999999667e-02 6.940850259999999938e-01 8.999999999999999667e-02 3.582913700000000119e-14 8.999999999999999667e-02 1.869443389999999993e-16 8.999999999999999667e-02 9.992102069999999231e-16 8.999999999999999667e-02 7.279395150000000001e-15 8.999999999999999667e-02 7.810251590000000244e-01 8.999999999999999667e-02 2.512681730000000120e-14 8.999999999999999667e-02 6.924446200000000474e-17 8.999999999999999667e-02 7.006041469999999683e-16 8.999999999999999667e-02 1.439648589999999893e-14 8.999999999999999667e-02 7.579586130000000033e-01 8.999999999999999667e-02 2.260431649999999872e-14 8.999999999999999667e-02 4.403549709999999840e-17 8.999999999999999667e-02 6.304389500000000361e-16 8.999999999999999667e-02 2.884071399999999772e-14 8.999999999999999667e-02 7.396272720000000023e-01 8.999999999999999667e-02 1.675690540000000119e-14 8.999999999999999667e-02 2.381868800000000069e-17 8.999999999999999667e-02 4.674592829999999981e-16 8.999999999999999667e-02 5.782703380000000212e-14 8.999999999999999667e-02 7.286490559999999617e-01 8.999999999999999667e-02 6.008564539999999930e-15 8.999999999999999667e-02 9.313624589999999928e-17 8.999999999999999667e-02 1.733786579999999991e-16 8.999999999999999667e-02 5.038501389999999876e-15 8.999999999999999667e-02 7.988977919999999955e-01 8.999999999999999667e-02 2.800612229999999958e-16 8.999999999999999667e-02 7.129638429999999893e-19 8.999999999999999667e-02 8.038309589999999562e-18 8.999999999999999667e-02 9.182503060000000649e-15 8.999999999999999667e-02 8.584101100000000040e-01 8.999999999999999667e-02 1.297857450000000115e-16 8.999999999999999667e-02 1.268945750000000097e-19 8.999999999999999667e-02 3.721472990000000001e-18 8.999999999999999667e-02 1.822461549999999914e-14 8.999999999999999667e-02 8.529277219999999993e-01 8.999999999999999667e-02 7.896923209999999905e-17 8.999999999999999667e-02 4.453421079999999779e-20 8.999999999999999667e-02 2.264309150000000040e-18 8.999999999999999667e-02 3.643832939999999834e-14 8.999999999999999667e-02 8.432280089999999451e-01 8.999999999999999667e-02 4.363324920000000293e-17 8.999999999999999667e-02 1.469923710000000074e-20 8.999999999999999667e-02 1.251109860000000000e-18 8.999999999999999667e-02 7.297097570000000149e-14 8.999999999999999667e-02 8.381896030000000053e-01
1.000000000000000056e-01 3.034942250000000078e-12 1.000000000000000056e-01 9.004772700000000407e-14 1.000000000000000056e-01 8.456798589999999936e-14 1.000000000000000056e-01 2.818666879999999878e-15 1.000000000000000056e-01 6.940850259999999938e-01 1.000000000000000056e-01 5.127096049999999950e-14 1.000000000000000056e-01 2.675624530000000150e-16 1.000000000000000056e-01 1.430111360000000032e-15 1.000000000000000056e-01 7.243137419999999276e-15 1.000000000000000056e-01 7.810251590000000244e-01 1.000000000000000056e-01 3.595860779999999721e-14 1.000000000000000056e-01 9.911253390000000006e-17 1.000000000000000056e-01 1.002804420000000037e-15 1.000000000000000056e-01 1.432630410000000015e-14 1.000000000000000056e-01 7.579586130000000033e-01 1.000000000000000056e-01 3.234555809999999734e-14 1.000000000000000056e-01 6.302380709999999594e-17 1.000000000000000056e-01 9.022871389999999182e-16 1.000000000000000056e-01 2.870492319999999728e-14 1.000000000000000056e-01 7.396272720000000023e-01 1.000000000000000056e-01 2.397626409999999968e-14 1.000000000000000056e-01 3.408664620000000159e-17 1.000000000000000056e-01 6.689755229999999541e-16 1.000000000000000056e-01 5.756112519999999593e-14 1.000000000000000056e-01 7.286490559999999617e-01 1.000000000000000056e-01 8.497245420000000602e-15 1.000000000000000056e-01 1.317122789999999885e-16 1.000000000000000056e-01 2.451904220000000093e-16 1.000000000000000056e-01 5.015607699999999887e-15 1.000000000000000056e-01 7.988977919999999955e-01 1.000000000000000056e-01 3.967934819999999890e-16 1.000000000000000056e-01 1.010134369999999956e-18 1.000000000000000056e-01 1.138875949999999957e-17 1.000000000000000056e-01 9.141903960000000576e-15 1.000000000000000056e-01 8.584101100000000040e-01 1.000000000000000056e-01 1.839442760000000014e-16 1.000000000000000056e-01 1.798467099999999914e-19 1.000000000000000056e-01 5.274415209999999777e-18 1.000000000000000056e-01 1.814694239999999858e-14 1.000000000000000056e-01 8.529277219999999993e-01 1.000000000000000056e-01 1.119233439999999968e-16 1.000000000000000056e-01 6.311850600000000359e-20 1.000000000000000056e-01 3.209213960000000005e-18 1.000000000000000056e-01 3.628852400000000307e-14 1.000000000000000056e-01 8.432280089999999451e-01 1.000000000000000056e-01 6.184153599999999961e-17 1.000000000000000056e-01 2.083328290000000005e-20 1.000000000000000056e-01 1.773202620000000055e-18 1.000000000000000056e-01 7.267786410000000203e-14 1.000000000000000056e-01 8.381896030000000053e-01
1.100000000000000006e-01 4.344231009999999814e-12 1.100000000000000006e-01 1.289180150000000052e-13 1.100000000000000006e-01 1.210735750000000019e-13 1.100000000000000006e-01 2.807600769999999966e-15 1.100000000000000006e-01 6.940850259999999938e-01 1.100000000000000006e-01 7.336324470000000203e-14 1.100000000000000006e-01 3.829217649999999959e-16 1.100000000000000006e-01 2.046703410000000083e-15 1.100000000000000006e-01 7.207394890000000456e-15 1.100000000000000006e-01 7.810251590000000244e-01 1.100000000000000006e-01 5.145648090000000170e-14 1.100000000000000006e-01 1.418548109999999942e-16 1.100000000000000006e-01 1.435263790000000082e-15 1.100000000000000006e-01 1.425709979999999893e-14 1.100000000000000006e-01 7.579586130000000033e-01 1.100000000000000006e-01 4.628172710000000089e-14 1.100000000000000006e-01 9.019411519999999493e-17 1.100000000000000006e-01 1.291273790000000083e-15 1.100000000000000006e-01 2.857097519999999955e-14 1.100000000000000006e-01 7.396272720000000023e-01 1.100000000000000006e-01 3.430367739999999703e-14 1.100000000000000006e-01 4.877782650000000264e-17 1.100000000000000006e-01 9.573007489999999393e-16 1.100000000000000006e-01 5.729878919999999656e-14 1.100000000000000006e-01 7.286490559999999617e-01 1.100000000000000006e-01 1.201670350000000075e-14 1.100000000000000006e-01 1.862659930000000090e-16 1.100000000000000006e-01 3.467457940000000118e-16 1.100000000000000006e-01 4.993069699999999756e-15 1.100000000000000006e-01 7.988977919999999955e-01 1.100000000000000006e-01 5.621807819999999934e-16 1.100000000000000006e-01 1.431168350000000063e-18 1.100000000000000006e-01 1.613570929999999951e-17 1.100000000000000006e-01 9.101868320000000032e-15 1.100000000000000006e-01 8.584101100000000040e-01 1.100000000000000006e-01 2.607026669999999794e-16 1.100000000000000006e-01 2.548953309999999878e-19 1.100000000000000006e-01 7.475387289999999523e-18 1.100000000000000006e-01 1.807031849999999844e-14 1.100000000000000006e-01 8.529277219999999993e-01 1.100000000000000006e-01 1.586292729999999939e-16 1.100000000000000006e-01 8.945808350000000286e-20 1.100000000000000006e-01 4.548430379999999947e-18 1.100000000000000006e-01 3.614056749999999993e-14 1.100000000000000006e-01 8.432280089999999451e-01 1.100000000000000006e-01 8.764817210000000504e-17 1.100000000000000006e-01 2.952708349999999773e-20 1.100000000000000006e-01 2.513166160000000004e-18 1.100000000000000006e-01 7.238824549999999846e-14 1.100000000000000006e-01 8.381896030000000053e-01
1.199999999999999956e-01 6.217926659999999710e-12 1.199999999999999956e-01 1.845545799999999895e-13 1.199999999999999956e-01 1.733259560000000006e-13 1.199999999999999956e-01 2.797268170000000126e-15 1.199999999999999956e-01 6.940850259999999938e-01 1.199999999999999956e-01 1.049681459999999991e-13 1.199999999999999956e-01 5.479828059999999899e-16 1.199999999999999956e-01 2.928950279999999945e-15 1.199999999999999956e-01 7.172155959999999320e-15 1.199999999999999956e-01 7.810251590000000244e-01 1.199999999999999956e-01 7.362902399999999678e-14 1.199999999999999956e-01 2.030165609999999916e-16 1.199999999999999956e-01 2.054088380000000109e-15 1.199999999999999956e-01 1.418885200000000063e-14 1.199999999999999956e-01 7.579586130000000033e-01 1.199999999999999956e-01 6.621798890000000002e-14 1.199999999999999956e-01 1.290694730000000011e-16 1.199999999999999956e-01 1.847837039999999809e-15 1.199999999999999956e-01 2.843883419999999834e-14 1.199999999999999956e-01 7.396272720000000023e-01 1.199999999999999956e-01 4.907622600000000182e-14 1.199999999999999956e-01 6.979627559999999974e-17 1.199999999999999956e-01 1.369803290000000091e-15 1.199999999999999956e-01 5.703996740000000188e-14 1.199999999999999956e-01 7.286490559999999617e-01 1.199999999999999956e-01 1.699386769999999980e-14 1.199999999999999956e-01 2.634150649999999999e-16 1.199999999999999956e-01 4.903641439999999684e-16 1.199999999999999956e-01 4.970886790000000381e-15 1.199999999999999956e-01 7.988977919999999955e-01 1.199999999999999956e-01 7.965028999999999959e-16 1.199999999999999956e-01 2.027693099999999982e-18 1.199999999999999956e-01 2.286123220000000035e-17 1.199999999999999956e-01 9.062389410000000228e-15 1.199999999999999956e-01 8.584101100000000040e-01 1.199999999999999956e-01 3.694915920000000139e-16 1.199999999999999956e-01 3.612610919999999809e-19 1.199999999999999956e-01 1.059480600000000020e-17 1.199999999999999956e-01 1.799473340000000060e-14 1.199999999999999956e-01 8.529277219999999993e-01 1.199999999999999956e-01 2.248256510000000108e-16 1.199999999999999956e-01 1.267892360000000001e-19 1.199999999999999956e-01 6.446505319999999670e-18 1.199999999999999956e-01 3.599442859999999771e-14 1.199999999999999956e-01 8.432280089999999451e-01 1.199999999999999956e-01 1.242239459999999995e-16 1.199999999999999956e-01 4.184882800000000199e-20 1.199999999999999956e-01 3.561918279999999895e-18 1.199999999999999956e-01 7.210205510000000246e-14 1.199999999999999956e-01 8.381896030000000053e-01
1.300000000000000044e-01 8.899141059999999465e-12 1.300000000000000044e-01 2.641837240000000022e-13 1.300000000000000044e-01 2.481123870000000208e-13 1.300000000000000044e-01 2.787709850000000118e-15 1.300000000000000044e-01 6.940850259999999938e-01 1.300000000000000044e-01 1.501787099999999897e-13 1.300000000000000044e-01 7.841438909999999677e-16 1.300000000000000044e-01 4.191225940000000010e-15 1.300000000000000044e-01 7.137409449999999458e-15 1.300000000000000044e-01 7.810251590000000244e-01 1.300000000000000044e-01 1.053488159999999990e-13 1.300000000000000044e-01 2.905298190000000223e-16 1.300000000000000044e-01 2.939533240000000069e-15 1.300000000000000044e-01 1.412154019999999947e-14 1.300000000000000044e-01 7.579586130000000033e-01 1.300000000000000044e-01 9.473572719999999502e-14 1.300000000000000044e-01 1.846887920000000099e-16 1.300000000000000044e-01 2.644117039999999803e-15 1.300000000000000044e-01 2.830846669999999967e-14 1.300000000000000044e-01 7.396272720000000023e-01 1.300000000000000044e-01 7.020576250000000067e-14 1.300000000000000044e-01 9.986505960000000274e-17 1.300000000000000044e-01 1.959925309999999937e-15 1.300000000000000044e-01 5.678460640000000258e-14 1.300000000000000044e-01 7.286490559999999617e-01 1.300000000000000044e-01 2.403249009999999934e-14 1.300000000000000044e-01 3.725180510000000124e-16 1.300000000000000044e-01 6.934672860000000208e-16 1.300000000000000044e-01 4.949059420000000103e-15 1.300000000000000044e-01 7.988977919999999955e-01 1.300000000000000044e-01 1.128492320000000097e-15 1.300000000000000044e-01 2.872854489999999928e-18 1.300000000000000044e-01 3.239001339999999783e-17 1.300000000000000044e-01 9.023461520000000614e-15 1.300000000000000044e-01 8.584101100000000040e-01 1.300000000000000044e-01 5.236770210000000252e-16 1.300000000000000044e-01 5.120123249999999639e-19 1.300000000000000044e-01 1.501593000000000111e-17 1.300000000000000044e-01 1.792017850000000030e-14 1.300000000000000044e-01 8.529277219999999993e-01 1.300000000000000044e-01 3.186458259999999932e-16 1.300000000000000044e-01 1.796987580000000049e-19 1.300000000000000044e-01 9.136651030000000550e-18 1.300000000000000044e-01 3.585007779999999858e-14 1.300000000000000044e-01 8.432280089999999451e-01 1.300000000000000044e-01 1.760628010000000038e-16 1.300000000000000044e-01 5.931245979999999988e-20 1.300000000000000044e-01 5.048316639999999935e-18 1.300000000000000044e-01 7.181923050000000001e-14 1.300000000000000044e-01 8.381896030000000053e-01
1.400000000000000133e-01 1.273561509999999981e-11 1.400000000000000133e-01 3.781437039999999817e-13 1.400000000000000133e-01 3.551432690000000002e-13 1.400000000000000133e-01 2.778971370000000022e-15 1.400000000000000133e-01 6.940850259999999938e-01 1.400000000000000133e-01 2.148478340000000122e-13 1.400000000000000133e-01 1.122009379999999977e-15 1.400000000000000133e-01 5.997110999999999957e-15 1.400000000000000133e-01 7.103144589999999654e-15 1.400000000000000133e-01 7.810251590000000244e-01 1.400000000000000133e-01 1.507237930000000055e-13 1.400000000000000133e-01 4.157399299999999898e-16 1.400000000000000133e-01 4.206388700000000335e-15 1.400000000000000133e-01 1.405514490000000055e-14 1.400000000000000133e-01 7.579586130000000033e-01 1.400000000000000133e-01 1.355260560000000074e-13 1.400000000000000133e-01 2.642585869999999770e-16 1.400000000000000133e-01 3.783286609999999812e-15 1.400000000000000133e-01 2.817984109999999979e-14 1.400000000000000133e-01 7.396272720000000023e-01 1.400000000000000133e-01 1.004257899999999953e-13 1.400000000000000133e-01 1.428782909999999985e-16 1.400000000000000133e-01 2.804091639999999876e-15 1.400000000000000133e-01 5.653265829999999782e-14 1.400000000000000133e-01 7.286490559999999617e-01 1.400000000000000133e-01 3.398637850000000093e-14 1.400000000000000133e-01 5.268095649999999553e-16 1.400000000000000133e-01 9.806927650000000609e-16 1.400000000000000133e-01 4.927589260000000199e-15 1.400000000000000133e-01 7.988977919999999955e-01 1.400000000000000133e-01 1.598857349999999995e-15 1.400000000000000133e-01 4.070285999999999729e-18 1.400000000000000133e-01 4.589047239999999774e-17 1.400000000000000133e-01 8.985080050000000440e-15 1.400000000000000133e-01 8.584101100000000040e-01 1.400000000000000133e-01 7.422023430000000422e-16 1.400000000000000133e-01 7.256706150000000262e-19 1.400000000000000133e-01 2.128194700000000092e-17 1.400000000000000133e-01 1.784664769999999864e-14 1.400000000000000133e-01 8.529277219999999993e-01 1.400000000000000133e-01 4.516171499999999512e-16 1.400000000000000133e-01 2.546875100000000006e-19 1.400000000000000133e-01 1.294939889999999990e-17 1.400000000000000133e-01 3.570748719999999808e-14 1.400000000000000133e-01 8.432280089999999451e-01 1.400000000000000133e-01 2.495339809999999774e-16 1.400000000000000133e-01 8.406368789999999739e-20 1.400000000000000133e-01 7.154990969999999401e-18 1.400000000000000133e-01 7.153971139999999880e-14 1.400000000000000133e-01 8.381896030000000053e-01
1.499999999999999944e-01 1.822470579999999859e-11 1.499999999999999944e-01 5.412236390000000227e-13 1.499999999999999944e-01 5.083100009999999501e-13 1.499999999999999944e-01 2.771103289999999806e-15 1.499999999999999944e-01 6.940850259999999938e-01 1.499999999999999944e-01 3.073443630000000094e-13 1.499999999999999944e-01 1.605347400000000019e-15 1.499999999999999944e-01 8.580547030000000700e-15 1.499999999999999944e-01 7.069351050000000190e-15 1.499999999999999944e-01 7.810251590000000244e-01 1.499999999999999944e-01 2.156281060000000114e-13 1.499999999999999944e-01 5.948732669999999845e-16 1.499999999999999944e-01 6.018830559999999924e-15 1.499999999999999944e-01 1.398964729999999934e-14 1.499999999999999944e-01 7.579586130000000033e-01 1.499999999999999944e-01 1.938665120000000079e-13 1.499999999999999944e-01 3.780846970000000046e-16 1.499999999999999944e-01 5.412890420000000204e-15 1.499999999999999944e-01 2.805292810000000080e-14 1.499999999999999944e-01 7.396272720000000023e-01 1.499999999999999944e-01 1.436442879999999922e-13 1.499999999999999944e-01 2.044043379999999963e-16 1.499999999999999944e-01 4.011585620000000170e-15 1.499999999999999944e-01 5.628408170000000136e-14 1.499999999999999944e-01 7.286490559999999617e-01 1.499999999999999944e-01 4.806295940000000279e-14 1.499999999999999944e-01 7.450055719999999994e-16 1.499999999999999944e-01 1.386882389999999931e-15 1.499999999999999944e-01 4.906479290000000133e-15 1.499999999999999944e-01 7.988977919999999955e-01 1.499999999999999944e-01 2.265273559999999977e-15 1.499999999999999944e-01 5.766815939999999805e-18 1.499999999999999944e-01 6.501803159999999837e-17 1.499999999999999944e-01 8.947241610000000317e-15 1.499999999999999944e-01 8.584101100000000040e-01 1.499999999999999944e-01 1.051915709999999927e-15 1.499999999999999944e-01 1.028486360000000038e-18 1.499999999999999944e-01 3.016271010000000067e-17 1.499999999999999944e-01 1.777413729999999943e-14 1.499999999999999944e-01 8.529277219999999993e-01 1.499999999999999944e-01 6.400772619999999799e-16 1.499999999999999944e-01 3.609691380000000150e-19 1.499999999999999944e-01 1.835321000000000004e-17 1.499999999999999944e-01 3.556663120000000083e-14 1.499999999999999944e-01 8.432280089999999451e-01 1.499999999999999944e-01 3.536645640000000085e-16 1.499999999999999944e-01 1.191436179999999918e-19 1.499999999999999944e-01 1.014078170000000061e-17 1.499999999999999944e-01 7.126343979999999668e-14 1.499999999999999944e-01 8.381896030000000053e-01
1.600000000000000033e-01 2.607769479999999926e-11 1.600000000000000033e-01 7.745778640000000487e-13 1.600000000000000033e-01 7.274835759999999581e-13 1.600000000000000033e-01 2.764161570000000047e-15 1.600000000000000033e-01 6.940850259999999938e-01 1.600000000000000033e-01 4.396337880000000155e-13 1.600000000000000033e-01 2.296747770000000103e-15 1.600000000000000033e-01 1.227607859999999994e-14 1.600000000000000033e-01 7.036018889999999700e-15 1.600000000000000033e-01 7.810251590000000244e-01 1.600000000000000033e-01 3.084609189999999977e-13 1.600000000000000033e-01 8.511355770000000092e-16 1.600000000000000033e-01 8.611650800000000073e-15 1.600000000000000033e-01 1.392502960000000065e-14 1.600000000000000033e-01 7.579586130000000033e-01 1.600000000000000033e-01 2.773023339999999860e-13 1.600000000000000033e-01 5.409041939999999878e-16 1.600000000000000033e-01 7.743913349999999441e-15 1.600000000000000033e-01 2.792770080000000123e-14 1.600000000000000033e-01 7.396272720000000023e-01 1.600000000000000033e-01 2.054479159999999946e-13 1.600000000000000033e-01 2.924050939999999786e-16 1.600000000000000033e-01 5.738665269999999890e-15 1.600000000000000033e-01 5.603884200000000050e-14 1.600000000000000033e-01 7.286490559999999617e-01 1.600000000000000033e-01 6.796972790000000133e-14 1.600000000000000033e-01 1.053573510000000038e-15 1.600000000000000033e-01 1.961308450000000194e-15 1.600000000000000033e-01 4.885733889999999904e-15 1.600000000000000033e-01 7.988977919999999955e-01 1.600000000000000033e-01 3.209455769999999866e-15 1.600000000000000033e-01 8.170471080000000710e-18 1.600000000000000033e-01 9.211810019999999448e-17 1.600000000000000033e-01 8.909944120000000620e-15 1.600000000000000033e-01 8.584101100000000040e-01 1.600000000000000033e-01 1.490868509999999978e-15 1.600000000000000033e-01 1.457663880000000008e-18 1.600000000000000033e-01 4.274932039999999907e-17 1.600000000000000033e-01 1.770264599999999976e-14 1.600000000000000033e-01 8.529277219999999993e-01 1.600000000000000033e-01 9.071813500000000343e-16 1.600000000000000033e-01 5.116021090000000068e-19 1.600000000000000033e-01 2.601203250000000026e-17 1.600000000000000033e-01 3.542748619999999844e-14 1.600000000000000033e-01 8.432280089999999451e-01 1.600000000000000033e-01 5.012485309999999982e-16 1.600000000000000033e-01 1.688623930000000063e-19 1.600000000000000033e-01 1.437254220000000149e-17 1.600000000000000033e-01 7.099036029999999728e-14 1.600000000000000033e-01 8.381896030000000053e-01
1.700000000000000122e-01 3.731170569999999747e-11 1.700000000000000122e-01 1.108462709999999933e-12 1.700000000000000122e-01 1.041086119999999901e-12 1.700000000000000122e-01 2.758207829999999904e-15 1.700000000000000122e-01 6.940850259999999938e-01 1.700000000000000122e-01 6.288227650000000416e-13 1.700000000000000122e-01 3.285709749999999945e-15 1.700000000000000122e-01 1.756208370000000012e-14 1.700000000000000122e-01 7.003138609999999895e-15 1.700000000000000122e-01 7.810251590000000244e-01 1.700000000000000122e-01 4.412309269999999950e-13 1.700000000000000122e-01 1.217711699999999911e-15 1.700000000000000122e-01 1.232060830000000074e-14 1.700000000000000122e-01 1.386127479999999964e-14 1.700000000000000122e-01 7.579586130000000033e-01 1.700000000000000122e-01 3.966200560000000205e-13 1.700000000000000122e-01 7.737891800000000462e-16 1.700000000000000122e-01 1.107803650000000028e-14 1.700000000000000122e-01 2.780413499999999914e-14 1.700000000000000122e-01 7.396272720000000023e-01 1.700000000000000122e-01 2.938224530000000106e-13 1.700000000000000122e-01 4.182639699999999917e-16 1.700000000000000122e-01 8.208738420000000429e-15 1.700000000000000122e-01 5.579691249999999689e-14 1.700000000000000122e-01 7.286490559999999617e-01 1.700000000000000122e-01 9.612134620000000212e-14 1.700000000000000122e-01 1.489942520000000048e-15 1.700000000000000122e-01 2.773650239999999973e-15 1.700000000000000122e-01 4.865359040000000014e-15 1.700000000000000122e-01 7.988977919999999955e-01 1.700000000000000122e-01 4.547177370000000339e-15 1.700000000000000122e-01 1.157598400000000076e-17 1.700000000000000122e-01 1.305136600000000063e-16 1.700000000000000122e-01 8.873186989999999877e-15 1.700000000000000122e-01 8.584101100000000040e-01 1.700000000000000122e-01 2.112990190000000011e-15 1.700000000000000122e-01 2.065932240000000085e-18 1.700000000000000122e-01 6.058817869999999605e-17 1.700000000000000122e-01 1.763217589999999925e-14 1.700000000000000122e-01 8.529277219999999993e-01 1.700000000000000122e-01 1.285746989999999987e-15 1.700000000000000122e-01 7.250941050000000095e-19 1.700000000000000122e-01 3.686687580000000074e-17 1.700000000000000122e-01 3.529003100000000106e-14 1.700000000000000122e-01 8.432280089999999451e-01 1.700000000000000122e-01 7.104186280000000250e-16 1.700000000000000122e-01 2.393287500000000235e-19 1.700000000000000122e-01 2.037021080000000117e-17 1.700000000000000122e-01 7.072041969999999758e-14 1.700000000000000122e-01 8.381896030000000053e-01
1.799999999999999933e-01 5.338106389999999775e-11 1.799999999999999933e-01 1.586148559999999918e-12 1.799999999999999933e-01 1.489767119999999935e-12 1.799999999999999933e-01 2.753309719999999819e-15 1.799999999999999933e-01 6.940850259999999938e-01 1.799999999999999933e-01 8.993663690000000504e-13 1.799999999999999933e-01 4.700202559999999671e-15 1.799999999999999933e-01 2.512256659999999973e-14 1.799999999999999933e-01 6.970701140000000040e-15 1.799999999999999933e-01 7.810251590000000244e-01 1.799999999999999933e-01 6.311062939999999970e-13 1.799999999999999933e-01 1.742053539999999932e-15 1.799999999999999933e-01 1.762581349999999932e-14 1.799999999999999933e-01 1.379836710000000074e-14 1.799999999999999933e-01 7.579586130000000033e-01 1.799999999999999933e-01 5.672387069999999506e-13 1.799999999999999933e-01 1.106867829999999974e-15 1.799999999999999933e-01 1.584659300000000123e-14 1.799999999999999933e-01 2.768220930000000153e-14 1.799999999999999933e-01 7.396272720000000023e-01 1.799999999999999933e-01 4.201821370000000208e-13 1.799999999999999933e-01 5.982550160000000124e-16 1.799999999999999933e-01 1.174119530000000002e-14 1.799999999999999933e-01 5.555827509999999694e-14 1.799999999999999933e-01 7.286490559999999617e-01 1.799999999999999933e-01 1.359325019999999988e-13 1.799999999999999933e-01 2.107043029999999866e-15 1.799999999999999933e-01 3.922445599999999675e-15 1.799999999999999933e-01 4.845362469999999861e-15 1.799999999999999933e-01 7.988977919999999955e-01 1.799999999999999933e-01 6.442465609999999945e-15 1.799999999999999933e-01 1.640093140000000068e-17 1.799999999999999933e-01 1.849127160000000051e-16 1.799999999999999933e-01 8.836971189999999491e-15 1.799999999999999933e-01 8.584101100000000040e-01 1.799999999999999933e-01 2.994713699999999830e-15 1.799999999999999933e-01 2.928023419999999965e-18 1.799999999999999933e-01 8.587097089999999385e-17 1.799999999999999933e-01 1.756273220000000011e-14 1.799999999999999933e-01 8.529277219999999993e-01 1.799999999999999933e-01 1.822286050000000194e-15 1.799999999999999933e-01 1.027675909999999952e-18 1.799999999999999933e-01 5.225142489999999887e-17 1.799999999999999933e-01 3.515424690000000258e-14 1.799999999999999933e-01 8.432280089999999451e-01 1.799999999999999933e-01 1.006874089999999983e-15 1.799999999999999933e-01 3.392005400000000211e-19 1.799999999999999933e-01 2.887069149999999875e-17 1.799999999999999933e-01 7.045356730000000355e-14 1.799999999999999933e-01 8.381896030000000053e-01
1.900000000000000022e-01 7.636499630000000054e-11 1.900000000000000022e-01 2.269510999999999860e-12 1.900000000000000022e-01 2.131658239999999940e-12 1.900000000000000022e-01 2.749541229999999882e-15 1.900000000000000022e-01 6.940850259999999938e-01 1.900000000000000022e-01 1.286222189999999917e-12 1.900000000000000022e-01 6.723188249999999818e-15 1.900000000000000022e-01 3.593547589999999988e-14 1.900000000000000022e-01 6.938697870000000109e-15 1.900000000000000022e-01 7.810251590000000244e-01 1.900000000000000022e-01 9.026295330000000394e-13 1.900000000000000022e-01 2.492008959999999832e-15 1.900000000000000022e-01 2.521374029999999932e-14 1.900000000000000022e-01 1.373629130000000036e-14 1.900000000000000022e-01 7.579586130000000033e-01 1.900000000000000022e-01 8.111975519999999528e-13 1.900000000000000022e-01 1.583213159999999967e-15 1.900000000000000022e-01 2.266624260000000080e-14 1.900000000000000022e-01 2.756190569999999902e-14 1.900000000000000022e-01 7.396272720000000023e-01 1.900000000000000022e-01 6.008401640000000386e-13 1.900000000000000022e-01 8.556422529999999848e-16 1.900000000000000022e-01 1.679260960000000060e-14 1.900000000000000022e-01 5.532292180000000211e-14 1.900000000000000022e-01 7.286490559999999617e-01 1.900000000000000022e-01 1.922320359999999917e-13 1.900000000000000022e-01 2.979726249999999891e-15 1.900000000000000022e-01 5.547042489999999852e-15 1.900000000000000022e-01 4.825753820000000074e-15 1.900000000000000022e-01 7.988977919999999955e-01 1.900000000000000022e-01 9.127713149999999598e-15 1.900000000000000022e-01 2.323693490000000097e-17 1.900000000000000022e-01 2.619855619999999937e-16 1.900000000000000022e-01 8.801299490000000540e-15 1.900000000000000022e-01 8.584101100000000040e-01 1.900000000000000022e-01 4.244365390000000022e-15 1.900000000000000022e-01 4.149853560000000228e-18 1.900000000000000022e-01 1.217039299999999930e-16 1.900000000000000022e-01 1.749432350000000080e-14 1.900000000000000022e-01 8.529277219999999993e-01 1.900000000000000022e-01 2.582718910000000086e-15 1.900000000000000022e-01 1.456524130000000022e-18 1.900000000000000022e-01 7.405589700000000351e-17 1.900000000000000022e-01 3.502011789999999957e-14 1.900000000000000022e-01 8.432280089999999451e-01 1.900000000000000022e-01 1.427037889999999997e-15 1.900000000000000022e-01 4.807484329999999888e-19 1.900000000000000022e-01 4.091838919999999795e-17 1.900000000000000022e-01 7.018975530000000486e-14 1.900000000000000022e-01 8.381896030000000053e-01
2.000000000000000111e-01 1.092357880000000006e-10 2.000000000000000111e-01 3.247020539999999859e-12 2.000000000000000111e-01 3.049883589999999897e-12 2.000000000000000111e-01 2.746983040000000162e-15 2.000000000000000111e-01 6.940850259999999938e-01 2.000000000000000111e-01 1.839357049999999862e-12 2.000000000000000111e-01 9.616235420000000273e-15 2.000000000000000111e-01 5.139892650000000139e-14 2.000000000000000111e-01 6.907120619999999996e-15 2.000000000000000111e-01 7.810251590000000244e-01 2.000000000000000111e-01 1.290882349999999992e-12 2.000000000000000111e-01 3.564581459999999769e-15 2.000000000000000111e-01 3.606585439999999971e-14 2.000000000000000111e-01 1.367503359999999942e-14 2.000000000000000111e-01 7.579586130000000033e-01 2.000000000000000111e-01 1.159995860000000018e-12 2.000000000000000111e-01 2.264400109999999857e-15 2.000000000000000111e-01 3.241852969999999871e-14 2.000000000000000111e-01 2.744320960000000055e-14 2.000000000000000111e-01 7.396272720000000023e-01 2.000000000000000111e-01 8.591091909999999870e-13 2.000000000000000111e-01 1.223679269999999931e-15 2.000000000000000111e-01 2.401560760000000020e-14 2.000000000000000111e-01 5.509085590000000231e-14 2.000000000000000111e-01 7.286490559999999617e-01 2.000000000000000111e-01 2.718485479999999815e-13 2.000000000000000111e-01 4.213841770000000327e-15 2.000000000000000111e-01 7.844499830000000393e-15 2.000000000000000111e-01 4.806544870000000111e-15 2.000000000000000111e-01 7.988977919999999955e-01 2.000000000000000111e-01 1.293217140000000021e-14 2.000000000000000111e-01 3.292220029999999851e-17 2.000000000000000111e-01 3.711826520000000043e-16 2.000000000000000111e-01 8.766176580000000604e-15 2.000000000000000111e-01 8.584101100000000040e-01 2.000000000000000111e-01 6.015472930000000168e-15 2.000000000000000111e-01 5.881535220000000329e-18 2.000000000000000111e-01 1.724894489999999990e-16 2.000000000000000111e-01 1.742696279999999898e-14 2.000000000000000111e-01 8.529277219999999993e-01 2.000000000000000111e-01 3.660473000000000346e-15 2.000000000000000111e-01 2.064328669999999833e-18 2.000000000000000111e-01 1.049592709999999992e-16 2.000000000000000111e-01 3.488763149999999743e-14 2.000000000000000111e-01 8.432280089999999451e-01 2.000000000000000111e-01 2.022531379999999900e-15 2.000000000000000111e-01 6.813634569999999792e-19 2.000000000000000111e-01 5.799352260000000290e-17 2.000000000000000111e-01 6.992893870000000329e-14 2.000000000000000111e-01 8.381896030000000053e-01
2.099999999999999922e-01 1.562418089999999989e-10 2.099999999999999922e-01 4.645157759999999969e-12 2.099999999999999922e-01 4.363291910000000053e-12 2.099999999999999922e-01 2.745722809999999863e-15 2.099999999999999922e-01 6.940850259999999938e-01 2.099999999999999922e-01 2.630185850000000153e-12 2.099999999999999922e-01 1.375326390000000064e-14 2.099999999999999922e-01 7.351157600000000079e-14 2.099999999999999922e-01 6.875961740000000290e-15 2.099999999999999922e-01 7.810251590000000244e-01 2.099999999999999922e-01 1.846007399999999839e-12 2.099999999999999922e-01 5.098448580000000104e-15 2.099999999999999922e-01 5.158527279999999689e-14 2.099999999999999922e-01 1.361458110000000024e-14 2.099999999999999922e-01 7.579586130000000033e-01 2.099999999999999922e-01 1.658649479999999948e-12 2.099999999999999922e-01 3.238446019999999924e-15 2.099999999999999922e-01 4.636356399999999963e-14 2.099999999999999922e-01 2.732611059999999853e-14 2.099999999999999922e-01 7.396272720000000023e-01 2.099999999999999922e-01 1.228301370000000071e-12 2.099999999999999922e-01 1.749894700000000063e-15 2.099999999999999922e-01 3.434297400000000284e-14 2.099999999999999922e-01 5.486209349999999782e-14 2.099999999999999922e-01 7.286490559999999617e-01 2.099999999999999922e-01 3.844384620000000125e-13 2.099999999999999922e-01 5.959073730000000133e-15 2.099999999999999922e-01 1.109348680000000012e-14 2.099999999999999922e-01 4.787749779999999790e-15 2.099999999999999922e-01 7.988977919999999955e-01 2.099999999999999922e-01 1.832231880000000012e-14 2.099999999999999922e-01 4.664428960000000085e-17 2.099999999999999922e-01 5.258933280000000043e-16 2.099999999999999922e-01 8.731609330000000022e-15 2.099999999999999922e-01 8.584101100000000040e-01 2.099999999999999922e-01 8.525625619999999659e-15 2.099999999999999922e-01 8.335819080000000580e-18 2.099999999999999922e-01 2.444669289999999973e-16 2.099999999999999922e-01 1.736066730000000102e-14 2.099999999999999922e-01 8.529277219999999993e-01 2.099999999999999922e-01 5.187960289999999943e-15 2.099999999999999922e-01 2.925765980000000131e-18 2.099999999999999922e-01 1.487584170000000044e-16 2.099999999999999922e-01 3.475677820000000104e-14 2.099999999999999922e-01 8.432280089999999451e-01 2.099999999999999922e-01 2.866515819999999850e-15 2.099999999999999922e-01 9.656935729999999543e-19 2.099999999999999922e-01 8.219397670000000573e-17 2.099999999999999922e-01 6.967107570000000007e-14 2.099999999999999922e-01 8.381896030000000053e-01
2.200000000000000011e-01 2.234544940000000106e-10 2.200000000000000011e-01 6.644719030000000070e-12 2.200000000000000011e-01 6.241790310000000061e-12 2.200000000000000011e-01 2.745855530000000028e-15 2.200000000000000011e-01 6.940850259999999938e-01 2.200000000000000011e-01 3.760770060000000054e-12 2.200000000000000011e-01 1.966876279999999845e-14 2.200000000000000011e-01 1.051303690000000054e-13 2.200000000000000011e-01 6.845214069999999913e-15 2.200000000000000011e-01 7.810251590000000244e-01 2.200000000000000011e-01 2.639668149999999942e-12 2.200000000000000011e-01 7.291850349999999494e-15 2.200000000000000011e-01 7.377775619999999594e-14 2.200000000000000011e-01 1.355492240000000014e-14 2.200000000000000011e-01 7.579586130000000033e-01 2.200000000000000011e-01 2.371484889999999822e-12 2.200000000000000011e-01 4.631155350000000147e-15 2.200000000000000011e-01 6.630243949999999836e-14 2.200000000000000011e-01 2.721060290000000030e-14 2.200000000000000011e-01 7.396272720000000023e-01 2.200000000000000011e-01 1.756012529999999993e-12 2.200000000000000011e-01 2.502214110000000135e-15 2.200000000000000011e-01 4.910779879999999722e-14 2.200000000000000011e-01 5.463666580000000194e-14 2.200000000000000011e-01 7.286490559999999617e-01 2.200000000000000011e-01 5.436569320000000503e-13 2.200000000000000011e-01 8.427091669999999930e-15 2.200000000000000011e-01 1.568807819999999945e-14 2.200000000000000011e-01 4.769385420000000016e-15 2.200000000000000011e-01 7.988977919999999955e-01 2.200000000000000011e-01 2.595905270000000074e-14 2.200000000000000011e-01 6.608572540000000597e-17 2.200000000000000011e-01 7.450874829999999643e-16 2.200000000000000011e-01 8.697606990000000286e-15 2.200000000000000011e-01 8.584101100000000040e-01 2.200000000000000011e-01 1.208320399999999967e-14 2.200000000000000011e-01 1.181423040000000077e-17 2.200000000000000011e-01 3.464792890000000211e-16 2.200000000000000011e-01 1.729545929999999974e-14 2.200000000000000011e-01 8.529277219999999993e-01 2.200000000000000011e-01 7.352843570000000720e-15 2.200000000000000011e-01 4.146673380000000090e-18 2.200000000000000011e-01 2.108345550000000094e-16 2.200000000000000011e-01 3.462755279999999870e-14 2.200000000000000011e-01 8.432280089999999451e-01 2.200000000000000011e-01 4.062679820000000013e-15 2.200000000000000011e-01 1.368671739999999927e-18 2.200000000000000011e-01 1.164930330000000018e-16 2.200000000000000011e-01 6.941612799999999894e-14 2.200000000000000011e-01 8.381896030000000053e-01
2.300000000000000100e-01 3.195492580000000217e-10 2.300000000000000100e-01 9.504102539999999632e-12 2.300000000000000100e-01 8.928248379999999356e-12 2.300000000000000100e-01 2.747483749999999943e-15 2.300000000000000100e-01 6.940850259999999938e-01 2.300000000000000100e-01 5.376957169999999883e-12 2.300000000000000100e-01 2.812668349999999989e-14 2.300000000000000100e-01 1.503388069999999874e-13 2.300000000000000100e-01 6.814871030000000050e-15 2.300000000000000100e-01 7.810251590000000244e-01 2.300000000000000100e-01 3.774276369999999630e-12 2.300000000000000100e-01 1.042814909999999982e-14 2.300000000000000100e-01 1.055103200000000022e-13 2.300000000000000100e-01 1.349604729999999937e-14 2.300000000000000100e-01 7.579586130000000033e-01 2.300000000000000100e-01 3.390413810000000149e-12 2.300000000000000100e-01 6.622326570000000292e-15 2.300000000000000100e-01 9.480926130000000555e-14 2.300000000000000100e-01 2.709668619999999963e-14 2.300000000000000100e-01 7.396272720000000023e-01 2.300000000000000100e-01 2.510239189999999871e-12 2.300000000000000100e-01 3.577704149999999782e-15 2.300000000000000100e-01 7.021508760000000361e-14 2.300000000000000100e-01 5.441462090000000287e-14 2.300000000000000100e-01 7.286490559999999617e-01 2.300000000000000100e-01 7.688134680000000397e-13 2.300000000000000100e-01 1.191721559999999922e-14 2.300000000000000100e-01 2.218554319999999902e-14 2.300000000000000100e-01 4.751471670000000366e-15 2.300000000000000100e-01 7.988977919999999955e-01 2.300000000000000100e-01 3.677871539999999984e-14 2.300000000000000100e-01 9.363027500000000463e-17 2.300000000000000100e-01 1.055641410000000073e-15 2.300000000000000100e-01 8.664181409999999260e-15 2.300000000000000100e-01 8.584101100000000040e-01 2.300000000000000100e-01 1.712526099999999995e-14 2.300000000000000100e-01 1.674411099999999939e-17 2.300000000000000100e-01 4.910592990000000435e-16 2.300000000000000100e-01 1.723136639999999965e-14 2.300000000000000100e-01 8.529277219999999993e-01 2.300000000000000100e-01 1.042108919999999925e-14 2.300000000000000100e-01 5.877051229999999863e-18 2.300000000000000100e-01 2.988143429999999853e-16 2.300000000000000100e-01 3.449995420000000008e-14 2.300000000000000100e-01 8.432280089999999451e-01 2.300000000000000100e-01 5.757976259999999625e-15 2.300000000000000100e-01 1.939807379999999880e-18 2.300000000000000100e-01 1.651046329999999997e-16 2.300000000000000100e-01 6.916406069999999670e-14 2.300000000000000100e-01 8.381896030000000053e-01
2.399999999999999911e-01 4.569200559999999910e-10 2.399999999999999911e-01 1.359255370000000080e-11 2.399999999999999911e-01 1.276978119999999962e-11 2.399999999999999911e-01 2.750717829999999855e-15 2.399999999999999911e-01 6.940850259999999938e-01 2.399999999999999911e-01 7.687147799999999554e-12 2.399999999999999911e-01 4.021886329999999755e-14 2.399999999999999911e-01 2.149730780000000056e-13 2.399999999999999911e-01 6.784926650000000198e-15 2.399999999999999911e-01 7.810251590000000244e-01 2.399999999999999911e-01 5.396171699999999787e-12 2.399999999999999911e-01 1.491234660000000005e-14 2.399999999999999911e-01 1.508807059999999959e-13 2.399999999999999911e-01 1.343794729999999947e-14 2.399999999999999911e-01 7.579586130000000033e-01 2.399999999999999911e-01 4.846748509999999748e-12 2.399999999999999911e-01 9.468902150000000102e-15 2.399999999999999911e-01 1.355625759999999956e-13 2.399999999999999911e-01 2.698436589999999868e-14 2.399999999999999911e-01 7.396272720000000023e-01 2.399999999999999911e-01 3.588111039999999859e-12 2.399999999999999911e-01 5.115060439999999856e-15 2.399999999999999911e-01 1.003868469999999953e-13 2.399999999999999911e-01 5.419602649999999788e-14 2.399999999999999911e-01 7.286490559999999617e-01 2.399999999999999911e-01 1.087212889999999941e-12 2.399999999999999911e-01 1.685270560000000086e-14 2.399999999999999911e-01 3.137391890000000100e-14 2.399999999999999911e-01 4.734031939999999782e-15 2.399999999999999911e-01 7.988977919999999955e-01 2.399999999999999911e-01 5.210788509999999729e-14 2.399999999999999911e-01 1.326552040000000007e-16 2.399999999999999911e-01 1.495632930000000072e-15 2.399999999999999911e-01 8.631347420000000587e-15 2.399999999999999911e-01 8.584101100000000040e-01 2.399999999999999911e-01 2.427120790000000059e-14 2.399999999999999911e-01 2.373111529999999855e-17 2.399999999999999911e-01 6.959691710000000179e-16 2.399999999999999911e-01 1.716842250000000095e-14 2.399999999999999911e-01 8.529277219999999993e-01 2.399999999999999911e-01 1.476963719999999885e-14 2.399999999999999911e-01 8.329490059999999828e-18 2.399999999999999911e-01 4.235067890000000189e-16 2.399999999999999911e-01 3.437398639999999815e-14 2.399999999999999911e-01 8.432280089999999451e-01 2.399999999999999911e-01 8.160672900000000401e-15 2.399999999999999911e-01 2.749268390000000132e-18 2.399999999999999911e-01 2.340010420000000057e-16 2.399999999999999911e-01 6.891484349999999567e-14 2.399999999999999911e-01 8.381896030000000053e-01
2.500000000000000000e-01 6.532695959999999573e-10 2.500000000000000000e-01 1.943761429999999886e-11 2.500000000000000000e-01 1.826241599999999895e-11 2.500000000000000000e-01 2.755676140000000145e-15 2.500000000000000000e-01 6.940850259999999938e-01 2.500000000000000000e-01 1.098909739999999981e-11 2.500000000000000000e-01 5.750562299999999849e-14 2.500000000000000000e-01 3.073736580000000174e-13 2.500000000000000000e-01 6.755375649999999731e-15 2.500000000000000000e-01 7.810251590000000244e-01 2.500000000000000000e-01 7.714443099999999360e-12 2.500000000000000000e-01 2.132325009999999952e-14 2.500000000000000000e-01 2.157451980000000083e-13 2.500000000000000000e-01 1.338061560000000009e-14 2.500000000000000000e-01 7.579586130000000033e-01 2.500000000000000000e-01 6.928070260000000214e-12 2.500000000000000000e-01 1.353803179999999929e-14 2.500000000000000000e-01 1.938187280000000029e-13 2.500000000000000000e-01 2.687365480000000146e-14 2.500000000000000000e-01 7.396272720000000023e-01 2.500000000000000000e-01 5.128354600000000286e-12 2.500000000000000000e-01 7.312439390000000264e-15 2.500000000000000000e-01 1.435120479999999962e-13 2.500000000000000000e-01 5.398097280000000228e-14 2.500000000000000000e-01 7.286490559999999617e-01 2.500000000000000000e-01 1.537465190000000082e-12 2.500000000000000000e-01 2.383207150000000046e-14 2.500000000000000000e-01 4.436755969999999874e-14 2.500000000000000000e-01 4.717093639999999638e-15 2.500000000000000000e-01 7.988977919999999955e-01 2.500000000000000000e-01 7.382600270000000283e-14 2.500000000000000000e-01 1.879453179999999922e-16 2.500000000000000000e-01 2.119009820000000124e-15 2.500000000000000000e-01 8.599123049999999442e-15 2.500000000000000000e-01 8.584101100000000040e-01 2.500000000000000000e-01 3.439889589999999730e-14 2.500000000000000000e-01 3.363361049999999824e-17 2.500000000000000000e-01 9.863824829999999734e-16 2.500000000000000000e-01 1.710666819999999949e-14 2.500000000000000000e-01 8.529277219999999993e-01 2.500000000000000000e-01 2.093270069999999862e-14 2.500000000000000000e-01 1.180528569999999932e-17 2.500000000000000000e-01 6.002310620000000386e-16 2.500000000000000000e-01 3.424965910000000063e-14 2.500000000000000000e-01 8.432280089999999451e-01 2.500000000000000000e-01 1.156593300000000003e-14 2.500000000000000000e-01 3.896500549999999991e-18 2.500000000000000000e-01 3.316464829999999777e-16 2.500000000000000000e-01 6.866845049999999735e-14 2.500000000000000000e-01 8.381896030000000053e-01
2.600000000000000089e-01 9.338772540000000150e-10 2.600000000000000089e-01 2.779281810000000002e-11 2.600000000000000089e-01 2.611485029999999931e-11 2.600000000000000089e-01 2.762485120000000138e-15 2.600000000000000089e-01 6.940850259999999938e-01 2.600000000000000089e-01 1.570818770000000063e-11 2.600000000000000089e-01 8.221658860000000409e-14 2.600000000000000089e-01 4.394588799999999770e-13 2.600000000000000089e-01 6.726213490000000253e-15 2.600000000000000089e-01 7.810251590000000244e-01 2.600000000000000089e-01 1.102780380000000010e-11 2.600000000000000089e-01 3.048798520000000109e-14 2.600000000000000089e-01 3.084725240000000225e-13 2.600000000000000089e-01 1.332404730000000052e-14 2.600000000000000089e-01 7.579586130000000033e-01 2.600000000000000089e-01 9.902307280000000732e-12 2.600000000000000089e-01 1.935428719999999891e-14 2.600000000000000089e-01 2.770878109999999801e-13 2.600000000000000089e-01 2.676457330000000115e-14 2.600000000000000089e-01 7.396272720000000023e-01 2.600000000000000089e-01 7.329078280000000570e-12 2.600000000000000089e-01 1.045291629999999934e-14 2.600000000000000089e-01 2.051462630000000120e-13 2.600000000000000089e-01 5.376957549999999839e-14 2.600000000000000089e-01 7.286490559999999617e-01 2.600000000000000089e-01 2.174165059999999869e-12 2.600000000000000089e-01 3.370161840000000300e-14 2.600000000000000089e-01 6.274223900000000027e-14 2.600000000000000089e-01 4.700688889999999675e-15 2.600000000000000089e-01 7.988977919999999955e-01 2.600000000000000089e-01 1.045957619999999967e-13 2.600000000000000089e-01 2.662795490000000220e-16 2.600000000000000089e-01 3.002203599999999897e-15 2.600000000000000089e-01 8.567529989999999809e-15 2.600000000000000089e-01 8.584101100000000040e-01 2.600000000000000089e-01 4.875243699999999722e-14 2.600000000000000089e-01 4.766811480000000247e-17 2.600000000000000089e-01 1.397976419999999943e-15 2.600000000000000089e-01 1.704615169999999921e-14 2.600000000000000089e-01 8.529277219999999993e-01 2.600000000000000089e-01 2.966737839999999999e-14 2.600000000000000089e-01 1.673145000000000044e-17 2.600000000000000089e-01 8.506982579999999769e-16 2.600000000000000089e-01 3.412698800000000154e-14 2.600000000000000089e-01 8.432280089999999451e-01 2.600000000000000089e-01 1.639206630000000041e-14 2.600000000000000089e-01 5.522442950000000353e-18 2.600000000000000089e-01 4.700368329999999802e-16 2.600000000000000089e-01 6.842486100000000231e-14 2.600000000000000089e-01 8.381896030000000053e-01
2.700000000000000178e-01 1.334831939999999989e-09 2.700000000000000178e-01 3.973422960000000019e-11 2.700000000000000178e-01 3.733943030000000114e-11 2.700000000000000178e-01 2.771279300000000066e-15 2.700000000000000178e-01 6.940850259999999938e-01 2.700000000000000178e-01 2.245206819999999903e-11 2.700000000000000178e-01 1.175374970000000122e-13 2.700000000000000178e-01 6.282582270000000133e-13 2.700000000000000178e-01 6.697436470000000065e-15 2.700000000000000178e-01 7.810251590000000244e-01 2.700000000000000178e-01 1.576295900000000115e-11 2.700000000000000178e-01 4.358841409999999869e-14 2.700000000000000178e-01 4.410205860000000060e-13 2.700000000000000178e-01 1.326823999999999963e-14 2.700000000000000178e-01 7.579586130000000033e-01 2.700000000000000178e-01 1.415209629999999933e-11 2.700000000000000178e-01 2.766707400000000020e-14 2.700000000000000178e-01 3.960987920000000140e-13 2.700000000000000178e-01 2.665715129999999867e-14 2.700000000000000178e-01 7.396272720000000023e-01 2.700000000000000178e-01 1.047314409999999948e-11 2.700000000000000178e-01 1.494082420000000050e-14 2.700000000000000178e-01 2.932248500000000095e-13 2.700000000000000178e-01 5.356198019999999788e-14 2.700000000000000178e-01 7.286490559999999617e-01 2.700000000000000178e-01 3.074507670000000021e-12 2.700000000000000178e-01 4.765801040000000064e-14 2.700000000000000178e-01 8.872616990000000264e-14 2.700000000000000178e-01 4.684855360000000209e-15 2.700000000000000178e-01 7.988977919999999955e-01 2.700000000000000178e-01 1.481894940000000004e-13 2.700000000000000178e-01 3.772619579999999934e-16 2.700000000000000178e-01 4.253499460000000287e-15 2.700000000000000178e-01 8.536593970000000211e-15 2.700000000000000178e-01 8.584101100000000040e-01 2.700000000000000178e-01 6.909499980000000122e-14 2.700000000000000178e-01 6.755872469999999670e-17 2.700000000000000178e-01 1.981314069999999902e-15 2.700000000000000178e-01 1.698692989999999933e-14 2.700000000000000178e-01 8.529277219999999993e-01 2.700000000000000178e-01 4.204663560000000120e-14 2.700000000000000178e-01 2.371316079999999924e-17 2.700000000000000178e-01 1.205678210000000027e-15 2.700000000000000178e-01 3.400599619999999987e-14 2.700000000000000178e-01 8.432280089999999451e-01 2.700000000000000178e-01 2.323190020000000104e-14 2.700000000000000178e-01 7.826839179999999561e-18 2.700000000000000178e-01 6.661730589999999578e-16 2.700000000000000178e-01 6.818406039999999424e-14 2.700000000000000178e-01 8.381896030000000053e-01
2.800000000000000266e-01 1.907637829999999888e-09 2.800000000000000266e-01 5.679804320000000163e-11 2.800000000000000266e-01 5.338192090000000132e-11 2.800000000000000266e-01 2.782201189999999911e-15 2.800000000000000266e-01 6.940850259999999938e-01 2.800000000000000266e-01 3.208865870000000037e-11 2.800000000000000266e-01 1.680197529999999876e-13 2.800000000000000266e-01 8.981019390000000410e-13 2.800000000000000266e-01 6.669041859999999659e-15 2.800000000000000266e-01 7.810251590000000244e-01 2.800000000000000266e-01 2.252937200000000131e-11 2.800000000000000266e-01 6.231309870000000219e-14 2.800000000000000266e-01 6.304740060000000370e-13 2.800000000000000266e-01 1.321319370000000056e-14 2.800000000000000266e-01 7.579586130000000033e-01 2.800000000000000266e-01 2.022380769999999992e-11 2.800000000000000266e-01 3.954686400000000229e-14 2.800000000000000266e-01 5.661772350000000162e-13 2.800000000000000266e-01 2.655142949999999932e-14 2.800000000000000266e-01 7.396272720000000023e-01 2.800000000000000266e-01 1.496435120000000044e-11 2.800000000000000266e-01 2.135361270000000138e-14 2.800000000000000266e-01 4.190807309999999934e-13 2.800000000000000266e-01 5.335836570000000010e-14 2.800000000000000266e-01 7.286490559999999617e-01 2.800000000000000266e-01 4.347641200000000129e-12 2.800000000000000266e-01 6.739326639999999617e-14 2.800000000000000266e-01 1.254700800000000053e-13 2.800000000000000266e-01 4.669637230000000386e-15 2.800000000000000266e-01 7.988977919999999955e-01 2.800000000000000266e-01 2.099515430000000103e-13 2.800000000000000266e-01 5.344990099999999888e-16 2.800000000000000266e-01 6.026310629999999788e-15 2.800000000000000266e-01 8.506345299999999924e-15 2.800000000000000266e-01 8.584101100000000040e-01 2.800000000000000266e-01 9.792533670000000238e-14 2.800000000000000266e-01 9.574887740000000573e-17 2.800000000000000266e-01 2.808054829999999863e-15 2.800000000000000266e-01 1.692906920000000053e-14 2.800000000000000266e-01 8.529277219999999993e-01 2.800000000000000266e-01 5.959106550000000220e-14 2.800000000000000266e-01 3.360809270000000133e-17 2.800000000000000266e-01 1.708778739999999961e-15 2.800000000000000266e-01 3.388671490000000263e-14 2.800000000000000266e-01 8.432280089999999451e-01 2.800000000000000266e-01 3.292557599999999960e-14 2.800000000000000266e-01 1.109276979999999997e-17 2.800000000000000266e-01 9.441492619999999440e-16 2.800000000000000266e-01 6.794604069999999984e-14 2.800000000000000266e-01 8.381896030000000053e-01
2.899999999999999800e-01 2.725771549999999861e-09 2.899999999999999800e-01 8.117658369999999994e-11 2.899999999999999800e-01 7.630651960000000005e-11 2.899999999999999800e-01 2.795400909999999861e-15 2.899999999999999800e-01 6.940850259999999938e-01 2.899999999999999800e-01 4.585747880000000234e-11 2.899999999999999800e-01 2.401651729999999797e-13 2.899999999999999800e-01 1.283747439999999913e-12 2.899999999999999800e-01 6.641028020000000118e-15 2.899999999999999800e-01 7.810251590000000244e-01 2.899999999999999800e-01 3.219741959999999931e-11 2.899999999999999800e-01 8.907426839999999451e-14 2.899999999999999800e-01 9.012393779999999528e-13 2.899999999999999800e-01 1.315891149999999961e-14 2.899999999999999800e-01 7.579586130000000033e-01 2.899999999999999800e-01 2.889747199999999959e-11 2.899999999999999800e-01 5.652253999999999884e-14 2.899999999999999800e-01 8.092116309999999825e-13 2.899999999999999800e-01 2.644746049999999994e-14 2.899999999999999800e-01 7.396272720000000023e-01 2.899999999999999800e-01 2.137902040000000136e-11 2.899999999999999800e-01 3.051583579999999768e-14 2.899999999999999800e-01 5.988964830000000364e-13 2.899999999999999800e-01 5.315894959999999744e-14 2.899999999999999800e-01 7.286490559999999617e-01 2.899999999999999800e-01 6.147887260000000084e-12 2.899999999999999800e-01 9.529973019999999970e-14 2.899999999999999800e-01 1.774290400000000035e-13 2.899999999999999800e-01 4.655086420000000325e-15 2.899999999999999800e-01 7.988977919999999955e-01 2.899999999999999800e-01 2.974532539999999920e-13 2.899999999999999800e-01 7.572673440000000413e-16 2.899999999999999800e-01 8.537983679999999286e-15 2.899999999999999800e-01 8.476819490000000443e-15 2.899999999999999800e-01 8.584101100000000040e-01 2.899999999999999800e-01 1.387846180000000045e-13 2.899999999999999800e-01 1.357014480000000116e-16 2.899999999999999800e-01 3.979755499999999830e-15 2.899999999999999800e-01 1.687264720000000144e-14 2.899999999999999800e-01 8.529277219999999993e-01 2.899999999999999800e-01 8.445559849999999472e-14 2.899999999999999800e-01 4.763175259999999767e-17 2.899999999999999800e-01 2.421801410000000169e-15 2.899999999999999800e-01 3.376918430000000259e-14 2.899999999999999800e-01 8.432280089999999451e-01 2.899999999999999800e-01 4.666370060000000279e-14 2.899999999999999800e-01 1.572141759999999898e-17 2.899999999999999800e-01 1.338111680000000057e-15 2.899999999999999800e-01 6.771080160000000337e-14 2.899999999999999800e-01 8.381896030000000053e-01
2.999999999999999889e-01 3.894009799999999810e-09 2.999999999999999889e-01 1.159972890000000055e-10 2.999999999999999889e-01 1.090594890000000049e-10 2.999999999999999889e-01 2.811035819999999982e-15 2.999999999999999889e-01 6.940850259999999938e-01 2.999999999999999889e-01 6.552851369999999713e-11 2.999999999999999889e-01 3.432607429999999922e-13 2.999999999999999889e-01 1.834842690000000144e-12 2.999999999999999889e-01 6.613394549999999937e-15 2.999999999999999889e-01 7.810251590000000244e-01 2.999999999999999889e-01 4.600990099999999903e-11 2.999999999999999889e-01 1.273175409999999888e-13 2.999999999999999889e-01 1.288179000000000099e-12 2.999999999999999889e-01 1.310540000000000032e-14 2.999999999999999889e-01 7.579586130000000033e-01 2.999999999999999889e-01 4.128648629999999797e-11 2.999999999999999889e-01 8.077736960000000417e-14 2.999999999999999889e-01 1.156459130000000045e-12 2.999999999999999889e-01 2.634531140000000106e-14 2.999999999999999889e-01 7.396272720000000023e-01 2.999999999999999889e-01 3.053950269999999921e-11 2.999999999999999889e-01 4.360467989999999843e-14 2.999999999999999889e-01 8.557754549999999559e-13 2.999999999999999889e-01 5.296399280000000286e-14 2.999999999999999889e-01 7.286490559999999617e-01 2.999999999999999889e-01 8.693427439999999295e-12 2.999999999999999889e-01 1.347597970000000033e-13 2.999999999999999889e-01 2.509022509999999759e-13 2.999999999999999889e-01 4.641264050000000066e-15 2.999999999999999889e-01 7.988977919999999955e-01 2.999999999999999889e-01 4.214208200000000146e-13 2.999999999999999889e-01 1.072876370000000054e-15 2.999999999999999889e-01 1.209643910000000074e-14 2.999999999999999889e-01 8.448057990000000616e-15 2.999999999999999889e-01 8.584101100000000040e-01 2.999999999999999889e-01 1.966912200000000005e-13 2.999999999999999889e-01 1.923240229999999878e-16 2.999999999999999889e-01 5.640342340000000034e-15 2.999999999999999889e-01 1.681775429999999842e-14 2.999999999999999889e-01 8.529277219999999993e-01 2.999999999999999889e-01 1.196940669999999990e-13 2.999999999999999889e-01 6.750674889999999564e-17 2.999999999999999889e-01 3.432331000000000118e-15 2.999999999999999889e-01 3.365345499999999693e-14 2.999999999999999889e-01 8.432280089999999451e-01 2.999999999999999889e-01 6.613350890000000067e-14 2.999999999999999889e-01 2.228133210000000042e-17 2.999999999999999889e-01 1.896451809999999951e-15 2.999999999999999889e-01 6.747835179999999381e-14 2.999999999999999889e-01 8.381896030000000053e-01
3.099999999999999978e-01 5.561685150000000162e-09 3.099999999999999978e-01 1.657194509999999972e-10 3.099999999999999978e-01 1.558445670000000078e-10 3.099999999999999978e-01 2.829269679999999980e-15 3.099999999999999978e-01 6.940850259999999938e-01 3.099999999999999978e-01 9.362886149999999618e-11 3.099999999999999978e-01 4.905700370000000363e-13 3.099999999999999978e-01 2.622297169999999986e-12 3.099999999999999978e-01 6.586142509999999713e-15 3.099999999999999978e-01 7.810251590000000244e-01 3.099999999999999978e-01 6.574108899999999915e-11 3.099999999999999978e-01 1.819639610000000016e-13 3.099999999999999978e-01 1.841083420000000184e-12 3.099999999999999978e-01 1.305266980000000078e-14 3.099999999999999978e-01 7.579586130000000033e-01 3.099999999999999978e-01 5.897972710000000030e-11 3.099999999999999978e-01 1.154285609999999942e-13 3.099999999999999978e-01 1.652547900000000061e-12 3.099999999999999978e-01 2.624506520000000038e-14 3.099999999999999978e-01 7.396272720000000023e-01 3.099999999999999978e-01 4.361888000000000003e-11 3.099999999999999978e-01 6.230042570000000562e-14 3.099999999999999978e-01 1.222694809999999943e-12 3.099999999999999978e-01 5.277380629999999824e-14 3.099999999999999978e-01 7.286490559999999617e-01 3.099999999999999978e-01 1.229271299999999934e-11 3.099999999999999978e-01 1.905554090000000103e-13 3.099999999999999978e-01 3.547960969999999772e-13 3.099999999999999978e-01 4.628242030000000072e-15 3.099999999999999978e-01 7.988977919999999955e-01 3.099999999999999978e-01 5.970495780000000285e-13 3.099999999999999978e-01 1.520015090000000091e-15 3.099999999999999978e-01 1.713791070000000071e-14 3.099999999999999978e-01 8.420109179999999622e-15 3.099999999999999978e-01 8.584101100000000040e-01 3.099999999999999978e-01 2.787568070000000164e-13 3.099999999999999978e-01 2.725715420000000178e-16 3.099999999999999978e-01 7.993784999999999396e-15 3.099999999999999978e-01 1.676449560000000095e-14 3.099999999999999978e-01 8.529277219999999993e-01 3.099999999999999978e-01 1.696340699999999919e-13 3.099999999999999978e-01 9.567431470000000319e-17 3.099999999999999978e-01 4.864490200000000247e-15 3.099999999999999978e-01 3.353958950000000281e-14 3.099999999999999978e-01 8.432280089999999451e-01 3.099999999999999978e-01 9.372595720000000385e-14 3.099999999999999978e-01 3.157823859999999976e-17 3.099999999999999978e-01 2.687748119999999886e-15 3.099999999999999978e-01 6.724870999999999619e-14 3.099999999999999978e-01 8.381896030000000053e-01
3.200000000000000067e-01 7.941501859999999939e-09 3.200000000000000067e-01 2.366978220000000166e-10 3.200000000000000067e-01 2.226571349999999908e-10 3.200000000000000067e-01 2.850271770000000142e-15 3.200000000000000067e-01 6.940850259999999938e-01 3.200000000000000067e-01 1.337659930000000009e-10 3.200000000000000067e-01 7.010333379999999849e-13 3.200000000000000067e-01 3.747373830000000045e-12 3.200000000000000067e-01 6.559274589999999752e-15 3.200000000000000067e-01 7.810251590000000244e-01 3.200000000000000067e-01 9.392352139999999438e-11 3.200000000000000067e-01 2.600407420000000009e-13 3.200000000000000067e-01 2.631053210000000098e-12 3.200000000000000067e-01 1.300073599999999985e-14 3.200000000000000067e-01 7.579586130000000033e-01 3.200000000000000067e-01 8.424401489999999901e-11 3.200000000000000067e-01 1.649259200000000126e-13 3.200000000000000067e-01 2.361184719999999899e-12 3.200000000000000067e-01 2.614682359999999850e-14 3.200000000000000067e-01 7.396272720000000023e-01 3.200000000000000067e-01 6.229000400000000124e-11 3.200000000000000067e-01 8.900088949999999389e-14 3.200000000000000067e-01 1.746714280000000023e-12 3.200000000000000067e-01 5.258875720000000270e-14 3.200000000000000067e-01 7.286490559999999617e-01 3.200000000000000067e-01 1.738178539999999895e-11 3.200000000000000067e-01 2.694467610000000245e-13 3.200000000000000067e-01 5.017027139999999762e-13 3.200000000000000067e-01 4.616105010000000092e-15 3.200000000000000067e-01 7.988977919999999955e-01 3.200000000000000067e-01 8.458656570000000026e-13 3.200000000000000067e-01 2.153492910000000080e-15 3.200000000000000067e-01 2.428040620000000112e-14 3.200000000000000067e-01 8.393029439999999932e-15 3.200000000000000067e-01 8.584101100000000040e-01 3.200000000000000067e-01 3.950592629999999975e-13 3.200000000000000067e-01 3.863002640000000173e-16 3.200000000000000067e-01 1.132914110000000072e-14 3.200000000000000067e-01 1.671299379999999955e-14 3.200000000000000067e-01 8.529277219999999993e-01 3.200000000000000067e-01 2.404080980000000092e-13 3.200000000000000067e-01 1.355940339999999939e-16 3.200000000000000067e-01 6.894179059999999715e-15 3.200000000000000067e-01 3.342766320000000034e-14 3.200000000000000067e-01 8.432280089999999451e-01 3.200000000000000067e-01 1.328291329999999988e-13 3.200000000000000067e-01 4.475395609999999961e-17 3.200000000000000067e-01 3.809185319999999932e-15 3.200000000000000067e-01 6.702190639999999875e-14 3.200000000000000067e-01 8.381896030000000053e-01
3.300000000000000155e-01 1.133620580000000081e-08 3.300000000000000155e-01 3.379822310000000073e-10 3.300000000000000155e-01 3.180435660000000240e-10 3.300000000000000155e-01 2.874215520000000010e-15 3.300000000000000155e-01 6.940850259999999938e-01 3.300000000000000155e-01 1.910886740000000062e-10 3.300000000000000155e-01 1.001693090000000033e-12 3.300000000000000155e-01 5.354661569999999983e-12 3.300000000000000155e-01 6.532795420000000009e-15 3.300000000000000155e-01 7.810251590000000244e-01 3.300000000000000155e-01 1.341712639999999934e-10 3.300000000000000155e-01 3.715810120000000126e-13 3.300000000000000155e-01 3.759602739999999739e-12 3.300000000000000155e-01 1.294961940000000009e-14 3.300000000000000155e-01 7.579586130000000033e-01 3.300000000000000155e-01 1.203124050000000079e-10 3.300000000000000155e-01 2.356201290000000055e-13 3.300000000000000155e-01 3.373291180000000174e-12 3.300000000000000155e-01 2.605070959999999853e-14 3.300000000000000155e-01 7.396272720000000023e-01 3.300000000000000155e-01 8.893750209999999459e-11 3.300000000000000155e-01 1.271269000000000124e-13 3.300000000000000155e-01 2.494971879999999935e-12 3.300000000000000155e-01 5.240927699999999848e-14 3.300000000000000155e-01 7.286490559999999617e-01 3.300000000000000155e-01 2.457700769999999878e-11 3.300000000000000155e-01 3.809900299999999822e-13 3.300000000000000155e-01 7.094243910000000188e-13 3.300000000000000155e-01 4.604952490000000354e-15 3.300000000000000155e-01 7.988977919999999955e-01 3.300000000000000155e-01 1.198362790000000071e-12 3.300000000000000155e-01 3.050955009999999893e-15 3.300000000000000155e-01 3.439943619999999784e-14 3.300000000000000155e-01 8.366884590000000740e-15 3.300000000000000155e-01 8.584101100000000040e-01 3.300000000000000155e-01 5.598794709999999585e-13 3.300000000000000155e-01 5.474778230000000309e-16 3.300000000000000155e-01 1.605604389999999898e-14 3.300000000000000155e-01 1.666339190000000003e-14 3.300000000000000155e-01 8.529277219999999993e-01 3.300000000000000155e-01 3.407060049999999751e-13 3.300000000000000155e-01 1.921685370000000068e-16 3.300000000000000155e-01 9.770668250000000184e-15 3.300000000000000155e-01 3.331776669999999846e-14 3.300000000000000155e-01 8.432280089999999451e-01 3.300000000000000155e-01 1.882439279999999881e-13 3.300000000000000155e-01 6.342655300000000406e-17 3.300000000000000155e-01 5.398483630000000246e-15 3.300000000000000155e-01 6.679798489999999675e-14 3.300000000000000155e-01 8.381896030000000053e-01
3.400000000000000244e-01 1.617632170000000037e-08 3.400000000000000244e-01 4.824502669999999525e-10 3.400000000000000244e-01 4.541794560000000242e-10 3.400000000000000244e-01 2.901276869999999855e-15 3.400000000000000244e-01 6.940850259999999938e-01 3.400000000000000244e-01 2.729439199999999783e-10 3.400000000000000244e-01 1.431153150000000017e-12 3.400000000000000244e-01 7.650579420000000131e-12 3.400000000000000244e-01 6.506711840000000040e-15 3.400000000000000244e-01 7.810251590000000244e-01 3.400000000000000244e-01 1.916404770000000073e-10 3.400000000000000244e-01 5.309069239999999799e-13 3.400000000000000244e-01 5.371642779999999747e-12 3.400000000000000244e-01 1.289934669999999986e-14 3.400000000000000244e-01 7.579586130000000033e-01 3.400000000000000244e-01 1.717944280000000056e-10 3.400000000000000244e-01 3.365724819999999936e-13 3.400000000000000244e-01 4.818597030000000230e-12 3.400000000000000244e-01 2.595687019999999925e-14 3.400000000000000244e-01 7.396272720000000023e-01 3.400000000000000244e-01 1.269590999999999912e-10 3.400000000000000244e-01 1.815572120000000080e-13 3.400000000000000244e-01 3.563220210000000038e-12 3.400000000000000244e-01 5.223587039999999887e-14 3.400000000000000244e-01 7.286490559999999617e-01 3.400000000000000244e-01 3.474955750000000261e-11 3.400000000000000244e-01 5.386926769999999659e-13 3.400000000000000244e-01 1.003127849999999958e-12 3.400000000000000244e-01 4.594901160000000362e-15 3.400000000000000244e-01 7.988977919999999955e-01 3.400000000000000244e-01 1.697736810000000050e-12 3.400000000000000244e-01 4.322393969999999693e-15 3.400000000000000244e-01 4.873528119999999995e-14 3.400000000000000244e-01 8.341751649999999222e-15 3.400000000000000244e-01 8.584101100000000040e-01 3.400000000000000244e-01 7.934535260000000005e-13 3.400000000000000244e-01 7.758977890000000292e-16 3.400000000000000244e-01 2.275498589999999936e-14 3.400000000000000244e-01 1.661585710000000069e-14 3.400000000000000244e-01 8.529277219999999993e-01 3.400000000000000244e-01 4.828409890000000079e-13 3.400000000000000244e-01 2.723452349999999980e-16 3.400000000000000244e-01 1.384719389999999939e-14 3.400000000000000244e-01 3.321000720000000310e-14 3.400000000000000244e-01 8.432280089999999451e-01 3.400000000000000244e-01 2.667728729999999896e-13 3.400000000000000244e-01 8.988892500000000104e-17 3.400000000000000244e-01 7.650800480000000304e-15 3.400000000000000244e-01 6.657700459999999534e-14 3.400000000000000244e-01 8.381896030000000053e-01
3.499999999999999778e-01 2.307343899999999854e-08 3.499999999999999778e-01 6.884087559999999838e-10 3.499999999999999778e-01 6.483986079999999766e-10 3.499999999999999778e-01 2.931632259999999861e-15 3.499999999999999778e-01 6.940850259999999938e-01 3.499999999999999778e-01 3.898129980000000077e-10 3.499999999999999778e-01 2.044510880000000083e-12 3.499999999999999778e-01 1.092976370000000059e-11 3.499999999999999778e-01 6.481033269999999728e-15 3.499999999999999778e-01 7.810251590000000244e-01 3.499999999999999778e-01 2.736852720000000241e-10 3.499999999999999778e-01 7.584587730000000443e-13 3.499999999999999778e-01 7.673988080000000042e-12 3.499999999999999778e-01 1.284995199999999933e-14 3.499999999999999778e-01 7.579586130000000033e-01 3.499999999999999778e-01 2.452594119999999851e-10 3.499999999999999778e-01 4.807080450000000210e-13 3.499999999999999778e-01 6.882150949999999855e-12 3.499999999999999778e-01 2.586548000000000077e-14 3.499999999999999778e-01 7.396272720000000023e-01 3.499999999999999778e-01 1.811934640000000060e-10 3.499999999999999778e-01 2.592472740000000046e-13 3.499999999999999778e-01 5.087972189999999748e-12 3.499999999999999778e-01 5.206912679999999870e-14 3.499999999999999778e-01 7.286490559999999617e-01 3.499999999999999778e-01 4.913063920000000313e-11 3.499999999999999778e-01 7.616453429999999520e-13 3.499999999999999778e-01 1.418388260000000063e-12 3.499999999999999778e-01 4.586087360000000021e-15 3.499999999999999778e-01 7.988977919999999955e-01 3.499999999999999778e-01 2.405174540000000055e-12 3.499999999999999778e-01 6.123621509999999627e-15 3.499999999999999778e-01 6.904492740000000437e-14 3.499999999999999778e-01 8.317720829999999647e-15 3.499999999999999778e-01 8.584101100000000040e-01 3.499999999999999778e-01 1.124454940000000065e-12 3.499999999999999778e-01 1.099608939999999929e-15 3.499999999999999778e-01 3.224856309999999822e-14 3.499999999999999778e-01 1.657058540000000096e-14 3.499999999999999778e-01 8.529277219999999993e-01 3.499999999999999778e-01 6.842595699999999683e-13 3.499999999999999778e-01 3.859688439999999797e-16 3.499999999999999778e-01 1.962430360000000074e-14 3.499999999999999778e-01 3.310451100000000100e-14 3.499999999999999778e-01 8.432280089999999451e-01 3.499999999999999778e-01 3.780541820000000066e-13 3.499999999999999778e-01 1.273901239999999927e-16 3.499999999999999778e-01 1.084267570000000048e-14 3.499999999999999778e-01 6.635904259999999639e-14 3.499999999999999778e-01 8.381896030000000053e-01
3.599999999999999867e-01 3.289526289999999720e-08 3.599999999999999867e-01 9.818528719999999269e-10 3.599999999999999867e-01 9.253576389999999851e-10 3.599999999999999867e-01 2.965456150000000172e-15 3.599999999999999867e-01 6.940850259999999938e-01 3.599999999999999867e-01 5.566442900000000368e-10 3.599999999999999867e-01 2.920386449999999808e-12 3.599999999999999867e-01 1.561268339999999961e-11 3.599999999999999867e-01 6.455772119999999994e-15 3.599999999999999867e-01 7.810251590000000244e-01 3.599999999999999867e-01 3.907910829999999873e-10 3.599999999999999867e-01 1.083401410000000095e-12 3.599999999999999867e-01 1.096173010000000044e-11 3.599999999999999867e-01 1.280147780000000030e-14 3.599999999999999867e-01 7.579586130000000033e-01 3.599999999999999867e-01 3.500651860000000121e-10 3.599999999999999867e-01 6.864568879999999900e-13 3.599999999999999867e-01 9.827820440000000599e-12 3.599999999999999867e-01 2.577674470000000078e-14 3.599999999999999867e-01 7.396272720000000023e-01 3.599999999999999867e-01 2.585269519999999833e-10 3.599999999999999867e-01 3.701088669999999833e-13 3.599999999999999867e-01 7.263768200000000028e-12 3.599999999999999867e-01 5.190973329999999735e-14 3.599999999999999867e-01 7.286490559999999617e-01 3.599999999999999867e-01 6.946004979999999491e-11 3.599999999999999867e-01 1.076826440000000052e-12 3.599999999999999867e-01 2.005489710000000085e-12 3.599999999999999867e-01 4.578669839999999939e-15 3.599999999999999867e-01 7.988977919999999955e-01 3.599999999999999867e-01 3.407343169999999870e-12 3.599999999999999867e-01 8.675347660000000470e-15 3.599999999999999867e-01 9.781725620000000171e-14 3.599999999999999867e-01 8.294898020000000307e-15 3.599999999999999867e-01 8.584101100000000040e-01 3.599999999999999867e-01 1.593510710000000029e-12 3.599999999999999867e-01 1.558356960000000098e-15 3.599999999999999867e-01 4.570241139999999842e-14 3.599999999999999867e-01 1.652780700000000039e-14 3.599999999999999867e-01 8.529277219999999993e-01 3.599999999999999867e-01 9.696802549999999493e-13 3.599999999999999867e-01 5.469891449999999959e-16 3.599999999999999867e-01 2.781126409999999987e-14 3.599999999999999867e-01 3.300142609999999706e-14 3.599999999999999867e-01 8.432280089999999451e-01 3.599999999999999867e-01 5.357429889999999576e-13 3.599999999999999867e-01 1.805338989999999902e-16 3.599999999999999867e-01 1.536595260000000145e-14 3.599999999999999867e-01 6.614419609999999504e-14 3.599999999999999867e-01 8.381896030000000053e-01
3.699999999999999956e-01 4.687099410000000304e-08 3.699999999999999956e-01 1.399644120000000091e-09 3.699999999999999956e-01 1.320094430000000025e-09 3.699999999999999956e-01 3.002918139999999834e-15 3.699999999999999956e-01 6.940850259999999938e-01 3.699999999999999956e-01 7.947502139999999511e-10 3.699999999999999956e-01 4.170936760000000227e-12 3.699999999999999956e-01 2.229923950000000032e-11 3.699999999999999956e-01 6.430944220000000355e-15 3.699999999999999956e-01 7.810251590000000244e-01 3.699999999999999956e-01 5.579020320000000426e-10 3.699999999999999956e-01 1.547336339999999976e-12 3.699999999999999956e-01 1.565579879999999890e-11 3.699999999999999956e-01 1.275397599999999976e-14 3.699999999999999956e-01 7.579586130000000033e-01 3.699999999999999956e-01 4.995340729999999983e-10 3.699999999999999956e-01 9.800882400000000312e-13 3.699999999999999956e-01 1.403171500000000026e-11 3.699999999999999956e-01 2.569090619999999988e-14 3.699999999999999956e-01 7.396272720000000023e-01 3.699999999999999956e-01 3.687528530000000052e-10 3.699999999999999956e-01 5.282593480000000041e-13 3.699999999999999956e-01 1.036770109999999977e-11 3.699999999999999956e-01 5.175849190000000187e-14 3.699999999999999956e-01 7.286490559999999617e-01 3.699999999999999956e-01 9.819589579999999682e-11 3.699999999999999956e-01 1.522355880000000073e-12 3.699999999999999956e-01 2.835499599999999955e-12 3.699999999999999956e-01 4.572832480000000142e-15 3.699999999999999956e-01 7.988977919999999955e-01 3.699999999999999956e-01 4.826994929999999669e-12 3.699999999999999956e-01 1.229019949999999931e-14 3.699999999999999956e-01 1.385778050000000114e-13 3.699999999999999956e-01 8.273407679999999303e-15 3.699999999999999956e-01 8.584101100000000040e-01 3.699999999999999956e-01 2.258181199999999861e-12 3.699999999999999956e-01 2.208460179999999964e-15 3.699999999999999956e-01 6.476819930000000366e-14 3.699999999999999956e-01 1.648779190000000089e-14 3.699999999999999956e-01 8.529277219999999993e-01 3.699999999999999956e-01 1.374122259999999977e-12 3.699999999999999956e-01 7.751718279999999587e-16 3.699999999999999956e-01 3.941304850000000278e-14 3.699999999999999956e-01 3.290092509999999807e-14 3.699999999999999956e-01 8.432280089999999451e-01 3.699999999999999956e-01 7.591840500000000179e-13 3.699999999999999956e-01 2.558432119999999857e-16 3.699999999999999956e-01 2.177582710000000001e-14 3.699999999999999956e-01 6.593258589999999478e-14 3.699999999999999956e-01 8.381896030000000053e-01
3.800000000000000044e-01 6.673874230000000182e-08 3.800000000000000044e-01 1.993965880000000146e-09 3.800000000000000044e-01 1.882339259999999945e-09 3.800000000000000044e-01 3.044179620000000164e-15 3.800000000000000044e-01 6.940850259999999938e-01 3.800000000000000044e-01 1.134504980000000017e-09 3.800000000000000044e-01 5.956113459999999809e-12 3.800000000000000044e-01 3.184510519999999703e-11 3.800000000000000044e-01 6.406569399999999606e-15 3.800000000000000044e-01 7.810251590000000244e-01 3.800000000000000044e-01 7.963069429999999618e-10 3.800000000000000044e-01 2.209585489999999819e-12 3.800000000000000044e-01 2.235642940000000116e-11 3.800000000000000044e-01 1.270750950000000056e-14 3.800000000000000044e-01 7.579586130000000033e-01 3.800000000000000044e-01 7.126195820000000467e-10 3.800000000000000044e-01 1.399027190000000061e-12 3.800000000000000044e-01 2.002968220000000161e-11 3.800000000000000044e-01 2.560824700000000088e-14 3.800000000000000044e-01 7.396272720000000023e-01 3.800000000000000044e-01 5.257860659999999919e-10 3.800000000000000044e-01 7.537937449999999627e-13 3.800000000000000044e-01 1.479421039999999884e-11 3.800000000000000044e-01 5.161634129999999788e-14 3.800000000000000044e-01 7.286490559999999617e-01 3.800000000000000044e-01 1.388105310000000125e-10 3.800000000000000044e-01 2.152087229999999826e-12 3.800000000000000044e-01 4.008846740000000287e-12 3.800000000000000044e-01 4.568787180000000344e-15 3.800000000000000044e-01 7.988977919999999955e-01 3.800000000000000044e-01 6.837980790000000285e-12 3.800000000000000044e-01 1.741097939999999889e-14 3.800000000000000044e-01 1.963203440000000042e-13 3.800000000000000044e-01 8.253396020000000289e-15 3.800000000000000044e-01 8.584101100000000040e-01 3.800000000000000044e-01 3.200012519999999812e-12 3.800000000000000044e-01 3.129716270000000181e-15 3.800000000000000044e-01 9.178618399999999855e-14 3.800000000000000044e-01 1.645085729999999896e-14 3.800000000000000044e-01 8.529277219999999993e-01 3.800000000000000044e-01 1.947194009999999877e-12 3.800000000000000044e-01 1.098521760000000029e-15 3.800000000000000044e-01 5.585354560000000214e-14 3.800000000000000044e-01 3.280320850000000265e-14 3.800000000000000044e-01 8.432280089999999451e-01 3.800000000000000044e-01 1.075779990000000001e-12 3.800000000000000044e-01 3.625597909999999770e-16 3.800000000000000044e-01 3.085890020000000290e-14 3.800000000000000044e-01 6.572435989999999738e-14 3.800000000000000044e-01 8.381896030000000053e-01
3.900000000000000133e-01 9.495079950000000163e-08 3.900000000000000133e-01 2.838544530000000123e-09 3.900000000000000133e-01 2.682574099999999830e-09 3.900000000000000133e-01 3.089390059999999886e-15 3.900000000000000133e-01 6.940850259999999938e-01 3.900000000000000133e-01 1.619178039999999940e-09 3.900000000000000133e-01 8.503951110000000650e-12 3.900000000000000133e-01 4.547039219999999933e-11 3.900000000000000133e-01 6.382672049999999667e-15 3.900000000000000133e-01 7.810251590000000244e-01 3.900000000000000133e-01 1.136316359999999978e-09 3.900000000000000133e-01 3.154706750000000138e-12 3.900000000000000133e-01 3.191921579999999775e-11 3.900000000000000133e-01 1.266215380000000017e-14 3.900000000000000133e-01 7.579586130000000033e-01 3.900000000000000133e-01 1.016264829999999972e-09 3.900000000000000133e-01 1.996562480000000186e-12 3.900000000000000133e-01 2.858473230000000124e-11 3.900000000000000133e-01 2.552909730000000111e-14 3.900000000000000133e-01 7.396272720000000023e-01 3.900000000000000133e-01 7.493766680000000165e-10 3.900000000000000133e-01 1.075294930000000014e-12 3.900000000000000133e-01 2.110437679999999996e-11 3.900000000000000133e-01 5.148438390000000148e-14 3.900000000000000133e-01 7.286490559999999617e-01 3.900000000000000133e-01 1.962079829999999926e-10 3.900000000000000133e-01 3.042086489999999928e-12 3.900000000000000133e-01 5.667431600000000333e-12 3.900000000000000133e-01 4.566776770000000214e-15 3.900000000000000133e-01 7.988977919999999955e-01 3.900000000000000133e-01 9.686503440000000667e-12 3.900000000000000133e-01 2.466483309999999992e-14 3.900000000000000133e-01 2.781179910000000200e-13 3.900000000000000133e-01 8.235034750000000748e-15 3.900000000000000133e-01 8.584101100000000040e-01 3.900000000000000133e-01 4.534522129999999805e-12 3.900000000000000133e-01 4.435184720000000352e-15 3.900000000000000133e-01 1.300721079999999942e-13 3.900000000000000133e-01 1.641737480000000030e-14 3.900000000000000133e-01 8.529277219999999993e-01 3.900000000000000133e-01 2.759164340000000131e-12 3.900000000000000133e-01 1.556714889999999915e-15 3.900000000000000133e-01 7.915005329999999582e-14 3.900000000000000133e-01 3.270850990000000029e-14 3.900000000000000133e-01 8.432280089999999451e-01 3.900000000000000133e-01 1.524343639999999946e-12 3.900000000000000133e-01 5.137763829999999595e-16 3.900000000000000133e-01 4.372954990000000237e-14 3.900000000000000133e-01 6.551969630000000231e-14 3.900000000000000133e-01 8.381896030000000053e-01
4.000000000000000222e-01 1.349578939999999959e-07 4.000000000000000222e-01 4.037292430000000096e-09 4.000000000000000222e-01 3.820519520000000298e-09 4.000000000000000222e-01 3.138682789999999846e-15 4.000000000000000222e-01 6.940850259999999938e-01 4.000000000000000222e-01 2.310375929999999900e-09 4.000000000000000222e-01 1.213941400000000056e-11 4.000000000000000222e-01 6.491422910000000045e-11 4.000000000000000222e-01 6.359281829999999932e-15 4.000000000000000222e-01 7.810251590000000244e-01 4.000000000000000222e-01 1.621057600000000046e-09 4.000000000000000222e-01 4.503174739999999915e-12 4.000000000000000222e-01 4.556320390000000020e-11 4.000000000000000222e-01 1.261799859999999979e-14 4.000000000000000222e-01 7.579586130000000033e-01 4.000000000000000222e-01 1.448733509999999941e-09 4.000000000000000222e-01 2.848520389999999805e-12 4.000000000000000222e-01 4.078263560000000310e-11 4.000000000000000222e-01 2.545384220000000065e-14 4.000000000000000222e-01 7.396272720000000023e-01 4.000000000000000222e-01 1.067521179999999932e-09 4.000000000000000222e-01 1.533383159999999961e-12 4.000000000000000222e-01 3.009564880000000022e-11 4.000000000000000222e-01 5.136392120000000237e-14 4.000000000000000222e-01 7.286490559999999617e-01 4.000000000000000222e-01 2.773124500000000023e-10 4.000000000000000222e-01 4.299768300000000194e-12 4.000000000000000222e-01 8.011717589999999856e-12 4.000000000000000222e-01 4.567077859999999648e-15 4.000000000000000222e-01 7.988977919999999955e-01 4.000000000000000222e-01 1.372119720000000014e-11 4.000000000000000222e-01 3.493993189999999705e-14 4.000000000000000222e-01 3.939884350000000057e-13 4.000000000000000222e-01 8.218525070000000743e-15 4.000000000000000222e-01 8.584101100000000040e-01 4.000000000000000222e-01 6.425335100000000164e-12 4.000000000000000222e-01 6.285040979999999889e-15 4.000000000000000222e-01 1.843235109999999964e-13 4.000000000000000222e-01 1.638777929999999916e-14 4.000000000000000222e-01 8.529277219999999993e-01 4.000000000000000222e-01 3.909555450000000356e-12 4.000000000000000222e-01 2.205957870000000044e-15 4.000000000000000222e-01 1.121603659999999959e-13 4.000000000000000222e-01 3.261710089999999888e-14 4.000000000000000222e-01 8.432280089999999451e-01 4.000000000000000222e-01 2.159842220000000043e-12 4.000000000000000222e-01 7.280399289999999864e-16 4.000000000000000222e-01 6.196638490000000399e-14 4.000000000000000222e-01 6.531880859999999953e-14 4.000000000000000222e-01 8.381896030000000053e-01
4.099999999999999756e-01 1.916001439999999881e-07 4.099999999999999756e-01 5.736242570000000110e-09 4.099999999999999756e-01 5.436971319999999772e-09 4.099999999999999756e-01 3.192170609999999852e-15 4.099999999999999756e-01 6.940850259999999938e-01 4.099999999999999756e-01 3.295757810000000171e-09 4.099999999999999756e-01 1.732537489999999891e-11 4.099999999999999756e-01 9.265447439999999598e-11 4.099999999999999756e-01 6.336434390000000293e-15 4.099999999999999756e-01 7.810251590000000244e-01 4.099999999999999756e-01 2.311846760000000078e-09 4.099999999999999756e-01 6.426544740000000029e-12 4.099999999999999756e-01 6.502437040000000137e-11 4.099999999999999756e-01 1.257515020000000079e-14 4.099999999999999756e-01 7.579586130000000033e-01 4.099999999999999756e-01 2.064303899999999998e-09 4.099999999999999756e-01 4.062711030000000193e-12 4.099999999999999756e-01 5.816726360000000155e-11 4.099999999999999756e-01 2.538293250000000040e-14 4.099999999999999756e-01 7.396272720000000023e-01 4.099999999999999756e-01 1.519845300000000031e-09 4.099999999999999756e-01 2.185724969999999901e-12 4.099999999999999756e-01 4.290027239999999747e-11 4.099999999999999756e-01 5.125649720000000025e-14 4.099999999999999756e-01 7.286490559999999617e-01 4.099999999999999756e-01 3.918974669999999775e-10 4.099999999999999756e-01 6.076772309999999966e-12 4.099999999999999756e-01 1.132484229999999975e-11 4.099999999999999756e-01 4.570003639999999846e-15 4.099999999999999756e-01 7.988977919999999955e-01 4.099999999999999756e-01 1.943569240000000094e-11 4.099999999999999756e-01 4.949401129999999955e-14 4.099999999999999756e-01 5.581187959999999883e-13 4.099999999999999756e-01 8.204102060000000550e-15 4.099999999999999756e-01 8.584101100000000040e-01 4.099999999999999756e-01 9.104191829999999889e-12 4.099999999999999756e-01 8.906193970000000537e-15 4.099999999999999756e-01 2.611950610000000123e-13 4.099999999999999756e-01 1.636257739999999902e-14 4.099999999999999756e-01 8.529277219999999993e-01 4.099999999999999756e-01 5.539301780000000093e-12 4.099999999999999756e-01 3.125868209999999976e-15 4.099999999999999756e-01 1.589325929999999917e-13 4.099999999999999756e-01 3.252929800000000141e-14 4.099999999999999756e-01 8.432280089999999451e-01 4.099999999999999756e-01 3.060109210000000002e-12 4.099999999999999756e-01 1.031621039999999998e-15 4.099999999999999756e-01 8.780541129999999647e-14 4.099999999999999756e-01 6.512195039999999388e-14 4.099999999999999756e-01 8.381896030000000053e-01
4.199999999999999845e-01 2.716402930000000198e-07 4.199999999999999845e-01 8.139905929999999724e-09 4.199999999999999845e-01 7.730224940000000302e-09 4.199999999999999845e-01 3.249941009999999928e-15 4.199999999999999845e-01 6.940850259999999938e-01 4.199999999999999845e-01 4.699958959999999887e-09 4.199999999999999845e-01 2.472076529999999879e-11 4.199999999999999845e-01 1.322197079999999963e-10 4.199999999999999845e-01 6.314172280000000189e-15 4.199999999999999845e-01 7.810251590000000244e-01 4.199999999999999845e-01 3.295779269999999816e-09 4.199999999999999845e-01 9.168955040000000428e-12 4.199999999999999845e-01 9.277328680000000380e-11 4.199999999999999845e-01 1.253373329999999965e-14 4.199999999999999845e-01 7.579586130000000033e-01 4.199999999999999845e-01 2.939865390000000043e-09 4.199999999999999845e-01 5.792273950000000176e-12 4.199999999999999845e-01 8.293185920000000519e-11 4.199999999999999845e-01 2.531689699999999980e-14 4.199999999999999845e-01 7.396272720000000023e-01 4.199999999999999845e-01 2.162332059999999992e-09 4.199999999999999845e-01 3.114083389999999851e-12 4.199999999999999845e-01 6.112391470000000575e-11 4.199999999999999845e-01 5.116395129999999844e-14 4.199999999999999845e-01 7.286490559999999617e-01 4.199999999999999845e-01 5.537533350000000453e-10 4.199999999999999845e-01 8.587099140000000668e-12 4.199999999999999845e-01 1.600661629999999979e-11 4.199999999999999845e-01 4.575906449999999692e-15 4.199999999999999845e-01 7.988977919999999955e-01 4.199999999999999845e-01 2.752883010000000081e-11 4.199999999999999845e-01 7.010796880000000335e-14 4.199999999999999845e-01 7.905992860000000238e-13 4.199999999999999845e-01 8.192039299999999821e-15 4.199999999999999845e-01 8.584101100000000040e-01 4.199999999999999845e-01 1.289925820000000028e-11 4.199999999999999845e-01 1.262005939999999952e-14 4.199999999999999845e-01 3.701130980000000104e-13 4.199999999999999845e-01 1.634235710000000128e-14 4.199999999999999845e-01 8.529277219999999993e-01 4.199999999999999845e-01 7.847949289999999810e-12 4.199999999999999845e-01 4.429212920000000305e-15 4.199999999999999845e-01 2.252003210000000012e-13 4.199999999999999845e-01 3.244547119999999805e-14 4.199999999999999845e-01 8.432280089999999451e-01 4.199999999999999845e-01 4.335336870000000357e-12 4.199999999999999845e-01 1.461725979999999925e-15 4.199999999999999845e-01 1.244134240000000116e-13 4.199999999999999845e-01 6.492942100000000403e-14 4.199999999999999845e-01 8.381896030000000053e-01
4.299999999999999933e-01 3.844836030000000061e-07 4.299999999999999933e-01 1.153348669999999941e-08 4.299999999999999933e-01 1.097872480000000020e-08 4.299999999999999933e-01 3.312051439999999986e-15 4.299999999999999933e-01 6.940850259999999938e-01 4.299999999999999933e-01 6.700028780000000017e-09 4.299999999999999933e-01 3.526298370000000300e-11 4.299999999999999933e-01 1.886317550000000104e-10 4.299999999999999933e-01 6.292545870000000018e-15 4.299999999999999933e-01 7.810251590000000244e-01 4.299999999999999933e-01 4.696432159999999783e-09 4.299999999999999933e-01 1.307757239999999935e-11 4.299999999999999933e-01 1.323233769999999930e-10 4.299999999999999933e-01 1.249389420000000000e-14 4.299999999999999933e-01 7.579586130000000033e-01 4.299999999999999933e-01 4.184158530000000021e-09 4.299999999999999933e-01 8.254489749999999351e-12 4.299999999999999933e-01 1.181887710000000025e-10 4.299999999999999933e-01 2.525635920000000020e-14 4.299999999999999933e-01 7.396272720000000023e-01 4.299999999999999933e-01 3.073901429999999860e-09 4.299999999999999933e-01 4.434210990000000031e-12 4.299999999999999933e-01 8.704033979999999976e-11 4.299999999999999933e-01 5.108848240000000177e-14 4.299999999999999933e-01 7.286490559999999617e-01 4.299999999999999933e-01 7.823293889999999523e-10 4.299999999999999933e-01 1.213263379999999954e-11 4.299999999999999933e-01 2.262143650000000059e-11 4.299999999999999933e-01 4.585180010000000087e-15 4.299999999999999933e-01 7.988977919999999955e-01 4.299999999999999933e-01 3.898982320000000060e-11 4.299999999999999933e-01 9.930317870000000233e-14 4.299999999999999933e-01 1.119876590000000041e-12 4.299999999999999933e-01 8.182653729999999871e-15 4.299999999999999933e-01 8.584101100000000040e-01 4.299999999999999933e-01 1.827517060000000112e-11 4.299999999999999933e-01 1.788187139999999936e-14 4.299999999999999933e-01 5.244285620000000120e-13 4.299999999999999933e-01 1.632779780000000038e-14 4.299999999999999933e-01 8.529277219999999993e-01 4.299999999999999933e-01 1.111797500000000019e-11 4.299999999999999933e-01 6.275689610000000092e-15 4.299999999999999933e-01 3.190833230000000033e-13 4.299999999999999933e-01 3.236605440000000219e-14 4.299999999999999933e-01 8.432280089999999451e-01 4.299999999999999933e-01 6.141495570000000061e-12 4.299999999999999933e-01 2.071041319999999983e-15 4.299999999999999933e-01 1.762748270000000108e-13 4.299999999999999933e-01 6.474157189999999510e-14 4.299999999999999933e-01 8.381896030000000053e-01
4.400000000000000022e-01 5.431375670000000467e-07 4.400000000000000022e-01 1.631271680000000094e-08 4.400000000000000022e-01 1.557206379999999924e-08 4.400000000000000022e-01 3.378524489999999904e-15 4.400000000000000022e-01 6.940850259999999938e-01 4.400000000000000022e-01 9.547202720000000820e-09 4.400000000000000022e-01 5.028449859999999884e-11 4.400000000000000022e-01 2.690324789999999905e-10 4.400000000000000022e-01 6.271614490000000141e-15 4.400000000000000022e-01 7.810251590000000244e-01 4.400000000000000022e-01 6.688914379999999880e-09 4.400000000000000022e-01 1.864562300000000160e-11 4.400000000000000022e-01 1.886667330000000007e-10 4.400000000000000022e-01 1.245580409999999944e-14 4.400000000000000022e-01 7.579586130000000033e-01 4.400000000000000022e-01 5.950666300000000151e-09 4.400000000000000022e-01 1.175722359999999992e-11 4.400000000000000022e-01 1.683488740000000017e-10 4.400000000000000022e-01 2.520205790000000111e-14 4.400000000000000022e-01 7.396272720000000023e-01 4.400000000000000022e-01 4.365517459999999889e-09 4.400000000000000022e-01 6.309679979999999655e-12 4.400000000000000022e-01 1.238638730000000056e-10 4.400000000000000022e-01 5.103272249999999707e-14 4.400000000000000022e-01 7.286490559999999617e-01 4.400000000000000022e-01 1.105041880000000042e-09 4.400000000000000022e-01 1.713903229999999883e-11 4.400000000000000022e-01 3.196576399999999797e-11 4.400000000000000022e-01 4.598261089999999703e-15 4.400000000000000022e-01 7.988977919999999955e-01 4.400000000000000022e-01 5.521865480000000316e-11 4.400000000000000022e-01 1.406488700000000005e-13 4.400000000000000022e-01 1.586224909999999967e-12 4.400000000000000022e-01 8.176310629999999620e-15 4.400000000000000022e-01 8.584101100000000040e-01 4.400000000000000022e-01 2.588965790000000017e-11 4.400000000000000022e-01 2.533631190000000055e-14 4.400000000000000022e-01 7.430485090000000091e-13 4.400000000000000022e-01 1.631967960000000102e-14 4.400000000000000022e-01 8.529277219999999993e-01 4.400000000000000022e-01 1.574915889999999968e-11 4.400000000000000022e-01 8.891422509999999970e-15 4.400000000000000022e-01 4.520788459999999965e-13 4.400000000000000022e-01 3.229155810000000081e-14 4.400000000000000022e-01 8.432280089999999451e-01 4.400000000000000022e-01 8.699294909999999465e-12 4.400000000000000022e-01 2.934161949999999980e-15 4.400000000000000022e-01 2.497387780000000096e-13 4.400000000000000022e-01 6.455881450000000032e-14 4.400000000000000022e-01 8.381896030000000053e-01
4.500000000000000111e-01 7.654715549999999610e-07 4.500000000000000111e-01 2.302337240000000002e-08 4.500000000000000111e-01 2.205302800000000132e-08 4.500000000000000111e-01 3.449343489999999921e-15 4.500000000000000111e-01 6.940850259999999938e-01 4.500000000000000111e-01 1.359752820000000055e-08 4.500000000000000111e-01 7.167751869999999734e-11 4.500000000000000111e-01 3.835701190000000234e-10 4.500000000000000111e-01 6.251447739999999861e-15 4.500000000000000111e-01 7.810251590000000244e-01 4.500000000000000111e-01 9.520965470000000762e-09 4.500000000000000111e-01 2.657308150000000016e-11 4.500000000000000111e-01 2.688890329999999926e-10 4.500000000000000111e-01 1.241966279999999984e-14 4.500000000000000111e-01 7.579586130000000033e-01 4.500000000000000111e-01 8.455514010000000176e-09 4.500000000000000111e-01 1.673597219999999988e-11 4.500000000000000111e-01 2.396536440000000042e-10 4.500000000000000111e-01 2.515487339999999866e-14 4.500000000000000111e-01 7.396272720000000023e-01 4.500000000000000111e-01 6.192713230000000338e-09 4.500000000000000111e-01 8.971127500000000540e-12 4.500000000000000111e-01 1.761291819999999965e-10 4.500000000000000111e-01 5.099982090000000110e-14 4.500000000000000111e-01 7.286490559999999617e-01 4.500000000000000111e-01 1.560513279999999951e-09 4.500000000000000111e-01 2.420612220000000032e-11 4.500000000000000111e-01 4.516307780000000181e-11 4.500000000000000111e-01 4.615630400000000344e-15 4.500000000000000111e-01 7.988977919999999955e-01 4.500000000000000111e-01 7.819622350000000625e-11 4.500000000000000111e-01 1.991967499999999913e-13 4.500000000000000111e-01 2.246655509999999954e-12 4.500000000000000111e-01 8.173428649999999425e-15 4.500000000000000111e-01 8.584101100000000040e-01 4.500000000000000111e-01 3.667356590000000128e-11 4.500000000000000111e-01 3.589620570000000194e-14 4.500000000000000111e-01 1.052744149999999988e-12 4.500000000000000111e-01 1.631889370000000052e-14 4.500000000000000111e-01 8.529277219999999993e-01 4.500000000000000111e-01 2.230713669999999992e-11 4.500000000000000111e-01 1.259653270000000069e-14 4.500000000000000111e-01 6.404634689999999541e-13 4.500000000000000111e-01 3.222258500000000214e-14 4.500000000000000111e-01 8.432280089999999451e-01 4.500000000000000111e-01 1.232095930000000044e-11 4.500000000000000111e-01 4.156679489999999627e-15 4.500000000000000111e-01 3.537927770000000239e-13 4.500000000000000111e-01 6.438162919999999629e-14 4.500000000000000111e-01 8.381896030000000053e-01
4.600000000000000200e-01 1.075838459999999897e-06 4.600000000000000200e-01 3.241273219999999781e-08 4.600000000000000200e-01 3.117399710000000247e-08 4.600000000000000200e-01 3.524448379999999807e-15 4.600000000000000200e-01 6.940850259999999938e-01 4.600000000000000200e-01 1.935481170000000145e-08 4.600000000000000200e-01 1.021260090000000036e-10 4.600000000000000200e-01 5.466501250000000081e-10 4.600000000000000200e-01 6.232127050000000295e-15 4.600000000000000200e-01 7.810251590000000244e-01 4.600000000000000200e-01 1.354242160000000016e-08 4.600000000000000200e-01 3.785203890000000132e-11 4.600000000000000200e-01 3.830350350000000125e-10 4.600000000000000200e-01 1.238570450000000006e-14 4.600000000000000200e-01 7.579586130000000033e-01 4.600000000000000200e-01 1.200218070000000023e-08 4.600000000000000200e-01 2.380555499999999933e-11 4.600000000000000200e-01 3.409185730000000201e-10 4.600000000000000200e-01 2.511585859999999891e-14 4.600000000000000200e-01 7.396272720000000023e-01 4.600000000000000200e-01 8.772683649999999453e-09 4.600000000000000200e-01 1.274288690000000027e-11 4.600000000000000200e-01 2.502180699999999745e-10 4.600000000000000200e-01 5.099353509999999685e-14 4.600000000000000200e-01 7.286490559999999617e-01 4.600000000000000200e-01 2.203112289999999918e-09 4.600000000000000200e-01 3.417859269999999719e-11 4.600000000000000200e-01 6.379736570000000318e-11 4.600000000000000200e-01 4.637812239999999912e-15 4.600000000000000200e-01 7.988977919999999955e-01 4.600000000000000200e-01 1.107246700000000010e-10 4.600000000000000200e-01 2.820953099999999781e-13 4.600000000000000200e-01 3.181858509999999963e-12 4.600000000000000200e-01 8.174484840000000172e-15 4.600000000000000200e-01 8.584101100000000040e-01 4.600000000000000200e-01 5.194389500000000320e-11 4.600000000000000200e-01 5.085380660000000170e-14 4.600000000000000200e-01 1.491414779999999976e-12 4.600000000000000200e-01 1.632645219999999967e-14 4.600000000000000200e-01 8.529277219999999993e-01 4.600000000000000200e-01 3.159193950000000252e-11 4.600000000000000200e-01 1.784411000000000115e-14 4.600000000000000200e-01 9.072747250000000320e-13 4.600000000000000200e-01 3.215984740000000101e-14 4.600000000000000200e-01 8.432280089999999451e-01 4.600000000000000200e-01 1.744801140000000090e-11 4.600000000000000200e-01 5.888025810000000310e-15 4.600000000000000200e-01 5.011559209999999527e-13 4.600000000000000200e-01 6.421057669999999882e-14 4.600000000000000200e-01 8.381896030000000053e-01
4.699999999999999734e-01 1.507112429999999921e-06 4.699999999999999734e-01 4.549517520000000100e-08 4.699999999999999734e-01 4.397160380000000103e-08 4.699999999999999734e-01 3.603732450000000236e-15 4.699999999999999734e-01 6.940850259999999938e-01 4.699999999999999734e-01 2.753061720000000056e-08 4.699999999999999734e-01 1.454316830000000043e-10 4.699999999999999734e-01 7.786961559999999878e-10 4.699999999999999734e-01 6.213747580000000086e-15 4.699999999999999734e-01 7.810251590000000244e-01 4.699999999999999734e-01 1.924618040000000035e-08 4.699999999999999734e-01 5.388640319999999890e-11 4.699999999999999734e-01 5.453232290000000065e-10 4.699999999999999734e-01 1.235420449999999945e-14 4.699999999999999734e-01 7.579586130000000033e-01 4.699999999999999734e-01 1.701537939999999901e-08 4.699999999999999734e-01 3.383187719999999902e-11 4.699999999999999734e-01 4.845673190000000229e-10 4.699999999999999734e-01 2.508627629999999856e-14 4.699999999999999734e-01 7.396272720000000023e-01 4.699999999999999734e-01 1.240739680000000062e-08 4.699999999999999734e-01 1.807958650000000092e-11 4.699999999999999734e-01 3.550859420000000083e-10 4.699999999999999734e-01 5.101832919999999784e-14 4.699999999999999734e-01 7.286490559999999617e-01 4.699999999999999734e-01 3.109305849999999803e-09 4.699999999999999734e-01 4.824498400000000097e-11 4.699999999999999734e-01 9.010057670000000432e-11 4.699999999999999734e-01 4.665372539999999856e-15 4.699999999999999734e-01 7.988977919999999955e-01 4.699999999999999734e-01 1.567666320000000125e-10 4.699999999999999734e-01 3.994576910000000144e-13 4.699999999999999734e-01 4.506014399999999816e-12 4.699999999999999734e-01 8.180019459999999254e-15 4.699999999999999734e-01 8.584101100000000040e-01 4.699999999999999734e-01 7.356336370000000222e-11 4.699999999999999734e-01 7.203809969999999970e-14 4.699999999999999734e-01 2.112701410000000162e-12 4.699999999999999734e-01 1.634349710000000113e-14 4.699999999999999734e-01 8.529277219999999993e-01 4.699999999999999734e-01 4.473467139999999885e-11 4.699999999999999734e-01 2.527527229999999979e-14 4.699999999999999734e-01 1.285110819999999993e-12 4.699999999999999734e-01 3.210418840000000023e-14 4.699999999999999734e-01 8.432280089999999451e-01 4.699999999999999734e-01 2.470454359999999851e-11 4.699999999999999734e-01 8.339612859999999328e-15 4.699999999999999734e-01 7.098230470000000369e-13 4.699999999999999734e-01 6.404631140000000369e-14 4.699999999999999734e-01 8.381896030000000053e-01
4.799999999999999822e-01 2.103172270000000034e-06 4.799999999999999822e-01 6.363361450000000375e-08 4.799999999999999822e-01 6.186399049999999593e-08 4.799999999999999822e-01 3.687039840000000082e-15 4.799999999999999822e-01 6.940850259999999938e-01 4.799999999999999822e-01 3.912770540000000010e-08 4.799999999999999822e-01 2.069704660000000077e-10 4.799999999999999822e-01 1.108622130000000021e-09 4.799999999999999822e-01 6.196420669999999699e-15 4.799999999999999822e-01 7.810251590000000244e-01 4.799999999999999822e-01 2.732484080000000037e-08 4.799999999999999822e-01 7.665909230000000603e-11 4.799999999999999822e-01 7.758445190000000104e-10 4.799999999999999822e-01 1.232548739999999952e-14 4.799999999999999822e-01 7.579586130000000033e-01 4.799999999999999822e-01 2.408712339999999886e-08 4.799999999999999822e-01 4.803095309999999879e-11 4.799999999999999822e-01 6.880627700000000352e-10 4.799999999999999822e-01 2.506764239999999919e-14 4.799999999999999822e-01 7.396272720000000023e-01 4.799999999999999822e-01 1.751449920000000084e-08 4.799999999999999822e-01 2.561602339999999968e-11 4.799999999999999822e-01 5.032567470000000438e-10 4.799999999999999822e-01 5.107947480000000161e-14 4.799999999999999822e-01 7.286490559999999617e-01 4.799999999999999822e-01 4.386527980000000255e-09 4.799999999999999822e-01 6.807604169999999855e-11 4.799999999999999822e-01 1.272154939999999979e-10 4.799999999999999822e-01 4.698914699999999614e-15 4.799999999999999822e-01 7.988977919999999955e-01 4.799999999999999822e-01 2.219238010000000110e-10 4.799999999999999822e-01 5.655870709999999695e-13 4.799999999999999822e-01 6.380655029999999793e-12 4.799999999999999822e-01 8.190640449999999237e-15 4.799999999999999822e-01 8.584101100000000040e-01 4.799999999999999822e-01 1.041654730000000046e-10 4.799999999999999822e-01 1.020370320000000041e-13 4.799999999999999822e-01 2.992504989999999995e-12 4.799999999999999822e-01 1.637130859999999845e-14 4.799999999999999822e-01 8.529277219999999993e-01 4.799999999999999822e-01 6.333375109999999984e-11 4.799999999999999822e-01 3.579690519999999823e-14 4.799999999999999822e-01 1.820083759999999884e-12 4.799999999999999822e-01 3.205660479999999706e-14 4.799999999999999822e-01 8.432280089999999451e-01 4.799999999999999822e-01 3.497224889999999911e-11 4.799999999999999822e-01 1.181043539999999952e-14 4.799999999999999822e-01 1.005244240000000010e-12 4.799999999999999822e-01 6.388959920000000238e-14 4.799999999999999822e-01 8.381896030000000053e-01
4.899999999999999911e-01 2.921811170000000203e-06 4.899999999999999911e-01 8.863723320000000307e-08 4.899999999999999911e-01 8.677507559999999876e-08 4.899999999999999911e-01 3.774164279999999799e-15 4.899999999999999911e-01 6.940850259999999938e-01 4.899999999999999911e-01 5.555543150000000040e-08 4.899999999999999911e-01 2.943290299999999762e-10 4.899999999999999911e-01 1.577290349999999945e-09 4.899999999999999911e-01 6.180276980000000066e-15 4.899999999999999911e-01 7.810251590000000244e-01 4.899999999999999911e-01 3.874849950000000267e-08 4.899999999999999911e-01 1.089644540000000034e-10 4.899999999999999911e-01 1.102927910000000032e-09 4.899999999999999911e-01 1.229993910000000021e-14 4.899999999999999911e-01 7.579586130000000033e-01 4.899999999999999911e-01 3.403874310000000043e-08 4.899999999999999911e-01 6.810452219999999591e-11 4.899999999999999911e-01 9.758750649999999828e-10 4.899999999999999911e-01 2.506177309999999884e-14 4.899999999999999911e-01 7.396272720000000023e-01 4.899999999999999911e-01 2.466810110000000040e-08 4.899999999999999911e-01 3.623442260000000090e-11 4.899999999999999911e-01 7.121745110000000075e-10 4.899999999999999911e-01 5.118315169999999994e-14 4.899999999999999911e-01 7.286490559999999617e-01 4.899999999999999911e-01 6.185532380000000098e-09 4.899999999999999911e-01 9.601765599999999914e-11 4.899999999999999911e-01 1.795637770000000008e-10 4.899999999999999911e-01 4.739072640000000227e-15 4.899999999999999911e-01 7.988977919999999955e-01 4.899999999999999911e-01 3.141114109999999824e-10 4.899999999999999911e-01 8.007057119999999926e-13 4.899999999999999911e-01 9.034234330000000689e-12 4.899999999999999911e-01 8.207027339999999260e-15 4.899999999999999911e-01 8.584101100000000040e-01 4.899999999999999911e-01 1.474716589999999906e-10 4.899999999999999911e-01 1.445112760000000047e-13 4.899999999999999911e-01 4.238189659999999620e-12 4.899999999999999911e-01 1.641131210000000005e-14 4.899999999999999911e-01 8.529277219999999993e-01 4.899999999999999911e-01 8.964669359999999963e-11 4.899999999999999911e-01 5.069134120000000121e-14 4.899999999999999911e-01 2.577396940000000075e-12 4.899999999999999911e-01 3.201827289999999743e-14 4.899999999999999911e-01 8.432280089999999451e-01 4.899999999999999911e-01 4.949597290000000206e-11 4.899999999999999911e-01 1.672317699999999947e-14 4.899999999999999911e-01 1.423398700000000030e-12 4.899999999999999911e-01 6.374133880000000031e-14 4.899999999999999911e-01 8.381896030000000053e-01
5.000000000000000000e-01 4.037973400000000203e-06 5.000000000000000000e-01 1.228737729999999895e-07 5.000000000000000000e-01 1.212896769999999892e-07 5.000000000000000000e-01 3.864849039999999855e-15 5.000000000000000000e-01 6.940850259999999938e-01 5.000000000000000000e-01 7.878827759999999964e-08 5.000000000000000000e-01 4.181879480000000100e-10 5.000000000000000000e-01 2.242328689999999800e-09 5.000000000000000000e-01 6.165470460000000289e-15 5.000000000000000000e-01 7.810251590000000244e-01 5.000000000000000000e-01 5.487076589999999863e-08 5.000000000000000000e-01 1.547294939999999971e-10 5.000000000000000000e-01 1.566418650000000040e-09 5.000000000000000000e-01 1.227802020000000063e-14 5.000000000000000000e-01 7.579586130000000033e-01 5.000000000000000000e-01 4.800339440000000307e-08 5.000000000000000000e-01 9.642407430000000442e-11 5.000000000000000000e-01 1.382168150000000025e-09 5.000000000000000000e-01 2.507083680000000152e-14 5.000000000000000000e-01 7.396272720000000023e-01 5.000000000000000000e-01 3.465177079999999794e-08 5.000000000000000000e-01 5.115398120000000322e-11 5.000000000000000000e-01 1.006021770000000033e-09 5.000000000000000000e-01 5.133654429999999938e-14 5.000000000000000000e-01 7.286490559999999617e-01 5.000000000000000000e-01 8.717547320000000004e-09 5.000000000000000000e-01 1.353591989999999948e-10 5.000000000000000000e-01 2.533602700000000052e-10 5.000000000000000000e-01 4.786500379999999908e-15 5.000000000000000000e-01 7.988977919999999955e-01 5.000000000000000000e-01 4.445079150000000162e-10 5.000000000000000000e-01 1.133392719999999995e-12 5.000000000000000000e-01 1.278974230000000010e-11 5.000000000000000000e-01 8.229934129999999258e-15 5.000000000000000000e-01 8.584101100000000040e-01 5.000000000000000000e-01 2.087377199999999968e-10 5.000000000000000000e-01 2.046368819999999928e-13 5.000000000000000000e-01 6.001567510000000100e-12 5.000000000000000000e-01 1.646508190000000017e-14 5.000000000000000000e-01 8.529277219999999993e-01 5.000000000000000000e-01 1.268597160000000060e-10 5.000000000000000000e-01 7.177096279999999694e-14 5.000000000000000000e-01 3.649207970000000159e-12 5.000000000000000000e-01 3.199057560000000164e-14 5.000000000000000000e-01 8.432280089999999451e-01 5.000000000000000000e-01 7.003198470000000134e-11 5.000000000000000000e-01 2.367507829999999925e-14 5.000000000000000000e-01 2.015125809999999800e-12 5.000000000000000000e-01 6.360258910000000565e-14 5.000000000000000000e-01 8.381896030000000053e-01
5.100000000000000089e-01 5.547106119999999973e-06 5.100000000000000089e-01 1.693912100000000053e-07 5.100000000000000089e-01 1.688418110000000000e-07 5.100000000000000089e-01 3.958788380000000077e-15 5.100000000000000089e-01 6.940850259999999938e-01 5.100000000000000089e-01 1.115818789999999974e-07 5.100000000000000089e-01 5.935395429999999492e-10 5.100000000000000089e-01 3.184807180000000142e-09 5.100000000000000089e-01 6.152183539999999868e-15 5.100000000000000089e-01 7.810251590000000244e-01 5.100000000000000089e-01 7.757186399999999772e-08 5.100000000000000089e-01 2.194547080000000057e-10 5.100000000000000089e-01 2.222193730000000026e-09 5.100000000000000089e-01 1.226028300000000075e-14 5.100000000000000089e-01 7.579586130000000033e-01 5.100000000000000089e-01 6.753430000000000408e-08 5.100000000000000089e-01 1.362777350000000109e-10 5.100000000000000089e-01 1.954435429999999830e-09 5.100000000000000089e-01 2.509740860000000115e-14 5.100000000000000089e-01 7.396272720000000023e-01 5.100000000000000089e-01 4.852614650000000258e-08 5.100000000000000089e-01 7.204818550000000203e-11 5.100000000000000089e-01 1.418139020000000004e-09 5.100000000000000089e-01 5.154792850000000247e-14 5.100000000000000089e-01 7.286490559999999617e-01 5.100000000000000089e-01 1.227801769999999985e-08 5.100000000000000089e-01 1.907055410000000107e-10 5.100000000000000089e-01 3.573300729999999794e-10 5.100000000000000089e-01 4.841857469999999817e-15 5.100000000000000089e-01 7.988977919999999955e-01 5.100000000000000089e-01 6.288904720000000002e-10 5.100000000000000089e-01 1.604017699999999950e-12 5.100000000000000089e-01 1.810363659999999985e-11 5.100000000000000089e-01 8.260190779999999686e-15 5.100000000000000089e-01 8.584101100000000040e-01 5.100000000000000089e-01 2.953813559999999995e-10 5.100000000000000089e-01 2.897292249999999751e-13 5.100000000000000089e-01 8.497202500000000416e-12 5.100000000000000089e-01 1.653434270000000068e-14 5.100000000000000089e-01 8.529277219999999993e-01 5.100000000000000089e-01 1.794661480000000011e-10 5.100000000000000089e-01 1.015958970000000041e-13 5.100000000000000089e-01 5.165701240000000323e-12 5.100000000000000089e-01 3.197513090000000238e-14 5.100000000000000089e-01 8.432280089999999451e-01 5.100000000000000089e-01 9.905589750000000504e-11 5.100000000000000089e-01 3.350951839999999895e-14 5.100000000000000089e-01 2.852220640000000024e-12 5.100000000000000089e-01 6.347460310000000104e-14 5.100000000000000089e-01 8.381896030000000053e-01
5.200000000000000178e-01 7.568278760000000059e-06 5.200000000000000178e-01 2.320391129999999905e-07 5.200000000000000178e-01 2.339356899999999983e-07 5.200000000000000178e-01 4.055630429999999917e-15 5.200000000000000178e-01 6.940850259999999938e-01 5.200000000000000178e-01 1.577645160000000014e-07 5.200000000000000178e-01 8.413547139999999632e-10 5.200000000000000178e-01 4.518435640000000390e-09 5.200000000000000178e-01 6.140633599999999896e-15 5.200000000000000178e-01 7.810251590000000244e-01 5.200000000000000178e-01 1.094496189999999983e-07 5.200000000000000178e-01 3.108137599999999836e-10 5.200000000000000178e-01 3.148338089999999874e-09 5.200000000000000178e-01 1.224739280000000069e-14 5.200000000000000178e-01 7.579586130000000033e-01 5.200000000000000178e-01 9.474442870000000056e-08 5.200000000000000178e-01 1.921968390000000099e-10 5.200000000000000178e-01 2.758370270000000023e-09 5.200000000000000178e-01 2.514452470000000014e-14 5.200000000000000178e-01 7.396272720000000023e-01 5.200000000000000178e-01 6.771339990000000563e-08 5.200000000000000178e-01 1.011954669999999974e-10 5.200000000000000178e-01 1.994202930000000024e-09 5.200000000000000178e-01 5.182674259999999807e-14 5.200000000000000178e-01 7.286490559999999617e-01 5.200000000000000178e-01 1.727933000000000138e-08 5.200000000000000178e-01 2.684908780000000238e-10 5.200000000000000178e-01 5.037056620000000014e-10 5.200000000000000178e-01 4.905789799999999629e-15 5.200000000000000178e-01 7.988977919999999955e-01 5.200000000000000178e-01 8.895102990000000108e-10 5.200000000000000178e-01 2.269571700000000165e-12 5.200000000000000178e-01 2.562067819999999839e-11 5.200000000000000178e-01 8.298702610000000055e-15 5.200000000000000178e-01 8.584101100000000040e-01 5.200000000000000178e-01 4.178629200000000234e-10 5.200000000000000178e-01 4.101215139999999908e-13 5.200000000000000178e-01 1.202818560000000055e-11 5.200000000000000178e-01 1.662096459999999937e-14 5.200000000000000178e-01 8.529277219999999993e-01 5.200000000000000178e-01 2.537965639999999990e-10 5.200000000000000178e-01 1.437801490000000116e-13 5.200000000000000178e-01 7.310661550000000765e-12 5.200000000000000178e-01 3.197382209999999820e-14 5.200000000000000178e-01 8.432280089999999451e-01 5.200000000000000178e-01 1.400536400000000046e-10 5.200000000000000178e-01 4.741660209999999786e-14 5.200000000000000178e-01 4.036001209999999738e-12 5.200000000000000178e-01 6.335886900000000256e-14 5.200000000000000178e-01 8.381896030000000053e-01
5.300000000000000266e-01 1.024659250000000061e-05 5.300000000000000266e-01 3.155748130000000018e-07 5.300000000000000266e-01 3.223948130000000059e-07 5.300000000000000266e-01 4.154981570000000034e-15 5.300000000000000266e-01 6.940850259999999938e-01 5.300000000000000266e-01 2.226257639999999888e-07 5.300000000000000266e-01 1.190843490000000032e-09 5.300000000000000266e-01 6.402142399999999918e-09 5.300000000000000266e-01 6.131081040000000034e-15 5.300000000000000266e-01 7.810251590000000244e-01 5.300000000000000266e-01 1.540709399999999978e-07 5.300000000000000266e-01 4.394605379999999878e-10 5.300000000000000266e-01 4.453521950000000355e-09 5.300000000000000266e-01 1.224015049999999982e-14 5.300000000000000266e-01 7.579586130000000033e-01 5.300000000000000266e-01 1.324833210000000089e-07 5.300000000000000266e-01 2.703803760000000113e-10 5.300000000000000266e-01 3.884314320000000013e-09 5.300000000000000266e-01 2.521573599999999974e-14 5.300000000000000266e-01 7.396272720000000023e-01 5.300000000000000266e-01 9.410026369999999527e-08 5.300000000000000266e-01 1.416678310000000084e-10 5.300000000000000266e-01 2.796340759999999956e-09 5.300000000000000266e-01 5.218363200000000071e-14 5.300000000000000266e-01 7.286490559999999617e-01 5.300000000000000266e-01 2.429570339999999940e-08 5.300000000000000266e-01 3.776852679999999987e-10 5.300000000000000266e-01 7.096090429999999897e-10 5.300000000000000266e-01 4.978905470000000303e-15 5.300000000000000266e-01 7.988977919999999955e-01 5.300000000000000266e-01 1.257721549999999952e-09 5.300000000000000266e-01 3.210454719999999975e-12 5.300000000000000266e-01 3.625107949999999715e-11 5.300000000000000266e-01 8.346446739999999571e-15 5.300000000000000266e-01 8.584101100000000040e-01 5.300000000000000266e-01 5.909191879999999836e-10 5.300000000000000266e-01 5.804001590000000340e-13 5.300000000000000266e-01 1.702238530000000025e-11 5.300000000000000266e-01 1.672695280000000124e-14 5.300000000000000266e-01 8.529277219999999993e-01 5.300000000000000266e-01 3.587597970000000158e-10 5.300000000000000266e-01 2.034214529999999902e-13 5.300000000000000266e-01 1.034334589999999920e-11 5.300000000000000266e-01 3.198882669999999781e-14 5.300000000000000266e-01 8.432280089999999451e-01 5.300000000000000266e-01 1.979276609999999957e-10 5.300000000000000266e-01 6.707426720000000011e-14 5.300000000000000266e-01 5.709330350000000069e-12 5.300000000000000266e-01 6.325715959999999394e-14 5.300000000000000266e-01 8.381896030000000053e-01
5.400000000000000355e-01 1.375432430000000023e-05 5.400000000000000355e-01 4.257349159999999801e-07 5.400000000000000355e-01 4.416292909999999871e-07 5.400000000000000355e-01 4.256412269999999665e-15 5.400000000000000355e-01 6.940850259999999938e-01 5.400000000000000355e-01 3.134272589999999781e-07 5.400000000000000355e-01 1.682486610000000044e-09 5.400000000000000355e-01 9.057128310000000671e-09 5.400000000000000355e-01 6.123838929999999926e-15 5.400000000000000355e-01 7.810251590000000244e-01 5.400000000000000355e-01 2.162977369999999946e-07 5.400000000000000355e-01 6.201008309999999785e-10 5.400000000000000355e-01 6.288253219999999945e-09 5.400000000000000355e-01 1.223951989999999976e-14 5.400000000000000355e-01 7.579586130000000033e-01 5.400000000000000355e-01 1.845560849999999924e-07 5.400000000000000355e-01 3.792345650000000102e-10 5.400000000000000355e-01 5.455681310000000173e-09 5.400000000000000355e-01 2.531515740000000061e-14 5.400000000000000355e-01 7.396272720000000023e-01 5.400000000000000355e-01 1.301604449999999951e-07 5.400000000000000355e-01 1.975594870000000083e-10 5.400000000000000355e-01 3.908371889999999753e-09 5.400000000000000355e-01 5.263045650000000190e-14 5.400000000000000355e-01 7.286490559999999617e-01 5.400000000000000355e-01 3.412442289999999919e-08 5.400000000000000355e-01 5.307611179999999711e-10 5.400000000000000355e-01 9.989605869999999387e-10 5.400000000000000355e-01 5.061745599999999867e-15 5.400000000000000355e-01 7.988977919999999955e-01 5.400000000000000355e-01 1.777658970000000004e-09 5.400000000000000355e-01 4.539996780000000041e-12 5.400000000000000355e-01 5.127889900000000057e-11 5.400000000000000355e-01 8.404464800000000023e-15 5.400000000000000355e-01 8.584101100000000040e-01 5.400000000000000355e-01 8.352877709999999526e-10 5.400000000000000355e-01 8.211392450000000012e-13 5.400000000000000355e-01 2.408335550000000072e-11 5.400000000000000355e-01 1.685442730000000011e-14 5.400000000000000355e-01 8.529277219999999993e-01 5.400000000000000355e-01 5.068759929999999667e-10 5.400000000000000355e-01 2.877037079999999897e-13 5.400000000000000355e-01 1.462914710000000087e-11 5.400000000000000355e-01 3.202264569999999900e-14 5.400000000000000355e-01 8.432280089999999451e-01 5.400000000000000355e-01 2.795623630000000153e-10 5.400000000000000355e-01 9.484583510000000301e-14 5.400000000000000355e-01 8.073453239999999463e-12 5.400000000000000355e-01 6.317158969999999834e-14 5.400000000000000355e-01 8.381896030000000053e-01
5.500000000000000444e-01 1.829028430000000110e-05 5.500000000000000444e-01 5.692504359999999854e-07 5.500000000000000444e-01 6.009060569999999893e-07 5.500000000000000444e-01 4.359464020000000107e-15 5.500000000000000444e-01 6.940850259999999938e-01 5.500000000000000444e-01 4.400623369999999917e-07 5.500000000000000444e-01 2.372045559999999963e-09 5.500000000000000444e-01 1.278975040000000055e-08 5.500000000000000444e-01 6.119284320000000317e-15 5.500000000000000444e-01 7.810251590000000244e-01 5.500000000000000444e-01 3.027014950000000008e-07 5.500000000000000444e-01 8.728919600000000166e-10 5.500000000000000444e-01 8.859820749999999532e-09 5.500000000000000444e-01 1.224665589999999925e-14 5.500000000000000444e-01 7.579586130000000033e-01 5.500000000000000444e-01 2.559880490000000213e-07 5.500000000000000444e-01 5.300397589999999829e-10 5.500000000000000444e-01 7.639797100000000756e-09 5.500000000000000444e-01 2.544750899999999862e-14 5.500000000000000444e-01 7.396272720000000023e-01 5.500000000000000444e-01 1.790961079999999991e-07 5.500000000000000444e-01 2.742524240000000128e-10 5.500000000000000444e-01 5.442369520000000028e-09 5.500000000000000444e-01 5.318024249999999770e-14 5.500000000000000444e-01 7.286490559999999617e-01 5.500000000000000444e-01 4.786881569999999918e-08 5.500000000000000444e-01 7.450071869999999541e-10 5.500000000000000444e-01 1.405103829999999936e-09 5.500000000000000444e-01 5.154750920000000223e-15 5.500000000000000444e-01 7.988977919999999955e-01 5.500000000000000444e-01 2.511370069999999881e-09 5.500000000000000444e-01 6.417787499999999628e-12 5.500000000000000444e-01 7.251409009999999607e-11 5.500000000000000444e-01 8.473850620000000114e-15 5.500000000000000444e-01 8.584101100000000040e-01 5.500000000000000444e-01 1.180110850000000035e-09 5.500000000000000444e-01 1.161331280000000032e-12 5.500000000000000444e-01 3.406170089999999946e-11 5.500000000000000444e-01 1.700559239999999986e-14 5.500000000000000444e-01 8.529277219999999993e-01 5.500000000000000444e-01 7.157122679999999937e-10 5.500000000000000444e-01 4.067394479999999899e-13 5.500000000000000444e-01 2.068249419999999864e-11 5.500000000000000444e-01 3.207813040000000276e-14 5.500000000000000444e-01 8.432280089999999451e-01 5.500000000000000444e-01 3.946085050000000043e-10 5.500000000000000444e-01 1.340559119999999901e-13 5.500000000000000444e-01 1.141152660000000000e-11 5.500000000000000444e-01 6.310468039999999413e-14 5.500000000000000444e-01 8.381896030000000053e-01
5.600000000000000533e-01 2.407705369999999960e-05 5.600000000000000533e-01 7.537858049999999518e-07 5.600000000000000533e-01 8.116022189999999909e-07 5.600000000000000533e-01 4.463657370000000118e-15 5.600000000000000533e-01 6.940850259999999938e-01 5.600000000000000533e-01 6.158901269999999756e-07 5.600000000000000533e-01 3.335777690000000084e-09 5.600000000000000533e-01 1.802185409999999900e-08 5.600000000000000533e-01 6.117871019999999967e-15 5.600000000000000533e-01 7.810251590000000244e-01 5.600000000000000533e-01 4.220794009999999761e-07 5.600000000000000533e-01 1.225232879999999922e-09 5.600000000000000533e-01 1.245188149999999988e-08 5.600000000000000533e-01 1.226293469999999981e-14 5.600000000000000533e-01 7.579586130000000033e-01 5.600000000000000533e-01 3.533362239999999737e-07 5.600000000000000533e-01 7.377452649999999600e-10 5.600000000000000533e-01 1.066162039999999955e-08 5.600000000000000533e-01 2.561814539999999843e-14 5.600000000000000533e-01 7.396272720000000023e-01 5.600000000000000533e-01 2.449969890000000197e-07 5.600000000000000533e-01 3.787075770000000198e-10 5.600000000000000533e-01 7.546726929999999822e-09 5.600000000000000533e-01 5.384705939999999831e-14 5.600000000000000533e-01 7.286490559999999617e-01 5.600000000000000533e-01 6.704983519999999531e-08 5.600000000000000533e-01 1.044302370000000013e-09 5.600000000000000533e-01 1.974396690000000068e-09 5.600000000000000533e-01 5.258225090000000343e-15 5.600000000000000533e-01 7.988977919999999955e-01 5.600000000000000533e-01 3.545956610000000021e-09 5.600000000000000533e-01 9.068294950000000359e-12 5.600000000000000533e-01 1.025053840000000011e-10 5.600000000000000533e-01 8.555731880000000342e-15 5.600000000000000533e-01 8.584101100000000040e-01 5.600000000000000533e-01 1.666275250000000098e-09 5.600000000000000533e-01 1.641786169999999985e-12 5.600000000000000533e-01 4.815491429999999969e-11 5.600000000000000533e-01 1.718269220000000035e-14 5.600000000000000533e-01 8.529277219999999993e-01 5.600000000000000533e-01 1.009870490000000061e-09 5.600000000000000533e-01 5.747448819999999997e-13 5.600000000000000533e-01 2.922672620000000246e-11 5.600000000000000533e-01 3.215850629999999949e-14 5.600000000000000533e-01 8.432280089999999451e-01 5.600000000000000533e-01 5.565670069999999560e-10 5.600000000000000533e-01 1.893745979999999975e-13 5.600000000000000533e-01 1.612141159999999897e-11 5.600000000000000533e-01 6.305943199999999967e-14 5.600000000000000533e-01 8.381896030000000053e-01
5.699999999999999512e-01 3.135610740000000180e-05 5.699999999999999512e-01 9.877894979999999058e-07 5.699999999999999512e-01 1.087420029999999982e-06 5.699999999999999512e-01 4.568500599999999876e-15 5.699999999999999512e-01 6.940850259999999938e-01 5.699999999999999512e-01 8.587637760000000340e-07 5.699999999999999512e-01 4.677077610000000048e-09 5.699999999999999512e-01 2.533040570000000112e-08 5.699999999999999512e-01 6.120143690000000212e-15 5.699999999999999512e-01 7.810251590000000244e-01 5.699999999999999512e-01 5.860813679999999508e-07 5.699999999999999512e-01 1.713993770000000036e-09 5.699999999999999512e-01 1.744975779999999964e-08 5.699999999999999512e-01 1.228998470000000012e-14 5.699999999999999512e-01 7.579586130000000033e-01 5.699999999999999512e-01 4.850460020000000216e-07 5.699999999999999512e-01 1.021871800000000065e-09 5.699999999999999512e-01 1.482080670000000042e-08 5.699999999999999512e-01 2.583306669999999893e-14 5.699999999999999512e-01 7.396272720000000023e-01 5.699999999999999512e-01 3.330149939999999992e-07 5.699999999999999512e-01 5.197584989999999642e-10 5.699999999999999512e-01 1.041589429999999982e-08 5.699999999999999512e-01 5.464579459999999921e-14 5.699999999999999512e-01 7.286490559999999617e-01 5.699999999999999512e-01 9.375479869999999516e-08 5.699999999999999512e-01 1.461490489999999997e-09 5.699999999999999512e-01 2.771096400000000171e-09 5.699999999999999512e-01 5.372296979999999902e-15 5.699999999999999512e-01 7.988977919999999955e-01 5.699999999999999512e-01 5.003477779999999803e-09 5.699999999999999512e-01 1.280680100000000049e-11 5.699999999999999512e-01 1.448376669999999917e-10 5.699999999999999512e-01 8.651244469999999726e-15 5.699999999999999512e-01 8.584101100000000040e-01 5.699999999999999512e-01 2.351036299999999834e-09 5.699999999999999512e-01 2.319871589999999918e-12 5.699999999999999512e-01 6.804669869999999767e-11 5.699999999999999512e-01 1.738795119999999866e-14 5.699999999999999512e-01 8.529277219999999993e-01 5.699999999999999512e-01 1.423727529999999961e-09 5.699999999999999512e-01 8.116736040000000467e-13 5.699999999999999512e-01 4.127741419999999870e-11 5.699999999999999512e-01 3.226739149999999728e-14 5.699999999999999512e-01 8.432280089999999451e-01 5.699999999999999512e-01 7.842793530000000385e-10 5.699999999999999512e-01 2.673506719999999970e-13 5.699999999999999512e-01 2.276123590000000011e-11 5.699999999999999512e-01 6.303939970000000594e-14 5.699999999999999512e-01 8.381896030000000053e-01
5.799999999999999600e-01 4.038122540000000038e-05 5.799999999999999600e-01 1.280256489999999977e-06 5.799999999999999600e-01 1.444544050000000017e-06 5.799999999999999600e-01 4.673498690000000151e-15 5.799999999999999600e-01 6.940850259999999938e-01 5.799999999999999600e-01 1.192259790000000042e-06 5.799999999999999600e-01 6.534715890000000046e-09 5.799999999999999600e-01 3.549841279999999722e-08 5.799999999999999600e-01 6.126752659999999927e-15 5.799999999999999600e-01 7.810251590000000244e-01 5.799999999999999600e-01 8.099514470000000311e-07 5.799999999999999600e-01 2.388199529999999854e-09 5.799999999999999600e-01 2.437257659999999997e-08 5.799999999999999600e-01 1.232971480000000045e-14 5.799999999999999600e-01 7.579586130000000033e-01 5.799999999999999600e-01 6.618490230000000167e-07 5.799999999999999600e-01 1.407469279999999998e-09 5.799999999999999600e-01 2.051254950000000011e-08 5.799999999999999600e-01 2.609890089999999958e-14 5.799999999999999600e-01 7.396272720000000023e-01 5.799999999999999600e-01 4.495518830000000001e-07 5.799999999999999600e-01 7.083700919999999809e-10 5.799999999999999600e-01 1.430192900000000015e-08 5.799999999999999600e-01 5.559179839999999773e-14 5.799999999999999600e-01 7.286490559999999617e-01 5.799999999999999600e-01 1.308336729999999971e-07 5.799999999999999600e-01 2.041529629999999883e-09 5.799999999999999600e-01 3.883960140000000103e-09 5.799999999999999600e-01 5.496884590000000252e-15 5.799999999999999600e-01 7.988977919999999955e-01 5.799999999999999600e-01 7.054627789999999945e-09 5.799999999999999600e-01 1.807541170000000141e-11 5.799999999999999600e-01 2.045462989999999967e-10 5.799999999999999600e-01 8.761498820000000290e-15 5.799999999999999600e-01 8.584101100000000040e-01 5.799999999999999600e-01 3.314390759999999837e-09 5.799999999999999600e-01 3.276103220000000147e-12 5.799999999999999600e-01 9.610082869999999983e-11 5.799999999999999600e-01 1.762349769999999974e-14 5.799999999999999600e-01 8.529277219999999993e-01 5.799999999999999600e-01 2.005193479999999972e-09 5.799999999999999600e-01 1.145479480000000025e-12 5.799999999999999600e-01 5.825792389999999480e-11 5.799999999999999600e-01 3.240880679999999797e-14 5.799999999999999600e-01 8.432280089999999451e-01 5.799999999999999600e-01 1.103965870000000073e-09 5.799999999999999600e-01 3.771484369999999858e-13 5.799999999999999600e-01 3.211246429999999710e-11 5.799999999999999600e-01 6.304877519999999982e-14 5.799999999999999600e-01 8.381896030000000053e-01
5.899999999999999689e-01 5.141091199999999882e-05 5.899999999999999689e-01 1.640417700000000042e-06 5.899999999999999689e-01 1.901726780000000095e-06 5.899999999999999689e-01 4.778162379999999889e-15 5.899999999999999689e-01 6.940850259999999938e-01 5.899999999999999689e-01 1.647094980000000079e-06 5.899999999999999689e-01 9.092725579999999637e-09 5.899999999999999689e-01 4.957909939999999872e-08 5.899999999999999689e-01 6.138469219999999877e-15 5.899999999999999689e-01 7.810251590000000244e-01 5.899999999999999689e-01 1.113379499999999968e-06 5.899999999999999689e-01 3.312116370000000098e-09 5.899999999999999689e-01 3.391338150000000150e-08 5.899999999999999689e-01 1.238434230000000076e-14 5.899999999999999689e-01 7.579586130000000033e-01 5.899999999999999689e-01 8.971965110000000098e-07 5.899999999999999689e-01 1.926034800000000100e-09 5.899999999999999689e-01 2.825258220000000076e-08 5.899999999999999689e-01 2.642285040000000053e-14 5.899999999999999689e-01 7.396272720000000023e-01 5.899999999999999689e-01 6.024572209999999871e-07 5.899999999999999689e-01 9.578107530000000913e-10 5.899999999999999689e-01 1.952797669999999876e-08 5.899999999999999689e-01 5.670037119999999702e-14 5.899999999999999689e-01 7.286490559999999617e-01 5.899999999999999689e-01 1.821552149999999913e-07 5.899999999999999689e-01 2.845624220000000127e-09 5.899999999999999689e-01 5.435096720000000255e-09 5.899999999999999689e-01 5.631664059999999749e-15 5.899999999999999689e-01 7.988977919999999955e-01 5.899999999999999689e-01 9.937536739999999946e-09 5.899999999999999689e-01 2.549286319999999910e-11 5.899999999999999689e-01 2.886925249999999910e-10 5.899999999999999689e-01 8.887537480000000505e-15 5.899999999999999689e-01 8.584101100000000040e-01 5.899999999999999689e-01 4.667815170000000318e-09 5.899999999999999689e-01 4.623272269999999805e-12 5.899999999999999689e-01 1.356299810000000095e-10 5.899999999999999689e-01 1.789127049999999846e-14 5.899999999999999689e-01 8.529277219999999993e-01 5.899999999999999689e-01 2.820835469999999829e-09 5.899999999999999689e-01 1.615236899999999919e-12 5.899999999999999689e-01 8.215905800000000278e-11 5.899999999999999689e-01 3.258717380000000065e-14 5.899999999999999689e-01 8.432280089999999451e-01 5.899999999999999689e-01 1.551995489999999986e-09 5.899999999999999689e-01 5.315609730000000294e-13 5.899999999999999689e-01 4.526683750000000240e-11 5.899999999999999689e-01 6.309246759999999675e-14 5.899999999999999689e-01 8.381896030000000053e-01
5.999999999999999778e-01 6.470063929999999664e-05 5.999999999999999778e-01 2.077384800000000138e-06 5.999999999999999778e-01 2.480296920000000046e-06 5.999999999999999778e-01 4.882016780000000183e-15 5.999999999999999778e-01 6.940850259999999938e-01 5.999999999999999778e-01 2.262689749999999828e-06 5.999999999999999778e-01 1.259176789999999999e-08 5.999999999999999778e-01 6.897502830000000131e-08 5.999999999999999778e-01 6.156200540000000028e-15 5.999999999999999778e-01 7.810251590000000244e-01 5.999999999999999778e-01 1.521451019999999950e-06 5.999999999999999778e-01 4.568586490000000121e-09 5.999999999999999778e-01 4.698826499999999873e-08 5.999999999999999778e-01 1.245641370000000012e-14 5.999999999999999778e-01 7.579586130000000033e-01 5.999999999999999778e-01 1.207720749999999985e-06 5.999999999999999778e-01 2.616246869999999847e-09 5.999999999999999778e-01 3.870666230000000033e-08 5.999999999999999778e-01 2.681258459999999989e-14 5.999999999999999778e-01 7.396272720000000023e-01 5.999999999999999778e-01 8.012311090000000345e-07 5.999999999999999778e-01 1.283677020000000019e-09 5.999999999999999778e-01 2.650376309999999922e-08 5.999999999999999778e-01 5.798607059999999512e-14 5.999999999999999778e-01 7.286490559999999617e-01 5.999999999999999778e-01 2.529371300000000054e-07 5.999999999999999778e-01 3.956581509999999902e-09 5.999999999999999778e-01 7.591737209999999863e-09 5.999999999999999778e-01 5.776047760000000061e-15 5.999999999999999778e-01 7.988977919999999955e-01 5.999999999999999778e-01 1.398346999999999948e-08 5.999999999999999778e-01 3.592309740000000161e-11 5.999999999999999778e-01 4.071597149999999900e-10 5.999999999999999778e-01 9.030284139999999728e-15 5.999999999999999778e-01 8.584101100000000040e-01 5.999999999999999778e-01 6.566175699999999627e-09 5.999999999999999778e-01 6.519030280000000345e-12 5.999999999999999778e-01 1.912670459999999902e-10 5.999999999999999778e-01 1.819290899999999942e-14 5.999999999999999778e-01 8.529277219999999993e-01 5.999999999999999778e-01 3.962815039999999588e-09 5.999999999999999778e-01 2.275420100000000070e-12 5.999999999999999778e-01 1.157585859999999943e-10 5.999999999999999778e-01 3.280729549999999888e-14 5.999999999999999778e-01 8.432280089999999451e-01 5.999999999999999778e-01 2.178621769999999892e-09 5.999999999999999778e-01 7.483952010000000467e-13 5.999999999999999778e-01 6.374561970000000099e-11 5.999999999999999778e-01 6.317618420000000102e-14 5.999999999999999778e-01 8.381896030000000053e-01
6.099999999999999867e-01 8.049555689999999967e-05 6.099999999999999867e-01 2.599786369999999976e-06 6.099999999999999867e-01 3.204092080000000021e-06 6.099999999999999867e-01 4.984609329999999681e-15 6.099999999999999867e-01 6.940850259999999938e-01 6.099999999999999867e-01 3.088805919999999847e-06 6.099999999999999867e-01 1.734147009999999888e-08 6.099999999999999867e-01 9.553330229999999467e-08 6.099999999999999867e-01 6.181003640000000188e-15 6.099999999999999867e-01 7.810251590000000244e-01 6.099999999999999867e-01 2.065675980000000087e-06 6.099999999999999867e-01 6.262310459999999628e-09 6.099999999999999867e-01 6.479541289999999979e-08 6.099999999999999867e-01 1.254881960000000033e-14 6.099999999999999867e-01 7.579586130000000033e-01 6.099999999999999867e-01 1.613712580000000004e-06 6.099999999999999867e-01 3.524329100000000094e-09 6.099999999999999867e-01 5.272476330000000293e-08 6.099999999999999867e-01 2.727606669999999970e-14 6.099999999999999867e-01 7.396272720000000023e-01 6.099999999999999867e-01 1.057218539999999932e-06 6.099999999999999867e-01 1.703712229999999907e-09 6.099999999999999867e-01 3.574308700000000243e-08 6.099999999999999867e-01 5.946183090000000152e-14 6.099999999999999867e-01 7.286490559999999617e-01 6.099999999999999867e-01 3.501661269999999978e-07 6.099999999999999867e-01 5.485665000000000205e-09 6.099999999999999867e-01 1.058174280000000079e-08 6.099999999999999867e-01 5.929175059999999941e-15 6.099999999999999867e-01 7.988977919999999955e-01 6.099999999999999867e-01 1.965173050000000132e-08 6.099999999999999867e-01 5.056917349999999747e-11 6.099999999999999867e-01 5.737504369999999706e-10 6.099999999999999867e-01 9.190485179999999265e-15 6.099999999999999867e-01 8.584101100000000040e-01 6.099999999999999867e-01 9.223847729999999348e-09 6.099999999999999867e-01 9.183147960000000219e-12 6.099999999999999867e-01 2.694756110000000154e-10 6.099999999999999867e-01 1.852963080000000115e-14 6.099999999999999867e-01 8.529277219999999993e-01 6.099999999999999867e-01 5.558207170000000401e-09 6.099999999999999867e-01 3.201734500000000104e-12 6.099999999999999867e-01 1.629215279999999948e-10 6.099999999999999867e-01 3.307431359999999779e-14 6.099999999999999867e-01 8.432280089999999451e-01 6.099999999999999867e-01 3.052980270000000104e-09 6.099999999999999867e-01 1.052351770000000026e-12 6.099999999999999867e-01 8.966224029999999476e-11 6.099999999999999867e-01 6.330650629999999839e-14 6.099999999999999867e-01 8.381896030000000053e-01
6.199999999999999956e-01 9.902394950000000451e-05 6.199999999999999956e-01 3.215430680000000072e-06 6.199999999999999956e-01 4.099322180000000281e-06 6.199999999999999956e-01 5.085516889999999624e-15 6.199999999999999956e-01 6.940850259999999938e-01 6.199999999999999956e-01 4.187160470000000296e-06 6.199999999999999956e-01 2.373277060000000115e-08 6.199999999999999956e-01 1.316571120000000082e-07 6.199999999999999956e-01 6.214097280000000234e-15 6.199999999999999956e-01 7.810251590000000244e-01 6.199999999999999956e-01 2.785070869999999811e-06 6.199999999999999956e-01 8.522602800000000393e-09 6.199999999999999956e-01 8.888472790000000244e-08 6.199999999999999956e-01 1.266479730000000070e-14 6.199999999999999956e-01 7.579586130000000033e-01 6.199999999999999956e-01 2.139588409999999907e-06 6.199999999999999956e-01 4.703838669999999827e-09 6.199999999999999956e-01 7.138002219999999840e-08 6.199999999999999956e-01 2.782129730000000155e-14 6.199999999999999956e-01 7.396272720000000023e-01 6.199999999999999956e-01 1.383767699999999924e-06 6.199999999999999956e-01 2.237380669999999864e-09 6.199999999999999956e-01 4.788310669999999863e-08 6.199999999999999956e-01 6.113790859999999662e-14 6.199999999999999956e-01 7.286490559999999617e-01 6.199999999999999956e-01 4.831253490000000285e-07 6.199999999999999956e-01 7.581241650000000291e-09 6.199999999999999956e-01 1.471383460000000048e-08 6.199999999999999956e-01 6.089918930000000353e-15 6.199999999999999956e-01 7.988977919999999955e-01 6.199999999999999956e-01 2.757670449999999948e-08 6.199999999999999956e-01 7.110107080000000296e-11 6.199999999999999956e-01 8.076905300000000133e-10 6.199999999999999956e-01 9.368645919999999644e-15 6.199999999999999956e-01 8.584101100000000040e-01 6.199999999999999956e-01 1.293635929999999955e-08 6.199999999999999956e-01 1.292103260000000062e-11 6.199999999999999956e-01 3.792480359999999865e-10 6.199999999999999956e-01 1.890210340000000020e-14 6.199999999999999956e-01 8.529277219999999993e-01 6.199999999999999956e-01 7.781407120000000731e-09 6.199999999999999956e-01 4.499001949999999626e-12 6.199999999999999956e-01 2.290084130000000009e-10 6.199999999999999956e-01 3.339363479999999899e-14 6.199999999999999956e-01 8.432280089999999451e-01 6.199999999999999956e-01 4.269710719999999623e-09 6.199999999999999956e-01 1.477554870000000044e-12 6.199999999999999956e-01 1.259426999999999884e-10 6.199999999999999956e-01 6.349095620000000084e-14 6.199999999999999956e-01 8.381896030000000053e-01
6.300000000000000044e-01 1.204913100000000036e-04 6.300000000000000044e-01 3.931021019999999734e-06 6.300000000000000044e-01 5.194370799999999724e-06 6.300000000000000044e-01 5.184351549999999644e-15 6.300000000000000044e-01 6.940850259999999938e-01 6.300000000000000044e-01 5.632903819999999770e-06 6.300000000000000044e-01 3.224877360000000041e-08 6.300000000000000044e-01 1.804328399999999871e-07 6.300000000000000044e-01 6.256870610000000131e-15 6.300000000000000044e-01 7.810251590000000244e-01 6.300000000000000044e-01 3.727255100000000051e-06 6.300000000000000044e-01 1.150497780000000065e-08 6.300000000000000044e-01 1.212383879999999947e-07 6.300000000000000044e-01 1.280791660000000068e-14 6.300000000000000044e-01 7.579586130000000033e-01 6.300000000000000044e-01 2.814290559999999950e-06 6.300000000000000044e-01 6.214703929999999985e-09 6.300000000000000044e-01 9.601208649999999587e-08 6.300000000000000044e-01 2.845596209999999748e-14 6.300000000000000044e-01 7.396272720000000023e-01 6.300000000000000044e-01 1.796306269999999939e-06 6.300000000000000044e-01 2.905198159999999928e-09 6.300000000000000044e-01 6.370484579999999421e-08 6.300000000000000044e-01 6.302070099999999931e-14 6.300000000000000044e-01 7.286490559999999617e-01 6.300000000000000044e-01 6.640484830000000231e-07 6.300000000000000044e-01 1.043953839999999961e-08 6.300000000000000044e-01 2.040371469999999865e-08 6.300000000000000044e-01 6.256910010000000137e-15 6.300000000000000044e-01 7.988977919999999955e-01 6.300000000000000044e-01 3.863073629999999729e-08 6.300000000000000044e-01 9.982833710000000551e-11 6.300000000000000044e-01 1.135679370000000038e-09 6.300000000000000044e-01 9.564965219999999773e-15 6.300000000000000044e-01 8.584101100000000040e-01 6.300000000000000044e-01 1.810918940000000105e-08 6.300000000000000044e-01 1.815553030000000006e-11 6.300000000000000044e-01 5.330542439999999784e-10 6.300000000000000044e-01 1.931031649999999844e-14 6.300000000000000044e-01 8.529277219999999993e-01 6.300000000000000044e-01 1.087048539999999994e-08 6.300000000000000044e-01 6.311726179999999861e-12 6.300000000000000044e-01 3.214265679999999787e-10 6.300000000000000044e-01 3.377081940000000166e-14 6.300000000000000044e-01 8.432280089999999451e-01 6.300000000000000044e-01 5.957642630000000047e-09 6.300000000000000044e-01 2.070922069999999968e-12 6.300000000000000044e-01 1.766221170000000070e-10 6.300000000000000044e-01 6.373804919999999935e-14 6.300000000000000044e-01 8.381896030000000053e-01
6.400000000000000133e-01 1.450745729999999877e-04 6.400000000000000133e-01 4.751933690000000218e-06 6.400000000000000133e-01 6.519538569999999946e-06 6.400000000000000133e-01 5.280765280000000079e-15 6.400000000000000133e-01 6.940850259999999938e-01 6.400000000000000133e-01 7.515855039999999864e-06 6.400000000000000133e-01 4.347210960000000228e-08 6.400000000000000133e-01 2.457708129999999942e-07 6.400000000000000133e-01 6.310886800000000065e-15 6.400000000000000133e-01 7.810251590000000244e-01 6.400000000000000133e-01 4.949490860000000094e-06 6.400000000000000133e-01 1.539082189999999978e-08 6.400000000000000133e-01 1.643621640000000122e-07 6.400000000000000133e-01 1.298204280000000011e-14 6.400000000000000133e-01 7.579586130000000033e-01 6.400000000000000133e-01 3.671519760000000020e-06 6.400000000000000133e-01 8.121428440000000646e-09 6.400000000000000133e-01 1.282737310000000046e-07 6.400000000000000133e-01 2.918697620000000149e-14 6.400000000000000133e-01 7.396272720000000023e-01 6.400000000000000133e-01 2.312277300000000109e-06 6.400000000000000133e-01 3.727872820000000021e-09 6.400000000000000133e-01 8.415380869999999728e-08 6.400000000000000133e-01 6.511152579999999640e-14 6.400000000000000133e-01 7.286490559999999617e-01 6.400000000000000133e-01 9.089226429999999678e-07 6.400000000000000133e-01 1.431783939999999966e-08 6.400000000000000133e-01 2.820745140000000068e-08 6.400000000000000133e-01 6.428578190000000353e-15 6.400000000000000133e-01 7.988977919999999955e-01 6.400000000000000133e-01 5.400734819999999698e-08 6.400000000000000133e-01 1.399313319999999952e-10 6.400000000000000133e-01 1.594666480000000072e-09 6.400000000000000133e-01 9.779273300000000243e-15 6.400000000000000133e-01 8.584101100000000040e-01 6.400000000000000133e-01 2.529570300000000161e-08 6.400000000000000133e-01 2.546954399999999881e-11 6.400000000000000133e-01 7.481223660000000319e-10 6.400000000000000133e-01 1.975346860000000133e-14 6.400000000000000133e-01 8.529277219999999993e-01 6.400000000000000133e-01 1.514851780000000067e-08 6.400000000000000133e-01 8.838095330000000045e-12 6.400000000000000133e-01 4.503688989999999829e-10 6.400000000000000133e-01 3.421142349999999944e-14 6.400000000000000133e-01 8.432280089999999451e-01 6.400000000000000133e-01 8.291064559999999332e-09 6.400000000000000133e-01 2.896598840000000054e-12 6.400000000000000133e-01 2.472405800000000156e-10 6.400000000000000133e-01 6.405732330000000587e-14 6.400000000000000133e-01 8.381896030000000053e-01
6.500000000000000222e-01 1.729158739999999978e-04 6.500000000000000222e-01 5.682051340000000290e-06 6.500000000000000222e-01 8.106727029999999826e-06 6.500000000000000222e-01 5.374453169999999818e-15 6.500000000000000222e-01 6.940850259999999938e-01 6.500000000000000222e-01 9.941399869999999967e-06 6.500000000000000222e-01 5.808648940000000195e-08 6.500000000000000222e-01 3.325567979999999865e-07 6.500000000000000222e-01 6.377879270000000340e-15 6.500000000000000222e-01 7.810251590000000244e-01 6.500000000000000222e-01 6.519527980000000283e-06 6.500000000000000222e-01 2.038445879999999976e-08 6.500000000000000222e-01 2.213863219999999980e-07 6.500000000000000222e-01 1.319126780000000067e-14 6.500000000000000222e-01 7.579586130000000033e-01 6.500000000000000222e-01 4.749656349999999871e-06 6.500000000000000222e-01 1.049053200000000081e-08 6.500000000000000222e-01 1.701783720000000030e-07 6.500000000000000222e-01 3.001993289999999738e-14 6.500000000000000222e-01 7.396272720000000023e-01 6.500000000000000222e-01 2.950882230000000113e-06 6.500000000000000222e-01 4.725360669999999786e-09 6.500000000000000222e-01 1.103590260000000041e-07 6.500000000000000222e-01 6.740548899999999810e-14 6.500000000000000222e-01 7.286490559999999617e-01 6.500000000000000222e-01 1.238466919999999943e-06 6.500000000000000222e-01 1.955047570000000079e-08 6.500000000000000222e-01 3.886374680000000180e-08 6.500000000000000222e-01 6.603209320000000386e-15 6.500000000000000222e-01 7.988977919999999955e-01 6.500000000000000222e-01 7.533022050000000599e-08 6.500000000000000222e-01 1.957679089999999881e-10 6.500000000000000222e-01 2.235584249999999957e-09 6.500000000000000222e-01 1.001097910000000018e-14 6.500000000000000222e-01 8.584101100000000040e-01 6.500000000000000222e-01 3.524658000000000300e-08 6.500000000000000222e-01 3.566253310000000129e-11 6.500000000000000222e-01 1.048154079999999920e-09 6.500000000000000222e-01 2.022987929999999902e-14 6.500000000000000222e-01 8.529277219999999993e-01 6.500000000000000222e-01 2.105109719999999893e-08 6.500000000000000222e-01 1.234829960000000038e-11 6.500000000000000222e-01 6.297958000000000432e-10 6.500000000000000222e-01 3.472079079999999897e-14 6.500000000000000222e-01 8.432280089999999451e-01 6.500000000000000222e-01 1.150418710000000006e-08 6.500000000000000222e-01 4.041709109999999720e-12 6.500000000000000222e-01 3.453671069999999831e-10 6.500000000000000222e-01 6.445933379999999750e-14 6.500000000000000222e-01 8.381896030000000053e-01
6.600000000000000311e-01 2.041152989999999909e-04 6.600000000000000311e-01 6.723631960000000196e-06 6.600000000000000311e-01 9.989055400000000631e-06 6.600000000000000311e-01 5.465155339999999896e-15 6.600000000000000311e-01 6.940850259999999938e-01 6.600000000000000311e-01 1.303095670000000031e-05 6.600000000000000311e-01 7.687024049999999836e-08 6.600000000000000311e-01 4.468104029999999948e-07 6.600000000000000311e-01 6.459737509999999980e-15 6.600000000000000311e-01 7.810251590000000244e-01 6.600000000000000311e-01 8.516009949999999324e-06 6.600000000000000311e-01 2.670718029999999844e-08 6.600000000000000311e-01 2.961730229999999920e-07 6.600000000000000311e-01 1.343980160000000010e-14 6.600000000000000311e-01 7.579586130000000033e-01 6.600000000000000311e-01 6.091217699999999636e-06 6.600000000000000311e-01 1.338748100000000050e-08 6.600000000000000311e-01 2.241445959999999900e-07 6.600000000000000311e-01 3.095847579999999810e-14 6.600000000000000311e-01 7.396272720000000023e-01 6.600000000000000311e-01 3.732610319999999801e-06 6.600000000000000311e-01 5.915970930000000000e-09 6.600000000000000311e-01 1.436484589999999878e-07 6.600000000000000311e-01 6.989060380000000420e-14 6.600000000000000311e-01 7.286490559999999617e-01 6.600000000000000311e-01 1.679320920000000034e-06 6.600000000000000311e-01 2.656798719999999930e-08 6.600000000000000311e-01 5.334700809999999879e-08 6.600000000000000311e-01 6.779013029999999932e-15 6.600000000000000311e-01 7.988977919999999955e-01 6.600000000000000311e-01 1.047942800000000018e-07 6.600000000000000311e-01 2.732755730000000088e-10 6.600000000000000311e-01 3.128325289999999999e-09 6.600000000000000311e-01 1.025903370000000069e-14 6.600000000000000311e-01 8.584101100000000040e-01 6.600000000000000311e-01 4.897349299999999952e-08 6.600000000000000311e-01 4.982446569999999837e-11 6.600000000000000311e-01 1.465603019999999996e-09 6.600000000000000311e-01 2.073694140000000022e-14 6.600000000000000311e-01 8.529277219999999993e-01 6.600000000000000311e-01 2.916143599999999889e-08 6.600000000000000311e-01 1.720812440000000091e-11 6.600000000000000311e-01 8.787288589999999674e-10 6.600000000000000311e-01 3.530378999999999774e-14 6.600000000000000311e-01 8.432280089999999451e-01 6.600000000000000311e-01 1.590951789999999838e-08 6.600000000000000311e-01 5.623683359999999723e-12 6.600000000000000311e-01 4.812871539999999981e-10 6.600000000000000311e-01 6.495559819999999897e-14 6.600000000000000311e-01 8.381896030000000053e-01
6.700000000000000400e-01 2.387224129999999988e-04 6.700000000000000400e-01 7.877192130000000616e-06 6.700000000000000400e-01 1.220039860000000012e-05 6.700000000000000400e-01 5.552657620000000217e-15 6.700000000000000400e-01 6.940850259999999938e-01 6.700000000000000400e-01 1.692187420000000015e-05 6.700000000000000400e-01 1.006803029999999996e-07 6.700000000000000400e-01 5.958454479999999835e-07 6.700000000000000400e-01 6.558478720000000258e-15 6.700000000000000400e-01 7.810251590000000244e-01 6.700000000000000400e-01 1.102808810000000080e-05 6.700000000000000400e-01 3.458832790000000204e-08 6.700000000000000400e-01 3.934241619999999950e-07 6.700000000000000400e-01 1.373181390000000026e-14 6.700000000000000400e-01 7.579586130000000033e-01 6.700000000000000400e-01 7.741754370000000429e-06 6.700000000000000400e-01 1.687351279999999963e-08 6.700000000000000400e-01 2.930324839999999820e-07 6.700000000000000400e-01 3.200364289999999979e-14 6.700000000000000400e-01 7.396272720000000023e-01 6.700000000000000400e-01 4.678581489999999962e-06 6.700000000000000400e-01 7.315649769999999660e-09 6.700000000000000400e-01 1.855587250000000091e-07 6.700000000000000400e-01 7.254733219999999826e-14 6.700000000000000400e-01 7.286490559999999617e-01 6.700000000000000400e-01 2.265486209999999903e-06 6.700000000000000400e-01 3.591985300000000281e-08 6.700000000000000400e-01 7.293352919999999863e-08 6.700000000000000400e-01 6.954195860000000032e-15 6.700000000000000400e-01 7.988977919999999955e-01 6.700000000000000400e-01 1.453462199999999874e-07 6.700000000000000400e-01 3.804921400000000166e-10 6.700000000000000400e-01 4.368321310000000321e-09 6.700000000000000400e-01 1.052191629999999948e-14 6.700000000000000400e-01 8.584101100000000040e-01 6.700000000000000400e-01 6.783023229999999884e-08 6.700000000000000400e-01 6.943116439999999969e-11 6.700000000000000400e-01 2.044674319999999942e-09 6.700000000000000400e-01 2.127112360000000015e-14 6.700000000000000400e-01 8.529277219999999993e-01 6.700000000000000400e-01 4.025472660000000100e-08 6.700000000000000400e-01 2.390878279999999983e-11 6.700000000000000400e-01 1.222940360000000071e-09 6.700000000000000400e-01 3.596450229999999934e-14 6.700000000000000400e-01 8.432280089999999451e-01 6.700000000000000400e-01 2.192101570000000158e-08 6.700000000000000400e-01 7.799402189999999232e-12 6.700000000000000400e-01 6.688969530000000296e-10 6.700000000000000400e-01 6.555847350000000065e-14 6.700000000000000400e-01 8.381896030000000053e-01
6.800000000000000488e-01 2.767270120000000014e-04 6.800000000000000488e-01 9.141394749999999218e-06 6.800000000000000488e-01 1.477483629999999952e-05 6.800000000000000488e-01 5.636790989999999658e-15 6.800000000000000488e-01 6.940850259999999938e-01 6.800000000000000488e-01 2.176654109999999947e-05 6.800000000000000488e-01 1.304265100000000031e-07 6.800000000000000488e-01 7.884255819999999878e-07 6.800000000000000488e-01 6.676200759999999760e-15 6.800000000000000488e-01 7.810251590000000244e-01 6.800000000000000488e-01 1.415385220000000038e-05 6.800000000000000488e-01 4.425416840000000116e-08 6.800000000000000488e-01 5.187797279999999569e-07 6.800000000000000488e-01 1.407122069999999978e-14 6.800000000000000488e-01 7.579586130000000033e-01 6.800000000000000488e-01 9.748207950000000363e-06 6.800000000000000488e-01 2.100281629999999888e-08 6.800000000000000488e-01 3.801661410000000261e-07 6.800000000000000488e-01 3.315324839999999839e-14 6.800000000000000488e-01 7.396272720000000023e-01 6.800000000000000488e-01 5.809770499999999977e-06 6.800000000000000488e-01 8.937528869999999567e-09 6.800000000000000488e-01 2.378375880000000030e-07 6.800000000000000488e-01 7.534870389999999874e-14 6.800000000000000488e-01 7.286490559999999617e-01 6.800000000000000488e-01 3.040066189999999875e-06 6.800000000000000488e-01 4.830111579999999740e-08 6.800000000000000488e-01 9.928354450000000619e-08 6.800000000000000488e-01 7.127033359999999560e-15 6.800000000000000488e-01 7.988977919999999955e-01 6.800000000000000488e-01 2.009128599999999890e-07 6.800000000000000488e-01 5.282202639999999579e-10 6.800000000000000488e-01 6.085158920000000261e-09 6.800000000000000488e-01 1.079764819999999938e-14 6.800000000000000488e-01 8.584101100000000040e-01 6.800000000000000488e-01 9.361502930000000587e-08 6.800000000000000488e-01 9.646505730000000382e-11 6.800000000000000488e-01 2.845237989999999928e-09 6.800000000000000488e-01 2.182803200000000104e-14 6.800000000000000488e-01 8.529277219999999993e-01 6.800000000000000488e-01 5.535380510000000294e-08 6.800000000000000488e-01 3.310381430000000216e-11 6.800000000000000488e-01 1.697140999999999899e-09 6.800000000000000488e-01 3.670586869999999807e-14 6.800000000000000488e-01 8.432280089999999451e-01 6.800000000000000488e-01 3.008312110000000265e-08 6.800000000000000488e-01 1.077632000000000068e-11 6.800000000000000488e-01 9.268577439999999824e-10 6.800000000000000488e-01 6.628094259999999695e-14 6.800000000000000488e-01 8.381896030000000053e-01
6.899999999999999467e-01 3.180502649999999770e-04 6.899999999999999467e-01 1.051295000000000071e-05 6.899999999999999467e-01 1.774600949999999847e-05 6.899999999999999467e-01 5.717430130000000271e-15 6.899999999999999467e-01 6.940850259999999938e-01 6.899999999999999467e-01 2.773041109999999969e-05 6.899999999999999467e-01 1.670377860000000078e-07 6.899999999999999467e-01 1.034905850000000081e-06 6.899999999999999467e-01 6.815012089999999897e-15 6.899999999999999467e-01 7.810251590000000244e-01 6.899999999999999467e-01 1.799730649999999906e-05 6.899999999999999467e-01 5.591593720000000237e-08 6.899999999999999467e-01 6.788933300000000222e-07 6.899999999999999467e-01 1.446141340000000022e-14 6.899999999999999467e-01 7.579586130000000033e-01 6.899999999999999467e-01 1.215689180000000035e-05 6.899999999999999467e-01 2.582046480000000151e-08 6.899999999999999467e-01 4.893377209999999515e-07 6.899999999999999467e-01 3.440139070000000252e-14 6.899999999999999467e-01 7.396272720000000023e-01 6.899999999999999467e-01 7.146192649999999675e-06 6.899999999999999467e-01 1.079176029999999965e-08 6.899999999999999467e-01 3.024384410000000096e-07 6.899999999999999467e-01 7.826110240000000271e-14 6.899999999999999467e-01 7.286490559999999617e-01 6.899999999999999467e-01 4.057331020000000393e-06 6.899999999999999467e-01 6.458289359999999587e-08 6.899999999999999467e-01 1.345423019999999983e-07 6.899999999999999467e-01 7.295935109999999287e-15 6.899999999999999467e-01 7.988977919999999955e-01 6.899999999999999467e-01 2.766872029999999899e-07 6.899999999999999467e-01 7.308623950000000160e-10 6.899999999999999467e-01 8.453758419999999553e-09 6.899999999999999467e-01 1.108383720000000037e-14 6.899999999999999467e-01 8.584101100000000040e-01 6.899999999999999467e-01 1.286986430000000085e-07 6.899999999999999467e-01 1.335649209999999928e-10 6.899999999999999467e-01 3.947890120000000226e-09 6.899999999999999467e-01 2.240253329999999939e-14 6.899999999999999467e-01 8.529277219999999993e-01 6.899999999999999467e-01 7.579875719999999803e-08 6.899999999999999467e-01 4.565354229999999826e-11 6.899999999999999467e-01 2.347791410000000094e-09 6.899999999999999467e-01 3.752931720000000189e-14 6.899999999999999467e-01 8.432280089999999451e-01 6.899999999999999467e-01 4.110711489999999735e-08 6.899999999999999467e-01 1.482558790000000125e-11 6.899999999999999467e-01 1.280075550000000017e-09 6.899999999999999467e-01 6.713628770000000098e-14 6.899999999999999467e-01 8.381896030000000053e-01
6.999999999999999556e-01 3.625379429999999879e-04 6.999999999999999556e-01 1.198655650000000074e-05 6.999999999999999556e-01 2.114639839999999895e-05 6.999999999999999556e-01 5.794491029999999827e-15 6.999999999999999556e-01 6.940850259999999938e-01 6.999999999999999556e-01 3.498866630000000111e-05 6.999999999999999556e-01 2.114237699999999874e-07 6.999999999999999556e-01 1.347347859999999971e-06 6.999999999999999556e-01 6.976934750000000282e-15 6.999999999999999556e-01 7.810251590000000244e-01 6.999999999999999556e-01 2.266392340000000099e-05 6.999999999999999556e-01 6.975876960000000216e-08 6.999999999999999556e-01 8.814701719999999534e-07 6.999999999999999556e-01 1.490493749999999924e-14 6.999999999999999556e-01 7.579586130000000033e-01 6.999999999999999556e-01 1.501134479999999963e-05 6.999999999999999556e-01 3.136131699999999720e-08 6.999999999999999556e-01 6.247904119999999840e-07 6.999999999999999556e-01 3.573818359999999980e-14 6.999999999999999556e-01 7.396272720000000023e-01 6.999999999999999556e-01 8.706111060000000268e-06 6.999999999999999556e-01 1.288559660000000082e-08 6.999999999999999556e-01 3.815067069999999988e-07 6.999999999999999556e-01 8.124571959999999530e-14 6.999999999999999556e-01 7.286490559999999617e-01 6.999999999999999556e-01 5.385067549999999720e-06 6.999999999999999556e-01 8.584588739999999378e-08 6.999999999999999556e-01 1.814632929999999925e-07 6.999999999999999556e-01 7.459497659999999459e-15 6.999999999999999556e-01 7.988977919999999955e-01 6.999999999999999556e-01 3.794842460000000042e-07 6.999999999999999556e-01 1.007452320000000068e-09 6.999999999999999556e-01 1.170875080000000079e-08 6.999999999999999556e-01 1.137775200000000037e-14 6.999999999999999556e-01 8.584101100000000040e-01 6.999999999999999556e-01 1.761840549999999989e-07 6.999999999999999556e-01 1.842070350000000038e-10 6.999999999999999556e-01 5.460447350000000084e-09 6.999999999999999556e-01 2.298893260000000132e-14 6.999999999999999556e-01 8.529277219999999993e-01 6.999999999999999556e-01 1.033339990000000004e-07 6.999999999999999556e-01 6.267698199999999971e-11 6.999999999999999556e-01 3.236693749999999869e-09 6.999999999999999556e-01 3.843439980000000311e-14 6.999999999999999556e-01 8.432280089999999451e-01 6.999999999999999556e-01 5.591676069999999853e-08 6.999999999999999556e-01 2.029696429999999923e-11 6.999999999999999556e-01 1.761589079999999948e-09 6.999999999999999556e-01 6.813762879999999823e-14 6.999999999999999556e-01 8.381896030000000053e-01
7.099999999999999645e-01 4.099575639999999879e-04 7.099999999999999645e-01 1.355491909999999985e-05 7.099999999999999645e-01 2.500654999999999862e-05 7.099999999999999645e-01 5.867928040000000233e-15 7.099999999999999645e-01 6.940850259999999938e-01 7.099999999999999645e-01 4.372141370000000136e-05 7.099999999999999645e-01 2.644366030000000165e-07 7.099999999999999645e-01 1.739594270000000006e-06 7.099999999999999645e-01 7.163778769999999258e-15 7.099999999999999645e-01 7.810251590000000244e-01 7.099999999999999645e-01 2.825520210000000054e-05 7.099999999999999645e-01 8.593313999999999759e-08 7.099999999999999645e-01 1.135255090000000098e-06 7.099999999999999645e-01 1.540313809999999922e-14 7.099999999999999645e-01 7.579586130000000033e-01 7.099999999999999645e-01 1.835029959999999970e-05 7.099999999999999645e-01 3.764987649999999833e-08 7.099999999999999645e-01 7.911803570000000456e-07 7.099999999999999645e-01 3.714979599999999708e-14 7.099999999999999645e-01 7.396272720000000023e-01 7.099999999999999645e-01 1.050529270000000023e-05 7.099999999999999645e-01 1.522363409999999871e-08 7.099999999999999645e-01 4.773585610000000022e-07 7.099999999999999645e-01 8.426056359999999842e-14 7.099999999999999645e-01 7.286490559999999617e-01 7.099999999999999645e-01 7.107030229999999644e-06 7.099999999999999645e-01 1.134142359999999948e-07 7.099999999999999645e-01 2.435557160000000159e-07 7.099999999999999645e-01 7.616542089999999335e-15 7.099999999999999645e-01 7.988977919999999955e-01 7.099999999999999645e-01 5.181821089999999727e-07 7.099999999999999645e-01 1.382906989999999965e-09 7.099999999999999645e-01 1.616282449999999919e-08 7.099999999999999645e-01 1.167642340000000069e-14 7.099999999999999645e-01 8.584101100000000040e-01 7.099999999999999645e-01 2.401055650000000031e-07 7.099999999999999645e-01 2.529180579999999944e-10 7.099999999999999645e-01 7.526227910000000381e-09 7.099999999999999645e-01 2.358119570000000143e-14 7.099999999999999645e-01 8.529277219999999993e-01 7.099999999999999645e-01 1.402175220000000051e-07 7.099999999999999645e-01 8.561019759999999990e-11 7.099999999999999645e-01 4.445560479999999761e-09 7.099999999999999645e-01 3.941847680000000050e-14 7.099999999999999645e-01 8.432280089999999451e-01 7.099999999999999645e-01 7.570574310000000554e-08 7.099999999999999645e-01 2.763498139999999904e-11 7.099999999999999645e-01 2.414970780000000151e-09 7.099999999999999645e-01 6.929731300000000294e-14 7.099999999999999645e-01 8.381896030000000053e-01
7.199999999999999734e-01 4.600008779999999750e-04 7.199999999999999734e-01 1.520887419999999978e-05 7.199999999999999734e-01 2.935430290000000110e-05 7.199999999999999734e-01 5.937730360000000279e-15 7.199999999999999734e-01 6.940850259999999938e-01 7.199999999999999734e-01 5.410759240000000136e-05 7.199999999999999734e-01 3.268377300000000048e-07 7.199999999999999734e-01 2.227288470000000149e-06 7.199999999999999734e-01 7.376989280000000120e-15 7.199999999999999734e-01 7.810251590000000244e-01 7.199999999999999734e-01 3.486295560000000134e-05 7.199999999999999734e-01 1.045498710000000017e-07 7.199999999999999734e-01 1.449964129999999995e-06 7.199999999999999734e-01 1.595580430000000026e-14 7.199999999999999734e-01 7.579586130000000033e-01 7.199999999999999734e-01 2.220592120000000096e-05 7.199999999999999734e-01 4.470091240000000290e-08 7.199999999999999734e-01 9.935195199999999714e-07 7.199999999999999734e-01 3.861885400000000163e-14 7.199999999999999734e-01 7.396272720000000023e-01 7.199999999999999734e-01 1.255631809999999955e-05 7.199999999999999734e-01 1.780812969999999970e-08 7.199999999999999734e-01 5.924524639999999793e-07 7.199999999999999734e-01 8.726280849999999483e-14 7.199999999999999734e-01 7.286490559999999617e-01 7.199999999999999734e-01 9.325074170000000834e-06 7.199999999999999734e-01 1.488842710000000020e-07 7.199999999999999734e-01 3.252553419999999798e-07 7.199999999999999734e-01 7.766134999999999729e-15 7.199999999999999734e-01 7.988977919999999955e-01 7.199999999999999734e-01 7.042691380000000421e-07 7.199999999999999734e-01 1.889517570000000038e-09 7.199999999999999734e-01 2.222999350000000078e-08 7.199999999999999734e-01 1.197676230000000056e-14 7.199999999999999734e-01 8.584101100000000040e-01 7.199999999999999734e-01 3.256775619999999858e-07 7.199999999999999734e-01 3.455167879999999936e-10 7.199999999999999734e-01 1.033456230000000066e-08 7.199999999999999734e-01 2.417319610000000152e-14 7.199999999999999734e-01 8.529277219999999993e-01 7.199999999999999734e-01 1.893579909999999878e-07 7.199999999999999734e-01 1.162689559999999946e-10 7.199999999999999734e-01 6.081809919999999759e-09 7.199999999999999734e-01 4.047649500000000140e-14 7.199999999999999734e-01 8.432280089999999451e-01 7.199999999999999734e-01 1.020097030000000061e-07 7.199999999999999734e-01 3.739545320000000039e-11 7.199999999999999734e-01 3.297372910000000099e-09 7.199999999999999734e-01 7.062615180000000288e-14 7.199999999999999734e-01 8.381896030000000053e-01
7.299999999999999822e-01 5.122922660000000421e-04 7.299999999999999822e-01 1.693763670000000168e-05 7.299999999999999822e-01 3.421406710000000299e-05 7.299999999999999822e-01 6.003918380000000238e-15 7.299999999999999822e-01 6.940850259999999938e-01 7.299999999999999822e-01 6.631800699999999675e-05 7.299999999999999822e-01 3.992732550000000031e-07 7.299999999999999822e-01 2.827828619999999902e-06 7.299999999999999822e-01 7.617473460000000466e-15 7.299999999999999822e-01 7.810251590000000244e-01 7.299999999999999822e-01 4.256409289999999715e-05 7.299999999999999822e-01 1.256789539999999886e-07 7.299999999999999822e-01 1.836160949999999898e-06 7.299999999999999822e-01 1.656085650000000129e-14 7.299999999999999822e-01 7.579586130000000033e-01 7.299999999999999822e-01 2.660236459999999910e-05 7.299999999999999822e-01 5.252054350000000264e-08 7.299999999999999822e-01 1.237102540000000088e-06 7.299999999999999822e-01 4.012521010000000261e-14 7.299999999999999822e-01 7.396272720000000023e-01 7.299999999999999822e-01 1.486795560000000050e-05 7.299999999999999822e-01 2.063931850000000100e-08 7.299999999999999822e-01 7.293541130000000467e-07 7.299999999999999822e-01 9.021120700000000491e-14 7.299999999999999822e-01 7.286490559999999617e-01 7.299999999999999822e-01 1.216025600000000076e-05 7.299999999999999822e-01 1.941392579999999984e-07 7.299999999999999822e-01 4.321122519999999861e-07 7.299999999999999822e-01 7.907593560000000516e-15 7.299999999999999822e-01 7.988977919999999955e-01 7.299999999999999822e-01 9.525232460000000310e-07 7.299999999999999822e-01 2.568690540000000077e-09 7.299999999999999822e-01 3.045497440000000217e-08 7.299999999999999822e-01 1.227568759999999934e-14 7.299999999999999822e-01 8.584101100000000040e-01 7.299999999999999822e-01 4.396054190000000092e-07 7.299999999999999822e-01 4.693778979999999487e-10 7.299999999999999822e-01 1.413409130000000035e-08 7.299999999999999822e-01 2.475896600000000001e-14 7.299999999999999822e-01 8.529277219999999993e-01 7.299999999999999822e-01 2.544852190000000189e-07 7.299999999999999822e-01 1.569122350000000083e-10 7.299999999999999822e-01 8.285895780000000740e-09 7.299999999999999822e-01 4.160090020000000272e-14 7.299999999999999822e-01 8.432280089999999451e-01 7.299999999999999822e-01 1.367949710000000024e-07 7.299999999999999822e-01 5.026101339999999966e-11 7.299999999999999822e-01 4.483376520000000091e-09 7.299999999999999822e-01 7.213252480000000397e-14 7.299999999999999822e-01 8.381896030000000053e-01
7.399999999999999911e-01 5.664026240000000299e-04 7.399999999999999911e-01 1.872916390000000010e-05 7.399999999999999911e-01 3.960621540000000117e-05 7.399999999999999911e-01 6.066539700000000217e-15 7.399999999999999911e-01 6.940850259999999938e-01 7.399999999999999911e-01 8.050796700000000547e-05 7.399999999999999911e-01 4.822591299999999991e-07 7.399999999999999911e-01 3.560249639999999886e-06 7.399999999999999911e-01 7.885420379999999390e-15 7.399999999999999911e-01 7.810251590000000244e-01 7.399999999999999911e-01 5.141644270000000070e-05 7.399999999999999911e-01 1.493516300000000074e-07 7.399999999999999911e-01 2.305085829999999805e-06 7.399999999999999911e-01 1.721413080000000097e-14 7.399999999999999911e-01 7.579586130000000033e-01 7.399999999999999911e-01 3.155464610000000187e-05 7.399999999999999911e-01 6.110749230000000227e-08 7.399999999999999911e-01 1.527420719999999966e-06 7.399999999999999911e-01 4.164701579999999882e-14 7.399999999999999911e-01 7.396272720000000023e-01 7.399999999999999911e-01 1.744463239999999960e-05 7.399999999999999911e-01 2.371568970000000075e-08 7.399999999999999911e-01 8.906955670000000147e-07 7.399999999999999911e-01 9.306828029999999849e-14 7.399999999999999911e-01 7.286490559999999617e-01 7.399999999999999911e-01 1.575193479999999994e-05 7.399999999999999911e-01 2.513382600000000138e-07 7.399999999999999911e-01 5.709804690000000021e-07 7.399999999999999911e-01 8.040476630000000656e-15 7.399999999999999911e-01 7.988977919999999955e-01 7.399999999999999911e-01 1.281852380000000011e-06 7.399999999999999911e-01 3.472936130000000135e-09 7.399999999999999911e-01 4.155013849999999765e-08 7.399999999999999911e-01 1.257025029999999945e-14 7.399999999999999911e-01 8.584101100000000040e-01 7.399999999999999911e-01 5.904702169999999593e-07 7.399999999999999911e-01 6.337062360000000001e-10 7.399999999999999911e-01 1.924953489999999930e-08 7.399999999999999911e-01 2.533293000000000043e-14 7.399999999999999911e-01 8.529277219999999993e-01 7.399999999999999911e-01 3.403561200000000189e-07 7.399999999999999911e-01 2.103019560000000048e-10 7.399999999999999911e-01 1.124051980000000032e-08 7.399999999999999911e-01 4.278172140000000105e-14 7.399999999999999911e-01 8.432280089999999451e-01 7.399999999999999911e-01 1.825633199999999878e-07 7.399999999999999911e-01 6.705406500000000444e-11 7.399999999999999911e-01 6.069810370000000357e-09 7.399999999999999911e-01 7.382139399999999639e-14 7.399999999999999911e-01 8.381896030000000053e-01
7.500000000000000000e-01 6.218673659999999614e-04 7.500000000000000000e-01 2.057060459999999978e-05 7.500000000000000000e-01 4.554663590000000218e-05 7.500000000000000000e-01 6.125665270000000064e-15 7.500000000000000000e-01 6.940850259999999938e-01 7.500000000000000000e-01 9.680988290000000485e-05 7.500000000000000000e-01 5.761750409999999728e-07 7.500000000000000000e-01 4.445031169999999995e-06 7.500000000000000000e-01 8.180133910000000736e-15 7.500000000000000000e-01 7.810251590000000244e-01 7.500000000000000000e-01 6.145582789999999357e-05 7.500000000000000000e-01 1.755646999999999945e-07 7.500000000000000000e-01 2.868449239999999824e-06 7.500000000000000000e-01 1.790931350000000008e-14 7.500000000000000000e-01 7.579586130000000033e-01 7.500000000000000000e-01 3.706782750000000301e-05 7.500000000000000000e-01 7.045429360000000436e-08 7.500000000000000000e-01 1.870066290000000005e-06 7.500000000000000000e-01 4.316198359999999867e-14 7.500000000000000000e-01 7.396272720000000023e-01 7.500000000000000000e-01 2.028606200000000154e-05 7.500000000000000000e-01 2.703421100000000017e-08 7.500000000000000000e-01 1.079129819999999932e-06 7.500000000000000000e-01 9.580204720000000324e-14 7.500000000000000000e-01 7.286490559999999617e-01 7.500000000000000000e-01 2.025385439999999993e-05 7.500000000000000000e-01 3.228666660000000079e-07 7.500000000000000000e-01 7.501842829999999837e-07 7.500000000000000000e-01 8.164565040000000164e-15 7.500000000000000000e-01 7.988977919999999955e-01 7.500000000000000000e-01 1.716316180000000019e-06 7.500000000000000000e-01 4.668076579999999937e-09 7.500000000000000000e-01 5.644176760000000212e-08 7.500000000000000000e-01 1.285774450000000053e-14 7.500000000000000000e-01 8.584101100000000040e-01 7.500000000000000000e-01 7.891911429999999521e-07 7.500000000000000000e-01 8.498059990000000076e-10 7.500000000000000000e-01 2.610269839999999870e-08 7.500000000000000000e-01 2.589010090000000139e-14 7.500000000000000000e-01 8.529277219999999993e-01 7.500000000000000000e-01 4.529891600000000053e-07 7.500000000000000000e-01 2.797534889999999817e-10 7.500000000000000000e-01 1.518205810000000021e-08 7.500000000000000000e-01 4.400684420000000023e-14 7.500000000000000000e-01 8.432280089999999451e-01 7.500000000000000000e-01 2.424659299999999798e-07 7.500000000000000000e-01 8.874538869999999457e-11 7.500000000000000000e-01 8.181672670000000454e-09 7.500000000000000000e-01 7.569330510000000495e-14 7.500000000000000000e-01 8.381896030000000053e-01
7.600000000000000089e-01 6.782065880000000269e-04 7.600000000000000089e-01 2.244879299999999844e-05 7.600000000000000089e-01 5.204647709999999917e-05 7.600000000000000089e-01 6.181385580000000054e-15 7.600000000000000089e-01 6.940850259999999938e-01 7.600000000000000089e-01 1.153260130000000023e-04 7.600000000000000089e-01 6.812642740000000459e-07 7.600000000000000089e-01 5.503832139999999840e-06 7.600000000000000089e-01 8.499904319999999940e-15 7.600000000000000089e-01 7.810251590000000244e-01 7.600000000000000089e-01 7.269434170000000641e-05 7.600000000000000089e-01 2.042858830000000061e-07 7.600000000000000089e-01 3.538202210000000035e-06 7.600000000000000089e-01 1.863806790000000072e-14 7.600000000000000089e-01 7.579586130000000033e-01 7.600000000000000089e-01 4.313656000000000022e-05 7.600000000000000089e-01 8.054834549999999701e-08 7.600000000000000089e-01 2.270630269999999812e-06 7.600000000000000089e-01 4.464868249999999836e-14 7.600000000000000089e-01 7.396272720000000023e-01 7.600000000000000089e-01 2.338709319999999914e-05 7.600000000000000089e-01 3.059051160000000223e-08 7.600000000000000089e-01 1.297282679999999908e-06 7.600000000000000089e-01 9.838714610000000357e-14 7.600000000000000089e-01 7.286490559999999617e-01 7.600000000000000089e-01 2.582650190000000136e-05 7.600000000000000089e-01 4.112396930000000198e-07 7.600000000000000089e-01 9.796271240000000407e-07 7.600000000000000089e-01 8.279834460000000266e-15 7.600000000000000089e-01 7.988977919999999955e-01 7.600000000000000089e-01 2.286316059999999844e-06 7.600000000000000089e-01 6.235602159999999959e-09 7.600000000000000089e-01 7.632740160000000145e-08 7.600000000000000089e-01 1.313579649999999923e-14 7.600000000000000089e-01 8.584101100000000040e-01 7.600000000000000089e-01 1.049548200000000007e-06 7.600000000000000089e-01 1.131326000000000028e-09 7.600000000000000089e-01 3.523843379999999695e-08 7.600000000000000089e-01 2.642622669999999850e-14 7.600000000000000089e-01 8.529277219999999993e-01 7.600000000000000089e-01 5.999032109999999665e-07 7.600000000000000089e-01 3.691713400000000012e-10 7.600000000000000089e-01 2.041438319999999975e-08 7.600000000000000089e-01 4.526246659999999869e-14 7.600000000000000089e-01 8.432280089999999451e-01 7.600000000000000089e-01 3.204099129999999972e-07 7.600000000000000089e-01 1.164568049999999887e-10 7.600000000000000089e-01 1.097917409999999949e-08 7.600000000000000089e-01 7.774348309999999951e-14 7.600000000000000089e-01 8.381896030000000053e-01
7.700000000000000178e-01 7.349452429999999824e-04 7.700000000000000178e-01 2.435073749999999972e-05 7.700000000000000178e-01 5.911209649999999983e-05 7.700000000000000178e-01 6.233807039999999961e-15 7.700000000000000178e-01 6.940850259999999938e-01 7.700000000000000178e-01 1.361215329999999912e-04 7.700000000000000178e-01 7.976365429999999941e-07 7.700000000000000178e-01 6.759154229999999791e-06 7.700000000000000178e-01 8.841946049999999957e-15 7.700000000000000178e-01 7.810251590000000244e-01 7.700000000000000178e-01 8.511968570000000452e-05 7.700000000000000178e-01 2.354592929999999951e-07 7.700000000000000178e-01 4.326294859999999971e-06 7.700000000000000178e-01 1.939036909999999974e-14 7.700000000000000178e-01 7.579586130000000033e-01 7.700000000000000178e-01 4.974506999999999703e-05 7.700000000000000178e-01 9.137278300000000066e-08 7.700000000000000178e-01 2.734597859999999903e-06 7.700000000000000178e-01 4.608770939999999816e-14 7.700000000000000178e-01 7.396272720000000023e-01 7.700000000000000178e-01 2.673783100000000153e-05 7.700000000000000178e-01 3.437904320000000021e-08 7.700000000000000178e-01 1.547704519999999901e-06 7.700000000000000178e-01 1.008053080000000007e-13 7.700000000000000178e-01 7.286490559999999617e-01 7.700000000000000178e-01 3.262576189999999969e-05 7.700000000000000178e-01 5.189587860000000262e-07 7.700000000000000178e-01 1.270805090000000012e-06 7.700000000000000178e-01 8.386424129999999558e-15 7.700000000000000178e-01 7.988977919999999955e-01 7.700000000000000178e-01 3.029869250000000044e-06 7.700000000000000178e-01 8.275026119999999376e-09 7.700000000000000178e-01 1.027456190000000066e-07 7.700000000000000178e-01 1.340242680000000012e-14 7.700000000000000178e-01 8.584101100000000040e-01 7.700000000000000178e-01 1.388709039999999905e-06 7.700000000000000178e-01 1.494460840000000047e-09 7.700000000000000178e-01 4.735591510000000172e-08 7.700000000000000178e-01 2.693787979999999985e-14 7.700000000000000178e-01 8.529277219999999993e-01 7.700000000000000178e-01 7.903124490000000304e-07 7.700000000000000178e-01 4.830649869999999485e-10 7.700000000000000178e-01 2.732490660000000150e-08 7.700000000000000178e-01 4.653370719999999989e-14 7.700000000000000178e-01 8.432280089999999451e-01 7.700000000000000178e-01 4.211283690000000257e-07 7.700000000000000178e-01 1.514567099999999875e-10 7.700000000000000178e-01 1.466569310000000021e-08 7.700000000000000178e-01 7.996115219999999534e-14 7.700000000000000178e-01 8.381896030000000053e-01
7.800000000000000266e-01 7.916313740000000205e-04 7.800000000000000266e-01 2.626406169999999938e-05 7.800000000000000266e-01 6.674520259999999424e-05 7.800000000000000266e-01 6.283048589999999669e-15 7.800000000000000266e-01 6.940850259999999938e-01 7.800000000000000266e-01 1.592182780000000065e-04 7.800000000000000266e-01 9.252716560000000510e-07 7.800000000000000266e-01 8.233938950000000106e-06 7.800000000000000266e-01 9.202425229999999998e-15 7.800000000000000266e-01 7.810251590000000244e-01 7.800000000000000266e-01 9.869548999999999651e-05 7.800000000000000266e-01 2.690104250000000045e-07 7.800000000000000266e-01 5.244433329999999703e-06 7.800000000000000266e-01 2.015502830000000154e-14 7.800000000000000266e-01 7.579586130000000033e-01 7.800000000000000266e-01 5.686766160000000065e-05 7.800000000000000266e-01 1.029072100000000037e-07 7.800000000000000266e-01 3.267246270000000165e-06 7.800000000000000266e-01 4.746260539999999840e-14 7.800000000000000266e-01 7.396272720000000023e-01 7.800000000000000266e-01 3.032404550000000084e-05 7.800000000000000266e-01 3.839323920000000188e-08 7.800000000000000266e-01 1.832824630000000037e-06 7.800000000000000266e-01 1.030452350000000061e-13 7.800000000000000266e-01 7.286490559999999617e-01 7.800000000000000266e-01 4.078888740000000265e-05 7.800000000000000266e-01 6.483328319999999856e-07 7.800000000000000266e-01 1.636692309999999989e-06 7.800000000000000266e-01 8.484604349999999864e-15 7.800000000000000266e-01 7.988977919999999955e-01 7.800000000000000266e-01 3.993766660000000385e-06 7.800000000000000266e-01 1.090597639999999928e-08 7.800000000000000266e-01 1.376582029999999961e-07 7.800000000000000266e-01 1.365608350000000019e-14 7.800000000000000266e-01 8.584101100000000040e-01 7.800000000000000266e-01 1.827648510000000085e-06 7.800000000000000266e-01 1.958088070000000096e-09 7.800000000000000266e-01 6.334476469999999855e-08 7.800000000000000266e-01 2.742249110000000100e-14 7.800000000000000266e-01 8.529277219999999993e-01 7.800000000000000266e-01 1.035203150000000050e-06 7.800000000000000266e-01 6.265410699999999994e-10 7.800000000000000266e-01 3.640205080000000030e-08 7.800000000000000266e-01 4.780530950000000223e-14 7.800000000000000266e-01 8.432280089999999451e-01 7.800000000000000266e-01 5.501745279999999701e-07 7.800000000000000266e-01 1.951479489999999917e-10 7.800000000000000266e-01 1.949608779999999954e-08 7.800000000000000266e-01 8.232921330000000073e-14 7.800000000000000266e-01 8.381896030000000053e-01
7.900000000000000355e-01 8.478509869999999952e-04 7.900000000000000355e-01 2.817736440000000024e-05 7.900000000000000355e-01 7.494316350000000118e-05 7.900000000000000355e-01 6.329238639999999726e-15 7.900000000000000355e-01 6.940850259999999938e-01 7.900000000000000355e-01 1.845897769999999894e-04 7.900000000000000355e-01 1.064023369999999964e-06 7.900000000000000355e-01 9.951108030000000015e-06 7.900000000000000355e-01 9.576590470000000385e-15 7.900000000000000355e-01 7.810251590000000244e-01 7.900000000000000355e-01 1.133626210000000020e-04 7.900000000000000355e-01 3.048504340000000193e-07 7.900000000000000355e-01 6.303844699999999625e-06 7.900000000000000355e-01 2.092035240000000039e-14 7.900000000000000355e-01 7.579586130000000033e-01 7.900000000000000355e-01 6.446976240000000654e-05 7.900000000000000355e-01 1.151283469999999984e-07 7.900000000000000355e-01 3.873550279999999699e-06 7.900000000000000355e-01 4.876043860000000180e-14 7.900000000000000355e-01 7.396272720000000023e-01 7.900000000000000355e-01 3.412783860000000239e-05 7.900000000000000355e-01 4.262568490000000113e-08 7.900000000000000355e-01 2.154910999999999992e-06 7.900000000000000355e-01 1.051020160000000046e-13 7.900000000000000355e-01 7.286490559999999617e-01 7.900000000000000355e-01 5.041975990000000028e-05 7.900000000000000355e-01 8.012877050000000365e-07 7.900000000000000355e-01 2.091480530000000107e-06 7.900000000000000355e-01 8.574744969999999280e-15 7.900000000000000355e-01 7.988977919999999955e-01 7.900000000000000355e-01 5.234270029999999928e-06 7.900000000000000355e-01 1.426962240000000013e-08 7.900000000000000355e-01 1.835419260000000128e-07 7.900000000000000355e-01 1.389564730000000058e-14 7.900000000000000355e-01 8.584101100000000040e-01 7.900000000000000355e-01 2.391292269999999996e-06 7.900000000000000355e-01 2.543822830000000003e-09 7.900000000000000355e-01 8.432415559999999788e-08 7.900000000000000355e-01 2.787833220000000073e-14 7.900000000000000355e-01 8.529277219999999993e-01 7.900000000000000355e-01 1.347202839999999919e-06 7.900000000000000355e-01 8.052695460000000368e-10 7.900000000000000355e-01 4.825252600000000312e-08 7.900000000000000355e-01 4.906237159999999708e-14 7.900000000000000355e-01 8.432280089999999451e-01 7.900000000000000355e-01 7.137981800000000147e-07 7.900000000000000355e-01 2.490482130000000045e-10 7.900000000000000355e-01 2.578439269999999892e-08 7.900000000000000355e-01 8.482439619999999592e-14 7.900000000000000355e-01 8.381896030000000053e-01
8.000000000000000444e-01 9.032387490000000439e-04 8.000000000000000444e-01 3.008048010000000132e-05 8.000000000000000444e-01 8.369944339999999764e-05 8.000000000000000444e-01 6.372512270000000267e-15 8.000000000000000444e-01 6.940850259999999938e-01 8.000000000000000444e-01 2.121583809999999927e-04 8.000000000000000444e-01 1.213624090000000051e-06 8.000000000000000444e-01 1.193306389999999922e-05 8.000000000000000444e-01 9.959003810000000411e-15 8.000000000000000444e-01 7.810251590000000244e-01 8.000000000000000444e-01 1.290415069999999935e-04 8.000000000000000444e-01 3.428797169999999897e-07 8.000000000000000444e-01 7.515060180000000238e-06 8.000000000000000444e-01 2.167485750000000019e-14 8.000000000000000444e-01 7.579586130000000033e-01 8.000000000000000444e-01 7.250946029999999964e-05 8.000000000000000444e-01 1.280106429999999960e-07 8.000000000000000444e-01 4.558100780000000320e-06 8.000000000000000444e-01 4.997203240000000075e-14 8.000000000000000444e-01 7.396272720000000023e-01 8.000000000000000444e-01 3.812850579999999912e-05 8.000000000000000444e-01 4.706830189999999698e-08 8.000000000000000444e-01 2.516037850000000006e-06 8.000000000000000444e-01 1.069762160000000018e-13 8.000000000000000444e-01 7.286490559999999617e-01 8.000000000000000444e-01 6.157594599999999350e-05 8.000000000000000444e-01 9.791944509999999683e-07 8.000000000000000444e-01 2.650178089999999985e-06 8.000000000000000444e-01 8.657286470000000545e-15 8.000000000000000444e-01 7.988977919999999955e-01 8.000000000000000444e-01 6.816881640000000218e-06 8.000000000000000444e-01 1.852891129999999987e-08 8.000000000000000444e-01 2.434830970000000182e-07 8.000000000000000444e-01 1.412041400000000029e-14 8.000000000000000444e-01 8.584101100000000040e-01 8.000000000000000444e-01 3.108182319999999975e-06 8.000000000000000444e-01 3.275972560000000041e-09 8.000000000000000444e-01 1.116811289999999974e-07 8.000000000000000444e-01 2.830445769999999886e-14 8.000000000000000444e-01 8.529277219999999993e-01 8.000000000000000444e-01 1.740161360000000102e-06 8.000000000000000444e-01 1.025422800000000025e-09 8.000000000000000444e-01 6.361591330000000580e-08 8.000000000000000444e-01 5.029102830000000056e-14 8.000000000000000444e-01 8.432280089999999451e-01 8.000000000000000444e-01 9.186746980000000021e-07 8.000000000000000444e-01 3.147637490000000192e-10 8.000000000000000444e-01 3.390955870000000051e-08 8.000000000000000444e-01 8.741794670000000185e-14 8.000000000000000444e-01 8.381896030000000053e-01
8.100000000000000533e-01 9.574843400000000336e-04 8.100000000000000533e-01 3.196463539999999767e-05 8.100000000000000533e-01 9.300412479999999797e-05 8.100000000000000533e-01 6.413008779999999877e-15 8.100000000000000533e-01 6.940850259999999938e-01 8.100000000000000533e-01 2.417952449999999950e-04 8.100000000000000533e-01 1.373691760000000046e-06 8.100000000000000533e-01 1.420117520000000033e-05 8.100000000000000533e-01 1.034385109999999925e-14 8.100000000000000533e-01 7.810251590000000244e-01 8.100000000000000533e-01 1.456354380000000090e-04 8.100000000000000533e-01 3.829909600000000052e-07 8.100000000000000533e-01 8.887726439999999822e-06 8.100000000000000533e-01 2.240794410000000026e-14 8.100000000000000533e-01 7.579586130000000033e-01 8.100000000000000533e-01 8.093940290000000294e-05 8.100000000000000533e-01 1.415268769999999978e-07 8.100000000000000533e-01 5.325040670000000197e-06 8.100000000000000533e-01 5.109187620000000290e-14 8.100000000000000533e-01 7.396272720000000023e-01 8.100000000000000533e-01 4.230350279999999739e-05 8.100000000000000533e-01 5.171254470000000002e-08 8.100000000000000533e-01 2.918062309999999928e-06 8.100000000000000533e-01 1.086728189999999965e-13 8.100000000000000533e-01 7.286490559999999617e-01 8.100000000000000533e-01 7.425993610000000038e-05 8.100000000000000533e-01 1.182745489999999972e-06 8.100000000000000533e-01 3.328098660000000171e-06 8.100000000000000533e-01 8.732714689999999805e-15 8.100000000000000533e-01 7.988977919999999955e-01 8.100000000000000533e-01 8.814696209999999240e-06 8.100000000000000533e-01 2.386704960000000050e-08 8.100000000000000533e-01 3.212630800000000085e-07 8.100000000000000533e-01 1.433005759999999963e-14 8.100000000000000533e-01 8.584101100000000040e-01 8.100000000000000533e-01 4.009486310000000000e-06 8.100000000000000533e-01 4.181375149999999994e-09 8.100000000000000533e-01 1.471024060000000063e-07 8.100000000000000533e-01 2.870061749999999940e-14 8.100000000000000533e-01 8.529277219999999993e-01 8.100000000000000533e-01 2.228406649999999899e-06 8.100000000000000533e-01 1.293587770000000072e-09 8.100000000000000533e-01 8.337343509999999958e-08 8.100000000000000533e-01 5.147902050000000155e-14 8.100000000000000533e-01 8.432280089999999451e-01 8.100000000000000533e-01 1.171484839999999986e-06 8.100000000000000533e-01 3.939576199999999985e-10 8.100000000000000533e-01 4.431772340000000136e-08 8.100000000000000533e-01 9.007684330000000313e-14 8.100000000000000533e-01 8.381896030000000053e-01
8.199999999999999512e-01 1.010334760000000101e-03 8.199999999999999512e-01 3.382250989999999923e-05 8.199999999999999512e-01 1.028444730000000005e-04 8.199999999999999512e-01 6.450869609999999913e-15 8.199999999999999512e-01 6.940850259999999938e-01 8.199999999999999512e-01 2.733236070000000261e-04 8.199999999999999512e-01 1.543740260000000074e-06 8.199999999999999512e-01 1.677527840000000140e-05 8.199999999999999512e-01 1.072529510000000025e-14 8.199999999999999512e-01 7.810251590000000244e-01 8.199999999999999512e-01 1.630346830000000064e-04 8.199999999999999512e-01 4.250717999999999987e-07 8.199999999999999512e-01 1.043045430000000016e-05 8.199999999999999512e-01 2.311045129999999963e-14 8.199999999999999512e-01 7.579586130000000033e-01 8.199999999999999512e-01 8.970888379999999724e-05 8.199999999999999512e-01 1.556487659999999912e-07 8.199999999999999512e-01 6.178020769999999718e-06 8.199999999999999512e-01 5.211778630000000065e-14 8.199999999999999512e-01 7.396272720000000023e-01 8.199999999999999512e-01 4.662942349999999874e-05 8.199999999999999512e-01 5.654960119999999875e-08 8.199999999999999512e-01 3.362610979999999809e-06 8.199999999999999512e-01 1.102001300000000018e-13 8.199999999999999512e-01 7.286490559999999617e-01 8.199999999999999512e-01 8.841618609999999550e-05 8.199999999999999512e-01 1.411899600000000015e-06 8.199999999999999512e-01 4.140290499999999827e-06 8.199999999999999512e-01 8.801539449999999936e-15 8.199999999999999512e-01 7.988977919999999955e-01 8.199999999999999512e-01 1.130499349999999990e-05 8.199999999999999512e-01 3.048378349999999901e-08 8.199999999999999512e-01 4.214187209999999903e-07 8.199999999999999512e-01 1.452458209999999946e-14 8.199999999999999512e-01 8.584101100000000040e-01 8.199999999999999512e-01 5.127273269999999831e-06 8.199999999999999512e-01 5.289105409999999766e-09 8.199999999999999512e-01 1.925926229999999918e-07 8.199999999999999512e-01 2.906715250000000093e-14 8.199999999999999512e-01 8.529277219999999993e-01 8.199999999999999512e-01 2.825711049999999960e-06 8.199999999999999512e-01 1.616652250000000092e-09 8.199999999999999512e-01 1.085477719999999938e-07 8.199999999999999512e-01 5.261610709999999792e-14 8.199999999999999512e-01 8.432280089999999451e-01 8.199999999999999512e-01 1.478381650000000037e-06 8.199999999999999512e-01 4.883139959999999980e-10 8.199999999999999512e-01 5.751966749999999978e-08 8.199999999999999512e-01 9.276544589999999511e-14 8.199999999999999512e-01 8.381896030000000053e-01
8.299999999999999600e-01 1.061593310000000061e-03 8.299999999999999600e-01 3.564821559999999931e-05 8.299999999999999600e-01 1.132055080000000008e-04 8.299999999999999600e-01 6.486236430000000112e-15 8.299999999999999600e-01 6.940850259999999938e-01 8.299999999999999600e-01 3.065253420000000261e-04 8.299999999999999600e-01 1.723193870000000076e-06 8.299999999999999600e-01 1.967322890000000103e-05 8.299999999999999600e-01 1.109782520000000000e-14 8.299999999999999600e-01 7.810251590000000244e-01 8.299999999999999600e-01 1.811211139999999945e-04 8.299999999999999600e-01 4.690072249999999813e-07 8.299999999999999600e-01 1.215071110000000043e-05 8.299999999999999600e-01 2.377503580000000143e-14 8.299999999999999600e-01 7.579586130000000033e-01 8.299999999999999600e-01 9.876592430000000298e-05 8.299999999999999600e-01 1.703475550000000115e-07 8.299999999999999600e-01 7.120176799999999730e-06 8.299999999999999600e-01 5.305040649999999801e-14 8.299999999999999600e-01 7.396272720000000023e-01 8.299999999999999600e-01 5.108290649999999955e-05 8.299999999999999600e-01 6.157058649999999813e-08 8.299999999999999600e-01 3.851075899999999677e-06 8.299999999999999600e-01 1.115687559999999949e-13 8.299999999999999600e-01 7.286490559999999617e-01 8.299999999999999600e-01 1.039344190000000042e-04 8.299999999999999600e-01 1.665902949999999910e-06 8.299999999999999600e-01 5.100967479999999722e-06 8.299999999999999600e-01 8.864277349999999437e-15 8.299999999999999600e-01 7.988977919999999955e-01 8.299999999999999600e-01 1.436407059999999948e-05 8.299999999999999600e-01 3.858934300000000245e-08 8.299999999999999600e-01 5.492597050000000247e-07 8.299999999999999600e-01 1.470426680000000157e-14 8.299999999999999600e-01 8.584101100000000040e-01 8.299999999999999600e-01 6.492145589999999636e-06 8.299999999999999600e-01 6.630039160000000383e-09 8.299999999999999600e-01 2.504719569999999973e-07 8.299999999999999600e-01 2.940488250000000100e-14 8.299999999999999600e-01 8.529277219999999993e-01 8.299999999999999600e-01 3.544086870000000101e-06 8.299999999999999600e-01 2.001667890000000088e-09 8.299999999999999600e-01 1.402915580000000078e-07 8.299999999999999600e-01 5.369429910000000178e-14 8.299999999999999600e-01 8.432280089999999451e-01 8.299999999999999600e-01 1.844416959999999979e-06 8.299999999999999600e-01 5.995001409999999951e-10 8.299999999999999600e-01 7.408266690000000371e-08 8.299999999999999600e-01 9.544740830000000247e-14 8.299999999999999600e-01 8.381896030000000053e-01
8.399999999999999689e-01 1.111115939999999906e-03 8.399999999999999689e-01 3.743721489999999734e-05 8.399999999999999689e-01 1.240705480000000021e-04 8.399999999999999689e-01 6.519249719999999636e-15 8.399999999999999689e-01 6.940850259999999938e-01 8.399999999999999689e-01 3.411502519999999941e-04 8.399999999999999689e-01 1.911405710000000202e-06 8.399999999999999689e-01 2.291053149999999978e-05 8.399999999999999689e-01 1.145656159999999984e-14 8.399999999999999689e-01 7.810251590000000244e-01 8.399999999999999689e-01 1.997729550000000034e-04 8.399999999999999689e-01 5.146817689999999587e-07 8.399999999999999689e-01 1.405476109999999959e-05 8.399999999999999689e-01 2.439635209999999934e-14 8.399999999999999689e-01 7.579586130000000033e-01 8.399999999999999689e-01 1.080591790000000064e-04 8.399999999999999689e-01 1.855945800000000004e-07 8.399999999999999689e-01 8.154126379999999971e-06 8.399999999999999689e-01 5.389263019999999784e-14 8.399999999999999689e-01 7.396272720000000023e-01 8.399999999999999689e-01 5.564140750000000281e-05 8.399999999999999689e-01 6.676672040000000177e-08 8.399999999999999689e-01 4.384619009999999628e-06 8.399999999999999689e-01 1.127907069999999972e-13 8.399999999999999689e-01 7.286490559999999617e-01 8.399999999999999689e-01 1.206584469999999985e-04 8.399999999999999689e-01 1.943378979999999875e-06 8.399999999999999689e-01 6.223001909999999906e-06 8.399999999999999689e-01 8.921438249999999596e-15 8.399999999999999689e-01 7.988977919999999955e-01 8.399999999999999689e-01 1.806077499999999989e-05 8.399999999999999689e-01 4.839637309999999689e-08 8.399999999999999689e-01 7.108271589999999842e-07 8.399999999999999689e-01 1.486960909999999843e-14 8.399999999999999689e-01 8.584101100000000040e-01 8.399999999999999689e-01 8.130505260000000359e-06 8.399999999999999689e-01 8.236274229999999336e-09 8.399999999999999689e-01 3.233479310000000058e-07 8.399999999999999689e-01 2.971499599999999704e-14 8.399999999999999689e-01 8.529277219999999993e-01 8.399999999999999689e-01 4.392594100000000289e-06 8.399999999999999689e-01 2.455694939999999905e-09 8.399999999999999689e-01 1.798637230000000028e-07 8.399999999999999689e-01 5.470791919999999712e-14 8.399999999999999689e-01 8.432280089999999451e-01 8.399999999999999689e-01 2.273020619999999927e-06 8.399999999999999689e-01 7.291279640000000333e-10 8.399999999999999689e-01 9.461679290000000130e-08 8.399999999999999689e-01 9.808763790000000087e-14 8.399999999999999689e-01 8.381896030000000053e-01
8.499999999999999778e-01 1.158806019999999992e-03 8.499999999999999778e-01 3.918619619999999992e-05 8.499999999999999778e-01 1.354217140000000099e-04 8.499999999999999778e-01 6.550047419999999683e-15 8.499999999999999778e-01 6.940850259999999938e-01 8.499999999999999778e-01 3.769271570000000144e-04 8.499999999999999778e-01 2.107678860000000137e-06 8.499999999999999778e-01 2.650007490000000061e-05 8.499999999999999778e-01 1.179747820000000048e-14 8.499999999999999778e-01 7.810251590000000244e-01 8.499999999999999778e-01 2.188692770000000125e-04 8.499999999999999778e-01 5.619814969999999845e-07 8.499999999999999778e-01 1.614765129999999867e-05 8.499999999999999778e-01 2.497104670000000075e-14 8.499999999999999778e-01 7.579586130000000033e-01 8.499999999999999778e-01 1.175395380000000058e-04 8.499999999999999778e-01 2.013617700000000128e-07 8.499999999999999778e-01 9.281983670000000506e-06 8.499999999999999778e-01 5.464901699999999965e-14 8.499999999999999778e-01 7.396272720000000023e-01 8.499999999999999778e-01 6.028380249999999718e-05 8.499999999999999778e-01 7.212948289999999367e-08 8.499999999999999778e-01 4.964183489999999875e-06 8.499999999999999778e-01 1.138786579999999921e-13 8.499999999999999778e-01 7.286490559999999617e-01 8.499999999999999778e-01 1.383988699999999918e-04 8.499999999999999778e-01 2.242469029999999805e-06 8.499999999999999778e-01 7.517526479999999940e-06 8.499999999999999778e-01 8.973515349999999970e-15 8.499999999999999778e-01 7.988977919999999955e-01 8.499999999999999778e-01 2.244963720000000044e-05 8.499999999999999778e-01 6.011065059999999920e-08 8.499999999999999778e-01 9.127846940000000321e-07 8.499999999999999778e-01 1.502127080000000028e-14 8.499999999999999778e-01 8.584101100000000040e-01 8.499999999999999778e-01 1.006187409999999982e-05 8.499999999999999778e-01 1.014042459999999983e-08 8.499999999999999778e-01 4.140597769999999752e-07 8.499999999999999778e-01 2.999894830000000157e-14 8.499999999999999778e-01 8.529277219999999993e-01 8.499999999999999778e-01 5.376362630000000066e-06 8.499999999999999778e-01 2.985636369999999795e-09 8.499999999999999778e-01 2.285948210000000023e-07 8.499999999999999778e-01 5.565350980000000061e-14 8.499999999999999778e-01 8.432280089999999451e-01 8.499999999999999778e-01 2.765622489999999885e-06 8.499999999999999778e-01 8.787172139999999983e-10 8.499999999999999778e-01 1.197566510000000095e-07 8.499999999999999778e-01 1.006540800000000028e-13 8.499999999999999778e-01 8.381896030000000053e-01
8.599999999999999867e-01 1.204608060000000001e-03 8.599999999999999867e-01 4.089292569999999905e-05 8.599999999999999867e-01 1.472403709999999877e-04 8.599999999999999867e-01 6.578763959999999715e-15 8.599999999999999867e-01 6.940850259999999938e-01 8.599999999999999867e-01 4.135756439999999849e-04 8.599999999999999867e-01 2.311288910000000009e-06 8.599999999999999867e-01 3.045197969999999962e-05 8.599999999999999867e-01 1.211752919999999966e-14 8.599999999999999867e-01 7.810251590000000244e-01 8.599999999999999867e-01 2.382939110000000091e-04 8.599999999999999867e-01 6.107957560000000005e-07 8.599999999999999867e-01 1.843324020000000095e-05 8.599999999999999867e-01 2.549760160000000130e-14 8.599999999999999867e-01 7.579586130000000033e-01 8.599999999999999867e-01 1.271613590000000133e-04 8.599999999999999867e-01 2.176220850000000054e-07 8.599999999999999867e-01 1.050538819999999980e-05 8.599999999999999867e-01 5.532525259999999898e-14 8.599999999999999867e-01 7.396272720000000023e-01 8.599999999999999867e-01 6.499080920000000242e-05 8.599999999999999867e-01 7.765074030000000651e-08 8.599999999999999867e-01 5.590510199999999823e-06 8.599999999999999867e-01 1.148453760000000099e-13 8.599999999999999867e-01 7.286490559999999617e-01 8.599999999999999867e-01 1.569267329999999932e-04 8.599999999999999867e-01 2.560985199999999805e-06 8.599999999999999867e-01 8.993604600000000340e-06 8.599999999999999867e-01 9.019826140000000377e-15 8.599999999999999867e-01 7.988977919999999955e-01 8.599999999999999867e-01 2.756098839999999948e-05 8.599999999999999867e-01 7.392107399999999445e-08 8.599999999999999867e-01 1.162231309999999933e-06 8.599999999999999867e-01 1.515809019999999854e-14 8.599999999999999867e-01 8.584101100000000040e-01 8.599999999999999867e-01 1.229505349999999970e-05 8.599999999999999867e-01 1.237471739999999922e-08 8.599999999999999867e-01 5.255927460000000449e-07 8.599999999999999867e-01 3.025450209999999771e-14 8.599999999999999867e-01 8.529277219999999993e-01 8.599999999999999867e-01 6.495117930000000322e-06 8.599999999999999867e-01 3.598042989999999997e-09 8.599999999999999867e-01 2.878415140000000015e-07 8.599999999999999867e-01 5.652238320000000182e-14 8.599999999999999867e-01 8.432280089999999451e-01 8.599999999999999867e-01 3.321031449999999999e-06 8.599999999999999867e-01 1.049654520000000065e-09 8.599999999999999867e-01 1.501388660000000089e-07 8.599999999999999867e-01 1.031058899999999972e-13 8.599999999999999867e-01 8.381896030000000053e-01
8.699999999999999956e-01 1.248501159999999962e-03 8.699999999999999956e-01 4.255608989999999837e-05 8.699999999999999956e-01 1.595075080000000057e-04 8.699999999999999956e-01 6.605529489999999967e-15 8.699999999999999956e-01 6.940850259999999938e-01 8.699999999999999956e-01 4.508173660000000050e-04 8.699999999999999956e-01 2.521505859999999995e-06 8.699999999999999956e-01 3.477356389999999847e-05 8.699999999999999956e-01 1.241467799999999958e-14 8.699999999999999956e-01 7.810251590000000244e-01 8.699999999999999956e-01 2.579385549999999873e-04 8.699999999999999956e-01 6.610186449999999808e-07 8.699999999999999956e-01 2.091426169999999852e-05 8.699999999999999956e-01 2.597607629999999973e-14 8.699999999999999956e-01 7.579586130000000033e-01 8.699999999999999956e-01 1.368833049999999981e-04 8.699999999999999956e-01 2.343498669999999981e-07 8.699999999999999956e-01 1.182554410000000084e-05 8.699999999999999956e-01 5.592768249999999881e-14 8.699999999999999956e-01 7.396272720000000023e-01 8.699999999999999956e-01 6.974523729999999356e-05 8.699999999999999956e-01 8.332284329999999577e-08 8.699999999999999956e-01 6.264157499999999664e-06 8.699999999999999956e-01 1.157032909999999962e-13 8.699999999999999956e-01 7.286490559999999617e-01 8.699999999999999956e-01 1.760321300000000069e-04 8.699999999999999956e-01 2.896562200000000031e-06 8.699999999999999956e-01 1.065799879999999931e-05 8.699999999999999956e-01 9.061437439999999650e-15 8.699999999999999956e-01 7.988977919999999955e-01 8.699999999999999956e-01 3.340341650000000121e-05 8.699999999999999956e-01 8.999023189999999995e-08 8.699999999999999956e-01 1.466446499999999962e-06 8.699999999999999956e-01 1.528194449999999917e-14 8.699999999999999956e-01 8.584101100000000040e-01 8.699999999999999956e-01 1.482989199999999987e-05 8.699999999999999956e-01 1.496996130000000028e-08 8.699999999999999956e-01 6.609685170000000421e-07 8.699999999999999956e-01 3.048544739999999731e-14 8.699999999999999956e-01 8.529277219999999993e-01 8.699999999999999956e-01 7.744712070000000524e-06 8.699999999999999956e-01 4.298908290000000029e-09 8.699999999999999956e-01 3.589343019999999869e-07 8.699999999999999956e-01 5.731851829999999438e-14 8.699999999999999956e-01 8.432280089999999451e-01 8.699999999999999956e-01 3.936344980000000015e-06 8.699999999999999956e-01 1.243152800000000058e-09 8.699999999999999956e-01 1.863774339999999881e-07 8.699999999999999956e-01 1.054272389999999971e-13 8.699999999999999956e-01 8.381896030000000053e-01
8.800000000000000044e-01 1.290492629999999939e-03 8.800000000000000044e-01 4.417514030000000086e-05 8.800000000000000044e-01 1.722040529999999982e-04 8.800000000000000044e-01 6.630469219999999983e-15 8.800000000000000044e-01 6.940850259999999938e-01 8.800000000000000044e-01 4.883859460000000490e-04 8.800000000000000044e-01 2.737614060000000025e-06 8.800000000000000044e-01 3.946941429999999834e-05 8.800000000000000044e-01 1.268784369999999923e-14 8.800000000000000044e-01 7.810251590000000244e-01 8.800000000000000044e-01 2.777049769999999818e-04 8.800000000000000044e-01 7.125501960000000340e-07 8.800000000000000044e-01 2.359241590000000013e-05 8.800000000000000044e-01 2.640779700000000023e-14 8.800000000000000044e-01 7.579586130000000033e-01 8.800000000000000044e-01 1.466688060000000040e-04 8.800000000000000044e-01 2.515210999999999850e-07 8.800000000000000044e-01 1.324326559999999963e-05 8.800000000000000044e-01 5.646293369999999877e-14 8.800000000000000044e-01 7.396272720000000023e-01 8.800000000000000044e-01 7.453208870000000601e-05 8.800000000000000044e-01 8.913869480000000362e-08 8.800000000000000044e-01 6.985522780000000337e-06 8.800000000000000044e-01 1.164642090000000089e-13 8.800000000000000044e-01 7.286490559999999617e-01 8.800000000000000044e-01 1.955177299999999885e-04 8.800000000000000044e-01 3.246879760000000050e-06 8.800000000000000044e-01 1.251551249999999989e-05 8.800000000000000044e-01 9.099266759999999837e-15 8.800000000000000044e-01 7.988977919999999955e-01 8.800000000000000044e-01 3.996026110000000254e-05 8.800000000000000044e-01 1.084514150000000060e-07 8.800000000000000044e-01 1.832683869999999980e-06 8.800000000000000044e-01 1.539457260000000151e-14 8.800000000000000044e-01 8.584101100000000040e-01 8.800000000000000044e-01 1.765626619999999920e-05 8.800000000000000044e-01 1.795522900000000117e-08 8.800000000000000044e-01 8.231634459999999740e-07 8.800000000000000044e-01 3.069525449999999719e-14 8.800000000000000044e-01 8.529277219999999993e-01 8.800000000000000044e-01 9.116996099999999953e-06 8.800000000000000044e-01 5.093671960000000304e-09 8.800000000000000044e-01 4.431451140000000052e-07 8.800000000000000044e-01 5.804680230000000083e-14 8.800000000000000044e-01 8.432280089999999451e-01 8.800000000000000044e-01 4.606951150000000145e-06 8.800000000000000044e-01 1.460269479999999921e-09 8.800000000000000044e-01 2.290502319999999975e-07 8.800000000000000044e-01 1.076075700000000037e-13 8.800000000000000044e-01 8.381896030000000053e-01
8.900000000000000133e-01 1.330611979999999977e-03 8.900000000000000133e-01 4.575014679999999962e-05 8.900000000000000133e-01 1.853111190000000005e-04 8.900000000000000133e-01 6.653703040000000266e-15 8.900000000000000133e-01 6.940850259999999938e-01 8.900000000000000133e-01 5.260348790000000507e-04 8.900000000000000133e-01 2.958928960000000185e-06 8.900000000000000133e-01 4.454154780000000181e-05 8.900000000000000133e-01 1.293678720000000063e-14 8.900000000000000133e-01 7.810251590000000244e-01 8.900000000000000133e-01 2.975063390000000081e-04 8.900000000000000133e-01 7.652972290000000105e-07 8.900000000000000133e-01 2.646847639999999987e-05 8.900000000000000133e-01 2.679503470000000100e-14 8.900000000000000133e-01 7.579586130000000033e-01 8.900000000000000133e-01 1.564862139999999909e-04 8.900000000000000133e-01 2.691135950000000233e-07 8.900000000000000133e-01 1.475902599999999993e-05 8.900000000000000133e-01 5.693762380000000016e-14 8.900000000000000133e-01 7.396272720000000023e-01 8.900000000000000133e-01 7.933853749999999865e-05 8.900000000000000133e-01 9.509179280000000221e-08 8.900000000000000133e-01 7.754864369999999360e-06 8.900000000000000133e-01 1.171391200000000006e-13 8.900000000000000133e-01 7.286490559999999617e-01 8.900000000000000133e-01 2.151964469999999936e-04 8.900000000000000133e-01 3.609752990000000087e-06 8.900000000000000133e-01 1.456899440000000063e-05 8.900000000000000133e-01 9.133695120000000181e-15 8.900000000000000133e-01 7.988977919999999955e-01 8.900000000000000133e-01 4.718838630000000024e-05 8.900000000000000133e-01 1.294043770000000029e-07 8.900000000000000133e-01 2.267891740000000026e-06 8.900000000000000133e-01 1.549687610000000098e-14 8.900000000000000133e-01 8.584101100000000040e-01 8.900000000000000133e-01 2.075394390000000005e-05 8.900000000000000133e-01 2.135698450000000061e-08 8.900000000000000133e-01 1.014999060000000001e-06 8.900000000000000133e-01 3.088569420000000039e-14 8.900000000000000133e-01 8.529277219999999993e-01 8.900000000000000133e-01 1.060003459999999946e-05 8.900000000000000133e-01 5.987075319999999799e-09 8.900000000000000133e-01 5.416436819999999874e-07 8.900000000000000133e-01 5.871008319999999436e-14 8.900000000000000133e-01 8.432280089999999451e-01 8.900000000000000133e-01 5.326673429999999722e-06 8.900000000000000133e-01 1.701882170000000071e-09 8.900000000000000133e-01 2.786802780000000072e-07 8.900000000000000133e-01 1.096365090000000041e-13 8.900000000000000133e-01 8.381896030000000053e-01
9.000000000000000222e-01 1.368905680000000007e-03 9.000000000000000222e-01 4.728166709999999964e-05 9.000000000000000222e-01 1.988102059999999924e-04 9.000000000000000222e-01 6.675345189999999970e-15 9.000000000000000222e-01 6.940850259999999938e-01 9.000000000000000222e-01 5.635431360000000070e-04 9.000000000000000222e-01 3.184810030000000157e-06 9.000000000000000222e-01 4.998963979999999945e-05 9.000000000000000222e-01 1.316196209999999942e-14 9.000000000000000222e-01 7.810251590000000244e-01 9.000000000000000222e-01 3.172677159999999952e-04 9.000000000000000222e-01 8.191739149999999567e-07 9.000000000000000222e-01 2.954240810000000042e-05 9.000000000000000222e-01 2.714070470000000095e-14 9.000000000000000222e-01 7.579586130000000033e-01 9.000000000000000222e-01 1.663086970000000008e-04 9.000000000000000222e-01 2.871070880000000062e-07 9.000000000000000222e-01 1.637300629999999848e-05 9.000000000000000222e-01 5.735815070000000284e-14 9.000000000000000222e-01 7.396272720000000023e-01 9.000000000000000222e-01 8.415382269999999523e-05 9.000000000000000222e-01 1.011762489999999955e-07 9.000000000000000222e-01 8.572322769999999448e-06 9.000000000000000222e-01 1.177381039999999992e-13 9.000000000000000222e-01 7.286490559999999617e-01 9.000000000000000222e-01 2.349053090000000001e-04 9.000000000000000222e-01 3.983215709999999852e-06 9.000000000000000222e-01 1.681953889999999888e-05 9.000000000000000222e-01 9.165070699999999526e-15 9.000000000000000222e-01 7.988977919999999955e-01 9.000000000000000222e-01 5.502308409999999959e-05 9.000000000000000222e-01 1.529150560000000077e-07 9.000000000000000222e-01 2.778475299999999927e-06 9.000000000000000222e-01 1.558973979999999922e-14 9.000000000000000222e-01 8.584101100000000040e-01 9.000000000000000222e-01 2.409493719999999974e-05 9.000000000000000222e-01 2.519854190000000073e-08 9.000000000000000222e-01 1.239053980000000059e-06 9.000000000000000222e-01 3.105848339999999757e-14 9.000000000000000222e-01 8.529277219999999993e-01 9.000000000000000222e-01 1.217942079999999987e-05 9.000000000000000222e-01 6.983105760000000025e-09 9.000000000000000222e-01 6.554671150000000489e-07 9.000000000000000222e-01 5.931198030000000176e-14 9.000000000000000222e-01 8.432280089999999451e-01 9.000000000000000222e-01 6.088429290000000176e-06 9.000000000000000222e-01 1.968687409999999993e-09 9.000000000000000222e-01 3.357238549999999992e-07 9.000000000000000222e-01 1.115090429999999983e-13 9.000000000000000222e-01 8.381896030000000053e-01
9.100000000000000311e-01 1.405432509999999992e-03 9.100000000000000311e-01 4.877063109999999998e-05 9.100000000000000311e-01 2.126833420000000122e-04 9.100000000000000311e-01 6.695504110000000082e-15 9.100000000000000311e-01 6.940850259999999938e-01 9.100000000000000311e-01 6.007184770000000224e-04 9.100000000000000311e-01 3.414669669999999984e-06 9.100000000000000311e-01 5.581129739999999694e-05 9.100000000000000311e-01 1.336435399999999959e-14 9.100000000000000311e-01 7.810251590000000244e-01 9.100000000000000311e-01 3.369259679999999984e-04 9.100000000000000311e-01 8.741020619999999876e-07 9.100000000000000311e-01 3.281348570000000038e-05 9.100000000000000311e-01 2.744810529999999949e-14 9.100000000000000311e-01 7.579586130000000033e-01 9.100000000000000311e-01 1.761139570000000106e-04 9.100000000000000311e-01 3.054832779999999859e-07 9.100000000000000311e-01 1.808514210000000054e-05 9.100000000000000311e-01 5.773055039999999924e-14 9.100000000000000311e-01 7.396272720000000023e-01 9.100000000000000311e-01 8.896908079999999981e-05 9.100000000000000311e-01 1.073867919999999939e-07 9.100000000000000311e-01 9.437940539999999979e-06 9.100000000000000311e-01 1.182702899999999957e-13 9.100000000000000311e-01 7.286490559999999617e-01 9.100000000000000311e-01 2.545085830000000252e-04 9.100000000000000311e-01 4.365570589999999587e-06 9.100000000000000311e-01 1.926674550000000085e-05 9.100000000000000311e-01 9.193709759999999309e-15 9.100000000000000311e-01 7.988977919999999955e-01 9.100000000000000311e-01 6.338355859999999543e-05 9.100000000000000311e-01 1.790179979999999881e-07 9.100000000000000311e-01 3.370107089999999814e-06 9.100000000000000311e-01 1.567401530000000069e-14 9.100000000000000311e-01 8.584101100000000040e-01 9.100000000000000311e-01 2.764586059999999925e-05 9.100000000000000311e-01 2.949974420000000064e-08 9.100000000000000311e-01 1.497597880000000002e-06 9.100000000000000311e-01 3.121525860000000017e-14 9.100000000000000311e-01 8.529277219999999993e-01 9.100000000000000311e-01 1.383939219999999966e-05 9.100000000000000311e-01 8.084988940000000050e-09 9.100000000000000311e-01 7.855007449999999887e-07 9.100000000000000311e-01 5.985661080000000122e-14 9.100000000000000311e-01 8.432280089999999451e-01 9.100000000000000311e-01 6.884747439999999632e-06 9.100000000000000311e-01 2.261209500000000142e-09 9.100000000000000311e-01 4.005640609999999957e-07 9.100000000000000311e-01 1.132248219999999989e-13 9.100000000000000311e-01 8.381896030000000053e-01
9.200000000000000400e-01 1.440259809999999956e-03 9.200000000000000400e-01 5.021824360000000034e-05 9.200000000000000400e-01 2.269131900000000005e-04 9.200000000000000400e-01 6.714282390000000275e-15 9.200000000000000400e-01 6.940850259999999938e-01 9.200000000000000400e-01 6.373987210000000040e-04 9.200000000000000400e-01 3.647978459999999846e-06 9.200000000000000400e-01 6.200235570000000608e-05 9.200000000000000400e-01 1.354532410000000062e-14 9.200000000000000400e-01 7.810251590000000244e-01 9.200000000000000400e-01 3.564291350000000150e-04 9.200000000000000400e-01 9.300111580000000194e-07 9.200000000000000400e-01 3.628040939999999678e-05 9.200000000000000400e-01 2.772070460000000014e-14 9.200000000000000400e-01 7.579586130000000033e-01 9.200000000000000400e-01 1.858838289999999898e-04 9.200000000000000400e-01 3.242258109999999838e-07 9.200000000000000400e-01 1.989516710000000020e-05 9.200000000000000400e-01 5.806041159999999606e-14 9.200000000000000400e-01 7.396272720000000023e-01 9.200000000000000400e-01 9.377714499999999676e-05 9.200000000000000400e-01 1.137187490000000034e-07 9.200000000000000400e-01 1.035168019999999967e-05 9.200000000000000400e-01 1.187438620000000059e-13 9.200000000000000400e-01 7.286490559999999617e-01 9.200000000000000400e-01 2.738982799999999779e-04 9.200000000000000400e-01 4.755408120000000053e-06 9.200000000000000400e-01 2.190899570000000071e-05 9.200000000000000400e-01 9.219898120000000134e-15 9.200000000000000400e-01 7.988977919999999955e-01 9.200000000000000400e-01 7.217930139999999772e-05 9.200000000000000400e-01 2.077207060000000032e-07 9.200000000000000400e-01 4.047597730000000031e-06 9.200000000000000400e-01 1.575050989999999886e-14 9.200000000000000400e-01 8.584101100000000040e-01 9.200000000000000400e-01 3.137047870000000168e-05 9.200000000000000400e-01 3.427685390000000122e-08 9.200000000000000400e-01 1.792550210000000015e-06 9.200000000000000400e-01 3.135755880000000246e-14 9.200000000000000400e-01 8.529277219999999993e-01 9.200000000000000400e-01 1.556389649999999892e-05 9.200000000000000400e-01 9.295220420000000302e-09 9.200000000000000400e-01 9.324699979999999774e-07 9.200000000000000400e-01 6.034836069999999823e-14 9.200000000000000400e-01 8.432280089999999451e-01 9.200000000000000400e-01 7.708234070000000295e-06 9.200000000000000400e-01 2.579816500000000011e-09 9.200000000000000400e-01 4.735093140000000092e-07 9.200000000000000400e-01 1.147873010000000087e-13 9.200000000000000400e-01 8.381896030000000053e-01
9.300000000000000488e-01 1.473460279999999969e-03 9.300000000000000488e-01 5.162590289999999975e-05 9.300000000000000488e-01 2.414831149999999930e-04 9.300000000000000488e-01 6.731776719999999707e-15 9.300000000000000488e-01 6.940850259999999938e-01 9.300000000000000488e-01 6.734513219999999469e-04 9.300000000000000488e-01 3.884266999999999957e-06 9.300000000000000488e-01 6.855717660000000557e-05 9.300000000000000488e-01 1.370647060000000033e-14 9.300000000000000488e-01 7.810251590000000244e-01 9.300000000000000488e-01 3.757354899999999732e-04 9.300000000000000488e-01 9.868382340000000138e-07 9.300000000000000488e-01 3.994141139999999999e-05 9.300000000000000488e-01 2.796197739999999892e-14 9.300000000000000488e-01 7.579586130000000033e-01 9.300000000000000488e-01 1.956038120000000121e-04 9.300000000000000488e-01 3.433202209999999875e-07 9.300000000000000488e-01 2.180265199999999916e-05 9.300000000000000488e-01 5.835283159999999382e-14 9.300000000000000488e-01 7.396272720000000023e-01 9.300000000000000488e-01 9.857233140000000275e-05 9.300000000000000488e-01 1.201680270000000130e-07 9.300000000000000488e-01 1.131344039999999998e-05 9.300000000000000488e-01 1.191661040000000058e-13 9.300000000000000488e-01 7.286490559999999617e-01 9.300000000000000488e-01 2.929926799999999962e-04 9.300000000000000488e-01 5.151601330000000318e-06 9.300000000000000488e-01 2.474372420000000048e-05 9.300000000000000488e-01 9.243892999999999868e-15 9.300000000000000488e-01 7.988977919999999955e-01 9.300000000000000488e-01 8.131645960000000401e-05 9.300000000000000488e-01 2.390091190000000012e-07 9.300000000000000488e-01 4.814830899999999905e-06 9.300000000000000488e-01 1.581997879999999977e-14 9.300000000000000488e-01 8.584101100000000040e-01 9.300000000000000488e-01 3.523211609999999972e-05 9.300000000000000488e-01 3.954264369999999937e-08 9.300000000000000488e-01 2.125464000000000086e-06 9.300000000000000488e-01 3.148681510000000239e-14 9.300000000000000488e-01 8.529277219999999993e-01 9.300000000000000488e-01 1.733749679999999985e-05 9.300000000000000488e-01 1.061562949999999992e-08 9.300000000000000488e-01 1.096942179999999941e-06 9.300000000000000488e-01 6.079169970000000533e-14 9.300000000000000488e-01 8.432280089999999451e-01 9.300000000000000488e-01 8.551948029999999337e-06 9.300000000000000488e-01 2.924741509999999875e-09 9.300000000000000488e-01 5.547960859999999549e-07 9.300000000000000488e-01 1.162028559999999903e-13 9.300000000000000488e-01 8.381896030000000053e-01
9.399999999999999467e-01 1.505109469999999991e-03 9.399999999999999467e-01 5.299513490000000101e-05 9.399999999999999467e-01 2.563772249999999838e-04 9.399999999999999467e-01 6.748078050000000146e-15 9.399999999999999467e-01 6.940850259999999938e-01 9.399999999999999467e-01 7.087716970000000009e-04 9.399999999999999467e-01 4.123125350000000227e-06 9.399999999999999467e-01 7.546893849999999362e-05 9.399999999999999467e-01 1.384951270000000000e-14 9.399999999999999467e-01 7.810251590000000244e-01 9.399999999999999467e-01 3.948124159999999916e-04 9.399999999999999467e-01 1.044527559999999934e-06 9.399999999999999467e-01 4.379435349999999811e-05 9.399999999999999467e-01 2.817528629999999942e-14 9.399999999999999467e-01 7.579586130000000033e-01 9.399999999999999467e-01 2.052625880000000095e-04 9.399999999999999467e-01 3.627538420000000029e-07 9.399999999999999467e-01 2.380703900000000095e-05 9.399999999999999467e-01 5.861240500000000464e-14 9.399999999999999467e-01 7.396272720000000023e-01 9.399999999999999467e-01 1.033502259999999963e-04 9.399999999999999467e-01 1.267310760000000094e-07 9.399999999999999467e-01 1.232306910000000079e-05 9.399999999999999467e-01 1.195434500000000110e-13 9.399999999999999467e-01 7.286490559999999617e-01 9.399999999999999467e-01 3.117335639999999877e-04 9.399999999999999467e-01 5.553283679999999930e-06 9.399999999999999467e-01 2.776766869999999882e-05 9.399999999999999467e-01 9.265925099999999574e-15 9.399999999999999467e-01 7.988977919999999955e-01 9.399999999999999467e-01 9.070347029999999589e-05 9.399999999999999467e-01 2.728534409999999998e-07 9.399999999999999467e-01 5.674758989999999963e-06 9.399999999999999467e-01 1.588312200000000045e-14 9.399999999999999467e-01 8.584101100000000040e-01 9.399999999999999467e-01 3.919568819999999851e-05 9.399999999999999467e-01 4.530665410000000056e-08 9.399999999999999467e-01 2.497531969999999944e-06 9.399999999999999467e-01 3.160434619999999920e-14 9.399999999999999467e-01 8.529277219999999993e-01 9.399999999999999467e-01 1.914605659999999880e-05 9.399999999999999467e-01 1.204746640000000006e-08 9.399999999999999467e-01 1.279336270000000042e-06 9.399999999999999467e-01 6.119104000000000439e-14 9.399999999999999467e-01 8.432280089999999451e-01 9.399999999999999467e-01 9.409666040000000357e-06 9.399999999999999467e-01 3.296106820000000005e-09 9.399999999999999467e-01 6.445948560000000162e-07 9.399999999999999467e-01 1.174799409999999995e-13 9.399999999999999467e-01 8.381896030000000053e-01
9.499999999999999556e-01 1.535283900000000007e-03 9.499999999999999556e-01 5.432754019999999710e-05 9.499999999999999556e-01 2.715803890000000162e-04 9.499999999999999556e-01 6.763271659999999650e-15 9.499999999999999556e-01 6.940850259999999938e-01 9.499999999999999556e-01 7.432807050000000276e-04 9.499999999999999556e-01 4.364200310000000142e-06 9.499999999999999556e-01 8.272990349999999500e-05 9.499999999999999556e-01 1.397620030000000013e-14 9.499999999999999556e-01 7.810251590000000244e-01 9.499999999999999556e-01 4.136352070000000195e-04 9.499999999999999556e-01 1.103030280000000008e-06 9.499999999999999556e-01 4.783681179999999873e-05 9.499999999999999556e-01 2.836380319999999856e-14 9.499999999999999556e-01 7.579586130000000033e-01 9.499999999999999556e-01 2.148515389999999944e-04 9.499999999999999556e-01 3.825157029999999902e-07 9.499999999999999556e-01 2.590767080000000010e-05 9.499999999999999556e-01 5.884323339999999689e-14 9.499999999999999556e-01 7.396272720000000023e-01 9.499999999999999556e-01 1.081074810000000027e-04 9.499999999999999556e-01 1.334048589999999873e-07 9.499999999999999556e-01 1.338037599999999916e-05 9.499999999999999556e-01 1.198815600000000121e-13 9.499999999999999556e-01 7.286490559999999617e-01 9.499999999999999556e-01 3.300827569999999992e-04 9.499999999999999556e-01 5.959817149999999839e-06 9.499999999999999556e-01 3.097708799999999909e-05 9.499999999999999556e-01 9.286200689999999980e-15 9.499999999999999556e-01 7.988977919999999955e-01 9.499999999999999556e-01 1.002554909999999979e-04 9.499999999999999556e-01 3.092136950000000106e-07 9.499999999999999556e-01 6.629449240000000322e-06 9.499999999999999556e-01 1.594058239999999875e-14 9.499999999999999556e-01 8.584101100000000040e-01 9.499999999999999556e-01 4.322921799999999862e-05 9.499999999999999556e-01 5.157557130000000205e-08 9.499999999999999556e-01 2.909610500000000033e-06 9.499999999999999556e-01 3.171135790000000297e-14 9.499999999999999556e-01 8.529277219999999993e-01 9.499999999999999556e-01 2.097718299999999983e-05 9.499999999999999556e-01 1.359150170000000019e-08 9.499999999999999556e-01 1.479938310000000066e-06 9.499999999999999556e-01 6.155063300000000621e-14 9.499999999999999556e-01 8.432280089999999451e-01 9.499999999999999556e-01 1.027603780000000028e-05 9.499999999999999556e-01 3.693949050000000160e-09 9.499999999999999556e-01 7.430181479999999974e-07 9.499999999999999556e-01 1.186283330000000115e-13 9.499999999999999556e-01 8.381896030000000053e-01
9.599999999999999645e-01 1.564059490000000016e-03 9.599999999999999645e-01 5.562475279999999796e-05 9.599999999999999645e-01 2.870782399999999811e-04 9.599999999999999645e-01 6.777437379999999624e-15 9.599999999999999645e-01 6.940850259999999938e-01 9.599999999999999645e-01 7.769216610000000394e-04 9.599999999999999645e-01 4.607191539999999926e-06 9.599999999999999645e-01 9.033165700000000357e-05 9.599999999999999645e-01 1.408824610000000002e-14 9.599999999999999645e-01 7.810251590000000244e-01 9.599999999999999645e-01 4.321858789999999807e-04 9.599999999999999645e-01 1.162303890000000001e-06 9.599999999999999645e-01 5.206615000000000293e-05 9.599999999999999645e-01 2.853046079999999843e-14 9.599999999999999645e-01 7.579586130000000033e-01 9.599999999999999645e-01 2.243643070000000018e-04 9.599999999999999645e-01 4.025964029999999935e-07 9.599999999999999645e-01 2.810381560000000086e-05 9.599999999999999645e-01 5.904895009999999484e-14 9.599999999999999645e-01 7.396272720000000023e-01 9.599999999999999645e-01 1.128416330000000042e-04 9.599999999999999645e-01 1.401868090000000052e-07 9.599999999999999645e-01 1.448514159999999973e-05 9.599999999999999645e-01 1.201853860000000010e-13 9.599999999999999645e-01 7.286490559999999617e-01 9.599999999999999645e-01 3.480184669999999915e-04 9.599999999999999645e-01 6.370755939999999896e-06 9.599999999999999645e-01 3.436794409999999867e-05 9.599999999999999645e-01 9.304903819999999503e-15 9.599999999999999645e-01 7.988977919999999955e-01 9.599999999999999645e-01 1.098974269999999963e-04 9.599999999999999645e-01 3.480445580000000021e-07 9.599999999999999645e-01 7.680167240000000347e-06 9.599999999999999645e-01 1.599294639999999954e-14 9.599999999999999645e-01 8.584101100000000040e-01 9.599999999999999645e-01 4.730480390000000083e-05 9.599999999999999645e-01 5.835368020000000157e-08 9.599999999999999645e-01 3.362256000000000034e-06 9.599999999999999645e-01 3.180894610000000258e-14 9.599999999999999645e-01 8.529277219999999993e-01 9.599999999999999645e-01 2.282044720000000104e-05 9.599999999999999645e-01 1.524813109999999906e-08 9.599999999999999645e-01 1.698920160000000020e-06 9.599999999999999645e-01 6.187449840000000336e-14 9.599999999999999645e-01 8.432280089999999451e-01 9.599999999999999645e-01 1.114664459999999930e-05 9.599999999999999645e-01 4.118243330000000191e-09 9.599999999999999645e-01 8.501296270000000264e-07 9.599999999999999645e-01 1.196585109999999887e-13 9.599999999999999645e-01 8.381896030000000053e-01
9.699999999999999734e-01 1.591510559999999904e-03 9.699999999999999734e-01 5.688840879999999703e-05 9.699999999999999734e-01 3.028571640000000129e-04 9.699999999999999734e-01 6.790649730000000060e-15 9.699999999999999734e-01 6.940850259999999938e-01 9.699999999999999734e-01 8.096571629999999757e-04 9.699999999999999734e-01 4.851846810000000047e-06 9.699999999999999734e-01 9.826531670000000090e-05 9.699999999999999734e-01 1.418727989999999968e-14 9.699999999999999734e-01 7.810251590000000244e-01 9.699999999999999734e-01 4.504520439999999898e-04 9.699999999999999734e-01 1.222311799999999956e-06 9.699999999999999734e-01 5.647958060000000209e-05 9.699999999999999734e-01 2.867792870000000118e-14 9.699999999999999734e-01 7.579586130000000033e-01 9.699999999999999734e-01 2.337963880000000039e-04 9.699999999999999734e-01 4.229879949999999841e-07 9.699999999999999734e-01 3.039468779999999950e-05 9.699999999999999734e-01 5.923275360000000008e-14 9.699999999999999734e-01 7.396272720000000023e-01 9.699999999999999734e-01 1.175509380000000037e-04 9.699999999999999734e-01 1.470747899999999911e-07 9.699999999999999734e-01 1.563712580000000101e-05 9.699999999999999734e-01 1.204592490000000013e-13 9.699999999999999734e-01 7.286490559999999617e-01 9.699999999999999734e-01 3.655317430000000066e-04 9.699999999999999734e-01 6.785810059999999966e-06 9.699999999999999734e-01 3.793604810000000024e-05 9.699999999999999734e-01 9.322198350000000197e-15 9.699999999999999734e-01 7.988977919999999955e-01 9.699999999999999734e-01 1.195655960000000016e-04 9.699999999999999734e-01 3.892992609999999913e-07 9.699999999999999734e-01 8.827483889999999557e-06 9.699999999999999734e-01 1.604074579999999857e-14 9.699999999999999734e-01 8.584101100000000040e-01 9.699999999999999734e-01 5.139907800000000039e-05 9.699999999999999734e-01 6.564334339999999456e-08 9.699999999999999734e-01 3.855768359999999996e-06 9.699999999999999734e-01 3.189810109999999959e-14 9.699999999999999734e-01 8.529277219999999993e-01 9.699999999999999734e-01 2.466741810000000121e-05 9.699999999999999734e-01 1.701747499999999866e-08 9.699999999999999734e-01 1.936359399999999897e-06 9.699999999999999734e-01 6.216638119999999686e-14 9.699999999999999734e-01 8.432280089999999451e-01 9.699999999999999734e-01 1.201798100000000050e-05 9.699999999999999734e-01 4.568925379999999954e-09 9.699999999999999734e-01 9.659533780000000153e-07 9.699999999999999734e-01 1.205811500000000097e-13 9.699999999999999734e-01 8.381896030000000053e-01
9.799999999999999822e-01 1.617708980000000024e-03 9.799999999999999822e-01 5.812012260000000262e-05 9.799999999999999822e-01 3.189042759999999896e-04 9.799999999999999822e-01 6.802978240000000274e-15 9.799999999999999822e-01 6.940850259999999938e-01 9.799999999999999822e-01 8.414659639999999509e-04 9.799999999999999822e-01 5.097956969999999700e-06 9.799999999999999822e-01 1.065217100000000010e-04 9.799999999999999822e-01 1.427481859999999897e-14 9.799999999999999822e-01 7.810251590000000244e-01 9.799999999999999822e-01 4.684258970000000090e-04 9.799999999999999822e-01 1.283022780000000089e-06 9.799999999999999822e-01 6.107421610000000087e-05 9.799999999999999822e-01 2.880860730000000063e-14 9.799999999999999822e-01 7.579586130000000033e-01 9.799999999999999822e-01 2.431447760000000045e-04 9.799999999999999822e-01 4.436838569999999753e-07 9.799999999999999822e-01 3.277946430000000321e-05 9.799999999999999822e-01 5.939744540000000362e-14 9.799999999999999822e-01 7.396272720000000023e-01 9.799999999999999822e-01 1.222342260000000005e-04 9.799999999999999822e-01 1.540670629999999894e-07 9.799999999999999822e-01 1.683607359999999872e-05 9.799999999999999822e-01 1.207069100000000112e-13 9.799999999999999822e-01 7.286490559999999617e-01 9.799999999999999822e-01 3.826232840000000162e-04 9.799999999999999822e-01 7.204811330000000265e-06 9.799999999999999822e-01 4.167717239999999782e-05 9.799999999999999822e-01 9.338229969999999497e-15 9.799999999999999822e-01 7.988977919999999955e-01 9.799999999999999822e-01 1.292082029999999887e-04 9.799999999999999822e-01 4.329324980000000083e-07 9.799999999999999822e-01 1.007139269999999918e-05 9.799999999999999822e-01 1.608446040000000097e-14 9.799999999999999822e-01 8.584101100000000040e-01 9.799999999999999822e-01 5.549324829999999865e-05 9.799999999999999822e-01 7.344547259999999536e-08 9.799999999999999822e-01 4.390236739999999778e-06 9.799999999999999822e-01 3.197971409999999763e-14 9.799999999999999822e-01 8.529277219999999993e-01 9.799999999999999822e-01 2.651155749999999913e-05 9.799999999999999822e-01 1.889947009999999867e-08 9.799999999999999822e-01 2.192258900000000157e-06 9.799999999999999822e-01 6.242972760000000366e-14 9.799999999999999822e-01 8.432280089999999451e-01 9.799999999999999822e-01 1.288738420000000077e-05 9.799999999999999822e-01 5.045910489999999909e-09 9.799999999999999822e-01 1.090482719999999975e-06 9.799999999999999822e-01 1.214067519999999887e-13 9.799999999999999822e-01 8.381896030000000053e-01
9.899999999999999911e-01 1.642723679999999898e-03 9.899999999999999911e-01 5.932146970000000093e-05 9.899999999999999911e-01 3.352073979999999997e-04 9.899999999999999911e-01 6.814487589999999665e-15 9.899999999999999911e-01 6.940850259999999938e-01 9.899999999999999911e-01 8.723400390000000471e-04 9.899999999999999911e-01 5.345350759999999783e-06 9.899999999999999911e-01 1.150915189999999994e-04 9.899999999999999911e-01 1.435225049999999878e-14 9.899999999999999911e-01 7.810251590000000244e-01 9.899999999999999911e-01 4.861033109999999950e-04 9.899999999999999911e-01 1.344410479999999894e-06 9.899999999999999911e-01 6.584711000000000253e-05 9.899999999999999911e-01 2.892463350000000016e-14 9.899999999999999911e-01 7.579586130000000033e-01 9.899999999999999911e-01 2.524076549999999960e-04 9.899999999999999911e-01 4.646785700000000033e-07 9.899999999999999911e-01 3.525729820000000317e-05 9.899999999999999911e-01 5.954546970000000086e-14 9.899999999999999911e-01 7.396272720000000023e-01 9.899999999999999911e-01 1.268907840000000112e-04 9.899999999999999911e-01 1.611622479999999971e-07 9.899999999999999911e-01 1.808172109999999907e-05 9.899999999999999911e-01 1.209316320000000047e-13 9.899999999999999911e-01 7.286490559999999617e-01 9.899999999999999911e-01 3.993007020000000160e-04 9.899999999999999911e-01 7.627683570000000159e-06 9.899999999999999911e-01 4.558713290000000133e-05 9.899999999999999911e-01 9.353128039999999357e-15 9.899999999999999911e-01 7.988977919999999955e-01 9.899999999999999911e-01 1.387849140000000118e-04 9.899999999999999911e-01 4.789024000000000042e-07 9.899999999999999911e-01 1.141142709999999933e-05 9.899999999999999911e-01 1.612452149999999851e-14 9.899999999999999911e-01 8.584101100000000040e-01 9.899999999999999911e-01 5.957283280000000032e-05 9.899999999999999911e-01 8.175996089999999471e-08 9.899999999999999911e-01 4.965584270000000268e-06 9.899999999999999911e-01 3.205458449999999792e-14 9.899999999999999911e-01 8.529277219999999993e-01 9.899999999999999911e-01 2.834802600000000146e-05 9.899999999999999911e-01 2.089394819999999840e-08 9.899999999999999911e-01 2.466564820000000100e-06 9.899999999999999911e-01 6.266767849999999782e-14 9.899999999999999911e-01 8.432280089999999451e-01 9.899999999999999911e-01 1.375293020000000036e-05 9.899999999999999911e-01 5.549109290000000022e-09 9.899999999999999911e-01 1.223688139999999997e-06 9.899999999999999911e-01 1.221453730000000084e-13 9.899999999999999911e-01 8.381896030000000053e-01
1.000000000000000000e+00 1.666620319999999973e-03 1.000000000000000000e+00 6.049397450000000077e-05 1.000000000000000000e+00 3.517550229999999987e-04 1.000000000000000000e+00 6.825237930000000025e-15 1.000000000000000000e+00 6.940850259999999938e-01 1.000000000000000000e+00 9.022819319999999654e-04 1.000000000000000000e+00 5.593889969999999750e-06 1.000000000000000000e+00 1.239654019999999893e-04 1.000000000000000000e+00 1.442082929999999902e-14 1.000000000000000000e+00 7.810251590000000244e-01 1.000000000000000000e+00 5.034830629999999555e-04 1.000000000000000000e+00 1.406452919999999896e-06 1.000000000000000000e+00 7.079528979999999904e-05 1.000000000000000000e+00 2.902789459999999762e-14 1.000000000000000000e+00 7.579586130000000033e-01 1.000000000000000000e+00 2.615841449999999980e-04 1.000000000000000000e+00 4.859678100000000000e-07 1.000000000000000000e+00 3.782732929999999694e-05 1.000000000000000000e+00 5.967895170000000045e-14 1.000000000000000000e+00 7.396272720000000023e-01 1.000000000000000000e+00 1.315202509999999876e-04 1.000000000000000000e+00 1.683592889999999952e-07 1.000000000000000000e+00 1.937379900000000136e-05 1.000000000000000000e+00 1.211362470000000022e-13 1.000000000000000000e+00 7.286490559999999617e-01 1.000000000000000000e+00 4.155762639999999956e-04 1.000000000000000000e+00 8.054417380000000279e-06 1.000000000000000000e+00 4.966184660000000161e-05 1.000000000000000000e+00 9.367007369999999617e-15 1.000000000000000000e+00 7.988977919999999955e-01 1.000000000000000000e+00 1.482658100000000068e-04 1.000000000000000000e+00 5.271717270000000459e-07 1.000000000000000000e+00 1.284677059999999963e-05 1.000000000000000000e+00 1.616131550000000050e-14 1.000000000000000000e+00 8.584101100000000040e-01 1.000000000000000000e+00 6.362719659999999827e-05 1.000000000000000000e+00 9.058606289999999654e-08 1.000000000000000000e+00 5.581608960000000373e-06 1.000000000000000000e+00 3.212342640000000128e-14 1.000000000000000000e+00 8.529277219999999993e-01 1.000000000000000000e+00 3.017344009999999916e-05 1.000000000000000000e+00 2.300070159999999947e-08 1.000000000000000000e+00 2.759182440000000025e-06 1.000000000000000000e+00 6.288307309999999831e-14 1.000000000000000000e+00 8.432280089999999451e-01 1.000000000000000000e+00 1.461331619999999981e-05 1.000000000000000000e+00 6.078440000000000363e-09 1.000000000000000000e+00 1.365524069999999955e-06 1.000000000000000000e+00 1.228064530000000100e-13 1.000000000000000000e+00 8.381896030000000053e-01
1.010000000000000009e+00 1.689461109999999952e-03 1.010000000000000009e+00 6.163910279999999570e-05 1.010000000000000009e+00 3.685362849999999826e-04 1.010000000000000009e+00 6.835285089999999980e-15 1.010000000000000009e+00 6.940850259999999938e-01 1.010000000000000009e+00 9.313024269999999830e-04 1.010000000000000009e+00 5.843464860000000049e-06 1.010000000000000009e+00 1.331340860000000117e-04 1.010000000000000009e+00 1.448167490000000000e-14 1.010000000000000009e+00 7.810251590000000244e-01 1.010000000000000009e+00 5.205661810000000115e-04 1.010000000000000009e+00 1.469132060000000088e-06 1.010000000000000009e+00 7.591578230000000141e-05 1.010000000000000009e+00 2.912004679999999775e-14 1.010000000000000009e+00 7.579586130000000033e-01 1.010000000000000009e+00 2.706740799999999962e-04 1.010000000000000009e+00 5.075482369999999727e-07 1.010000000000000009e+00 4.048869250000000029e-05 1.010000000000000009e+00 5.979973499999999864e-14 1.010000000000000009e+00 7.396272720000000023e-01 1.010000000000000009e+00 1.361225349999999989e-04 1.010000000000000009e+00 1.756574219999999915e-07 1.010000000000000009e+00 2.071203550000000137e-05 1.010000000000000009e+00 1.213232059999999979e-13 1.010000000000000009e+00 7.286490559999999617e-01 1.010000000000000009e+00 4.314651070000000230e-04 1.010000000000000009e+00 8.485049750000000338e-06 1.010000000000000009e+00 5.389736899999999852e-05 1.010000000000000009e+00 9.379969739999999306e-15 1.010000000000000009e+00 7.988977919999999955e-01 1.010000000000000009e+00 1.576299890000000103e-04 1.010000000000000009e+00 5.777084410000000121e-07 1.010000000000000009e+00 1.437635339999999963e-05 1.010000000000000009e+00 1.619518709999999853e-14 1.010000000000000009e+00 8.584101100000000040e-01 1.010000000000000009e+00 6.764898710000000507e-05 1.010000000000000009e+00 9.992270989999999932e-08 1.010000000000000009e+00 6.238019329999999849e-06 1.010000000000000009e+00 3.218687680000000029e-14 1.010000000000000009e+00 8.529277219999999993e-01 1.010000000000000009e+00 3.198561479999999864e-05 1.010000000000000009e+00 2.521953420000000059e-08 1.010000000000000009e+00 3.069989390000000093e-06 1.010000000000000009e+00 6.307846109999999730e-14 1.010000000000000009e+00 8.432280089999999451e-01 1.010000000000000009e+00 1.546774159999999944e-05 1.010000000000000009e+00 6.633837529999999871e-09 1.010000000000000009e+00 1.515934549999999931e-06 1.010000000000000009e+00 1.233987079999999895e-13 1.010000000000000009e+00 8.381896030000000053e-01
1.020000000000000018e+00 1.711304760000000079e-03 1.020000000000000018e+00 6.275825609999999635e-05 1.020000000000000018e+00 3.855409219999999734e-04 1.020000000000000018e+00 6.844680869999999670e-15 1.020000000000000018e+00 6.940850259999999938e-01 1.020000000000000018e+00 9.594185590000000111e-04 1.020000000000000018e+00 6.093989959999999593e-06 1.020000000000000018e+00 1.425884359999999901e-04 1.020000000000000018e+00 1.453577929999999983e-14 1.020000000000000018e+00 7.810251590000000244e-01 1.020000000000000018e+00 5.373553960000000381e-04 1.020000000000000018e+00 1.532433329999999921e-06 1.020000000000000018e+00 8.120563360000000047e-05 1.020000000000000018e+00 2.920253589999999898e-14 1.020000000000000018e+00 7.579586130000000033e-01 1.020000000000000018e+00 2.796778330000000180e-04 1.020000000000000018e+00 5.294173989999999735e-07 1.020000000000000018e+00 4.324052359999999966e-05 1.020000000000000018e+00 5.990941569999999520e-14 1.020000000000000018e+00 7.396272720000000023e-01 1.020000000000000018e+00 1.406977410000000053e-04 1.020000000000000018e+00 1.830561510000000132e-07 1.020000000000000018e+00 2.209615940000000126e-05 1.020000000000000018e+00 1.214946319999999944e-13 1.020000000000000018e+00 7.286490559999999617e-01 1.020000000000000018e+00 4.469838769999999917e-04 1.020000000000000018e+00 8.919647950000000625e-06 1.020000000000000018e+00 5.828991509999999833e-05 1.020000000000000018e+00 9.392105379999999535e-15 1.020000000000000018e+00 7.988977919999999955e-01 1.020000000000000018e+00 1.668640329999999971e-04 1.020000000000000018e+00 6.304858229999999652e-07 1.020000000000000018e+00 1.599893590000000046e-05 1.020000000000000018e+00 1.622644400000000031e-14 1.020000000000000018e+00 8.584101100000000040e-01 1.020000000000000018e+00 7.163354079999999333e-05 1.020000000000000018e+00 1.097687629999999957e-07 1.020000000000000018e+00 6.934464340000000084e-06 1.020000000000000018e+00 3.224550250000000021e-14 1.020000000000000018e+00 8.529277219999999993e-01 1.020000000000000018e+00 3.378331429999999869e-05 1.020000000000000018e+00 2.755029949999999971e-08 1.020000000000000018e+00 3.398846400000000147e-06 1.020000000000000018e+00 6.325611979999999814e-14 1.020000000000000018e+00 8.432280089999999451e-01 1.020000000000000018e+00 1.631579630000000111e-05 1.020000000000000018e+00 7.215259889999999883e-09 1.020000000000000018e+00 1.674857630000000089e-06 1.020000000000000018e+00 1.239300839999999930e-13 1.020000000000000018e+00 8.381896030000000053e-01
1.030000000000000027e+00 1.732206480000000057e-03 1.030000000000000027e+00 6.385276980000000101e-05 1.030000000000000027e+00 4.027592409999999966e-04 1.030000000000000027e+00 6.853473239999999924e-15 1.030000000000000027e+00 6.940850259999999938e-01 1.030000000000000027e+00 9.866519489999999587e-04 1.030000000000000027e+00 6.345400409999999848e-06 1.030000000000000027e+00 1.523195139999999957e-04 1.030000000000000027e+00 1.458401479999999924e-14 1.030000000000000027e+00 7.810251590000000244e-01 1.030000000000000027e+00 5.538547010000000178e-04 1.030000000000000027e+00 1.596345319999999935e-06 1.030000000000000027e+00 8.666192380000000025e-05 1.030000000000000027e+00 2.927661919999999899e-14 1.030000000000000027e+00 7.579586130000000033e-01 1.030000000000000027e+00 2.885961730000000266e-04 1.030000000000000027e+00 5.515736410000000341e-07 1.030000000000000027e+00 4.608196439999999818e-05 1.030000000000000027e+00 6.000937430000000349e-14 1.030000000000000027e+00 7.396272720000000023e-01 1.030000000000000027e+00 1.452461210000000026e-04 1.030000000000000027e+00 1.905552159999999908e-07 1.030000000000000027e+00 2.352590089999999896e-05 1.030000000000000027e+00 1.216523599999999958e-13 1.030000000000000027e+00 7.286490559999999617e-01 1.030000000000000027e+00 4.621497240000000035e-04 1.030000000000000027e+00 9.358297389999999891e-06 1.030000000000000027e+00 6.283587010000000214e-05 1.030000000000000027e+00 9.403494270000000103e-15 1.030000000000000027e+00 7.988977919999999955e-01 1.030000000000000027e+00 1.759604929999999978e-04 1.030000000000000027e+00 6.854822919999999707e-07 1.030000000000000027e+00 1.771317500000000003e-05 1.030000000000000027e+00 1.625535950000000081e-14 1.030000000000000027e+00 8.584101100000000040e-01 1.030000000000000027e+00 7.557831450000000414e-05 1.030000000000000027e+00 1.201232060000000025e-07 1.030000000000000027e+00 7.670557370000000033e-06 1.030000000000000027e+00 3.229980700000000188e-14 1.030000000000000027e+00 8.529277219999999993e-01 1.030000000000000027e+00 3.556602680000000200e-05 1.030000000000000027e+00 2.999292850000000133e-08 1.030000000000000027e+00 3.745605659999999967e-06 1.030000000000000027e+00 6.341807400000000231e-14 1.030000000000000027e+00 8.432280089999999451e-01 1.030000000000000027e+00 1.715736280000000169e-05 1.030000000000000027e+00 7.822692130000000597e-09 1.030000000000000027e+00 1.842228820000000060e-06 1.030000000000000027e+00 1.244077540000000101e-13 1.030000000000000027e+00 8.381896030000000053e-01
1.040000000000000036e+00 1.752218069999999985e-03 1.040000000000000036e+00 6.492391230000000462e-05 1.040000000000000036e+00 4.201820849999999955e-04 1.040000000000000036e+00 6.861706619999999846e-15 1.040000000000000036e+00 6.940850259999999938e-01 1.040000000000000036e+00 1.013027440000000088e-03 1.040000000000000036e+00 6.597648700000000209e-06 1.040000000000000036e+00 1.623186150000000092e-04 1.040000000000000036e+00 1.462714439999999967e-14 1.040000000000000036e+00 7.810251590000000244e-01 1.040000000000000036e+00 5.700689900000000193e-04 1.040000000000000036e+00 1.660859360000000018e-06 1.040000000000000036e+00 9.228177750000000315e-05 1.040000000000000036e+00 2.934338640000000038e-14 1.040000000000000036e+00 7.579586130000000033e-01 1.040000000000000036e+00 2.974301490000000043e-04 1.040000000000000036e+00 5.740160290000000487e-07 1.040000000000000036e+00 4.901216580000000191e-05 1.040000000000000036e+00 6.010080289999999505e-14 1.040000000000000036e+00 7.396272720000000023e-01 1.040000000000000036e+00 1.497680240000000057e-04 1.040000000000000036e+00 1.981545730000000028e-07 1.040000000000000036e+00 2.500099360000000050e-05 1.040000000000000036e+00 1.217979779999999940e-13 1.040000000000000036e+00 7.286490559999999617e-01 1.040000000000000036e+00 4.769796010000000260e-04 1.040000000000000036e+00 9.801092609999999302e-06 1.040000000000000036e+00 6.753178980000000564e-05 1.040000000000000036e+00 9.414207309999999290e-15 1.040000000000000036e+00 7.988977919999999955e-01 1.040000000000000036e+00 1.849164919999999885e-04 1.040000000000000036e+00 7.426810300000000078e-07 1.040000000000000036e+00 1.951767720000000149e-05 1.040000000000000036e+00 1.628217660000000046e-14 1.040000000000000036e+00 8.584101100000000040e-01 1.040000000000000036e+00 7.948237219999999641e-05 1.040000000000000036e+00 1.309852819999999952e-07 1.040000000000000036e+00 8.445894780000000015e-06 1.040000000000000036e+00 3.235023730000000055e-14 1.040000000000000036e+00 8.529277219999999993e-01 1.040000000000000036e+00 3.733376860000000034e-05 1.040000000000000036e+00 3.254744649999999861e-08 1.040000000000000036e+00 4.110116989999999842e-06 1.040000000000000036e+00 6.356611720000000561e-14 1.040000000000000036e+00 8.432280089999999451e-01 1.040000000000000036e+00 1.799253240000000159e-05 1.040000000000000036e+00 8.456148479999999436e-09 1.040000000000000036e+00 2.017983549999999823e-06 1.040000000000000036e+00 1.248381339999999964e-13 1.040000000000000036e+00 8.381896030000000053e-01
1.050000000000000044e+00 1.771388060000000019e-03 1.050000000000000044e+00 6.597288549999999680e-05 1.050000000000000044e+00 4.378007969999999759e-04 1.050000000000000044e+00 6.869422099999999925e-15 1.050000000000000044e+00 6.940850259999999938e-01 1.050000000000000044e+00 1.038571970000000096e-03 1.050000000000000044e+00 6.850701840000000223e-06 1.050000000000000044e+00 1.725772930000000062e-04 1.050000000000000044e+00 1.466583260000000142e-14 1.050000000000000044e+00 7.810251590000000244e-01 1.050000000000000044e+00 5.860037740000000311e-04 1.050000000000000044e+00 1.725969220000000019e-06 1.050000000000000044e+00 9.806237189999999658e-05 1.050000000000000044e+00 2.940377949999999764e-14 1.050000000000000044e+00 7.579586130000000033e-01 1.050000000000000044e+00 3.061809979999999959e-04 1.050000000000000044e+00 5.967442750000000312e-07 1.050000000000000044e+00 5.203029030000000306e-05 1.050000000000000044e+00 6.018473130000000536e-14 1.050000000000000044e+00 7.396272720000000023e-01 1.050000000000000044e+00 1.542638650000000098e-04 1.050000000000000044e+00 2.058543739999999917e-07 1.050000000000000044e+00 2.652117449999999969e-05 1.050000000000000044e+00 1.219328640000000059e-13 1.050000000000000044e+00 7.286490559999999617e-01 1.050000000000000044e+00 4.914897840000000215e-04 1.050000000000000044e+00 1.024813089999999920e-05 1.050000000000000044e+00 7.237439660000000153e-05 1.050000000000000044e+00 9.424307369999999976e-15 1.050000000000000044e+00 7.988977919999999955e-01 1.050000000000000044e+00 1.937325210000000132e-04 1.050000000000000044e+00 8.020695149999999693e-07 1.050000000000000044e+00 2.141103799999999942e-05 1.050000000000000044e+00 1.630711060000000150e-14 1.050000000000000044e+00 8.584101100000000040e-01 1.050000000000000044e+00 8.334594480000000432e-05 1.050000000000000044e+00 1.423545879999999943e-07 1.050000000000000044e+00 9.260069769999999895e-06 1.050000000000000044e+00 3.239718920000000071e-14 1.050000000000000044e+00 8.529277219999999993e-01 1.050000000000000044e+00 3.908692329999999780e-05 1.050000000000000044e+00 3.521398320000000146e-08 1.050000000000000044e+00 4.492232380000000096e-06 1.050000000000000044e+00 6.370183389999999730e-14 1.050000000000000044e+00 8.432280089999999451e-01 1.050000000000000044e+00 1.882153720000000039e-05 1.050000000000000044e+00 9.115673039999999704e-09 1.050000000000000044e+00 2.202058909999999871e-06 1.050000000000000044e+00 1.252269259999999981e-13 1.050000000000000044e+00 8.381896030000000053e-01
1.060000000000000053e+00 1.789761829999999892e-03 1.060000000000000053e+00 6.700082629999999650e-05 1.060000000000000053e+00 4.556071920000000089e-04 1.060000000000000053e+00 6.876657659999999636e-15 1.060000000000000053e+00 6.940850259999999938e-01 1.060000000000000053e+00 1.063313740000000054e-03 1.060000000000000053e+00 7.104538960000000207e-06 1.060000000000000053e+00 1.830873779999999979e-04 1.060000000000000053e+00 1.470065579999999852e-14 1.060000000000000053e+00 7.810251590000000244e-01 1.060000000000000053e+00 6.016649520000000089e-04 1.060000000000000053e+00 1.791670869999999929e-06 1.060000000000000053e+00 1.040009410000000012e-04 1.060000000000000053e+00 2.945861159999999898e-14 1.060000000000000053e+00 7.579586130000000033e-01 1.060000000000000053e+00 3.148500750000000079e-04 1.060000000000000053e+00 6.197586719999999859e-07 1.060000000000000053e+00 5.513551319999999967e-05 1.060000000000000053e+00 6.026204849999999427e-14 1.060000000000000053e+00 7.396272720000000023e-01 1.060000000000000053e+00 1.587340930000000097e-04 1.060000000000000053e+00 2.136549470000000093e-07 1.060000000000000053e+00 2.808618549999999920e-05 1.060000000000000053e+00 1.220582059999999942e-13 1.060000000000000053e+00 7.286490559999999617e-01 1.060000000000000053e+00 5.056955910000000397e-04 1.060000000000000053e+00 1.069950809999999996e-05 1.060000000000000053e+00 7.736057099999999994e-05 1.060000000000000053e+00 9.433850230000000006e-15 1.060000000000000053e+00 7.988977919999999955e-01 1.060000000000000053e+00 2.024114149999999923e-04 1.060000000000000053e+00 8.636390209999999655e-07 1.060000000000000053e+00 2.339187030000000156e-05 1.060000000000000053e+00 1.633035280000000107e-14 1.060000000000000053e+00 8.584101100000000040e-01 1.060000000000000053e+00 8.717006630000000264e-05 1.060000000000000053e+00 1.542311350000000131e-07 1.060000000000000053e+00 1.011268209999999962e-05 1.060000000000000053e+00 3.244101390000000222e-14 1.060000000000000053e+00 8.529277219999999993e-01 1.060000000000000053e+00 4.082611210000000314e-05 1.060000000000000053e+00 3.799277720000000323e-08 1.060000000000000053e+00 4.891808890000000176e-06 1.060000000000000053e+00 6.382662010000000370e-14 1.060000000000000053e+00 8.432280089999999451e-01 1.060000000000000053e+00 1.964469660000000051e-05 1.060000000000000053e+00 9.801339410000000047e-09 1.060000000000000053e+00 2.394394809999999914e-06 1.060000000000000053e+00 1.255791699999999915e-13 1.060000000000000053e+00 8.381896030000000053e-01
1.070000000000000062e+00 1.807381779999999967e-03 1.070000000000000062e+00 6.800880929999999786e-05 1.070000000000000062e+00 4.735935219999999916e-04 1.070000000000000062e+00 6.883448389999999758e-15 1.070000000000000062e+00 6.940850259999999938e-01 1.070000000000000062e+00 1.087281490000000048e-03 1.070000000000000062e+00 7.359149259999999947e-06 1.070000000000000062e+00 1.938409869999999872e-04 1.070000000000000062e+00 1.473211309999999893e-14 1.070000000000000062e+00 7.810251590000000244e-01 1.070000000000000062e+00 6.170586430000000056e-04 1.070000000000000062e+00 1.857962180000000068e-06 1.070000000000000062e+00 1.100947789999999975e-04 1.070000000000000062e+00 2.950858340000000132e-14 1.070000000000000062e+00 7.579586130000000033e-01 1.070000000000000062e+00 3.234387970000000161e-04 1.070000000000000062e+00 6.430600420000000357e-07 1.070000000000000062e+00 5.832702389999999980e-05 1.070000000000000062e+00 6.033352219999999711e-14 1.070000000000000062e+00 7.396272720000000023e-01 1.070000000000000062e+00 1.631791760000000056e-04 1.070000000000000062e+00 2.215567789999999957e-07 1.070000000000000062e+00 2.969577260000000091e-05 1.070000000000000062e+00 1.221750399999999998e-13 1.070000000000000062e+00 7.286490559999999617e-01 1.070000000000000062e+00 5.196112190000000018e-04 1.070000000000000062e+00 1.115531560000000042e-05 1.070000000000000062e+00 8.248734130000000590e-05 1.070000000000000062e+00 9.442885399999999934e-15 1.070000000000000062e+00 7.988977919999999955e-01 1.070000000000000062e+00 2.109575440000000012e-04 1.070000000000000062e+00 9.273841270000000251e-07 1.070000000000000062e+00 2.545882360000000015e-05 1.070000000000000062e+00 1.635207220000000027e-14 1.070000000000000062e+00 8.584101100000000040e-01 1.070000000000000062e+00 9.095628469999999936e-05 1.070000000000000062e+00 1.666153700000000055e-07 1.070000000000000062e+00 1.100334470000000012e-05 1.070000000000000062e+00 3.248202190000000283e-14 1.070000000000000062e+00 8.529277219999999993e-01 1.070000000000000062e+00 4.255209390000000072e-05 1.070000000000000062e+00 4.088417530000000197e-08 1.070000000000000062e+00 5.308710590000000183e-06 1.070000000000000062e+00 6.394170380000000569e-14 1.070000000000000062e+00 8.432280089999999451e-01 1.070000000000000062e+00 2.046237690000000128e-05 1.070000000000000062e+00 1.051324959999999973e-08 1.070000000000000062e+00 2.594934580000000001e-06 1.070000000000000062e+00 1.258993020000000108e-13 1.070000000000000062e+00 8.381896030000000053e-01
1.080000000000000071e+00 1.824287539999999968e-03 1.080000000000000071e+00 6.899784889999999431e-05 1.080000000000000071e+00 4.917524469999999797e-04 1.080000000000000071e+00 6.889826699999999981e-15 1.080000000000000071e+00 6.940850259999999938e-01 1.080000000000000071e+00 1.110504000000000005e-03 1.080000000000000071e+00 7.614530240000000115e-06 1.080000000000000071e+00 2.048305239999999956e-04 1.080000000000000071e+00 1.476063530000000082e-14 1.080000000000000071e+00 7.810251590000000244e-01 1.080000000000000071e+00 6.321910499999999549e-04 1.080000000000000071e+00 1.924842750000000046e-06 1.080000000000000071e+00 1.163412429999999943e-04 1.080000000000000071e+00 2.955429860000000009e-14 1.080000000000000071e+00 7.579586130000000033e-01 1.080000000000000071e+00 3.319486020000000210e-04 1.080000000000000071e+00 6.666496850000000259e-07 1.080000000000000071e+00 6.160402609999999775e-05 1.080000000000000071e+00 6.039981589999999855e-14 1.080000000000000071e+00 7.396272720000000023e-01 1.080000000000000071e+00 1.675995829999999938e-04 1.080000000000000071e+00 2.295605060000000080e-07 1.080000000000000071e+00 3.134968669999999865e-05 1.080000000000000071e+00 1.222842600000000004e-13 1.080000000000000071e+00 7.286490559999999617e-01 1.080000000000000071e+00 5.332496900000000244e-04 1.080000000000000071e+00 1.161563909999999933e-05 1.080000000000000071e+00 8.775187170000000453e-05 1.080000000000000071e+00 9.451456869999999728e-15 1.080000000000000071e+00 7.988977919999999955e-01 1.080000000000000071e+00 2.193761790000000114e-04 1.080000000000000071e+00 9.933022549999999022e-07 1.080000000000000071e+00 2.761059619999999847e-05 1.080000000000000071e+00 1.637241880000000052e-14 1.080000000000000071e+00 8.584101100000000040e-01 1.080000000000000071e+00 9.470643879999999517e-05 1.080000000000000071e+00 1.795081899999999961e-07 1.080000000000000071e+00 1.193168760000000038e-05 1.080000000000000071e+00 3.252048859999999712e-14 1.080000000000000071e+00 8.529277219999999993e-01 1.080000000000000071e+00 4.426569079999999751e-05 1.080000000000000071e+00 4.388862959999999786e-08 1.080000000000000071e+00 5.742809489999999795e-06 1.080000000000000071e+00 6.404816339999999842e-14 1.080000000000000071e+00 8.432280089999999451e-01 1.080000000000000071e+00 2.127496110000000036e-05 1.080000000000000071e+00 1.125153230000000024e-08 1.080000000000000071e+00 2.803625359999999810e-06 1.080000000000000071e+00 1.261912100000000124e-13 1.080000000000000071e+00 8.381896030000000053e-01
1.090000000000000080e+00 1.840516109999999934e-03 1.090000000000000080e+00 6.996890250000000378e-05 1.090000000000000080e+00 5.100770149999999965e-04 1.090000000000000080e+00 6.895822509999999650e-15 1.090000000000000080e+00 6.940850259999999938e-01 1.090000000000000080e+00 1.133009689999999988e-03 1.090000000000000080e+00 7.870686279999999235e-06 1.090000000000000080e+00 2.160486779999999901e-04 1.090000000000000080e+00 1.478659390000000041e-14 1.090000000000000080e+00 7.810251590000000244e-01 1.090000000000000080e+00 6.470683599999999631e-04 1.090000000000000080e+00 1.992313680000000039e-06 1.090000000000000080e+00 1.227377499999999990e-04 1.090000000000000080e+00 2.959627680000000273e-14 1.090000000000000080e+00 7.579586130000000033e-01 1.090000000000000080e+00 3.403809170000000124e-04 1.090000000000000080e+00 6.905293309999999853e-07 1.090000000000000080e+00 6.496573770000000291e-05 1.090000000000000080e+00 6.046150319999999630e-14 1.090000000000000080e+00 7.396272720000000023e-01 1.090000000000000080e+00 1.719957680000000033e-04 1.090000000000000080e+00 2.376668949999999963e-07 1.090000000000000080e+00 3.304768349999999687e-05 1.090000000000000080e+00 1.223866460000000071e-13 1.090000000000000080e+00 7.286490559999999617e-01 1.090000000000000080e+00 5.466228540000000287e-04 1.090000000000000080e+00 1.208055769999999945e-05 1.090000000000000080e+00 9.315145079999999345e-05 1.090000000000000080e+00 9.459603780000000229e-15 1.090000000000000080e+00 7.988977919999999955e-01 1.090000000000000080e+00 2.276730179999999961e-04 1.090000000000000080e+00 1.061393260000000024e-06 1.090000000000000080e+00 2.984594120000000036e-05 1.090000000000000080e+00 1.639152549999999996e-14 1.090000000000000080e+00 8.584101100000000040e-01 1.090000000000000080e+00 9.842249370000000382e-05 1.090000000000000080e+00 1.929109290000000065e-07 1.090000000000000080e+00 1.289735980000000025e-05 1.090000000000000080e+00 3.255665759999999804e-14 1.090000000000000080e+00 8.529277219999999993e-01 1.090000000000000080e+00 4.596773450000000142e-05 1.090000000000000080e+00 4.700669199999999974e-08 1.090000000000000080e+00 6.193985899999999578e-06 1.090000000000000080e+00 6.414694509999999457e-14 1.090000000000000080e+00 8.432280089999999451e-01 1.090000000000000080e+00 2.208282800000000134e-05 1.090000000000000080e+00 1.201634159999999957e-08 1.090000000000000080e+00 3.020418079999999855e-06 1.090000000000000080e+00 1.264582910000000094e-13 1.090000000000000080e+00 8.381896030000000053e-01
1.100000000000000089e+00 1.856102039999999939e-03 1.100000000000000089e+00 7.092287350000000244e-05 1.100000000000000089e+00 5.285606279999999517e-04 1.100000000000000089e+00 6.901463420000000106e-15 1.100000000000000089e+00 6.940850259999999938e-01 1.100000000000000089e+00 1.154826340000000015e-03 1.100000000000000089e+00 8.127627370000000724e-06 1.100000000000000089e+00 2.274884209999999995e-04 1.100000000000000089e+00 1.481030900000000003e-14 1.100000000000000089e+00 7.810251590000000244e-01 1.100000000000000089e+00 6.616966740000000463e-04 1.100000000000000089e+00 2.060377429999999867e-06 1.100000000000000089e+00 1.292817799999999981e-04 1.100000000000000089e+00 2.963496530000000127e-14 1.100000000000000089e+00 7.579586130000000033e-01 1.100000000000000089e+00 3.487371360000000040e-04 1.100000000000000089e+00 7.147011120000000243e-07 1.100000000000000089e+00 6.841139080000000589e-05 1.100000000000000089e+00 6.051908090000000188e-14 1.100000000000000089e+00 7.396272720000000023e-01 1.100000000000000089e+00 1.763681689999999915e-04 1.100000000000000089e+00 2.458768369999999897e-07 1.100000000000000089e+00 3.478952280000000263e-05 1.100000000000000089e+00 1.224828760000000115e-13 1.100000000000000089e+00 7.286490559999999617e-01 1.100000000000000089e+00 5.597414419999999615e-04 1.100000000000000089e+00 1.255014380000000083e-05 1.100000000000000089e+00 9.868348029999999811e-05 1.100000000000000089e+00 9.467360959999999901e-15 1.100000000000000089e+00 7.988977919999999955e-01 1.100000000000000089e+00 2.358538429999999992e-04 1.100000000000000089e+00 1.131659079999999902e-06 1.100000000000000089e+00 3.216366979999999977e-05 1.100000000000000089e+00 1.640950979999999953e-14 1.100000000000000089e+00 8.584101100000000040e-01 1.100000000000000089e+00 1.021064219999999955e-04 1.100000000000000089e+00 2.068253440000000046e-07 1.100000000000000089e+00 1.390003039999999921e-05 1.100000000000000089e+00 3.259074469999999830e-14 1.100000000000000089e+00 8.529277219999999993e-01 1.100000000000000089e+00 4.765902910000000323e-05 1.100000000000000089e+00 5.023900810000000167e-08 1.100000000000000089e+00 6.662128349999999845e-06 1.100000000000000089e+00 6.423887889999999615e-14 1.100000000000000089e+00 8.432280089999999451e-01 1.100000000000000089e+00 2.288633779999999879e-05 1.100000000000000089e+00 1.280785419999999946e-08 1.100000000000000089e+00 3.245267399999999987e-06 1.100000000000000089e+00 1.267035110000000107e-13 1.100000000000000089e+00 8.381896030000000053e-01
1.110000000000000098e+00 1.871077600000000058e-03 1.110000000000000098e+00 7.186061439999999912e-05 1.110000000000000098e+00 5.471970220000000468e-04 1.110000000000000098e+00 6.906774919999999916e-15 1.110000000000000098e+00 6.940850259999999938e-01 1.110000000000000098e+00 1.175980909999999914e-03 1.110000000000000098e+00 8.385368139999999418e-06 1.110000000000000098e+00 2.391429979999999916e-04 1.110000000000000098e+00 1.483205630000000053e-14 1.110000000000000098e+00 7.810251590000000244e-01 1.110000000000000098e+00 6.760819500000000331e-04 1.110000000000000098e+00 2.129037660000000099e-06 1.110000000000000098e+00 1.359708729999999956e-04 1.110000000000000098e+00 2.967074950000000205e-14 1.110000000000000098e+00 7.579586130000000033e-01 1.110000000000000098e+00 3.570186049999999841e-04 1.110000000000000098e+00 7.391675179999999640e-07 1.110000000000000098e+00 7.194023120000000082e-05 1.110000000000000098e+00 6.057297930000000409e-14 1.110000000000000098e+00 7.396272720000000023e-01 1.110000000000000098e+00 1.807171979999999927e-04 1.110000000000000098e+00 2.541913390000000150e-07 1.110000000000000098e+00 3.657496900000000323e-05 1.110000000000000098e+00 1.225735420000000078e-13 1.110000000000000098e+00 7.286490559999999617e-01 1.110000000000000098e+00 5.726151460000000184e-04 1.110000000000000098e+00 1.302446320000000074e-05 1.110000000000000098e+00 1.043454639999999938e-04 1.110000000000000098e+00 9.474759469999999461e-15 1.110000000000000098e+00 7.988977919999999955e-01 1.110000000000000098e+00 2.439242859999999865e-04 1.110000000000000098e+00 1.204103400000000093e-06 1.110000000000000098e+00 3.456265020000000006e-05 1.110000000000000098e+00 1.642647599999999938e-14 1.110000000000000098e+00 8.584101100000000040e-01 1.110000000000000098e+00 1.057601230000000003e-04 1.110000000000000098e+00 2.212535869999999879e-07 1.110000000000000098e+00 1.493938750000000046e-05 1.110000000000000098e+00 3.262294119999999815e-14 1.110000000000000098e+00 8.529277219999999993e-01 1.110000000000000098e+00 4.934032800000000252e-05 1.110000000000000098e+00 5.358631040000000055e-08 1.110000000000000098e+00 7.147133170000000404e-06 1.110000000000000098e+00 6.432469190000000163e-14 1.110000000000000098e+00 8.432280089999999451e-01 1.110000000000000098e+00 2.368582359999999866e-05 1.110000000000000098e+00 1.362626820000000018e-08 1.110000000000000098e+00 3.478131430000000082e-06 1.110000000000000098e+00 1.269294519999999930e-13 1.110000000000000098e+00 8.381896030000000053e-01
1.120000000000000107e+00 1.885472960000000083e-03 1.120000000000000107e+00 7.278293000000000620e-05 1.120000000000000107e+00 5.659802459999999915e-04 1.120000000000000107e+00 6.911780480000000377e-15 1.120000000000000107e+00 6.940850259999999938e-01 1.120000000000000107e+00 1.196499360000000036e-03 1.120000000000000107e+00 8.643926989999999383e-06 1.120000000000000107e+00 2.510059190000000140e-04 1.120000000000000107e+00 1.485207300000000021e-14 1.120000000000000107e+00 7.810251590000000244e-01 1.120000000000000107e+00 6.902299690000000256e-04 1.120000000000000107e+00 2.198299110000000144e-06 1.120000000000000107e+00 1.428026279999999903e-04 1.120000000000000107e+00 2.970396129999999897e-14 1.120000000000000107e+00 7.579586130000000033e-01 1.120000000000000107e+00 3.652266090000000224e-04 1.120000000000000107e+00 7.639313780000000079e-07 1.120000000000000107e+00 7.555151799999999915e-05 1.120000000000000107e+00 6.062357220000000505e-14 1.120000000000000107e+00 7.396272720000000023e-01 1.120000000000000107e+00 1.850432369999999984e-04 1.120000000000000107e+00 2.626115110000000221e-07 1.120000000000000107e+00 3.840379020000000239e-05 1.120000000000000107e+00 1.226591590000000107e-13 1.120000000000000107e+00 7.286490559999999617e-01 1.120000000000000107e+00 5.852527079999999627e-04 1.120000000000000107e+00 1.350357570000000013e-05 1.120000000000000107e+00 1.101349960000000042e-04 1.120000000000000107e+00 9.481827030000000230e-15 1.120000000000000107e+00 7.988977919999999955e-01 1.120000000000000107e+00 2.518896740000000039e-04 1.120000000000000107e+00 1.278731430000000015e-06 1.120000000000000107e+00 3.704180540000000178e-05 1.120000000000000107e+00 1.644251659999999864e-14 1.120000000000000107e+00 8.584101100000000040e-01 1.120000000000000107e+00 1.093853729999999974e-04 1.120000000000000107e+00 2.361981799999999996e-07 1.120000000000000107e+00 1.601513799999999913e-05 1.120000000000000107e+00 3.265341669999999862e-14 1.120000000000000107e+00 8.529277219999999993e-01 1.120000000000000107e+00 5.101231929999999959e-05 1.120000000000000107e+00 5.704941120000000221e-08 1.120000000000000107e+00 7.648903890000000077e-06 1.120000000000000107e+00 6.440502169999999719e-14 1.120000000000000107e+00 8.432280089999999451e-01 1.120000000000000107e+00 2.448158680000000077e-05 1.120000000000000107e+00 1.447180119999999998e-08 1.120000000000000107e+00 3.718971460000000116e-06 1.120000000000000107e+00 1.271383599999999938e-13 1.120000000000000107e+00 8.381896030000000053e-01
1.129999999999999893e+00 1.899316330000000051e-03 1.129999999999999893e+00 7.369058009999999905e-05 1.129999999999999893e+00 5.849046409999999552e-04 1.129999999999999893e+00 6.916501789999999950e-15 1.129999999999999893e+00 6.940850259999999938e-01 1.129999999999999893e+00 1.216406609999999902e-03 1.129999999999999893e+00 8.903325370000000289e-06 1.129999999999999893e+00 2.630709480000000206e-04 1.129999999999999893e+00 1.487056360000000013e-14 1.129999999999999893e+00 7.810251590000000244e-01 1.129999999999999893e+00 7.041463140000000500e-04 1.129999999999999893e+00 2.268167490000000173e-06 1.129999999999999893e+00 1.497747000000000011e-04 1.129999999999999893e+00 2.973488720000000039e-14 1.129999999999999893e+00 7.579586130000000033e-01 1.129999999999999893e+00 3.733623670000000183e-04 1.129999999999999893e+00 7.889958310000000021e-07 1.129999999999999893e+00 7.924452260000000657e-05 1.129999999999999893e+00 6.067118479999999669e-14 1.129999999999999893e+00 7.396272720000000023e-01 1.129999999999999893e+00 1.893466369999999884e-04 1.129999999999999893e+00 2.711385640000000101e-07 1.129999999999999893e+00 4.027575829999999809e-05 1.129999999999999893e+00 1.227401810000000015e-13 1.129999999999999893e+00 7.286490559999999617e-01 1.129999999999999893e+00 5.976620190000000304e-04 1.129999999999999893e+00 1.398753569999999982e-05 1.129999999999999893e+00 1.160497569999999971e-04 1.129999999999999893e+00 9.488588419999999325e-15 1.129999999999999893e+00 7.988977919999999955e-01 1.129999999999999893e+00 2.597549399999999915e-04 1.129999999999999893e+00 1.355549659999999917e-06 1.129999999999999893e+00 3.960011000000000124e-05 1.129999999999999893e+00 1.645771360000000148e-14 1.129999999999999893e+00 8.584101100000000040e-01 1.129999999999999893e+00 1.129837939999999975e-04 1.129999999999999893e+00 2.516619840000000153e-07 1.129999999999999893e+00 1.712700560000000050e-05 1.129999999999999893e+00 3.268232170000000101e-14 1.129999999999999893e+00 8.529277219999999993e-01 1.129999999999999893e+00 5.267561989999999735e-05 1.129999999999999893e+00 6.062919570000000429e-08 1.129999999999999893e+00 8.167350590000000481e-06 1.129999999999999893e+00 6.448042730000000211e-14 1.129999999999999893e+00 8.432280089999999451e-01 1.129999999999999893e+00 2.527389479999999847e-05 1.129999999999999893e+00 1.534468799999999924e-08 1.129999999999999893e+00 3.967751650000000099e-06 1.129999999999999893e+00 1.273321859999999964e-13 1.129999999999999893e+00 8.381896030000000053e-01
1.139999999999999902e+00 1.912634099999999896e-03 1.139999999999999902e+00 7.458428269999999537e-05 1.139999999999999902e+00 6.039648209999999920e-04 1.139999999999999902e+00 6.920958819999999772e-15 1.139999999999999902e+00 6.940850259999999938e-01 1.139999999999999902e+00 1.235726469999999999e-03 1.139999999999999902e+00 9.163587259999999763e-06 1.139999999999999902e+00 2.753320929999999935e-04 1.139999999999999902e+00 1.488770410000000016e-14 1.139999999999999902e+00 7.810251590000000244e-01 1.139999999999999902e+00 7.178363520000000195e-04 1.139999999999999902e+00 2.338649399999999988e-06 1.139999999999999902e+00 1.568848000000000128e-04 1.139999999999999902e+00 2.976377470000000277e-14 1.139999999999999902e+00 7.579586130000000033e-01 1.139999999999999902e+00 3.814270259999999967e-04 1.139999999999999902e+00 8.143643049999999936e-07 1.139999999999999902e+00 8.301852839999999435e-05 1.139999999999999902e+00 6.071610030000000376e-14 1.139999999999999902e+00 7.396272720000000023e-01 1.139999999999999902e+00 1.936277180000000122e-04 1.139999999999999902e+00 2.797738030000000011e-07 1.139999999999999902e+00 4.219064849999999819e-05 1.139999999999999902e+00 1.228170040000000100e-13 1.139999999999999902e+00 7.286490559999999617e-01 1.139999999999999902e+00 6.098502169999999974e-04 1.139999999999999902e+00 1.447639309999999996e-05 1.139999999999999902e+00 1.220875000000000063e-04 1.139999999999999902e+00 9.495065840000000636e-15 1.139999999999999902e+00 7.988977919999999955e-01 1.139999999999999902e+00 2.675245829999999968e-04 1.139999999999999902e+00 1.434565709999999910e-06 1.139999999999999902e+00 4.223658549999999843e-05 1.139999999999999902e+00 1.647213980000000110e-14 1.139999999999999902e+00 8.584101100000000040e-01 1.139999999999999902e+00 1.165568430000000062e-04 1.139999999999999902e+00 2.676481739999999849e-07 1.139999999999999902e+00 1.827472930000000054e-05 1.139999999999999902e+00 3.270979009999999699e-14 1.139999999999999902e+00 8.529277219999999993e-01 1.139999999999999902e+00 5.433077350000000251e-05 1.139999999999999902e+00 6.432661650000000272e-08 1.139999999999999902e+00 8.702389140000000732e-06 1.139999999999999902e+00 6.455139870000000387e-14 1.139999999999999902e+00 8.432280089999999451e-01 1.139999999999999902e+00 2.606298150000000040e-05 1.139999999999999902e+00 1.624517990000000032e-08 1.139999999999999902e+00 4.224438630000000319e-06 1.139999999999999902e+00 1.275126269999999917e-13 1.139999999999999902e+00 8.381896030000000053e-01
1.149999999999999911e+00 1.925450989999999939e-03 1.149999999999999911e+00 7.546471650000000455e-05 1.149999999999999911e+00 6.231556540000000085e-04 1.149999999999999911e+00 6.925169999999999681e-15 1.149999999999999911e+00 6.940850259999999938e-01 1.149999999999999911e+00 1.254481650000000004e-03 1.149999999999999911e+00 9.424738639999999295e-06 1.149999999999999911e+00 2.877835960000000096e-04 1.149999999999999911e+00 1.490364630000000136e-14 1.149999999999999911e+00 7.810251590000000244e-01 1.149999999999999911e+00 7.313052309999999636e-04 1.149999999999999911e+00 2.409752190000000204e-06 1.149999999999999911e+00 1.641306899999999964e-04 1.149999999999999911e+00 2.979083770000000232e-14 1.149999999999999911e+00 7.579586130000000033e-01 1.149999999999999911e+00 3.894216649999999828e-04 1.149999999999999911e+00 8.400405009999999612e-07 1.149999999999999911e+00 8.687282969999999323e-05 1.149999999999999911e+00 6.075856610000000065e-14 1.149999999999999911e+00 7.396272720000000023e-01 1.149999999999999911e+00 1.978867660000000112e-04 1.149999999999999911e+00 2.885186190000000118e-07 1.149999999999999911e+00 4.414823920000000184e-05 1.149999999999999911e+00 1.228899790000000045e-13 1.149999999999999911e+00 7.286490559999999617e-01 1.149999999999999911e+00 6.218237780000000076e-04 1.149999999999999911e+00 1.497019359999999991e-05 1.149999999999999911e+00 1.282460459999999974e-04 1.149999999999999911e+00 9.501279200000000580e-15 1.149999999999999911e+00 7.988977919999999955e-01 1.149999999999999911e+00 2.752026490000000075e-04 1.149999999999999911e+00 1.515788149999999956e-06 1.149999999999999911e+00 4.495029639999999769e-05 1.149999999999999911e+00 1.648585999999999845e-14 1.149999999999999911e+00 8.584101100000000040e-01 1.149999999999999911e+00 1.201058079999999998e-04 1.149999999999999911e+00 2.841602099999999923e-07 1.149999999999999911e+00 1.945806219999999850e-05 1.149999999999999911e+00 3.273594059999999990e-14 1.149999999999999911e+00 8.529277219999999993e-01 1.149999999999999911e+00 5.597825299999999708e-05 1.149999999999999911e+00 6.814268680000000285e-08 1.149999999999999911e+00 9.253940490000000586e-06 1.149999999999999911e+00 6.461836639999999756e-14 1.149999999999999911e+00 8.432280089999999451e-01 1.149999999999999911e+00 2.684904860000000089e-05 1.149999999999999911e+00 1.717354259999999858e-08 1.149999999999999911e+00 4.489001220000000325e-06 1.149999999999999911e+00 1.276811549999999924e-13 1.149999999999999911e+00 8.381896030000000053e-01
1.159999999999999920e+00 1.937790150000000050e-03 1.159999999999999920e+00 7.633252379999999713e-05 1.159999999999999920e+00 6.424722480000000365e-04 1.159999999999999920e+00 6.929152319999999774e-15 1.159999999999999920e+00 6.940850259999999938e-01 1.159999999999999920e+00 1.272693760000000087e-03 1.159999999999999920e+00 9.686807130000000399e-06 1.159999999999999920e+00 3.004199159999999835e-04 1.159999999999999920e+00 1.491852129999999906e-14 1.159999999999999920e+00 7.810251590000000244e-01 1.159999999999999920e+00 7.445578790000000318e-04 1.159999999999999920e+00 2.481483980000000206e-06 1.159999999999999920e+00 1.715101840000000130e-04 1.159999999999999920e+00 2.981626159999999721e-14 1.159999999999999920e+00 7.579586130000000033e-01 1.159999999999999920e+00 3.973472910000000187e-04 1.159999999999999920e+00 8.660283769999999689e-07 1.159999999999999920e+00 9.080673159999999350e-05 1.159999999999999920e+00 6.079879869999999571e-14 1.159999999999999920e+00 7.396272720000000023e-01 1.159999999999999920e+00 2.021240369999999925e-04 1.159999999999999920e+00 2.973744910000000075e-07 1.159999999999999920e+00 4.614831119999999992e-05 1.159999999999999920e+00 1.229594119999999929e-13 1.159999999999999920e+00 7.286490559999999617e-01 1.159999999999999920e+00 6.335886000000000209e-04 1.159999999999999920e+00 1.546897939999999943e-05 1.159999999999999920e+00 1.345232789999999958e-04 1.159999999999999920e+00 9.507246410000000664e-15 1.159999999999999920e+00 7.988977919999999955e-01 1.159999999999999920e+00 2.827927490000000147e-04 1.159999999999999920e+00 1.599226419999999991e-06 1.159999999999999920e+00 4.774034529999999886e-05 1.159999999999999920e+00 1.649893179999999895e-14 1.159999999999999920e+00 8.584101100000000040e-01 1.159999999999999920e+00 1.236318129999999999e-04 1.159999999999999920e+00 3.012018100000000249e-07 1.159999999999999920e+00 2.067676900000000017e-05 1.159999999999999920e+00 3.276087910000000013e-14 1.159999999999999920e+00 8.529277219999999993e-01 1.159999999999999920e+00 5.761846470000000012e-05 1.159999999999999920e+00 7.207847640000000491e-08 1.159999999999999920e+00 9.821929980000000687e-06 1.159999999999999920e+00 6.468170819999999720e-14 1.159999999999999920e+00 8.432280089999999451e-01 1.159999999999999920e+00 2.763226799999999881e-05 1.159999999999999920e+00 1.813005559999999875e-08 1.159999999999999920e+00 4.761410110000000311e-06 1.159999999999999920e+00 1.278390520000000076e-13 1.159999999999999920e+00 8.381896030000000053e-01
1.169999999999999929e+00 1.949673320000000097e-03 1.169999999999999929e+00 7.718831259999999665e-05 1.169999999999999929e+00 6.619099369999999639e-04 1.169999999999999929e+00 6.932921450000000384e-15 1.169999999999999929e+00 6.940850259999999938e-01 1.169999999999999929e+00 1.290383300000000084e-03 1.169999999999999929e+00 9.949821660000000232e-06 1.169999999999999929e+00 3.132357289999999927e-04 1.169999999999999929e+00 1.493244240000000127e-14 1.169999999999999929e+00 7.810251590000000244e-01 1.169999999999999929e+00 7.575990049999999478e-04 1.169999999999999929e+00 2.553853530000000009e-06 1.169999999999999929e+00 1.790211429999999902e-04 1.169999999999999929e+00 2.984020760000000259e-14 1.169999999999999929e+00 7.579586130000000033e-01 1.169999999999999929e+00 4.052048409999999923e-04 1.169999999999999929e+00 8.923321370000000199e-07 1.169999999999999929e+00 9.481954859999999665e-05 1.169999999999999929e+00 6.083698829999999887e-14 1.169999999999999929e+00 7.396272720000000023e-01 1.169999999999999929e+00 2.063397560000000057e-04 1.169999999999999929e+00 3.063429760000000244e-07 1.169999999999999929e+00 4.819064810000000198e-05 1.169999999999999929e+00 1.230255769999999891e-13 1.169999999999999929e+00 7.286490559999999617e-01 1.169999999999999929e+00 6.451500860000000236e-04 1.169999999999999929e+00 1.597279030000000143e-05 1.169999999999999929e+00 1.409171399999999889e-04 1.169999999999999929e+00 9.512983569999999569e-15 1.169999999999999929e+00 7.988977919999999955e-01 1.169999999999999929e+00 2.902980830000000253e-04 1.169999999999999929e+00 1.684890709999999923e-06 1.169999999999999929e+00 5.060586889999999969e-05 1.169999999999999929e+00 1.651140649999999967e-14 1.169999999999999929e+00 8.584101100000000040e-01 1.169999999999999929e+00 1.271358329999999867e-04 1.169999999999999929e+00 3.187769339999999952e-07 1.169999999999999929e+00 2.193062520000000135e-05 1.169999999999999929e+00 3.278470010000000278e-14 1.169999999999999929e+00 8.529277219999999993e-01 1.169999999999999929e+00 5.925175360000000188e-05 1.169999999999999929e+00 7.613510650000000234e-08 1.169999999999999929e+00 1.040628670000000025e-05 1.169999999999999929e+00 6.474175650000000604e-14 1.169999999999999929e+00 8.432280089999999451e-01 1.169999999999999929e+00 2.841278439999999942e-05 1.169999999999999929e+00 1.911501050000000113e-08 1.169999999999999929e+00 5.041637569999999847e-06 1.169999999999999929e+00 1.279874320000000008e-13 1.169999999999999929e+00 8.381896030000000053e-01
1.179999999999999938e+00 1.961120900000000097e-03 1.179999999999999938e+00 7.803265910000000197e-05 1.179999999999999938e+00 6.814642630000000397e-04 1.179999999999999938e+00 6.936491859999999696e-15 1.179999999999999938e+00 6.940850259999999938e-01 1.179999999999999938e+00 1.307569759999999961e-03 1.179999999999999938e+00 1.021381219999999973e-05 1.179999999999999938e+00 3.262259059999999861e-04 1.179999999999999938e+00 1.494550789999999975e-14 1.179999999999999938e+00 7.810251590000000244e-01 1.179999999999999938e+00 7.704331069999999530e-04 1.179999999999999938e+00 2.626870209999999931e-06 1.179999999999999938e+00 1.866614739999999972e-04 1.179999999999999938e+00 2.986281569999999956e-14 1.179999999999999938e+00 7.579586130000000033e-01 1.179999999999999938e+00 4.129951869999999971e-04 1.179999999999999938e+00 9.189562170000000064e-07 1.179999999999999938e+00 9.891060440000000540e-05 1.179999999999999938e+00 6.087330199999999583e-14 1.179999999999999938e+00 7.396272720000000023e-01 1.179999999999999938e+00 2.105341189999999994e-04 1.179999999999999938e+00 3.154257139999999766e-07 1.179999999999999938e+00 5.027503520000000124e-05 1.179999999999999938e+00 1.230887149999999939e-13 1.179999999999999938e+00 7.286490559999999617e-01 1.179999999999999938e+00 6.565132050000000016e-04 1.179999999999999938e+00 1.648166369999999844e-05 1.179999999999999938e+00 1.474256200000000083e-04 1.179999999999999938e+00 9.518505229999999407e-15 1.179999999999999938e+00 7.988977919999999955e-01 1.179999999999999938e+00 2.977214709999999927e-04 1.179999999999999938e+00 1.772791910000000081e-06 1.179999999999999938e+00 5.354603390000000002e-05 1.179999999999999938e+00 1.652333009999999863e-14 1.179999999999999938e+00 8.584101100000000040e-01 1.179999999999999938e+00 1.306187010000000063e-04 1.179999999999999938e+00 3.368897600000000239e-07 1.179999999999999938e+00 2.321941520000000091e-05 1.179999999999999938e+00 3.280748790000000211e-14 1.179999999999999938e+00 8.529277219999999993e-01 1.179999999999999938e+00 6.087840980000000057e-05 1.179999999999999938e+00 8.031374619999999558e-08 1.179999999999999938e+00 1.100694300000000057e-05 1.179999999999999938e+00 6.479880420000000607e-14 1.179999999999999938e+00 8.432280089999999451e-01 1.179999999999999938e+00 2.919071849999999881e-05 1.179999999999999938e+00 2.012871089999999994e-08 1.179999999999999938e+00 5.329657189999999906e-06 1.179999999999999938e+00 1.281272629999999996e-13 1.179999999999999938e+00 8.381896030000000053e-01
1.189999999999999947e+00 1.972152060000000214e-03 1.189999999999999947e+00 7.886610999999999426e-05 1.189999999999999947e+00 7.011309670000000433e-04 1.189999999999999947e+00 6.939876860000000046e-15 1.189999999999999947e+00 6.940850259999999938e-01 1.189999999999999947e+00 1.324271620000000036e-03 1.189999999999999947e+00 1.047880969999999956e-05 1.189999999999999947e+00 3.393855090000000166e-04 1.189999999999999947e+00 1.495780280000000128e-14 1.189999999999999947e+00 7.810251590000000244e-01 1.189999999999999947e+00 7.830644810000000119e-04 1.189999999999999947e+00 2.700543969999999856e-06 1.189999999999999947e+00 1.944291290000000044e-04 1.189999999999999947e+00 2.988420809999999769e-14 1.189999999999999947e+00 7.579586130000000033e-01 1.189999999999999947e+00 4.207191399999999910e-04 1.189999999999999947e+00 9.459052830000000195e-07 1.189999999999999947e+00 1.030792310000000055e-04 1.189999999999999947e+00 6.090788749999999471e-14 1.189999999999999947e+00 7.396272720000000023e-01 1.189999999999999947e+00 2.147072959999999991e-04 1.189999999999999947e+00 3.246244169999999863e-07 1.189999999999999947e+00 5.240125980000000331e-05 1.189999999999999947e+00 1.231490430000000123e-13 1.189999999999999947e+00 7.286490559999999617e-01 1.189999999999999947e+00 6.676825599999999935e-04 1.189999999999999947e+00 1.699563550000000083e-05 1.189999999999999947e+00 1.540467580000000022e-04 1.189999999999999947e+00 9.523824539999999389e-15 1.189999999999999947e+00 7.988977919999999955e-01 1.189999999999999947e+00 3.050653919999999860e-04 1.189999999999999947e+00 1.862941530000000075e-06 1.189999999999999947e+00 5.656003339999999722e-05 1.189999999999999947e+00 1.653474350000000109e-14 1.189999999999999947e+00 8.584101100000000040e-01 1.189999999999999947e+00 1.340811280000000095e-04 1.189999999999999947e+00 3.555446660000000044e-07 1.189999999999999947e+00 2.454293110000000153e-05 1.189999999999999947e+00 3.282931789999999718e-14 1.189999999999999947e+00 8.529277219999999993e-01 1.189999999999999947e+00 6.249867510000000172e-05 1.189999999999999947e+00 8.461560930000000429e-08 1.189999999999999947e+00 1.162383360000000033e-05 1.189999999999999947e+00 6.485310920000000450e-14 1.189999999999999947e+00 8.432280089999999451e-01 1.189999999999999947e+00 2.996616950000000108e-05 1.189999999999999947e+00 2.117147099999999938e-08 1.189999999999999947e+00 5.625443659999999942e-06 1.189999999999999947e+00 1.282593899999999970e-13 1.189999999999999947e+00 8.381896030000000053e-01
1.199999999999999956e+00 1.982784840000000135e-03 1.199999999999999956e+00 7.968918419999999534e-05 1.199999999999999956e+00 7.209059759999999865e-04 1.199999999999999956e+00 6.943088760000000006e-15 1.199999999999999956e+00 6.940850259999999938e-01 1.199999999999999956e+00 1.340506399999999909e-03 1.199999999999999956e+00 1.074484550000000033e-05 1.199999999999999956e+00 3.527097810000000104e-04 1.199999999999999956e+00 1.496940119999999884e-14 1.199999999999999956e+00 7.810251590000000244e-01 1.199999999999999956e+00 7.954972289999999967e-04 1.199999999999999956e+00 2.774885260000000211e-06 1.199999999999999956e+00 2.023221020000000043e-04 1.199999999999999956e+00 2.990449169999999981e-14 1.199999999999999956e+00 7.579586130000000033e-01 1.199999999999999956e+00 4.283774480000000209e-04 1.199999999999999956e+00 9.731842150000000795e-07 1.199999999999999956e+00 1.073247679999999986e-04 1.199999999999999956e+00 6.094087559999999719e-14 1.199999999999999956e+00 7.396272720000000023e-01 1.199999999999999956e+00 2.188594300000000026e-04 1.199999999999999956e+00 3.339408749999999823e-07 1.199999999999999956e+00 5.456911100000000250e-05 1.199999999999999956e+00 1.232067519999999911e-13 1.199999999999999956e+00 7.286490559999999617e-01 1.199999999999999956e+00 6.786624350000000118e-04 1.199999999999999956e+00 1.751474010000000125e-05 1.199999999999999956e+00 1.607786400000000020e-04 1.199999999999999956e+00 9.528953410000000526e-15 1.199999999999999956e+00 7.988977919999999955e-01 1.199999999999999956e+00 3.123320239999999759e-04 1.199999999999999956e+00 1.955351680000000002e-06 1.199999999999999956e+00 5.964708410000000140e-05 1.199999999999999956e+00 1.654568330000000048e-14 1.199999999999999956e+00 8.584101100000000040e-01 1.199999999999999956e+00 1.375237119999999920e-04 1.199999999999999956e+00 3.747462199999999901e-07 1.199999999999999956e+00 2.590097159999999848e-05 1.199999999999999956e+00 3.285025759999999792e-14 1.199999999999999956e+00 8.529277219999999993e-01 1.199999999999999956e+00 6.411274869999999948e-05 1.199999999999999956e+00 8.904195130000000352e-08 1.199999999999999956e+00 1.225689580000000035e-05 1.199999999999999956e+00 6.490489970000000441e-14 1.199999999999999956e+00 8.432280089999999451e-01 1.199999999999999956e+00 3.073921849999999931e-05 1.199999999999999956e+00 2.224361560000000041e-08 1.199999999999999956e+00 5.928972580000000384e-06 1.199999999999999956e+00 1.283845490000000120e-13 1.199999999999999956e+00 8.381896030000000053e-01
1.209999999999999964e+00 1.993036240000000021e-03 1.209999999999999964e+00 8.050237489999999686e-05 1.209999999999999964e+00 7.407853930000000454e-04 1.209999999999999964e+00 6.946138909999999900e-15 1.209999999999999964e+00 6.940850259999999938e-01 1.209999999999999964e+00 1.356290719999999955e-03 1.209999999999999964e+00 1.101195179999999941e-05 1.209999999999999964e+00 3.661941360000000234e-04 1.209999999999999964e+00 1.498036749999999976e-14 1.209999999999999964e+00 7.810251590000000244e-01 1.209999999999999964e+00 8.077352669999999808e-04 1.209999999999999964e+00 2.849905079999999815e-06 1.209999999999999964e+00 2.103384250000000003e-04 1.209999999999999964e+00 2.992376010000000169e-14 1.209999999999999964e+00 7.579586130000000033e-01 1.209999999999999964e+00 4.359708090000000082e-04 1.209999999999999964e+00 1.000798109999999935e-06 1.209999999999999964e+00 1.116465640000000042e-04 1.209999999999999964e+00 6.097238210000000136e-14 1.209999999999999964e+00 7.396272720000000023e-01 1.209999999999999964e+00 2.229906399999999952e-04 1.209999999999999964e+00 3.433769520000000028e-07 1.209999999999999964e+00 5.677837869999999943e-05 1.209999999999999964e+00 1.232620130000000067e-13 1.209999999999999964e+00 7.286490559999999617e-01 1.209999999999999964e+00 6.894568429999999590e-04 1.209999999999999964e+00 1.803901149999999936e-05 1.209999999999999964e+00 1.676193889999999997e-04 1.209999999999999964e+00 9.533902669999999290e-15 1.209999999999999964e+00 7.988977919999999955e-01 1.209999999999999964e+00 3.195232790000000203e-04 1.209999999999999964e+00 2.050035000000000185e-06 1.209999999999999964e+00 6.280642269999999697e-05 1.209999999999999964e+00 1.655618250000000030e-14 1.209999999999999964e+00 8.584101100000000040e-01 1.209999999999999964e+00 1.409469569999999999e-04 1.209999999999999964e+00 3.944991649999999808e-07 1.209999999999999964e+00 2.729334089999999892e-05 1.209999999999999964e+00 3.287036779999999971e-14 1.209999999999999964e+00 8.529277219999999993e-01 1.209999999999999964e+00 6.572079320000000007e-05 1.209999999999999964e+00 9.359406789999999767e-08 1.209999999999999964e+00 1.290606850000000049e-05 1.209999999999999964e+00 6.495437740000000420e-14 1.209999999999999964e+00 8.432280089999999451e-01 1.209999999999999964e+00 3.150993050000000143e-05 1.209999999999999964e+00 2.334547899999999877e-08 1.209999999999999964e+00 6.240220250000000387e-06 1.209999999999999964e+00 1.285033859999999914e-13 1.209999999999999964e+00 8.381896030000000053e-01
1.219999999999999973e+00 2.002922260000000124e-03 1.219999999999999973e+00 8.130615109999999506e-05 1.219999999999999973e+00 7.607654829999999655e-04 1.219999999999999973e+00 6.949037790000000208e-15 1.219999999999999973e+00 6.940850259999999938e-01 1.219999999999999973e+00 1.371640319999999948e-03 1.219999999999999973e+00 1.128016110000000078e-05 1.219999999999999973e+00 3.798341470000000182e-04 1.219999999999999973e+00 1.499075820000000018e-14 1.219999999999999973e+00 7.810251590000000244e-01 1.219999999999999973e+00 8.197823419999999538e-04 1.219999999999999973e+00 2.925614849999999862e-06 1.219999999999999973e+00 2.184761709999999944e-04 1.219999999999999973e+00 2.994209579999999795e-14 1.219999999999999973e+00 7.579586130000000033e-01 1.219999999999999973e+00 4.434998669999999817e-04 1.219999999999999973e+00 1.028752279999999903e-06 1.219999999999999973e+00 1.160439700000000002e-04 1.219999999999999973e+00 6.100251050000000437e-14 1.219999999999999973e+00 7.396272720000000023e-01 1.219999999999999973e+00 2.271010260000000110e-04 1.219999999999999973e+00 3.529345839999999768e-07 1.219999999999999973e+00 5.902885430000000228e-05 1.219999999999999973e+00 1.233149829999999994e-13 1.219999999999999973e+00 7.286490559999999617e-01 1.219999999999999973e+00 7.000695640000000183e-04 1.219999999999999973e+00 1.856848280000000047e-05 1.219999999999999973e+00 1.745671710000000054e-04 1.219999999999999973e+00 9.538682170000000219e-15 1.219999999999999973e+00 7.988977919999999955e-01 1.219999999999999973e+00 3.266408419999999998e-04 1.219999999999999973e+00 2.147004670000000154e-06 1.219999999999999973e+00 6.603730410000000135e-05 1.219999999999999973e+00 1.656627070000000154e-14 1.219999999999999973e+00 8.584101100000000040e-01 1.219999999999999973e+00 1.443512869999999924e-04 1.219999999999999973e+00 4.148084079999999889e-07 1.219999999999999973e+00 2.871984769999999884e-05 1.219999999999999973e+00 3.288970289999999905e-14 1.219999999999999973e+00 8.529277219999999993e-01 1.219999999999999973e+00 6.732294019999999807e-05 1.219999999999999973e+00 9.827329229999999484e-08 1.219999999999999973e+00 1.357129199999999976e-05 1.219999999999999973e+00 6.500172119999999375e-14 1.219999999999999973e+00 8.432280089999999451e-01 1.219999999999999973e+00 3.227835709999999980e-05 1.219999999999999973e+00 2.447740540000000159e-08 1.219999999999999973e+00 6.559163569999999588e-06 1.219999999999999973e+00 1.286164620000000046e-13 1.219999999999999973e+00 8.381896030000000053e-01
1.229999999999999982e+00 2.012458019999999875e-03 1.229999999999999982e+00 8.210095950000000477e-05 1.229999999999999982e+00 7.808426700000000494e-04 1.229999999999999982e+00 6.951795079999999976e-15 1.229999999999999982e+00 6.940850259999999938e-01 1.229999999999999982e+00 1.386570190000000055e-03 1.229999999999999982e+00 1.154950619999999975e-05 1.229999999999999982e+00 3.936255429999999849e-04 1.229999999999999982e+00 1.500062270000000068e-14 1.229999999999999982e+00 7.810251590000000244e-01 1.229999999999999982e+00 8.316420360000000228e-04 1.229999999999999982e+00 3.002026469999999896e-06 1.229999999999999982e+00 2.267334469999999884e-04 1.229999999999999982e+00 2.995957160000000071e-14 1.229999999999999982e+00 7.579586130000000033e-01 1.229999999999999982e+00 4.509652199999999913e-04 1.229999999999999982e+00 1.057052229999999942e-06 1.229999999999999982e+00 1.205163489999999974e-04 1.229999999999999982e+00 6.103135299999999592e-14 1.229999999999999982e+00 7.396272720000000023e-01 1.229999999999999982e+00 2.311906650000000133e-04 1.229999999999999982e+00 3.626157809999999957e-07 1.229999999999999982e+00 6.132033010000000344e-05 1.229999999999999982e+00 1.233658000000000073e-13 1.229999999999999982e+00 7.286490559999999617e-01 1.229999999999999982e+00 7.105041779999999793e-04 1.229999999999999982e+00 1.910318729999999958e-05 1.229999999999999982e+00 1.816201869999999974e-04 1.229999999999999982e+00 9.543300910000000114e-15 1.229999999999999982e+00 7.988977919999999955e-01 1.229999999999999982e+00 3.336861989999999941e-04 1.229999999999999982e+00 2.246274390000000053e-06 1.229999999999999982e+00 6.933899889999999358e-05 1.229999999999999982e+00 1.657597449999999942e-14 1.229999999999999982e+00 8.584101100000000040e-01 1.229999999999999982e+00 1.477370520000000076e-04 1.229999999999999982e+00 4.356790150000000212e-07 1.229999999999999982e+00 3.018030469999999853e-05 1.229999999999999982e+00 3.290831220000000284e-14 1.229999999999999982e+00 8.529277219999999993e-01 1.229999999999999982e+00 6.891929490000000408e-05 1.229999999999999982e+00 1.030809950000000034e-07 1.229999999999999982e+00 1.425250799999999971e-05 1.229999999999999982e+00 6.504709019999999806e-14 1.229999999999999982e+00 8.432280089999999451e-01 1.229999999999999982e+00 3.304453869999999697e-05 1.229999999999999982e+00 2.563974799999999905e-08 1.229999999999999982e+00 6.885779910000000389e-06 1.229999999999999982e+00 1.287242729999999875e-13 1.229999999999999982e+00 8.381896030000000053e-01
1.239999999999999991e+00 2.021657799999999894e-03 1.239999999999999991e+00 8.288722580000000280e-05 1.239999999999999991e+00 8.010135240000000167e-04 1.239999999999999991e+00 6.954419709999999962e-15 1.239999999999999991e+00 6.940850259999999938e-01 1.239999999999999991e+00 1.401094509999999994e-03 1.239999999999999991e+00 1.182002029999999986e-05 1.239999999999999991e+00 4.075641989999999803e-04 1.239999999999999991e+00 1.501000419999999978e-14 1.239999999999999991e+00 7.810251590000000244e-01 1.239999999999999991e+00 8.433177800000000307e-04 1.239999999999999991e+00 3.079152260000000139e-06 1.239999999999999991e+00 2.351083979999999947e-04 1.239999999999999991e+00 2.997625169999999843e-14 1.239999999999999991e+00 7.579586130000000033e-01 1.239999999999999991e+00 4.583674249999999798e-04 1.239999999999999991e+00 1.085703690000000085e-06 1.239999999999999991e+00 1.250630640000000070e-04 1.239999999999999991e+00 6.105899270000000208e-14 1.239999999999999991e+00 7.396272720000000023e-01 1.239999999999999991e+00 2.352596189999999984e-04 1.239999999999999991e+00 3.724226259999999923e-07 1.239999999999999991e+00 6.365259869999999678e-05 1.239999999999999991e+00 1.234145909999999888e-13 1.239999999999999991e+00 7.286490559999999617e-01 1.239999999999999991e+00 7.207640900000000057e-04 1.239999999999999991e+00 1.964315800000000035e-05 1.239999999999999991e+00 1.887766720000000082e-04 1.239999999999999991e+00 9.547767110000000652e-15 1.239999999999999991e+00 7.988977919999999955e-01 1.239999999999999991e+00 3.406606709999999831e-04 1.239999999999999991e+00 2.347858320000000002e-06 1.239999999999999991e+00 7.271079179999999668e-05 1.239999999999999991e+00 1.658531789999999907e-14 1.239999999999999991e+00 8.584101100000000040e-01 1.239999999999999991e+00 1.511045429999999939e-04 1.239999999999999991e+00 4.571162019999999934e-07 1.239999999999999991e+00 3.167452780000000316e-05 1.239999999999999991e+00 3.292624010000000310e-14 1.239999999999999991e+00 8.529277219999999993e-01 1.239999999999999991e+00 7.050994020000000669e-05 1.239999999999999991e+00 1.080185809999999981e-07 1.239999999999999991e+00 1.494965889999999977e-05 1.239999999999999991e+00 6.509062579999999797e-14 1.239999999999999991e+00 8.432280089999999451e-01 1.239999999999999991e+00 3.380850600000000309e-05 1.239999999999999991e+00 2.683286909999999910e-08 1.239999999999999991e+00 7.220046960000000423e-06 1.239999999999999991e+00 1.288272539999999944e-13 1.239999999999999991e+00 8.381896030000000053e-01
1.250000000000000000e+00 2.030535090000000053e-03 1.250000000000000000e+00 8.366535609999999816e-05 1.250000000000000000e+00 8.212747510000000190e-04 1.250000000000000000e+00 6.956919930000000259e-15 1.250000000000000000e+00 6.940850259999999938e-01 1.250000000000000000e+00 1.415226789999999993e-03 1.250000000000000000e+00 1.209173669999999950e-05 1.250000000000000000e+00 4.216461260000000061e-04 1.250000000000000000e+00 1.501894100000000007e-14 1.250000000000000000e+00 7.810251590000000244e-01 1.250000000000000000e+00 8.548128639999999501e-04 1.250000000000000000e+00 3.157004970000000042e-06 1.250000000000000000e+00 2.435992010000000065e-04 1.250000000000000000e+00 2.999219329999999974e-14 1.250000000000000000e+00 7.579586130000000033e-01 1.250000000000000000e+00 4.657069970000000036e-04 1.250000000000000000e+00 1.114712569999999960e-06 1.250000000000000000e+00 1.296834880000000134e-04 1.250000000000000000e+00 6.108550390000000000e-14 1.250000000000000000e+00 7.396272720000000023e-01 1.250000000000000000e+00 2.393079320000000073e-04 1.250000000000000000e+00 3.823572750000000055e-07 1.250000000000000000e+00 6.602545360000000108e-05 1.250000000000000000e+00 1.234614700000000115e-13 1.250000000000000000e+00 7.286490559999999617e-01 1.250000000000000000e+00 7.308525559999999891e-04 1.250000000000000000e+00 2.018842820000000120e-05 1.250000000000000000e+00 1.960348970000000076e-04 1.250000000000000000e+00 9.552088300000000477e-15 1.250000000000000000e+00 7.988977919999999955e-01 1.250000000000000000e+00 3.475654359999999759e-04 1.250000000000000000e+00 2.451771139999999891e-06 1.250000000000000000e+00 7.615197990000000580e-05 1.250000000000000000e+00 1.659432259999999975e-14 1.250000000000000000e+00 8.584101100000000040e-01 1.250000000000000000e+00 1.544540050000000025e-04 1.250000000000000000e+00 4.791253339999999912e-07 1.250000000000000000e+00 3.320233549999999933e-05 1.250000000000000000e+00 3.294352690000000203e-14 1.250000000000000000e+00 8.529277219999999993e-01 1.250000000000000000e+00 7.209494089999999363e-05 1.250000000000000000e+00 1.130874919999999968e-07 1.250000000000000000e+00 1.566268799999999880e-05 1.250000000000000000e+00 6.513245460000000226e-14 1.250000000000000000e+00 8.432280089999999451e-01 1.250000000000000000e+00 3.457028219999999728e-05 1.250000000000000000e+00 2.805713979999999927e-08 1.250000000000000000e+00 7.561942720000000353e-06 1.250000000000000000e+00 1.289257860000000008e-13 1.250000000000000000e+00 8.381896030000000053e-01
1.260000000000000009e+00 2.039102679999999987e-03 1.260000000000000009e+00 8.443573809999999752e-05 1.260000000000000009e+00 8.416231929999999899e-04 1.260000000000000009e+00 6.959303380000000280e-15 1.260000000000000009e+00 6.940850259999999938e-01 1.260000000000000009e+00 1.428979849999999999e-03 1.260000000000000009e+00 1.236468900000000029e-05 1.260000000000000009e+00 4.358674710000000081e-04 1.260000000000000009e+00 1.502746689999999860e-14 1.260000000000000009e+00 7.810251590000000244e-01 1.260000000000000009e+00 8.661304459999999558e-04 1.260000000000000009e+00 3.235597759999999910e-06 1.260000000000000009e+00 2.522040639999999743e-04 1.260000000000000009e+00 3.000744729999999863e-14 1.260000000000000009e+00 7.579586130000000033e-01 1.260000000000000009e+00 4.729844189999999758e-04 1.260000000000000009e+00 1.144085020000000063e-06 1.260000000000000009e+00 1.343769969999999894e-04 1.260000000000000009e+00 6.111095389999999966e-14 1.260000000000000009e+00 7.396272720000000023e-01 1.260000000000000009e+00 2.433356340000000014e-04 1.260000000000000009e+00 3.924219589999999754e-07 1.260000000000000009e+00 6.843868860000000272e-05 1.260000000000000009e+00 1.235065399999999876e-13 1.260000000000000009e+00 7.286490559999999617e-01 1.260000000000000009e+00 7.407727010000000195e-04 1.260000000000000009e+00 2.073903189999999838e-05 1.260000000000000009e+00 2.033931620000000123e-04 1.260000000000000009e+00 9.556271429999999914e-15 1.260000000000000009e+00 7.988977919999999955e-01 1.260000000000000009e+00 3.544015560000000117e-04 1.260000000000000009e+00 2.558028010000000077e-06 1.260000000000000009e+00 7.966187170000000575e-05 1.260000000000000009e+00 1.660300840000000105e-14 1.260000000000000009e+00 8.584101100000000040e-01 1.260000000000000009e+00 1.577856369999999970e-04 1.260000000000000009e+00 5.017119150000000221e-07 1.260000000000000009e+00 3.476354850000000285e-05 1.260000000000000009e+00 3.296020890000000256e-14 1.260000000000000009e+00 8.529277219999999993e-01 1.260000000000000009e+00 7.367434640000000603e-05 1.260000000000000009e+00 1.182892030000000031e-07 1.260000000000000009e+00 1.639153909999999879e-05 1.260000000000000009e+00 6.517268959999999689e-14 1.260000000000000009e+00 8.432280089999999451e-01 1.260000000000000009e+00 3.532988380000000171e-05 1.260000000000000009e+00 2.931294060000000009e-08 1.260000000000000009e+00 7.911445360000000400e-06 1.260000000000000009e+00 1.290202089999999960e-13 1.260000000000000009e+00 8.381896030000000053e-01
1.270000000000000018e+00 2.047372659999999959e-03 1.270000000000000018e+00 8.519874270000000419e-05 1.270000000000000018e+00 8.620558130000000301e-04 1.270000000000000018e+00 6.961577120000000332e-15 1.270000000000000018e+00 6.940850259999999938e-01 1.270000000000000018e+00 1.442365900000000013e-03 1.270000000000000018e+00 1.263891100000000033e-05 1.270000000000000018e+00 4.502244999999999988e-04 1.270000000000000018e+00 1.503561189999999944e-14 1.270000000000000018e+00 7.810251590000000244e-01 1.270000000000000018e+00 8.772735619999999512e-04 1.270000000000000018e+00 3.314944159999999906e-06 1.270000000000000018e+00 2.609212280000000150e-04 1.270000000000000018e+00 3.002205920000000268e-14 1.270000000000000018e+00 7.579586130000000033e-01 1.270000000000000018e+00 4.802001409999999957e-04 1.270000000000000018e+00 1.173827360000000029e-06 1.270000000000000018e+00 1.391429709999999998e-04 1.270000000000000018e+00 6.113540380000000582e-14 1.270000000000000018e+00 7.396272720000000023e-01 1.270000000000000018e+00 2.473427420000000212e-04 1.270000000000000018e+00 4.026189830000000048e-07 1.270000000000000018e+00 7.089209769999999813e-05 1.270000000000000018e+00 1.235498979999999943e-13 1.270000000000000018e+00 7.286490559999999617e-01 1.270000000000000018e+00 7.505275349999999956e-04 1.270000000000000018e+00 2.129500320000000000e-05 1.270000000000000018e+00 2.108497999999999883e-04 1.270000000000000018e+00 9.560322889999999392e-15 1.270000000000000018e+00 7.988977919999999955e-01 1.270000000000000018e+00 3.611699890000000029e-04 1.270000000000000018e+00 2.666644550000000049e-06 1.270000000000000018e+00 8.323978539999999412e-05 1.270000000000000018e+00 1.661139319999999974e-14 1.270000000000000018e+00 8.584101100000000040e-01 1.270000000000000018e+00 1.610996080000000070e-04 1.270000000000000018e+00 5.248815929999999807e-07 1.270000000000000018e+00 3.635798940000000291e-05 1.270000000000000018e+00 3.297631949999999869e-14 1.270000000000000018e+00 8.529277219999999993e-01 1.270000000000000018e+00 7.524819379999999594e-05 1.270000000000000018e+00 1.236252249999999925e-07 1.270000000000000018e+00 1.713615639999999975e-05 1.270000000000000018e+00 6.521143240000000143e-14 1.270000000000000018e+00 8.432280089999999451e-01 1.270000000000000018e+00 3.608732210000000103e-05 1.270000000000000018e+00 3.060066040000000145e-08 1.270000000000000018e+00 8.268533189999999176e-06 1.270000000000000018e+00 1.291108230000000017e-13 1.270000000000000018e+00 8.381896030000000053e-01
1.280000000000000027e+00 2.055356520000000027e-03 1.280000000000000027e+00 8.595472439999999757e-05 1.280000000000000027e+00 8.825696929999999815e-04 1.280000000000000027e+00 6.963747680000000027e-15 1.280000000000000027e+00 6.940850259999999938e-01 1.280000000000000027e+00 1.455396579999999928e-03 1.280000000000000027e+00 1.291443659999999933e-05 1.280000000000000027e+00 4.647136039999999794e-04 1.280000000000000027e+00 1.504340260000000097e-14 1.280000000000000027e+00 7.810251590000000244e-01 1.280000000000000027e+00 8.882451349999999661e-04 1.280000000000000027e+00 3.395058129999999849e-06 1.280000000000000027e+00 2.697489629999999939e-04 1.280000000000000027e+00 3.003606990000000138e-14 1.280000000000000027e+00 7.579586130000000033e-01 1.280000000000000027e+00 4.873545840000000073e-04 1.280000000000000027e+00 1.203946149999999935e-06 1.280000000000000027e+00 1.439807960000000046e-04 1.280000000000000027e+00 6.115890879999999594e-14 1.280000000000000027e+00 7.396272720000000023e-01 1.280000000000000027e+00 2.513292619999999886e-04 1.280000000000000027e+00 4.129507289999999994e-07 1.280000000000000027e+00 7.338547489999999729e-05 1.280000000000000027e+00 1.235916300000000034e-13 1.280000000000000027e+00 7.286490559999999617e-01 1.280000000000000027e+00 7.601199650000000111e-04 1.280000000000000027e+00 2.185637730000000159e-05 1.280000000000000027e+00 2.184031710000000105e-04 1.280000000000000027e+00 9.564248559999999428e-15 1.280000000000000027e+00 7.988977919999999955e-01 1.280000000000000027e+00 3.678716160000000072e-04 1.280000000000000027e+00 2.777636870000000011e-06 1.280000000000000027e+00 8.688504880000000330e-05 1.280000000000000027e+00 1.661949329999999920e-14 1.280000000000000027e+00 8.584101100000000040e-01 1.280000000000000027e+00 1.643960549999999999e-04 1.280000000000000027e+00 5.486401529999999938e-07 1.280000000000000027e+00 3.798548219999999805e-05 1.280000000000000027e+00 3.299188900000000073e-14 1.280000000000000027e+00 8.529277219999999993e-01 1.280000000000000027e+00 7.681651030000000103e-05 1.280000000000000027e+00 1.290971010000000036e-07 1.280000000000000027e+00 1.789648450000000146e-05 1.280000000000000027e+00 6.524877419999999946e-14 1.280000000000000027e+00 8.432280089999999451e-01 1.280000000000000027e+00 3.684260440000000267e-05 1.280000000000000027e+00 3.192069730000000286e-08 1.280000000000000027e+00 8.633184619999999466e-06 1.280000000000000027e+00 1.291978929999999891e-13 1.280000000000000027e+00 8.381896030000000053e-01
1.290000000000000036e+00 2.063065150000000045e-03 1.290000000000000036e+00 8.670402279999999491e-05 1.290000000000000036e+00 9.031620260000000015e-04 1.290000000000000036e+00 6.965821089999999859e-15 1.290000000000000036e+00 6.940850259999999938e-01 1.290000000000000036e+00 1.468082959999999961e-03 1.290000000000000036e+00 1.319129980000000035e-05 1.290000000000000036e+00 4.793312839999999990e-04 1.290000000000000036e+00 1.505086289999999887e-14 1.290000000000000036e+00 7.810251590000000244e-01 1.290000000000000036e+00 8.990479820000000198e-04 1.290000000000000036e+00 3.475953999999999839e-06 1.290000000000000036e+00 2.786855679999999860e-04 1.290000000000000036e+00 3.004951620000000071e-14 1.290000000000000036e+00 7.579586130000000033e-01 1.290000000000000036e+00 4.944481439999999462e-04 1.290000000000000036e+00 1.234448130000000092e-06 1.290000000000000036e+00 1.488898600000000097e-04 1.290000000000000036e+00 6.118151939999999562e-14 1.290000000000000036e+00 7.396272720000000023e-01 1.290000000000000036e+00 2.552951880000000088e-04 1.290000000000000036e+00 4.234196559999999853e-07 1.290000000000000036e+00 7.591861430000000166e-05 1.290000000000000036e+00 1.236318160000000005e-13 1.290000000000000036e+00 7.286490559999999617e-01 1.290000000000000036e+00 7.695528069999999811e-04 1.290000000000000036e+00 2.242318979999999846e-05 1.290000000000000036e+00 2.260516669999999991e-04 1.290000000000000036e+00 9.568053910000000617e-15 1.290000000000000036e+00 7.988977919999999955e-01 1.290000000000000036e+00 3.745072449999999943e-04 1.290000000000000036e+00 2.891021590000000113e-06 1.290000000000000036e+00 9.059699779999999807e-05 1.290000000000000036e+00 1.662732349999999993e-14 1.290000000000000036e+00 8.584101100000000040e-01 1.290000000000000036e+00 1.676750949999999962e-04 1.290000000000000036e+00 5.729935219999999623e-07 1.290000000000000036e+00 3.964585240000000115e-05 1.290000000000000036e+00 3.300694490000000057e-14 1.290000000000000036e+00 8.529277219999999993e-01 1.290000000000000036e+00 7.837931489999999961e-05 1.290000000000000036e+00 1.347064109999999973e-07 1.290000000000000036e+00 1.867246820000000021e-05 1.290000000000000036e+00 6.528479749999999822e-14 1.290000000000000036e+00 8.432280089999999451e-01 1.290000000000000036e+00 3.759573429999999767e-05 1.290000000000000036e+00 3.327345849999999848e-08 1.290000000000000036e+00 9.005378099999999966e-06 1.290000000000000036e+00 1.292816560000000103e-13 1.290000000000000036e+00 8.381896030000000053e-01
1.300000000000000044e+00 2.070508889999999897e-03 1.300000000000000044e+00 8.744696350000000164e-05 1.300000000000000044e+00 9.238301130000000326e-04 1.300000000000000044e+00 6.967802959999999606e-15 1.300000000000000044e+00 6.940850259999999938e-01 1.300000000000000044e+00 1.480435640000000042e-03 1.300000000000000044e+00 1.346953489999999950e-05 1.300000000000000044e+00 4.940741509999999927e-04 1.300000000000000044e+00 1.505801399999999880e-14 1.300000000000000044e+00 7.810251590000000244e-01 1.300000000000000044e+00 9.096848229999999775e-04 1.300000000000000044e+00 3.557646480000000086e-06 1.300000000000000044e+00 2.877293690000000122e-04 1.300000000000000044e+00 3.006243130000000102e-14 1.300000000000000044e+00 7.579586130000000033e-01 1.300000000000000044e+00 5.014811959999999945e-04 1.300000000000000044e+00 1.265340290000000020e-06 1.300000000000000044e+00 1.538695569999999971e-04 1.300000000000000044e+00 6.120328199999999651e-14 1.300000000000000044e+00 7.396272720000000023e-01 1.300000000000000044e+00 2.592405090000000174e-04 1.300000000000000044e+00 4.340283030000000143e-07 1.300000000000000044e+00 7.849130989999999412e-05 1.300000000000000044e+00 1.236705300000000102e-13 1.300000000000000044e+00 7.286490559999999617e-01 1.300000000000000044e+00 7.788287960000000358e-04 1.300000000000000044e+00 2.299547729999999886e-05 1.300000000000000044e+00 2.337937049999999910e-04 1.300000000000000044e+00 9.571744010000000468e-15 1.300000000000000044e+00 7.988977919999999955e-01 1.300000000000000044e+00 3.810776299999999871e-04 1.300000000000000044e+00 3.006815779999999807e-06 1.300000000000000044e+00 9.437497620000000111e-05 1.300000000000000044e+00 1.663489739999999947e-14 1.300000000000000044e+00 8.584101100000000040e-01 1.300000000000000044e+00 1.709368280000000029e-04 1.300000000000000044e+00 5.979477629999999627e-07 1.300000000000000044e+00 4.133892640000000248e-05 1.300000000000000044e+00 3.302151259999999995e-14 1.300000000000000044e+00 8.529277219999999993e-01 1.300000000000000044e+00 7.993662009999999592e-05 1.300000000000000044e+00 1.404547690000000052e-07 1.300000000000000044e+00 1.946405249999999892e-05 1.300000000000000044e+00 6.531957679999999375e-14 1.300000000000000044e+00 8.432280089999999451e-01 1.300000000000000044e+00 3.834671290000000061e-05 1.300000000000000044e+00 3.465936040000000192e-08 1.300000000000000044e+00 9.385092130000000188e-06 1.300000000000000044e+00 1.293623259999999888e-13 1.300000000000000044e+00 8.381896030000000053e-01
1.310000000000000053e+00 2.077697590000000122e-03 1.310000000000000053e+00 8.818385870000000084e-05 1.310000000000000053e+00 9.445713539999999473e-04 1.310000000000000053e+00 6.969698479999999911e-15 1.310000000000000053e+00 6.940850259999999938e-01 1.310000000000000053e+00 1.492464719999999929e-03 1.310000000000000053e+00 1.374917599999999977e-05 1.310000000000000053e+00 5.089389180000000300e-04 1.310000000000000053e+00 1.506487520000000043e-14 1.310000000000000053e+00 7.810251590000000244e-01 1.310000000000000053e+00 9.201582859999999633e-04 1.310000000000000053e+00 3.640150680000000132e-06 1.310000000000000053e+00 2.968787199999999818e-04 1.310000000000000053e+00 3.007484539999999687e-14 1.310000000000000053e+00 7.579586130000000033e-01 1.310000000000000053e+00 5.084540930000000427e-04 1.310000000000000053e+00 1.296629790000000070e-06 1.310000000000000053e+00 1.589192829999999950e-04 1.310000000000000053e+00 6.122423889999999416e-14 1.310000000000000053e+00 7.396272720000000023e-01 1.310000000000000053e+00 2.631652019999999978e-04 1.310000000000000053e+00 4.447792869999999974e-07 1.310000000000000053e+00 8.110335569999999820e-05 1.310000000000000053e+00 1.237078399999999950e-13 1.310000000000000053e+00 7.286490559999999617e-01 1.310000000000000053e+00 7.879505909999999589e-04 1.310000000000000053e+00 2.357327749999999853e-05 1.310000000000000053e+00 2.416277289999999966e-04 1.310000000000000053e+00 9.575323569999999710e-15 1.310000000000000053e+00 7.988977919999999955e-01 1.310000000000000053e+00 3.875834789999999756e-04 1.310000000000000053e+00 3.125037030000000009e-06 1.310000000000000053e+00 9.821833530000000513e-05 1.310000000000000053e+00 1.664222769999999868e-14 1.310000000000000053e+00 8.584101100000000040e-01 1.310000000000000053e+00 1.741813359999999904e-04 1.310000000000000053e+00 6.235090799999999477e-07 1.310000000000000053e+00 4.306453160000000191e-05 1.310000000000000053e+00 3.303561550000000098e-14 1.310000000000000053e+00 8.529277219999999993e-01 1.310000000000000053e+00 8.148843359999999715e-05 1.310000000000000053e+00 1.463438250000000038e-07 1.310000000000000053e+00 2.027118229999999889e-05 1.310000000000000053e+00 6.535317969999999914e-14 1.310000000000000053e+00 8.432280089999999451e-01 1.310000000000000053e+00 3.909553939999999841e-05 1.310000000000000053e+00 3.607882880000000003e-08 1.310000000000000053e+00 9.772305189999999997e-06 1.310000000000000053e+00 1.294400920000000105e-13 1.310000000000000053e+00 8.381896030000000053e-01
1.320000000000000062e+00 2.084640599999999788e-03 1.320000000000000062e+00 8.891500839999999994e-05 1.320000000000000062e+00 9.653832459999999891e-04 1.320000000000000062e+00 6.971512449999999910e-15 1.320000000000000062e+00 6.940850259999999938e-01 1.320000000000000062e+00 1.504179850000000093e-03 1.320000000000000062e+00 1.403025780000000039e-05 1.320000000000000062e+00 5.239223990000000481e-04 1.320000000000000062e+00 1.507146370000000068e-14 1.320000000000000062e+00 7.810251590000000244e-01 1.320000000000000062e+00 9.304709179999999915e-04 1.320000000000000062e+00 3.723482090000000051e-06 1.320000000000000062e+00 3.061319989999999793e-04 1.320000000000000062e+00 3.008678579999999912e-14 1.320000000000000062e+00 7.579586130000000033e-01 1.320000000000000062e+00 5.153671700000000532e-04 1.320000000000000062e+00 1.328324069999999913e-06 1.320000000000000062e+00 1.640384390000000116e-04 1.320000000000000062e+00 6.124442910000000047e-14 1.320000000000000062e+00 7.396272720000000023e-01 1.320000000000000062e+00 2.670692400000000037e-04 1.320000000000000062e+00 4.556753130000000062e-07 1.320000000000000062e+00 8.375454509999999376e-05 1.320000000000000062e+00 1.237438099999999939e-13 1.320000000000000062e+00 7.286490559999999617e-01 1.320000000000000062e+00 7.969207830000000223e-04 1.320000000000000062e+00 2.415662869999999959e-05 1.320000000000000062e+00 2.495522110000000229e-04 1.320000000000000062e+00 9.578796980000000709e-15 1.320000000000000062e+00 7.988977919999999955e-01 1.320000000000000062e+00 3.940254590000000050e-04 1.320000000000000062e+00 3.245703419999999813e-06 1.320000000000000062e+00 1.021264329999999954e-04 1.320000000000000062e+00 1.664932559999999872e-14 1.320000000000000062e+00 8.584101100000000040e-01 1.320000000000000062e+00 1.774086929999999884e-04 1.320000000000000062e+00 6.496838219999999724e-07 1.320000000000000062e+00 4.482249600000000231e-05 1.320000000000000062e+00 3.304927490000000297e-14 1.320000000000000062e+00 8.529277219999999993e-01 1.320000000000000062e+00 8.303475909999999936e-05 1.320000000000000062e+00 1.523752649999999947e-07 1.320000000000000062e+00 2.109380290000000116e-05 1.320000000000000062e+00 6.538566790000000012e-14 1.320000000000000062e+00 8.432280089999999451e-01 1.320000000000000062e+00 3.984221099999999956e-05 1.320000000000000062e+00 3.753229889999999917e-08 1.320000000000000062e+00 1.016699570000000031e-05 1.320000000000000062e+00 1.295151240000000069e-13 1.320000000000000062e+00 8.381896030000000053e-01
1.330000000000000071e+00 2.091346840000000117e-03 1.330000000000000071e+00 8.964070070000000514e-05 1.330000000000000071e+00 9.862633760000000423e-04 1.330000000000000071e+00 6.973249340000000376e-15 1.330000000000000071e+00 6.940850259999999938e-01 1.330000000000000071e+00 1.515590289999999962e-03 1.330000000000000071e+00 1.431281480000000074e-05 1.330000000000000071e+00 5.390215000000000501e-04 1.330000000000000071e+00 1.507779529999999984e-14 1.330000000000000071e+00 7.810251590000000244e-01 1.330000000000000071e+00 9.406251849999999661e-04 1.330000000000000071e+00 3.807656589999999850e-06 1.330000000000000071e+00 3.154876109999999812e-04 1.330000000000000071e+00 3.009827760000000009e-14 1.330000000000000071e+00 7.579586130000000033e-01 1.330000000000000071e+00 5.222207490000000405e-04 1.330000000000000071e+00 1.360430740000000050e-06 1.330000000000000071e+00 1.692264279999999930e-04 1.330000000000000071e+00 6.126388870000000580e-14 1.330000000000000071e+00 7.396272720000000023e-01 1.330000000000000071e+00 2.709525900000000044e-04 1.330000000000000071e+00 4.667191659999999786e-07 1.330000000000000071e+00 8.644467150000000131e-05 1.330000000000000071e+00 1.237784990000000026e-13 1.330000000000000071e+00 7.286490559999999617e-01 1.330000000000000071e+00 8.057418979999999989e-04 1.330000000000000071e+00 2.474557049999999832e-05 1.330000000000000071e+00 2.575656479999999769e-04 1.330000000000000071e+00 9.582168349999999568e-15 1.330000000000000071e+00 7.988977919999999955e-01 1.330000000000000071e+00 4.004042080000000197e-04 1.330000000000000071e+00 3.368833560000000021e-06 1.330000000000000071e+00 1.060986340000000006e-04 1.330000000000000071e+00 1.665620190000000080e-14 1.330000000000000071e+00 8.584101100000000040e-01 1.330000000000000071e+00 1.806189599999999970e-04 1.330000000000000071e+00 6.764784759999999575e-07 1.330000000000000071e+00 4.661264849999999753e-05 1.330000000000000071e+00 3.306251069999999919e-14 1.330000000000000071e+00 8.529277219999999993e-01 1.330000000000000071e+00 8.457559729999999704e-05 1.330000000000000071e+00 1.585508110000000040e-07 1.330000000000000071e+00 2.193185920000000026e-05 1.330000000000000071e+00 6.541709749999999605e-14 1.330000000000000071e+00 8.432280089999999451e-01 1.330000000000000071e+00 4.058672409999999946e-05 1.330000000000000071e+00 3.902021599999999739e-08 1.330000000000000071e+00 1.056914219999999993e-05 1.330000000000000071e+00 1.295875789999999940e-13 1.330000000000000071e+00 8.381896030000000053e-01
1.340000000000000080e+00 2.097824800000000142e-03 1.340000000000000080e+00 9.036121300000000034e-05 1.340000000000000080e+00 1.007209420000000069e-03 1.340000000000000080e+00 6.974913279999999776e-15 1.340000000000000080e+00 6.940850259999999938e-01 1.340000000000000080e+00 1.526704870000000032e-03 1.340000000000000080e+00 1.459688170000000006e-05 1.340000000000000080e+00 5.542332189999999966e-04 1.340000000000000080e+00 1.508388409999999855e-14 1.340000000000000080e+00 7.810251590000000244e-01 1.340000000000000080e+00 9.506234839999999587e-04 1.340000000000000080e+00 3.892690459999999715e-06 1.340000000000000080e+00 3.249439829999999844e-04 1.340000000000000080e+00 3.010934380000000196e-14 1.340000000000000080e+00 7.579586130000000033e-01 1.340000000000000080e+00 5.290151359999999744e-04 1.340000000000000080e+00 1.392957690000000091e-06 1.340000000000000080e+00 1.744826570000000048e-04 1.340000000000000080e+00 6.128265109999999780e-14 1.340000000000000080e+00 7.396272720000000023e-01 1.340000000000000080e+00 2.748152139999999891e-04 1.340000000000000080e+00 4.779137210000000207e-07 1.340000000000000080e+00 8.917352780000000270e-05 1.340000000000000080e+00 1.238119600000000051e-13 1.340000000000000080e+00 7.286490559999999617e-01 1.340000000000000080e+00 8.144164040000000018e-04 1.340000000000000080e+00 2.534014350000000053e-05 1.340000000000000080e+00 2.656665609999999951e-04 1.340000000000000080e+00 9.585441520000000330e-15 1.340000000000000080e+00 7.988977919999999955e-01 1.340000000000000080e+00 4.067203370000000177e-04 1.340000000000000080e+00 3.494446559999999863e-06 1.340000000000000080e+00 1.101343080000000022e-04 1.340000000000000080e+00 1.666286639999999998e-14 1.340000000000000080e+00 8.584101100000000040e-01 1.340000000000000080e+00 1.838121950000000014e-04 1.340000000000000080e+00 7.038996809999999512e-07 1.340000000000000080e+00 4.843481840000000153e-05 1.340000000000000080e+00 3.307534109999999897e-14 1.340000000000000080e+00 8.529277219999999993e-01 1.340000000000000080e+00 8.611094669999999618e-05 1.340000000000000080e+00 1.648722239999999876e-07 1.340000000000000080e+00 2.278529650000000063e-05 1.340000000000000080e+00 6.544752000000000606e-14 1.340000000000000080e+00 8.432280089999999451e-01 1.340000000000000080e+00 4.132907399999999928e-05 1.340000000000000080e+00 4.054303509999999743e-08 1.340000000000000080e+00 1.097872300000000002e-05 1.340000000000000080e+00 1.296575939999999913e-13 1.340000000000000080e+00 8.381896030000000053e-01
1.350000000000000089e+00 2.104082580000000025e-03 1.350000000000000089e+00 9.107681200000000135e-05 1.350000000000000089e+00 1.028219140000000012e-03 1.350000000000000089e+00 6.976508129999999783e-15 1.350000000000000089e+00 6.940850259999999938e-01 1.350000000000000089e+00 1.537532099999999909e-03 1.350000000000000089e+00 1.488249350000000080e-05 1.350000000000000089e+00 5.695546390000000509e-04 1.350000000000000089e+00 1.508974320000000074e-14 1.350000000000000089e+00 7.810251590000000244e-01 1.350000000000000089e+00 9.604681419999999952e-04 1.350000000000000089e+00 3.978600369999999765e-06 1.350000000000000089e+00 3.344995679999999906e-04 1.350000000000000089e+00 3.012000549999999777e-14 1.350000000000000089e+00 7.579586130000000033e-01 1.350000000000000089e+00 5.357506269999999732e-04 1.350000000000000089e+00 1.425913009999999948e-06 1.350000000000000089e+00 1.798065349999999961e-04 1.350000000000000089e+00 6.130074709999999620e-14 1.350000000000000089e+00 7.396272720000000023e-01 1.350000000000000089e+00 2.786570710000000131e-04 1.350000000000000089e+00 4.892619430000000354e-07 1.350000000000000089e+00 9.194090660000000539e-05 1.350000000000000089e+00 1.238442449999999922e-13 1.350000000000000089e+00 7.286490559999999617e-01 1.350000000000000089e+00 8.229467099999999459e-04 1.350000000000000089e+00 2.594038910000000139e-05 1.350000000000000089e+00 2.738534949999999824e-04 1.350000000000000089e+00 9.588620080000000771e-15 1.350000000000000089e+00 7.988977919999999955e-01 1.350000000000000089e+00 4.129744349999999765e-04 1.350000000000000089e+00 3.622562059999999857e-06 1.350000000000000089e+00 1.142328340000000014e-04 1.350000000000000089e+00 1.666932800000000098e-14 1.350000000000000089e+00 8.584101100000000040e-01 1.350000000000000089e+00 1.869884489999999874e-04 1.350000000000000089e+00 7.319542199999999949e-07 1.350000000000000089e+00 5.028883580000000064e-05 1.350000000000000089e+00 3.308778320000000240e-14 1.350000000000000089e+00 8.529277219999999993e-01 1.350000000000000089e+00 8.764080420000000375e-05 1.350000000000000089e+00 1.713413030000000127e-07 1.350000000000000089e+00 2.365405979999999841e-05 1.350000000000000089e+00 6.547698259999999641e-14 1.350000000000000089e+00 8.432280089999999451e-01 1.350000000000000089e+00 4.206925539999999716e-05 1.350000000000000089e+00 4.210122170000000046e-08 1.350000000000000089e+00 1.139571650000000015e-05 1.350000000000000089e+00 1.297252979999999944e-13 1.350000000000000089e+00 8.381896030000000053e-01
1.360000000000000098e+00 2.110127920000000063e-03 1.360000000000000098e+00 9.178775510000000421e-05 1.360000000000000098e+00 1.049290359999999894e-03 1.360000000000000098e+00 6.978037459999999753e-15 1.360000000000000098e+00 6.940850259999999938e-01 1.360000000000000098e+00 1.548080120000000027e-03 1.360000000000000098e+00 1.516968530000000025e-05 1.360000000000000098e+00 5.849829300000000286e-04 1.360000000000000098e+00 1.509538450000000113e-14 1.360000000000000098e+00 7.810251590000000244e-01 1.360000000000000098e+00 9.701614250000000200e-04 1.360000000000000098e+00 4.065403389999999877e-06 1.360000000000000098e+00 3.441528410000000218e-04 1.360000000000000098e+00 3.013028199999999982e-14 1.360000000000000098e+00 7.579586130000000033e-01 1.360000000000000098e+00 5.424275079999999784e-04 1.360000000000000098e+00 1.459305060000000089e-06 1.360000000000000098e+00 1.851974740000000125e-04 1.360000000000000098e+00 6.131820579999999889e-14 1.360000000000000098e+00 7.396272720000000023e-01 1.360000000000000098e+00 2.824781139999999933e-04 1.360000000000000098e+00 5.007668899999999981e-07 1.360000000000000098e+00 9.474659990000000023e-05 1.360000000000000098e+00 1.238754020000000056e-13 1.360000000000000098e+00 7.286490559999999617e-01 1.360000000000000098e+00 8.313351749999999462e-04 1.360000000000000098e+00 2.654635029999999850e-05 1.360000000000000098e+00 2.821250220000000070e-04 1.360000000000000098e+00 9.591707440000000277e-15 1.360000000000000098e+00 7.988977919999999955e-01 1.360000000000000098e+00 4.191670729999999998e-04 1.360000000000000098e+00 3.753200239999999935e-06 1.360000000000000098e+00 1.183935919999999956e-04 1.360000000000000098e+00 1.667559519999999912e-14 1.360000000000000098e+00 8.584101100000000040e-01 1.360000000000000098e+00 1.901477690000000112e-04 1.360000000000000098e+00 7.606490319999999547e-07 1.360000000000000098e+00 5.217453099999999806e-05 1.360000000000000098e+00 3.309985269999999718e-14 1.360000000000000098e+00 8.529277219999999993e-01 1.360000000000000098e+00 8.916516540000000209e-05 1.360000000000000098e+00 1.779598849999999932e-07 1.360000000000000098e+00 2.453809429999999982e-05 1.360000000000000098e+00 6.550552870000000346e-14 1.360000000000000098e+00 8.432280089999999451e-01 1.360000000000000098e+00 4.280726270000000328e-05 1.360000000000000098e+00 4.369525179999999938e-08 1.360000000000000098e+00 1.182010090000000001e-05 1.360000000000000098e+00 1.297908059999999890e-13 1.360000000000000098e+00 8.381896030000000053e-01
1.370000000000000107e+00 2.115968189999999863e-03 1.370000000000000107e+00 9.249429009999999727e-05 1.370000000000000107e+00 1.070421009999999963e-03 1.370000000000000107e+00 6.979504589999999877e-15 1.370000000000000107e+00 6.940850259999999938e-01 1.370000000000000107e+00 1.558356730000000009e-03 1.370000000000000107e+00 1.545849239999999900e-05 1.370000000000000107e+00 6.005153369999999876e-04 1.370000000000000107e+00 1.510081890000000090e-14 1.370000000000000107e+00 7.810251590000000244e-01 1.370000000000000107e+00 9.797055399999999963e-04 1.370000000000000107e+00 4.153117019999999581e-06 1.370000000000000107e+00 3.539022990000000122e-04 1.370000000000000107e+00 3.014019129999999856e-14 1.370000000000000107e+00 7.579586130000000033e-01 1.370000000000000107e+00 5.490460549999999712e-04 1.370000000000000107e+00 1.493142439999999946e-06 1.370000000000000107e+00 1.906548900000000024e-04 1.370000000000000107e+00 6.133505400000000105e-14 1.370000000000000107e+00 7.396272720000000023e-01 1.370000000000000107e+00 2.862782980000000009e-04 1.370000000000000107e+00 5.124317130000000100e-07 1.370000000000000107e+00 9.759039929999999868e-05 1.370000000000000107e+00 1.239054760000000058e-13 1.370000000000000107e+00 7.286490559999999617e-01 1.370000000000000107e+00 8.395841050000000041e-04 1.370000000000000107e+00 2.715807080000000087e-05 1.370000000000000107e+00 2.904797340000000029e-04 1.370000000000000107e+00 9.594706769999999855e-15 1.370000000000000107e+00 7.988977919999999955e-01 1.370000000000000107e+00 4.252988100000000223e-04 1.370000000000000107e+00 3.886381830000000123e-06 1.370000000000000107e+00 1.226159720000000099e-04 1.370000000000000107e+00 1.668167579999999930e-14 1.370000000000000107e+00 8.584101100000000040e-01 1.370000000000000107e+00 1.932901990000000054e-04 1.370000000000000107e+00 7.899912080000000362e-07 1.370000000000000107e+00 5.409173489999999997e-05 1.370000000000000107e+00 3.311156439999999959e-14 1.370000000000000107e+00 8.529277219999999993e-01 1.370000000000000107e+00 9.068402559999999915e-05 1.370000000000000107e+00 1.847298499999999990e-07 1.370000000000000107e+00 2.543734480000000111e-05 1.370000000000000107e+00 6.553319850000000105e-14 1.370000000000000107e+00 8.432280089999999451e-01 1.370000000000000107e+00 4.354308980000000270e-05 1.370000000000000107e+00 4.532561219999999717e-08 1.370000000000000107e+00 1.225185439999999929e-05 1.370000000000000107e+00 1.298542250000000126e-13 1.370000000000000107e+00 8.381896030000000053e-01
1.379999999999999893e+00 2.121610439999999879e-03 1.379999999999999893e+00 9.319665639999999429e-05 1.379999999999999893e+00 1.091609070000000049e-03 1.379999999999999893e+00 6.980912640000000384e-15 1.379999999999999893e+00 6.940850259999999938e-01 1.379999999999999893e+00 1.568369470000000087e-03 1.379999999999999893e+00 1.574895040000000082e-05 1.379999999999999893e+00 6.161491849999999916e-04 1.379999999999999893e+00 1.510605640000000141e-14 1.379999999999999893e+00 7.810251590000000244e-01 1.379999999999999893e+00 9.891026389999999988e-04 1.379999999999999893e+00 4.241759150000000033e-06 1.379999999999999893e+00 3.637464620000000208e-04 1.379999999999999893e+00 3.014975010000000046e-14 1.379999999999999893e+00 7.579586130000000033e-01 1.379999999999999893e+00 5.556065379999999571e-04 1.379999999999999893e+00 1.527434000000000070e-06 1.379999999999999893e+00 1.961782020000000105e-04 1.379999999999999893e+00 6.135131680000000133e-14 1.379999999999999893e+00 7.396272720000000023e-01 1.379999999999999893e+00 2.900575720000000230e-04 1.379999999999999893e+00 5.242596660000000167e-07 1.379999999999999893e+00 1.004720960000000056e-04 1.379999999999999893e+00 1.239345089999999978e-13 1.379999999999999893e+00 7.286490559999999617e-01 1.379999999999999893e+00 8.476957569999999916e-04 1.379999999999999893e+00 2.777559580000000137e-05 1.379999999999999893e+00 2.989162459999999749e-04 1.379999999999999893e+00 9.597621100000000537e-15 1.379999999999999893e+00 7.988977919999999955e-01 1.379999999999999893e+00 4.313701879999999925e-04 1.379999999999999893e+00 4.022128130000000183e-06 1.379999999999999893e+00 1.268993670000000031e-04 1.379999999999999893e+00 1.668757720000000019e-14 1.379999999999999893e+00 8.584101100000000040e-01 1.379999999999999893e+00 1.964157799999999960e-04 1.379999999999999893e+00 8.199880009999999741e-07 1.379999999999999893e+00 5.604027879999999876e-05 1.379999999999999893e+00 3.312293210000000081e-14 1.379999999999999893e+00 8.529277219999999993e-01 1.379999999999999893e+00 9.219737909999999330e-05 1.379999999999999893e+00 1.916531170000000032e-07 1.379999999999999893e+00 2.635175640000000008e-05 1.379999999999999893e+00 6.556002919999999509e-14 1.379999999999999893e+00 8.432280089999999451e-01 1.379999999999999893e+00 4.427673090000000235e-05 1.379999999999999893e+00 4.699280090000000039e-08 1.379999999999999893e+00 1.269095539999999928e-05 1.379999999999999893e+00 1.299156500000000039e-13 1.379999999999999893e+00 8.381896030000000053e-01
1.389999999999999902e+00 2.127061429999999986e-03 1.389999999999999902e+00 9.389508520000000385e-05 1.389999999999999902e+00 1.112852579999999963e-03 1.389999999999999902e+00 6.982264479999999966e-15 1.389999999999999902e+00 6.940850259999999938e-01 1.389999999999999902e+00 1.578125539999999894e-03 1.389999999999999902e+00 1.604109489999999932e-05 1.389999999999999902e+00 6.318818710000000333e-04 1.389999999999999902e+00 1.511110630000000099e-14 1.389999999999999902e+00 7.810251590000000244e-01 1.389999999999999902e+00 9.983548250000000811e-04 1.389999999999999902e+00 4.331348140000000072e-06 1.389999999999999902e+00 3.736838689999999767e-04 1.389999999999999902e+00 3.015897400000000269e-14 1.389999999999999902e+00 7.579586130000000033e-01 1.389999999999999902e+00 5.621092199999999693e-04 1.389999999999999902e+00 1.562188879999999949e-06 1.389999999999999902e+00 2.017668280000000042e-04 1.389999999999999902e+00 6.136701790000000492e-14 1.389999999999999902e+00 7.396272720000000023e-01 1.389999999999999902e+00 2.938158869999999844e-04 1.389999999999999902e+00 5.362541020000000048e-07 1.389999999999999902e+00 1.033914810000000024e-04 1.389999999999999902e+00 1.239625409999999996e-13 1.389999999999999902e+00 7.286490559999999617e-01 1.389999999999999902e+00 8.556723409999999683e-04 1.389999999999999902e+00 2.839897129999999914e-05 1.389999999999999902e+00 3.074331989999999864e-04 1.389999999999999902e+00 9.600453260000000235e-15 1.389999999999999902e+00 7.988977919999999955e-01 1.389999999999999902e+00 4.373817429999999912e-04 1.389999999999999902e+00 4.160460990000000388e-06 1.389999999999999902e+00 1.312431759999999916e-04 1.389999999999999902e+00 1.669330620000000057e-14 1.389999999999999902e+00 8.584101100000000040e-01 1.389999999999999902e+00 1.995245559999999968e-04 1.389999999999999902e+00 8.506468239999999773e-07 1.389999999999999902e+00 5.801999449999999841e-05 1.389999999999999902e+00 3.313396839999999860e-14 1.389999999999999902e+00 8.529277219999999993e-01 1.389999999999999902e+00 9.370522049999999799e-05 1.389999999999999902e+00 1.987316490000000063e-07 1.389999999999999902e+00 2.728127400000000141e-05 1.389999999999999902e+00 6.558605530000000146e-14 1.389999999999999902e+00 8.432280089999999451e-01 1.389999999999999902e+00 4.500817969999999757e-05 1.389999999999999902e+00 4.869732730000000266e-08 1.389999999999999902e+00 1.313738179999999983e-05 1.389999999999999902e+00 1.299751729999999969e-13 1.389999999999999902e+00 8.381896030000000053e-01
1.399999999999999911e+00 2.132327609999999998e-03 1.399999999999999911e+00 9.458979989999999523e-05 1.399999999999999911e+00 1.134149679999999979e-03 1.399999999999999911e+00 6.983562809999999716e-15 1.399999999999999911e+00 6.940850259999999938e-01 1.399999999999999911e+00 1.587631919999999948e-03 1.399999999999999911e+00 1.633496180000000149e-05 1.399999999999999911e+00 6.477108640000000346e-04 1.399999999999999911e+00 1.511597710000000126e-14 1.399999999999999911e+00 7.810251590000000244e-01 1.399999999999999911e+00 1.007464150000000067e-03 1.399999999999999911e+00 4.421902749999999987e-06 1.399999999999999911e+00 3.837130819999999879e-04 1.399999999999999911e+00 3.016787720000000272e-14 1.399999999999999911e+00 7.579586130000000033e-01 1.399999999999999911e+00 5.685543589999999528e-04 1.399999999999999911e+00 1.597416469999999973e-06 1.399999999999999911e+00 2.074201940000000002e-04 1.399999999999999911e+00 6.138217940000000468e-14 1.399999999999999911e+00 7.396272720000000023e-01 1.399999999999999911e+00 2.975531899999999882e-04 1.399999999999999911e+00 5.484184810000000320e-07 1.399999999999999911e+00 1.063483439999999999e-04 1.399999999999999911e+00 1.239896080000000047e-13 1.399999999999999911e+00 7.286490559999999617e-01 1.399999999999999911e+00 8.635160229999999529e-04 1.399999999999999911e+00 2.902824480000000090e-05 1.399999999999999911e+00 3.160292499999999829e-04 1.399999999999999911e+00 9.603205940000000044e-15 1.399999999999999911e+00 7.988977919999999955e-01 1.399999999999999911e+00 4.433339969999999927e-04 1.399999999999999911e+00 4.301402859999999803e-06 1.399999999999999911e+00 1.356468039999999945e-04 1.399999999999999911e+00 1.669886919999999927e-14 1.399999999999999911e+00 8.584101100000000040e-01 1.399999999999999911e+00 2.026165639999999955e-04 1.399999999999999911e+00 8.819752590000000211e-07 1.399999999999999911e+00 6.003071399999999934e-05 1.399999999999999911e+00 3.314468569999999702e-14 1.399999999999999911e+00 8.529277219999999993e-01 1.399999999999999911e+00 9.520754409999999804e-05 1.399999999999999911e+00 2.059674530000000094e-07 1.399999999999999911e+00 2.822584240000000137e-05 1.399999999999999911e+00 6.561130889999999861e-14 1.399999999999999911e+00 8.432280089999999451e-01 1.399999999999999911e+00 4.573743019999999880e-05 1.399999999999999911e+00 5.043971290000000313e-08 1.399999999999999911e+00 1.359111160000000077e-05 1.399999999999999911e+00 1.300328749999999959e-13 1.399999999999999911e+00 8.381896030000000053e-01
1.409999999999999920e+00 2.137415140000000022e-03 1.409999999999999920e+00 9.528101669999999629e-05 1.409999999999999920e+00 1.155498540000000039e-03 1.409999999999999920e+00 6.984810139999999970e-15 1.409999999999999920e+00 6.940850259999999938e-01 1.409999999999999920e+00 1.596895299999999971e-03 1.409999999999999920e+00 1.663058760000000040e-05 1.409999999999999920e+00 6.636336999999999748e-04 1.409999999999999920e+00 1.512067700000000074e-14 1.409999999999999920e+00 7.810251590000000244e-01 1.409999999999999920e+00 1.016432629999999924e-03 1.409999999999999920e+00 4.513442199999999617e-06 1.409999999999999920e+00 3.938326829999999742e-04 1.409999999999999920e+00 3.017647329999999807e-14 1.409999999999999920e+00 7.579586130000000033e-01 1.409999999999999920e+00 5.749422099999999727e-04 1.409999999999999920e+00 1.633126450000000106e-06 1.409999999999999920e+00 2.131377249999999923e-04 1.409999999999999920e+00 6.139682219999999370e-14 1.409999999999999920e+00 7.396272720000000023e-01 1.409999999999999920e+00 3.012694290000000256e-04 1.409999999999999920e+00 5.607563710000000178e-07 1.409999999999999920e+00 1.093424749999999970e-04 1.409999999999999920e+00 1.240157479999999937e-13 1.409999999999999920e+00 7.286490559999999617e-01 1.409999999999999920e+00 8.712289230000000396e-04 1.409999999999999920e+00 2.966346499999999908e-05 1.409999999999999920e+00 3.247030830000000186e-04 1.409999999999999920e+00 9.605881699999999502e-15 1.409999999999999920e+00 7.988977919999999955e-01 1.409999999999999920e+00 4.492274669999999910e-04 1.409999999999999920e+00 4.444976789999999667e-06 1.409999999999999920e+00 1.401096599999999883e-04 1.409999999999999920e+00 1.670427210000000156e-14 1.409999999999999920e+00 8.584101100000000040e-01 1.409999999999999920e+00 2.056918449999999910e-04 1.409999999999999920e+00 9.139810579999999558e-07 1.409999999999999920e+00 6.207227000000000328e-05 1.409999999999999920e+00 3.315509509999999723e-14 1.409999999999999920e+00 8.529277219999999993e-01 1.409999999999999920e+00 9.670434449999999336e-05 1.409999999999999920e+00 2.133625799999999880e-07 1.409999999999999920e+00 2.918540650000000126e-05 1.409999999999999920e+00 6.563581989999999693e-14 1.409999999999999920e+00 8.432280089999999451e-01 1.409999999999999920e+00 4.646447650000000114e-05 1.409999999999999920e+00 5.222049110000000310e-08 1.409999999999999920e+00 1.405212300000000010e-05 1.409999999999999920e+00 1.300888330000000059e-13 1.409999999999999920e+00 8.381896030000000053e-01
1.419999999999999929e+00 2.142329939999999822e-03 1.419999999999999929e+00 9.596894470000000364e-05 1.419999999999999929e+00 1.176897409999999979e-03 1.419999999999999929e+00 6.986008810000000308e-15 1.419999999999999929e+00 6.940850259999999938e-01 1.419999999999999929e+00 1.605922139999999953e-03 1.419999999999999929e+00 1.692800850000000115e-05 1.419999999999999929e+00 6.796479810000000035e-04 1.419999999999999929e+00 1.512521320000000130e-14 1.419999999999999929e+00 7.810251590000000244e-01 1.419999999999999929e+00 1.025262220000000080e-03 1.419999999999999929e+00 4.605986160000000225e-06 1.419999999999999929e+00 4.040412720000000004e-04 1.419999999999999929e+00 3.018477500000000226e-14 1.419999999999999929e+00 7.579586130000000033e-01 1.419999999999999929e+00 5.812730230000000059e-04 1.419999999999999929e+00 1.669328809999999951e-06 1.419999999999999929e+00 2.189188479999999931e-04 1.419999999999999929e+00 6.141096600000000314e-14 1.419999999999999929e+00 7.396272720000000023e-01 1.419999999999999929e+00 3.049645529999999750e-04 1.419999999999999929e+00 5.732714539999999780e-07 1.419999999999999929e+00 1.123736620000000006e-04 1.419999999999999929e+00 1.240409919999999926e-13 1.419999999999999929e+00 7.286490559999999617e-01 1.419999999999999929e+00 8.788131169999999562e-04 1.419999999999999929e+00 3.030468159999999905e-05 1.419999999999999929e+00 3.334534000000000217e-04 1.419999999999999929e+00 9.608482969999999750e-15 1.419999999999999929e+00 7.988977919999999955e-01 1.419999999999999929e+00 4.550626630000000083e-04 1.419999999999999929e+00 4.591206410000000360e-06 1.419999999999999929e+00 1.446311590000000065e-04 1.419999999999999929e+00 1.670952070000000007e-14 1.419999999999999929e+00 8.584101100000000040e-01 1.419999999999999929e+00 2.087504379999999900e-04 1.419999999999999929e+00 9.466721509999999604e-07 1.419999999999999929e+00 6.414449530000000340e-05 1.419999999999999929e+00 3.316520730000000046e-14 1.419999999999999929e+00 8.529277219999999993e-01 1.419999999999999929e+00 9.819561629999999739e-05 1.419999999999999929e+00 2.209191280000000088e-07 1.419999999999999929e+00 3.015991090000000086e-05 1.419999999999999929e+00 6.565961640000000083e-14 1.419999999999999929e+00 8.432280089999999451e-01 1.419999999999999929e+00 4.718931279999999796e-05 1.419999999999999929e+00 5.404020799999999963e-08 1.419999999999999929e+00 1.452039379999999946e-05 1.419999999999999929e+00 1.301431189999999888e-13 1.419999999999999929e+00 8.381896030000000053e-01
1.429999999999999938e+00 2.147077680000000158e-03 1.429999999999999938e+00 9.665378680000000070e-05 1.429999999999999938e+00 1.198344579999999909e-03 1.429999999999999938e+00 6.987161030000000331e-15 1.429999999999999938e+00 6.940850259999999938e-01 1.429999999999999938e+00 1.614718659999999978e-03 1.429999999999999938e+00 1.722726150000000159e-05 1.429999999999999938e+00 6.957513750000000061e-04 1.429999999999999938e+00 1.512959269999999851e-14 1.429999999999999938e+00 7.810251590000000244e-01 1.429999999999999938e+00 1.033954849999999979e-03 1.429999999999999938e+00 4.699554810000000049e-06 1.429999999999999938e+00 4.143374699999999929e-04 1.429999999999999938e+00 3.019279399999999739e-14 1.429999999999999938e+00 7.579586130000000033e-01 1.429999999999999938e+00 5.875470470000000332e-04 1.429999999999999938e+00 1.706033810000000094e-06 1.429999999999999938e+00 2.247629959999999916e-04 1.429999999999999938e+00 6.142462930000000128e-14 1.429999999999999938e+00 7.396272720000000023e-01 1.429999999999999938e+00 3.086385099999999901e-04 1.429999999999999938e+00 5.859675280000000313e-07 1.429999999999999938e+00 1.154416949999999959e-04 1.429999999999999938e+00 1.240653740000000078e-13 1.429999999999999938e+00 7.286490559999999617e-01 1.429999999999999938e+00 8.862706410000000239e-04 1.429999999999999938e+00 3.095194580000000019e-05 1.429999999999999938e+00 3.422789230000000031e-04 1.429999999999999938e+00 9.611012050000000372e-15 1.429999999999999938e+00 7.988977919999999955e-01 1.429999999999999938e+00 4.608400869999999903e-04 1.429999999999999938e+00 4.740116000000000171e-06 1.429999999999999938e+00 1.492107210000000086e-04 1.429999999999999938e+00 1.671462020000000019e-14 1.429999999999999938e+00 8.584101100000000040e-01 1.429999999999999938e+00 2.117923829999999953e-04 1.429999999999999938e+00 9.800566449999999025e-07 1.429999999999999938e+00 6.624722320000000445e-05 1.429999999999999938e+00 3.317503249999999857e-14 1.429999999999999938e+00 8.529277219999999993e-01 1.429999999999999938e+00 9.968135459999999447e-05 1.429999999999999938e+00 2.286392429999999948e-07 1.429999999999999938e+00 3.114930040000000322e-05 1.429999999999999938e+00 6.568272459999999927e-14 1.429999999999999938e+00 8.432280089999999451e-01 1.429999999999999938e+00 4.791193349999999944e-05 1.429999999999999938e+00 5.589942260000000217e-08 1.429999999999999938e+00 1.499590190000000040e-05 1.429999999999999938e+00 1.301957980000000023e-13 1.429999999999999938e+00 8.381896030000000053e-01
1.439999999999999947e+00 2.151663800000000112e-03 1.439999999999999947e+00 9.733573950000000191e-05 1.439999999999999947e+00 1.219838420000000055e-03 1.439999999999999947e+00 6.988268839999999673e-15 1.439999999999999947e+00 6.940850259999999938e-01 1.439999999999999947e+00 1.623290870000000099e-03 1.439999999999999947e+00 1.752838359999999955e-05 1.439999999999999947e+00 7.119416069999999659e-04 1.439999999999999947e+00 1.513382210000000066e-14 1.439999999999999947e+00 7.810251590000000244e-01 1.439999999999999947e+00 1.042512410000000092e-03 1.439999999999999947e+00 4.794168750000000126e-06 1.439999999999999947e+00 4.247199190000000113e-04 1.439999999999999947e+00 3.020054159999999721e-14 1.439999999999999947e+00 7.579586130000000033e-01 1.439999999999999947e+00 5.937645270000000515e-04 1.439999999999999947e+00 1.743252050000000021e-06 1.439999999999999947e+00 2.306696010000000075e-04 1.439999999999999947e+00 6.143782969999999755e-14 1.439999999999999947e+00 7.396272720000000023e-01 1.439999999999999947e+00 3.122912480000000074e-04 1.439999999999999947e+00 5.988485150000000053e-07 1.439999999999999947e+00 1.185463620000000033e-04 1.439999999999999947e+00 1.240889220000000092e-13 1.439999999999999947e+00 7.286490559999999617e-01 1.439999999999999947e+00 8.936034889999999731e-04 1.439999999999999947e+00 3.160530979999999788e-05 1.439999999999999947e+00 3.511783969999999902e-04 1.439999999999999947e+00 9.613471139999999397e-15 1.439999999999999947e+00 7.988977919999999955e-01 1.439999999999999947e+00 4.665602350000000150e-04 1.439999999999999947e+00 4.891730469999999888e-06 1.439999999999999947e+00 1.538477699999999922e-04 1.439999999999999947e+00 1.671957570000000098e-14 1.439999999999999947e+00 8.584101100000000040e-01 1.439999999999999947e+00 2.148177179999999906e-04 1.439999999999999947e+00 1.014142830000000102e-06 1.439999999999999947e+00 6.838028760000000063e-05 1.439999999999999947e+00 3.318458010000000248e-14 1.439999999999999947e+00 8.529277219999999993e-01 1.439999999999999947e+00 1.011615549999999940e-04 1.439999999999999947e+00 2.365251180000000132e-07 1.439999999999999947e+00 3.215351949999999972e-05 1.439999999999999947e+00 6.570516920000000360e-14 1.439999999999999947e+00 8.432280089999999451e-01 1.439999999999999947e+00 4.863233329999999693e-05 1.439999999999999947e+00 5.779870730000000127e-08 1.439999999999999947e+00 1.547862510000000118e-05 1.439999999999999947e+00 1.302469329999999909e-13 1.439999999999999947e+00 8.381896030000000053e-01
1.449999999999999956e+00 2.156093500000000156e-03 1.449999999999999956e+00 9.801499339999999647e-05 1.449999999999999956e+00 1.241377340000000048e-03 1.449999999999999956e+00 6.989334160000000353e-15 1.449999999999999956e+00 6.940850259999999938e-01 1.449999999999999956e+00 1.631644580000000087e-03 1.449999999999999956e+00 1.783141219999999943e-05 1.449999999999999956e+00 7.282164640000000520e-04 1.449999999999999956e+00 1.513790740000000036e-14 1.449999999999999956e+00 7.810251590000000244e-01 1.449999999999999956e+00 1.050936759999999926e-03 1.449999999999999956e+00 4.889849140000000131e-06 1.449999999999999956e+00 4.351872750000000049e-04 1.449999999999999956e+00 3.020802819999999985e-14 1.449999999999999956e+00 7.579586130000000033e-01 1.449999999999999956e+00 5.999257100000000495e-04 1.449999999999999956e+00 1.780994420000000061e-06 1.449999999999999956e+00 2.366380989999999906e-04 1.449999999999999956e+00 6.145058390000000474e-14 1.449999999999999956e+00 7.396272720000000023e-01 1.449999999999999956e+00 3.159227180000000060e-04 1.449999999999999956e+00 6.119184609999999655e-07 1.449999999999999956e+00 1.216874489999999971e-04 1.449999999999999956e+00 1.241116660000000037e-13 1.449999999999999956e+00 7.286490559999999617e-01 1.449999999999999956e+00 9.008136150000000189e-04 1.449999999999999956e+00 3.226482739999999671e-05 1.449999999999999956e+00 3.601505839999999967e-04 1.449999999999999956e+00 9.615862339999999600e-15 1.449999999999999956e+00 7.988977919999999955e-01 1.449999999999999956e+00 4.722235970000000218e-04 1.449999999999999956e+00 5.046075360000000253e-06 1.449999999999999956e+00 1.585417370000000083e-04 1.449999999999999956e+00 1.672439199999999844e-14 1.449999999999999956e+00 8.584101100000000040e-01 1.449999999999999956e+00 2.178264859999999939e-04 1.449999999999999956e+00 1.048939199999999925e-06 1.449999999999999956e+00 7.054352239999999970e-05 1.449999999999999956e+00 3.319385920000000109e-14 1.449999999999999956e+00 8.529277219999999993e-01 1.449999999999999956e+00 1.026362130000000006e-04 1.449999999999999956e+00 2.445790000000000092e-07 1.449999999999999956e+00 3.317251299999999679e-05 1.449999999999999956e+00 6.572697349999999383e-14 1.449999999999999956e+00 8.432280089999999451e-01 1.449999999999999956e+00 4.935050690000000213e-05 1.449999999999999956e+00 5.973864829999999520e-08 1.449999999999999956e+00 1.596854109999999840e-05 1.449999999999999956e+00 1.302965809999999884e-13 1.449999999999999956e+00 8.381896030000000053e-01
1.459999999999999964e+00 2.160371779999999825e-03 1.459999999999999964e+00 9.869173370000000058e-05 1.459999999999999964e+00 1.262959790000000009e-03 1.459999999999999964e+00 6.990358799999999680e-15 1.459999999999999964e+00 6.940850259999999938e-01 1.459999999999999964e+00 1.639785389999999900e-03 1.459999999999999964e+00 1.813638520000000022e-05 1.459999999999999964e+00 7.445737889999999928e-04 1.459999999999999964e+00 1.514185419999999975e-14 1.459999999999999964e+00 7.810251590000000244e-01 1.459999999999999964e+00 1.059229700000000095e-03 1.459999999999999964e+00 4.986617600000000142e-06 1.459999999999999964e+00 4.457382159999999979e-04 1.459999999999999964e+00 3.021526379999999718e-14 1.459999999999999964e+00 7.579586130000000033e-01 1.459999999999999964e+00 6.060308370000000401e-04 1.459999999999999964e+00 1.819272179999999978e-06 1.459999999999999964e+00 2.426679279999999911e-04 1.459999999999999964e+00 6.146290770000000107e-14 1.459999999999999964e+00 7.396272720000000023e-01 1.459999999999999964e+00 3.195328700000000231e-04 1.459999999999999964e+00 6.251815410000000218e-07 1.459999999999999964e+00 1.248647450000000072e-04 1.459999999999999964e+00 1.241336329999999931e-13 1.459999999999999964e+00 7.286490559999999617e-01 1.459999999999999964e+00 9.079029339999999905e-04 1.459999999999999964e+00 3.293055339999999726e-05 1.459999999999999964e+00 3.691942670000000065e-04 1.459999999999999964e+00 9.618187630000000626e-15 1.459999999999999964e+00 7.988977919999999955e-01 1.459999999999999964e+00 4.778306610000000124e-04 1.459999999999999964e+00 5.203176909999999891e-06 1.459999999999999964e+00 1.632920549999999915e-04 1.459999999999999964e+00 1.672907350000000124e-14 1.459999999999999964e+00 8.584101100000000040e-01 1.459999999999999964e+00 2.208187239999999927e-04 1.459999999999999964e+00 1.084454430000000029e-06 1.459999999999999964e+00 7.273676220000000392e-05 1.459999999999999964e+00 3.320287830000000233e-14 1.459999999999999964e+00 8.529277219999999993e-01 1.459999999999999964e+00 1.041053239999999998e-04 1.459999999999999964e+00 2.528031839999999964e-07 1.459999999999999964e+00 3.420622530000000112e-05 1.459999999999999964e+00 6.574815929999999760e-14 1.459999999999999964e+00 8.432280089999999451e-01 1.459999999999999964e+00 5.006644930000000114e-05 1.459999999999999964e+00 6.171984590000000161e-08 1.459999999999999964e+00 1.646562780000000042e-05 1.459999999999999964e+00 1.303447969999999913e-13 1.459999999999999964e+00 8.381896030000000053e-01
1.469999999999999973e+00 2.164503449999999850e-03 1.469999999999999973e+00 9.936614039999999975e-05 1.469999999999999973e+00 1.284584280000000038e-03 1.469999999999999973e+00 6.991344449999999716e-15 1.469999999999999973e+00 6.940850259999999938e-01 1.469999999999999973e+00 1.647718719999999998e-03 1.469999999999999973e+00 1.844334059999999914e-05 1.469999999999999973e+00 7.610114799999999477e-04 1.469999999999999973e+00 1.514566810000000097e-14 1.469999999999999973e+00 7.810251590000000244e-01 1.469999999999999973e+00 1.067393029999999911e-03 1.469999999999999973e+00 5.084496299999999900e-06 1.469999999999999973e+00 4.563714370000000005e-04 1.469999999999999973e+00 3.022225769999999701e-14 1.469999999999999973e+00 7.579586130000000033e-01 1.469999999999999973e+00 6.120801540000000160e-04 1.469999999999999973e+00 1.858096920000000099e-06 1.469999999999999973e+00 2.487585290000000199e-04 1.469999999999999973e+00 6.147481610000000277e-14 1.469999999999999973e+00 7.396272720000000023e-01 1.469999999999999973e+00 3.231216569999999753e-04 1.469999999999999973e+00 6.386420700000000509e-07 1.469999999999999973e+00 1.280780349999999983e-04 1.469999999999999973e+00 1.241548490000000103e-13 1.469999999999999973e+00 7.286490559999999617e-01 1.469999999999999973e+00 9.148733219999999810e-04 1.469999999999999973e+00 3.360254400000000263e-05 1.469999999999999973e+00 3.783082459999999900e-04 1.469999999999999973e+00 9.620448940000000549e-15 1.469999999999999973e+00 7.988977919999999955e-01 1.469999999999999973e+00 4.833819049999999742e-04 1.469999999999999973e+00 5.363061999999999746e-06 1.469999999999999973e+00 1.680981640000000111e-04 1.469999999999999973e+00 1.673362449999999913e-14 1.469999999999999973e+00 8.584101100000000040e-01 1.469999999999999973e+00 2.237944760000000011e-04 1.469999999999999973e+00 1.120697400000000015e-06 1.469999999999999973e+00 7.495984190000000349e-05 1.469999999999999973e+00 3.321164559999999842e-14 1.469999999999999973e+00 8.529277219999999993e-01 1.469999999999999973e+00 1.055688869999999959e-04 1.469999999999999973e+00 2.612000220000000100e-07 1.469999999999999973e+00 3.525460100000000233e-05 1.469999999999999973e+00 6.576874739999999854e-14 1.469999999999999973e+00 8.432280089999999451e-01 1.469999999999999973e+00 5.078015590000000014e-05 1.469999999999999973e+00 6.374291509999999487e-08 1.469999999999999973e+00 1.696986269999999888e-05 1.469999999999999973e+00 1.303916310000000032e-13 1.469999999999999973e+00 8.381896030000000053e-01
1.479999999999999982e+00 2.168493110000000064e-03 1.479999999999999982e+00 1.000383880000000014e-04 1.479999999999999982e+00 1.306249379999999995e-03 1.479999999999999982e+00 6.992292710000000173e-15 1.479999999999999982e+00 6.940850259999999938e-01 1.479999999999999982e+00 1.655449800000000082e-03 1.479999999999999982e+00 1.875231699999999985e-05 1.479999999999999982e+00 7.775274889999999684e-04 1.479999999999999982e+00 1.514935409999999998e-14 1.479999999999999982e+00 7.810251590000000244e-01 1.479999999999999982e+00 1.075428499999999971e-03 1.479999999999999982e+00 5.183507959999999660e-06 1.479999999999999982e+00 4.670856500000000093e-04 1.479999999999999982e+00 3.022901880000000089e-14 1.479999999999999982e+00 7.579586130000000033e-01 1.479999999999999982e+00 6.180739029999999861e-04 1.479999999999999982e+00 1.897480570000000077e-06 1.479999999999999982e+00 2.549093460000000219e-04 1.479999999999999982e+00 6.148632330000000097e-14 1.479999999999999982e+00 7.396272720000000023e-01 1.479999999999999982e+00 3.266890310000000004e-04 1.479999999999999982e+00 6.523045000000000029e-07 1.479999999999999982e+00 1.313271069999999907e-04 1.479999999999999982e+00 1.241753389999999942e-13 1.479999999999999982e+00 7.286490559999999617e-01 1.479999999999999982e+00 9.217266170000000189e-04 1.479999999999999982e+00 3.428085679999999817e-05 1.479999999999999982e+00 3.874913429999999920e-04 1.479999999999999982e+00 9.622648100000000618e-15 1.479999999999999982e+00 7.988977919999999955e-01 1.479999999999999982e+00 4.888778040000000148e-04 1.479999999999999982e+00 5.525758229999999988e-06 1.479999999999999982e+00 1.729595080000000118e-04 1.479999999999999982e+00 1.673804920000000083e-14 1.479999999999999982e+00 8.584101100000000040e-01 1.479999999999999982e+00 2.267537809999999987e-04 1.479999999999999982e+00 1.157677189999999998e-06 1.479999999999999982e+00 7.721259690000000018e-05 1.479999999999999982e+00 3.322016870000000062e-14 1.479999999999999982e+00 8.529277219999999993e-01 1.479999999999999982e+00 1.070268959999999992e-04 1.479999999999999982e+00 2.697719189999999860e-07 1.479999999999999982e+00 3.631758450000000031e-05 1.479999999999999982e+00 6.578875740000000574e-14 1.479999999999999982e+00 8.432280089999999451e-01 1.479999999999999982e+00 5.149162209999999854e-05 1.479999999999999982e+00 6.580848619999999556e-08 1.479999999999999982e+00 1.748122340000000062e-05 1.479999999999999982e+00 1.304371330000000025e-13 1.479999999999999982e+00 8.381896030000000053e-01
1.489999999999999991e+00 2.172345190000000113e-03 1.489999999999999991e+00 1.007086479999999979e-04 1.489999999999999991e+00 1.327953690000000051e-03 1.489999999999999991e+00 6.993205049999999998e-15 1.489999999999999991e+00 6.940850259999999938e-01 1.489999999999999991e+00 1.662983700000000061e-03 1.489999999999999991e+00 1.906335330000000073e-05 1.489999999999999991e+00 7.941198190000000115e-04 1.489999999999999991e+00 1.515291689999999909e-14 1.489999999999999991e+00 7.810251590000000244e-01 1.489999999999999991e+00 1.083337840000000085e-03 1.489999999999999991e+00 5.283675819999999867e-06 1.489999999999999991e+00 4.778795859999999994e-04 1.489999999999999991e+00 3.023555550000000100e-14 1.489999999999999991e+00 7.579586130000000033e-01 1.489999999999999991e+00 6.240123269999999552e-04 1.489999999999999991e+00 1.937435440000000098e-06 1.489999999999999991e+00 2.611198229999999961e-04 1.489999999999999991e+00 6.149744309999999950e-14 1.489999999999999991e+00 7.396272720000000023e-01 1.489999999999999991e+00 3.302349489999999990e-04 1.489999999999999991e+00 6.661734310000000471e-07 1.489999999999999991e+00 1.346117440000000112e-04 1.489999999999999991e+00 1.241951269999999909e-13 1.489999999999999991e+00 7.286490559999999617e-01 1.489999999999999991e+00 9.284646209999999509e-04 1.489999999999999991e+00 3.496555070000000059e-05 1.489999999999999991e+00 3.967423940000000017e-04 1.489999999999999991e+00 9.624786860000000517e-15 1.489999999999999991e+00 7.988977919999999955e-01 1.489999999999999991e+00 4.943188290000000411e-04 1.489999999999999991e+00 5.691293910000000185e-06 1.489999999999999991e+00 1.778755369999999959e-04 1.489999999999999991e+00 1.674235119999999937e-14 1.489999999999999991e+00 8.584101100000000040e-01 1.489999999999999991e+00 2.296966810000000074e-04 1.489999999999999991e+00 1.195403110000000082e-06 1.489999999999999991e+00 7.949486280000000581e-05 1.489999999999999991e+00 3.322845500000000126e-14 1.489999999999999991e+00 8.529277219999999993e-01 1.489999999999999991e+00 1.084793509999999961e-04 1.489999999999999991e+00 2.785213370000000145e-07 1.489999999999999991e+00 3.739512039999999825e-05 1.489999999999999991e+00 6.580820780000000009e-14 1.489999999999999991e+00 8.432280089999999451e-01 1.489999999999999991e+00 5.220084370000000227e-05 1.489999999999999991e+00 6.791720479999999774e-08 1.489999999999999991e+00 1.799968760000000056e-05 1.489999999999999991e+00 1.304813470000000065e-13 1.489999999999999991e+00 8.381896030000000053e-01
1.500000000000000000e+00 2.176063939999999929e-03 1.500000000000000000e+00 1.013770840000000051e-04 1.500000000000000000e+00 1.349695840000000044e-03 1.500000000000000000e+00 6.994082899999999721e-15 1.500000000000000000e+00 6.940850259999999938e-01 1.500000000000000000e+00 1.670325330000000047e-03 1.500000000000000000e+00 1.937648890000000156e-05 1.500000000000000000e+00 8.107865219999999462e-04 1.500000000000000000e+00 1.515636110000000061e-14 1.500000000000000000e+00 7.810251590000000244e-01 1.500000000000000000e+00 1.091122730000000044e-03 1.500000000000000000e+00 5.385023740000000254e-06 1.500000000000000000e+00 4.887519919999999901e-04 1.500000000000000000e+00 3.024187589999999902e-14 1.500000000000000000e+00 7.579586130000000033e-01 1.500000000000000000e+00 6.298956710000000285e-04 1.500000000000000000e+00 1.977974249999999928e-06 1.500000000000000000e+00 2.673894089999999759e-04 1.500000000000000000e+00 6.150818840000000550e-14 1.500000000000000000e+00 7.396272720000000023e-01 1.500000000000000000e+00 3.337593669999999843e-04 1.500000000000000000e+00 6.802536139999999476e-07 1.500000000000000000e+00 1.379317340000000126e-04 1.500000000000000000e+00 1.242142339999999903e-13 1.500000000000000000e+00 7.286490559999999617e-01 1.500000000000000000e+00 9.350890999999999847e-04 1.500000000000000000e+00 3.565668589999999703e-05 1.500000000000000000e+00 4.060602569999999744e-04 1.500000000000000000e+00 9.626866889999999946e-15 1.500000000000000000e+00 7.988977919999999955e-01 1.500000000000000000e+00 4.997054459999999802e-04 1.500000000000000000e+00 5.859698050000000325e-06 1.500000000000000000e+00 1.828457030000000118e-04 1.500000000000000000e+00 1.674653450000000036e-14 1.500000000000000000e+00 8.584101100000000040e-01 1.500000000000000000e+00 2.326232199999999869e-04 1.500000000000000000e+00 1.233884680000000071e-06 1.500000000000000000e+00 8.180647600000000459e-05 1.500000000000000000e+00 3.323651160000000225e-14 1.500000000000000000e+00 8.529277219999999993e-01 1.500000000000000000e+00 1.099262480000000027e-04 1.500000000000000000e+00 2.874507969999999759e-07 1.500000000000000000e+00 3.848715299999999780e-05 1.500000000000000000e+00 6.582711639999999734e-14 1.500000000000000000e+00 8.432280089999999451e-01 1.500000000000000000e+00 5.290781649999999695e-05 1.500000000000000000e+00 7.006973300000000234e-08 1.500000000000000000e+00 1.852523280000000050e-05 1.500000000000000000e+00 1.305243159999999885e-13 1.500000000000000000e+00 8.381896030000000053e-01
1.510000000000000009e+00 2.179653470000000003e-03 1.510000000000000009e+00 1.020438589999999950e-04 1.510000000000000009e+00 1.371474539999999924e-03 1.510000000000000009e+00 6.994927569999999895e-15 1.510000000000000009e+00 6.940850259999999938e-01 1.510000000000000009e+00 1.677479439999999926e-03 1.510000000000000009e+00 1.969176350000000024e-05 1.510000000000000009e+00 8.275256999999999839e-04 1.510000000000000009e+00 1.515969110000000061e-14 1.510000000000000009e+00 7.810251590000000244e-01 1.510000000000000009e+00 1.098784850000000075e-03 1.510000000000000009e+00 5.487576140000000041e-06 1.510000000000000009e+00 4.997016310000000454e-04 1.510000000000000009e+00 3.024798739999999995e-14 1.510000000000000009e+00 7.579586130000000033e-01 1.510000000000000009e+00 6.357241779999999939e-04 1.510000000000000009e+00 2.019110080000000005e-06 1.510000000000000009e+00 2.737175539999999905e-04 1.510000000000000009e+00 6.151857149999999467e-14 1.510000000000000009e+00 7.396272720000000023e-01 1.510000000000000009e+00 3.372622430000000158e-04 1.510000000000000009e+00 6.945499590000000454e-07 1.510000000000000009e+00 1.412868599999999946e-04 1.510000000000000009e+00 1.242326839999999881e-13 1.510000000000000009e+00 7.286490559999999617e-01 1.510000000000000009e+00 9.416017840000000380e-04 1.510000000000000009e+00 3.635432410000000251e-05 1.510000000000000009e+00 4.154438040000000263e-04 1.510000000000000009e+00 9.628889820000000189e-15 1.510000000000000009e+00 7.988977919999999955e-01 1.510000000000000009e+00 5.050381129999999535e-04 1.510000000000000009e+00 6.031000440000000265e-06 1.510000000000000009e+00 1.878694659999999945e-04 1.510000000000000009e+00 1.675060240000000003e-14 1.510000000000000009e+00 8.584101100000000040e-01 1.510000000000000009e+00 2.355334379999999943e-04 1.510000000000000009e+00 1.273131629999999897e-06 1.510000000000000009e+00 8.414727280000000283e-05 1.510000000000000009e+00 3.324434499999999924e-14 1.510000000000000009e+00 8.529277219999999993e-01 1.510000000000000009e+00 1.113675870000000053e-04 1.510000000000000009e+00 2.965628810000000250e-07 1.510000000000000009e+00 3.959362679999999711e-05 1.510000000000000009e+00 6.584549999999999443e-14 1.510000000000000009e+00 8.432280089999999451e-01 1.510000000000000009e+00 5.361253680000000008e-05 1.510000000000000009e+00 7.226674940000000402e-08 1.510000000000000009e+00 1.905783640000000063e-05 1.510000000000000009e+00 1.305660820000000041e-13 1.510000000000000009e+00 8.381896030000000053e-01
1.520000000000000018e+00 2.183117699999999849e-03 1.520000000000000018e+00 1.027091300000000044e-04 1.520000000000000018e+00 1.393288500000000076e-03 1.520000000000000018e+00 6.995740310000000297e-15 1.520000000000000018e+00 6.940850259999999938e-01 1.520000000000000018e+00 1.684450629999999964e-03 1.520000000000000018e+00 2.000921729999999944e-05 1.520000000000000018e+00 8.443355010000000438e-04 1.520000000000000018e+00 1.516291080000000153e-14 1.520000000000000018e+00 7.810251590000000244e-01 1.520000000000000018e+00 1.106325829999999953e-03 1.520000000000000018e+00 5.591358049999999605e-06 1.520000000000000018e+00 5.107272850000000447e-04 1.520000000000000018e+00 3.025389740000000245e-14 1.520000000000000018e+00 7.579586130000000033e-01 1.520000000000000018e+00 6.414980949999999488e-04 1.520000000000000018e+00 2.060856439999999996e-06 1.520000000000000018e+00 2.801037100000000070e-04 1.520000000000000018e+00 6.152860430000000589e-14 1.520000000000000018e+00 7.396272720000000023e-01 1.520000000000000018e+00 3.407435400000000244e-04 1.520000000000000018e+00 7.090675390000000022e-07 1.520000000000000018e+00 1.446769070000000030e-04 1.520000000000000018e+00 1.242504960000000124e-13 1.520000000000000018e+00 7.286490559999999617e-01 1.520000000000000018e+00 9.480043669999999555e-04 1.520000000000000018e+00 3.705852830000000246e-05 1.520000000000000018e+00 4.248919249999999850e-04 1.520000000000000018e+00 9.630857189999999391e-15 1.520000000000000018e+00 7.988977919999999955e-01 1.520000000000000018e+00 5.103172869999999780e-04 1.520000000000000018e+00 6.205231609999999579e-06 1.520000000000000018e+00 1.929462870000000108e-04 1.520000000000000018e+00 1.675455830000000094e-14 1.520000000000000018e+00 8.584101100000000040e-01 1.520000000000000018e+00 2.384273810000000083e-04 1.520000000000000018e+00 1.313153939999999975e-06 1.520000000000000018e+00 8.651709050000000283e-05 1.520000000000000018e+00 3.325196190000000050e-14 1.520000000000000018e+00 8.529277219999999993e-01 1.520000000000000018e+00 1.128033650000000024e-04 1.520000000000000018e+00 3.058602320000000083e-07 1.520000000000000018e+00 4.071448620000000287e-05 1.520000000000000018e+00 6.586337450000000431e-14 1.520000000000000018e+00 8.432280089999999451e-01 1.520000000000000018e+00 5.431500079999999702e-05 1.520000000000000018e+00 7.450894970000000119e-08 1.520000000000000018e+00 1.959747600000000102e-05 1.520000000000000018e+00 1.306066830000000086e-13 1.520000000000000018e+00 8.381896030000000053e-01
1.530000000000000027e+00 2.186460419999999936e-03 1.530000000000000027e+00 1.033730510000000006e-04 1.530000000000000027e+00 1.415136489999999992e-03 1.530000000000000027e+00 6.996522309999999922e-15 1.530000000000000027e+00 6.940850259999999938e-01 1.530000000000000027e+00 1.691243339999999986e-03 1.530000000000000027e+00 2.032889110000000147e-05 1.530000000000000027e+00 8.612141179999999738e-04 1.530000000000000027e+00 1.516602429999999949e-14 1.530000000000000027e+00 7.810251590000000244e-01 1.530000000000000027e+00 1.113747300000000103e-03 1.530000000000000027e+00 5.696395139999999947e-06 1.530000000000000027e+00 5.218277500000000286e-04 1.530000000000000027e+00 3.025961269999999898e-14 1.530000000000000027e+00 7.579586130000000033e-01 1.530000000000000027e+00 6.472176669999999982e-04 1.530000000000000027e+00 2.103227259999999822e-06 1.530000000000000027e+00 2.865473340000000268e-04 1.530000000000000027e+00 6.153829809999999610e-14 1.530000000000000027e+00 7.396272720000000023e-01 1.530000000000000027e+00 3.442032190000000034e-04 1.530000000000000027e+00 7.238116000000000014e-07 1.530000000000000027e+00 1.481016590000000066e-04 1.530000000000000027e+00 1.242676900000000091e-13 1.530000000000000027e+00 7.286490559999999617e-01 1.530000000000000027e+00 9.542985120000000310e-04 1.530000000000000027e+00 3.776936299999999666e-05 1.530000000000000027e+00 4.344035289999999814e-04 1.530000000000000027e+00 9.632770490000000439e-15 1.530000000000000027e+00 7.988977919999999955e-01 1.530000000000000027e+00 5.155434179999999903e-04 1.530000000000000027e+00 6.382422870000000245e-06 1.530000000000000027e+00 1.980756349999999869e-04 1.530000000000000027e+00 1.675840539999999934e-14 1.530000000000000027e+00 8.584101100000000040e-01 1.530000000000000027e+00 2.413050890000000047e-04 1.530000000000000027e+00 1.353961820000000073e-06 1.530000000000000027e+00 8.891576630000000187e-05 1.530000000000000027e+00 3.325936809999999868e-14 1.530000000000000027e+00 8.529277219999999993e-01 1.530000000000000027e+00 1.142335830000000037e-04 1.530000000000000027e+00 3.153455570000000046e-07 1.530000000000000027e+00 4.184967560000000142e-05 1.530000000000000027e+00 6.588075530000000524e-14 1.530000000000000027e+00 8.432280089999999451e-01 1.530000000000000027e+00 5.501520519999999825e-05 1.530000000000000027e+00 7.679704760000000464e-08 1.530000000000000027e+00 2.014412890000000019e-05 1.530000000000000027e+00 1.306461559999999890e-13 1.530000000000000027e+00 8.381896030000000053e-01
1.540000000000000036e+00 2.189685270000000031e-03 1.540000000000000036e+00 1.040357719999999942e-04 1.540000000000000036e+00 1.437017309999999914e-03 1.540000000000000036e+00 6.997274680000000148e-15 1.540000000000000036e+00 6.940850259999999938e-01 1.540000000000000036e+00 1.697861909999999995e-03 1.540000000000000036e+00 2.065082619999999988e-05 1.540000000000000036e+00 8.781597879999999880e-04 1.540000000000000036e+00 1.516903500000000017e-14 1.540000000000000036e+00 7.810251590000000244e-01 1.540000000000000036e+00 1.121050830000000107e-03 1.540000000000000036e+00 5.802713720000000158e-06 1.540000000000000036e+00 5.330018379999999735e-04 1.540000000000000036e+00 3.026513999999999780e-14 1.540000000000000036e+00 7.579586130000000033e-01 1.540000000000000036e+00 6.528831420000000187e-04 1.540000000000000036e+00 2.146236919999999978e-06 1.540000000000000036e+00 2.930478829999999969e-04 1.540000000000000036e+00 6.154766379999999805e-14 1.540000000000000036e+00 7.396272720000000023e-01 1.540000000000000036e+00 3.476412459999999802e-04 1.540000000000000036e+00 7.387875650000000212e-07 1.540000000000000036e+00 1.515608990000000050e-04 1.540000000000000036e+00 1.242842859999999998e-13 1.540000000000000036e+00 7.286490559999999617e-01 1.540000000000000036e+00 9.604858470000000479e-04 1.540000000000000036e+00 3.848689419999999921e-05 1.540000000000000036e+00 4.439775399999999783e-04 1.540000000000000036e+00 9.634631149999999920e-15 1.540000000000000036e+00 7.988977919999999955e-01 1.540000000000000036e+00 5.207169520000000515e-04 1.540000000000000036e+00 6.562606330000000372e-06 1.540000000000000036e+00 2.032569800000000077e-04 1.540000000000000036e+00 1.676214690000000098e-14 1.540000000000000036e+00 8.584101100000000040e-01 1.540000000000000036e+00 2.441666089999999854e-04 1.540000000000000036e+00 1.395565719999999981e-06 1.540000000000000036e+00 9.134313830000000177e-05 1.540000000000000036e+00 3.326656979999999896e-14 1.540000000000000036e+00 8.529277219999999993e-01 1.540000000000000036e+00 1.156582379999999938e-04 1.540000000000000036e+00 3.250216300000000180e-07 1.540000000000000036e+00 4.299913930000000121e-05 1.540000000000000036e+00 6.589765679999999466e-14 1.540000000000000036e+00 8.432280089999999451e-01 1.540000000000000036e+00 5.571314670000000068e-05 1.540000000000000036e+00 7.913177520000000456e-08 1.540000000000000036e+00 2.069777259999999998e-05 1.540000000000000036e+00 1.306845359999999957e-13 1.540000000000000036e+00 8.381896030000000053e-01
1.550000000000000044e+00 2.192795769999999946e-03 1.550000000000000044e+00 1.046974389999999982e-04 1.550000000000000044e+00 1.458929810000000101e-03 1.550000000000000044e+00 6.997998479999999996e-15 1.550000000000000044e+00 6.940850259999999938e-01 1.550000000000000044e+00 1.704310519999999987e-03 1.550000000000000044e+00 2.097506410000000163e-05 1.550000000000000044e+00 8.951707900000000244e-04 1.550000000000000044e+00 1.517194669999999975e-14 1.550000000000000044e+00 7.810251590000000244e-01 1.550000000000000044e+00 1.128237999999999941e-03 1.550000000000000044e+00 5.910340759999999603e-06 1.550000000000000044e+00 5.442483780000000049e-04 1.550000000000000044e+00 3.027048549999999780e-14 1.550000000000000044e+00 7.579586130000000033e-01 1.550000000000000044e+00 6.584947679999999951e-04 1.550000000000000044e+00 2.189900249999999837e-06 1.550000000000000044e+00 2.996048180000000110e-04 1.550000000000000044e+00 6.155671179999999725e-14 1.550000000000000044e+00 7.396272720000000023e-01 1.550000000000000044e+00 3.510575869999999822e-04 1.550000000000000044e+00 7.540010399999999628e-07 1.550000000000000044e+00 1.550544109999999940e-04 1.550000000000000044e+00 1.243003010000000005e-13 1.550000000000000044e+00 7.286490559999999617e-01 1.550000000000000044e+00 9.665679650000000376e-04 1.550000000000000044e+00 3.921118910000000315e-05 1.550000000000000044e+00 4.536128959999999907e-04 1.550000000000000044e+00 9.636440570000000738e-15 1.550000000000000044e+00 7.988977919999999955e-01 1.550000000000000044e+00 5.258383290000000296e-04 1.550000000000000044e+00 6.745814919999999768e-06 1.550000000000000044e+00 2.084897999999999905e-04 1.550000000000000044e+00 1.676578559999999904e-14 1.550000000000000044e+00 8.584101100000000040e-01 1.550000000000000044e+00 2.470119819999999763e-04 1.550000000000000044e+00 1.437976350000000011e-06 1.550000000000000044e+00 9.379904469999999583e-05 1.550000000000000044e+00 3.327357240000000038e-14 1.550000000000000044e+00 8.529277219999999993e-01 1.550000000000000044e+00 1.170773309999999961e-04 1.550000000000000044e+00 3.348912929999999818e-07 1.550000000000000044e+00 4.416282180000000038e-05 1.550000000000000044e+00 6.591409310000000472e-14 1.550000000000000044e+00 8.432280089999999451e-01 1.550000000000000044e+00 5.640882230000000277e-05 1.550000000000000044e+00 8.151388329999999543e-08 1.550000000000000044e+00 2.125838430000000069e-05 1.550000000000000044e+00 1.307218570000000101e-13 1.550000000000000044e+00 8.381896030000000053e-01
1.560000000000000053e+00 2.195795280000000134e-03 1.560000000000000053e+00 1.053581949999999966e-04 1.560000000000000053e+00 1.480872860000000081e-03 1.560000000000000053e+00 6.998694700000000077e-15 1.560000000000000053e+00 6.940850259999999938e-01 1.560000000000000053e+00 1.710593230000000001e-03 1.560000000000000053e+00 2.130164729999999953e-05 1.560000000000000053e+00 9.122454449999999613e-04 1.560000000000000053e+00 1.517476270000000078e-14 1.560000000000000053e+00 7.810251590000000244e-01 1.560000000000000053e+00 1.135310339999999994e-03 1.560000000000000053e+00 6.019303950000000260e-06 1.560000000000000053e+00 5.555662149999999674e-04 1.560000000000000053e+00 3.027565519999999790e-14 1.560000000000000053e+00 7.579586130000000033e-01 1.560000000000000053e+00 6.640527950000000125e-04 1.560000000000000053e+00 2.234232580000000163e-06 1.560000000000000053e+00 3.062176000000000004e-04 1.560000000000000053e+00 6.156545189999999823e-14 1.560000000000000053e+00 7.396272720000000023e-01 1.560000000000000053e+00 3.544522120000000208e-04 1.560000000000000053e+00 7.694578280000000184e-07 1.560000000000000053e+00 1.585819780000000004e-04 1.560000000000000053e+00 1.243157539999999889e-13 1.560000000000000053e+00 7.286490559999999617e-01 1.560000000000000053e+00 9.725464310000000350e-04 1.560000000000000053e+00 3.994231669999999705e-05 1.560000000000000053e+00 4.633085530000000162e-04 1.560000000000000053e+00 9.638200059999999502e-15 1.560000000000000053e+00 7.988977919999999955e-01 1.560000000000000053e+00 5.309079860000000218e-04 1.560000000000000053e+00 6.932082409999999596e-06 1.560000000000000053e+00 2.137735750000000076e-04 1.560000000000000053e+00 1.676932439999999931e-14 1.560000000000000053e+00 8.584101100000000040e-01 1.560000000000000053e+00 2.498412540000000104e-04 1.560000000000000053e+00 1.481204689999999968e-06 1.560000000000000053e+00 9.628332429999999391e-05 1.560000000000000053e+00 3.328038130000000197e-14 1.560000000000000053e+00 8.529277219999999993e-01 1.560000000000000053e+00 1.184908630000000064e-04 1.560000000000000053e+00 3.449574589999999807e-07 1.560000000000000053e+00 4.534066740000000059e-05 1.560000000000000053e+00 6.593007760000000146e-14 1.560000000000000053e+00 8.432280089999999451e-01 1.560000000000000053e+00 5.710222910000000118e-05 1.560000000000000053e+00 8.394414270000000459e-08 1.560000000000000053e+00 2.182594150000000073e-05 1.560000000000000053e+00 1.307581489999999889e-13 1.560000000000000053e+00 8.381896030000000053e-01
1.570000000000000062e+00 2.198687070000000104e-03 1.570000000000000062e+00 1.060181820000000050e-04 1.570000000000000062e+00 1.502845359999999911e-03 1.570000000000000062e+00 6.999364290000000219e-15 1.570000000000000062e+00 6.940850259999999938e-01 1.570000000000000062e+00 1.716713979999999907e-03 1.570000000000000062e+00 2.163061849999999982e-05 1.570000000000000062e+00 9.293821139999999511e-04 1.570000000000000062e+00 1.517748599999999957e-14 1.570000000000000062e+00 7.810251590000000244e-01 1.570000000000000062e+00 1.142269380000000010e-03 1.570000000000000062e+00 6.129631659999999798e-06 1.570000000000000062e+00 5.669542079999999751e-04 1.570000000000000062e+00 3.028065500000000018e-14 1.570000000000000062e+00 7.579586130000000033e-01 1.570000000000000062e+00 6.695574730000000479e-04 1.570000000000000062e+00 2.279249709999999826e-06 1.570000000000000062e+00 3.128856959999999805e-04 1.570000000000000062e+00 6.157389390000000556e-14 1.570000000000000062e+00 7.396272720000000023e-01 1.570000000000000062e+00 3.578250929999999912e-04 1.570000000000000062e+00 7.851639280000000322e-07 1.570000000000000062e+00 1.621433829999999968e-04 1.570000000000000062e+00 1.243306620000000059e-13 1.570000000000000062e+00 7.286490559999999617e-01 1.570000000000000062e+00 9.784227759999999940e-04 1.570000000000000062e+00 4.068034730000000086e-05 1.570000000000000062e+00 4.730634839999999842e-04 1.570000000000000062e+00 9.639910920000000710e-15 1.570000000000000062e+00 7.988977919999999955e-01 1.570000000000000062e+00 5.359263520000000485e-04 1.570000000000000062e+00 7.121443419999999656e-06 1.570000000000000062e+00 2.191077890000000064e-04 1.570000000000000062e+00 1.677276600000000131e-14 1.570000000000000062e+00 8.584101100000000040e-01 1.570000000000000062e+00 2.526544700000000164e-04 1.570000000000000062e+00 1.525261950000000073e-06 1.570000000000000062e+00 9.879581629999999886e-05 1.570000000000000062e+00 3.328700190000000274e-14 1.570000000000000062e+00 8.529277219999999993e-01 1.570000000000000062e+00 1.198988320000000056e-04 1.570000000000000062e+00 3.552231109999999830e-07 1.570000000000000062e+00 4.653262050000000176e-05 1.570000000000000062e+00 6.594562290000000154e-14 1.570000000000000062e+00 8.432280089999999451e-01 1.570000000000000062e+00 5.779336440000000264e-05 1.570000000000000062e+00 8.642334429999999464e-08 1.570000000000000062e+00 2.240042129999999878e-05 1.570000000000000062e+00 1.307934449999999955e-13 1.570000000000000062e+00 8.381896030000000053e-01
1.580000000000000071e+00 2.201474279999999888e-03 1.580000000000000071e+00 1.066775349999999988e-04 1.580000000000000071e+00 1.524846249999999926e-03 1.580000000000000071e+00 7.000008150000000260e-15 1.580000000000000071e+00 6.940850259999999938e-01 1.580000000000000071e+00 1.722676590000000053e-03 1.580000000000000071e+00 2.196202109999999984e-05 1.580000000000000071e+00 9.465791979999999863e-04 1.580000000000000071e+00 1.518011989999999868e-14 1.580000000000000071e+00 7.810251590000000244e-01 1.580000000000000071e+00 1.149116610000000104e-03 1.580000000000000071e+00 6.241353009999999663e-06 1.580000000000000071e+00 5.784112299999999776e-04 1.580000000000000071e+00 3.028549020000000055e-14 1.580000000000000071e+00 7.579586130000000033e-01 1.580000000000000071e+00 6.750090569999999497e-04 1.580000000000000071e+00 2.324967960000000005e-06 1.580000000000000071e+00 3.196085730000000212e-04 1.580000000000000071e+00 6.158204670000000184e-14 1.580000000000000071e+00 7.396272720000000023e-01 1.580000000000000071e+00 3.611762020000000052e-04 1.580000000000000071e+00 8.011255529999999897e-07 1.580000000000000071e+00 1.657384079999999870e-04 1.580000000000000071e+00 1.243450400000000047e-13 1.580000000000000071e+00 7.286490559999999617e-01 1.580000000000000071e+00 9.841985000000001010e-04 1.580000000000000071e+00 4.142535300000000297e-05 1.580000000000000071e+00 4.828766739999999931e-04 1.580000000000000071e+00 9.641574379999999408e-15 1.580000000000000071e+00 7.988977919999999955e-01 1.580000000000000071e+00 5.408938550000000258e-04 1.580000000000000071e+00 7.313933450000000399e-06 1.580000000000000071e+00 2.244919319999999919e-04 1.580000000000000071e+00 1.677611300000000140e-14 1.580000000000000071e+00 8.584101100000000040e-01 1.580000000000000071e+00 2.554516729999999850e-04 1.580000000000000071e+00 1.570159639999999937e-06 1.580000000000000071e+00 1.013363600000000050e-04 1.580000000000000071e+00 3.329343900000000185e-14 1.580000000000000071e+00 8.529277219999999993e-01 1.580000000000000071e+00 1.213012409999999954e-04 1.580000000000000071e+00 3.656913099999999751e-07 1.580000000000000071e+00 4.773862549999999700e-05 1.580000000000000071e+00 6.596074140000000274e-14 1.580000000000000071e+00 8.432280089999999451e-01 1.580000000000000071e+00 5.848222559999999856e-05 1.580000000000000071e+00 8.895230030000000279e-08 1.580000000000000071e+00 2.298180120000000004e-05 1.580000000000000071e+00 1.308277729999999997e-13 1.580000000000000071e+00 8.381896030000000053e-01
1.590000000000000080e+00 2.204159910000000073e-03 1.590000000000000080e+00 1.073363900000000038e-04 1.590000000000000080e+00 1.546874499999999902e-03 1.590000000000000080e+00 7.000627140000000046e-15 1.590000000000000080e+00 6.940850259999999938e-01 1.590000000000000080e+00 1.728484780000000103e-03 1.590000000000000080e+00 2.229589909999999997e-05 1.590000000000000080e+00 9.638351320000000319e-04 1.590000000000000080e+00 1.518266720000000075e-14 1.590000000000000080e+00 7.810251590000000244e-01 1.590000000000000080e+00 1.155853490000000082e-03 1.590000000000000080e+00 6.354497870000000000e-06 1.590000000000000080e+00 5.899361719999999610e-04 1.590000000000000080e+00 3.029016619999999803e-14 1.590000000000000080e+00 7.579586130000000033e-01 1.590000000000000080e+00 6.804077980000000159e-04 1.590000000000000080e+00 2.371404210000000097e-06 1.590000000000000080e+00 3.263857010000000176e-04 1.590000000000000080e+00 6.158991930000000440e-14 1.590000000000000080e+00 7.396272720000000023e-01 1.590000000000000080e+00 3.645055179999999841e-04 1.590000000000000080e+00 8.173491300000000172e-07 1.590000000000000080e+00 1.693668340000000058e-04 1.590000000000000080e+00 1.243589040000000077e-13 1.590000000000000080e+00 7.286490559999999617e-01 1.590000000000000080e+00 9.898750740000000076e-04 1.590000000000000080e+00 4.217740709999999780e-05 1.590000000000000080e+00 4.927471230000000273e-04 1.590000000000000080e+00 9.643191640000000113e-15 1.590000000000000080e+00 7.988977919999999955e-01 1.590000000000000080e+00 5.458109140000000142e-04 1.590000000000000080e+00 7.509588900000000033e-06 1.590000000000000080e+00 2.299254980000000074e-04 1.590000000000000080e+00 1.677936799999999912e-14 1.590000000000000080e+00 8.584101100000000040e-01 1.590000000000000080e+00 2.582329080000000075e-04 1.590000000000000080e+00 1.615909560000000014e-06 1.590000000000000080e+00 1.039047960000000041e-04 1.590000000000000080e+00 3.329969750000000155e-14 1.590000000000000080e+00 8.529277219999999993e-01 1.590000000000000080e+00 1.226980889999999933e-04 1.590000000000000080e+00 3.763651920000000038e-07 1.590000000000000080e+00 4.895862679999999977e-05 1.590000000000000080e+00 6.597544479999999978e-14 1.590000000000000080e+00 8.432280089999999451e-01 1.590000000000000080e+00 5.916881050000000045e-05 1.590000000000000080e+00 9.153184439999999869e-08 1.590000000000000080e+00 2.357005820000000155e-05 1.590000000000000080e+00 1.308611609999999965e-13 1.590000000000000080e+00 8.381896030000000053e-01
1.600000000000000089e+00 2.206746889999999794e-03 1.600000000000000089e+00 1.079948779999999981e-04 1.600000000000000089e+00 1.568929119999999894e-03 1.600000000000000089e+00 7.001222060000000220e-15 1.600000000000000089e+00 6.940850259999999938e-01 1.600000000000000089e+00 1.734142149999999983e-03 1.600000000000000089e+00 2.263229719999999845e-05 1.600000000000000089e+00 9.811483910000000017e-04 1.600000000000000089e+00 1.518513079999999896e-14 1.600000000000000089e+00 7.810251590000000244e-01 1.600000000000000089e+00 1.162481489999999925e-03 1.600000000000000089e+00 6.469096899999999798e-06 1.600000000000000089e+00 6.015279369999999718e-04 1.600000000000000089e+00 3.029468799999999802e-14 1.600000000000000089e+00 7.579586130000000033e-01 1.600000000000000089e+00 6.857539519999999826e-04 1.600000000000000089e+00 2.418575860000000118e-06 1.600000000000000089e+00 3.332165530000000156e-04 1.600000000000000089e+00 6.159752019999999592e-14 1.600000000000000089e+00 7.396272720000000023e-01 1.600000000000000089e+00 3.678130170000000238e-04 1.600000000000000089e+00 8.338413170000000203e-07 1.600000000000000089e+00 1.730284449999999947e-04 1.600000000000000089e+00 1.243722689999999933e-13 1.600000000000000089e+00 7.286490559999999617e-01 1.600000000000000089e+00 9.954539390000000272e-04 1.600000000000000089e+00 4.293658480000000062e-05 1.600000000000000089e+00 5.026738489999999990e-04 1.600000000000000089e+00 9.644763849999999463e-15 1.600000000000000089e+00 7.988977919999999955e-01 1.600000000000000089e+00 5.506779459999999737e-04 1.600000000000000089e+00 7.708447100000000778e-06 1.600000000000000089e+00 2.354079840000000028e-04 1.600000000000000089e+00 1.678253330000000037e-14 1.600000000000000089e+00 8.584101100000000040e-01 1.600000000000000089e+00 2.609982210000000085e-04 1.600000000000000089e+00 1.662523780000000041e-06 1.600000000000000089e+00 1.065009650000000067e-04 1.600000000000000089e+00 3.330578209999999786e-14 1.600000000000000089e+00 8.529277219999999993e-01 1.600000000000000089e+00 1.240893790000000007e-04 1.600000000000000089e+00 3.872479749999999898e-07 1.600000000000000089e+00 5.019256880000000321e-05 1.600000000000000089e+00 6.598974440000000010e-14 1.600000000000000089e+00 8.432280089999999451e-01 1.600000000000000089e+00 5.985311680000000124e-05 1.600000000000000089e+00 9.416283279999999387e-08 1.600000000000000089e+00 2.416516979999999834e-05 1.600000000000000089e+00 1.308936349999999937e-13 1.600000000000000089e+00 8.381896030000000053e-01
1.610000000000000098e+00 2.209238020000000007e-03 1.610000000000000098e+00 1.086531290000000043e-04 1.610000000000000098e+00 1.591009119999999954e-03 1.610000000000000098e+00 7.001793699999999854e-15 1.610000000000000098e+00 6.940850259999999938e-01 1.610000000000000098e+00 1.739652190000000060e-03 1.610000000000000098e+00 2.297126060000000169e-05 1.610000000000000098e+00 9.985174839999999986e-04 1.610000000000000098e+00 1.518751329999999916e-14 1.610000000000000098e+00 7.810251590000000244e-01 1.610000000000000098e+00 1.169002020000000069e-03 1.610000000000000098e+00 6.585181569999999921e-06 1.610000000000000098e+00 6.131854429999999967e-04 1.610000000000000098e+00 3.029906059999999963e-14 1.610000000000000098e+00 7.579586130000000033e-01 1.610000000000000098e+00 6.910477750000000195e-04 1.610000000000000098e+00 2.466500919999999966e-06 1.610000000000000098e+00 3.401006049999999946e-04 1.610000000000000098e+00 6.160485749999999704e-14 1.610000000000000098e+00 7.396272720000000023e-01 1.610000000000000098e+00 3.710986799999999833e-04 1.610000000000000098e+00 8.506090080000000194e-07 1.610000000000000098e+00 1.767230219999999885e-04 1.610000000000000098e+00 1.243851499999999903e-13 1.610000000000000098e+00 7.286490559999999617e-01 1.610000000000000098e+00 1.000936509999999927e-03 1.610000000000000098e+00 4.370296289999999866e-05 1.610000000000000098e+00 5.126558810000000476e-04 1.610000000000000098e+00 9.646292140000000409e-15 1.610000000000000098e+00 7.988977919999999955e-01 1.610000000000000098e+00 5.554953610000000009e-04 1.610000000000000098e+00 7.910546310000000390e-06 1.610000000000000098e+00 2.409388909999999934e-04 1.610000000000000098e+00 1.678561140000000154e-14 1.610000000000000098e+00 8.584101100000000040e-01 1.610000000000000098e+00 2.637476559999999749e-04 1.610000000000000098e+00 1.710014690000000070e-06 1.610000000000000098e+00 1.091247079999999975e-04 1.610000000000000098e+00 3.331169709999999945e-14 1.610000000000000098e+00 8.529277219999999993e-01 1.610000000000000098e+00 1.254751109999999907e-04 1.610000000000000098e+00 3.983429579999999888e-07 1.610000000000000098e+00 5.144039590000000045e-05 1.610000000000000098e+00 6.600365109999999859e-14 1.610000000000000098e+00 8.432280089999999451e-01 1.610000000000000098e+00 6.053514250000000213e-05 1.610000000000000098e+00 9.684614530000000078e-08 1.610000000000000098e+00 2.476711300000000100e-05 1.610000000000000098e+00 1.309252219999999929e-13 1.610000000000000098e+00 8.381896030000000053e-01
1.620000000000000107e+00 2.211636030000000211e-03 1.620000000000000107e+00 1.093112689999999932e-04 1.620000000000000107e+00 1.613113569999999894e-03 1.620000000000000107e+00 7.002342790000000391e-15 1.620000000000000107e+00 6.940850259999999938e-01 1.620000000000000107e+00 1.745018299999999975e-03 1.620000000000000107e+00 2.331283509999999880e-05 1.620000000000000107e+00 1.015940950000000006e-03 1.620000000000000107e+00 1.518981730000000086e-14 1.620000000000000107e+00 7.810251590000000244e-01 1.620000000000000107e+00 1.175416510000000005e-03 1.620000000000000107e+00 6.702784170000000400e-06 1.620000000000000107e+00 6.249076239999999585e-04 1.620000000000000107e+00 3.030328860000000203e-14 1.620000000000000107e+00 7.579586130000000033e-01 1.620000000000000107e+00 6.962895259999999590e-04 1.620000000000000107e+00 2.515197979999999948e-06 1.620000000000000107e+00 3.470373349999999807e-04 1.620000000000000107e+00 6.161193909999999686e-14 1.620000000000000107e+00 7.396272720000000023e-01 1.620000000000000107e+00 3.743624909999999808e-04 1.620000000000000107e+00 8.676593449999999817e-07 1.620000000000000107e+00 1.804503459999999950e-04 1.620000000000000107e+00 1.243975610000000088e-13 1.620000000000000107e+00 7.286490559999999617e-01 1.620000000000000107e+00 1.006324160000000075e-03 1.620000000000000107e+00 4.447661960000000200e-05 1.620000000000000107e+00 5.226922629999999816e-04 1.620000000000000107e+00 9.647777579999999603e-15 1.620000000000000107e+00 7.988977919999999955e-01 1.620000000000000107e+00 5.602635659999999872e-04 1.620000000000000107e+00 8.115925789999999408e-06 1.620000000000000107e+00 2.465177269999999934e-04 1.620000000000000107e+00 1.678860429999999912e-14 1.620000000000000107e+00 8.584101100000000040e-01 1.620000000000000107e+00 2.664812579999999978e-04 1.620000000000000107e+00 1.758394969999999934e-06 1.620000000000000107e+00 1.117758660000000019e-04 1.620000000000000107e+00 3.331744689999999924e-14 1.620000000000000107e+00 8.529277219999999993e-01 1.620000000000000107e+00 1.268552870000000095e-04 1.620000000000000107e+00 4.096535249999999942e-07 1.620000000000000107e+00 5.270205249999999816e-05 1.620000000000000107e+00 6.601717540000000282e-14 1.620000000000000107e+00 8.432280089999999451e-01 1.620000000000000107e+00 6.121488560000000435e-05 1.620000000000000107e+00 9.958268560000000474e-08 1.620000000000000107e+00 2.537586499999999967e-05 1.620000000000000107e+00 1.309559459999999896e-13 1.620000000000000107e+00 8.381896030000000053e-01
1.629999999999999893e+00 2.213943510000000031e-03 1.629999999999999893e+00 1.099694249999999996e-04 1.629999999999999893e+00 1.635241539999999962e-03 1.629999999999999893e+00 7.002870040000000128e-15 1.629999999999999893e+00 6.940850259999999938e-01 1.629999999999999893e+00 1.750243779999999987e-03 1.629999999999999893e+00 2.365706749999999862e-05 1.629999999999999893e+00 1.033417380000000016e-03 1.629999999999999893e+00 1.519204530000000047e-14 1.629999999999999893e+00 7.810251590000000244e-01 1.629999999999999893e+00 1.181726340000000073e-03 1.629999999999999893e+00 6.821937889999999870e-06 1.629999999999999893e+00 6.366934249999999526e-04 1.629999999999999893e+00 3.030737650000000126e-14 1.629999999999999893e+00 7.579586130000000033e-01 1.629999999999999893e+00 7.014794619999999668e-04 1.629999999999999893e+00 2.564686270000000153e-06 1.629999999999999893e+00 3.540262229999999915e-04 1.629999999999999893e+00 6.161877259999999401e-14 1.629999999999999893e+00 7.396272720000000023e-01 1.629999999999999893e+00 3.776044340000000261e-04 1.629999999999999893e+00 8.849997259999999560e-07 1.629999999999999893e+00 1.842101989999999907e-04 1.629999999999999893e+00 1.244095149999999896e-13 1.629999999999999893e+00 7.286490559999999617e-01 1.629999999999999893e+00 1.011618250000000021e-03 1.629999999999999893e+00 4.525763509999999916e-05 1.629999999999999893e+00 5.327820529999999872e-04 1.629999999999999893e+00 9.649221220000000013e-15 1.629999999999999893e+00 7.988977919999999955e-01 1.629999999999999893e+00 5.649829609999999606e-04 1.629999999999999893e+00 8.324625769999999980e-06 1.629999999999999893e+00 2.521439999999999901e-04 1.629999999999999893e+00 1.679151439999999899e-14 1.629999999999999893e+00 8.584101100000000040e-01 1.629999999999999893e+00 2.691990720000000058e-04 1.629999999999999893e+00 1.807677630000000030e-06 1.629999999999999893e+00 1.144542800000000049e-04 1.629999999999999893e+00 3.332303559999999963e-14 1.629999999999999893e+00 8.529277219999999993e-01 1.629999999999999893e+00 1.282299099999999908e-04 1.629999999999999893e+00 4.211831490000000047e-07 1.629999999999999893e+00 5.397748310000000127e-05 1.629999999999999893e+00 6.603032729999999836e-14 1.629999999999999893e+00 8.432280089999999451e-01 1.629999999999999893e+00 6.189234439999999706e-05 1.629999999999999893e+00 1.023733829999999993e-07 1.629999999999999893e+00 2.599140309999999968e-05 1.629999999999999893e+00 1.309858310000000049e-13 1.629999999999999893e+00 8.381896030000000053e-01
1.639999999999999902e+00 2.216162990000000201e-03 1.639999999999999902e+00 1.106277170000000045e-04 1.639999999999999902e+00 1.657392140000000028e-03 1.639999999999999902e+00 7.003376119999999732e-15 1.639999999999999902e+00 6.940850259999999938e-01 1.639999999999999902e+00 1.755331830000000102e-03 1.639999999999999902e+00 2.400400490000000132e-05 1.639999999999999902e+00 1.050945370000000000e-03 1.639999999999999902e+00 1.519419970000000071e-14 1.639999999999999902e+00 7.810251590000000244e-01 1.639999999999999902e+00 1.187932870000000043e-03 1.639999999999999902e+00 6.942676769999999838e-06 1.639999999999999902e+00 6.485418060000000149e-04 1.639999999999999902e+00 3.031132870000000283e-14 1.639999999999999902e+00 7.579586130000000033e-01 1.639999999999999902e+00 7.066178439999999759e-04 1.639999999999999902e+00 2.614985669999999849e-06 1.639999999999999902e+00 3.610667529999999747e-04 1.639999999999999902e+00 6.162536519999999983e-14 1.639999999999999902e+00 7.396272720000000023e-01 1.639999999999999902e+00 3.808244960000000084e-04 1.639999999999999902e+00 9.026378240000000357e-07 1.639999999999999902e+00 1.880023620000000105e-04 1.639999999999999902e+00 1.244210249999999999e-13 1.639999999999999902e+00 7.286490559999999617e-01 1.639999999999999902e+00 1.016820120000000048e-03 1.639999999999999902e+00 4.604609109999999980e-05 1.639999999999999902e+00 5.429243209999999858e-04 1.639999999999999902e+00 9.650624079999999875e-15 1.639999999999999902e+00 7.988977919999999955e-01 1.639999999999999902e+00 5.696539419999999652e-04 1.639999999999999902e+00 8.536687509999999734e-06 1.639999999999999902e+00 2.578172249999999971e-04 1.639999999999999902e+00 1.679434370000000078e-14 1.639999999999999902e+00 8.584101100000000040e-01 1.639999999999999902e+00 2.719011429999999819e-04 1.639999999999999902e+00 1.857876000000000006e-06 1.639999999999999902e+00 1.171597950000000023e-04 1.639999999999999902e+00 3.332846730000000304e-14 1.639999999999999902e+00 8.529277219999999993e-01 1.639999999999999902e+00 1.295989810000000120e-04 1.639999999999999902e+00 4.329353929999999749e-07 1.639999999999999902e+00 5.526663220000000115e-05 1.639999999999999902e+00 6.604311660000000239e-14 1.639999999999999902e+00 8.432280089999999451e-01 1.639999999999999902e+00 6.256751729999999480e-05 1.639999999999999902e+00 1.052191910000000020e-07 1.639999999999999902e+00 2.661370430000000145e-05 1.639999999999999902e+00 1.310148999999999904e-13 1.639999999999999902e+00 8.381896030000000053e-01
1.649999999999999911e+00 2.218296910000000077e-03 1.649999999999999911e+00 1.112862669999999950e-04 1.649999999999999911e+00 1.679564510000000057e-03 1.649999999999999911e+00 7.003861669999999876e-15 1.649999999999999911e+00 6.940850259999999938e-01 1.649999999999999911e+00 1.760285579999999956e-03 1.649999999999999911e+00 2.435369530000000145e-05 1.649999999999999911e+00 1.068523569999999933e-03 1.649999999999999911e+00 1.519628270000000118e-14 1.649999999999999911e+00 7.810251590000000244e-01 1.649999999999999911e+00 1.194037459999999903e-03 1.649999999999999911e+00 7.065035810000000212e-06 1.649999999999999911e+00 6.604517420000000126e-04 1.649999999999999911e+00 3.031514930000000285e-14 1.649999999999999911e+00 7.579586130000000033e-01 1.649999999999999911e+00 7.117049320000000314e-04 1.649999999999999911e+00 2.666116739999999928e-06 1.649999999999999911e+00 3.681584089999999864e-04 1.649999999999999911e+00 6.163172410000000039e-14 1.649999999999999911e+00 7.396272720000000023e-01 1.649999999999999911e+00 3.840226690000000140e-04 1.649999999999999911e+00 9.205815890000000486e-07 1.649999999999999911e+00 1.918266160000000079e-04 1.649999999999999911e+00 1.244321049999999993e-13 1.649999999999999911e+00 7.286490559999999617e-01 1.649999999999999911e+00 1.021931050000000028e-03 1.649999999999999911e+00 4.684207110000000230e-05 1.649999999999999911e+00 5.531181519999999472e-04 1.649999999999999911e+00 9.651987140000000593e-15 1.649999999999999911e+00 7.988977919999999955e-01 1.649999999999999911e+00 5.742768989999999605e-04 1.649999999999999911e+00 8.752153310000000073e-06 1.649999999999999911e+00 2.635369189999999927e-04 1.649999999999999911e+00 1.679709410000000100e-14 1.649999999999999911e+00 8.584101100000000040e-01 1.649999999999999911e+00 2.745875170000000132e-04 1.649999999999999911e+00 1.909003759999999936e-06 1.649999999999999911e+00 1.198922509999999966e-04 1.649999999999999911e+00 3.333374589999999931e-14 1.649999999999999911e+00 8.529277219999999993e-01 1.649999999999999911e+00 1.309625030000000068e-04 1.649999999999999911e+00 4.449139149999999922e-07 1.649999999999999911e+00 5.656944419999999772e-05 1.649999999999999911e+00 6.605555259999999745e-14 1.649999999999999911e+00 8.432280089999999451e-01 1.649999999999999911e+00 6.324040280000000356e-05 1.649999999999999911e+00 1.081210919999999954e-07 1.649999999999999911e+00 2.724274579999999850e-05 1.649999999999999911e+00 1.310431750000000052e-13 1.649999999999999911e+00 8.381896030000000053e-01
1.659999999999999920e+00 2.220347619999999810e-03 1.659999999999999920e+00 1.119451930000000010e-04 1.659999999999999920e+00 1.701757809999999939e-03 1.659999999999999920e+00 7.004327299999999663e-15 1.659999999999999920e+00 6.940850259999999938e-01 1.659999999999999920e+00 1.765108060000000019e-03 1.659999999999999920e+00 2.470618769999999973e-05 1.659999999999999920e+00 1.086150649999999924e-03 1.659999999999999920e+00 1.519829650000000149e-14 1.659999999999999920e+00 7.810251590000000244e-01 1.659999999999999920e+00 1.200041439999999975e-03 1.659999999999999920e+00 7.189050939999999826e-06 1.659999999999999920e+00 6.724222199999999820e-04 1.659999999999999920e+00 3.031884230000000061e-14 1.659999999999999920e+00 7.579586130000000033e-01 1.659999999999999920e+00 7.167409899999999459e-04 1.659999999999999920e+00 2.718100730000000180e-06 1.659999999999999920e+00 3.753006810000000045e-04 1.659999999999999920e+00 6.163785599999999765e-14 1.659999999999999920e+00 7.396272720000000023e-01 1.659999999999999920e+00 3.871989429999999743e-04 1.659999999999999920e+00 9.388392689999999503e-07 1.659999999999999920e+00 1.956827419999999907e-04 1.659999999999999920e+00 1.244427659999999921e-13 1.659999999999999920e+00 7.286490559999999617e-01 1.659999999999999920e+00 1.026952330000000012e-03 1.659999999999999920e+00 4.764566040000000057e-05 1.659999999999999920e+00 5.633626430000000102e-04 1.659999999999999920e+00 9.653311340000000418e-15 1.659999999999999920e+00 7.988977919999999955e-01 1.659999999999999920e+00 5.788522200000000223e-04 1.659999999999999920e+00 8.971066570000000033e-06 1.659999999999999920e+00 2.693026039999999897e-04 1.659999999999999920e+00 1.679976779999999925e-14 1.659999999999999920e+00 8.584101100000000040e-01 1.659999999999999920e+00 2.772582369999999821e-04 1.659999999999999920e+00 1.961074930000000066e-06 1.659999999999999920e+00 1.226514929999999971e-04 1.659999999999999920e+00 3.333887500000000040e-14 1.659999999999999920e+00 8.529277219999999993e-01 1.659999999999999920e+00 1.323204769999999984e-04 1.659999999999999920e+00 4.571224700000000195e-07 1.659999999999999920e+00 5.788586370000000091e-05 1.659999999999999920e+00 6.606764430000000085e-14 1.659999999999999920e+00 8.432280089999999451e-01 1.659999999999999920e+00 6.391099940000000222e-05 1.659999999999999920e+00 1.110800949999999999e-07 1.659999999999999920e+00 2.787850469999999967e-05 1.659999999999999920e+00 1.310706759999999953e-13 1.659999999999999920e+00 8.381896030000000053e-01
1.669999999999999929e+00 2.222317399999999832e-03 1.669999999999999929e+00 1.126046129999999982e-04 1.669999999999999929e+00 1.723971199999999992e-03 1.669999999999999929e+00 7.004773619999999771e-15 1.669999999999999929e+00 6.940850259999999938e-01 1.669999999999999929e+00 1.769802189999999898e-03 1.669999999999999929e+00 2.506153130000000014e-05 1.669999999999999929e+00 1.103825300000000004e-03 1.669999999999999929e+00 1.520024330000000124e-14 1.669999999999999929e+00 7.810251590000000244e-01 1.669999999999999929e+00 1.205946100000000092e-03 1.669999999999999929e+00 7.314759079999999622e-06 1.669999999999999929e+00 6.844522400000000156e-04 1.669999999999999929e+00 3.032241170000000168e-14 1.669999999999999929e+00 7.579586130000000033e-01 1.669999999999999929e+00 7.217262789999999775e-04 1.669999999999999929e+00 2.770959650000000191e-06 1.669999999999999929e+00 3.824930600000000028e-04 1.669999999999999929e+00 6.164376749999999672e-14 1.669999999999999929e+00 7.396272720000000023e-01 1.669999999999999929e+00 3.903533120000000217e-04 1.669999999999999929e+00 9.574194200000000728e-07 1.669999999999999929e+00 1.995705219999999896e-04 1.669999999999999929e+00 1.244530190000000079e-13 1.669999999999999929e+00 7.286490559999999617e-01 1.669999999999999929e+00 1.031885200000000032e-03 1.669999999999999929e+00 4.845694599999999933e-05 1.669999999999999929e+00 5.736569040000000447e-04 1.669999999999999929e+00 9.654597620000000760e-15 1.669999999999999929e+00 7.988977919999999955e-01 1.669999999999999929e+00 5.833802840000000458e-04 1.669999999999999929e+00 9.193471760000000205e-06 1.669999999999999929e+00 2.751138059999999846e-04 1.669999999999999929e+00 1.680236660000000152e-14 1.669999999999999929e+00 8.584101100000000040e-01 1.669999999999999929e+00 2.799133479999999798e-04 1.669999999999999929e+00 2.014103889999999833e-06 1.669999999999999929e+00 1.254373640000000078e-04 1.669999999999999929e+00 3.334385839999999933e-14 1.669999999999999929e+00 8.529277219999999993e-01 1.669999999999999929e+00 1.336729079999999939e-04 1.669999999999999929e+00 4.695649120000000080e-07 1.669999999999999929e+00 5.921583530000000035e-05 1.669999999999999929e+00 6.607940049999999840e-14 1.669999999999999929e+00 8.432280089999999451e-01 1.669999999999999929e+00 6.457930600000000331e-05 1.669999999999999929e+00 1.140972389999999993e-07 1.669999999999999929e+00 2.852095819999999848e-05 1.669999999999999929e+00 1.310974240000000011e-13 1.669999999999999929e+00 8.381896030000000053e-01
1.679999999999999938e+00 2.224208420000000144e-03 1.679999999999999938e+00 1.132646410000000053e-04 1.679999999999999938e+00 1.746203889999999904e-03 1.679999999999999938e+00 7.005201190000000099e-15 1.679999999999999938e+00 6.940850259999999938e-01 1.679999999999999938e+00 1.774370850000000013e-03 1.679999999999999938e+00 2.541977669999999904e-05 1.679999999999999938e+00 1.121546269999999963e-03 1.679999999999999938e+00 1.520212510000000007e-14 1.679999999999999938e+00 7.810251590000000244e-01 1.679999999999999938e+00 1.211752759999999967e-03 1.679999999999999938e+00 7.442198190000000081e-06 1.679999999999999938e+00 6.965408160000000418e-04 1.679999999999999938e+00 3.032586109999999911e-14 1.679999999999999938e+00 7.579586130000000033e-01 1.679999999999999938e+00 7.266610650000000391e-04 1.679999999999999938e+00 2.824716270000000185e-06 1.679999999999999938e+00 3.897350380000000054e-04 1.679999999999999938e+00 6.164946510000000590e-14 1.679999999999999938e+00 7.396272720000000023e-01 1.679999999999999938e+00 3.934857730000000057e-04 1.679999999999999938e+00 9.763309170000001053e-07 1.679999999999999938e+00 2.034897349999999932e-04 1.679999999999999938e+00 1.244628769999999874e-13 1.679999999999999938e+00 7.286490559999999617e-01 1.679999999999999938e+00 1.036730879999999983e-03 1.679999999999999938e+00 4.927601709999999860e-05 1.679999999999999938e+00 5.840000559999999853e-04 1.679999999999999938e+00 9.655846879999999878e-15 1.679999999999999938e+00 7.988977919999999955e-01 1.679999999999999938e+00 5.878614670000000464e-04 1.679999999999999938e+00 9.419414519999999281e-06 1.679999999999999938e+00 2.809700530000000204e-04 1.679999999999999938e+00 1.680489230000000117e-14 1.679999999999999938e+00 8.584101100000000040e-01 1.679999999999999938e+00 2.825528959999999853e-04 1.679999999999999938e+00 2.068105399999999839e-06 1.679999999999999938e+00 1.282497080000000015e-04 1.679999999999999938e+00 3.334869950000000179e-14 1.679999999999999938e+00 8.529277219999999993e-01 1.679999999999999938e+00 1.350197969999999894e-04 1.679999999999999938e+00 4.822452009999999761e-07 1.679999999999999938e+00 6.055930340000000272e-05 1.679999999999999938e+00 6.609082960000000120e-14 1.679999999999999938e+00 8.432280089999999451e-01 1.679999999999999938e+00 6.524532140000000079e-05 1.679999999999999938e+00 1.171735909999999996e-07 1.679999999999999938e+00 2.917008320000000050e-05 1.679999999999999938e+00 1.311234389999999937e-13 1.679999999999999938e+00 8.381896030000000053e-01
1.689999999999999947e+00 2.226022820000000003e-03 1.689999999999999947e+00 1.139253919999999966e-04 1.689999999999999947e+00 1.768455109999999934e-03 1.689999999999999947e+00 7.005610539999999763e-15 1.689999999999999947e+00 6.940850259999999938e-01 1.689999999999999947e+00 1.778816820000000097e-03 1.689999999999999947e+00 2.578097480000000107e-05 1.689999999999999947e+00 1.139312310000000026e-03 1.689999999999999947e+00 1.520394390000000078e-14 1.689999999999999947e+00 7.810251590000000244e-01 1.689999999999999947e+00 1.217462670000000026e-03 1.689999999999999947e+00 7.571407270000000374e-06 1.689999999999999947e+00 7.086869730000000533e-04 1.689999999999999947e+00 3.032919420000000170e-14 1.689999999999999947e+00 7.579586130000000033e-01 1.689999999999999947e+00 7.315456120000000517e-04 1.689999999999999947e+00 2.879394159999999901e-06 1.689999999999999947e+00 3.970261140000000085e-04 1.689999999999999947e+00 6.165495479999999887e-14 1.689999999999999947e+00 7.396272720000000023e-01 1.689999999999999947e+00 3.965963229999999924e-04 1.689999999999999947e+00 9.955829759999999149e-07 1.689999999999999947e+00 2.074401640000000013e-04 1.689999999999999947e+00 1.244723510000000109e-13 1.689999999999999947e+00 7.286490559999999617e-01 1.689999999999999947e+00 1.041490589999999978e-03 1.689999999999999947e+00 5.010296430000000091e-05 1.689999999999999947e+00 5.943912350000000316e-04 1.689999999999999947e+00 9.657059970000000775e-15 1.689999999999999947e+00 7.988977919999999955e-01 1.689999999999999947e+00 5.922961389999999550e-04 1.689999999999999947e+00 9.648941619999999844e-06 1.689999999999999947e+00 2.868708800000000034e-04 1.689999999999999947e+00 1.680734660000000106e-14 1.689999999999999947e+00 8.584101100000000040e-01 1.689999999999999947e+00 2.851769229999999932e-04 1.689999999999999947e+00 2.123094579999999873e-06 1.689999999999999947e+00 1.310883700000000014e-04 1.689999999999999947e+00 3.335340179999999769e-14 1.689999999999999947e+00 8.529277219999999993e-01 1.689999999999999947e+00 1.363611479999999958e-04 1.689999999999999947e+00 4.951674029999999560e-07 1.689999999999999947e+00 6.191621280000000091e-05 1.689999999999999947e+00 6.610193959999999518e-14 1.689999999999999947e+00 8.432280089999999451e-01 1.689999999999999947e+00 6.590904459999999865e-05 1.689999999999999947e+00 1.203102510000000072e-07 1.689999999999999947e+00 2.982585689999999926e-05 1.689999999999999947e+00 1.311487400000000012e-13 1.689999999999999947e+00 8.381896030000000053e-01
1.699999999999999956e+00 2.227762629999999969e-03 1.699999999999999956e+00 1.145869770000000029e-04 1.699999999999999956e+00 1.790724100000000082e-03 1.699999999999999956e+00 7.006002210000000244e-15 1.699999999999999956e+00 6.940850259999999938e-01 1.699999999999999956e+00 1.783142809999999946e-03 1.699999999999999956e+00 2.614517769999999999e-05 1.699999999999999956e+00 1.157122210000000040e-03 1.699999999999999956e+00 1.520570159999999986e-14 1.699999999999999956e+00 7.810251590000000244e-01 1.699999999999999956e+00 1.223077099999999966e-03 1.699999999999999956e+00 7.702426410000000025e-06 1.699999999999999956e+00 7.208897509999999832e-04 1.699999999999999956e+00 3.033241449999999936e-14 1.699999999999999956e+00 7.579586130000000033e-01 1.699999999999999956e+00 7.363801860000000364e-04 1.699999999999999956e+00 2.935017700000000107e-06 1.699999999999999956e+00 4.043657840000000202e-04 1.699999999999999956e+00 6.166024269999999662e-14 1.699999999999999956e+00 7.396272720000000023e-01 1.699999999999999956e+00 3.996849639999999738e-04 1.699999999999999956e+00 1.015185159999999993e-06 1.699999999999999956e+00 2.114215889999999985e-04 1.699999999999999956e+00 1.244814499999999946e-13 1.699999999999999956e+00 7.286490559999999617e-01 1.699999999999999956e+00 1.046165479999999976e-03 1.699999999999999956e+00 5.093788039999999731e-05 1.699999999999999956e+00 6.048295850000000263e-04 1.699999999999999956e+00 9.658237750000000141e-15 1.699999999999999956e+00 7.988977919999999955e-01 1.699999999999999956e+00 5.966846670000000401e-04 1.699999999999999956e+00 9.882101059999999829e-06 1.699999999999999956e+00 2.928158220000000029e-04 1.699999999999999956e+00 1.680973130000000086e-14 1.699999999999999956e+00 8.584101100000000040e-01 1.699999999999999956e+00 2.877854749999999824e-04 1.699999999999999956e+00 2.179086979999999805e-06 1.699999999999999956e+00 1.339531950000000032e-04 1.699999999999999956e+00 3.335796840000000224e-14 1.699999999999999956e+00 8.529277219999999993e-01 1.699999999999999956e+00 1.376969640000000013e-04 1.699999999999999956e+00 5.083356959999999625e-07 1.699999999999999956e+00 6.328650790000000159e-05 1.699999999999999956e+00 6.611273860000000098e-14 1.699999999999999956e+00 8.432280089999999451e-01 1.699999999999999956e+00 6.657047460000000089e-05 1.699999999999999956e+00 1.235083499999999957e-07 1.699999999999999956e+00 3.048825640000000020e-05 1.699999999999999956e+00 1.311733439999999891e-13 1.699999999999999956e+00 8.381896030000000053e-01
1.709999999999999964e+00 2.229429839999999899e-03 1.709999999999999964e+00 1.152495070000000008e-04 1.709999999999999964e+00 1.813010120000000053e-03 1.709999999999999964e+00 7.006376699999999873e-15 1.709999999999999964e+00 6.940850259999999938e-01 1.709999999999999964e+00 1.787351449999999894e-03 1.709999999999999964e+00 2.651243820000000098e-05 1.709999999999999964e+00 1.174974779999999989e-03 1.709999999999999964e+00 1.520739990000000018e-14 1.709999999999999964e+00 7.810251590000000244e-01 1.709999999999999964e+00 1.228597269999999898e-03 1.709999999999999964e+00 7.835296840000000577e-06 1.709999999999999964e+00 7.331482010000000453e-04 1.709999999999999964e+00 3.033552550000000092e-14 1.709999999999999964e+00 7.579586130000000033e-01 1.709999999999999964e+00 7.411650530000000146e-04 1.709999999999999964e+00 2.991612189999999830e-06 1.709999999999999964e+00 4.117535520000000166e-04 1.709999999999999964e+00 6.166533439999999814e-14 1.709999999999999964e+00 7.396272720000000023e-01 1.709999999999999964e+00 4.027516979999999961e-04 1.709999999999999964e+00 1.035147419999999907e-06 1.709999999999999964e+00 2.154337899999999965e-04 1.709999999999999964e+00 1.244901870000000056e-13 1.709999999999999964e+00 7.286490559999999617e-01 1.709999999999999964e+00 1.050756709999999894e-03 1.709999999999999964e+00 5.178086009999999971e-05 1.709999999999999964e+00 6.153142649999999688e-04 1.709999999999999964e+00 9.659381039999999406e-15 1.709999999999999964e+00 7.988977919999999955e-01 1.709999999999999964e+00 6.010274099999999512e-04 1.709999999999999964e+00 1.011894200000000053e-05 1.709999999999999964e+00 2.988044210000000058e-04 1.709999999999999964e+00 1.681204820000000024e-14 1.709999999999999964e+00 8.584101100000000040e-01 1.709999999999999964e+00 2.903785959999999940e-04 1.709999999999999964e+00 2.236098530000000033e-06 1.709999999999999964e+00 1.368440280000000030e-04 1.709999999999999964e+00 3.336240270000000221e-14 1.709999999999999964e+00 8.529277219999999993e-01 1.709999999999999964e+00 1.390272479999999939e-04 1.709999999999999964e+00 5.217543750000000117e-07 1.709999999999999964e+00 6.467013360000000268e-05 1.709999999999999964e+00 6.612323399999999833e-14 1.709999999999999964e+00 8.432280089999999451e-01 1.709999999999999964e+00 6.722961069999999946e-05 1.709999999999999964e+00 1.267690539999999991e-07 1.709999999999999964e+00 3.115725879999999861e-05 1.709999999999999964e+00 1.311972710000000042e-13 1.709999999999999964e+00 8.381896030000000053e-01
1.719999999999999973e+00 2.231026359999999965e-03 1.719999999999999973e+00 1.159130919999999980e-04 1.719999999999999973e+00 1.835312460000000081e-03 1.719999999999999973e+00 7.006734490000000143e-15 1.719999999999999973e+00 6.940850259999999938e-01 1.719999999999999973e+00 1.791445289999999942e-03 1.719999999999999973e+00 2.688280989999999857e-05 1.719999999999999973e+00 1.192868849999999996e-03 1.719999999999999973e+00 1.520904070000000138e-14 1.719999999999999973e+00 7.810251590000000244e-01 1.719999999999999973e+00 1.234024420000000071e-03 1.719999999999999973e+00 7.970060960000000829e-06 1.719999999999999973e+00 7.454613859999999724e-04 1.719999999999999973e+00 3.033853019999999953e-14 1.719999999999999973e+00 7.579586130000000033e-01 1.719999999999999973e+00 7.459004809999999997e-04 1.719999999999999973e+00 3.049203789999999945e-06 1.719999999999999973e+00 4.191889199999999818e-04 1.719999999999999973e+00 6.167023559999999924e-14 1.719999999999999973e+00 7.396272720000000023e-01 1.719999999999999973e+00 4.057965289999999892e-04 1.719999999999999973e+00 1.055480059999999978e-06 1.719999999999999973e+00 2.194765499999999951e-04 1.719999999999999973e+00 1.244985699999999920e-13 1.719999999999999973e+00 7.286490559999999617e-01 1.719999999999999973e+00 1.055265409999999989e-03 1.719999999999999973e+00 5.263200009999999848e-05 1.719999999999999973e+00 6.258444440000000353e-04 1.719999999999999973e+00 9.660490630000000004e-15 1.719999999999999973e+00 7.988977919999999955e-01 1.719999999999999973e+00 6.053247249999999966e-04 1.719999999999999973e+00 1.035951510000000065e-05 1.719999999999999973e+00 3.048362189999999990e-04 1.719999999999999973e+00 1.681429869999999895e-14 1.719999999999999973e+00 8.584101100000000040e-01 1.719999999999999973e+00 2.929563280000000228e-04 1.719999999999999973e+00 2.294145590000000188e-06 1.719999999999999973e+00 1.397607149999999926e-04 1.719999999999999973e+00 3.336670780000000020e-14 1.719999999999999973e+00 8.529277219999999993e-01 1.719999999999999973e+00 1.403520040000000118e-04 1.719999999999999973e+00 5.354278500000000070e-07 1.719999999999999973e+00 6.606703450000000056e-05 1.719999999999999973e+00 6.613343320000000483e-14 1.719999999999999973e+00 8.432280089999999451e-01 1.719999999999999973e+00 6.788645209999999485e-05 1.719999999999999973e+00 1.300935619999999995e-07 1.719999999999999973e+00 3.183284099999999665e-05 1.719999999999999973e+00 1.312205359999999997e-13 1.719999999999999973e+00 8.381896030000000053e-01
1.729999999999999982e+00 2.232554040000000149e-03 1.729999999999999982e+00 1.165778410000000060e-04 1.729999999999999982e+00 1.857630419999999928e-03 1.729999999999999982e+00 7.007076060000000177e-15 1.729999999999999982e+00 6.940850259999999938e-01 1.729999999999999982e+00 1.795426830000000076e-03 1.729999999999999982e+00 2.725634749999999849e-05 1.729999999999999982e+00 1.210803309999999942e-03 1.729999999999999982e+00 1.521062570000000000e-14 1.729999999999999982e+00 7.810251590000000244e-01 1.729999999999999982e+00 1.239359729999999892e-03 1.729999999999999982e+00 8.106762369999999696e-06 1.729999999999999982e+00 7.578283829999999830e-04 1.729999999999999982e+00 3.034143200000000089e-14 1.729999999999999982e+00 7.579586130000000033e-01 1.729999999999999982e+00 7.505867350000000170e-04 1.729999999999999982e+00 3.107819639999999798e-06 1.729999999999999982e+00 4.266713969999999805e-04 1.729999999999999982e+00 6.167495180000000210e-14 1.729999999999999982e+00 7.396272720000000023e-01 1.729999999999999982e+00 4.088194629999999832e-04 1.729999999999999982e+00 1.076193819999999991e-06 1.729999999999999982e+00 2.235496480000000099e-04 1.729999999999999982e+00 1.245066089999999899e-13 1.729999999999999982e+00 7.286490559999999617e-01 1.729999999999999982e+00 1.059692689999999944e-03 1.729999999999999982e+00 5.349139920000000134e-05 1.729999999999999982e+00 6.364193020000000331e-04 1.729999999999999982e+00 9.661567320000000215e-15 1.729999999999999982e+00 7.988977919999999955e-01 1.729999999999999982e+00 6.095769619999999705e-04 1.729999999999999982e+00 1.060387190000000037e-05 1.729999999999999982e+00 3.109107649999999956e-04 1.729999999999999982e+00 1.681648439999999987e-14 1.729999999999999982e+00 8.584101100000000040e-01 1.729999999999999982e+00 2.955187159999999973e-04 1.729999999999999982e+00 2.353244959999999802e-06 1.729999999999999982e+00 1.427031029999999872e-04 1.729999999999999982e+00 3.337088659999999884e-14 1.729999999999999982e+00 8.529277219999999993e-01 1.729999999999999982e+00 1.416712349999999887e-04 1.729999999999999982e+00 5.493606589999999988e-07 1.729999999999999982e+00 6.747715529999999667e-05 1.729999999999999982e+00 6.614334350000000339e-14 1.729999999999999982e+00 8.432280089999999451e-01 1.729999999999999982e+00 6.854099810000000611e-05 1.729999999999999982e+00 1.334831090000000032e-07 1.729999999999999982e+00 3.251498019999999803e-05 1.729999999999999982e+00 1.312431559999999914e-13 1.729999999999999982e+00 8.381896030000000053e-01
1.739999999999999991e+00 2.234014659999999843e-03 1.739999999999999991e+00 1.172438589999999986e-04 1.739999999999999991e+00 1.879963319999999926e-03 1.739999999999999991e+00 7.007401849999999897e-15 1.739999999999999991e+00 6.940850259999999938e-01 1.739999999999999991e+00 1.799298499999999910e-03 1.739999999999999991e+00 2.763310649999999919e-05 1.739999999999999991e+00 1.228777020000000044e-03 1.739999999999999991e+00 1.521215649999999892e-14 1.739999999999999991e+00 7.810251590000000244e-01 1.739999999999999991e+00 1.244604380000000066e-03 1.739999999999999991e+00 8.245445950000000740e-06 1.739999999999999991e+00 7.702482790000000391e-04 1.739999999999999991e+00 3.034423400000000129e-14 1.739999999999999991e+00 7.579586130000000033e-01 1.739999999999999991e+00 7.552240849999999634e-04 1.739999999999999991e+00 3.167487849999999926e-06 1.739999999999999991e+00 4.342004920000000229e-04 1.739999999999999991e+00 6.167948809999999633e-14 1.739999999999999991e+00 7.396272720000000023e-01 1.739999999999999991e+00 4.118205089999999965e-04 1.739999999999999991e+00 1.097299859999999981e-06 1.739999999999999991e+00 2.276528659999999904e-04 1.739999999999999991e+00 1.245143140000000100e-13 1.739999999999999991e+00 7.286490559999999617e-01 1.739999999999999991e+00 1.064039610000000078e-03 1.739999999999999991e+00 5.435915820000000124e-05 1.739999999999999991e+00 6.470380300000000504e-04 1.739999999999999991e+00 9.662611839999999908e-15 1.739999999999999991e+00 7.988977919999999955e-01 1.739999999999999991e+00 6.137844670000000081e-04 1.739999999999999991e+00 1.085206559999999955e-05 1.739999999999999991e+00 3.170276090000000049e-04 1.739999999999999991e+00 1.681860689999999954e-14 1.739999999999999991e+00 8.584101100000000040e-01 1.739999999999999991e+00 2.980658030000000167e-04 1.739999999999999991e+00 2.413413889999999827e-06 1.739999999999999991e+00 1.456710390000000017e-04 1.739999999999999991e+00 3.337494200000000076e-14 1.739999999999999991e+00 8.529277219999999993e-01 1.739999999999999991e+00 1.429849439999999940e-04 1.739999999999999991e+00 5.635574659999999651e-07 1.739999999999999991e+00 6.890044079999999742e-05 1.739999999999999991e+00 6.615297159999999596e-14 1.739999999999999991e+00 8.432280089999999451e-01 1.739999999999999991e+00 6.919324840000000464e-05 1.739999999999999991e+00 1.369389689999999996e-07 1.739999999999999991e+00 3.320365330000000153e-05 1.739999999999999991e+00 1.312651470000000016e-13 1.739999999999999991e+00 8.381896030000000053e-01
1.750000000000000000e+00 2.235409959999999901e-03 1.750000000000000000e+00 1.179112540000000047e-04 1.750000000000000000e+00 1.902310489999999932e-03 1.750000000000000000e+00 7.007712300000000013e-15 1.750000000000000000e+00 6.940850259999999938e-01 1.750000000000000000e+00 1.803062650000000029e-03 1.750000000000000000e+00 2.801314350000000018e-05 1.750000000000000000e+00 1.246788919999999986e-03 1.750000000000000000e+00 1.521363480000000097e-14 1.750000000000000000e+00 7.810251590000000244e-01 1.750000000000000000e+00 1.249759559999999957e-03 1.750000000000000000e+00 8.386157850000000480e-06 1.750000000000000000e+00 7.827201719999999502e-04 1.750000000000000000e+00 3.034693900000000022e-14 1.750000000000000000e+00 7.579586130000000033e-01 1.750000000000000000e+00 7.598127989999999606e-04 1.750000000000000000e+00 3.228237560000000156e-06 1.750000000000000000e+00 4.417757169999999992e-04 1.750000000000000000e+00 6.168384980000000306e-14 1.750000000000000000e+00 7.396272720000000023e-01 1.750000000000000000e+00 4.147996769999999890e-04 1.750000000000000000e+00 1.118809760000000027e-06 1.750000000000000000e+00 2.317859849999999986e-04 1.750000000000000000e+00 1.245216939999999939e-13 1.750000000000000000e+00 7.286490559999999617e-01 1.750000000000000000e+00 1.068307249999999979e-03 1.750000000000000000e+00 5.523537989999999671e-05 1.750000000000000000e+00 6.576998300000000235e-04 1.750000000000000000e+00 9.663624940000000524e-15 1.750000000000000000e+00 7.988977919999999955e-01 1.750000000000000000e+00 6.179475789999999474e-04 1.750000000000000000e+00 1.110415070000000065e-05 1.750000000000000000e+00 3.231863060000000161e-04 1.750000000000000000e+00 1.682066770000000085e-14 1.750000000000000000e+00 8.584101100000000040e-01 1.750000000000000000e+00 3.005976310000000218e-04 1.750000000000000000e+00 2.474670069999999847e-06 1.750000000000000000e+00 1.486643690000000011e-04 1.750000000000000000e+00 3.337887690000000229e-14 1.750000000000000000e+00 8.529277219999999993e-01 1.750000000000000000e+00 1.442931360000000078e-04 1.750000000000000000e+00 5.780230690000000522e-07 1.750000000000000000e+00 7.033683579999999572e-05 1.750000000000000000e+00 6.616232440000000339e-14 1.750000000000000000e+00 8.432280089999999451e-01 1.750000000000000000e+00 6.984320240000000096e-05 1.750000000000000000e+00 1.404624549999999869e-07 1.750000000000000000e+00 3.389883750000000068e-05 1.750000000000000000e+00 1.312865250000000023e-13 1.750000000000000000e+00 8.381896030000000053e-01
1.760000000000000009e+00 2.236741600000000194e-03 1.760000000000000009e+00 1.185801300000000020e-04 1.760000000000000009e+00 1.924671300000000080e-03 1.760000000000000009e+00 7.008007839999999657e-15 1.760000000000000009e+00 6.940850259999999938e-01 1.760000000000000009e+00 1.806721579999999916e-03 1.760000000000000009e+00 2.839651599999999868e-05 1.760000000000000009e+00 1.264837929999999963e-03 1.760000000000000009e+00 1.521506199999999961e-14 1.760000000000000009e+00 7.810251590000000244e-01 1.760000000000000009e+00 1.254826400000000038e-03 1.760000000000000009e+00 8.528945580000000368e-06 1.760000000000000009e+00 7.952431750000000079e-04 1.760000000000000009e+00 3.034954999999999713e-14 1.760000000000000009e+00 7.579586130000000033e-01 1.760000000000000009e+00 7.643531430000000300e-04 1.760000000000000009e+00 3.290099010000000068e-06 1.760000000000000009e+00 4.493965870000000040e-04 1.760000000000000009e+00 6.168804169999999618e-14 1.760000000000000009e+00 7.396272720000000023e-01 1.760000000000000009e+00 4.177569780000000253e-04 1.760000000000000009e+00 1.140735599999999904e-06 1.760000000000000009e+00 2.359487870000000112e-04 1.760000000000000009e+00 1.245287590000000030e-13 1.760000000000000009e+00 7.286490559999999617e-01 1.760000000000000009e+00 1.072496640000000084e-03 1.760000000000000009e+00 5.612016960000000337e-05 1.760000000000000009e+00 6.684039139999999567e-04 1.760000000000000009e+00 9.664607330000000358e-15 1.760000000000000009e+00 7.988977919999999955e-01 1.760000000000000009e+00 6.220666339999999638e-04 1.760000000000000009e+00 1.136018310000000020e-05 1.760000000000000009e+00 3.293864140000000063e-04 1.760000000000000009e+00 1.682266810000000042e-14 1.760000000000000009e+00 8.584101100000000040e-01 1.760000000000000009e+00 3.031142420000000073e-04 1.760000000000000009e+00 2.537031710000000063e-06 1.760000000000000009e+00 1.516829409999999963e-04 1.760000000000000009e+00 3.338269410000000292e-14 1.760000000000000009e+00 8.529277219999999993e-01 1.760000000000000009e+00 1.455958139999999909e-04 1.760000000000000009e+00 5.927624010000000494e-07 1.760000000000000009e+00 7.178628509999999800e-05 1.760000000000000009e+00 6.617140820000000245e-14 1.760000000000000009e+00 8.432280089999999451e-01 1.760000000000000009e+00 7.049085970000000209e-05 1.760000000000000009e+00 1.440549200000000028e-07 1.760000000000000009e+00 3.460050970000000105e-05 1.760000000000000009e+00 1.313073049999999971e-13 1.760000000000000009e+00 8.381896030000000053e-01
1.770000000000000018e+00 2.238011209999999848e-03 1.770000000000000018e+00 1.192505920000000045e-04 1.770000000000000018e+00 1.947045120000000067e-03 1.770000000000000018e+00 7.008288870000000336e-15 1.770000000000000018e+00 6.940850259999999938e-01 1.770000000000000018e+00 1.810277529999999944e-03 1.770000000000000018e+00 2.878328239999999988e-05 1.770000000000000018e+00 1.282923010000000009e-03 1.770000000000000018e+00 1.521643980000000083e-14 1.770000000000000018e+00 7.810251590000000244e-01 1.770000000000000018e+00 1.259806040000000090e-03 1.770000000000000018e+00 8.673858049999999314e-06 1.770000000000000018e+00 8.078164100000000342e-04 1.770000000000000018e+00 3.035206979999999785e-14 1.770000000000000018e+00 7.579586130000000033e-01 1.770000000000000018e+00 7.688453879999999560e-04 1.770000000000000018e+00 3.353103559999999919e-06 1.770000000000000018e+00 4.570626190000000159e-04 1.770000000000000018e+00 6.169206869999999691e-14 1.770000000000000018e+00 7.396272720000000023e-01 1.770000000000000018e+00 4.206924269999999912e-04 1.770000000000000018e+00 1.163089940000000068e-06 1.770000000000000018e+00 2.401410520000000126e-04 1.770000000000000018e+00 1.245355159999999919e-13 1.770000000000000018e+00 7.286490559999999617e-01 1.770000000000000018e+00 1.076608800000000005e-03 1.770000000000000018e+00 5.701363460000000177e-05 1.770000000000000018e+00 6.791495060000000234e-04 1.770000000000000018e+00 9.665559719999999282e-15 1.770000000000000018e+00 7.988977919999999955e-01 1.770000000000000018e+00 6.261419640000000317e-04 1.770000000000000018e+00 1.162022020000000058e-05 1.770000000000000018e+00 3.356274929999999990e-04 1.770000000000000018e+00 1.682460970000000110e-14 1.770000000000000018e+00 8.584101100000000040e-01 1.770000000000000018e+00 3.056156800000000141e-04 1.770000000000000018e+00 2.600517490000000049e-06 1.770000000000000018e+00 1.547266029999999984e-04 1.770000000000000018e+00 3.338639620000000219e-14 1.770000000000000018e+00 8.529277219999999993e-01 1.770000000000000018e+00 1.468929830000000047e-04 1.770000000000000018e+00 6.077805409999999576e-07 1.770000000000000018e+00 7.324873369999999363e-05 1.770000000000000018e+00 6.618022940000000462e-14 1.770000000000000018e+00 8.432280089999999451e-01 1.770000000000000018e+00 7.113622020000000300e-05 1.770000000000000018e+00 1.477177569999999917e-07 1.770000000000000018e+00 3.530864699999999791e-05 1.770000000000000018e+00 1.313275000000000026e-13 1.770000000000000018e+00 8.381896030000000053e-01
1.780000000000000027e+00 2.239220350000000002e-03 1.780000000000000027e+00 1.199227419999999978e-04 1.780000000000000027e+00 1.969431330000000202e-03 1.780000000000000027e+00 7.008555789999999611e-15 1.780000000000000027e+00 6.940850259999999938e-01 1.780000000000000027e+00 1.813732659999999939e-03 1.780000000000000027e+00 2.917350219999999980e-05 1.780000000000000027e+00 1.301043140000000082e-03 1.780000000000000027e+00 1.521776950000000124e-14 1.780000000000000027e+00 7.810251590000000244e-01 1.780000000000000027e+00 1.264699590000000016e-03 1.780000000000000027e+00 8.820945619999999581e-06 1.780000000000000027e+00 8.204390090000000281e-04 1.780000000000000027e+00 3.035450120000000186e-14 1.780000000000000027e+00 7.579586130000000033e-01 1.780000000000000027e+00 7.732898009999999728e-04 1.780000000000000027e+00 3.417283740000000185e-06 1.780000000000000027e+00 4.647733349999999932e-04 1.780000000000000027e+00 6.169593560000000437e-14 1.780000000000000027e+00 7.396272720000000023e-01 1.780000000000000027e+00 4.236060379999999933e-04 1.780000000000000027e+00 1.185885850000000073e-06 1.780000000000000027e+00 2.443625620000000067e-04 1.780000000000000027e+00 1.245419749999999965e-13 1.780000000000000027e+00 7.286490559999999617e-01 1.780000000000000027e+00 1.080644709999999944e-03 1.780000000000000027e+00 5.791588449999999984e-05 1.780000000000000027e+00 6.899358360000000480e-04 1.780000000000000027e+00 9.666482780000000332e-15 1.780000000000000027e+00 7.988977919999999955e-01 1.780000000000000027e+00 6.301738920000000532e-04 1.780000000000000027e+00 1.188432070000000000e-05 1.780000000000000027e+00 3.419091079999999976e-04 1.780000000000000027e+00 1.682649369999999954e-14 1.780000000000000027e+00 8.584101100000000040e-01 1.780000000000000027e+00 3.081019839999999950e-04 1.780000000000000027e+00 2.665146600000000173e-06 1.780000000000000027e+00 1.577952039999999873e-04 1.780000000000000027e+00 3.338998579999999963e-14 1.780000000000000027e+00 8.529277219999999993e-01 1.780000000000000027e+00 1.481846449999999870e-04 1.780000000000000027e+00 6.230827139999999898e-07 1.780000000000000027e+00 7.472412640000000261e-05 1.780000000000000027e+00 6.618879399999999618e-14 1.780000000000000027e+00 8.432280089999999451e-01 1.780000000000000027e+00 7.177928349999999718e-05 1.780000000000000027e+00 1.514524069999999926e-07 1.780000000000000027e+00 3.602322650000000010e-05 1.780000000000000027e+00 1.313471259999999906e-13 1.780000000000000027e+00 8.381896030000000053e-01
1.790000000000000036e+00 2.240370529999999825e-03 1.790000000000000036e+00 1.205966839999999998e-04 1.790000000000000036e+00 1.991829330000000065e-03 1.790000000000000036e+00 7.008808989999999778e-15 1.790000000000000036e+00 6.940850259999999938e-01 1.790000000000000036e+00 1.817089100000000065e-03 1.790000000000000036e+00 2.956723630000000040e-05 1.790000000000000036e+00 1.319197330000000017e-03 1.790000000000000036e+00 1.521905260000000058e-14 1.790000000000000036e+00 7.810251590000000244e-01 1.790000000000000036e+00 1.269508140000000012e-03 1.790000000000000036e+00 8.970260109999999833e-06 1.790000000000000036e+00 8.331101180000000410e-04 1.790000000000000036e+00 3.035684680000000239e-14 1.790000000000000036e+00 7.579586130000000033e-01 1.790000000000000036e+00 7.776866489999999894e-04 1.790000000000000036e+00 3.482673319999999910e-06 1.790000000000000036e+00 4.725282570000000027e-04 1.790000000000000036e+00 6.169964680000000516e-14 1.790000000000000036e+00 7.396272720000000023e-01 1.790000000000000036e+00 4.264978300000000101e-04 1.790000000000000036e+00 1.209136939999999951e-06 1.790000000000000036e+00 2.486130999999999931e-04 1.790000000000000036e+00 1.245481429999999967e-13 1.790000000000000036e+00 7.286490559999999617e-01 1.790000000000000036e+00 1.084605370000000027e-03 1.790000000000000036e+00 5.882703110000000080e-05 1.790000000000000036e+00 7.007621490000000113e-04 1.790000000000000036e+00 9.667377180000000230e-15 1.790000000000000036e+00 7.988977919999999955e-01 1.790000000000000036e+00 6.341627400000000424e-04 1.790000000000000036e+00 1.215254510000000066e-05 1.790000000000000036e+00 3.482308269999999937e-04 1.790000000000000036e+00 1.682832139999999864e-14 1.790000000000000036e+00 8.584101100000000040e-01 1.790000000000000036e+00 3.105731979999999909e-04 1.790000000000000036e+00 2.730938780000000043e-06 1.790000000000000036e+00 1.608885920000000013e-04 1.790000000000000036e+00 3.339346550000000107e-14 1.790000000000000036e+00 8.529277219999999993e-01 1.790000000000000036e+00 1.494708059999999951e-04 1.790000000000000036e+00 6.386742989999999650e-07 1.790000000000000036e+00 7.621240820000000076e-05 1.790000000000000036e+00 6.619710809999999814e-14 1.790000000000000036e+00 8.432280089999999451e-01 1.790000000000000036e+00 7.242004959999999816e-05 1.790000000000000036e+00 1.552603530000000119e-07 1.790000000000000036e+00 3.674422500000000140e-05 1.790000000000000036e+00 1.313661950000000094e-13 1.790000000000000036e+00 8.381896030000000053e-01
1.800000000000000044e+00 2.241463219999999951e-03 1.800000000000000044e+00 1.212725190000000001e-04 1.800000000000000044e+00 2.014238550000000197e-03 1.800000000000000044e+00 7.009048839999999983e-15 1.800000000000000044e+00 6.940850259999999938e-01 1.800000000000000044e+00 1.820348909999999895e-03 1.800000000000000044e+00 2.996454619999999988e-05 1.800000000000000044e+00 1.337384600000000043e-03 1.800000000000000044e+00 1.522029039999999860e-14 1.800000000000000044e+00 7.810251590000000244e-01 1.800000000000000044e+00 1.274232799999999981e-03 1.800000000000000044e+00 9.121854939999999456e-06 1.800000000000000044e+00 8.458288919999999798e-04 1.800000000000000044e+00 3.035910919999999896e-14 1.800000000000000044e+00 7.579586130000000033e-01 1.800000000000000044e+00 7.820362020000000110e-04 1.800000000000000044e+00 3.549307360000000068e-06 1.800000000000000044e+00 4.803269099999999910e-04 1.800000000000000044e+00 6.170320690000000475e-14 1.800000000000000044e+00 7.396272720000000023e-01 1.800000000000000044e+00 4.293678199999999734e-04 1.800000000000000044e+00 1.232857399999999929e-06 1.800000000000000044e+00 2.528924460000000107e-04 1.800000000000000044e+00 1.245540290000000099e-13 1.800000000000000044e+00 7.286490559999999617e-01 1.800000000000000044e+00 1.088491710000000006e-03 1.800000000000000044e+00 5.974718869999999786e-05 1.800000000000000044e+00 7.116276959999999789e-04 1.800000000000000044e+00 9.668243570000000439e-15 1.800000000000000044e+00 7.988977919999999955e-01 1.800000000000000044e+00 6.381088230000000420e-04 1.800000000000000044e+00 1.242495540000000047e-05 1.800000000000000044e+00 3.545922210000000208e-04 1.800000000000000044e+00 1.683009420000000132e-14 1.800000000000000044e+00 8.584101100000000040e-01 1.800000000000000044e+00 3.130293600000000126e-04 1.800000000000000044e+00 2.797914300000000131e-06 1.800000000000000044e+00 1.640066180000000122e-04 1.800000000000000044e+00 3.339683769999999978e-14 1.800000000000000044e+00 8.529277219999999993e-01 1.800000000000000044e+00 1.507514679999999939e-04 1.800000000000000044e+00 6.545608339999999610e-07 1.800000000000000044e+00 7.771352419999999603e-05 1.800000000000000044e+00 6.620517740000000630e-14 1.800000000000000044e+00 8.432280089999999451e-01 1.800000000000000044e+00 7.305851840000000092e-05 1.800000000000000044e+00 1.591431290000000025e-07 1.800000000000000044e+00 3.747161980000000034e-05 1.800000000000000044e+00 1.313847209999999935e-13 1.800000000000000044e+00 8.381896030000000053e-01
1.810000000000000053e+00 2.242499849999999868e-03 1.810000000000000053e+00 1.219503480000000016e-04 1.810000000000000053e+00 2.036658409999999881e-03 1.810000000000000053e+00 7.009275700000000159e-15 1.810000000000000053e+00 6.940850259999999938e-01 1.810000000000000053e+00 1.823514100000000072e-03 1.810000000000000053e+00 3.036549470000000074e-05 1.810000000000000053e+00 1.355603990000000094e-03 1.810000000000000053e+00 1.522148430000000138e-14 1.810000000000000053e+00 7.810251590000000244e-01 1.810000000000000053e+00 1.278874610000000104e-03 1.810000000000000053e+00 9.275785120000000429e-06 1.810000000000000053e+00 8.585944980000000289e-04 1.810000000000000053e+00 3.036129099999999742e-14 1.810000000000000053e+00 7.579586130000000033e-01 1.810000000000000053e+00 7.863387259999999506e-04 1.810000000000000053e+00 3.617222280000000211e-06 1.810000000000000053e+00 4.881688239999999930e-04 1.810000000000000053e+00 6.170662020000000552e-14 1.810000000000000053e+00 7.396272720000000023e-01 1.810000000000000053e+00 4.322160280000000203e-04 1.810000000000000053e+00 1.257062010000000047e-06 1.810000000000000053e+00 2.572003840000000011e-04 1.810000000000000053e+00 1.245596410000000092e-13 1.810000000000000053e+00 7.286490559999999617e-01 1.810000000000000053e+00 1.092304679999999990e-03 1.810000000000000053e+00 6.067647410000000138e-05 1.810000000000000053e+00 7.225317389999999724e-04 1.810000000000000053e+00 9.669082569999999268e-15 1.810000000000000053e+00 7.988977919999999955e-01 1.810000000000000053e+00 6.420124520000000017e-04 1.810000000000000053e+00 1.270161509999999979e-05 1.810000000000000053e+00 3.609928620000000003e-04 1.810000000000000053e+00 1.683181330000000104e-14 1.810000000000000053e+00 8.584101100000000040e-01 1.810000000000000053e+00 3.154705120000000007e-04 1.810000000000000053e+00 2.866094019999999876e-06 1.810000000000000053e+00 1.671491290000000080e-04 1.810000000000000053e+00 3.340010480000000163e-14 1.810000000000000053e+00 8.529277219999999993e-01 1.810000000000000053e+00 1.520266369999999866e-04 1.810000000000000053e+00 6.707480260000000334e-07 1.810000000000000053e+00 7.922741929999999988e-05 1.810000000000000053e+00 6.621300749999999442e-14 1.810000000000000053e+00 8.432280089999999451e-01 1.810000000000000053e+00 7.369468980000000045e-05 1.810000000000000053e+00 1.631023150000000047e-07 1.810000000000000053e+00 3.820538769999999747e-05 1.810000000000000053e+00 1.314027159999999911e-13 1.810000000000000053e+00 8.381896030000000053e-01
1.820000000000000062e+00 2.243481780000000213e-03 1.820000000000000062e+00 1.226302720000000074e-04 1.820000000000000062e+00 2.059088360000000013e-03 1.820000000000000062e+00 7.009489930000000243e-15 1.820000000000000062e+00 6.940850259999999938e-01 1.820000000000000062e+00 1.826586609999999999e-03 1.820000000000000062e+00 3.077014599999999784e-05 1.820000000000000062e+00 1.373854569999999982e-03 1.820000000000000062e+00 1.522263559999999920e-14 1.820000000000000062e+00 7.810251590000000244e-01 1.820000000000000062e+00 1.283434630000000048e-03 1.820000000000000062e+00 9.432107319999999317e-06 1.820000000000000062e+00 8.714061120000000113e-04 1.820000000000000062e+00 3.036339450000000051e-14 1.820000000000000062e+00 7.579586130000000033e-01 1.820000000000000062e+00 7.905944880000000423e-04 1.820000000000000062e+00 3.686455899999999888e-06 1.820000000000000062e+00 4.960535290000000434e-04 1.820000000000000062e+00 6.170989099999999725e-14 1.820000000000000062e+00 7.396272720000000023e-01 1.820000000000000062e+00 4.350424760000000087e-04 1.820000000000000062e+00 1.281766170000000052e-06 1.820000000000000062e+00 2.615366939999999758e-04 1.820000000000000062e+00 1.245649859999999998e-13 1.820000000000000062e+00 7.286490559999999617e-01 1.820000000000000062e+00 1.096045190000000027e-03 1.820000000000000062e+00 6.161500639999999487e-05 1.820000000000000062e+00 7.334735479999999813e-04 1.820000000000000062e+00 9.669894819999999758e-15 1.820000000000000062e+00 7.988977919999999955e-01 1.820000000000000062e+00 6.458739310000000079e-04 1.820000000000000062e+00 1.298258959999999955e-05 1.820000000000000062e+00 3.674323289999999881e-04 1.820000000000000062e+00 1.683347990000000076e-14 1.820000000000000062e+00 8.584101100000000040e-01 1.820000000000000062e+00 3.178966940000000122e-04 1.820000000000000062e+00 2.935499370000000145e-06 1.820000000000000062e+00 1.703159780000000070e-04 1.820000000000000062e+00 3.340326919999999989e-14 1.820000000000000062e+00 8.529277219999999993e-01 1.820000000000000062e+00 1.532963159999999883e-04 1.820000000000000062e+00 6.872417479999999931e-07 1.820000000000000062e+00 8.075403860000000670e-05 1.820000000000000062e+00 6.622060380000000570e-14 1.820000000000000062e+00 8.432280089999999451e-01 1.820000000000000062e+00 7.432856399999999324e-05 1.820000000000000062e+00 1.671395449999999904e-07 1.820000000000000062e+00 3.894550589999999987e-05 1.820000000000000062e+00 1.314201940000000124e-13 1.820000000000000062e+00 8.381896030000000053e-01
1.830000000000000071e+00 2.244410349999999971e-03 1.830000000000000071e+00 1.233123909999999973e-04 1.830000000000000071e+00 2.081527870000000110e-03 1.830000000000000071e+00 7.009691880000000172e-15 1.830000000000000071e+00 6.940850259999999938e-01 1.830000000000000071e+00 1.829568369999999989e-03 1.830000000000000071e+00 3.117856529999999901e-05 1.830000000000000071e+00 1.392135419999999913e-03 1.830000000000000071e+00 1.522374560000000130e-14 1.830000000000000071e+00 7.810251590000000244e-01 1.830000000000000071e+00 1.287913890000000035e-03 1.830000000000000071e+00 9.590879959999999244e-06 1.830000000000000071e+00 8.842629210000000316e-04 1.830000000000000071e+00 3.036542230000000145e-14 1.830000000000000071e+00 7.579586130000000033e-01 1.830000000000000071e+00 7.948037539999999821e-04 1.830000000000000071e+00 3.757047530000000029e-06 1.830000000000000071e+00 5.039805590000000527e-04 1.830000000000000071e+00 6.171302330000000444e-14 1.830000000000000071e+00 7.396272720000000023e-01 1.830000000000000071e+00 4.378471870000000092e-04 1.830000000000000071e+00 1.306985970000000078e-06 1.830000000000000071e+00 2.659011609999999809e-04 1.830000000000000071e+00 1.245700720000000055e-13 1.830000000000000071e+00 7.286490559999999617e-01 1.830000000000000071e+00 1.099714139999999991e-03 1.830000000000000071e+00 6.256290729999999757e-05 1.830000000000000071e+00 7.444524039999999513e-04 1.830000000000000071e+00 9.670680900000000226e-15 1.830000000000000071e+00 7.988977919999999955e-01 1.830000000000000071e+00 6.496935620000000465e-04 1.830000000000000071e+00 1.326794579999999975e-05 1.830000000000000071e+00 3.739102009999999859e-04 1.830000000000000071e+00 1.683509520000000024e-14 1.830000000000000071e+00 8.584101100000000040e-01 1.830000000000000071e+00 3.203079440000000037e-04 1.830000000000000071e+00 3.006152389999999996e-06 1.830000000000000071e+00 1.735070139999999889e-04 1.830000000000000071e+00 3.340633319999999729e-14 1.830000000000000071e+00 8.529277219999999993e-01 1.830000000000000071e+00 1.545605090000000100e-04 1.830000000000000071e+00 7.040480580000000043e-07 1.830000000000000071e+00 8.229332730000000237e-05 1.830000000000000071e+00 6.622797150000000134e-14 1.830000000000000071e+00 8.432280089999999451e-01 1.830000000000000071e+00 7.496014109999999786e-05 1.830000000000000071e+00 1.712565059999999909e-07 1.830000000000000071e+00 3.969195139999999781e-05 1.830000000000000071e+00 1.314371649999999925e-13 1.830000000000000071e+00 8.381896030000000053e-01
1.840000000000000080e+00 2.245286840000000096e-03 1.840000000000000080e+00 1.239968050000000055e-04 1.840000000000000080e+00 2.103976390000000200e-03 1.840000000000000080e+00 7.009881869999999887e-15 1.840000000000000080e+00 6.940850259999999938e-01 1.840000000000000080e+00 1.832461210000000101e-03 1.840000000000000080e+00 3.159081879999999789e-05 1.840000000000000080e+00 1.410445649999999976e-03 1.840000000000000080e+00 1.522481540000000118e-14 1.840000000000000080e+00 7.810251590000000244e-01 1.840000000000000080e+00 1.292313409999999892e-03 1.840000000000000080e+00 9.752163250000000721e-06 1.840000000000000080e+00 8.971641240000000376e-04 1.840000000000000080e+00 3.036737659999999985e-14 1.840000000000000080e+00 7.579586130000000033e-01 1.840000000000000080e+00 7.989667910000000043e-04 1.840000000000000080e+00 3.829038030000000200e-06 1.840000000000000080e+00 5.119494499999999778e-04 1.840000000000000080e+00 6.171602129999999479e-14 1.840000000000000080e+00 7.396272720000000023e-01 1.840000000000000080e+00 4.406301859999999762e-04 1.840000000000000080e+00 1.332738159999999898e-06 1.840000000000000080e+00 2.702935660000000241e-04 1.840000000000000080e+00 1.245749060000000061e-13 1.840000000000000080e+00 7.286490559999999617e-01 1.840000000000000080e+00 1.103312400000000092e-03 1.840000000000000080e+00 6.352030100000000514e-05 1.840000000000000080e+00 7.554675950000000169e-04 1.840000000000000080e+00 9.671441410000000564e-15 1.840000000000000080e+00 7.988977919999999955e-01 1.840000000000000080e+00 6.534716380000000309e-04 1.840000000000000080e+00 1.355775249999999924e-05 1.840000000000000080e+00 3.804260619999999754e-04 1.840000000000000080e+00 1.683666039999999927e-14 1.840000000000000080e+00 8.584101100000000040e-01 1.840000000000000080e+00 3.227043009999999820e-04 1.840000000000000080e+00 3.078075759999999964e-06 1.840000000000000080e+00 1.767220870000000112e-04 1.840000000000000080e+00 3.340929890000000292e-14 1.840000000000000080e+00 8.529277219999999993e-01 1.840000000000000080e+00 1.558192210000000047e-04 1.840000000000000080e+00 7.211731940000000372e-07 1.840000000000000080e+00 8.384523049999999483e-05 1.840000000000000080e+00 6.623511599999999930e-14 1.840000000000000080e+00 8.432280089999999451e-01 1.840000000000000080e+00 7.558942120000000577e-05 1.840000000000000080e+00 1.754549420000000065e-07 1.840000000000000080e+00 4.044470109999999684e-05 1.840000000000000080e+00 1.314536419999999984e-13 1.840000000000000080e+00 8.381896030000000053e-01
1.850000000000000089e+00 2.246112509999999892e-03 1.850000000000000089e+00 1.246836129999999887e-04 1.850000000000000089e+00 2.126433430000000072e-03 1.850000000000000089e+00 7.010060240000000116e-15 1.850000000000000089e+00 6.940850259999999938e-01 1.850000000000000089e+00 1.835266950000000001e-03 1.850000000000000089e+00 3.200697440000000235e-05 1.850000000000000089e+00 1.428784360000000080e-03 1.850000000000000089e+00 1.522584629999999859e-14 1.850000000000000089e+00 7.810251590000000244e-01 1.850000000000000089e+00 1.296634199999999919e-03 1.850000000000000089e+00 9.916019240000000773e-06 1.850000000000000089e+00 9.101089269999999495e-04 1.850000000000000089e+00 3.036925980000000159e-14 1.850000000000000089e+00 7.579586130000000033e-01 1.850000000000000089e+00 8.030838620000000337e-04 1.850000000000000089e+00 3.902469880000000336e-06 1.850000000000000089e+00 5.199597420000000303e-04 1.850000000000000089e+00 6.171888889999999600e-14 1.850000000000000089e+00 7.396272720000000023e-01 1.850000000000000089e+00 4.433914969999999765e-04 1.850000000000000089e+00 1.359040259999999962e-06 1.850000000000000089e+00 2.747136919999999967e-04 1.850000000000000089e+00 1.245794950000000066e-13 1.850000000000000089e+00 7.286490559999999617e-01 1.850000000000000089e+00 1.106840840000000107e-03 1.850000000000000089e+00 6.448731449999999801e-05 1.850000000000000089e+00 7.665184189999999474e-04 1.850000000000000089e+00 9.672176930000000669e-15 1.850000000000000089e+00 7.988977919999999955e-01 1.850000000000000089e+00 6.572084519999999829e-04 1.850000000000000089e+00 1.385208050000000074e-05 1.850000000000000089e+00 3.869794969999999887e-04 1.850000000000000089e+00 1.683817660000000081e-14 1.850000000000000089e+00 8.584101100000000040e-01 1.850000000000000089e+00 3.250858040000000082e-04 1.850000000000000089e+00 3.151292810000000184e-06 1.850000000000000089e+00 1.799610500000000106e-04 1.850000000000000089e+00 3.341216849999999746e-14 1.850000000000000089e+00 8.529277219999999993e-01 1.850000000000000089e+00 1.570724549999999876e-04 1.850000000000000089e+00 7.386235910000000354e-07 1.850000000000000089e+00 8.540969350000000208e-05 1.850000000000000089e+00 6.624204209999999872e-14 1.850000000000000089e+00 8.432280089999999451e-01 1.850000000000000089e+00 7.621640460000000494e-05 1.850000000000000089e+00 1.797366530000000019e-07 1.850000000000000089e+00 4.120373209999999902e-05 1.850000000000000089e+00 1.314696360000000092e-13 1.850000000000000089e+00 8.381896030000000053e-01
1.860000000000000098e+00 2.246888570000000161e-03 1.860000000000000098e+00 1.253729140000000122e-04 1.860000000000000098e+00 2.148898480000000031e-03 1.860000000000000098e+00 7.010227310000000013e-15 1.860000000000000098e+00 6.940850259999999938e-01 1.860000000000000098e+00 1.837987350000000030e-03 1.860000000000000098e+00 3.242710100000000272e-05 1.860000000000000098e+00 1.447150699999999934e-03 1.860000000000000098e+00 1.522683959999999961e-14 1.860000000000000098e+00 7.810251590000000244e-01 1.860000000000000098e+00 1.300877240000000105e-03 1.860000000000000098e+00 1.008251199999999994e-05 1.860000000000000098e+00 9.230965489999999607e-04 1.860000000000000098e+00 3.037107409999999995e-14 1.860000000000000098e+00 7.579586130000000033e-01 1.860000000000000098e+00 8.071552309999999912e-04 1.860000000000000098e+00 3.977387289999999661e-06 1.860000000000000098e+00 5.280109749999999883e-04 1.860000000000000098e+00 6.172162990000000106e-14 1.860000000000000098e+00 7.396272720000000023e-01 1.860000000000000098e+00 4.461311470000000104e-04 1.860000000000000098e+00 1.385910540000000053e-06 1.860000000000000098e+00 2.791613230000000029e-04 1.860000000000000098e+00 1.245838470000000057e-13 1.860000000000000098e+00 7.286490559999999617e-01 1.860000000000000098e+00 1.110300289999999971e-03 1.860000000000000098e+00 6.546407740000000585e-05 1.860000000000000098e+00 7.776041820000000222e-04 1.860000000000000098e+00 9.672888020000000439e-15 1.860000000000000098e+00 7.988977919999999955e-01 1.860000000000000098e+00 6.609042869999999644e-04 1.860000000000000098e+00 1.415100209999999927e-05 1.860000000000000098e+00 3.935700939999999914e-04 1.860000000000000098e+00 1.683964490000000152e-14 1.860000000000000098e+00 8.584101100000000040e-01 1.860000000000000098e+00 3.274524889999999924e-04 1.860000000000000098e+00 3.225827540000000051e-06 1.860000000000000098e+00 1.832237540000000134e-04 1.860000000000000098e+00 3.341494419999999944e-14 1.860000000000000098e+00 8.529277219999999993e-01 1.860000000000000098e+00 1.583202159999999928e-04 1.860000000000000098e+00 7.564058840000000329e-07 1.860000000000000098e+00 8.698666140000000497e-05 1.860000000000000098e+00 6.624875480000000500e-14 1.860000000000000098e+00 8.432280089999999451e-01 1.860000000000000098e+00 7.684109150000000541e-05 1.860000000000000098e+00 1.841035039999999928e-07 1.860000000000000098e+00 4.196902149999999965e-05 1.860000000000000098e+00 1.314851589999999975e-13 1.860000000000000098e+00 8.381896030000000053e-01
1.870000000000000107e+00 2.247616180000000172e-03 1.870000000000000107e+00 1.260648060000000095e-04 1.870000000000000107e+00 2.171371039999999905e-03 1.870000000000000107e+00 7.010383390000000311e-15 1.870000000000000107e+00 6.940850259999999938e-01 1.870000000000000107e+00 1.840624120000000077e-03 1.870000000000000107e+00 3.285126880000000037e-05 1.870000000000000107e+00 1.465543830000000077e-03 1.870000000000000107e+00 1.522779620000000094e-14 1.870000000000000107e+00 7.810251590000000244e-01 1.870000000000000107e+00 1.305043510000000002e-03 1.870000000000000107e+00 1.025170739999999935e-05 1.870000000000000107e+00 9.361262160000000197e-04 1.870000000000000107e+00 3.037282170000000085e-14 1.870000000000000107e+00 7.579586130000000033e-01 1.870000000000000107e+00 8.111811610000000186e-04 1.870000000000000107e+00 4.053836240000000220e-06 1.870000000000000107e+00 5.361026950000000397e-04 1.870000000000000107e+00 6.172424819999999982e-14 1.870000000000000107e+00 7.396272720000000023e-01 1.870000000000000107e+00 4.488491660000000125e-04 1.870000000000000107e+00 1.413368089999999963e-06 1.870000000000000107e+00 2.836362429999999841e-04 1.870000000000000107e+00 1.245879679999999895e-13 1.870000000000000107e+00 7.286490559999999617e-01 1.870000000000000107e+00 1.113691570000000094e-03 1.870000000000000107e+00 6.645072209999999563e-05 1.870000000000000107e+00 7.887241979999999467e-04 1.870000000000000107e+00 9.673575239999999773e-15 1.870000000000000107e+00 7.988977919999999955e-01 1.870000000000000107e+00 6.645594240000000453e-04 1.870000000000000107e+00 1.445459200000000026e-05 1.870000000000000107e+00 4.001974469999999796e-04 1.870000000000000107e+00 1.684106640000000118e-14 1.870000000000000107e+00 8.584101100000000040e-01 1.870000000000000107e+00 3.298043939999999999e-04 1.870000000000000107e+00 3.301704660000000048e-06 1.870000000000000107e+00 1.865100509999999875e-04 1.870000000000000107e+00 3.341762800000000218e-14 1.870000000000000107e+00 8.529277219999999993e-01 1.870000000000000107e+00 1.595625070000000084e-04 1.870000000000000107e+00 7.745269159999999709e-07 1.870000000000000107e+00 8.857607959999999939e-05 1.870000000000000107e+00 6.625525869999999839e-14 1.870000000000000107e+00 8.432280089999999451e-01 1.870000000000000107e+00 7.746348219999999514e-05 1.870000000000000107e+00 1.885574200000000005e-07 1.870000000000000107e+00 4.274054630000000252e-05 1.870000000000000107e+00 1.315002200000000059e-13 1.870000000000000107e+00 8.381896030000000053e-01
1.879999999999999893e+00 2.248296480000000139e-03 1.879999999999999893e+00 1.267593889999999877e-04 1.879999999999999893e+00 2.193850639999999838e-03 1.879999999999999893e+00 7.010528780000000168e-15 1.879999999999999893e+00 6.940850259999999938e-01 1.879999999999999893e+00 1.843178920000000014e-03 1.879999999999999893e+00 3.327954960000000249e-05 1.879999999999999893e+00 1.483962909999999961e-03 1.879999999999999893e+00 1.522871739999999917e-14 1.879999999999999893e+00 7.810251590000000244e-01 1.879999999999999893e+00 1.309133959999999935e-03 1.879999999999999893e+00 1.042367370000000056e-05 1.879999999999999893e+00 9.491971660000000270e-04 1.879999999999999893e+00 3.037450470000000077e-14 1.879999999999999893e+00 7.579586130000000033e-01 1.879999999999999893e+00 8.151619130000000487e-04 1.879999999999999893e+00 4.131864580000000039e-06 1.879999999999999893e+00 5.442344480000000468e-04 1.879999999999999893e+00 6.172674750000000107e-14 1.879999999999999893e+00 7.396272720000000023e-01 1.879999999999999893e+00 4.515455799999999872e-04 1.879999999999999893e+00 1.441432870000000098e-06 1.879999999999999893e+00 2.881382349999999943e-04 1.879999999999999893e+00 1.245918639999999948e-13 1.879999999999999893e+00 7.286490559999999617e-01 1.879999999999999893e+00 1.117015500000000019e-03 1.879999999999999893e+00 6.744738370000000216e-05 1.879999999999999893e+00 7.998777890000000447e-04 1.879999999999999893e+00 9.674239110000000156e-15 1.879999999999999893e+00 7.988977919999999955e-01 1.879999999999999893e+00 6.681741379999999939e-04 1.879999999999999893e+00 1.476292659999999965e-05 1.879999999999999893e+00 4.068611480000000114e-04 1.879999999999999893e+00 1.684244219999999960e-14 1.879999999999999893e+00 8.584101100000000040e-01 1.879999999999999893e+00 3.321415539999999990e-04 1.879999999999999893e+00 3.378949619999999957e-06 1.879999999999999893e+00 1.898197930000000092e-04 1.879999999999999893e+00 3.342022180000000219e-14 1.879999999999999893e+00 8.529277219999999993e-01 1.879999999999999893e+00 1.607993329999999872e-04 1.879999999999999893e+00 7.929937480000000522e-07 1.879999999999999893e+00 9.017789329999999833e-05 1.879999999999999893e+00 6.626155849999999382e-14 1.879999999999999893e+00 8.432280089999999451e-01 1.879999999999999893e+00 7.808357709999999422e-05 1.879999999999999893e+00 1.931003950000000054e-07 1.879999999999999893e+00 4.351828349999999789e-05 1.879999999999999893e+00 1.315148299999999882e-13 1.879999999999999893e+00 8.381896030000000053e-01
1.889999999999999902e+00 2.248930579999999964e-03 1.889999999999999902e+00 1.274567589999999969e-04 1.889999999999999902e+00 2.216336819999999933e-03 1.889999999999999902e+00 7.010663800000000313e-15 1.889999999999999902e+00 6.940850259999999938e-01 1.889999999999999902e+00 1.845653399999999970e-03 1.889999999999999902e+00 3.371201629999999699e-05 1.889999999999999902e+00 1.502407139999999966e-03 1.889999999999999902e+00 1.522960420000000043e-14 1.889999999999999902e+00 7.810251590000000244e-01 1.889999999999999902e+00 1.313149540000000011e-03 1.889999999999999902e+00 1.059848119999999982e-05 1.889999999999999902e+00 9.623086459999999559e-04 1.889999999999999902e+00 3.037612540000000243e-14 1.889999999999999902e+00 7.579586130000000033e-01 1.889999999999999902e+00 8.190977470000000184e-04 1.889999999999999902e+00 4.211522169999999992e-06 1.889999999999999902e+00 5.524057829999999688e-04 1.889999999999999902e+00 6.172913140000000417e-14 1.889999999999999902e+00 7.396272720000000023e-01 1.889999999999999902e+00 4.542204199999999733e-04 1.889999999999999902e+00 1.470125749999999932e-06 1.889999999999999902e+00 2.926670829999999750e-04 1.889999999999999902e+00 1.245955439999999886e-13 1.889999999999999902e+00 7.286490559999999617e-01 1.889999999999999902e+00 1.120272849999999921e-03 1.889999999999999902e+00 6.845420050000000406e-05 1.889999999999999902e+00 8.110642859999999538e-04 1.889999999999999902e+00 9.674880189999999909e-15 1.889999999999999902e+00 7.988977919999999955e-01 1.889999999999999902e+00 6.717486990000000324e-04 1.889999999999999902e+00 1.507608450000000048e-05 1.889999999999999902e+00 4.135607960000000087e-04 1.889999999999999902e+00 1.684377319999999978e-14 1.889999999999999902e+00 8.584101100000000040e-01 1.889999999999999902e+00 3.344640050000000087e-04 1.889999999999999902e+00 3.457588610000000126e-06 1.889999999999999902e+00 1.931528329999999884e-04 1.889999999999999902e+00 3.342272779999999908e-14 1.889999999999999902e+00 8.529277219999999993e-01 1.889999999999999902e+00 1.620306969999999987e-04 1.889999999999999902e+00 8.118136680000000324e-07 1.889999999999999902e+00 9.179204800000000271e-05 1.889999999999999902e+00 6.626765869999999993e-14 1.889999999999999902e+00 8.432280089999999451e-01 1.889999999999999902e+00 7.870137650000000415e-05 1.889999999999999902e+00 1.977344909999999967e-07 1.889999999999999902e+00 4.430221020000000139e-05 1.889999999999999902e+00 1.315289999999999993e-13 1.889999999999999902e+00 8.381896030000000053e-01
1.899999999999999911e+00 2.249519529999999788e-03 1.899999999999999911e+00 1.281570159999999899e-04 1.899999999999999911e+00 2.238829109999999900e-03 1.899999999999999911e+00 7.010788729999999909e-15 1.899999999999999911e+00 6.940850259999999938e-01 1.899999999999999911e+00 1.848049129999999960e-03 1.899999999999999911e+00 3.414874350000000289e-05 1.899999999999999911e+00 1.520875710000000073e-03 1.899999999999999911e+00 1.523045770000000138e-14 1.899999999999999911e+00 7.810251590000000244e-01 1.899999999999999911e+00 1.317091160000000063e-03 1.899999999999999911e+00 1.077620220000000062e-05 1.899999999999999911e+00 9.754599099999999683e-04 1.899999999999999911e+00 3.037768570000000235e-14 1.899999999999999911e+00 7.579586130000000033e-01 1.899999999999999911e+00 8.229889199999999849e-04 1.899999999999999911e+00 4.292860890000000232e-06 1.899999999999999911e+00 5.606162539999999615e-04 1.899999999999999911e+00 6.173140349999999584e-14 1.899999999999999911e+00 7.396272720000000023e-01 1.899999999999999911e+00 4.568737170000000095e-04 1.899999999999999911e+00 1.499468550000000053e-06 1.899999999999999911e+00 2.972225709999999762e-04 1.899999999999999911e+00 1.245990119999999953e-13 1.899999999999999911e+00 7.286490559999999617e-01 1.899999999999999911e+00 1.123464399999999936e-03 1.899999999999999911e+00 6.947131349999999359e-05 1.899999999999999911e+00 8.222830270000000422e-04 1.899999999999999911e+00 9.675498980000000520e-15 1.899999999999999911e+00 7.988977919999999955e-01 1.899999999999999911e+00 6.752833719999999694e-04 1.899999999999999911e+00 1.539414649999999940e-05 1.899999999999999911e+00 4.202959890000000057e-04 1.899999999999999911e+00 1.684506040000000154e-14 1.899999999999999911e+00 8.584101100000000040e-01 1.899999999999999911e+00 3.367717819999999974e-04 1.899999999999999911e+00 3.537648590000000097e-06 1.899999999999999911e+00 1.965090239999999974e-04 1.899999999999999911e+00 3.342514779999999883e-14 1.899999999999999911e+00 8.529277219999999993e-01 1.899999999999999911e+00 1.632566039999999957e-04 1.899999999999999911e+00 8.309941999999999939e-07 1.899999999999999911e+00 9.341848909999999489e-05 1.899999999999999911e+00 6.627356380000000016e-14 1.899999999999999911e+00 8.432280089999999451e-01 1.899999999999999911e+00 7.931688080000000437e-05 1.899999999999999911e+00 2.024618439999999933e-07 1.899999999999999911e+00 4.509230340000000326e-05 1.899999999999999911e+00 1.315427390000000058e-13 1.899999999999999911e+00 8.381896030000000053e-01
1.909999999999999920e+00 2.250064380000000187e-03 1.909999999999999920e+00 1.288602570000000128e-04 1.909999999999999920e+00 2.261327059999999802e-03 1.909999999999999920e+00 7.010903869999999689e-15 1.909999999999999920e+00 6.940850259999999938e-01 1.909999999999999920e+00 1.850367660000000079e-03 1.909999999999999920e+00 3.458980699999999786e-05 1.909999999999999920e+00 1.539367860000000069e-03 1.909999999999999920e+00 1.523127899999999867e-14 1.909999999999999920e+00 7.810251590000000244e-01 1.909999999999999920e+00 1.320959750000000061e-03 1.909999999999999920e+00 1.095691179999999968e-05 1.909999999999999920e+00 9.886502249999999572e-04 1.909999999999999920e+00 3.037918780000000012e-14 1.909999999999999920e+00 7.579586130000000033e-01 1.909999999999999920e+00 8.268356900000000016e-04 1.909999999999999920e+00 4.375934849999999895e-06 1.909999999999999920e+00 5.688654139999999677e-04 1.909999999999999920e+00 6.173356740000000068e-14 1.909999999999999920e+00 7.396272720000000023e-01 1.909999999999999920e+00 4.595055020000000262e-04 1.909999999999999920e+00 1.529484100000000058e-06 1.909999999999999920e+00 3.018044849999999856e-04 1.909999999999999920e+00 1.246022759999999883e-13 1.909999999999999920e+00 7.286490559999999617e-01 1.909999999999999920e+00 1.126590910000000063e-03 1.909999999999999920e+00 7.049886679999999668e-05 1.909999999999999920e+00 8.335333569999999999e-04 1.909999999999999920e+00 9.676095990000000318e-15 1.909999999999999920e+00 7.988977919999999955e-01 1.909999999999999920e+00 6.787784169999999586e-04 1.909999999999999920e+00 1.571719550000000025e-05 1.909999999999999920e+00 4.270663310000000126e-04 1.909999999999999920e+00 1.684630500000000149e-14 1.909999999999999920e+00 8.584101100000000040e-01 1.909999999999999920e+00 3.390649179999999960e-04 1.909999999999999920e+00 3.619157370000000164e-06 1.909999999999999920e+00 1.998882190000000002e-04 1.909999999999999920e+00 3.342748360000000112e-14 1.909999999999999920e+00 8.529277219999999993e-01 1.909999999999999920e+00 1.644770569999999934e-04 1.909999999999999920e+00 8.505431129999999548e-07 1.909999999999999920e+00 9.505716190000000642e-05 1.909999999999999920e+00 6.627927790000000321e-14 1.909999999999999920e+00 8.432280089999999451e-01 1.909999999999999920e+00 7.993009040000000141e-05 1.909999999999999920e+00 2.072846649999999954e-07 1.909999999999999920e+00 4.588854019999999878e-05 1.909999999999999920e+00 1.315560580000000123e-13 1.909999999999999920e+00 8.381896030000000053e-01
1.919999999999999929e+00 2.250566119999999806e-03 1.919999999999999929e+00 1.295665799999999991e-04 1.919999999999999929e+00 2.283830250000000017e-03 1.919999999999999929e+00 7.011009489999999606e-15 1.919999999999999929e+00 6.940850259999999938e-01 1.919999999999999929e+00 1.852610489999999971e-03 1.919999999999999929e+00 3.503528429999999748e-05 1.919999999999999929e+00 1.557882819999999993e-03 1.919999999999999929e+00 1.523206899999999843e-14 1.919999999999999929e+00 7.810251590000000244e-01 1.919999999999999929e+00 1.324756199999999919e-03 1.919999999999999929e+00 1.114068709999999928e-05 1.919999999999999929e+00 1.001878859999999916e-03 1.919999999999999929e+00 3.038063350000000173e-14 1.919999999999999929e+00 7.579586130000000033e-01 1.919999999999999929e+00 8.306383110000000293e-04 1.919999999999999929e+00 4.460800410000000139e-06 1.919999999999999929e+00 5.771528200000000230e-04 1.919999999999999929e+00 6.173562640000000232e-14 1.919999999999999929e+00 7.396272720000000023e-01 1.919999999999999929e+00 4.621158070000000039e-04 1.919999999999999929e+00 1.560196310000000069e-06 1.919999999999999929e+00 3.064126099999999950e-04 1.919999999999999929e+00 1.246053420000000042e-13 1.919999999999999929e+00 7.286490559999999617e-01 1.919999999999999929e+00 1.129653100000000028e-03 1.919999999999999929e+00 7.153700769999999667e-05 1.919999999999999929e+00 8.448146300000000230e-04 1.919999999999999929e+00 9.676671719999999215e-15 1.919999999999999929e+00 7.988977919999999955e-01 1.919999999999999929e+00 6.822340879999999608e-04 1.919999999999999929e+00 1.604531669999999867e-05 1.919999999999999929e+00 4.338714259999999854e-04 1.919999999999999929e+00 1.684750769999999953e-14 1.919999999999999929e+00 8.584101100000000040e-01 1.919999999999999929e+00 3.413434469999999769e-04 1.919999999999999929e+00 3.702143580000000211e-06 1.919999999999999929e+00 2.032902730000000070e-04 1.919999999999999929e+00 3.342973719999999928e-14 1.919999999999999929e+00 8.529277219999999993e-01 1.919999999999999929e+00 1.656920590000000068e-04 1.919999999999999929e+00 8.704684310000000113e-07 1.919999999999999929e+00 9.670801200000000259e-05 1.919999999999999929e+00 6.628480529999999886e-14 1.919999999999999929e+00 8.432280089999999451e-01 1.919999999999999929e+00 8.054100579999999327e-05 1.919999999999999929e+00 2.122052460000000056e-07 1.919999999999999929e+00 4.669089759999999856e-05 1.919999999999999929e+00 1.315689639999999985e-13 1.919999999999999929e+00 8.381896030000000053e-01
1.929999999999999938e+00 2.251025739999999893e-03 1.929999999999999938e+00 1.302760829999999911e-04 1.929999999999999938e+00 2.306338240000000133e-03 1.929999999999999938e+00 7.011105879999999606e-15 1.929999999999999938e+00 6.940850259999999938e-01 1.929999999999999938e+00 1.854779100000000010e-03 1.929999999999999938e+00 3.548525450000000281e-05 1.929999999999999938e+00 1.576419820000000103e-03 1.929999999999999938e+00 1.523282890000000046e-14 1.929999999999999938e+00 7.810251590000000244e-01 1.929999999999999938e+00 1.328481399999999982e-03 1.929999999999999938e+00 1.132760799999999998e-05 1.929999999999999938e+00 1.015145110000000061e-03 1.929999999999999938e+00 3.038202509999999731e-14 1.929999999999999938e+00 7.579586130000000033e-01 1.929999999999999938e+00 8.343970350000000369e-04 1.929999999999999938e+00 4.547516350000000312e-06 1.929999999999999938e+00 5.854780330000000383e-04 1.929999999999999938e+00 6.173758400000000328e-14 1.929999999999999938e+00 7.396272720000000023e-01 1.929999999999999938e+00 4.647046660000000236e-04 1.929999999999999938e+00 1.591630229999999900e-06 1.929999999999999938e+00 3.110467300000000000e-04 1.929999999999999938e+00 1.246082160000000043e-13 1.929999999999999938e+00 7.286490559999999617e-01 1.929999999999999938e+00 1.132651709999999909e-03 1.929999999999999938e+00 7.258588659999999702e-05 1.929999999999999938e+00 8.561262069999999542e-04 1.929999999999999938e+00 9.677226670000000275e-15 1.929999999999999938e+00 7.988977919999999955e-01 1.929999999999999938e+00 6.856506349999999528e-04 1.929999999999999938e+00 1.637859780000000068e-05 1.929999999999999938e+00 4.407108820000000269e-04 1.929999999999999938e+00 1.684866959999999860e-14 1.929999999999999938e+00 8.584101100000000040e-01 1.929999999999999938e+00 3.436074009999999751e-04 1.929999999999999938e+00 3.786636729999999922e-06 1.929999999999999938e+00 2.067150400000000048e-04 1.929999999999999938e+00 3.343191019999999932e-14 1.929999999999999938e+00 8.529277219999999993e-01 1.929999999999999938e+00 1.669016149999999889e-04 1.929999999999999938e+00 8.907784489999999719e-07 1.929999999999999938e+00 9.837098489999999789e-05 1.929999999999999938e+00 6.629014999999999901e-14 1.929999999999999938e+00 8.432280089999999451e-01 1.929999999999999938e+00 8.114962740000000003e-05 1.929999999999999938e+00 2.172259600000000029e-07 1.929999999999999938e+00 4.749935259999999961e-05 1.929999999999999938e+00 1.315814679999999939e-13 1.929999999999999938e+00 8.381896030000000053e-01
1.939999999999999947e+00 2.251444159999999809e-03 1.939999999999999947e+00 1.309888649999999997e-04 1.939999999999999947e+00 2.328850630000000015e-03 1.939999999999999947e+00 7.011193319999999641e-15 1.939999999999999947e+00 6.940850259999999938e-01 1.939999999999999947e+00 1.856874899999999984e-03 1.939999999999999947e+00 3.593979799999999888e-05 1.939999999999999947e+00 1.594978159999999945e-03 1.939999999999999947e+00 1.523355960000000143e-14 1.939999999999999947e+00 7.810251590000000244e-01 1.939999999999999947e+00 1.332136210000000069e-03 1.939999999999999947e+00 1.151775700000000079e-05 1.939999999999999947e+00 1.028448259999999994e-03 1.939999999999999947e+00 3.038336419999999919e-14 1.939999999999999947e+00 7.579586130000000033e-01 1.939999999999999947e+00 8.381121139999999931e-04 1.939999999999999947e+00 4.636143980000000258e-06 1.939999999999999947e+00 5.938406160000000251e-04 1.939999999999999947e+00 6.173944359999999664e-14 1.939999999999999947e+00 7.396272720000000023e-01 1.939999999999999947e+00 4.672721100000000157e-04 1.939999999999999947e+00 1.623812109999999905e-06 1.939999999999999947e+00 3.157066319999999844e-04 1.939999999999999947e+00 1.246109040000000000e-13 1.939999999999999947e+00 7.286490559999999617e-01 1.939999999999999947e+00 1.135587429999999984e-03 1.939999999999999947e+00 7.364565729999999577e-05 1.939999999999999947e+00 8.674674550000000461e-04 1.939999999999999947e+00 9.677761320000000257e-15 1.939999999999999947e+00 7.988977919999999955e-01 1.939999999999999947e+00 6.890283010000000478e-04 1.939999999999999947e+00 1.671712890000000065e-05 1.939999999999999947e+00 4.475843090000000148e-04 1.939999999999999947e+00 1.684979159999999854e-14 1.939999999999999947e+00 8.584101100000000040e-01 1.939999999999999947e+00 3.458568109999999749e-04 1.939999999999999947e+00 3.872667249999999780e-06 1.939999999999999947e+00 2.101623730000000119e-04 1.939999999999999947e+00 3.343400460000000090e-14 1.939999999999999947e+00 8.529277219999999993e-01 1.939999999999999947e+00 1.681057280000000089e-04 1.939999999999999947e+00 9.114817370000000076e-07 1.939999999999999947e+00 1.000460260000000018e-04 1.939999999999999947e+00 6.629531600000000292e-14 1.939999999999999947e+00 8.432280089999999451e-01 1.939999999999999947e+00 8.175595560000000113e-05 1.939999999999999947e+00 2.223492700000000014e-07 1.939999999999999947e+00 4.831388250000000049e-05 1.939999999999999947e+00 1.315935789999999907e-13 1.939999999999999947e+00 8.381896030000000053e-01
1.949999999999999956e+00 2.251822300000000214e-03 1.949999999999999956e+00 1.317050240000000128e-04 1.949999999999999956e+00 2.351366990000000080e-03 1.949999999999999956e+00 7.011272069999999662e-15 1.949999999999999956e+00 6.940850259999999938e-01 1.949999999999999956e+00 1.858899299999999897e-03 1.949999999999999956e+00 3.639899709999999835e-05 1.949999999999999956e+00 1.613557079999999953e-03 1.949999999999999956e+00 1.523426210000000117e-14 1.949999999999999956e+00 7.810251590000000244e-01 1.949999999999999956e+00 1.335721489999999994e-03 1.949999999999999956e+00 1.171121920000000082e-05 1.949999999999999956e+00 1.041787599999999953e-03 1.949999999999999956e+00 3.038465300000000066e-14 1.949999999999999956e+00 7.579586130000000033e-01 1.949999999999999956e+00 8.417837949999999953e-04 1.949999999999999956e+00 4.726747280000000401e-06 1.949999999999999956e+00 6.022401309999999989e-04 1.949999999999999956e+00 6.174120850000000389e-14 1.949999999999999956e+00 7.396272720000000023e-01 1.949999999999999956e+00 4.698181749999999989e-04 1.949999999999999956e+00 1.656769469999999962e-06 1.949999999999999956e+00 3.203921009999999943e-04 1.949999999999999956e+00 1.246134120000000028e-13 1.949999999999999956e+00 7.286490559999999617e-01 1.949999999999999956e+00 1.138460960000000060e-03 1.949999999999999956e+00 7.471647680000000253e-05 1.949999999999999956e+00 8.788377479999999811e-04 1.949999999999999956e+00 9.678276130000000656e-15 1.949999999999999956e+00 7.988977919999999955e-01 1.949999999999999956e+00 6.923673270000000419e-04 1.949999999999999956e+00 1.706100240000000003e-05 1.949999999999999956e+00 4.544913199999999777e-04 1.949999999999999956e+00 1.685087459999999919e-14 1.949999999999999956e+00 8.584101100000000040e-01 1.949999999999999956e+00 3.480917070000000193e-04 1.949999999999999956e+00 3.960266509999999865e-06 1.949999999999999956e+00 2.136321280000000073e-04 1.949999999999999956e+00 3.343602190000000058e-14 1.949999999999999956e+00 8.529277219999999993e-01 1.949999999999999956e+00 1.693044010000000008e-04 1.949999999999999956e+00 9.325871579999999758e-07 1.949999999999999956e+00 1.017330809999999981e-04 1.949999999999999956e+00 6.630030729999999728e-14 1.949999999999999956e+00 8.432280089999999451e-01 1.949999999999999956e+00 8.235999099999999958e-05 1.949999999999999956e+00 2.275777269999999905e-07 1.949999999999999956e+00 4.913446410000000175e-05 1.949999999999999956e+00 1.316053049999999874e-13 1.949999999999999956e+00 8.381896030000000053e-01
1.959999999999999964e+00 2.252161050000000154e-03 1.959999999999999964e+00 1.324246579999999911e-04 1.959999999999999964e+00 2.373886940000000112e-03 1.959999999999999964e+00 7.011342399999999622e-15 1.959999999999999964e+00 6.940850259999999938e-01 1.959999999999999964e+00 1.860853649999999991e-03 1.959999999999999964e+00 3.686293569999999937e-05 1.959999999999999964e+00 1.632155909999999984e-03 1.959999999999999964e+00 1.523493729999999951e-14 1.959999999999999964e+00 7.810251590000000244e-01 1.959999999999999964e+00 1.339238080000000088e-03 1.959999999999999964e+00 1.190808260000000080e-05 1.959999999999999964e+00 1.055162460000000010e-03 1.959999999999999964e+00 3.038589339999999821e-14 1.959999999999999964e+00 7.579586130000000033e-01 1.959999999999999964e+00 8.454123240000000362e-04 1.959999999999999964e+00 4.819393049999999958e-06 1.959999999999999964e+00 6.106761480000000514e-04 1.959999999999999964e+00 6.174288180000000240e-14 1.959999999999999964e+00 7.396272720000000023e-01 1.959999999999999964e+00 4.723428940000000040e-04 1.959999999999999964e+00 1.690531150000000080e-06 1.959999999999999964e+00 3.251029240000000132e-04 1.959999999999999964e+00 1.246157459999999991e-13 1.959999999999999964e+00 7.286490559999999617e-01 1.959999999999999964e+00 1.141272970000000060e-03 1.959999999999999964e+00 7.579850549999999439e-05 1.959999999999999964e+00 8.902364689999999478e-04 1.959999999999999964e+00 9.678771579999999807e-15 1.959999999999999964e+00 7.988977919999999955e-01 1.959999999999999964e+00 6.956679449999999838e-04 1.959999999999999964e+00 1.741031369999999844e-05 1.959999999999999964e+00 4.614315279999999984e-04 1.959999999999999964e+00 1.685191950000000039e-14 1.959999999999999964e+00 8.584101100000000040e-01 1.959999999999999964e+00 3.503121189999999882e-04 1.959999999999999964e+00 4.049466870000000250e-06 1.959999999999999964e+00 2.171241590000000052e-04 1.959999999999999964e+00 3.343796389999999804e-14 1.959999999999999964e+00 8.529277219999999993e-01 1.959999999999999964e+00 1.704976370000000068e-04 1.959999999999999964e+00 9.541038790000000953e-07 1.959999999999999964e+00 1.034320960000000044e-04 1.959999999999999964e+00 6.630512749999999403e-14 1.959999999999999964e+00 8.432280089999999451e-01 1.959999999999999964e+00 8.296173389999999691e-05 1.959999999999999964e+00 2.329139789999999936e-07 1.959999999999999964e+00 4.996107459999999691e-05 1.959999999999999964e+00 1.316166540000000078e-13 1.959999999999999964e+00 8.381896030000000053e-01
1.969999999999999973e+00 2.252461270000000095e-03 1.969999999999999973e+00 1.331478650000000039e-04 1.969999999999999973e+00 2.396410089999999934e-03 1.969999999999999973e+00 7.011404580000000260e-15 1.969999999999999973e+00 6.940850259999999938e-01 1.969999999999999973e+00 1.862739269999999980e-03 1.969999999999999973e+00 3.733169939999999735e-05 1.969999999999999973e+00 1.650773930000000098e-03 1.969999999999999973e+00 1.523558619999999943e-14 1.969999999999999973e+00 7.810251590000000244e-01 1.969999999999999973e+00 1.342686810000000069e-03 1.969999999999999973e+00 1.210843829999999957e-05 1.969999999999999973e+00 1.068572139999999929e-03 1.969999999999999973e+00 3.038708710000000102e-14 1.969999999999999973e+00 7.579586130000000033e-01 1.969999999999999973e+00 8.489979430000000162e-04 1.969999999999999973e+00 4.914151010000000270e-06 1.969999999999999973e+00 6.191482349999999574e-04 1.969999999999999973e+00 6.174446699999999468e-14 1.969999999999999973e+00 7.396272720000000023e-01 1.969999999999999973e+00 4.748463000000000076e-04 1.969999999999999973e+00 1.725127469999999918e-06 1.969999999999999973e+00 3.298388880000000249e-04 1.969999999999999973e+00 1.246179110000000069e-13 1.969999999999999973e+00 7.286490559999999617e-01 1.969999999999999973e+00 1.144024109999999990e-03 1.969999999999999973e+00 7.689190749999999866e-05 1.969999999999999973e+00 9.016630050000000104e-04 1.969999999999999973e+00 9.679248130000000783e-15 1.969999999999999973e+00 7.988977919999999955e-01 1.969999999999999973e+00 6.989303850000000385e-04 1.969999999999999973e+00 1.776516049999999920e-05 1.969999999999999973e+00 4.684045509999999767e-04 1.969999999999999973e+00 1.685292709999999884e-14 1.969999999999999973e+00 8.584101100000000040e-01 1.969999999999999973e+00 3.525180759999999827e-04 1.969999999999999973e+00 4.140301720000000293e-06 1.969999999999999973e+00 2.206383220000000117e-04 1.969999999999999973e+00 3.343983219999999930e-14 1.969999999999999973e+00 8.529277219999999993e-01 1.969999999999999973e+00 1.716854389999999877e-04 1.969999999999999973e+00 9.760413820000000338e-07 1.969999999999999973e+00 1.051430159999999965e-04 1.969999999999999973e+00 6.630978049999999565e-14 1.969999999999999973e+00 8.432280089999999451e-01 1.969999999999999973e+00 8.356118469999999963e-05 1.969999999999999973e+00 2.383607770000000110e-07 1.969999999999999973e+00 5.079369119999999982e-05 1.969999999999999973e+00 1.316276349999999934e-13 1.969999999999999973e+00 8.381896030000000053e-01
1.979999999999999982e+00 2.252723800000000151e-03 1.979999999999999982e+00 1.338747450000000040e-04 1.979999999999999982e+00 2.418936039999999843e-03 1.979999999999999982e+00 7.011458869999999951e-15 1.979999999999999982e+00 6.940850259999999938e-01 1.979999999999999982e+00 1.864557470000000050e-03 1.979999999999999982e+00 3.780537549999999855e-05 1.979999999999999982e+00 1.669410469999999935e-03 1.979999999999999982e+00 1.523620980000000075e-14 1.979999999999999982e+00 7.810251590000000244e-01 1.979999999999999982e+00 1.346068479999999994e-03 1.979999999999999982e+00 1.231238029999999932e-05 1.979999999999999982e+00 1.082015970000000001e-03 1.979999999999999982e+00 3.038823610000000242e-14 1.979999999999999982e+00 7.579586130000000033e-01 1.979999999999999982e+00 8.525408940000000525e-04 1.979999999999999982e+00 5.011094020000000091e-06 1.979999999999999982e+00 6.276559640000000176e-04 1.979999999999999982e+00 6.174596709999999912e-14 1.979999999999999982e+00 7.396272720000000023e-01 1.979999999999999982e+00 4.773284289999999742e-04 1.979999999999999982e+00 1.760590220000000022e-06 1.979999999999999982e+00 3.345997790000000173e-04 1.979999999999999982e+00 1.246199149999999995e-13 1.979999999999999982e+00 7.286490559999999617e-01 1.979999999999999982e+00 1.146715040000000031e-03 1.979999999999999982e+00 7.799685050000000662e-05 1.979999999999999982e+00 9.131167509999999843e-04 1.979999999999999982e+00 9.679706220000000349e-15 1.979999999999999982e+00 7.988977919999999955e-01 1.979999999999999982e+00 7.021548689999999697e-04 1.979999999999999982e+00 1.812564359999999864e-05 1.979999999999999982e+00 4.754100090000000218e-04 1.979999999999999982e+00 1.685389840000000067e-14 1.979999999999999982e+00 8.584101100000000040e-01 1.979999999999999982e+00 3.547096040000000073e-04 1.979999999999999982e+00 4.232805500000000414e-06 1.979999999999999982e+00 2.241744720000000100e-04 1.979999999999999982e+00 3.344162850000000090e-14 1.979999999999999982e+00 8.529277219999999993e-01 1.979999999999999982e+00 1.728678100000000128e-04 1.979999999999999982e+00 9.984094830000000351e-07 1.979999999999999982e+00 1.068657870000000004e-04 1.979999999999999982e+00 6.631426980000000465e-14 1.979999999999999982e+00 8.432280089999999451e-01 1.979999999999999982e+00 8.415834399999999724e-05 1.979999999999999982e+00 2.439209730000000121e-07 1.979999999999999982e+00 5.163229069999999748e-05 1.979999999999999982e+00 1.316382559999999934e-13 1.979999999999999982e+00 8.381896030000000053e-01
1.989999999999999991e+00 2.252949430000000201e-03 1.989999999999999991e+00 1.346053970000000023e-04 1.989999999999999991e+00 2.441464439999999937e-03 1.989999999999999991e+00 7.011505530000000228e-15 1.989999999999999991e+00 6.940850259999999938e-01 1.989999999999999991e+00 1.866309480000000057e-03 1.989999999999999991e+00 3.828405330000000120e-05 1.989999999999999991e+00 1.688064860000000004e-03 1.989999999999999991e+00 1.523680900000000016e-14 1.989999999999999991e+00 7.810251590000000244e-01 1.989999999999999991e+00 1.349383889999999919e-03 1.989999999999999991e+00 1.252000580000000027e-05 1.989999999999999991e+00 1.095493290000000043e-03 1.989999999999999991e+00 3.038934229999999889e-14 1.989999999999999991e+00 7.579586130000000033e-01 1.989999999999999991e+00 8.560414119999999651e-04 1.989999999999999991e+00 5.110298240000000406e-06 1.989999999999999991e+00 6.361989109999999746e-04 1.989999999999999991e+00 6.174738530000000253e-14 1.989999999999999991e+00 7.396272720000000023e-01 1.989999999999999991e+00 4.797893139999999889e-04 1.989999999999999991e+00 1.796952829999999897e-06 1.989999999999999991e+00 3.393853860000000202e-04 1.989999999999999991e+00 1.246217610000000079e-13 1.989999999999999991e+00 7.286490559999999617e-01 1.989999999999999991e+00 1.149346369999999914e-03 1.989999999999999991e+00 7.911350569999999556e-05 1.989999999999999991e+00 9.245971069999999901e-04 1.989999999999999991e+00 9.680146300000000003e-15 1.989999999999999991e+00 7.988977919999999955e-01 1.989999999999999991e+00 7.053416159999999864e-04 1.989999999999999991e+00 1.849186649999999996e-05 1.989999999999999991e+00 4.824475230000000218e-04 1.989999999999999991e+00 1.685483409999999945e-14 1.989999999999999991e+00 8.584101100000000040e-01 1.989999999999999991e+00 3.568867310000000044e-04 1.989999999999999991e+00 4.327013779999999834e-06 1.989999999999999991e+00 2.277324660000000023e-04 1.989999999999999991e+00 3.344335429999999942e-14 1.989999999999999991e+00 8.529277219999999993e-01 1.989999999999999991e+00 1.740447529999999889e-04 1.989999999999999991e+00 1.021218340000000101e-06 1.989999999999999991e+00 1.086003540000000055e-04 1.989999999999999991e+00 6.631859899999999514e-14 1.989999999999999991e+00 8.432280089999999451e-01 1.989999999999999991e+00 8.475321210000000478e-05 1.989999999999999991e+00 2.495975310000000021e-07 1.989999999999999991e+00 5.247685040000000199e-05 1.989999999999999991e+00 1.316485250000000063e-13 1.989999999999999991e+00 8.381896030000000053e-01
2.000000000000000000e+00 2.253138960000000083e-03 2.000000000000000000e+00 1.353399200000000098e-04 2.000000000000000000e+00 2.463994910000000000e-03 2.000000000000000000e+00 7.011544810000000256e-15 2.000000000000000000e+00 6.940850259999999938e-01 2.000000000000000000e+00 1.867996549999999993e-03 2.000000000000000000e+00 3.876782380000000084e-05 2.000000000000000000e+00 1.706736439999999907e-03 2.000000000000000000e+00 1.523738460000000066e-14 2.000000000000000000e+00 7.810251590000000244e-01 2.000000000000000000e+00 1.352633829999999940e-03 2.000000000000000000e+00 1.273141540000000058e-05 2.000000000000000000e+00 1.109003429999999915e-03 2.000000000000000000e+00 3.039040750000000275e-14 2.000000000000000000e+00 7.579586130000000033e-01 2.000000000000000000e+00 8.594997310000000116e-04 2.000000000000000000e+00 5.211843280000000101e-06 2.000000000000000000e+00 6.447766520000000048e-04 2.000000000000000000e+00 6.174872469999999489e-14 2.000000000000000000e+00 7.396272720000000023e-01 2.000000000000000000e+00 4.822289890000000241e-04 2.000000000000000000e+00 1.834250429999999922e-06 2.000000000000000000e+00 3.441954950000000214e-04 2.000000000000000000e+00 1.246234570000000055e-13 2.000000000000000000e+00 7.286490559999999617e-01 2.000000000000000000e+00 1.151918719999999981e-03 2.000000000000000000e+00 8.024204829999999453e-05 2.000000000000000000e+00 9.361034810000000081e-04 2.000000000000000000e+00 9.680568809999999664e-15 2.000000000000000000e+00 7.988977919999999955e-01 2.000000000000000000e+00 7.084908370000000044e-04 2.000000000000000000e+00 1.886393570000000110e-05 2.000000000000000000e+00 4.895167160000000193e-04 2.000000000000000000e+00 1.685573510000000131e-14 2.000000000000000000e+00 8.584101100000000040e-01 2.000000000000000000e+00 3.590494809999999863e-04 2.000000000000000000e+00 4.422963279999999617e-06 2.000000000000000000e+00 2.313121589999999987e-04 2.000000000000000000e+00 3.344501120000000088e-14 2.000000000000000000e+00 8.529277219999999993e-01 2.000000000000000000e+00 1.752162689999999933e-04 2.000000000000000000e+00 1.044478490000000021e-06 2.000000000000000000e+00 1.103466640000000067e-04 2.000000000000000000e+00 6.632277149999999807e-14 2.000000000000000000e+00 8.432280089999999451e-01 2.000000000000000000e+00 8.534578929999999666e-05 2.000000000000000000e+00 2.553935310000000098e-07 2.000000000000000000e+00 5.332734729999999684e-05 2.000000000000000000e+00 1.316584500000000053e-13 2.000000000000000000e+00 8.381896030000000053e-01
2.009999999999999787e+00 2.253293149999999797e-03 2.009999999999999787e+00 1.360784140000000065e-04 2.009999999999999787e+00 2.486527100000000129e-03 2.009999999999999787e+00 7.011576969999999988e-15 2.009999999999999787e+00 6.940850259999999938e-01 2.009999999999999787e+00 1.869619859999999915e-03 2.009999999999999787e+00 3.925677990000000031e-05 2.009999999999999787e+00 1.725424579999999992e-03 2.009999999999999787e+00 1.523793759999999891e-14 2.009999999999999787e+00 7.810251590000000244e-01 2.009999999999999787e+00 1.355819070000000015e-03 2.009999999999999787e+00 1.294671329999999961e-05 2.009999999999999787e+00 1.122545750000000005e-03 2.009999999999999787e+00 3.039143350000000104e-14 2.009999999999999787e+00 7.579586130000000033e-01 2.009999999999999787e+00 8.629160820000000278e-04 2.009999999999999787e+00 5.315812409999999907e-06 2.009999999999999787e+00 6.533887659999999473e-04 2.009999999999999787e+00 6.174998859999999768e-14 2.009999999999999787e+00 7.396272720000000023e-01 2.009999999999999787e+00 4.846474889999999943e-04 2.009999999999999787e+00 1.872519950000000019e-06 2.009999999999999787e+00 3.490298949999999967e-04 2.009999999999999787e+00 1.246250069999999915e-13 2.009999999999999787e+00 7.286490559999999617e-01 2.009999999999999787e+00 1.154432690000000003e-03 2.009999999999999787e+00 8.138265730000000656e-05 2.009999999999999787e+00 9.476352869999999946e-04 2.009999999999999787e+00 9.680974179999999256e-15 2.009999999999999787e+00 7.988977919999999955e-01 2.009999999999999787e+00 7.116027389999999555e-04 2.009999999999999787e+00 1.924196090000000148e-05 2.009999999999999787e+00 4.966172149999999869e-04 2.009999999999999787e+00 1.685660209999999984e-14 2.009999999999999787e+00 8.584101100000000040e-01 2.009999999999999787e+00 3.611978790000000160e-04 2.009999999999999787e+00 4.520691920000000099e-06 2.009999999999999787e+00 2.349134080000000015e-04 2.009999999999999787e+00 3.344660070000000185e-14 2.009999999999999787e+00 8.529277219999999993e-01 2.009999999999999787e+00 1.763823620000000100e-04 2.009999999999999787e+00 1.068200820000000006e-06 2.009999999999999787e+00 1.121046609999999975e-04 2.009999999999999787e+00 6.632679090000000017e-14 2.009999999999999787e+00 8.432280089999999451e-01 2.009999999999999787e+00 8.593607609999999800e-05 2.009999999999999787e+00 2.613121760000000074e-07 2.009999999999999787e+00 5.418375849999999762e-05 2.009999999999999787e+00 1.316680370000000021e-13 2.009999999999999787e+00 8.381896030000000053e-01
2.020000000000000018e+00 2.253412729999999895e-03 2.020000000000000018e+00 1.368209799999999953e-04 2.020000000000000018e+00 2.509060659999999988e-03 2.020000000000000018e+00 7.011602260000000168e-15 2.020000000000000018e+00 6.940850259999999938e-01 2.020000000000000018e+00 1.871180579999999916e-03 2.020000000000000018e+00 3.975101650000000122e-05 2.020000000000000018e+00 1.744128630000000039e-03 2.020000000000000018e+00 1.523846890000000108e-14 2.020000000000000018e+00 7.810251590000000244e-01 2.020000000000000018e+00 1.358940369999999927e-03 2.020000000000000018e+00 1.316600709999999973e-05 2.020000000000000018e+00 1.136119600000000092e-03 2.020000000000000018e+00 3.039242209999999976e-14 2.020000000000000018e+00 7.579586130000000033e-01 2.020000000000000018e+00 8.662906909999999782e-04 2.020000000000000018e+00 5.422292780000000228e-06 2.020000000000000018e+00 6.620348339999999583e-04 2.020000000000000018e+00 6.175117979999999779e-14 2.020000000000000018e+00 7.396272720000000023e-01 2.020000000000000018e+00 4.870448449999999923e-04 2.020000000000000018e+00 1.911800290000000053e-06 2.020000000000000018e+00 3.538883739999999800e-04 2.020000000000000018e+00 1.246264179999999962e-13 2.020000000000000018e+00 7.286490559999999617e-01 2.020000000000000018e+00 1.156888870000000007e-03 2.020000000000000018e+00 8.253551579999999664e-05 2.020000000000000018e+00 9.591919429999999983e-04 2.020000000000000018e+00 9.681362840000000279e-15 2.020000000000000018e+00 7.988977919999999955e-01 2.020000000000000018e+00 7.146775250000000045e-04 2.020000000000000018e+00 1.962605499999999856e-05 2.020000000000000018e+00 5.037486469999999513e-04 2.020000000000000018e+00 1.685743600000000116e-14 2.020000000000000018e+00 8.584101100000000040e-01 2.020000000000000018e+00 3.633319470000000054e-04 2.020000000000000018e+00 4.620238870000000009e-06 2.020000000000000018e+00 2.385360689999999897e-04 2.020000000000000018e+00 3.344812440000000204e-14 2.020000000000000018e+00 8.529277219999999993e-01 2.020000000000000018e+00 1.775430330000000079e-04 2.020000000000000018e+00 1.092396640000000002e-06 2.020000000000000018e+00 1.138742929999999958e-04 2.020000000000000018e+00 6.633066040000000085e-14 2.020000000000000018e+00 8.432280089999999451e-01 2.020000000000000018e+00 8.652407260000000025e-05 2.020000000000000018e+00 2.673567939999999970e-07 2.020000000000000018e+00 5.504606119999999787e-05 2.020000000000000018e+00 1.316772949999999888e-13 2.020000000000000018e+00 8.381896030000000053e-01
2.029999999999999805e+00 2.253498420000000103e-03 2.029999999999999805e+00 1.375677190000000063e-04 2.029999999999999805e+00 2.531595240000000108e-03 2.029999999999999805e+00 7.011620929999999962e-15 2.029999999999999805e+00 6.940850259999999938e-01 2.029999999999999805e+00 1.872679849999999997e-03 2.029999999999999805e+00 4.025063060000000223e-05 2.029999999999999805e+00 1.762847980000000099e-03 2.029999999999999805e+00 1.523897930000000069e-14 2.029999999999999805e+00 7.810251590000000244e-01 2.029999999999999805e+00 1.361998460000000011e-03 2.029999999999999805e+00 1.338940829999999927e-05 2.029999999999999805e+00 1.149724350000000091e-03 2.029999999999999805e+00 3.039337529999999854e-14 2.029999999999999805e+00 7.579586130000000033e-01 2.029999999999999805e+00 8.696237799999999513e-04 2.029999999999999805e+00 5.531375599999999679e-06 2.029999999999999805e+00 6.707144409999999616e-04 2.029999999999999805e+00 6.175230170000000090e-14 2.029999999999999805e+00 7.396272720000000023e-01 2.029999999999999805e+00 4.894210910000000450e-04 2.029999999999999805e+00 1.952132369999999807e-06 2.029999999999999805e+00 3.587707210000000012e-04 2.029999999999999805e+00 1.246276939999999937e-13 2.029999999999999805e+00 7.286490559999999617e-01 2.029999999999999805e+00 1.159287819999999924e-03 2.029999999999999805e+00 8.370081080000000358e-05 2.029999999999999805e+00 9.707728740000000399e-04 2.029999999999999805e+00 9.681735199999999503e-15 2.029999999999999805e+00 7.988977919999999955e-01 2.029999999999999805e+00 7.177153900000000225e-04 2.029999999999999805e+00 2.001633399999999978e-05 2.029999999999999805e+00 5.109106429999999777e-04 2.029999999999999805e+00 1.685823759999999883e-14 2.029999999999999805e+00 8.584101100000000040e-01 2.029999999999999805e+00 3.654517069999999750e-04 2.029999999999999805e+00 4.721644630000000145e-06 2.029999999999999805e+00 2.421799989999999926e-04 2.029999999999999805e+00 3.344958359999999807e-14 2.029999999999999805e+00 8.529277219999999993e-01 2.029999999999999805e+00 1.786982830000000101e-04 2.029999999999999805e+00 1.117077669999999960e-06 2.029999999999999805e+00 1.156555039999999950e-04 2.029999999999999805e+00 6.633438319999999955e-14 2.029999999999999805e+00 8.432280089999999451e-01 2.029999999999999805e+00 8.710977919999999641e-05 2.029999999999999805e+00 2.735308500000000012e-07 2.029999999999999805e+00 5.591423240000000140e-05 2.029999999999999805e+00 1.316862309999999955e-13 2.029999999999999805e+00 8.381896030000000053e-01
2.040000000000000036e+00 2.253550919999999791e-03 2.040000000000000036e+00 1.383187319999999883e-04 2.040000000000000036e+00 2.554130520000000033e-03 2.040000000000000036e+00 7.011633240000000112e-15 2.040000000000000036e+00 6.940850259999999938e-01 2.040000000000000036e+00 1.874118759999999920e-03 2.040000000000000036e+00 4.075572120000000079e-05 2.040000000000000036e+00 1.781582029999999968e-03 2.040000000000000036e+00 1.523946990000000071e-14 2.040000000000000036e+00 7.810251590000000244e-01 2.040000000000000036e+00 1.364994079999999914e-03 2.040000000000000036e+00 1.361703229999999925e-05 2.040000000000000036e+00 1.163359359999999957e-03 2.040000000000000036e+00 3.039429469999999709e-14 2.040000000000000036e+00 7.579586130000000033e-01 2.040000000000000036e+00 8.729155690000000439e-04 2.040000000000000036e+00 5.643156430000000161e-06 2.040000000000000036e+00 6.794271719999999889e-04 2.040000000000000036e+00 6.175335709999999390e-14 2.040000000000000036e+00 7.396272720000000023e-01 2.040000000000000036e+00 4.917762580000000286e-04 2.040000000000000036e+00 1.993559320000000093e-06 2.040000000000000036e+00 3.636767259999999780e-04 2.040000000000000036e+00 1.246288419999999889e-13 2.040000000000000036e+00 7.286490559999999617e-01 2.040000000000000036e+00 1.161630099999999902e-03 2.040000000000000036e+00 8.487873379999999403e-05 2.040000000000000036e+00 9.823775099999999035e-04 2.040000000000000036e+00 9.682091690000000007e-15 2.040000000000000036e+00 7.988977919999999955e-01 2.040000000000000036e+00 7.207165240000000094e-04 2.040000000000000036e+00 2.041291759999999846e-05 2.040000000000000036e+00 5.181028330000000265e-04 2.040000000000000036e+00 1.685900769999999902e-14 2.040000000000000036e+00 8.584101100000000040e-01 2.040000000000000036e+00 3.675571780000000117e-04 2.040000000000000036e+00 4.824951049999999643e-06 2.040000000000000036e+00 2.458450550000000124e-04 2.040000000000000036e+00 3.345097999999999910e-14 2.040000000000000036e+00 8.529277219999999993e-01 2.040000000000000036e+00 1.798481140000000086e-04 2.040000000000000036e+00 1.142256059999999908e-06 2.040000000000000036e+00 1.174482399999999941e-04 2.040000000000000036e+00 6.633796270000000195e-14 2.040000000000000036e+00 8.432280089999999451e-01 2.040000000000000036e+00 8.769319609999999651e-05 2.040000000000000036e+00 2.798379490000000210e-07 2.040000000000000036e+00 5.678824909999999847e-05 2.040000000000000036e+00 1.316948510000000087e-13 2.040000000000000036e+00 8.381896030000000053e-01
2.049999999999999822e+00 2.253570889999999792e-03 2.049999999999999822e+00 1.390741199999999986e-04 2.049999999999999822e+00 2.576666149999999860e-03 2.049999999999999822e+00 7.011639419999999788e-15 2.049999999999999822e+00 6.940850259999999938e-01 2.049999999999999822e+00 1.875498410000000062e-03 2.049999999999999822e+00 4.126638929999999989e-05 2.049999999999999822e+00 1.800330159999999954e-03 2.049999999999999822e+00 1.523994140000000102e-14 2.049999999999999822e+00 7.810251590000000244e-01 2.049999999999999822e+00 1.367927930000000089e-03 2.049999999999999822e+00 1.384899869999999982e-05 2.049999999999999822e+00 1.177024019999999959e-03 2.049999999999999822e+00 3.039518230000000137e-14 2.049999999999999822e+00 7.579586130000000033e-01 2.049999999999999822e+00 8.761662699999999511e-04 2.049999999999999822e+00 5.757735379999999963e-06 2.049999999999999822e+00 6.881726159999999480e-04 2.049999999999999822e+00 6.175434910000000463e-14 2.049999999999999822e+00 7.396272720000000023e-01 2.049999999999999822e+00 4.941103779999999777e-04 2.049999999999999822e+00 2.036126610000000046e-06 2.049999999999999822e+00 3.686061760000000024e-04 2.049999999999999822e+00 1.246298660000000065e-13 2.049999999999999822e+00 7.286490559999999617e-01 2.049999999999999822e+00 1.163916249999999951e-03 2.049999999999999822e+00 8.606948029999999996e-05 2.049999999999999822e+00 9.940052879999999955e-04 2.049999999999999822e+00 9.682432710000000140e-15 2.049999999999999822e+00 7.988977919999999955e-01 2.049999999999999822e+00 7.236811119999999849e-04 2.049999999999999822e+00 2.081592889999999942e-05 2.049999999999999822e+00 5.253248510000000423e-04 2.049999999999999822e+00 1.685974689999999847e-14 2.049999999999999822e+00 8.584101100000000040e-01 2.049999999999999822e+00 3.696483809999999773e-04 2.049999999999999822e+00 4.930201389999999995e-06 2.049999999999999822e+00 2.495310949999999931e-04 2.049999999999999822e+00 3.345231479999999859e-14 2.049999999999999822e+00 8.529277219999999993e-01 2.049999999999999822e+00 1.809925269999999994e-04 2.049999999999999822e+00 1.167944420000000060e-06 2.049999999999999822e+00 1.192524480000000016e-04 2.049999999999999822e+00 6.634140180000000440e-14 2.049999999999999822e+00 8.432280089999999451e-01 2.049999999999999822e+00 8.827432319999999554e-05 2.049999999999999822e+00 2.862818460000000192e-07 2.049999999999999822e+00 5.766808869999999942e-05 2.049999999999999822e+00 1.317031630000000015e-13 2.049999999999999822e+00 8.381896030000000053e-01
2.060000000000000053e+00 2.253559009999999991e-03 2.060000000000000053e+00 1.398339870000000010e-04 2.060000000000000053e+00 2.599201829999999921e-03 2.060000000000000053e+00 7.011639719999999734e-15 2.060000000000000053e+00 6.940850259999999938e-01 2.060000000000000053e+00 1.876819839999999953e-03 2.060000000000000053e+00 4.178273839999999931e-05 2.060000000000000053e+00 1.819091799999999950e-03 2.060000000000000053e+00 1.524039470000000145e-14 2.060000000000000053e+00 7.810251590000000244e-01 2.060000000000000053e+00 1.370800730000000045e-03 2.060000000000000053e+00 1.408543120000000038e-05 2.060000000000000053e+00 1.190717719999999933e-03 2.060000000000000053e+00 3.039603980000000160e-14 2.060000000000000053e+00 7.579586130000000033e-01 2.060000000000000053e+00 8.793760930000000262e-04 2.060000000000000053e+00 5.875217389999999860e-06 2.060000000000000053e+00 6.969503609999999670e-04 2.060000000000000053e+00 6.175528079999999781e-14 2.060000000000000053e+00 7.396272720000000023e-01 2.060000000000000053e+00 4.964234799999999934e-04 2.060000000000000053e+00 2.079882190000000175e-06 2.060000000000000053e+00 3.735588629999999841e-04 2.060000000000000053e+00 1.246307720000000075e-13 2.060000000000000053e+00 7.286490559999999617e-01 2.060000000000000053e+00 1.166146799999999905e-03 2.060000000000000053e+00 8.727325050000000475e-05 2.060000000000000053e+00 1.005655650000000052e-03 2.060000000000000053e+00 9.682758679999999828e-15 2.060000000000000053e+00 7.988977919999999955e-01 2.060000000000000053e+00 7.266093329999999927e-04 2.060000000000000053e+00 2.122549470000000015e-05 2.060000000000000053e+00 5.325763339999999577e-04 2.060000000000000053e+00 1.686045610000000015e-14 2.060000000000000053e+00 8.584101100000000040e-01 2.060000000000000053e+00 3.717253320000000246e-04 2.060000000000000053e+00 5.037440440000000413e-06 2.060000000000000053e+00 2.532379750000000223e-04 2.060000000000000053e+00 3.345358949999999944e-14 2.060000000000000053e+00 8.529277219999999993e-01 2.060000000000000053e+00 1.821315220000000097e-04 2.060000000000000053e+00 1.194155830000000008e-06 2.060000000000000053e+00 1.210680730000000067e-04 2.060000000000000053e+00 6.634470380000000312e-14 2.060000000000000053e+00 8.432280089999999451e-01 2.060000000000000053e+00 8.885316079999999500e-05 2.060000000000000053e+00 2.928664509999999917e-07 2.060000000000000053e+00 5.855372799999999803e-05 2.060000000000000053e+00 1.317111740000000044e-13 2.060000000000000053e+00 8.381896030000000053e-01
2.069999999999999840e+00 2.253515890000000119e-03 2.069999999999999840e+00 1.405984359999999905e-04 2.069999999999999840e+00 2.621737229999999801e-03 2.069999999999999840e+00 7.011634389999999905e-15 2.069999999999999840e+00 6.940850259999999938e-01 2.069999999999999840e+00 1.878084080000000031e-03 2.069999999999999840e+00 4.230487389999999939e-05 2.069999999999999840e+00 1.837866370000000105e-03 2.069999999999999840e+00 1.524083069999999868e-14 2.069999999999999840e+00 7.810251590000000244e-01 2.069999999999999840e+00 1.373613160000000102e-03 2.069999999999999840e+00 1.432645809999999917e-05 2.069999999999999840e+00 1.204439839999999970e-03 2.069999999999999840e+00 3.039686910000000060e-14 2.069999999999999840e+00 7.579586130000000033e-01 2.069999999999999840e+00 8.825452419999999963e-04 2.069999999999999840e+00 5.995712540000000213e-06 2.069999999999999840e+00 7.057600020000000382e-04 2.069999999999999840e+00 6.175615530000000129e-14 2.069999999999999840e+00 7.396272720000000023e-01 2.069999999999999840e+00 4.987155919999999637e-04 2.069999999999999840e+00 2.124876670000000050e-06 2.069999999999999840e+00 3.785345760000000071e-04 2.069999999999999840e+00 1.246315669999999969e-13 2.069999999999999840e+00 7.286490559999999617e-01 2.069999999999999840e+00 1.168322270000000072e-03 2.069999999999999840e+00 8.849024910000000089e-05 2.069999999999999840e+00 1.017328039999999909e-03 2.069999999999999840e+00 9.683069990000000577e-15 2.069999999999999840e+00 7.988977919999999955e-01 2.069999999999999840e+00 7.295013589999999959e-04 2.069999999999999840e+00 2.164174579999999910e-05 2.069999999999999840e+00 5.398569170000000386e-04 2.069999999999999840e+00 1.686113600000000081e-14 2.069999999999999840e+00 8.584101100000000040e-01 2.069999999999999840e+00 3.737880469999999814e-04 2.069999999999999840e+00 5.146714490000000042e-06 2.069999999999999840e+00 2.569655540000000127e-04 2.069999999999999840e+00 3.345480550000000139e-14 2.069999999999999840e+00 8.529277219999999993e-01 2.069999999999999840e+00 1.832651000000000082e-04 2.069999999999999840e+00 1.220903899999999993e-06 2.069999999999999840e+00 1.228950610000000086e-04 2.069999999999999840e+00 6.634787159999999446e-14 2.069999999999999840e+00 8.432280089999999451e-01 2.069999999999999840e+00 8.942970869999999840e-05 2.069999999999999840e+00 2.995958420000000140e-07 2.069999999999999840e+00 5.944514420000000137e-05 2.069999999999999840e+00 1.317188890000000101e-13 2.069999999999999840e+00 8.381896030000000053e-01
2.080000000000000071e+00 2.253442159999999826e-03 2.080000000000000071e+00 1.413675699999999893e-04 2.080000000000000071e+00 2.644272039999999869e-03 2.080000000000000071e+00 7.011623690000000254e-15 2.080000000000000071e+00 6.940850259999999938e-01 2.080000000000000071e+00 1.879292120000000026e-03 2.080000000000000071e+00 4.283290369999999723e-05 2.080000000000000071e+00 1.856653289999999918e-03 2.080000000000000071e+00 1.524125029999999887e-14 2.080000000000000071e+00 7.810251590000000244e-01 2.080000000000000071e+00 1.376365880000000007e-03 2.080000000000000071e+00 1.457221240000000009e-05 2.080000000000000071e+00 1.218189780000000083e-03 2.080000000000000071e+00 3.039767190000000121e-14 2.080000000000000071e+00 7.579586130000000033e-01 2.080000000000000071e+00 8.856739160000000419e-04 2.080000000000000071e+00 6.119336299999999974e-06 2.080000000000000071e+00 7.146011309999999485e-04 2.080000000000000071e+00 6.175697549999999877e-14 2.080000000000000071e+00 7.396272720000000023e-01 2.080000000000000071e+00 5.009867409999999976e-04 2.080000000000000071e+00 2.171163530000000120e-06 2.080000000000000071e+00 3.835331049999999892e-04 2.080000000000000071e+00 1.246322540000000057e-13 2.080000000000000071e+00 7.286490559999999617e-01 2.080000000000000071e+00 1.170443159999999972e-03 2.080000000000000071e+00 8.972068539999999504e-05 2.080000000000000071e+00 1.029021910000000022e-03 2.080000000000000071e+00 9.683367050000000737e-15 2.080000000000000071e+00 7.988977919999999955e-01 2.080000000000000071e+00 7.323573579999999739e-04 2.080000000000000071e+00 2.206481659999999929e-05 2.080000000000000071e+00 5.471662409999999846e-04 2.080000000000000071e+00 1.686178730000000030e-14 2.080000000000000071e+00 8.584101100000000040e-01 2.080000000000000071e+00 3.758365400000000084e-04 2.080000000000000071e+00 5.258071500000000061e-06 2.080000000000000071e+00 2.607136889999999937e-04 2.080000000000000071e+00 3.345596410000000105e-14 2.080000000000000071e+00 8.529277219999999993e-01 2.080000000000000071e+00 1.843932609999999952e-04 2.080000000000000071e+00 1.248202749999999990e-06 2.080000000000000071e+00 1.247333570000000100e-04 2.080000000000000071e+00 6.635090819999999679e-14 2.080000000000000071e+00 8.432280089999999451e-01 2.080000000000000071e+00 9.000396690000000575e-05 2.080000000000000071e+00 3.064742669999999845e-07 2.080000000000000071e+00 6.034231450000000297e-05 2.080000000000000071e+00 1.317263159999999919e-13 2.080000000000000071e+00 8.381896030000000053e-01
2.089999999999999858e+00 2.253338420000000186e-03 2.089999999999999858e+00 1.421414950000000075e-04 2.089999999999999858e+00 2.666805969999999984e-03 2.089999999999999858e+00 7.011607839999999952e-15 2.089999999999999858e+00 6.940850259999999938e-01 2.089999999999999858e+00 1.880444950000000103e-03 2.089999999999999858e+00 4.336693799999999702e-05 2.089999999999999858e+00 1.875452029999999989e-03 2.089999999999999858e+00 1.524165429999999871e-14 2.089999999999999858e+00 7.810251590000000244e-01 2.089999999999999858e+00 1.379059570000000078e-03 2.089999999999999858e+00 1.482283170000000084e-05 2.089999999999999858e+00 1.231966959999999988e-03 2.089999999999999858e+00 3.039845020000000308e-14 2.089999999999999858e+00 7.579586130000000033e-01 2.089999999999999858e+00 8.887623090000000385e-04 2.089999999999999858e+00 6.246209910000000175e-06 2.089999999999999858e+00 7.234733460000000033e-04 2.089999999999999858e+00 6.175774450000000547e-14 2.089999999999999858e+00 7.396272720000000023e-01 2.089999999999999858e+00 5.032369529999999912e-04 2.089999999999999858e+00 2.218799240000000038e-06 2.089999999999999858e+00 3.885542410000000064e-04 2.089999999999999858e+00 1.246328399999999886e-13 2.089999999999999858e+00 7.286490559999999617e-01 2.089999999999999858e+00 1.172509950000000072e-03 2.089999999999999858e+00 9.096477359999999594e-05 2.089999999999999858e+00 1.040736719999999947e-03 2.089999999999999858e+00 9.683650250000000236e-15 2.089999999999999858e+00 7.988977919999999955e-01 2.089999999999999858e+00 7.351774920000000383e-04 2.089999999999999858e+00 2.249484590000000109e-05 2.089999999999999858e+00 5.545039450000000458e-04 2.089999999999999858e+00 1.686241079999999848e-14 2.089999999999999858e+00 8.584101100000000040e-01 2.089999999999999858e+00 3.778708239999999997e-04 2.089999999999999858e+00 5.371561089999999625e-06 2.089999999999999858e+00 2.644822379999999906e-04 2.089999999999999858e+00 3.345706680000000132e-14 2.089999999999999858e+00 8.529277219999999993e-01 2.089999999999999858e+00 1.855160040000000015e-04 2.089999999999999858e+00 1.276067040000000027e-06 2.089999999999999858e+00 1.265829080000000059e-04 2.089999999999999858e+00 6.635381649999999383e-14 2.089999999999999858e+00 8.432280089999999451e-01 2.089999999999999858e+00 9.057593510000000198e-05 2.089999999999999858e+00 3.135061610000000033e-07 2.089999999999999858e+00 6.124521589999999986e-05 2.089999999999999858e+00 1.317334610000000119e-13 2.089999999999999858e+00 8.381896030000000053e-01
2.100000000000000089e+00 2.253205239999999786e-03 2.100000000000000089e+00 1.429203160000000049e-04 2.100000000000000089e+00 2.689338710000000084e-03 2.100000000000000089e+00 7.011587109999999740e-15 2.100000000000000089e+00 6.940850259999999938e-01 2.100000000000000089e+00 1.881543500000000015e-03 2.100000000000000089e+00 4.390708940000000149e-05 2.100000000000000089e+00 1.894262010000000033e-03 2.100000000000000089e+00 1.524204360000000119e-14 2.100000000000000089e+00 7.810251590000000244e-01 2.100000000000000089e+00 1.381694869999999927e-03 2.100000000000000089e+00 1.507845899999999922e-05 2.100000000000000089e+00 1.245770779999999913e-03 2.100000000000000089e+00 3.039920579999999957e-14 2.100000000000000089e+00 7.579586130000000033e-01 2.100000000000000089e+00 8.918106079999999977e-04 2.100000000000000089e+00 6.376460709999999840e-06 2.100000000000000089e+00 7.323762439999999697e-04 2.100000000000000089e+00 6.175846530000000191e-14 2.100000000000000089e+00 7.396272720000000023e-01 2.100000000000000089e+00 5.054662499999999651e-04 2.100000000000000089e+00 2.267843549999999918e-06 2.100000000000000089e+00 3.935977739999999762e-04 2.100000000000000089e+00 1.246333299999999887e-13 2.100000000000000089e+00 7.286490559999999617e-01 2.100000000000000089e+00 1.174523119999999971e-03 2.100000000000000089e+00 9.222273280000000089e-05 2.100000000000000089e+00 1.052471930000000106e-03 2.100000000000000089e+00 9.683919990000000581e-15 2.100000000000000089e+00 7.988977919999999955e-01 2.100000000000000089e+00 7.379619150000000074e-04 2.100000000000000089e+00 2.293197669999999890e-05 2.100000000000000089e+00 5.618696720000000222e-04 2.100000000000000089e+00 1.686300710000000156e-14 2.100000000000000089e+00 8.584101100000000040e-01 2.100000000000000089e+00 3.798909110000000156e-04 2.100000000000000089e+00 5.487234670000000358e-06 2.100000000000000089e+00 2.682710579999999785e-04 2.100000000000000089e+00 3.345811469999999882e-14 2.100000000000000089e+00 8.529277219999999993e-01 2.100000000000000089e+00 1.866333270000000081e-04 2.100000000000000089e+00 1.304512050000000051e-06 2.100000000000000089e+00 1.284436589999999993e-04 2.100000000000000089e+00 6.635659939999999450e-14 2.100000000000000089e+00 8.432280089999999451e-01 2.100000000000000089e+00 9.114561289999999411e-05 2.100000000000000089e+00 3.206961520000000238e-07 2.100000000000000089e+00 6.215382559999999912e-05 2.100000000000000089e+00 1.317403300000000058e-13 2.100000000000000089e+00 8.381896030000000053e-01
2.109999999999999876e+00 2.253043189999999821e-03 2.109999999999999876e+00 1.437041389999999918e-04 2.109999999999999876e+00 2.711869979999999986e-03 2.109999999999999876e+00 7.011561730000000365e-15 2.109999999999999876e+00 6.940850259999999938e-01 2.109999999999999876e+00 1.882588709999999908e-03 2.109999999999999876e+00 4.445347310000000163e-05 2.109999999999999876e+00 1.913082719999999919e-03 2.109999999999999876e+00 1.524241909999999985e-14 2.109999999999999876e+00 7.810251590000000244e-01 2.109999999999999876e+00 1.384272410000000073e-03 2.109999999999999876e+00 1.533924250000000004e-05 2.109999999999999876e+00 1.259600660000000007e-03 2.109999999999999876e+00 3.039994050000000298e-14 2.109999999999999876e+00 7.579586130000000033e-01 2.109999999999999876e+00 8.948189939999999553e-04 2.109999999999999876e+00 6.510222489999999998e-06 2.109999999999999876e+00 7.413094250000000366e-04 2.109999999999999876e+00 6.175914110000000015e-14 2.109999999999999876e+00 7.396272720000000023e-01 2.109999999999999876e+00 5.076746540000000481e-04 2.109999999999999876e+00 2.318359689999999791e-06 2.109999999999999876e+00 3.986634960000000252e-04 2.109999999999999876e+00 1.246337289999999989e-13 2.109999999999999876e+00 7.286490559999999617e-01 2.109999999999999876e+00 1.176483130000000000e-03 2.109999999999999876e+00 9.349478720000000580e-05 2.109999999999999876e+00 1.064227010000000015e-03 2.109999999999999876e+00 9.684176650000000126e-15 2.109999999999999876e+00 7.988977919999999955e-01 2.109999999999999876e+00 7.407107760000000447e-04 2.109999999999999876e+00 2.337635649999999967e-05 2.109999999999999876e+00 5.692630650000000394e-04 2.109999999999999876e+00 1.686357699999999993e-14 2.109999999999999876e+00 8.584101100000000040e-01 2.109999999999999876e+00 3.818968090000000241e-04 2.109999999999999876e+00 5.605145510000000046e-06 2.109999999999999876e+00 2.720800079999999787e-04 2.109999999999999876e+00 3.345910930000000277e-14 2.109999999999999876e+00 8.529277219999999993e-01 2.109999999999999876e+00 1.877452310000000111e-04 2.109999999999999876e+00 1.333553639999999996e-06 2.109999999999999876e+00 1.303155559999999891e-04 2.109999999999999876e+00 6.635925969999999832e-14 2.109999999999999876e+00 8.432280089999999451e-01 2.109999999999999876e+00 9.171299990000000271e-05 2.109999999999999876e+00 3.280490719999999980e-07 2.109999999999999876e+00 6.306812059999999779e-05 2.109999999999999876e+00 1.317469300000000040e-13 2.109999999999999876e+00 8.381896030000000053e-01
2.120000000000000107e+00 2.252852819999999825e-03 2.120000000000000107e+00 1.444930710000000014e-04 2.120000000000000107e+00 2.734399480000000021e-03 2.120000000000000107e+00 7.011531950000000205e-15 2.120000000000000107e+00 6.940850259999999938e-01 2.120000000000000107e+00 1.883581469999999914e-03 2.120000000000000107e+00 4.500620689999999699e-05 2.120000000000000107e+00 1.931913609999999894e-03 2.120000000000000107e+00 1.524278170000000083e-14 2.120000000000000107e+00 7.810251590000000244e-01 2.120000000000000107e+00 1.386792809999999989e-03 2.120000000000000107e+00 1.560533579999999975e-05 2.120000000000000107e+00 1.273456029999999947e-03 2.120000000000000107e+00 3.040065619999999718e-14 2.120000000000000107e+00 7.579586130000000033e-01 2.120000000000000107e+00 8.977876419999999708e-04 2.120000000000000107e+00 6.647635909999999710e-06 2.120000000000000107e+00 7.502724909999999511e-04 2.120000000000000107e+00 6.175977490000000595e-14 2.120000000000000107e+00 7.396272720000000023e-01 2.120000000000000107e+00 5.098621829999999515e-04 2.120000000000000107e+00 2.370414610000000055e-06 2.120000000000000107e+00 4.037511980000000125e-04 2.120000000000000107e+00 1.246340439999999990e-13 2.120000000000000107e+00 7.286490559999999617e-01 2.120000000000000107e+00 1.178390430000000096e-03 2.120000000000000107e+00 9.478116619999999663e-05 2.120000000000000107e+00 1.076001420000000097e-03 2.120000000000000107e+00 9.684420620000000377e-15 2.120000000000000107e+00 7.988977919999999955e-01 2.120000000000000107e+00 7.434242170000000165e-04 2.120000000000000107e+00 2.382813729999999912e-05 2.120000000000000107e+00 5.766837689999999980e-04 2.120000000000000107e+00 1.686412109999999979e-14 2.120000000000000107e+00 8.584101100000000040e-01 2.120000000000000107e+00 3.838885249999999974e-04 2.120000000000000107e+00 5.725348809999999871e-06 2.120000000000000107e+00 2.759089470000000125e-04 2.120000000000000107e+00 3.346005189999999714e-14 2.120000000000000107e+00 8.529277219999999993e-01 2.120000000000000107e+00 1.888517119999999993e-04 2.120000000000000107e+00 1.363208330000000072e-06 2.120000000000000107e+00 1.321985450000000013e-04 2.120000000000000107e+00 6.636180009999999533e-14 2.120000000000000107e+00 8.432280089999999451e-01 2.120000000000000107e+00 9.227809560000000268e-05 2.120000000000000107e+00 3.355699680000000228e-07 2.120000000000000107e+00 6.398807799999999793e-05 2.120000000000000107e+00 1.317532650000000057e-13 2.120000000000000107e+00 8.381896030000000053e-01
2.129999999999999893e+00 2.252634659999999851e-03 2.129999999999999893e+00 1.452872210000000046e-04 2.129999999999999893e+00 2.756926939999999968e-03 2.129999999999999893e+00 7.011498020000000003e-15 2.129999999999999893e+00 6.940850259999999938e-01 2.129999999999999893e+00 1.884522669999999945e-03 2.129999999999999893e+00 4.556541099999999924e-05 2.129999999999999893e+00 1.950754170000000044e-03 2.129999999999999893e+00 1.524313230000000082e-14 2.129999999999999893e+00 7.810251590000000244e-01 2.129999999999999893e+00 1.389256680000000056e-03 2.129999999999999893e+00 1.587689849999999962e-05 2.129999999999999893e+00 1.287336330000000018e-03 2.129999999999999893e+00 3.040135479999999762e-14 2.129999999999999893e+00 7.579586130000000033e-01 2.129999999999999893e+00 9.007167190000000276e-04 2.129999999999999893e+00 6.788848950000000022e-06 2.129999999999999893e+00 7.592650459999999947e-04 2.129999999999999893e+00 6.176036990000000611e-14 2.129999999999999893e+00 7.396272720000000023e-01 2.129999999999999893e+00 5.120288530000000450e-04 2.129999999999999893e+00 2.424079250000000123e-06 2.129999999999999893e+00 4.088606700000000185e-04 2.129999999999999893e+00 1.246342789999999882e-13 2.129999999999999893e+00 7.286490559999999617e-01 2.129999999999999893e+00 1.180245450000000059e-03 2.129999999999999893e+00 9.608210470000000511e-05 2.129999999999999893e+00 1.087794640000000045e-03 2.129999999999999893e+00 9.684652299999999686e-15 2.129999999999999893e+00 7.988977919999999955e-01 2.129999999999999893e+00 7.461023770000000180e-04 2.129999999999999893e+00 2.428747590000000022e-05 2.129999999999999893e+00 5.841314310000000074e-04 2.129999999999999893e+00 1.686464030000000098e-14 2.129999999999999893e+00 8.584101100000000040e-01 2.129999999999999893e+00 3.858660650000000198e-04 2.129999999999999893e+00 5.847901809999999949e-06 2.129999999999999893e+00 2.797577320000000007e-04 2.129999999999999893e+00 3.346094359999999753e-14 2.129999999999999893e+00 8.529277219999999993e-01 2.129999999999999893e+00 1.899527680000000077e-04 2.129999999999999893e+00 1.393493330000000029e-06 2.129999999999999893e+00 1.340925720000000077e-04 2.129999999999999893e+00 6.636422349999999447e-14 2.129999999999999893e+00 8.432280089999999451e-01 2.129999999999999893e+00 9.284089910000000302e-05 2.129999999999999893e+00 3.432641179999999739e-07 2.129999999999999893e+00 6.491367479999999657e-05 2.129999999999999893e+00 1.317593430000000095e-13 2.129999999999999893e+00 8.381896030000000053e-01
2.140000000000000124e+00 2.252389220000000029e-03 2.140000000000000124e+00 1.460866970000000036e-04 2.140000000000000124e+00 2.779452080000000078e-03 2.140000000000000124e+00 7.011460199999999712e-15 2.140000000000000124e+00 6.940850259999999938e-01 2.140000000000000124e+00 1.885413160000000074e-03 2.140000000000000124e+00 4.613120850000000303e-05 2.140000000000000124e+00 1.969603900000000199e-03 2.140000000000000124e+00 1.524347159999999968e-14 2.140000000000000124e+00 7.810251590000000244e-01 2.140000000000000124e+00 1.391664599999999910e-03 2.140000000000000124e+00 1.615409600000000079e-05 2.140000000000000124e+00 1.301240979999999936e-03 2.140000000000000124e+00 3.040203829999999763e-14 2.140000000000000124e+00 7.579586130000000033e-01 2.140000000000000124e+00 9.036063860000000244e-04 2.140000000000000124e+00 6.934017329999999991e-06 2.140000000000000124e+00 7.682866940000000148e-04 2.140000000000000124e+00 6.176092899999999695e-14 2.140000000000000124e+00 7.396272720000000023e-01 2.140000000000000124e+00 5.141746769999999515e-04 2.140000000000000124e+00 2.479428850000000184e-06 2.140000000000000124e+00 4.139917050000000028e-04 2.140000000000000124e+00 1.246344400000000034e-13 2.140000000000000124e+00 7.286490559999999617e-01 2.140000000000000124e+00 1.182048630000000081e-03 2.140000000000000124e+00 9.739784299999999534e-05 2.140000000000000124e+00 1.099606159999999945e-03 2.140000000000000124e+00 9.684872059999999563e-15 2.140000000000000124e+00 7.988977919999999955e-01 2.140000000000000124e+00 7.487453829999999753e-04 2.140000000000000124e+00 2.475453400000000127e-05 2.140000000000000124e+00 5.916056989999999563e-04 2.140000000000000124e+00 1.686513500000000026e-14 2.140000000000000124e+00 8.584101100000000040e-01 2.140000000000000124e+00 3.878294330000000211e-04 2.140000000000000124e+00 5.972863869999999615e-06 2.140000000000000124e+00 2.836262210000000230e-04 2.140000000000000124e+00 3.346178579999999736e-14 2.140000000000000124e+00 8.529277219999999993e-01 2.140000000000000124e+00 1.910483959999999942e-04 2.140000000000000124e+00 1.424426550000000036e-06 2.140000000000000124e+00 1.359975830000000074e-04 2.140000000000000124e+00 6.636653250000000158e-14 2.140000000000000124e+00 8.432280089999999451e-01 2.140000000000000124e+00 9.340140949999999921e-05 2.140000000000000124e+00 3.511370380000000084e-07 2.140000000000000124e+00 6.584488830000000581e-05 2.140000000000000124e+00 1.317651690000000082e-13 2.140000000000000124e+00 8.381896030000000053e-01
2.149999999999999911e+00 2.252117000000000095e-03 2.149999999999999911e+00 1.468916099999999887e-04 2.149999999999999911e+00 2.801974640000000089e-03 2.149999999999999911e+00 7.011418720000000080e-15 2.149999999999999911e+00 6.940850259999999938e-01 2.149999999999999911e+00 1.886253770000000021e-03 2.149999999999999911e+00 4.670372530000000132e-05 2.149999999999999911e+00 1.988462270000000091e-03 2.149999999999999911e+00 1.524380070000000039e-14 2.149999999999999911e+00 7.810251590000000244e-01 2.149999999999999911e+00 1.394017160000000010e-03 2.149999999999999911e+00 1.643710039999999863e-05 2.149999999999999911e+00 1.315169439999999907e-03 2.149999999999999911e+00 3.040270849999999687e-14 2.149999999999999911e+00 7.579586130000000033e-01 2.149999999999999911e+00 9.064567940000000084e-04 2.149999999999999911e+00 7.083304999999999939e-06 2.149999999999999911e+00 7.773370429999999515e-04 2.149999999999999911e+00 6.176145549999999998e-14 2.149999999999999911e+00 7.396272720000000023e-01 2.149999999999999911e+00 5.162996629999999643e-04 2.149999999999999911e+00 2.536543269999999819e-06 2.149999999999999911e+00 4.191440949999999835e-04 2.149999999999999911e+00 1.246345330000000056e-13 2.149999999999999911e+00 7.286490559999999617e-01 2.149999999999999911e+00 1.183800359999999906e-03 2.149999999999999911e+00 9.872862710000000080e-05 2.149999999999999911e+00 1.111435440000000004e-03 2.149999999999999911e+00 9.685080279999999940e-15 2.149999999999999911e+00 7.988977919999999955e-01 2.149999999999999911e+00 7.513533600000000395e-04 2.149999999999999911e+00 2.522947870000000068e-05 2.149999999999999911e+00 5.991062219999999461e-04 2.149999999999999911e+00 1.686560610000000064e-14 2.149999999999999911e+00 8.584101100000000040e-01 2.149999999999999911e+00 3.897786290000000015e-04 2.149999999999999911e+00 6.100296610000000049e-06 2.149999999999999911e+00 2.875142729999999921e-04 2.149999999999999911e+00 3.346257979999999956e-14 2.149999999999999911e+00 8.529277219999999993e-01 2.149999999999999911e+00 1.921385920000000019e-04 2.149999999999999911e+00 1.456026650000000020e-06 2.149999999999999911e+00 1.379135220000000071e-04 2.149999999999999911e+00 6.636872979999999410e-14 2.149999999999999911e+00 8.432280089999999451e-01 2.149999999999999911e+00 9.395962579999999524e-05 2.149999999999999911e+00 3.591945040000000086e-07 2.149999999999999911e+00 6.678169540000000412e-05 2.149999999999999911e+00 1.317707489999999880e-13 2.149999999999999911e+00 8.381896030000000053e-01
2.160000000000000142e+00 2.251818489999999826e-03 2.160000000000000142e+00 1.477020700000000080e-04 2.160000000000000142e+00 2.824494339999999819e-03 2.160000000000000142e+00 7.011373840000000272e-15 2.160000000000000142e+00 6.940850259999999938e-01 2.160000000000000142e+00 1.887045329999999937e-03 2.160000000000000142e+00 4.728309000000000065e-05 2.160000000000000142e+00 2.007328809999999863e-03 2.160000000000000142e+00 1.524412049999999961e-14 2.160000000000000142e+00 7.810251590000000244e-01 2.160000000000000142e+00 1.396314920000000072e-03 2.160000000000000142e+00 1.672609009999999992e-05 2.160000000000000142e+00 1.329121140000000039e-03 2.160000000000000142e+00 3.040336749999999813e-14 2.160000000000000142e+00 7.579586130000000033e-01 2.160000000000000142e+00 9.092680869999999463e-04 2.160000000000000142e+00 7.236884740000000242e-06 2.160000000000000142e+00 7.864156999999999658e-04 2.160000000000000142e+00 6.176195250000000516e-14 2.160000000000000142e+00 7.396272720000000023e-01 2.160000000000000142e+00 5.184038179999999468e-04 2.160000000000000142e+00 2.595507300000000190e-06 2.160000000000000142e+00 4.243176289999999904e-04 2.160000000000000142e+00 1.246345619999999941e-13 2.160000000000000142e+00 7.286490559999999617e-01 2.160000000000000142e+00 1.185501050000000063e-03 2.160000000000000142e+00 1.000747090000000039e-04 2.160000000000000142e+00 1.123281990000000010e-03 2.160000000000000142e+00 9.685277350000000747e-15 2.160000000000000142e+00 7.988977919999999955e-01 2.160000000000000142e+00 7.539264249999999600e-04 2.160000000000000142e+00 2.571248219999999884e-05 2.160000000000000142e+00 6.066326499999999660e-04 2.160000000000000142e+00 1.686605419999999885e-14 2.160000000000000142e+00 8.584101100000000040e-01 2.160000000000000142e+00 3.917136530000000149e-04 2.160000000000000142e+00 6.230263969999999834e-06 2.160000000000000142e+00 2.914217459999999876e-04 2.160000000000000142e+00 3.346332670000000077e-14 2.160000000000000142e+00 8.529277219999999993e-01 2.160000000000000142e+00 1.932233519999999925e-04 2.160000000000000142e+00 1.488313109999999917e-06 2.160000000000000142e+00 1.398403360000000019e-04 2.160000000000000142e+00 6.637081790000000627e-14 2.160000000000000142e+00 8.432280089999999451e-01 2.160000000000000142e+00 9.451554679999999862e-05 2.160000000000000142e+00 3.674425579999999750e-07 2.160000000000000142e+00 6.772407319999999354e-05 2.160000000000000142e+00 1.317760879999999924e-13 2.160000000000000142e+00 8.381896030000000053e-01
2.169999999999999929e+00 2.251494149999999986e-03 2.169999999999999929e+00 1.485181899999999896e-04 2.169999999999999929e+00 2.847010919999999872e-03 2.169999999999999929e+00 7.011325820000000240e-15 2.169999999999999929e+00 6.940850259999999938e-01 2.169999999999999929e+00 1.887788610000000001e-03 2.169999999999999929e+00 4.786943439999999888e-05 2.169999999999999929e+00 2.026203020000000212e-03 2.169999999999999929e+00 1.524443170000000038e-14 2.169999999999999929e+00 7.810251590000000244e-01 2.169999999999999929e+00 1.398558420000000106e-03 2.169999999999999929e+00 1.702125050000000042e-05 2.169999999999999929e+00 1.343095550000000067e-03 2.169999999999999929e+00 3.040401719999999791e-14 2.169999999999999929e+00 7.579586130000000033e-01 2.169999999999999929e+00 9.120403999999999491e-04 2.169999999999999929e+00 7.394938629999999863e-06 2.169999999999999929e+00 7.955222749999999897e-04 2.169999999999999929e+00 6.176242329999999613e-14 2.169999999999999929e+00 7.396272720000000023e-01 2.169999999999999929e+00 5.204871430000000037e-04 2.169999999999999929e+00 2.656411080000000055e-06 2.169999999999999929e+00 4.295121009999999795e-04 2.169999999999999929e+00 1.246345349999999926e-13 2.169999999999999929e+00 7.286490559999999617e-01 2.169999999999999929e+00 1.187151079999999902e-03 2.169999999999999929e+00 1.014363459999999956e-04 2.169999999999999929e+00 1.135145300000000050e-03 2.169999999999999929e+00 9.685463660000000336e-15 2.169999999999999929e+00 7.988977919999999955e-01 2.169999999999999929e+00 7.564646859999999556e-04 2.169999999999999929e+00 2.620372249999999940e-05 2.169999999999999929e+00 6.141846349999999970e-04 2.169999999999999929e+00 1.686648000000000108e-14 2.169999999999999929e+00 8.584101100000000040e-01 2.169999999999999929e+00 3.936345020000000194e-04 2.169999999999999929e+00 6.362832350000000127e-06 2.169999999999999929e+00 2.953484989999999766e-04 2.169999999999999929e+00 3.346402779999999760e-14 2.169999999999999929e+00 8.529277219999999993e-01 2.169999999999999929e+00 1.943026720000000092e-04 2.169999999999999929e+00 1.521306230000000097e-06 2.169999999999999929e+00 1.417779709999999907e-04 2.169999999999999929e+00 6.637279959999999974e-14 2.169999999999999929e+00 8.432280089999999451e-01 2.169999999999999929e+00 9.506917089999999677e-05 2.169999999999999929e+00 3.758875320000000070e-07 2.169999999999999929e+00 6.867199869999999822e-05 2.169999999999999929e+00 1.317811930000000009e-13 2.169999999999999929e+00 8.381896030000000053e-01
2.180000000000000160e+00 2.251144459999999958e-03 2.180000000000000160e+00 1.493400839999999930e-04 2.180000000000000160e+00 2.869524139999999907e-03 2.180000000000000160e+00 7.011274919999999938e-15 2.180000000000000160e+00 6.940850259999999938e-01 2.180000000000000160e+00 1.888484389999999912e-03 2.180000000000000160e+00 4.846289309999999889e-05 2.180000000000000160e+00 2.045084420000000021e-03 2.180000000000000160e+00 1.524473539999999934e-14 2.180000000000000160e+00 7.810251590000000244e-01 2.180000000000000160e+00 1.400748210000000082e-03 2.180000000000000160e+00 1.732277440000000156e-05 2.180000000000000160e+00 1.357092129999999978e-03 2.180000000000000160e+00 3.040465960000000216e-14 2.180000000000000160e+00 7.579586130000000033e-01 2.180000000000000160e+00 9.147738589999999470e-04 2.180000000000000160e+00 7.557658759999999981e-06 2.180000000000000160e+00 8.046563779999999552e-04 2.180000000000000160e+00 6.176287109999999755e-14 2.180000000000000160e+00 7.396272720000000023e-01 2.180000000000000160e+00 5.225496350000000383e-04 2.180000000000000160e+00 2.719350489999999933e-06 2.180000000000000160e+00 4.347273030000000228e-04 2.180000000000000160e+00 1.246344569999999941e-13 2.180000000000000160e+00 7.286490559999999617e-01 2.180000000000000160e+00 1.188750819999999896e-03 2.180000000000000160e+00 1.028138029999999963e-04 2.180000000000000160e+00 1.147024850000000033e-03 2.180000000000000160e+00 9.685639570000000219e-15 2.180000000000000160e+00 7.988977919999999955e-01 2.180000000000000160e+00 7.589682480000000406e-04 2.180000000000000160e+00 2.670338319999999920e-05 2.180000000000000160e+00 6.217618280000000242e-04 2.180000000000000160e+00 1.686688410000000090e-14 2.180000000000000160e+00 8.584101100000000040e-01 2.180000000000000160e+00 3.955411689999999885e-04 2.180000000000000160e+00 6.498070739999999831e-06 2.180000000000000160e+00 2.992943889999999884e-04 2.180000000000000160e+00 3.346468430000000247e-14 2.180000000000000160e+00 8.529277219999999993e-01 2.180000000000000160e+00 1.953765440000000025e-04 2.180000000000000160e+00 1.555027199999999923e-06 2.180000000000000160e+00 1.437263720000000035e-04 2.180000000000000160e+00 6.637467720000000248e-14 2.180000000000000160e+00 8.432280089999999451e-01 2.180000000000000160e+00 9.562049639999999919e-05 2.180000000000000160e+00 3.845360609999999795e-07 2.180000000000000160e+00 6.962544890000000165e-05 2.180000000000000160e+00 1.317860669999999943e-13 2.180000000000000160e+00 8.381896030000000053e-01
2.189999999999999947e+00 2.250769839999999800e-03 2.189999999999999947e+00 1.501678640000000042e-04 2.189999999999999947e+00 2.892033730000000136e-03 2.189999999999999947e+00 7.011221380000000111e-15 2.189999999999999947e+00 6.940850259999999938e-01 2.189999999999999947e+00 1.889133419999999928e-03 2.189999999999999947e+00 4.906360390000000167e-05 2.189999999999999947e+00 2.063972549999999826e-03 2.189999999999999947e+00 1.524503249999999949e-14 2.189999999999999947e+00 7.810251590000000244e-01 2.189999999999999947e+00 1.402884810000000091e-03 2.189999999999999947e+00 1.763086200000000026e-05 2.189999999999999947e+00 1.371110339999999980e-03 2.189999999999999947e+00 3.040529700000000100e-14 2.189999999999999947e+00 7.579586130000000033e-01 2.189999999999999947e+00 9.174685800000000188e-04 2.189999999999999947e+00 7.725247809999999745e-06 2.189999999999999947e+00 8.138176229999999952e-04 2.189999999999999947e+00 6.176329920000000567e-14 2.189999999999999947e+00 7.396272720000000023e-01 2.189999999999999947e+00 5.245912849999999784e-04 2.189999999999999947e+00 2.784427609999999965e-06 2.189999999999999947e+00 4.399630249999999837e-04 2.189999999999999947e+00 1.246343329999999911e-13 2.189999999999999947e+00 7.286490559999999617e-01 2.189999999999999947e+00 1.190300640000000083e-03 2.189999999999999947e+00 1.042073499999999976e-04 2.189999999999999947e+00 1.158920149999999967e-03 2.189999999999999947e+00 9.685805480000000325e-15 2.189999999999999947e+00 7.988977919999999955e-01 2.189999999999999947e+00 7.614372049999999477e-04 2.189999999999999947e+00 2.721165419999999974e-05 2.189999999999999947e+00 6.293638840000000166e-04 2.189999999999999947e+00 1.686726730000000132e-14 2.189999999999999947e+00 8.584101100000000040e-01 2.189999999999999947e+00 3.974336460000000085e-04 2.189999999999999947e+00 6.636050840000000269e-06 2.189999999999999947e+00 3.032592749999999900e-04 2.189999999999999947e+00 3.346529740000000253e-14 2.189999999999999947e+00 8.529277219999999993e-01 2.189999999999999947e+00 1.964449629999999924e-04 2.189999999999999947e+00 1.589498160000000087e-06 2.189999999999999947e+00 1.456854839999999890e-04 2.189999999999999947e+00 6.637645329999999510e-14 2.189999999999999947e+00 8.432280089999999451e-01 2.189999999999999947e+00 9.616952149999999681e-05 2.189999999999999947e+00 3.933951009999999791e-07 2.189999999999999947e+00 7.058440090000000589e-05 2.189999999999999947e+00 1.317907179999999963e-13 2.189999999999999947e+00 8.381896030000000053e-01
2.200000000000000178e+00 2.250370729999999920e-03 2.200000000000000178e+00 1.510016480000000126e-04 2.200000000000000178e+00 2.914539450000000215e-03 2.200000000000000178e+00 7.011165479999999920e-15 2.200000000000000178e+00 6.940850259999999938e-01 2.200000000000000178e+00 1.889736439999999910e-03 2.200000000000000178e+00 4.967170789999999771e-05 2.200000000000000178e+00 2.082866940000000205e-03 2.200000000000000178e+00 1.524532390000000067e-14 2.200000000000000178e+00 7.810251590000000244e-01 2.200000000000000178e+00 1.404968720000000088e-03 2.200000000000000178e+00 1.794572149999999877e-05 2.200000000000000178e+00 1.385149650000000020e-03 2.200000000000000178e+00 3.040593120000000041e-14 2.200000000000000178e+00 7.579586130000000033e-01 2.200000000000000178e+00 9.201246659999999696e-04 2.200000000000000178e+00 7.897919820000000549e-06 2.200000000000000178e+00 8.230056210000000379e-04 2.200000000000000178e+00 6.176371100000000095e-14 2.200000000000000178e+00 7.396272720000000023e-01 2.200000000000000178e+00 5.266120809999999802e-04 2.200000000000000178e+00 2.851751170000000064e-06 2.200000000000000178e+00 4.452190589999999886e-04 2.200000000000000178e+00 1.246341689999999954e-13 2.200000000000000178e+00 7.286490559999999617e-01 2.200000000000000178e+00 1.191800889999999934e-03 2.200000000000000178e+00 1.056172640000000042e-04 2.200000000000000178e+00 1.170830699999999896e-03 2.200000000000000178e+00 9.685961750000000589e-15 2.200000000000000178e+00 7.988977919999999955e-01 2.200000000000000178e+00 7.638716469999999679e-04 2.200000000000000178e+00 2.772873139999999887e-05 2.200000000000000178e+00 6.369904569999999475e-04 2.200000000000000178e+00 1.686763009999999911e-14 2.200000000000000178e+00 8.584101100000000040e-01 2.200000000000000178e+00 3.993119230000000109e-04 2.200000000000000178e+00 6.776847190000000359e-06 2.200000000000000178e+00 3.072430150000000069e-04 2.200000000000000178e+00 3.346586840000000070e-14 2.200000000000000178e+00 8.529277219999999993e-01 2.200000000000000178e+00 1.975079210000000110e-04 2.200000000000000178e+00 1.624742229999999965e-06 2.200000000000000178e+00 1.476552530000000004e-04 2.200000000000000178e+00 6.637813049999999606e-14 2.200000000000000178e+00 8.432280089999999451e-01 2.200000000000000178e+00 9.671624400000000113e-05 2.200000000000000178e+00 4.024719520000000168e-07 2.200000000000000178e+00 7.154883169999999440e-05 2.200000000000000178e+00 1.317951500000000061e-13 2.200000000000000178e+00 8.381896030000000053e-01
2.209999999999999964e+00 2.249947549999999942e-03 2.209999999999999964e+00 1.518415530000000115e-04 2.209999999999999964e+00 2.937041059999999804e-03 2.209999999999999964e+00 7.011107470000000109e-15 2.209999999999999964e+00 6.940850259999999938e-01 2.209999999999999964e+00 1.890294150000000097e-03 2.209999999999999964e+00 5.028734919999999938e-05 2.209999999999999964e+00 2.101767129999999959e-03 2.209999999999999964e+00 1.524561069999999952e-14 2.209999999999999964e+00 7.810251590000000244e-01 2.209999999999999964e+00 1.407000430000000064e-03 2.209999999999999964e+00 1.826756950000000098e-05 2.209999999999999964e+00 1.399209540000000010e-03 2.209999999999999964e+00 3.040656459999999997e-14 2.209999999999999964e+00 7.579586130000000033e-01 2.209999999999999964e+00 9.227422119999999619e-04 2.209999999999999964e+00 8.075900930000000667e-06 2.209999999999999964e+00 8.322199879999999913e-04 2.209999999999999964e+00 6.176410980000000488e-14 2.209999999999999964e+00 7.396272720000000023e-01 2.209999999999999964e+00 5.286120020000000192e-04 2.209999999999999964e+00 2.921437170000000044e-06 2.209999999999999964e+00 4.504951970000000013e-04 2.209999999999999964e+00 1.246339720000000120e-13 2.209999999999999964e+00 7.286490559999999617e-01 2.209999999999999964e+00 1.193251889999999904e-03 2.209999999999999964e+00 1.070438279999999965e-04 2.209999999999999964e+00 1.182756000000000085e-03 2.209999999999999964e+00 9.686108779999999361e-15 2.209999999999999964e+00 7.988977919999999955e-01 2.209999999999999964e+00 7.662716539999999982e-04 2.209999999999999964e+00 2.825481759999999871e-05 2.209999999999999964e+00 6.446412020000000026e-04 2.209999999999999964e+00 1.686797320000000045e-14 2.209999999999999964e+00 8.584101100000000040e-01 2.209999999999999964e+00 4.011759859999999974e-04 2.209999999999999964e+00 6.920537329999999741e-06 2.209999999999999964e+00 3.112454660000000140e-04 2.209999999999999964e+00 3.346639830000000311e-14 2.209999999999999964e+00 8.529277219999999993e-01 2.209999999999999964e+00 1.985654100000000088e-04 2.209999999999999964e+00 1.660783569999999953e-06 2.209999999999999964e+00 1.496356240000000135e-04 2.209999999999999964e+00 6.637971120000000492e-14 2.209999999999999964e+00 8.432280089999999451e-01 2.209999999999999964e+00 9.726066139999999503e-05 2.209999999999999964e+00 4.117742759999999872e-07 2.209999999999999964e+00 7.251871809999999485e-05 2.209999999999999964e+00 1.317993679999999914e-13 2.209999999999999964e+00 8.381896030000000053e-01
2.220000000000000195e+00 2.249500700000000002e-03 2.220000000000000195e+00 1.526876949999999981e-04 2.220000000000000195e+00 2.959538319999999861e-03 2.220000000000000195e+00 7.011047629999999839e-15 2.220000000000000195e+00 6.940850259999999938e-01 2.220000000000000195e+00 1.890807250000000076e-03 2.220000000000000195e+00 5.091067560000000158e-05 2.220000000000000195e+00 2.120672670000000020e-03 2.220000000000000195e+00 1.524589359999999908e-14 2.220000000000000195e+00 7.810251590000000244e-01 2.220000000000000195e+00 1.408980439999999975e-03 2.220000000000000195e+00 1.859663119999999879e-05 2.220000000000000195e+00 1.413289490000000075e-03 2.220000000000000195e+00 3.040719919999999931e-14 2.220000000000000195e+00 7.579586130000000033e-01 2.220000000000000195e+00 9.253212989999999973e-04 2.220000000000000195e+00 8.259430219999999153e-06 2.220000000000000195e+00 8.414603369999999923e-04 2.220000000000000195e+00 6.176449909999999474e-14 2.220000000000000195e+00 7.396272720000000023e-01 2.220000000000000195e+00 5.305910229999999785e-04 2.220000000000000195e+00 2.993609349999999843e-06 2.220000000000000195e+00 4.557912289999999935e-04 2.220000000000000195e+00 1.246337470000000083e-13 2.220000000000000195e+00 7.286490559999999617e-01 2.220000000000000195e+00 1.194653969999999975e-03 2.220000000000000195e+00 1.084873340000000003e-04 2.220000000000000195e+00 1.194695570000000066e-03 2.220000000000000195e+00 9.686246939999999730e-15 2.220000000000000195e+00 7.988977919999999955e-01 2.220000000000000195e+00 7.686372989999999640e-04 2.220000000000000195e+00 2.879012209999999913e-05 2.220000000000000195e+00 6.523157760000000346e-04 2.220000000000000195e+00 1.686829729999999890e-14 2.220000000000000195e+00 8.584101100000000040e-01 2.220000000000000195e+00 4.030258179999999819e-04 2.220000000000000195e+00 7.067201960000000195e-06 2.220000000000000195e+00 3.152664869999999785e-04 2.220000000000000195e+00 3.346688840000000007e-14 2.220000000000000195e+00 8.529277219999999993e-01 2.220000000000000195e+00 1.996174199999999988e-04 2.220000000000000195e+00 1.697647460000000062e-06 2.220000000000000195e+00 1.516265430000000001e-04 2.220000000000000195e+00 6.638119769999999919e-14 2.220000000000000195e+00 8.432280089999999451e-01 2.220000000000000195e+00 9.780277090000000055e-05 2.220000000000000195e+00 4.213101220000000243e-07 2.220000000000000195e+00 7.349403719999999575e-05 2.220000000000000195e+00 1.318033779999999889e-13 2.220000000000000195e+00 8.381896030000000053e-01
2.229999999999999982e+00 2.249030569999999844e-03 2.229999999999999982e+00 1.535401959999999999e-04 2.229999999999999982e+00 2.982031000000000005e-03 2.229999999999999982e+00 7.010986229999999849e-15 2.229999999999999982e+00 6.940850259999999938e-01 2.229999999999999982e+00 1.891276409999999991e-03 2.229999999999999982e+00 5.154183820000000227e-05 2.229999999999999982e+00 2.139583129999999937e-03 2.229999999999999982e+00 1.524617379999999912e-14 2.229999999999999982e+00 7.810251590000000244e-01 2.229999999999999982e+00 1.410909190000000013e-03 2.229999999999999982e+00 1.893314110000000048e-05 2.229999999999999982e+00 1.427388979999999908e-03 2.229999999999999982e+00 3.040783739999999800e-14 2.229999999999999982e+00 7.579586130000000033e-01 2.229999999999999982e+00 9.278619960000000170e-04 2.229999999999999982e+00 8.448760599999999700e-06 2.229999999999999982e+00 8.507262860000000494e-04 2.229999999999999982e+00 6.176488239999999831e-14 2.229999999999999982e+00 7.396272720000000023e-01 2.229999999999999982e+00 5.325491109999999900e-04 2.229999999999999982e+00 3.068399930000000090e-06 2.229999999999999982e+00 4.611069469999999832e-04 2.229999999999999982e+00 1.246334999999999960e-13 2.229999999999999982e+00 7.286490559999999617e-01 2.229999999999999982e+00 1.196007449999999953e-03 2.229999999999999982e+00 1.099480800000000039e-04 2.229999999999999982e+00 1.206648920000000062e-03 2.229999999999999982e+00 9.686376620000000048e-15 2.229999999999999982e+00 7.988977919999999955e-01 2.229999999999999982e+00 7.709686490000000310e-04 2.229999999999999982e+00 2.933486159999999890e-05 2.229999999999999982e+00 6.600138340000000128e-04 2.229999999999999982e+00 1.686860310000000064e-14 2.229999999999999982e+00 8.584101100000000040e-01 2.229999999999999982e+00 4.048613999999999859e-04 2.229999999999999982e+00 7.216925100000000303e-06 2.229999999999999982e+00 3.193059349999999839e-04 2.229999999999999982e+00 3.346734000000000081e-14 2.229999999999999982e+00 8.529277219999999993e-01 2.229999999999999982e+00 2.006639419999999897e-04 2.229999999999999982e+00 1.735360369999999962e-06 2.229999999999999982e+00 1.536279539999999943e-04 2.229999999999999982e+00 6.638259259999999733e-14 2.229999999999999982e+00 8.432280089999999451e-01 2.229999999999999982e+00 9.834256959999999404e-05 2.229999999999999982e+00 4.310879490000000022e-07 2.229999999999999982e+00 7.447476579999999762e-05 2.229999999999999982e+00 1.318071849999999914e-13 2.229999999999999982e+00 8.381896030000000053e-01
2.240000000000000213e+00 2.248537550000000076e-03 2.240000000000000213e+00 1.543991750000000022e-04 2.240000000000000213e+00 3.004518859999999892e-03 2.240000000000000213e+00 7.010923540000000092e-15 2.240000000000000213e+00 6.940850259999999938e-01 2.240000000000000213e+00 1.891702290000000022e-03 2.240000000000000213e+00 5.218099180000000225e-05 2.240000000000000213e+00 2.158498049999999814e-03 2.240000000000000213e+00 1.524645229999999946e-14 2.240000000000000213e+00 7.810251590000000244e-01 2.240000000000000213e+00 1.412787129999999898e-03 2.240000000000000213e+00 1.927734329999999832e-05 2.240000000000000213e+00 1.441507500000000028e-03 2.240000000000000213e+00 3.040848140000000196e-14 2.240000000000000213e+00 7.579586130000000033e-01 2.240000000000000213e+00 9.303643580000000180e-04 2.240000000000000213e+00 8.644159749999999226e-06 2.240000000000000213e+00 8.600174489999999703e-04 2.240000000000000213e+00 6.176526330000000231e-14 2.240000000000000213e+00 7.396272720000000023e-01 2.240000000000000213e+00 5.344862240000000046e-04 2.240000000000000213e+00 3.145950269999999844e-06 2.240000000000000213e+00 4.664421419999999923e-04 2.240000000000000213e+00 1.246332380000000053e-13 2.240000000000000213e+00 7.286490559999999617e-01 2.240000000000000213e+00 1.197312619999999980e-03 2.240000000000000213e+00 1.114263699999999989e-04 2.240000000000000213e+00 1.218615560000000080e-03 2.240000000000000213e+00 9.686498210000000245e-15 2.240000000000000213e+00 7.988977919999999955e-01 2.240000000000000213e+00 7.732657619999999676e-04 2.240000000000000213e+00 2.988926010000000081e-05 2.240000000000000213e+00 6.677350349999999985e-04 2.240000000000000213e+00 1.686889119999999926e-14 2.240000000000000213e+00 8.584101100000000040e-01 2.240000000000000213e+00 4.066827089999999929e-04 2.240000000000000213e+00 7.369794250000000255e-06 2.240000000000000213e+00 3.233636670000000052e-04 2.240000000000000213e+00 3.346775400000000200e-14 2.240000000000000213e+00 8.529277219999999993e-01 2.240000000000000213e+00 2.017049640000000024e-04 2.240000000000000213e+00 1.773949979999999901e-06 2.240000000000000213e+00 1.556398029999999950e-04 2.240000000000000213e+00 6.638389820000000209e-14 2.240000000000000213e+00 8.432280089999999451e-01 2.240000000000000213e+00 9.888005389999999801e-05 2.240000000000000213e+00 4.411166530000000038e-07 2.240000000000000213e+00 7.546088089999999752e-05 2.240000000000000213e+00 1.318107929999999981e-13 2.240000000000000213e+00 8.381896030000000053e-01
2.250000000000000000e+00 2.248022010000000088e-03 2.250000000000000000e+00 1.552647559999999975e-04 2.250000000000000000e+00 3.027001670000000009e-03 2.250000000000000000e+00 7.010859839999999728e-15 2.250000000000000000e+00 6.940850259999999938e-01 2.250000000000000000e+00 1.892085539999999958e-03 2.250000000000000000e+00 5.282829470000000190e-05 2.250000000000000000e+00 2.177417029999999948e-03 2.250000000000000000e+00 1.524672999999999995e-14 2.250000000000000000e+00 7.810251590000000244e-01 2.250000000000000000e+00 1.414614710000000001e-03 2.250000000000000000e+00 1.962949169999999896e-05 2.250000000000000000e+00 1.455644550000000049e-03 2.250000000000000000e+00 3.040913350000000131e-14 2.250000000000000000e+00 7.579586130000000033e-01 2.250000000000000000e+00 9.328284260000000534e-04 2.250000000000000000e+00 8.845911240000000413e-06 2.250000000000000000e+00 8.693334449999999764e-04 2.250000000000000000e+00 6.176564540000000609e-14 2.250000000000000000e+00 7.396272720000000023e-01 2.250000000000000000e+00 5.364023120000000052e-04 2.250000000000000000e+00 3.226411649999999841e-06 2.250000000000000000e+00 4.717966020000000007e-04 2.250000000000000000e+00 1.246329669999999973e-13 2.250000000000000000e+00 7.286490559999999617e-01 2.250000000000000000e+00 1.198569760000000022e-03 2.250000000000000000e+00 1.129225169999999948e-04 2.250000000000000000e+00 1.230595010000000086e-03 2.250000000000000000e+00 9.686612080000000254e-15 2.250000000000000000e+00 7.988977919999999955e-01 2.250000000000000000e+00 7.755286860000000157e-04 2.250000000000000000e+00 3.045354950000000115e-05 2.250000000000000000e+00 6.754790349999999569e-04 2.250000000000000000e+00 1.686916220000000095e-14 2.250000000000000000e+00 8.584101100000000040e-01 2.250000000000000000e+00 4.084897180000000025e-04 2.250000000000000000e+00 7.525900609999999690e-06 2.250000000000000000e+00 3.274395420000000096e-04 2.250000000000000000e+00 3.346813179999999709e-14 2.250000000000000000e+00 8.529277219999999993e-01 2.250000000000000000e+00 2.027404740000000036e-04 2.250000000000000000e+00 1.813445329999999976e-06 2.250000000000000000e+00 1.576620350000000051e-04 2.250000000000000000e+00 6.638511699999999722e-14 2.250000000000000000e+00 8.432280089999999451e-01 2.250000000000000000e+00 9.941522010000000285e-05 2.250000000000000000e+00 4.514055949999999989e-07 2.250000000000000000e+00 7.645235920000000452e-05 2.250000000000000000e+00 1.318142089999999889e-13 2.250000000000000000e+00 8.381896030000000053e-01
2.259999999999999787e+00 2.247484289999999822e-03 2.259999999999999787e+00 1.561370620000000092e-04 2.259999999999999787e+00 3.049479219999999893e-03 2.259999999999999787e+00 7.010795410000000284e-15 2.259999999999999787e+00 6.940850259999999938e-01 2.259999999999999787e+00 1.892426760000000003e-03 2.259999999999999787e+00 5.348390929999999739e-05 2.259999999999999787e+00 2.196339629999999928e-03 2.259999999999999787e+00 1.524700810000000037e-14 2.259999999999999787e+00 7.810251590000000244e-01 2.259999999999999787e+00 1.416392339999999984e-03 2.259999999999999787e+00 1.998985099999999910e-05 2.259999999999999787e+00 1.469799630000000017e-03 2.259999999999999787e+00 3.040979630000000189e-14 2.259999999999999787e+00 7.579586130000000033e-01 2.259999999999999787e+00 9.352542260000000192e-04 2.259999999999999787e+00 9.054315560000000400e-06 2.259999999999999787e+00 8.786738899999999757e-04 2.259999999999999787e+00 6.176603250000000266e-14 2.259999999999999787e+00 7.396272720000000023e-01 2.259999999999999787e+00 5.382973170000000069e-04 2.259999999999999787e+00 3.309946080000000143e-06 2.259999999999999787e+00 4.771701179999999760e-04 2.259999999999999787e+00 1.246326930000000087e-13 2.259999999999999787e+00 7.286490559999999617e-01 2.259999999999999787e+00 1.199779160000000004e-03 2.259999999999999787e+00 1.144368430000000062e-04 2.259999999999999787e+00 1.242586790000000047e-03 2.259999999999999787e+00 9.686718630000000004e-15 2.259999999999999787e+00 7.988977919999999955e-01 2.259999999999999787e+00 7.777574620000000114e-04 2.259999999999999787e+00 3.102796950000000166e-05 2.259999999999999787e+00 6.832454950000000499e-04 2.259999999999999787e+00 1.686941689999999927e-14 2.259999999999999787e+00 8.584101100000000040e-01 2.259999999999999787e+00 4.102823990000000181e-04 2.259999999999999787e+00 7.685339269999999438e-06 2.259999999999999787e+00 3.315334139999999842e-04 2.259999999999999787e+00 3.346847439999999852e-14 2.259999999999999787e+00 8.529277219999999993e-01 2.259999999999999787e+00 2.037704579999999950e-04 2.259999999999999787e+00 1.853876829999999964e-06 2.259999999999999787e+00 1.596945940000000044e-04 2.259999999999999787e+00 6.638625110000000445e-14 2.259999999999999787e+00 8.432280089999999451e-01 2.259999999999999787e+00 9.994806410000000598e-05 2.259999999999999787e+00 4.619646320000000095e-07 2.259999999999999787e+00 7.744917750000000561e-05 2.259999999999999787e+00 1.318174359999999949e-13 2.259999999999999787e+00 8.381896030000000053e-01
2.270000000000000018e+00 2.246924759999999969e-03 2.270000000000000018e+00 1.570162189999999946e-04 2.270000000000000018e+00 3.071951289999999991e-03 2.270000000000000018e+00 7.010730550000000128e-15 2.270000000000000018e+00 6.940850259999999938e-01 2.270000000000000018e+00 1.892726570000000065e-03 2.270000000000000018e+00 5.414800160000000304e-05 2.270000000000000018e+00 2.215265430000000133e-03 2.270000000000000018e+00 1.524728750000000055e-14 2.270000000000000018e+00 7.810251590000000244e-01 2.270000000000000018e+00 1.418120419999999984e-03 2.270000000000000018e+00 2.035869689999999892e-05 2.270000000000000018e+00 1.483972239999999977e-03 2.270000000000000018e+00 3.041047219999999695e-14 2.270000000000000018e+00 7.579586130000000033e-01 2.270000000000000018e+00 9.376417659999999920e-04 2.270000000000000018e+00 9.269691429999999991e-06 2.270000000000000018e+00 8.880384019999999767e-04 2.270000000000000018e+00 6.176642839999999764e-14 2.270000000000000018e+00 7.396272720000000023e-01 2.270000000000000018e+00 5.401711689999999641e-04 2.270000000000000018e+00 3.396727329999999847e-06 2.270000000000000018e+00 4.825624780000000065e-04 2.270000000000000018e+00 1.246324229999999942e-13 2.270000000000000018e+00 7.286490559999999617e-01 2.270000000000000018e+00 1.200941079999999972e-03 2.270000000000000018e+00 1.159696750000000003e-04 2.270000000000000018e+00 1.254590430000000105e-03 2.270000000000000018e+00 9.686818249999999423e-15 2.270000000000000018e+00 7.988977919999999955e-01 2.270000000000000018e+00 7.799521240000000357e-04 2.270000000000000018e+00 3.161276840000000222e-05 2.270000000000000018e+00 6.910340710000000258e-04 2.270000000000000018e+00 1.686965580000000044e-14 2.270000000000000018e+00 8.584101100000000040e-01 2.270000000000000018e+00 4.120607160000000209e-04 2.270000000000000018e+00 7.848209409999999710e-06 2.270000000000000018e+00 3.356451420000000044e-04 2.270000000000000018e+00 3.346878310000000289e-14 2.270000000000000018e+00 8.529277219999999993e-01 2.270000000000000018e+00 2.047949010000000094e-04 2.270000000000000018e+00 1.895276389999999996e-06 2.270000000000000018e+00 1.617374259999999919e-04 2.270000000000000018e+00 6.638730299999999493e-14 2.270000000000000018e+00 8.432280089999999451e-01 2.270000000000000018e+00 1.004785810000000053e-04 2.270000000000000018e+00 4.728041490000000141e-07 2.270000000000000018e+00 7.845131270000000635e-05 2.270000000000000018e+00 1.318204800000000022e-13 2.270000000000000018e+00 8.381896030000000053e-01
2.279999999999999805e+00 2.246343750000000077e-03 2.279999999999999805e+00 1.579023539999999885e-04 2.279999999999999805e+00 3.094417649999999919e-03 2.279999999999999805e+00 7.010665549999999998e-15 2.279999999999999805e+00 6.940850259999999938e-01 2.279999999999999805e+00 1.892985559999999954e-03 2.279999999999999805e+00 5.482074180000000014e-05 2.279999999999999805e+00 2.234194020000000031e-03 2.279999999999999805e+00 1.524756940000000029e-14 2.279999999999999805e+00 7.810251590000000244e-01 2.279999999999999805e+00 1.419799339999999960e-03 2.279999999999999805e+00 2.073631669999999831e-05 2.279999999999999805e+00 1.498161879999999977e-03 2.279999999999999805e+00 3.041116359999999868e-14 2.279999999999999805e+00 7.579586130000000033e-01 2.279999999999999805e+00 9.399910370000000076e-04 2.279999999999999805e+00 9.492377069999999995e-06 2.279999999999999805e+00 8.974265979999999920e-04 2.279999999999999805e+00 6.176683689999999667e-14 2.279999999999999805e+00 7.396272720000000023e-01 2.279999999999999805e+00 5.420237879999999795e-04 2.279999999999999805e+00 3.486941829999999930e-06 2.279999999999999805e+00 4.879734700000000177e-04 2.279999999999999805e+00 1.246321640000000093e-13 2.279999999999999805e+00 7.286490559999999617e-01 2.279999999999999805e+00 1.202055760000000049e-03 2.279999999999999805e+00 1.175213509999999953e-04 2.279999999999999805e+00 1.266605459999999971e-03 2.279999999999999805e+00 9.686911340000000018e-15 2.279999999999999805e+00 7.988977919999999955e-01 2.279999999999999805e+00 7.821126949999999967e-04 2.279999999999999805e+00 3.220820350000000063e-05 2.279999999999999805e+00 6.988444230000000505e-04 2.279999999999999805e+00 1.686987960000000116e-14 2.279999999999999805e+00 8.584101100000000040e-01 2.279999999999999805e+00 4.138246339999999881e-04 2.279999999999999805e+00 8.014614540000000116e-06 2.279999999999999805e+00 3.397745800000000031e-04 2.279999999999999805e+00 3.346905900000000055e-14 2.279999999999999805e+00 8.529277219999999993e-01 2.279999999999999805e+00 2.058137860000000064e-04 2.279999999999999805e+00 1.937677519999999869e-06 2.279999999999999805e+00 1.637904740000000056e-04 2.279999999999999805e+00 6.638827510000000608e-14 2.279999999999999805e+00 8.432280089999999451e-01 2.279999999999999805e+00 1.010067660000000037e-04 2.279999999999999805e+00 4.839350949999999727e-07 2.279999999999999805e+00 7.945874139999999726e-05 2.279999999999999805e+00 1.318233450000000102e-13 2.279999999999999805e+00 8.381896030000000053e-01
2.290000000000000036e+00 2.245741580000000168e-03 2.290000000000000036e+00 1.587955949999999943e-04 2.290000000000000036e+00 3.116878090000000084e-03 2.290000000000000036e+00 7.010600709999999839e-15 2.290000000000000036e+00 6.940850259999999938e-01 2.290000000000000036e+00 1.893204280000000076e-03 2.290000000000000036e+00 5.550230410000000142e-05 2.290000000000000036e+00 2.253124999999999920e-03 2.290000000000000036e+00 1.524785499999999935e-14 2.290000000000000036e+00 7.810251590000000244e-01 2.290000000000000036e+00 1.421429469999999952e-03 2.290000000000000036e+00 2.112301009999999982e-05 2.290000000000000036e+00 1.512368060000000023e-03 2.290000000000000036e+00 3.041187339999999711e-14 2.290000000000000036e+00 7.579586130000000033e-01 2.290000000000000036e+00 9.423020119999999571e-04 2.290000000000000036e+00 9.722731670000000847e-06 2.290000000000000036e+00 9.068380950000000341e-04 2.290000000000000036e+00 6.176726209999999585e-14 2.290000000000000036e+00 7.396272720000000023e-01 2.290000000000000036e+00 5.438550799999999951e-04 2.290000000000000036e+00 3.580789919999999946e-06 2.290000000000000036e+00 4.934028820000000435e-04 2.290000000000000036e+00 1.246319219999999898e-13 2.290000000000000036e+00 7.286490559999999617e-01 2.290000000000000036e+00 1.203123450000000106e-03 2.290000000000000036e+00 1.190922170000000046e-04 2.290000000000000036e+00 1.278631390000000085e-03 2.290000000000000036e+00 9.686998290000000140e-15 2.290000000000000036e+00 7.988977919999999955e-01 2.290000000000000036e+00 7.842391889999999468e-04 2.290000000000000036e+00 3.281454109999999941e-05 2.290000000000000036e+00 7.066762109999999647e-04 2.290000000000000036e+00 1.687008910000000131e-14 2.290000000000000036e+00 8.584101100000000040e-01 2.290000000000000036e+00 4.155741089999999871e-04 2.290000000000000036e+00 8.184662749999999516e-06 2.290000000000000036e+00 3.439215860000000057e-04 2.290000000000000036e+00 3.346930329999999759e-14 2.290000000000000036e+00 8.529277219999999993e-01 2.290000000000000036e+00 2.068270969999999956e-04 2.290000000000000036e+00 1.981115379999999859e-06 2.290000000000000036e+00 1.658536829999999942e-04 2.290000000000000036e+00 6.638916949999999651e-14 2.290000000000000036e+00 8.432280089999999451e-01 2.290000000000000036e+00 1.015326140000000026e-04 2.290000000000000036e+00 4.953690190000000097e-07 2.290000000000000036e+00 8.047144019999999593e-05 2.290000000000000036e+00 1.318260370000000051e-13 2.290000000000000036e+00 8.381896030000000053e-01
2.299999999999999822e+00 2.245118559999999871e-03 2.299999999999999822e+00 1.596960730000000035e-04 2.299999999999999822e+00 3.139332409999999983e-03 2.299999999999999822e+00 7.010536330000000386e-15 2.299999999999999822e+00 6.940850259999999938e-01 2.299999999999999822e+00 1.893383310000000064e-03 2.299999999999999822e+00 5.619286699999999834e-05 2.299999999999999822e+00 2.272057970000000097e-03 2.299999999999999822e+00 1.524814530000000073e-14 2.299999999999999822e+00 7.810251590000000244e-01 2.299999999999999822e+00 1.423011170000000039e-03 2.299999999999999822e+00 2.151908930000000008e-05 2.299999999999999822e+00 1.526590300000000081e-03 2.299999999999999822e+00 3.041260399999999810e-14 2.299999999999999822e+00 7.579586130000000033e-01 2.299999999999999822e+00 9.445746430000000323e-04 2.299999999999999822e+00 9.961136929999999298e-06 2.299999999999999822e+00 9.162725100000000070e-04 2.299999999999999822e+00 6.176770799999999446e-14 2.299999999999999822e+00 7.396272720000000023e-01 2.299999999999999822e+00 5.456649399999999967e-04 2.299999999999999822e+00 3.678487019999999943e-06 2.299999999999999822e+00 4.988504999999999632e-04 2.299999999999999822e+00 1.246317060000000034e-13 2.299999999999999822e+00 7.286490559999999617e-01 2.299999999999999822e+00 1.204144369999999914e-03 2.299999999999999822e+00 1.206826260000000000e-04 2.299999999999999822e+00 1.290667770000000075e-03 2.299999999999999822e+00 9.687079499999999719e-15 2.299999999999999822e+00 7.988977919999999955e-01 2.299999999999999822e+00 7.863316109999999746e-04 2.299999999999999822e+00 3.343205710000000198e-05 2.299999999999999822e+00 7.145290940000000469e-04 2.299999999999999822e+00 1.687028480000000079e-14 2.299999999999999822e+00 8.584101100000000040e-01 2.299999999999999822e+00 4.173090979999999730e-04 2.299999999999999822e+00 8.358466969999999929e-06 2.299999999999999822e+00 3.480860139999999991e-04 2.299999999999999822e+00 3.346951709999999696e-14 2.299999999999999822e+00 8.529277219999999993e-01 2.299999999999999822e+00 2.078348140000000027e-04 2.299999999999999822e+00 2.025626940000000031e-06 2.299999999999999822e+00 1.679269969999999917e-04 2.299999999999999822e+00 6.638998870000000048e-14 2.299999999999999822e+00 8.432280089999999451e-01 2.299999999999999822e+00 1.020561180000000028e-04 2.299999999999999822e+00 5.071181150000000484e-07 2.299999999999999822e+00 8.148938590000000292e-05 2.299999999999999822e+00 1.318285600000000116e-13 2.299999999999999822e+00 8.381896030000000053e-01
2.310000000000000053e+00 2.244475020000000036e-03 2.310000000000000053e+00 1.606039200000000037e-04 2.310000000000000053e+00 3.161780390000000062e-03 2.310000000000000053e+00 7.010472740000000002e-15 2.310000000000000053e+00 6.940850259999999938e-01 2.310000000000000053e+00 1.893523179999999969e-03 2.310000000000000053e+00 5.689261349999999830e-05 2.310000000000000053e+00 2.290992539999999952e-03 2.310000000000000053e+00 1.524844160000000103e-14 2.310000000000000053e+00 7.810251590000000244e-01 2.310000000000000053e+00 1.424544779999999946e-03 2.310000000000000053e+00 2.192488030000000089e-05 2.310000000000000053e+00 1.540828119999999900e-03 2.310000000000000053e+00 3.041335840000000112e-14 2.310000000000000053e+00 7.579586130000000033e-01 2.310000000000000053e+00 9.468088609999999669e-04 2.310000000000000053e+00 1.020799880000000023e-05 2.310000000000000053e+00 9.257294600000000317e-04 2.310000000000000053e+00 6.176817889999999487e-14 2.310000000000000053e+00 7.396272720000000023e-01 2.310000000000000053e+00 5.474532450000000423e-04 2.310000000000000053e+00 3.780265059999999929e-06 2.310000000000000053e+00 5.043161089999999855e-04 2.310000000000000053e+00 1.246315199999999990e-13 2.310000000000000053e+00 7.286490559999999617e-01 2.310000000000000053e+00 1.205118729999999933e-03 2.310000000000000053e+00 1.222929439999999963e-04 2.310000000000000053e+00 1.302714130000000086e-03 2.310000000000000053e+00 9.687155380000000257e-15 2.310000000000000053e+00 7.988977919999999955e-01 2.310000000000000053e+00 7.883899559999999916e-04 2.310000000000000053e+00 3.406103760000000222e-05 2.310000000000000053e+00 7.224027300000000372e-04 2.310000000000000053e+00 1.687046739999999947e-14 2.310000000000000053e+00 8.584101100000000040e-01 2.310000000000000053e+00 4.190295479999999947e-04 2.310000000000000053e+00 8.536145240000000099e-06 2.310000000000000053e+00 3.522677200000000168e-04 2.310000000000000053e+00 3.346970159999999845e-14 2.310000000000000053e+00 8.529277219999999993e-01 2.310000000000000053e+00 2.088369150000000073e-04 2.310000000000000053e+00 2.071251089999999793e-06 2.310000000000000053e+00 1.700103600000000051e-04 2.310000000000000053e+00 6.639073480000000184e-14 2.310000000000000053e+00 8.432280089999999451e-01 2.310000000000000053e+00 1.025772720000000013e-04 2.310000000000000053e+00 5.191952620000000088e-07 2.310000000000000053e+00 8.251255479999999366e-05 2.310000000000000053e+00 1.318309189999999970e-13 2.310000000000000053e+00 8.381896030000000053e-01
2.319999999999999840e+00 2.243811239999999978e-03 2.319999999999999840e+00 1.615192690000000057e-04 2.319999999999999840e+00 3.184221840000000213e-03 2.319999999999999840e+00 7.010410230000000212e-15 2.319999999999999840e+00 6.940850259999999938e-01 2.319999999999999840e+00 1.893624420000000058e-03 2.319999999999999840e+00 5.760173090000000098e-05 2.319999999999999840e+00 2.309928309999999783e-03 2.319999999999999840e+00 1.524874500000000004e-14 2.319999999999999840e+00 7.810251590000000244e-01 2.319999999999999840e+00 1.426030609999999954e-03 2.319999999999999840e+00 2.234072309999999892e-05 2.319999999999999840e+00 1.555081040000000098e-03 2.319999999999999840e+00 3.041413939999999934e-14 2.319999999999999840e+00 7.579586130000000033e-01 2.319999999999999840e+00 9.490045750000000160e-04 2.319999999999999840e+00 1.046374920000000004e-05 2.319999999999999840e+00 9.352085590000000243e-04 2.319999999999999840e+00 6.176867909999999948e-14 2.319999999999999840e+00 7.396272720000000023e-01 2.319999999999999840e+00 5.492198590000000246e-04 2.319999999999999840e+00 3.886373979999999811e-06 2.319999999999999840e+00 5.097994929999999977e-04 2.319999999999999840e+00 1.246313739999999875e-13 2.319999999999999840e+00 7.286490559999999617e-01 2.319999999999999840e+00 1.206046739999999977e-03 2.319999999999999840e+00 1.239235419999999883e-04 2.319999999999999840e+00 1.314769990000000085e-03 2.319999999999999840e+00 9.687226350000000101e-15 2.319999999999999840e+00 7.988977919999999955e-01 2.319999999999999840e+00 7.904142110000000497e-04 2.319999999999999840e+00 3.470177919999999945e-05 2.319999999999999840e+00 7.302967789999999931e-04 2.319999999999999840e+00 1.687063770000000036e-14 2.319999999999999840e+00 8.584101100000000040e-01 2.319999999999999840e+00 4.207354059999999932e-04 2.319999999999999840e+00 8.717821020000000219e-06 2.319999999999999840e+00 3.564665569999999955e-04 2.319999999999999840e+00 3.346985789999999871e-14 2.319999999999999840e+00 8.529277219999999993e-01 2.319999999999999840e+00 2.098333790000000119e-04 2.319999999999999840e+00 2.118028719999999877e-06 2.319999999999999840e+00 1.721037170000000102e-04 2.319999999999999840e+00 6.639141029999999697e-14 2.319999999999999840e+00 8.432280089999999451e-01 2.319999999999999840e+00 1.030960689999999990e-04 2.319999999999999840e+00 5.316140750000000453e-07 2.319999999999999840e+00 8.354092339999999429e-05 2.319999999999999840e+00 1.318331190000000049e-13 2.319999999999999840e+00 8.381896030000000053e-01
2.330000000000000071e+00 2.243127509999999838e-03 2.330000000000000071e+00 1.624422570000000040e-04 2.330000000000000071e+00 3.206656549999999974e-03 2.330000000000000071e+00 7.010349150000000165e-15 2.330000000000000071e+00 6.940850259999999938e-01 2.330000000000000071e+00 1.893687520000000108e-03 2.330000000000000071e+00 5.832041130000000315e-05 2.330000000000000071e+00 2.328864899999999807e-03 2.330000000000000071e+00 1.524905680000000070e-14 2.330000000000000071e+00 7.810251590000000244e-01 2.330000000000000071e+00 1.427468959999999946e-03 2.330000000000000071e+00 2.276697280000000031e-05 2.330000000000000071e+00 1.569348579999999991e-03 2.330000000000000071e+00 3.041494999999999855e-14 2.330000000000000071e+00 7.579586130000000033e-01 2.330000000000000071e+00 9.511616670000000006e-04 2.330000000000000071e+00 1.072884819999999918e-05 2.330000000000000071e+00 9.447094230000000013e-04 2.330000000000000071e+00 6.176921299999999486e-14 2.330000000000000071e+00 7.396272720000000023e-01 2.330000000000000071e+00 5.509646270000000210e-04 2.330000000000000071e+00 3.997083440000000304e-06 2.330000000000000071e+00 5.153004340000000034e-04 2.330000000000000071e+00 1.246312749999999990e-13 2.330000000000000071e+00 7.286490559999999617e-01 2.330000000000000071e+00 1.206928589999999935e-03 2.330000000000000071e+00 1.255748030000000042e-04 2.330000000000000071e+00 1.326834910000000093e-03 2.330000000000000071e+00 9.687292810000000757e-15 2.330000000000000071e+00 7.988977919999999955e-01 2.330000000000000071e+00 7.924043490000000399e-04 2.330000000000000071e+00 3.535458950000000327e-05 2.330000000000000071e+00 7.382108999999999763e-04 2.330000000000000071e+00 1.687079620000000022e-14 2.330000000000000071e+00 8.584101100000000040e-01 2.330000000000000071e+00 4.224266090000000032e-04 2.330000000000000071e+00 8.903623499999999881e-06 2.330000000000000071e+00 3.606823789999999766e-04 2.330000000000000071e+00 3.346998730000000066e-14 2.330000000000000071e+00 8.529277219999999993e-01 2.330000000000000071e+00 2.108241800000000121e-04 2.330000000000000071e+00 2.166002900000000031e-06 2.330000000000000071e+00 1.742070089999999988e-04 2.330000000000000071e+00 6.639201719999999815e-14 2.330000000000000071e+00 8.432280089999999451e-01 2.330000000000000071e+00 1.036125000000000045e-04 2.330000000000000071e+00 5.443889539999999839e-07 2.330000000000000071e+00 8.457446829999999531e-05 2.330000000000000071e+00 1.318351640000000090e-13 2.330000000000000071e+00 8.381896030000000053e-01
2.339999999999999858e+00 2.242424099999999840e-03 2.339999999999999858e+00 1.633730209999999933e-04 2.339999999999999858e+00 3.229084330000000103e-03 2.339999999999999858e+00 7.010289819999999803e-15 2.339999999999999858e+00 6.940850259999999938e-01 2.339999999999999858e+00 1.893712990000000033e-03 2.339999999999999858e+00 5.904885150000000041e-05 2.339999999999999858e+00 2.347801929999999808e-03 2.339999999999999858e+00 1.524937829999999962e-14 2.339999999999999858e+00 7.810251590000000244e-01 2.339999999999999858e+00 1.428860139999999987e-03 2.339999999999999858e+00 2.320399980000000022e-05 2.339999999999999858e+00 1.583630259999999979e-03 2.339999999999999858e+00 3.041579319999999820e-14 2.339999999999999858e+00 7.579586130000000033e-01 2.339999999999999858e+00 9.532799929999999540e-04 2.339999999999999858e+00 1.100378609999999955e-05 2.339999999999999858e+00 9.542316629999999991e-04 2.339999999999999858e+00 6.176978510000000230e-14 2.339999999999999858e+00 7.396272720000000023e-01 2.339999999999999858e+00 5.526873729999999757e-04 2.339999999999999858e+00 4.112684710000000255e-06 2.339999999999999858e+00 5.208187120000000144e-04 2.339999999999999858e+00 1.246312299999999881e-13 2.339999999999999858e+00 7.286490559999999617e-01 2.339999999999999858e+00 1.207764440000000036e-03 2.339999999999999858e+00 1.272471199999999913e-04 2.339999999999999858e+00 1.338908410000000078e-03 2.339999999999999858e+00 9.687355190000000570e-15 2.339999999999999858e+00 7.988977919999999955e-01 2.339999999999999858e+00 7.943603359999999898e-04 2.339999999999999858e+00 3.601978759999999765e-05 2.339999999999999858e+00 7.461447520000000482e-04 2.339999999999999858e+00 1.687094369999999891e-14 2.339999999999999858e+00 8.584101100000000040e-01 2.339999999999999858e+00 4.241030940000000055e-04 2.339999999999999858e+00 9.093687950000000402e-06 2.339999999999999858e+00 3.649150400000000013e-04 2.339999999999999858e+00 3.347009090000000094e-14 2.339999999999999858e+00 8.529277219999999993e-01 2.339999999999999858e+00 2.118092920000000032e-04 2.339999999999999858e+00 2.215219030000000193e-06 2.339999999999999858e+00 1.763201810000000010e-04 2.339999999999999858e+00 6.639255800000000175e-14 2.339999999999999858e+00 8.432280089999999451e-01 2.339999999999999858e+00 1.041265569999999958e-04 2.339999999999999858e+00 5.575351429999999588e-07 2.339999999999999858e+00 8.561316549999999775e-05 2.339999999999999858e+00 1.318370590000000023e-13 2.339999999999999858e+00 8.381896030000000053e-01
2.350000000000000089e+00 2.241701300000000126e-03 2.350000000000000089e+00 1.643116999999999874e-04 2.350000000000000089e+00 3.251504970000000140e-03 2.350000000000000089e+00 7.010232589999999851e-15 2.350000000000000089e+00 6.940850259999999938e-01 2.350000000000000089e+00 1.893701310000000084e-03 2.350000000000000089e+00 5.978725330000000227e-05 2.350000000000000089e+00 2.366739039999999922e-03 2.350000000000000089e+00 1.524971079999999971e-14 2.350000000000000089e+00 7.810251590000000244e-01 2.350000000000000089e+00 1.430204399999999943e-03 2.350000000000000089e+00 2.365219139999999876e-05 2.350000000000000089e+00 1.597925619999999948e-03 2.350000000000000089e+00 3.041667230000000086e-14 2.350000000000000089e+00 7.579586130000000033e-01 2.350000000000000089e+00 9.553593830000000134e-04 2.350000000000000089e+00 1.128908570000000027e-05 2.350000000000000089e+00 9.637748930000000422e-04 2.350000000000000089e+00 6.177040019999999569e-14 2.350000000000000089e+00 7.396272720000000023e-01 2.350000000000000089e+00 5.543879010000000215e-04 2.350000000000000089e+00 4.233492720000000059e-06 2.350000000000000089e+00 5.263541070000000424e-04 2.350000000000000089e+00 1.246312470000000040e-13 2.350000000000000089e+00 7.286490559999999617e-01 2.350000000000000089e+00 1.208554469999999995e-03 2.350000000000000089e+00 1.289408969999999890e-04 2.350000000000000089e+00 1.350990040000000104e-03 2.350000000000000089e+00 9.687413909999999465e-15 2.350000000000000089e+00 7.988977919999999955e-01 2.350000000000000089e+00 7.962821239999999827e-04 2.350000000000000089e+00 3.669770469999999817e-05 2.350000000000000089e+00 7.540979929999999491e-04 2.350000000000000089e+00 1.687108079999999947e-14 2.350000000000000089e+00 8.584101100000000040e-01 2.350000000000000089e+00 4.257647870000000247e-04 2.350000000000000089e+00 9.288156099999999853e-06 2.350000000000000089e+00 3.691643910000000145e-04 2.350000000000000089e+00 3.347016980000000251e-14 2.350000000000000089e+00 8.529277219999999993e-01 2.350000000000000089e+00 2.127886859999999927e-04 2.350000000000000089e+00 2.265724969999999912e-06 2.350000000000000089e+00 1.784431760000000004e-04 2.350000000000000089e+00 6.639303490000000109e-14 2.350000000000000089e+00 8.432280089999999451e-01 2.350000000000000089e+00 1.046382309999999952e-04 2.350000000000000089e+00 5.710687889999999922e-07 2.350000000000000089e+00 8.665699150000000066e-05 2.350000000000000089e+00 1.318388090000000028e-13 2.350000000000000089e+00 8.381896030000000053e-01
2.359999999999999876e+00 2.240959350000000169e-03 2.359999999999999876e+00 1.652584359999999882e-04 2.359999999999999876e+00 3.273918289999999936e-03 2.359999999999999876e+00 7.010177810000000248e-15 2.359999999999999876e+00 6.940850259999999938e-01 2.359999999999999876e+00 1.893652929999999979e-03 2.359999999999999876e+00 6.053582340000000003e-05 2.359999999999999876e+00 2.385675839999999975e-03 2.359999999999999876e+00 1.525005570000000072e-14 2.359999999999999876e+00 7.810251590000000244e-01 2.359999999999999876e+00 1.431501989999999901e-03 2.359999999999999876e+00 2.411195220000000080e-05 2.359999999999999876e+00 1.612234190000000041e-03 2.359999999999999876e+00 3.041759040000000280e-14 2.359999999999999876e+00 7.579586130000000033e-01 2.359999999999999876e+00 9.573996350000000101e-04 2.359999999999999876e+00 1.158530509999999929e-05 2.359999999999999876e+00 9.733387209999999623e-04 2.359999999999999876e+00 6.177106309999999940e-14 2.359999999999999876e+00 7.396272720000000023e-01 2.359999999999999876e+00 5.560659930000000535e-04 2.359999999999999876e+00 4.359848450000000373e-06 2.359999999999999876e+00 5.319063950000000067e-04 2.359999999999999876e+00 1.246313349999999882e-13 2.359999999999999876e+00 7.286490559999999617e-01 2.359999999999999876e+00 1.209298840000000040e-03 2.359999999999999876e+00 1.306565470000000003e-04 2.359999999999999876e+00 1.363079350000000016e-03 2.359999999999999876e+00 9.687469410000000516e-15 2.359999999999999876e+00 7.988977919999999955e-01 2.359999999999999876e+00 7.981696550000000334e-04 2.359999999999999876e+00 3.738868460000000258e-05 2.359999999999999876e+00 7.620702809999999614e-04 2.359999999999999876e+00 1.687120829999999860e-14 2.359999999999999876e+00 8.584101100000000040e-01 2.359999999999999876e+00 4.274116129999999810e-04 2.359999999999999876e+00 9.487176490000000465e-06 2.359999999999999876e+00 3.734302860000000032e-04 2.359999999999999876e+00 3.347022539999999881e-14 2.359999999999999876e+00 8.529277219999999993e-01 2.359999999999999876e+00 2.137623309999999962e-04 2.359999999999999876e+00 2.317571189999999942e-06 2.359999999999999876e+00 1.805759360000000122e-04 2.359999999999999876e+00 6.639345010000000207e-14 2.359999999999999876e+00 8.432280089999999451e-01 2.359999999999999876e+00 1.051475110000000060e-04 2.359999999999999876e+00 5.850070060000000138e-07 2.359999999999999876e+00 8.770592220000000003e-05 2.359999999999999876e+00 1.318404190000000032e-13 2.359999999999999876e+00 8.381896030000000053e-01
2.370000000000000107e+00 2.240198520000000193e-03 2.370000000000000107e+00 1.662133729999999894e-04 2.370000000000000107e+00 3.296324089999999856e-03 2.370000000000000107e+00 7.010125830000000140e-15 2.370000000000000107e+00 6.940850259999999938e-01 2.370000000000000107e+00 1.893568310000000050e-03 2.370000000000000107e+00 6.129477399999999686e-05 2.370000000000000107e+00 2.404611970000000102e-03 2.370000000000000107e+00 1.525041429999999927e-14 2.370000000000000107e+00 7.810251590000000244e-01 2.370000000000000107e+00 1.432753140000000026e-03 2.370000000000000107e+00 2.458370500000000013e-05 2.370000000000000107e+00 1.626555509999999928e-03 2.370000000000000107e+00 3.041855100000000025e-14 2.370000000000000107e+00 7.579586130000000033e-01 2.370000000000000107e+00 9.594005120000000239e-04 2.370000000000000107e+00 1.189304050000000027e-05 2.370000000000000107e+00 9.829227540000000287e-04 2.370000000000000107e+00 6.177177869999999678e-14 2.370000000000000107e+00 7.396272720000000023e-01 2.370000000000000107e+00 5.577214009999999786e-04 2.370000000000000107e+00 4.492121439999999579e-06 2.370000000000000107e+00 5.374753510000000473e-04 2.370000000000000107e+00 1.246315009999999961e-13 2.370000000000000107e+00 7.286490559999999617e-01 2.370000000000000107e+00 1.209997659999999947e-03 2.370000000000000107e+00 1.323944940000000114e-04 2.370000000000000107e+00 1.375175869999999958e-03 2.370000000000000107e+00 9.687522130000000491e-15 2.370000000000000107e+00 7.988977919999999955e-01 2.370000000000000107e+00 8.000228599999999841e-04 2.370000000000000107e+00 3.809308430000000063e-05 2.370000000000000107e+00 7.700612720000000501e-04 2.370000000000000107e+00 1.687132689999999934e-14 2.370000000000000107e+00 8.584101100000000040e-01 2.370000000000000107e+00 4.290434860000000013e-04 2.370000000000000107e+00 9.690904960000000035e-06 2.370000000000000107e+00 3.777125739999999746e-04 2.370000000000000107e+00 3.347025870000000228e-14 2.370000000000000107e+00 8.529277219999999993e-01 2.370000000000000107e+00 2.147301940000000099e-04 2.370000000000000107e+00 2.370811029999999804e-06 2.370000000000000107e+00 1.827184029999999969e-04 2.370000000000000107e+00 6.639380600000000425e-14 2.370000000000000107e+00 8.432280089999999451e-01 2.370000000000000107e+00 1.056543860000000044e-04 2.370000000000000107e+00 5.993679480000000205e-07 2.370000000000000107e+00 8.875993370000000192e-05 2.370000000000000107e+00 1.318418930000000029e-13 2.370000000000000107e+00 8.381896030000000053e-01
2.379999999999999893e+00 2.239419040000000145e-03 2.379999999999999893e+00 1.671766560000000079e-04 2.379999999999999893e+00 3.318722200000000146e-03 2.379999999999999893e+00 7.010077020000000250e-15 2.379999999999999893e+00 6.940850259999999938e-01 2.379999999999999893e+00 1.893447880000000095e-03 2.379999999999999893e+00 6.206432229999999631e-05 2.379999999999999893e+00 2.423547079999999968e-03 2.379999999999999893e+00 1.525078820000000137e-14 2.379999999999999893e+00 7.810251590000000244e-01 2.379999999999999893e+00 1.433958070000000088e-03 2.379999999999999893e+00 2.506789190000000085e-05 2.379999999999999893e+00 1.640889100000000010e-03 2.379999999999999893e+00 3.041955760000000203e-14 2.379999999999999893e+00 7.579586130000000033e-01 2.379999999999999893e+00 9.613617440000000493e-04 2.379999999999999893e+00 1.221292900000000058e-05 2.379999999999999893e+00 9.925265990000000770e-04 2.379999999999999893e+00 6.177255229999999634e-14 2.379999999999999893e+00 7.396272720000000023e-01 2.379999999999999893e+00 5.593538530000000163e-04 2.379999999999999893e+00 4.630712710000000135e-06 2.379999999999999893e+00 5.430607469999999912e-04 2.379999999999999893e+00 1.246317560000000070e-13 2.379999999999999893e+00 7.286490559999999617e-01 2.379999999999999893e+00 1.210651089999999945e-03 2.379999999999999893e+00 1.341551750000000110e-04 2.379999999999999893e+00 1.387279149999999994e-03 2.379999999999999893e+00 9.687572519999999307e-15 2.379999999999999893e+00 7.988977919999999955e-01 2.379999999999999893e+00 8.018416559999999495e-04 2.379999999999999893e+00 3.881127489999999889e-05 2.379999999999999893e+00 7.780706229999999595e-04 2.379999999999999893e+00 1.687143720000000157e-14 2.379999999999999893e+00 8.584101100000000040e-01 2.379999999999999893e+00 4.306603170000000073e-04 2.379999999999999893e+00 9.899505040000000327e-06 2.379999999999999893e+00 3.820111049999999858e-04 2.379999999999999893e+00 3.347027090000000008e-14 2.379999999999999893e+00 8.529277219999999993e-01 2.379999999999999893e+00 2.156922389999999879e-04 2.379999999999999893e+00 2.425500810000000087e-06 2.379999999999999893e+00 1.848705199999999926e-04 2.379999999999999893e+00 6.639410470000000412e-14 2.379999999999999893e+00 8.432280089999999451e-01 2.379999999999999893e+00 1.061588449999999938e-04 2.379999999999999893e+00 6.141708870000000410e-07 2.379999999999999893e+00 8.981900179999999733e-05 2.379999999999999893e+00 1.318432350000000011e-13 2.379999999999999893e+00 8.381896030000000053e-01
2.390000000000000124e+00 2.238621149999999935e-03 2.390000000000000124e+00 1.681484319999999985e-04 2.390000000000000124e+00 3.341112409999999911e-03 2.390000000000000124e+00 7.010031759999999721e-15 2.390000000000000124e+00 6.940850259999999938e-01 2.390000000000000124e+00 1.893292069999999916e-03 2.390000000000000124e+00 6.284469149999999827e-05 2.390000000000000124e+00 2.442480810000000144e-03 2.390000000000000124e+00 1.525117880000000047e-14 2.390000000000000124e+00 7.810251590000000244e-01 2.390000000000000124e+00 1.435116960000000020e-03 2.390000000000000124e+00 2.556497529999999979e-05 2.390000000000000124e+00 1.655234520000000093e-03 2.390000000000000124e+00 3.042061380000000120e-14 2.390000000000000124e+00 7.579586130000000033e-01 2.390000000000000124e+00 9.632830240000000120e-04 2.390000000000000124e+00 1.254565239999999929e-05 2.390000000000000124e+00 1.002149859999999955e-03 2.390000000000000124e+00 6.177338900000000032e-14 2.390000000000000124e+00 7.396272720000000023e-01 2.390000000000000124e+00 5.609630419999999838e-04 2.390000000000000124e+00 4.776057969999999684e-06 2.390000000000000124e+00 5.486623510000000065e-04 2.390000000000000124e+00 1.246321060000000071e-13 2.390000000000000124e+00 7.286490559999999617e-01 2.390000000000000124e+00 1.211259219999999892e-03 2.390000000000000124e+00 1.359390379999999979e-04 2.390000000000000124e+00 1.399388739999999970e-03 2.390000000000000124e+00 9.687621020000000042e-15 2.390000000000000124e+00 7.988977919999999955e-01 2.390000000000000124e+00 8.036259489999999801e-04 2.390000000000000124e+00 3.954364179999999695e-05 2.390000000000000124e+00 7.860979899999999800e-04 2.390000000000000124e+00 1.687153999999999884e-14 2.390000000000000124e+00 8.584101100000000040e-01 2.390000000000000124e+00 4.322620080000000114e-04 2.390000000000000124e+00 1.011314850000000081e-05 2.390000000000000124e+00 3.863257299999999818e-04 2.390000000000000124e+00 3.347026330000000145e-14 2.390000000000000124e+00 8.529277219999999993e-01 2.390000000000000124e+00 2.166484260000000087e-04 2.390000000000000124e+00 2.481700110000000076e-06 2.390000000000000124e+00 1.870322279999999911e-04 2.390000000000000124e+00 6.639434860000000123e-14 2.390000000000000124e+00 8.432280089999999451e-01 2.390000000000000124e+00 1.066608740000000028e-04 2.390000000000000124e+00 6.294362909999999958e-07 2.390000000000000124e+00 9.088310250000000083e-05 2.390000000000000124e+00 1.318444510000000094e-13 2.390000000000000124e+00 8.381896030000000053e-01
2.399999999999999911e+00 2.237805079999999943e-03 2.399999999999999911e+00 1.691288520000000083e-04 2.399999999999999911e+00 3.363494559999999790e-03 2.399999999999999911e+00 7.009990440000000061e-15 2.399999999999999911e+00 6.940850259999999938e-01 2.399999999999999911e+00 1.893101280000000081e-03 2.399999999999999911e+00 6.363611000000000625e-05 2.399999999999999911e+00 2.461412809999999861e-03 2.399999999999999911e+00 1.525158769999999942e-14 2.399999999999999911e+00 7.810251590000000244e-01 2.399999999999999911e+00 1.436229980000000008e-03 2.399999999999999911e+00 2.607543920000000100e-05 2.399999999999999911e+00 1.669591289999999926e-03 2.399999999999999911e+00 3.042172350000000020e-14 2.399999999999999911e+00 7.579586130000000033e-01 2.399999999999999911e+00 9.651640000000000176e-04 2.399999999999999911e+00 1.289194030000000026e-05 2.399999999999999911e+00 1.011792120000000027e-03 2.399999999999999911e+00 6.177429460000000135e-14 2.399999999999999911e+00 7.396272720000000023e-01 2.399999999999999911e+00 5.625486280000000471e-04 2.399999999999999911e+00 4.928631219999999875e-06 2.399999999999999911e+00 5.542799290000000522e-04 2.399999999999999911e+00 1.246325629999999943e-13 2.399999999999999911e+00 7.286490559999999617e-01 2.399999999999999911e+00 1.211822169999999957e-03 2.399999999999999911e+00 1.377465420000000083e-04 2.399999999999999911e+00 1.411504179999999989e-03 2.399999999999999911e+00 9.687668109999999452e-15 2.399999999999999911e+00 7.988977919999999955e-01 2.399999999999999911e+00 8.053756299999999691e-04 2.399999999999999911e+00 4.029058590000000021e-05 2.399999999999999911e+00 7.941430269999999762e-04 2.399999999999999911e+00 1.687163600000000048e-14 2.399999999999999911e+00 8.584101100000000040e-01 2.399999999999999911e+00 4.338484530000000033e-04 2.399999999999999911e+00 1.033201569999999928e-05 2.399999999999999911e+00 3.906562949999999815e-04 2.399999999999999911e+00 3.347023709999999986e-14 2.399999999999999911e+00 8.529277219999999993e-01 2.399999999999999911e+00 2.175987129999999963e-04 2.399999999999999911e+00 2.539471970000000173e-06 2.399999999999999911e+00 1.892034690000000074e-04 2.399999999999999911e+00 6.639453990000000150e-14 2.399999999999999911e+00 8.432280089999999451e-01 2.399999999999999911e+00 1.071604600000000023e-04 2.399999999999999911e+00 6.451859229999999501e-07 2.399999999999999911e+00 9.195221119999999687e-05 2.399999999999999911e+00 1.318455450000000017e-13 2.399999999999999911e+00 8.381896030000000053e-01
2.410000000000000142e+00 2.236971050000000159e-03 2.410000000000000142e+00 1.701180679999999992e-04 2.410000000000000142e+00 3.385868460000000107e-03 2.410000000000000142e+00 7.009953449999999621e-15 2.410000000000000142e+00 6.940850259999999938e-01 2.410000000000000142e+00 1.892875899999999900e-03 2.410000000000000142e+00 6.443881260000000632e-05 2.410000000000000142e+00 2.480342720000000122e-03 2.410000000000000142e+00 1.525201650000000111e-14 2.410000000000000142e+00 7.810251590000000244e-01 2.410000000000000142e+00 1.437297280000000106e-03 2.410000000000000142e+00 2.659979009999999993e-05 2.410000000000000142e+00 1.683958960000000006e-03 2.410000000000000142e+00 3.042289060000000149e-14 2.410000000000000142e+00 7.579586130000000033e-01 2.410000000000000142e+00 9.670042800000000060e-04 2.410000000000000142e+00 1.325257479999999919e-05 2.410000000000000142e+00 1.021453000000000074e-03 2.410000000000000142e+00 6.177527450000000479e-14 2.410000000000000142e+00 7.396272720000000023e-01 2.410000000000000142e+00 5.641102329999999818e-04 2.410000000000000142e+00 5.088948730000000050e-06 2.410000000000000142e+00 5.599132429999999954e-04 2.410000000000000142e+00 1.246331339999999988e-13 2.410000000000000142e+00 7.286490559999999617e-01 2.410000000000000142e+00 1.212340010000000079e-03 2.410000000000000142e+00 1.395781609999999912e-04 2.410000000000000142e+00 1.423625030000000074e-03 2.410000000000000142e+00 9.687714260000000609e-15 2.410000000000000142e+00 7.988977919999999955e-01 2.410000000000000142e+00 8.070905779999999665e-04 2.410000000000000142e+00 4.105252369999999785e-05 2.410000000000000142e+00 8.022053870000000336e-04 2.410000000000000142e+00 1.687172590000000008e-14 2.410000000000000142e+00 8.584101100000000040e-01 2.410000000000000142e+00 4.354195399999999968e-04 2.410000000000000142e+00 1.055629659999999957e-05 2.410000000000000142e+00 3.950026479999999961e-04 2.410000000000000142e+00 3.347019350000000140e-14 2.410000000000000142e+00 8.529277219999999993e-01 2.410000000000000142e+00 2.185430569999999870e-04 2.410000000000000142e+00 2.598883140000000050e-06 2.410000000000000142e+00 1.913841830000000100e-04 2.410000000000000142e+00 6.639468100000000449e-14 2.410000000000000142e+00 8.432280089999999451e-01 2.410000000000000142e+00 1.076575860000000058e-04 2.410000000000000142e+00 6.614429320000000203e-07 2.410000000000000142e+00 9.302630349999999352e-05 2.410000000000000142e+00 1.318465219999999962e-13 2.410000000000000142e+00 8.381896030000000053e-01
2.419999999999999929e+00 2.236119260000000216e-03 2.419999999999999929e+00 1.711162350000000024e-04 2.419999999999999929e+00 3.408233919999999889e-03 2.419999999999999929e+00 7.009921209999999904e-15 2.419999999999999929e+00 6.940850259999999938e-01 2.419999999999999929e+00 1.892616319999999982e-03 2.419999999999999929e+00 6.525303969999999469e-05 2.419999999999999929e+00 2.499270210000000079e-03 2.419999999999999929e+00 1.525246679999999892e-14 2.419999999999999929e+00 7.810251590000000244e-01 2.419999999999999929e+00 1.438318980000000049e-03 2.419999999999999929e+00 2.713855799999999977e-05 2.419999999999999929e+00 1.698337079999999964e-03 2.419999999999999929e+00 3.042411909999999803e-14 2.419999999999999929e+00 7.579586130000000033e-01 2.419999999999999929e+00 9.688034200000000167e-04 2.419999999999999929e+00 1.362839439999999984e-05 2.419999999999999929e+00 1.031132070000000079e-03 2.419999999999999929e+00 6.177633460000000010e-14 2.419999999999999929e+00 7.396272720000000023e-01 2.419999999999999929e+00 5.656474339999999603e-04 2.419999999999999929e+00 5.257573590000000405e-06 2.419999999999999929e+00 5.655620520000000399e-04 2.419999999999999929e+00 1.246338299999999997e-13 2.419999999999999929e+00 7.286490559999999617e-01 2.419999999999999929e+00 1.212812840000000074e-03 2.419999999999999929e+00 1.414343779999999954e-04 2.419999999999999929e+00 1.435750829999999896e-03 2.419999999999999929e+00 9.687759950000000272e-15 2.419999999999999929e+00 7.988977919999999955e-01 2.419999999999999929e+00 8.087706579999999696e-04 2.419999999999999929e+00 4.182988900000000069e-05 2.419999999999999929e+00 8.102847220000000249e-04 2.419999999999999929e+00 1.687181060000000060e-14 2.419999999999999929e+00 8.584101100000000040e-01 2.419999999999999929e+00 4.369751459999999957e-04 2.419999999999999929e+00 1.078619070000000074e-05 2.419999999999999929e+00 3.993646339999999944e-04 2.419999999999999929e+00 3.347013380000000268e-14 2.419999999999999929e+00 8.529277219999999993e-01 2.419999999999999929e+00 2.194814069999999947e-04 2.419999999999999929e+00 2.660004369999999913e-06 2.419999999999999929e+00 1.935743099999999949e-04 2.419999999999999929e+00 6.639477410000000351e-14 2.419999999999999929e+00 8.432280089999999451e-01 2.419999999999999929e+00 1.081522370000000057e-04 2.419999999999999929e+00 6.782319630000000325e-07 2.419999999999999929e+00 9.410535460000000584e-05 2.419999999999999929e+00 1.318473859999999921e-13 2.419999999999999929e+00 8.381896030000000053e-01
2.430000000000000160e+00 2.235249930000000104e-03 2.430000000000000160e+00 1.721235089999999907e-04 2.430000000000000160e+00 3.430590780000000208e-03 2.430000000000000160e+00 7.009894140000000044e-15 2.430000000000000160e+00 6.940850259999999938e-01 2.430000000000000160e+00 1.892322899999999974e-03 2.430000000000000160e+00 6.607903819999999583e-05 2.430000000000000160e+00 2.518194939999999788e-03 2.430000000000000160e+00 1.525294039999999885e-14 2.430000000000000160e+00 7.810251590000000244e-01 2.430000000000000160e+00 1.439295190000000049e-03 2.430000000000000160e+00 2.769229870000000160e-05 2.430000000000000160e+00 1.712725189999999903e-03 2.430000000000000160e+00 3.042541329999999853e-14 2.430000000000000160e+00 7.579586130000000033e-01 2.430000000000000160e+00 9.705609279999999556e-04 2.430000000000000160e+00 1.402029899999999917e-05 2.430000000000000160e+00 1.040828929999999906e-03 2.430000000000000160e+00 6.177748110000000510e-14 2.430000000000000160e+00 7.396272720000000023e-01 2.430000000000000160e+00 5.671597640000000055e-04 2.430000000000000160e+00 5.435120680000000329e-06 2.430000000000000160e+00 5.712261089999999802e-04 2.430000000000000160e+00 1.246346610000000078e-13 2.430000000000000160e+00 7.286490559999999617e-01 2.430000000000000160e+00 1.213240690000000040e-03 2.430000000000000160e+00 1.433156939999999976e-04 2.430000000000000160e+00 1.447881139999999912e-03 2.430000000000000160e+00 9.687805659999999931e-15 2.430000000000000160e+00 7.988977919999999955e-01 2.430000000000000160e+00 8.104157190000000396e-04 2.430000000000000160e+00 4.262313290000000057e-05 2.430000000000000160e+00 8.183806830000000436e-04 2.430000000000000160e+00 1.687189069999999880e-14 2.430000000000000160e+00 8.584101100000000040e-01 2.430000000000000160e+00 4.385151419999999732e-04 2.430000000000000160e+00 1.102190830000000034e-05 2.430000000000000160e+00 4.037420989999999953e-04 2.430000000000000160e+00 3.347005919999999718e-14 2.430000000000000160e+00 8.529277219999999993e-01 2.430000000000000160e+00 2.204137110000000104e-04 2.430000000000000160e+00 2.722910680000000000e-06 2.430000000000000160e+00 1.957737910000000080e-04 2.430000000000000160e+00 6.639482150000000128e-14 2.430000000000000160e+00 8.432280089999999451e-01 2.430000000000000160e+00 1.086443930000000003e-04 2.430000000000000160e+00 6.955792740000000520e-07 2.430000000000000160e+00 9.518933990000000474e-05 2.430000000000000160e+00 1.318481420000000075e-13 2.430000000000000160e+00 8.381896030000000053e-01
2.439999999999999947e+00 2.234363249999999929e-03 2.439999999999999947e+00 1.731400500000000026e-04 2.439999999999999947e+00 3.452938860000000047e-03 2.439999999999999947e+00 7.009872669999999965e-15 2.439999999999999947e+00 6.940850259999999938e-01 2.439999999999999947e+00 1.891995999999999956e-03 2.439999999999999947e+00 6.691706149999999465e-05 2.439999999999999947e+00 2.537116560000000215e-03 2.439999999999999947e+00 1.525343910000000057e-14 2.439999999999999947e+00 7.810251590000000244e-01 2.439999999999999947e+00 1.440225990000000003e-03 2.439999999999999947e+00 2.826159380000000098e-05 2.439999999999999947e+00 1.727122829999999925e-03 2.439999999999999947e+00 3.042677760000000218e-14 2.439999999999999947e+00 7.579586130000000033e-01 2.439999999999999947e+00 9.722762529999999645e-04 2.439999999999999947e+00 1.442925509999999940e-05 2.439999999999999947e+00 1.050543149999999971e-03 2.439999999999999947e+00 6.177872029999999656e-14 2.439999999999999947e+00 7.396272720000000023e-01 2.439999999999999947e+00 5.686467030000000268e-04 2.439999999999999947e+00 5.622262400000000342e-06 2.439999999999999947e+00 5.769051629999999518e-04 2.439999999999999947e+00 1.246356380000000023e-13 2.439999999999999947e+00 7.286490559999999617e-01 2.439999999999999947e+00 1.213623640000000090e-03 2.439999999999999947e+00 1.452226199999999889e-04 2.439999999999999947e+00 1.460015500000000008e-03 2.439999999999999947e+00 9.687851909999999493e-15 2.439999999999999947e+00 7.988977919999999955e-01 2.439999999999999947e+00 8.120255939999999764e-04 2.439999999999999947e+00 4.343272510000000176e-05 2.439999999999999947e+00 8.264929189999999743e-04 2.439999999999999947e+00 1.687196700000000084e-14 2.439999999999999947e+00 8.584101100000000040e-01 2.439999999999999947e+00 4.400393860000000089e-04 2.439999999999999947e+00 1.126367079999999936e-05 2.439999999999999947e+00 4.081348839999999838e-04 2.439999999999999947e+00 3.346997109999999726e-14 2.439999999999999947e+00 8.529277219999999993e-01 2.439999999999999947e+00 2.213399140000000100e-04 2.439999999999999947e+00 2.787681720000000190e-06 2.439999999999999947e+00 1.979825639999999989e-04 2.439999999999999947e+00 6.639482569999999422e-14 2.439999999999999947e+00 8.432280089999999451e-01 2.439999999999999947e+00 1.091340370000000036e-04 2.439999999999999947e+00 7.135128609999999902e-07 2.439999999999999947e+00 9.627823409999999372e-05 2.439999999999999947e+00 1.318487950000000098e-13 2.439999999999999947e+00 8.381896030000000053e-01
2.450000000000000178e+00 2.233459409999999801e-03 2.450000000000000178e+00 1.741660199999999869e-04 2.450000000000000178e+00 3.475277990000000088e-03 2.450000000000000178e+00 7.009857240000000377e-15 2.450000000000000178e+00 6.940850259999999938e-01 2.450000000000000178e+00 1.891635949999999908e-03 2.450000000000000178e+00 6.776736950000000433e-05 2.450000000000000178e+00 2.556034750000000036e-03 2.450000000000000178e+00 1.525396470000000060e-14 2.450000000000000178e+00 7.810251590000000244e-01 2.450000000000000178e+00 1.441111419999999968e-03 2.450000000000000178e+00 2.884705360000000142e-05 2.450000000000000178e+00 1.741529560000000055e-03 2.450000000000000178e+00 3.042821669999999867e-14 2.450000000000000178e+00 7.579586130000000033e-01 2.450000000000000178e+00 9.739487849999999870e-04 2.450000000000000178e+00 1.485630159999999941e-05 2.450000000000000178e+00 1.060274310000000001e-03 2.450000000000000178e+00 6.178005859999999858e-14 2.450000000000000178e+00 7.396272720000000023e-01 2.450000000000000178e+00 5.701076729999999485e-04 2.450000000000000178e+00 5.819734950000000308e-06 2.450000000000000178e+00 5.825989570000000058e-04 2.450000000000000178e+00 1.246367709999999940e-13 2.450000000000000178e+00 7.286490559999999617e-01 2.450000000000000178e+00 1.213961709999999928e-03 2.450000000000000178e+00 1.471556830000000048e-04 2.450000000000000178e+00 1.472153460000000030e-03 2.450000000000000178e+00 9.687899200000000445e-15 2.450000000000000178e+00 7.988977919999999955e-01 2.450000000000000178e+00 8.136001029999999573e-04 2.450000000000000178e+00 4.425915470000000012e-05 2.450000000000000178e+00 8.346210770000000350e-04 2.450000000000000178e+00 1.687204050000000023e-14 2.450000000000000178e+00 8.584101100000000040e-01 2.450000000000000178e+00 4.415477270000000014e-04 2.450000000000000178e+00 1.151171159999999998e-05 2.450000000000000178e+00 4.125428329999999868e-04 2.450000000000000178e+00 3.346987059999999958e-14 2.450000000000000178e+00 8.529277219999999993e-01 2.450000000000000178e+00 2.222599539999999972e-04 2.450000000000000178e+00 2.854402059999999998e-06 2.450000000000000178e+00 2.002005689999999906e-04 2.450000000000000178e+00 6.639478880000000402e-14 2.450000000000000178e+00 8.432280089999999451e-01 2.450000000000000178e+00 1.096211469999999950e-04 2.450000000000000178e+00 7.320625939999999917e-07 2.450000000000000178e+00 9.737201220000000492e-05 2.450000000000000178e+00 1.318493489999999984e-13 2.450000000000000178e+00 8.381896030000000053e-01
2.459999999999999964e+00 2.232538599999999828e-03 2.459999999999999964e+00 1.752015829999999932e-04 2.459999999999999964e+00 3.497607990000000180e-03 2.459999999999999964e+00 7.009848329999999614e-15 2.459999999999999964e+00 6.940850259999999938e-01 2.459999999999999964e+00 1.891243089999999991e-03 2.459999999999999964e+00 6.863022890000000003e-05 2.459999999999999964e+00 2.574949170000000176e-03 2.459999999999999964e+00 1.525451909999999861e-14 2.459999999999999964e+00 7.810251590000000244e-01 2.459999999999999964e+00 1.441951520000000000e-03 2.459999999999999964e+00 2.944931759999999888e-05 2.459999999999999964e+00 1.755944910000000001e-03 2.459999999999999964e+00 3.042973519999999980e-14 2.459999999999999964e+00 7.579586130000000033e-01 2.459999999999999964e+00 9.755778470000000180e-04 2.459999999999999964e+00 1.530255640000000090e-05 2.459999999999999964e+00 1.070021979999999980e-03 2.459999999999999964e+00 6.178150279999999731e-14 2.459999999999999964e+00 7.396272720000000023e-01 2.459999999999999964e+00 5.715420309999999548e-04 2.459999999999999964e+00 6.028345480000000179e-06 2.459999999999999964e+00 5.883072280000000006e-04 2.459999999999999964e+00 1.246380710000000123e-13 2.459999999999999964e+00 7.286490559999999617e-01 2.459999999999999964e+00 1.214254930000000085e-03 2.459999999999999964e+00 1.491154249999999937e-04 2.459999999999999964e+00 1.484294580000000002e-03 2.459999999999999964e+00 9.687948059999999537e-15 2.459999999999999964e+00 7.988977919999999955e-01 2.459999999999999964e+00 8.151390460000000225e-04 2.459999999999999964e+00 4.510293129999999769e-05 2.459999999999999964e+00 8.427648030000000137e-04 2.459999999999999964e+00 1.687211170000000004e-14 2.459999999999999964e+00 8.584101100000000040e-01 2.459999999999999964e+00 4.430400059999999897e-04 2.459999999999999964e+00 1.176627709999999984e-05 2.459999999999999964e+00 4.169657849999999972e-04 2.459999999999999964e+00 3.346975909999999756e-14 2.459999999999999964e+00 8.529277219999999993e-01 2.459999999999999964e+00 2.231737659999999878e-04 2.459999999999999964e+00 2.923161610000000101e-06 2.459999999999999964e+00 2.024277419999999947e-04 2.459999999999999964e+00 6.639471339999999866e-14 2.459999999999999964e+00 8.432280089999999451e-01 2.459999999999999964e+00 1.101056990000000025e-04 2.459999999999999964e+00 7.512603710000000407e-07 2.459999999999999964e+00 9.847064849999999467e-05 2.459999999999999964e+00 1.318498089999999913e-13 2.459999999999999964e+00 8.381896030000000053e-01
2.470000000000000195e+00 2.231600979999999804e-03 2.470000000000000195e+00 1.762469060000000046e-04 2.470000000000000195e+00 3.519928710000000058e-03 2.470000000000000195e+00 7.009846399999999962e-15 2.470000000000000195e+00 6.940850259999999938e-01 2.470000000000000195e+00 1.890817730000000051e-03 2.470000000000000195e+00 6.950591350000000169e-05 2.470000000000000195e+00 2.593859500000000179e-03 2.470000000000000195e+00 1.525510430000000053e-14 2.470000000000000195e+00 7.810251590000000244e-01 2.470000000000000195e+00 1.442746290000000101e-03 2.470000000000000195e+00 3.006905670000000071e-05 2.470000000000000195e+00 1.770368440000000005e-03 2.470000000000000195e+00 3.043133820000000150e-14 2.470000000000000195e+00 7.579586130000000033e-01 2.470000000000000195e+00 9.771626900000000143e-04 2.470000000000000195e+00 1.576922269999999948e-05 2.470000000000000195e+00 1.079785719999999932e-03 2.470000000000000195e+00 6.178305989999999780e-14 2.470000000000000195e+00 7.396272720000000023e-01 2.470000000000000195e+00 5.729490629999999711e-04 2.470000000000000195e+00 6.248980140000000180e-06 2.470000000000000195e+00 5.940297060000000393e-04 2.470000000000000195e+00 1.246395500000000048e-13 2.470000000000000195e+00 7.286490559999999617e-01 2.470000000000000195e+00 1.214503299999999909e-03 2.470000000000000195e+00 1.511024009999999878e-04 2.470000000000000195e+00 1.496438409999999988e-03 2.470000000000000195e+00 9.687999039999999824e-15 2.470000000000000195e+00 7.988977919999999955e-01 2.470000000000000195e+00 8.166422100000000472e-04 2.470000000000000195e+00 4.596458590000000044e-05 2.470000000000000195e+00 8.509237390000000401e-04 2.470000000000000195e+00 1.687218160000000007e-14 2.470000000000000195e+00 8.584101100000000040e-01 2.470000000000000195e+00 4.445160480000000225e-04 2.470000000000000195e+00 1.202762720000000025e-05 2.470000000000000195e+00 4.214035790000000077e-04 2.470000000000000195e+00 3.346963799999999728e-14 2.470000000000000195e+00 8.529277219999999993e-01 2.470000000000000195e+00 2.240812809999999866e-04 2.470000000000000195e+00 2.994056029999999798e-06 2.470000000000000195e+00 2.046640230000000072e-04 2.470000000000000195e+00 6.639460169999999668e-14 2.470000000000000195e+00 8.432280089999999451e-01 2.470000000000000195e+00 1.105876699999999962e-04 2.470000000000000195e+00 7.711402780000000110e-07 2.470000000000000195e+00 9.957411760000000212e-05 2.470000000000000195e+00 1.318501810000000001e-13 2.470000000000000195e+00 8.381896030000000053e-01
2.479999999999999982e+00 2.230646739999999836e-03 2.479999999999999982e+00 1.773021599999999884e-04 2.479999999999999982e+00 3.542239960000000045e-03 2.479999999999999982e+00 7.009851939999999753e-15 2.479999999999999982e+00 6.940850259999999938e-01 2.479999999999999982e+00 1.890360169999999972e-03 2.479999999999999982e+00 7.039470459999999934e-05 2.479999999999999982e+00 2.612765420000000022e-03 2.479999999999999982e+00 1.525572249999999967e-14 2.479999999999999982e+00 7.810251590000000244e-01 2.479999999999999982e+00 1.443495699999999956e-03 2.479999999999999982e+00 3.070697490000000264e-05 2.479999999999999982e+00 1.784799689999999953e-03 2.479999999999999982e+00 3.043303090000000282e-14 2.479999999999999982e+00 7.579586130000000033e-01 2.479999999999999982e+00 9.787024899999999077e-04 2.479999999999999982e+00 1.625759739999999988e-05 2.479999999999999982e+00 1.089565090000000095e-03 2.479999999999999982e+00 6.178473719999999559e-14 2.479999999999999982e+00 7.396272720000000023e-01 2.479999999999999982e+00 5.743279780000000142e-04 2.479999999999999982e+00 6.482613069999999753e-06 2.479999999999999982e+00 5.997661150000000319e-04 2.479999999999999982e+00 1.246412199999999944e-13 2.479999999999999982e+00 7.286490559999999617e-01 2.479999999999999982e+00 1.214706820000000052e-03 2.479999999999999982e+00 1.531171830000000052e-04 2.479999999999999982e+00 1.508584500000000050e-03 2.479999999999999982e+00 9.688052669999999635e-15 2.479999999999999982e+00 7.988977919999999955e-01 2.479999999999999982e+00 8.181093589999999987e-04 2.479999999999999982e+00 4.684467209999999723e-05 2.479999999999999982e+00 8.590975270000000266e-04 2.479999999999999982e+00 1.687225100000000020e-14 2.479999999999999982e+00 8.584101100000000040e-01 2.479999999999999982e+00 4.459756680000000260e-04 2.479999999999999982e+00 1.229603640000000042e-05 2.479999999999999982e+00 4.258560520000000192e-04 2.479999999999999982e+00 3.346950860000000164e-14 2.479999999999999982e+00 8.529277219999999993e-01 2.479999999999999982e+00 2.249824229999999989e-04 2.479999999999999982e+00 3.067187160000000052e-06 2.479999999999999982e+00 2.069093469999999896e-04 2.479999999999999982e+00 6.639445619999999448e-14 2.479999999999999982e+00 8.432280089999999451e-01 2.479999999999999982e+00 1.110670330000000026e-04 2.479999999999999982e+00 7.917387669999999951e-07 2.479999999999999982e+00 1.006823929999999976e-04 2.479999999999999982e+00 1.318504680000000052e-13 2.479999999999999982e+00 8.381896030000000053e-01
2.490000000000000213e+00 2.229676030000000194e-03 2.490000000000000213e+00 1.783675169999999891e-04 2.490000000000000213e+00 3.564541589999999874e-03 2.490000000000000213e+00 7.009865459999999686e-15 2.490000000000000213e+00 6.940850259999999938e-01 2.490000000000000213e+00 1.889870699999999897e-03 2.490000000000000213e+00 7.129689060000000066e-05 2.490000000000000213e+00 2.631666600000000158e-03 2.490000000000000213e+00 1.525637579999999880e-14 2.490000000000000213e+00 7.810251590000000244e-01 2.490000000000000213e+00 1.444199699999999982e-03 2.490000000000000213e+00 3.136381110000000118e-05 2.490000000000000213e+00 1.799238199999999947e-03 2.490000000000000213e+00 3.043481859999999966e-14 2.490000000000000213e+00 7.579586130000000033e-01 2.490000000000000213e+00 9.801963369999999731e-04 2.490000000000000213e+00 1.676907900000000100e-05 2.490000000000000213e+00 1.099359619999999964e-03 2.490000000000000213e+00 6.178654230000000192e-14 2.490000000000000213e+00 7.396272720000000023e-01 2.490000000000000213e+00 5.756778930000000342e-04 2.490000000000000213e+00 6.730316559999999682e-06 2.490000000000000213e+00 6.055161690000000372e-04 2.490000000000000213e+00 1.246430930000000043e-13 2.490000000000000213e+00 7.286490559999999617e-01 2.490000000000000213e+00 1.214865469999999942e-03 2.490000000000000213e+00 1.551603609999999925e-04 2.490000000000000213e+00 1.520732400000000036e-03 2.490000000000000213e+00 9.688109520000000444e-15 2.490000000000000213e+00 7.988977919999999955e-01 2.490000000000000213e+00 8.195402420000000125e-04 2.490000000000000213e+00 4.774376689999999996e-05 2.490000000000000213e+00 8.672858050000000103e-04 2.490000000000000213e+00 1.687232080000000025e-14 2.490000000000000213e+00 8.584101100000000040e-01 2.490000000000000213e+00 4.474186669999999822e-04 2.490000000000000213e+00 1.257179500000000014e-05 2.490000000000000213e+00 4.303230369999999942e-04 2.490000000000000213e+00 3.346937220000000096e-14 2.490000000000000213e+00 8.529277219999999993e-01 2.490000000000000213e+00 2.258771100000000001e-04 2.490000000000000213e+00 3.142663469999999834e-06 2.490000000000000213e+00 2.091636500000000078e-04 2.490000000000000213e+00 6.639427930000000424e-14 2.490000000000000213e+00 8.432280089999999451e-01 2.490000000000000213e+00 1.115437580000000061e-04 2.490000000000000213e+00 8.130948480000000468e-07 2.490000000000000213e+00 1.017954490000000053e-04 2.490000000000000213e+00 1.318506749999999995e-13 2.490000000000000213e+00 8.381896030000000053e-01
2.500000000000000000e+00 2.228689009999999804e-03 2.500000000000000000e+00 1.794431509999999891e-04 2.500000000000000000e+00 3.586833419999999831e-03 2.500000000000000000e+00 7.009887479999999665e-15 2.500000000000000000e+00 6.940850259999999938e-01 2.500000000000000000e+00 1.889349590000000047e-03 2.500000000000000000e+00 7.221276799999999999e-05 2.500000000000000000e+00 2.650562730000000089e-03 2.500000000000000000e+00 1.525706640000000068e-14 2.500000000000000000e+00 7.810251590000000244e-01 2.500000000000000000e+00 1.444858189999999928e-03 2.500000000000000000e+00 3.204034110000000265e-05 2.500000000000000000e+00 1.813683530000000012e-03 2.500000000000000000e+00 3.043670689999999732e-14 2.500000000000000000e+00 7.579586130000000033e-01 2.500000000000000000e+00 9.816432290000000945e-04 2.500000000000000000e+00 1.730517679999999878e-05 2.500000000000000000e+00 1.109168860000000036e-03 2.500000000000000000e+00 6.178848299999999645e-14 2.500000000000000000e+00 7.396272720000000023e-01 2.500000000000000000e+00 5.769978290000000402e-04 2.500000000000000000e+00 6.993272519999999870e-06 2.500000000000000000e+00 6.112795730000000413e-04 2.500000000000000000e+00 1.246451810000000071e-13 2.500000000000000000e+00 7.286490559999999617e-01 2.500000000000000000e+00 1.214979209999999957e-03 2.500000000000000000e+00 1.572325380000000068e-04 2.500000000000000000e+00 1.532881660000000009e-03 2.500000000000000000e+00 9.688170180000000567e-15 2.500000000000000000e+00 7.988977919999999955e-01 2.500000000000000000e+00 8.209345869999999830e-04 2.500000000000000000e+00 4.866247249999999845e-05 2.500000000000000000e+00 8.754882100000000323e-04 2.500000000000000000e+00 1.687239170000000011e-14 2.500000000000000000e+00 8.584101100000000040e-01 2.500000000000000000e+00 4.488448339999999751e-04 2.500000000000000000e+00 1.285520989999999925e-05 2.500000000000000000e+00 4.348043689999999957e-04 2.500000000000000000e+00 3.346923020000000128e-14 2.500000000000000000e+00 8.529277219999999993e-01 2.500000000000000000e+00 2.267652560000000086e-04 2.500000000000000000e+00 3.220600659999999985e-06 2.500000000000000000e+00 2.114268669999999964e-04 2.500000000000000000e+00 6.639407349999999711e-14 2.500000000000000000e+00 8.432280089999999451e-01 2.500000000000000000e+00 1.120178150000000045e-04 2.500000000000000000e+00 8.352503060000000163e-07 2.500000000000000000e+00 1.029132600000000000e-04 2.500000000000000000e+00 1.318508079999999945e-13 2.500000000000000000e+00 8.381896030000000053e-01
2.509999999999999787e+00 2.227685819999999841e-03 2.509999999999999787e+00 1.805292429999999970e-04 2.509999999999999787e+00 3.609115310000000042e-03 2.509999999999999787e+00 7.009918540000000384e-15 2.509999999999999787e+00 6.940850259999999938e-01 2.509999999999999787e+00 1.888797119999999956e-03 2.509999999999999787e+00 7.314264119999999529e-05 2.509999999999999787e+00 2.669453489999999794e-03 2.509999999999999787e+00 1.525779659999999859e-14 2.509999999999999787e+00 7.810251590000000244e-01 2.509999999999999787e+00 1.445471069999999976e-03 2.509999999999999787e+00 3.273738019999999780e-05 2.509999999999999787e+00 1.828135210000000075e-03 2.509999999999999787e+00 3.043870180000000103e-14 2.509999999999999787e+00 7.579586130000000033e-01 2.509999999999999787e+00 9.830420649999999008e-04 2.509999999999999787e+00 1.786752130000000022e-05 2.509999999999999787e+00 1.118992320000000099e-03 2.509999999999999787e+00 6.179056739999999983e-14 2.509999999999999787e+00 7.396272720000000023e-01 2.509999999999999787e+00 5.782866949999999461e-04 2.509999999999999787e+00 7.272785320000000173e-06 2.509999999999999787e+00 6.170560219999999619e-04 2.509999999999999787e+00 1.246474999999999997e-13 2.509999999999999787e+00 7.286490559999999617e-01 2.509999999999999787e+00 1.215048010000000000e-03 2.509999999999999787e+00 1.593343369999999980e-04 2.509999999999999787e+00 1.545031830000000031e-03 2.509999999999999787e+00 9.688235239999999897e-15 2.509999999999999787e+00 7.988977919999999955e-01 2.509999999999999787e+00 8.222921019999999926e-04 2.509999999999999787e+00 4.960141719999999884e-05 2.509999999999999787e+00 8.837043740000000451e-04 2.509999999999999787e+00 1.687246479999999957e-14 2.509999999999999787e+00 8.584101100000000040e-01 2.509999999999999787e+00 4.502539409999999943e-04 2.509999999999999787e+00 1.314660590000000028e-05 2.509999999999999787e+00 4.392998770000000022e-04 2.509999999999999787e+00 3.346908420000000232e-14 2.509999999999999787e+00 8.529277219999999993e-01 2.509999999999999787e+00 2.276467659999999974e-04 2.509999999999999787e+00 3.301122170000000204e-06 2.509999999999999787e+00 2.136989329999999983e-04 2.509999999999999787e+00 6.639384119999999792e-14 2.509999999999999787e+00 8.432280089999999451e-01 2.509999999999999787e+00 1.124891699999999982e-04 2.509999999999999787e+00 8.582499240000000410e-07 2.509999999999999787e+00 1.040357970000000028e-04 2.509999999999999787e+00 1.318508720000000082e-13 2.509999999999999787e+00 8.381896030000000053e-01
2.520000000000000018e+00 2.226666620000000100e-03 2.520000000000000018e+00 1.816259720000000023e-04 2.520000000000000018e+00 3.631387089999999884e-03 2.520000000000000018e+00 7.009959200000000164e-15 2.520000000000000018e+00 6.940850259999999938e-01 2.520000000000000018e+00 1.888213529999999965e-03 2.520000000000000018e+00 7.408682259999999325e-05 2.520000000000000018e+00 2.688338560000000117e-03 2.520000000000000018e+00 1.525856890000000154e-14 2.520000000000000018e+00 7.810251590000000244e-01 2.520000000000000018e+00 1.446038190000000076e-03 2.520000000000000018e+00 3.345578459999999827e-05 2.520000000000000018e+00 1.842592799999999940e-03 2.520000000000000018e+00 3.044080940000000023e-14 2.520000000000000018e+00 7.579586130000000033e-01 2.520000000000000018e+00 9.843916360000001028e-04 2.520000000000000018e+00 1.845787469999999835e-05 2.520000000000000018e+00 1.128829530000000081e-03 2.520000000000000018e+00 6.179280399999999474e-14 2.520000000000000018e+00 7.396272720000000023e-01 2.520000000000000018e+00 5.795432790000000414e-04 2.520000000000000018e+00 7.570296330000000205e-06 2.520000000000000018e+00 6.228451999999999773e-04 2.520000000000000018e+00 1.246500610000000120e-13 2.520000000000000018e+00 7.286490559999999617e-01 2.520000000000000018e+00 1.215071799999999915e-03 2.520000000000000018e+00 1.614663959999999919e-04 2.520000000000000018e+00 1.557182469999999911e-03 2.520000000000000018e+00 9.688305299999999905e-15 2.520000000000000018e+00 7.988977919999999955e-01 2.520000000000000018e+00 8.236124729999999951e-04 2.520000000000000018e+00 5.056125660000000254e-05 2.520000000000000018e+00 8.919339280000000052e-04 2.520000000000000018e+00 1.687254099999999847e-14 2.520000000000000018e+00 8.584101100000000040e-01 2.520000000000000018e+00 4.516457439999999848e-04 2.520000000000000018e+00 1.344632699999999917e-05 2.520000000000000018e+00 4.438093899999999924e-04 2.520000000000000018e+00 3.346893539999999756e-14 2.520000000000000018e+00 8.529277219999999993e-01 2.520000000000000018e+00 2.285215389999999906e-04 2.520000000000000018e+00 3.384359820000000093e-06 2.520000000000000018e+00 2.159797799999999869e-04 2.520000000000000018e+00 6.639358499999999987e-14 2.520000000000000018e+00 8.432280089999999451e-01 2.520000000000000018e+00 1.129577869999999956e-04 2.520000000000000018e+00 8.821417379999999881e-07 2.520000000000000018e+00 1.051630339999999955e-04 2.520000000000000018e+00 1.318508709999999894e-13 2.520000000000000018e+00 8.381896030000000053e-01
2.529999999999999805e+00 2.225631530000000101e-03 2.529999999999999805e+00 1.827335229999999975e-04 2.529999999999999805e+00 3.653648590000000036e-03 2.529999999999999805e+00 7.010010029999999689e-15 2.529999999999999805e+00 6.940850259999999938e-01 2.529999999999999805e+00 1.887599069999999941e-03 2.529999999999999805e+00 7.504563339999999519e-05 2.529999999999999805e+00 2.707217650000000048e-03 2.529999999999999805e+00 1.525938589999999960e-14 2.529999999999999805e+00 7.810251590000000244e-01 2.529999999999999805e+00 1.446559349999999942e-03 2.529999999999999805e+00 3.419645469999999904e-05 2.529999999999999805e+00 1.857055820000000010e-03 2.529999999999999805e+00 3.044303599999999693e-14 2.529999999999999805e+00 7.579586130000000033e-01 2.529999999999999805e+00 9.856906149999999315e-04 2.529999999999999805e+00 1.907814379999999999e-05 2.529999999999999805e+00 1.138679990000000027e-03 2.529999999999999805e+00 6.179520160000000483e-14 2.529999999999999805e+00 7.396272720000000023e-01 2.529999999999999805e+00 5.807662299999999779e-04 2.529999999999999805e+00 7.887400229999999424e-06 2.529999999999999805e+00 6.286467760000000009e-04 2.529999999999999805e+00 1.246528799999999904e-13 2.529999999999999805e+00 7.286490559999999617e-01 2.529999999999999805e+00 1.215050500000000025e-03 2.529999999999999805e+00 1.636293750000000075e-04 2.529999999999999805e+00 1.569333119999999967e-03 2.529999999999999805e+00 9.688381000000000476e-15 2.529999999999999805e+00 7.988977919999999955e-01 2.529999999999999805e+00 8.248953660000000240e-04 2.529999999999999805e+00 5.154267519999999848e-05 2.529999999999999805e+00 9.001764989999999937e-04 2.529999999999999805e+00 1.687262109999999983e-14 2.529999999999999805e+00 8.584101100000000040e-01 2.529999999999999805e+00 4.530199840000000058e-04 2.529999999999999805e+00 1.375473769999999974e-05 2.529999999999999805e+00 4.483327330000000150e-04 2.529999999999999805e+00 3.346878550000000246e-14 2.529999999999999805e+00 8.529277219999999993e-01 2.529999999999999805e+00 2.293894659999999900e-04 2.529999999999999805e+00 3.470454469999999860e-06 2.529999999999999805e+00 2.182693410000000132e-04 2.529999999999999805e+00 6.639330749999999619e-14 2.529999999999999805e+00 8.432280089999999451e-01 2.529999999999999805e+00 1.134236249999999978e-04 2.529999999999999805e+00 9.069773120000000292e-07 2.529999999999999805e+00 1.062949429999999953e-04 2.529999999999999805e+00 1.318508100000000067e-13 2.529999999999999805e+00 8.381896030000000053e-01
2.540000000000000036e+00 2.224580700000000112e-03 2.540000000000000036e+00 1.838520849999999865e-04 2.540000000000000036e+00 3.675899670000000192e-03 2.540000000000000036e+00 7.010071629999999643e-15 2.540000000000000036e+00 6.940850259999999938e-01 2.540000000000000036e+00 1.886953949999999915e-03 2.540000000000000036e+00 7.601940340000000061e-05 2.540000000000000036e+00 2.726090440000000000e-03 2.540000000000000036e+00 1.526025009999999862e-14 2.540000000000000036e+00 7.810251590000000244e-01 2.540000000000000036e+00 1.447034339999999980e-03 2.540000000000000036e+00 3.496033720000000247e-05 2.540000000000000036e+00 1.871523830000000090e-03 2.540000000000000036e+00 3.044538820000000258e-14 2.540000000000000036e+00 7.579586130000000033e-01 2.540000000000000036e+00 9.869375440000000086e-04 2.540000000000000036e+00 1.973039249999999949e-05 2.540000000000000036e+00 1.148543170000000104e-03 2.540000000000000036e+00 6.179776940000000322e-14 2.540000000000000036e+00 7.396272720000000023e-01 2.540000000000000036e+00 5.819540450000000153e-04 2.540000000000000036e+00 8.225863330000000056e-06 2.540000000000000036e+00 6.344604069999999936e-04 2.540000000000000036e+00 1.246559709999999955e-13 2.540000000000000036e+00 7.286490559999999617e-01 2.540000000000000036e+00 1.214984010000000076e-03 2.540000000000000036e+00 1.658239499999999999e-04 2.540000000000000036e+00 1.581483330000000046e-03 2.540000000000000036e+00 9.688462979999999915e-15 2.540000000000000036e+00 7.988977919999999955e-01 2.540000000000000036e+00 8.261404219999999958e-04 2.540000000000000036e+00 5.254638800000000279e-05 2.540000000000000036e+00 9.084317090000000030e-04 2.540000000000000036e+00 1.687270610000000030e-14 2.540000000000000036e+00 8.584101100000000040e-01 2.540000000000000036e+00 4.543763809999999833e-04 2.540000000000000036e+00 1.407222449999999922e-05 2.540000000000000036e+00 4.528697300000000142e-04 2.540000000000000036e+00 3.346863580000000101e-14 2.540000000000000036e+00 8.529277219999999993e-01 2.540000000000000036e+00 2.302504309999999985e-04 2.540000000000000036e+00 3.559556780000000111e-06 2.540000000000000036e+00 2.205675460000000045e-04 2.540000000000000036e+00 6.639301119999999589e-14 2.540000000000000036e+00 8.432280089999999451e-01 2.540000000000000036e+00 1.138866419999999964e-04 2.540000000000000036e+00 9.328120340000000193e-07 2.540000000000000036e+00 1.074314970000000014e-04 2.540000000000000036e+00 1.318506949999999959e-13 2.540000000000000036e+00 8.381896030000000053e-01
2.549999999999999822e+00 2.223514230000000168e-03 2.549999999999999822e+00 1.849818470000000000e-04 2.549999999999999822e+00 3.698140150000000202e-03 2.549999999999999822e+00 7.010144599999999916e-15 2.549999999999999822e+00 6.940850259999999938e-01 2.549999999999999822e+00 1.886278410000000010e-03 2.549999999999999822e+00 7.700847159999999662e-05 2.549999999999999822e+00 2.744956629999999870e-03 2.549999999999999822e+00 1.526116430000000127e-14 2.549999999999999822e+00 7.810251590000000244e-01 2.549999999999999822e+00 1.447462910000000104e-03 2.549999999999999822e+00 3.574842809999999966e-05 2.549999999999999822e+00 1.885996360000000106e-03 2.549999999999999822e+00 3.044787299999999698e-14 2.549999999999999822e+00 7.579586130000000033e-01 2.549999999999999822e+00 9.881308269999999894e-04 2.549999999999999822e+00 2.041685700000000001e-05 2.549999999999999822e+00 1.158418559999999965e-03 2.549999999999999822e+00 6.180051679999999451e-14 2.549999999999999822e+00 7.396272720000000023e-01 2.549999999999999822e+00 5.831050490000000159e-04 2.549999999999999822e+00 8.587644179999999488e-06 2.549999999999999822e+00 6.402857339999999805e-04 2.549999999999999822e+00 1.246593499999999993e-13 2.549999999999999822e+00 7.286490559999999617e-01 2.549999999999999822e+00 1.214872249999999956e-03 2.549999999999999822e+00 1.680508149999999879e-04 2.549999999999999822e+00 1.593632649999999996e-03 2.549999999999999822e+00 9.688551909999999681e-15 2.549999999999999822e+00 7.988977919999999955e-01 2.549999999999999822e+00 8.273472580000000316e-04 2.549999999999999822e+00 5.357314169999999711e-05 2.549999999999999822e+00 9.166991800000000258e-04 2.549999999999999822e+00 1.687279699999999972e-14 2.549999999999999822e+00 8.584101100000000040e-01 2.549999999999999822e+00 4.557146380000000200e-04 2.549999999999999822e+00 1.439919739999999917e-05 2.549999999999999822e+00 4.574202010000000046e-04 2.549999999999999822e+00 3.346848800000000238e-14 2.549999999999999822e+00 8.529277219999999993e-01 2.549999999999999822e+00 2.311043060000000124e-04 2.549999999999999822e+00 3.651827990000000018e-06 2.549999999999999822e+00 2.228743259999999926e-04 2.549999999999999822e+00 6.639269870000000482e-14 2.549999999999999822e+00 8.432280089999999451e-01 2.549999999999999822e+00 1.143467919999999991e-04 2.549999999999999822e+00 9.597054430000000485e-07 2.549999999999999822e+00 1.085726659999999984e-04 2.549999999999999822e+00 1.318505300000000067e-13 2.549999999999999822e+00 8.381896030000000053e-01
2.560000000000000053e+00 2.222432260000000142e-03 2.560000000000000053e+00 1.861230029999999948e-04 2.560000000000000053e+00 3.720369900000000153e-03 2.560000000000000053e+00 7.010229600000000390e-15 2.560000000000000053e+00 6.940850259999999938e-01 2.560000000000000053e+00 1.885572629999999941e-03 2.560000000000000053e+00 7.801318609999999363e-05 2.560000000000000053e+00 2.763815910000000028e-03 2.560000000000000053e+00 1.526213140000000070e-14 2.560000000000000053e+00 7.810251590000000244e-01 2.560000000000000053e+00 1.447844759999999996e-03 2.560000000000000053e+00 3.656177520000000101e-05 2.560000000000000053e+00 1.900472930000000026e-03 2.560000000000000053e+00 3.045049770000000090e-14 2.560000000000000053e+00 7.579586130000000033e-01 2.560000000000000053e+00 9.892687149999999235e-04 2.560000000000000053e+00 2.113996160000000050e-05 2.560000000000000053e+00 1.168305599999999896e-03 2.560000000000000053e+00 6.180345380000000215e-14 2.560000000000000053e+00 7.396272720000000023e-01 2.560000000000000053e+00 5.842173739999999629e-04 2.560000000000000053e+00 8.974916630000000646e-06 2.560000000000000053e+00 6.461223789999999542e-04 2.560000000000000053e+00 1.246630320000000054e-13 2.560000000000000053e+00 7.286490559999999617e-01 2.560000000000000053e+00 1.214715070000000046e-03 2.560000000000000053e+00 1.703106889999999988e-04 2.560000000000000053e+00 1.605780619999999919e-03 2.560000000000000053e+00 9.688648449999999655e-15 2.560000000000000053e+00 7.988977919999999955e-01 2.560000000000000053e+00 8.285154670000000228e-04 2.560000000000000053e+00 5.462371640000000036e-05 2.560000000000000053e+00 9.249785259999999780e-04 2.560000000000000053e+00 1.687289490000000102e-14 2.560000000000000053e+00 8.584101100000000040e-01 2.560000000000000053e+00 4.570344369999999770e-04 2.560000000000000053e+00 1.473609159999999942e-05 2.560000000000000053e+00 4.619839610000000206e-04 2.560000000000000053e+00 3.346834360000000313e-14 2.560000000000000053e+00 8.529277219999999993e-01 2.560000000000000053e+00 2.319509560000000020e-04 2.560000000000000053e+00 3.747440750000000125e-06 2.560000000000000053e+00 2.251896079999999981e-04 2.560000000000000053e+00 6.639237289999999406e-14 2.560000000000000053e+00 8.432280089999999451e-01 2.560000000000000053e+00 1.148040250000000024e-04 2.560000000000000053e+00 9.877215889999999470e-07 2.560000000000000053e+00 1.097184229999999993e-04 2.560000000000000053e+00 1.318503210000000001e-13 2.560000000000000053e+00 8.381896030000000053e-01
2.569999999999999840e+00 2.221334900000000029e-03 2.569999999999999840e+00 1.872757509999999927e-04 2.569999999999999840e+00 3.742588749999999857e-03 2.569999999999999840e+00 7.010327270000000160e-15 2.569999999999999840e+00 6.940850259999999938e-01 2.569999999999999840e+00 1.884836809999999993e-03 2.569999999999999840e+00 7.903390480000000622e-05 2.569999999999999840e+00 2.782667979999999940e-03 2.569999999999999840e+00 1.526315429999999955e-14 2.569999999999999840e+00 7.810251590000000244e-01 2.569999999999999840e+00 1.448179539999999970e-03 2.569999999999999840e+00 3.740148189999999671e-05 2.569999999999999840e+00 1.914953089999999912e-03 2.569999999999999840e+00 3.045326970000000038e-14 2.569999999999999840e+00 7.579586130000000033e-01 2.569999999999999840e+00 9.903492930000000905e-04 2.569999999999999840e+00 2.190233589999999886e-05 2.569999999999999840e+00 1.178203739999999925e-03 2.569999999999999840e+00 6.180659060000000538e-14 2.569999999999999840e+00 7.396272720000000023e-01 2.569999999999999840e+00 5.852889390000000401e-04 2.569999999999999840e+00 9.390095569999999913e-06 2.569999999999999840e+00 6.519699459999999790e-04 2.569999999999999840e+00 1.246670349999999978e-13 2.569999999999999840e+00 7.286490559999999617e-01 2.569999999999999840e+00 1.214512349999999959e-03 2.569999999999999840e+00 1.726043069999999959e-04 2.569999999999999840e+00 1.617926800000000056e-03 2.569999999999999840e+00 9.688753329999999705e-15 2.569999999999999840e+00 7.988977919999999955e-01 2.569999999999999840e+00 8.296446159999999650e-04 2.569999999999999840e+00 5.569892729999999828e-05 2.569999999999999840e+00 9.332693590000000006e-04 2.569999999999999840e+00 1.687300070000000091e-14 2.569999999999999840e+00 8.584101100000000040e-01 2.569999999999999840e+00 4.583354359999999741e-04 2.569999999999999840e+00 1.508336930000000031e-05 2.569999999999999840e+00 4.665608269999999805e-04 2.569999999999999840e+00 3.346820409999999985e-14 2.569999999999999840e+00 8.529277219999999993e-01 2.569999999999999840e+00 2.327902350000000085e-04 2.569999999999999840e+00 3.846580119999999612e-06 2.569999999999999840e+00 2.275133200000000106e-04 2.569999999999999840e+00 6.639203620000000104e-14 2.569999999999999840e+00 8.432280089999999451e-01 2.569999999999999840e+00 1.152582849999999996e-04 2.569999999999999840e+00 1.016929409999999912e-06 2.569999999999999840e+00 1.108687370000000058e-04 2.569999999999999840e+00 1.318500739999999878e-13 2.569999999999999840e+00 8.381896030000000053e-01
2.580000000000000071e+00 2.220222249999999863e-03 2.580000000000000071e+00 1.884402920000000038e-04 2.580000000000000071e+00 3.764796549999999912e-03 2.580000000000000071e+00 7.010438299999999892e-15 2.580000000000000071e+00 6.940850259999999938e-01 2.580000000000000071e+00 1.884071130000000097e-03 2.580000000000000071e+00 8.007099559999999549e-05 2.580000000000000071e+00 2.801512549999999897e-03 2.580000000000000071e+00 1.526423610000000042e-14 2.580000000000000071e+00 7.810251590000000244e-01 2.580000000000000071e+00 1.448466889999999946e-03 2.580000000000000071e+00 3.826870979999999917e-05 2.580000000000000071e+00 1.929436369999999908e-03 2.580000000000000071e+00 3.045619700000000031e-14 2.580000000000000071e+00 7.579586130000000033e-01 2.580000000000000071e+00 9.913704619999999870e-04 2.580000000000000071e+00 2.270683429999999865e-05 2.580000000000000071e+00 1.188112390000000025e-03 2.580000000000000071e+00 6.180993809999999907e-14 2.580000000000000071e+00 7.396272720000000023e-01 2.580000000000000071e+00 5.863174229999999808e-04 2.580000000000000071e+00 9.835865610000000536e-06 2.580000000000000071e+00 6.578280140000000026e-04 2.580000000000000071e+00 1.246713749999999990e-13 2.580000000000000071e+00 7.286490559999999617e-01 2.580000000000000071e+00 1.214263929999999901e-03 2.580000000000000071e+00 1.749324259999999900e-04 2.580000000000000071e+00 1.630070719999999898e-03 2.580000000000000071e+00 9.688867259999999703e-15 2.580000000000000071e+00 7.988977919999999955e-01 2.580000000000000071e+00 8.307342429999999694e-04 2.580000000000000071e+00 5.679962649999999993e-05 2.580000000000000071e+00 9.415712860000000376e-04 2.580000000000000071e+00 1.687311549999999917e-14 2.580000000000000071e+00 8.584101100000000040e-01 2.580000000000000071e+00 4.596172719999999982e-04 2.580000000000000071e+00 1.544152160000000158e-05 2.580000000000000071e+00 4.711506060000000048e-04 2.580000000000000071e+00 3.346807140000000165e-14 2.580000000000000071e+00 8.529277219999999993e-01 2.580000000000000071e+00 2.336219850000000129e-04 2.580000000000000071e+00 3.949444540000000038e-06 2.580000000000000071e+00 2.298453880000000005e-04 2.580000000000000071e+00 6.639169170000000311e-14 2.580000000000000071e+00 8.432280089999999451e-01 2.580000000000000071e+00 1.157095150000000017e-04 2.580000000000000071e+00 1.047403180000000016e-06 2.580000000000000071e+00 1.120235789999999985e-04 2.580000000000000071e+00 1.318497929999999942e-13 2.580000000000000071e+00 8.381896030000000053e-01
2.589999999999999858e+00 2.219094410000000111e-03 2.589999999999999858e+00 1.896168290000000030e-04 2.589999999999999858e+00 3.786993140000000091e-03 2.589999999999999858e+00 7.010563400000000245e-15 2.589999999999999858e+00 6.940850259999999938e-01 2.589999999999999858e+00 1.883275760000000009e-03 2.589999999999999858e+00 8.112483660000000105e-05 2.589999999999999858e+00 2.820349309999999835e-03 2.589999999999999858e+00 1.526538019999999954e-14 2.589999999999999858e+00 7.810251590000000244e-01 2.589999999999999858e+00 1.448706369999999948e-03 2.589999999999999858e+00 3.916468290000000321e-05 2.589999999999999858e+00 1.943922270000000060e-03 2.589999999999999858e+00 3.045928779999999919e-14 2.589999999999999858e+00 7.579586130000000033e-01 2.589999999999999858e+00 9.923299259999998970e-04 2.589999999999999858e+00 2.355655649999999839e-05 2.589999999999999858e+00 1.198030949999999992e-03 2.589999999999999858e+00 6.181350720000000335e-14 2.589999999999999858e+00 7.396272720000000023e-01 2.589999999999999858e+00 5.873002370000000470e-04 2.589999999999999858e+00 1.031521279999999978e-05 2.589999999999999858e+00 6.636961420000000523e-04 2.589999999999999858e+00 1.246760710000000118e-13 2.589999999999999858e+00 7.286490559999999617e-01 2.589999999999999858e+00 1.213969650000000077e-03 2.589999999999999858e+00 1.772958260000000088e-04 2.589999999999999858e+00 1.642211919999999985e-03 2.589999999999999858e+00 9.688990999999999513e-15 2.589999999999999858e+00 7.988977919999999955e-01 2.589999999999999858e+00 8.317838600000000346e-04 2.589999999999999858e+00 5.792670439999999957e-05 2.589999999999999858e+00 9.498839100000000491e-04 2.589999999999999858e+00 1.687324039999999877e-14 2.589999999999999858e+00 8.584101100000000040e-01 2.589999999999999858e+00 4.608795539999999851e-04 2.589999999999999858e+00 1.581107079999999923e-05 2.589999999999999858e+00 4.757531069999999893e-04 2.589999999999999858e+00 3.346794690000000198e-14 2.589999999999999858e+00 8.529277219999999993e-01 2.589999999999999858e+00 2.344460359999999896e-04 2.589999999999999858e+00 4.056246949999999652e-06 2.589999999999999858e+00 2.321857340000000084e-04 2.589999999999999858e+00 6.639134200000000611e-14 2.589999999999999858e+00 8.432280089999999451e-01 2.589999999999999858e+00 1.161576499999999974e-04 2.589999999999999858e+00 1.079222939999999969e-06 2.589999999999999858e+00 1.131829169999999966e-04 2.589999999999999858e+00 1.318494840000000057e-13 2.589999999999999858e+00 8.381896030000000053e-01
2.600000000000000089e+00 2.217951489999999901e-03 2.600000000000000089e+00 1.908055719999999914e-04 2.600000000000000089e+00 3.809178380000000086e-03 2.600000000000000089e+00 7.010703280000000305e-15 2.600000000000000089e+00 6.940850259999999938e-01 2.600000000000000089e+00 1.882450849999999995e-03 2.600000000000000089e+00 8.219581639999999341e-05 2.600000000000000089e+00 2.839177960000000087e-03 2.600000000000000089e+00 1.526658979999999948e-14 2.600000000000000089e+00 7.810251590000000244e-01 2.600000000000000089e+00 1.448897509999999902e-03 2.600000000000000089e+00 4.009069069999999943e-05 2.600000000000000089e+00 1.958410329999999821e-03 2.600000000000000089e+00 3.046255059999999867e-14 2.600000000000000089e+00 7.579586130000000033e-01 2.600000000000000089e+00 9.932251740000000960e-04 2.600000000000000089e+00 2.445487010000000150e-05 2.600000000000000089e+00 1.207958779999999998e-03 2.600000000000000089e+00 6.181730960000000034e-14 2.600000000000000089e+00 7.396272720000000023e-01 2.600000000000000089e+00 5.882344970000000532e-04 2.600000000000000089e+00 1.083145960000000038e-05 2.600000000000000089e+00 6.695738569999999581e-04 2.600000000000000089e+00 1.246811400000000016e-13 2.600000000000000089e+00 7.286490559999999617e-01 2.600000000000000089e+00 1.213629309999999985e-03 2.600000000000000089e+00 1.796953079999999957e-04 2.600000000000000089e+00 1.654349959999999904e-03 2.600000000000000089e+00 9.689125300000000577e-15 2.600000000000000089e+00 7.988977919999999955e-01 2.600000000000000089e+00 8.327929469999999614e-04 2.600000000000000089e+00 5.908109210000000229e-05 2.600000000000000089e+00 9.582068280000000191e-04 2.600000000000000089e+00 1.687337659999999949e-14 2.600000000000000089e+00 8.584101100000000040e-01 2.600000000000000089e+00 4.621218680000000172e-04 2.600000000000000089e+00 1.619257220000000142e-05 2.600000000000000089e+00 4.803681310000000246e-04 2.600000000000000089e+00 3.346783249999999733e-14 2.600000000000000089e+00 8.529277219999999993e-01 2.600000000000000089e+00 2.352622039999999963e-04 2.600000000000000089e+00 4.167215990000000292e-06 2.600000000000000089e+00 2.345342820000000128e-04 2.600000000000000089e+00 6.639098999999999376e-14 2.600000000000000089e+00 8.432280089999999451e-01 2.600000000000000089e+00 1.166026220000000008e-04 2.600000000000000089e+00 1.112475019999999954e-06 2.600000000000000089e+00 1.143467209999999982e-04 2.600000000000000089e+00 1.318491519999999897e-13 2.600000000000000089e+00 8.381896030000000053e-01
2.609999999999999876e+00 2.216793570000000213e-03 2.609999999999999876e+00 1.920067309999999973e-04 2.609999999999999876e+00 3.831352120000000062e-03 2.609999999999999876e+00 7.010858709999999931e-15 2.609999999999999876e+00 6.940850259999999938e-01 2.609999999999999876e+00 1.881596529999999970e-03 2.609999999999999876e+00 8.328433459999999404e-05 2.609999999999999876e+00 2.857998229999999997e-03 2.609999999999999876e+00 1.526786849999999961e-14 2.609999999999999876e+00 7.810251590000000244e-01 2.609999999999999876e+00 1.449039789999999935e-03 2.609999999999999876e+00 4.104809269999999688e-05 2.609999999999999876e+00 1.972900059999999848e-03 2.609999999999999876e+00 3.046599439999999711e-14 2.609999999999999876e+00 7.579586130000000033e-01 2.609999999999999876e+00 9.940534600000000640e-04 2.609999999999999876e+00 2.540543500000000149e-05 2.609999999999999876e+00 1.217895230000000037e-03 2.609999999999999876e+00 6.182135749999999415e-14 2.609999999999999876e+00 7.396272720000000023e-01 2.609999999999999876e+00 5.891169839999999599e-04 2.609999999999999876e+00 1.138830290000000065e-05 2.609999999999999876e+00 6.754606589999999832e-04 2.609999999999999876e+00 1.246866040000000024e-13 2.609999999999999876e+00 7.286490559999999617e-01 2.609999999999999876e+00 1.213242729999999912e-03 2.609999999999999876e+00 1.821316969999999880e-04 2.609999999999999876e+00 1.666484350000000097e-03 2.609999999999999876e+00 9.689270969999999594e-15 2.609999999999999876e+00 7.988977919999999955e-01 2.609999999999999876e+00 8.337609579999999800e-04 2.609999999999999876e+00 6.026376270000000123e-05 2.609999999999999876e+00 9.665396319999999515e-04 2.609999999999999876e+00 1.687352510000000116e-14 2.609999999999999876e+00 8.584101100000000040e-01 2.609999999999999876e+00 4.633437659999999872e-04 2.609999999999999876e+00 1.658661669999999974e-05 2.609999999999999876e+00 4.849954759999999961e-04 2.609999999999999876e+00 3.346772980000000005e-14 2.609999999999999876e+00 8.529277219999999993e-01 2.609999999999999876e+00 2.360702930000000029e-04 2.609999999999999876e+00 4.282597260000000100e-06 2.609999999999999876e+00 2.368909520000000079e-04 2.609999999999999876e+00 6.639063879999999388e-14 2.609999999999999876e+00 8.432280089999999451e-01 2.609999999999999876e+00 1.170443560000000000e-04 2.609999999999999876e+00 1.147252579999999942e-06 2.609999999999999876e+00 1.155149589999999955e-04 2.609999999999999876e+00 1.318488040000000019e-13 2.609999999999999876e+00 8.381896030000000053e-01
2.620000000000000107e+00 2.215620729999999861e-03 2.620000000000000107e+00 1.932205219999999979e-04 2.620000000000000107e+00 3.853514210000000186e-03 2.620000000000000107e+00 7.011030479999999771e-15 2.620000000000000107e+00 6.940850259999999938e-01 2.620000000000000107e+00 1.880712949999999986e-03 2.620000000000000107e+00 8.439080230000000553e-05 2.620000000000000107e+00 2.876809799999999976e-03 2.620000000000000107e+00 1.526921989999999927e-14 2.620000000000000107e+00 7.810251590000000244e-01 2.620000000000000107e+00 1.449132629999999979e-03 2.620000000000000107e+00 4.203832240000000028e-05 2.620000000000000107e+00 1.987390959999999970e-03 2.620000000000000107e+00 3.046962850000000231e-14 2.620000000000000107e+00 7.579586130000000033e-01 2.620000000000000107e+00 9.948117820000000871e-04 2.620000000000000107e+00 2.641223019999999958e-05 2.620000000000000107e+00 1.227839610000000048e-03 2.620000000000000107e+00 6.182566340000000461e-14 2.620000000000000107e+00 7.396272720000000023e-01 2.620000000000000107e+00 5.899441179999999774e-04 2.620000000000000107e+00 1.198985510000000036e-05 2.620000000000000107e+00 6.813560119999999927e-04 2.620000000000000107e+00 1.246924809999999982e-13 2.620000000000000107e+00 7.286490559999999617e-01 2.620000000000000107e+00 1.212809679999999907e-03 2.620000000000000107e+00 1.846058389999999936e-04 2.620000000000000107e+00 1.678614649999999936e-03 2.620000000000000107e+00 9.689428819999999574e-15 2.620000000000000107e+00 7.988977919999999955e-01 2.620000000000000107e+00 8.346873100000000347e-04 2.620000000000000107e+00 6.147573339999999489e-05 2.620000000000000107e+00 9.748819089999999788e-04 2.620000000000000107e+00 1.687368720000000037e-14 2.620000000000000107e+00 8.584101100000000040e-01 2.620000000000000107e+00 4.645447740000000002e-04 2.620000000000000107e+00 1.699383309999999834e-05 2.620000000000000107e+00 4.896349360000000223e-04 2.620000000000000107e+00 3.346764079999999714e-14 2.620000000000000107e+00 8.529277219999999993e-01 2.620000000000000107e+00 2.368700889999999972e-04 2.620000000000000107e+00 4.402654749999999761e-06 2.620000000000000107e+00 2.392556610000000003e-04 2.620000000000000107e+00 6.639029109999999653e-14 2.620000000000000107e+00 8.432280089999999451e-01 2.620000000000000107e+00 1.174827709999999933e-04 2.620000000000000107e+00 1.183656219999999999e-06 2.620000000000000107e+00 1.166875970000000025e-04 2.620000000000000107e+00 1.318484450000000097e-13 2.620000000000000107e+00 8.381896030000000053e-01
2.629999999999999893e+00 2.214433059999999787e-03 2.629999999999999893e+00 1.944471640000000124e-04 2.629999999999999893e+00 3.875664489999999796e-03 2.629999999999999893e+00 7.011219379999999682e-15 2.629999999999999893e+00 6.940850259999999938e-01 2.629999999999999893e+00 1.879800220000000036e-03 2.629999999999999893e+00 8.551564209999999808e-05 2.629999999999999893e+00 2.895612389999999842e-03 2.629999999999999893e+00 1.527064800000000090e-14 2.629999999999999893e+00 7.810251590000000244e-01 2.629999999999999893e+00 1.449175389999999989e-03 2.629999999999999893e+00 4.306289210000000038e-05 2.629999999999999893e+00 2.001882549999999938e-03 2.629999999999999893e+00 3.047346269999999988e-14 2.629999999999999893e+00 7.579586130000000033e-01 2.629999999999999893e+00 9.954968610000000401e-04 2.629999999999999893e+00 2.747958169999999956e-05 2.629999999999999893e+00 1.237791220000000010e-03 2.629999999999999893e+00 6.183024029999999784e-14 2.629999999999999893e+00 7.396272720000000023e-01 2.629999999999999893e+00 5.907119109999999949e-04 2.629999999999999893e+00 1.264068789999999968e-05 2.629999999999999893e+00 6.872593439999999951e-04 2.629999999999999893e+00 1.246987920000000042e-13 2.629999999999999893e+00 7.286490559999999617e-01 2.629999999999999893e+00 1.212329930000000024e-03 2.629999999999999893e+00 1.871186069999999934e-04 2.629999999999999893e+00 1.690740389999999998e-03 2.629999999999999893e+00 9.689599700000000363e-15 2.629999999999999893e+00 7.988977919999999955e-01 2.629999999999999893e+00 8.355713899999999729e-04 2.629999999999999893e+00 6.271806779999999427e-05 2.629999999999999893e+00 9.832332379999999400e-04 2.629999999999999893e+00 1.687386420000000006e-14 2.629999999999999893e+00 8.584101100000000040e-01 2.629999999999999893e+00 4.657243840000000260e-04 2.629999999999999893e+00 1.741489100000000030e-05 2.629999999999999893e+00 4.942863000000000248e-04 2.629999999999999893e+00 3.346756730000000090e-14 2.629999999999999893e+00 8.529277219999999993e-01 2.629999999999999893e+00 2.376613629999999998e-04 2.629999999999999893e+00 4.527672360000000399e-06 2.629999999999999893e+00 2.416283250000000004e-04 2.629999999999999893e+00 6.638995029999999478e-14 2.629999999999999893e+00 8.432280089999999451e-01 2.629999999999999893e+00 1.179177779999999976e-04 2.629999999999999893e+00 1.221794610000000031e-06 2.629999999999999893e+00 1.178646029999999979e-04 2.629999999999999893e+00 1.318480809999999995e-13 2.629999999999999893e+00 8.381896030000000053e-01
2.640000000000000124e+00 2.213230630000000143e-03 2.640000000000000124e+00 1.956868799999999901e-04 2.640000000000000124e+00 3.897802819999999883e-03 2.640000000000000124e+00 7.011426270000000299e-15 2.640000000000000124e+00 6.940850259999999938e-01 2.640000000000000124e+00 1.878858449999999897e-03 2.640000000000000124e+00 8.665928849999999736e-05 2.640000000000000124e+00 2.914405699999999926e-03 2.640000000000000124e+00 1.527215660000000066e-14 2.640000000000000124e+00 7.810251590000000244e-01 2.640000000000000124e+00 1.449167400000000040e-03 2.640000000000000124e+00 4.412339710000000184e-05 2.640000000000000124e+00 2.016374300000000133e-03 2.640000000000000124e+00 3.047750700000000065e-14 2.640000000000000124e+00 7.579586130000000033e-01 2.640000000000000124e+00 9.961051139999999287e-04 2.640000000000000124e+00 2.861219309999999937e-05 2.640000000000000124e+00 1.247749289999999962e-03 2.640000000000000124e+00 6.183510190000000608e-14 2.640000000000000124e+00 7.396272720000000023e-01 2.640000000000000124e+00 5.914159330000000412e-04 2.640000000000000124e+00 1.334587790000000029e-05 2.640000000000000124e+00 6.931700379999999623e-04 2.640000000000000124e+00 1.247055599999999974e-13 2.640000000000000124e+00 7.286490559999999617e-01 2.640000000000000124e+00 1.211803239999999920e-03 2.640000000000000124e+00 1.896708970000000123e-04 2.640000000000000124e+00 1.702861099999999992e-03 2.640000000000000124e+00 9.689784480000000227e-15 2.640000000000000124e+00 7.988977919999999955e-01 2.640000000000000124e+00 8.364125499999999986e-04 2.640000000000000124e+00 6.399187720000000675e-05 2.640000000000000124e+00 9.915931929999999110e-04 2.640000000000000124e+00 1.687405710000000004e-14 2.640000000000000124e+00 8.584101100000000040e-01 2.640000000000000124e+00 4.668820520000000157e-04 2.640000000000000124e+00 1.785050319999999935e-05 2.640000000000000124e+00 4.989493509999999490e-04 2.640000000000000124e+00 3.346751100000000157e-14 2.640000000000000124e+00 8.529277219999999993e-01 2.640000000000000124e+00 2.384438660000000028e-04 2.640000000000000124e+00 4.657955450000000093e-06 2.640000000000000124e+00 2.440088589999999953e-04 2.640000000000000124e+00 6.638961929999999757e-14 2.640000000000000124e+00 8.432280089999999451e-01 2.640000000000000124e+00 1.183492829999999954e-04 2.640000000000000124e+00 1.261785220000000102e-06 2.640000000000000124e+00 1.190459410000000036e-04 2.640000000000000124e+00 1.318477180000000081e-13 2.640000000000000124e+00 8.381896030000000053e-01
2.649999999999999911e+00 2.212013499999999824e-03 2.649999999999999911e+00 1.969398989999999918e-04 2.649999999999999911e+00 3.919929049999999748e-03 2.649999999999999911e+00 7.011652009999999888e-15 2.649999999999999911e+00 6.940850259999999938e-01 2.649999999999999911e+00 1.877887719999999901e-03 2.649999999999999911e+00 8.782218879999999412e-05 2.649999999999999911e+00 2.933189460000000005e-03 2.649999999999999911e+00 1.527374990000000095e-14 2.649999999999999911e+00 7.810251590000000244e-01 2.649999999999999911e+00 1.449107899999999916e-03 2.649999999999999911e+00 4.522152169999999930e-05 2.649999999999999911e+00 2.030865719999999913e-03 2.649999999999999911e+00 3.048177200000000270e-14 2.649999999999999911e+00 7.579586130000000033e-01 2.649999999999999911e+00 9.966326369999999567e-04 2.649999999999999911e+00 2.981517730000000067e-05 2.649999999999999911e+00 1.257713049999999947e-03 2.649999999999999911e+00 6.184026250000000466e-14 2.649999999999999911e+00 7.396272720000000023e-01 2.649999999999999911e+00 5.920512730000000072e-04 2.649999999999999911e+00 1.411105259999999946e-05 2.649999999999999911e+00 6.990874340000000379e-04 2.649999999999999911e+00 1.247128070000000116e-13 2.649999999999999911e+00 7.286490559999999617e-01 2.649999999999999911e+00 1.211229330000000064e-03 2.649999999999999911e+00 1.922636280000000102e-04 2.649999999999999911e+00 1.714976300000000103e-03 2.649999999999999911e+00 9.689984080000000578e-15 2.649999999999999911e+00 7.988977919999999955e-01 2.649999999999999911e+00 8.372101090000000139e-04 2.649999999999999911e+00 6.529832279999999757e-05 2.649999999999999911e+00 9.999613430000000962e-04 2.649999999999999911e+00 1.687426750000000002e-14 2.649999999999999911e+00 8.584101100000000040e-01 2.649999999999999911e+00 4.680171980000000101e-04 2.649999999999999911e+00 1.830142889999999834e-05 2.649999999999999911e+00 5.036238660000000355e-04 2.649999999999999911e+00 3.346747420000000189e-14 2.649999999999999911e+00 8.529277219999999993e-01 2.649999999999999911e+00 2.392173340000000039e-04 2.649999999999999911e+00 4.793832650000000229e-06 2.649999999999999911e+00 2.463971719999999963e-04 2.649999999999999911e+00 6.638930130000000434e-14 2.649999999999999911e+00 8.432280089999999451e-01 2.649999999999999911e+00 1.187771819999999958e-04 2.649999999999999911e+00 1.303755059999999943e-06 2.649999999999999911e+00 1.202315759999999969e-04 2.649999999999999911e+00 1.318473619999999964e-13 2.649999999999999911e+00 8.381896030000000053e-01
2.660000000000000142e+00 2.210781749999999810e-03 2.660000000000000142e+00 1.982064499999999969e-04 2.660000000000000142e+00 3.942043039999999950e-03 2.660000000000000142e+00 7.011897499999999866e-15 2.660000000000000142e+00 6.940850259999999938e-01 2.660000000000000142e+00 1.876888119999999905e-03 2.660000000000000142e+00 8.900480279999999696e-05 2.660000000000000142e+00 2.951963360000000019e-03 2.660000000000000142e+00 1.527543240000000095e-14 2.660000000000000142e+00 7.810251590000000244e-01 2.660000000000000142e+00 1.448996059999999898e-03 2.660000000000000142e+00 4.635904370000000003e-05 2.660000000000000142e+00 2.045356290000000053e-03 2.660000000000000142e+00 3.048626880000000088e-14 2.660000000000000142e+00 7.579586130000000033e-01 2.660000000000000142e+00 9.970751680000000238e-04 2.660000000000000142e+00 3.109409099999999970e-05 2.660000000000000142e+00 1.267681660000000068e-03 2.660000000000000142e+00 6.184573669999999726e-14 2.660000000000000142e+00 7.396272720000000023e-01 2.660000000000000142e+00 5.926124990000000226e-04 2.660000000000000142e+00 1.494243549999999989e-05 2.660000000000000142e+00 7.050108170000000431e-04 2.660000000000000142e+00 1.247205559999999985e-13 2.660000000000000142e+00 7.286490559999999617e-01 2.660000000000000142e+00 1.210607920000000056e-03 2.660000000000000142e+00 1.948977469999999977e-04 2.660000000000000142e+00 1.727085529999999999e-03 2.660000000000000142e+00 9.690199409999999675e-15 2.660000000000000142e+00 7.988977919999999955e-01 2.660000000000000142e+00 8.379633479999999647e-04 2.660000000000000142e+00 6.663861779999999521e-05 2.660000000000000142e+00 1.008337250000000077e-03 2.660000000000000142e+00 1.687449649999999981e-14 2.660000000000000142e+00 8.584101100000000040e-01 2.660000000000000142e+00 4.691292029999999890e-04 2.660000000000000142e+00 1.876847679999999881e-05 2.660000000000000142e+00 5.083096179999999987e-04 2.660000000000000142e+00 3.346745859999999839e-14 2.660000000000000142e+00 8.529277219999999993e-01 2.660000000000000142e+00 2.399814760000000004e-04 2.660000000000000142e+00 4.935657689999999647e-06 2.660000000000000142e+00 2.487931739999999837e-04 2.660000000000000142e+00 6.638899969999999553e-14 2.660000000000000142e+00 8.432280089999999451e-01 2.660000000000000142e+00 1.192013629999999990e-04 2.660000000000000142e+00 1.347841510000000055e-06 2.660000000000000142e+00 1.214214719999999996e-04 2.660000000000000142e+00 1.318470199999999949e-13 2.660000000000000142e+00 8.381896030000000053e-01
2.669999999999999929e+00 2.209535429999999901e-03 2.669999999999999929e+00 1.994867710000000031e-04 2.669999999999999929e+00 3.964144640000000219e-03 2.669999999999999929e+00 7.012163690000000061e-15 2.669999999999999929e+00 6.940850259999999938e-01 2.669999999999999929e+00 1.875859710000000102e-03 2.669999999999999929e+00 9.020760399999999766e-05 2.669999999999999929e+00 2.970727130000000177e-03 2.669999999999999929e+00 1.527720839999999990e-14 2.669999999999999929e+00 7.810251590000000244e-01 2.669999999999999929e+00 1.448831009999999994e-03 2.669999999999999929e+00 4.753784079999999972e-05 2.669999999999999929e+00 2.059845470000000109e-03 2.669999999999999929e+00 3.049100890000000259e-14 2.669999999999999929e+00 7.579586130000000033e-01 2.669999999999999929e+00 9.974280710000000064e-04 2.669999999999999929e+00 3.245496889999999700e-05 2.669999999999999929e+00 1.277654260000000075e-03 2.669999999999999929e+00 6.185153990000000005e-14 2.669999999999999929e+00 7.396272720000000023e-01 2.669999999999999929e+00 5.930936219999999488e-04 2.669999999999999929e+00 1.584688709999999837e-05 2.669999999999999929e+00 7.109394170000000188e-04 2.669999999999999929e+00 1.247288319999999979e-13 2.669999999999999929e+00 7.286490559999999617e-01 2.669999999999999929e+00 1.209938729999999931e-03 2.669999999999999929e+00 1.975742249999999981e-04 2.669999999999999929e+00 1.739188299999999904e-03 2.669999999999999929e+00 9.690431450000000497e-15 2.669999999999999929e+00 7.988977919999999955e-01 2.669999999999999929e+00 8.386715110000000526e-04 2.669999999999999929e+00 6.801402890000000413e-05 2.669999999999999929e+00 1.016720459999999934e-03 2.669999999999999929e+00 1.687474569999999912e-14 2.669999999999999929e+00 8.584101100000000040e-01 2.669999999999999929e+00 4.702174069999999874e-04 2.669999999999999929e+00 1.925250760000000121e-05 2.669999999999999929e+00 5.130063710000000226e-04 2.669999999999999929e+00 3.346746639999999698e-14 2.669999999999999929e+00 8.529277219999999993e-01 2.669999999999999929e+00 2.407359840000000033e-04 2.669999999999999929e+00 5.083811419999999850e-06 2.669999999999999929e+00 2.511967699999999846e-04 2.669999999999999929e+00 6.638871780000000526e-14 2.669999999999999929e+00 8.432280089999999451e-01 2.669999999999999929e+00 1.196217040000000046e-04 2.669999999999999929e+00 1.394193239999999967e-06 2.669999999999999929e+00 1.226155909999999873e-04 2.669999999999999929e+00 1.318466969999999963e-13 2.669999999999999929e+00 8.381896030000000053e-01
2.680000000000000160e+00 2.208274599999999858e-03 2.680000000000000160e+00 2.007811000000000079e-04 2.680000000000000160e+00 3.986233700000000289e-03 2.680000000000000160e+00 7.012451520000000305e-15 2.680000000000000160e+00 6.940850259999999938e-01 2.680000000000000160e+00 1.874802559999999996e-03 2.680000000000000160e+00 9.143107920000000533e-05 2.680000000000000160e+00 2.989480459999999985e-03 2.680000000000000160e+00 1.527908280000000006e-14 2.680000000000000160e+00 7.810251590000000244e-01 2.680000000000000160e+00 1.448611789999999918e-03 2.680000000000000160e+00 4.875989669999999742e-05 2.680000000000000160e+00 2.074332730000000031e-03 2.680000000000000160e+00 3.049600420000000253e-14 2.680000000000000160e+00 7.579586130000000033e-01 2.680000000000000160e+00 9.976862999999999010e-04 2.680000000000000160e+00 3.390435980000000088e-05 2.680000000000000160e+00 1.287629910000000037e-03 2.680000000000000160e+00 6.185768809999999753e-14 2.680000000000000160e+00 7.396272720000000023e-01 2.680000000000000160e+00 5.934880730000000135e-04 2.680000000000000160e+00 1.683193849999999921e-05 2.680000000000000160e+00 7.168724000000000450e-04 2.680000000000000160e+00 1.247376609999999923e-13 2.680000000000000160e+00 7.286490559999999617e-01 2.680000000000000160e+00 1.209221419999999964e-03 2.680000000000000160e+00 2.002940600000000079e-04 2.680000000000000160e+00 1.751284139999999961e-03 2.680000000000000160e+00 9.690681179999999711e-15 2.680000000000000160e+00 7.988977919999999955e-01 2.680000000000000160e+00 8.393338039999999811e-04 2.680000000000000160e+00 6.942587810000000025e-05 2.680000000000000160e+00 1.025110529999999917e-03 2.680000000000000160e+00 1.687501630000000089e-14 2.680000000000000160e+00 8.584101100000000040e-01 2.680000000000000160e+00 4.712811040000000075e-04 2.680000000000000160e+00 1.975443810000000069e-05 2.680000000000000160e+00 5.177138839999999862e-04 2.680000000000000160e+00 3.346749970000000045e-14 2.680000000000000160e+00 8.529277219999999993e-01 2.680000000000000160e+00 2.414805220000000000e-04 2.680000000000000160e+00 5.238703889999999842e-06 2.680000000000000160e+00 2.536078610000000151e-04 2.680000000000000160e+00 6.638845900000000137e-14 2.680000000000000160e+00 8.432280089999999451e-01 2.680000000000000160e+00 1.200380750000000035e-04 2.680000000000000160e+00 1.442971159999999982e-06 2.680000000000000160e+00 1.238138929999999980e-04 2.680000000000000160e+00 1.318464009999999991e-13 2.680000000000000160e+00 8.381896030000000053e-01
2.689999999999999947e+00 2.206999299999999956e-03 2.689999999999999947e+00 2.020896840000000003e-04 2.689999999999999947e+00 4.008310079999999852e-03 2.689999999999999947e+00 7.012762019999999622e-15 2.689999999999999947e+00 6.940850259999999938e-01 2.689999999999999947e+00 1.873716710000000079e-03 2.689999999999999947e+00 9.267572959999999325e-05 2.689999999999999947e+00 3.008223080000000087e-03 2.689999999999999947e+00 1.528106030000000059e-14 2.689999999999999947e+00 7.810251590000000244e-01 2.689999999999999947e+00 1.448337359999999924e-03 2.689999999999999947e+00 5.002730700000000041e-05 2.689999999999999947e+00 2.088817519999999848e-03 2.689999999999999947e+00 3.050126709999999847e-14 2.689999999999999947e+00 7.579586130000000033e-01 2.689999999999999947e+00 9.978443769999999127e-04 2.689999999999999947e+00 3.544936269999999704e-05 2.689999999999999947e+00 1.297607650000000105e-03 2.689999999999999947e+00 6.186419800000000246e-14 2.689999999999999947e+00 7.396272720000000023e-01 2.689999999999999947e+00 5.937886830000000228e-04 2.689999999999999947e+00 1.790581189999999843e-05 2.689999999999999947e+00 7.228088650000000356e-04 2.689999999999999947e+00 1.247470679999999963e-13 2.689999999999999947e+00 7.286490559999999617e-01 2.689999999999999947e+00 1.208455680000000091e-03 2.689999999999999947e+00 2.030582740000000093e-04 2.689999999999999947e+00 1.763372569999999920e-03 2.689999999999999947e+00 9.690949650000000285e-15 2.689999999999999947e+00 7.988977919999999955e-01 2.689999999999999947e+00 8.399493950000000387e-04 2.689999999999999947e+00 7.087554440000000280e-05 2.689999999999999947e+00 1.033506979999999995e-03 2.689999999999999947e+00 1.687530999999999850e-14 2.689999999999999947e+00 8.584101100000000040e-01 2.689999999999999947e+00 4.723195440000000104e-04 2.689999999999999947e+00 2.027524390000000072e-05 2.689999999999999947e+00 5.224319090000000129e-04 2.689999999999999947e+00 3.346756079999999892e-14 2.689999999999999947e+00 8.529277219999999993e-01 2.689999999999999947e+00 2.422147289999999962e-04 2.689999999999999947e+00 5.400776590000000023e-06 2.689999999999999947e+00 2.560263459999999910e-04 2.689999999999999947e+00 6.638822679999999900e-14 2.689999999999999947e+00 8.432280089999999451e-01 2.689999999999999947e+00 1.204503320000000020e-04 2.689999999999999947e+00 1.494349440000000017e-06 2.689999999999999947e+00 1.250163390000000113e-04 2.689999999999999947e+00 1.318461379999999896e-13 2.689999999999999947e+00 8.381896030000000053e-01
2.700000000000000178e+00 2.205709570000000033e-03 2.700000000000000178e+00 2.034127699999999962e-04 2.700000000000000178e+00 4.030373640000000333e-03 2.700000000000000178e+00 7.013096210000000197e-15 2.700000000000000178e+00 6.940850259999999938e-01 2.700000000000000178e+00 1.872602180000000052e-03 2.700000000000000178e+00 9.394207100000000372e-05 2.700000000000000178e+00 3.026954699999999908e-03 2.700000000000000178e+00 1.528314630000000053e-14 2.700000000000000178e+00 7.810251590000000244e-01 2.700000000000000178e+00 1.448006620000000071e-03 2.700000000000000178e+00 5.134228670000000100e-05 2.700000000000000178e+00 2.103299280000000063e-03 2.700000000000000178e+00 3.050681060000000069e-14 2.700000000000000178e+00 7.579586130000000033e-01 2.700000000000000178e+00 9.978963629999999200e-04 2.700000000000000178e+00 3.709766089999999724e-05 2.700000000000000178e+00 1.307586440000000098e-03 2.700000000000000178e+00 6.187108689999999595e-14 2.700000000000000178e+00 7.396272720000000023e-01 2.700000000000000178e+00 5.939876860000000000e-04 2.700000000000000178e+00 1.907742260000000117e-05 2.700000000000000178e+00 7.287478349999999914e-04 2.700000000000000178e+00 1.247570810000000048e-13 2.700000000000000178e+00 7.286490559999999617e-01 2.700000000000000178e+00 1.207641150000000017e-03 2.700000000000000178e+00 2.058679189999999999e-04 2.700000000000000178e+00 1.775453090000000044e-03 2.700000000000000178e+00 9.691237920000000449e-15 2.700000000000000178e+00 7.988977919999999955e-01 2.700000000000000178e+00 8.405174130000000196e-04 2.700000000000000178e+00 7.236446519999999551e-05 2.700000000000000178e+00 1.041909350000000054e-03 2.700000000000000178e+00 1.687562820000000116e-14 2.700000000000000178e+00 8.584101100000000040e-01 2.700000000000000178e+00 4.733319259999999983e-04 2.700000000000000178e+00 2.081596309999999897e-05 2.700000000000000178e+00 5.271601880000000495e-04 2.700000000000000178e+00 3.346765169999999833e-14 2.700000000000000178e+00 8.529277219999999993e-01 2.700000000000000178e+00 2.429382179999999935e-04 2.700000000000000178e+00 5.570504870000000373e-06 2.700000000000000178e+00 2.584521190000000105e-04 2.700000000000000178e+00 6.638802489999999433e-14 2.700000000000000178e+00 8.432280089999999451e-01 2.700000000000000178e+00 1.208583210000000054e-04 2.700000000000000178e+00 1.548516680000000026e-06 2.700000000000000178e+00 1.262228860000000092e-04 2.700000000000000178e+00 1.318459140000000047e-13 2.700000000000000178e+00 8.381896030000000053e-01
2.709999999999999964e+00 2.204405449999999930e-03 2.709999999999999964e+00 2.047506120000000106e-04 2.709999999999999964e+00 4.052424219999999772e-03 2.709999999999999964e+00 7.013455170000000256e-15 2.709999999999999964e+00 6.940850259999999938e-01 2.709999999999999964e+00 1.871458990000000053e-03 2.709999999999999964e+00 9.523063429999999705e-05 2.709999999999999964e+00 3.045675030000000172e-03 2.709999999999999964e+00 1.528534579999999896e-14 2.709999999999999964e+00 7.810251590000000244e-01 2.709999999999999964e+00 1.447618350000000028e-03 2.709999999999999964e+00 5.270717730000000104e-05 2.709999999999999964e+00 2.117777459999999837e-03 2.709999999999999964e+00 3.051264810000000046e-14 2.709999999999999964e+00 7.579586130000000033e-01 2.709999999999999964e+00 9.978358340000000049e-04 2.709999999999999964e+00 3.885755519999999888e-05 2.709999999999999964e+00 1.317565199999999994e-03 2.709999999999999964e+00 6.187837280000000001e-14 2.709999999999999964e+00 7.396272720000000023e-01 2.709999999999999964e+00 5.940767419999999849e-04 2.709999999999999964e+00 2.035635330000000004e-05 2.709999999999999964e+00 7.346882530000000159e-04 2.709999999999999964e+00 1.247677299999999997e-13 2.709999999999999964e+00 7.286490559999999617e-01 2.709999999999999964e+00 1.206777480000000057e-03 2.709999999999999964e+00 2.087240689999999980e-04 2.709999999999999964e+00 1.787525220000000083e-03 2.709999999999999964e+00 9.691547090000000006e-15 2.709999999999999964e+00 7.988977919999999955e-01 2.709999999999999964e+00 8.410369449999999941e-04 2.709999999999999964e+00 7.389413750000000042e-05 2.709999999999999964e+00 1.050317170000000019e-03 2.709999999999999964e+00 1.687597249999999913e-14 2.709999999999999964e+00 8.584101100000000040e-01 2.709999999999999964e+00 4.743173990000000106e-04 2.709999999999999964e+00 2.137769909999999917e-05 2.709999999999999964e+00 5.318984579999999542e-04 2.709999999999999964e+00 3.346777490000000139e-14 2.709999999999999964e+00 8.529277219999999993e-01 2.709999999999999964e+00 2.436505700000000127e-04 2.709999999999999964e+00 5.748400349999999672e-06 2.709999999999999964e+00 2.608850730000000133e-04 2.709999999999999964e+00 6.638785699999999616e-14 2.709999999999999964e+00 8.432280089999999451e-01 2.709999999999999964e+00 1.212618729999999980e-04 2.709999999999999964e+00 1.605677040000000078e-06 2.709999999999999964e+00 1.274334900000000049e-04 2.709999999999999964e+00 1.318457380000000111e-13 2.709999999999999964e+00 8.381896030000000053e-01
2.720000000000000195e+00 2.203086979999999920e-03 2.720000000000000195e+00 2.061034700000000076e-04 2.720000000000000195e+00 4.074461700000000380e-03 2.720000000000000195e+00 7.013840020000000387e-15 2.720000000000000195e+00 6.940850259999999938e-01 2.720000000000000195e+00 1.870287140000000082e-03 2.720000000000000195e+00 9.654196619999999508e-05 2.720000000000000195e+00 3.064383779999999870e-03 2.720000000000000195e+00 1.528766470000000113e-14 2.720000000000000195e+00 7.810251590000000244e-01 2.720000000000000195e+00 1.447171280000000100e-03 2.720000000000000195e+00 5.412445409999999901e-05 2.720000000000000195e+00 2.132251459999999835e-03 2.720000000000000195e+00 3.051879380000000154e-14 2.720000000000000195e+00 7.579586130000000033e-01 2.720000000000000195e+00 9.976558620000000946e-04 2.720000000000000195e+00 4.073799209999999830e-05 2.720000000000000195e+00 1.327542759999999914e-03 2.720000000000000195e+00 6.188607430000000497e-14 2.720000000000000195e+00 7.396272720000000023e-01 2.720000000000000195e+00 5.940469970000000115e-04 2.720000000000000195e+00 2.175279160000000121e-05 2.720000000000000195e+00 7.406289740000000224e-04 2.720000000000000195e+00 1.247790430000000013e-13 2.720000000000000195e+00 7.286490559999999617e-01 2.720000000000000195e+00 1.205864280000000033e-03 2.720000000000000195e+00 2.116278269999999871e-04 2.720000000000000195e+00 1.799588470000000042e-03 2.720000000000000195e+00 9.691878310000000327e-15 2.720000000000000195e+00 7.988977919999999955e-01 2.720000000000000195e+00 8.415070419999999595e-04 2.720000000000000195e+00 7.546611839999999461e-05 2.720000000000000195e+00 1.058729929999999977e-03 2.720000000000000195e+00 1.687634450000000157e-14 2.720000000000000195e+00 8.584101100000000040e-01 2.720000000000000195e+00 4.752750589999999733e-04 2.720000000000000195e+00 2.196162470000000017e-05 2.720000000000000195e+00 5.366464439999999586e-04 2.720000000000000195e+00 3.346793280000000136e-14 2.720000000000000195e+00 8.529277219999999993e-01 2.720000000000000195e+00 2.443513349999999816e-04 2.720000000000000195e+00 5.935013510000000019e-06 2.720000000000000195e+00 2.633250919999999750e-04 2.720000000000000195e+00 6.638772680000000067e-14 2.720000000000000195e+00 8.432280089999999451e-01 2.720000000000000195e+00 1.216608060000000022e-04 2.720000000000000195e+00 1.666051560000000067e-06 2.720000000000000195e+00 1.286481080000000078e-04 2.720000000000000195e+00 1.318456159999999952e-13 2.720000000000000195e+00 8.381896030000000053e-01
2.729999999999999982e+00 2.201754179999999925e-03 2.729999999999999982e+00 2.074716059999999972e-04 2.729999999999999982e+00 4.096485920000000197e-03 2.729999999999999982e+00 7.014251920000000381e-15 2.729999999999999982e+00 6.940850259999999938e-01 2.729999999999999982e+00 1.869086640000000099e-03 2.729999999999999982e+00 9.787662939999999638e-05 2.729999999999999982e+00 3.083080680000000080e-03 2.729999999999999982e+00 1.529010849999999975e-14 2.729999999999999982e+00 7.810251590000000244e-01 2.729999999999999982e+00 1.446664010000000026e-03 2.729999999999999982e+00 5.559673469999999669e-05 2.729999999999999982e+00 2.146720679999999850e-03 2.729999999999999982e+00 3.052526210000000134e-14 2.729999999999999982e+00 7.579586130000000033e-01 2.729999999999999982e+00 9.973489970000000340e-04 2.729999999999999982e+00 4.274858560000000126e-05 2.729999999999999982e+00 1.337517890000000003e-03 2.729999999999999982e+00 6.189421110000000414e-14 2.729999999999999982e+00 7.396272720000000023e-01 2.729999999999999982e+00 5.938891800000000451e-04 2.729999999999999982e+00 2.327741979999999993e-05 2.729999999999999982e+00 7.465687659999999462e-04 2.729999999999999982e+00 1.247910510000000103e-13 2.729999999999999982e+00 7.286490559999999617e-01 2.729999999999999982e+00 1.204901159999999987e-03 2.729999999999999982e+00 2.145803209999999866e-04 2.729999999999999982e+00 1.811642339999999969e-03 2.729999999999999982e+00 9.692232739999999623e-15 2.729999999999999982e+00 7.988977919999999955e-01 2.729999999999999982e+00 8.419267109999999804e-04 2.729999999999999982e+00 7.708202640000000252e-05 2.729999999999999982e+00 1.067147139999999935e-03 2.729999999999999982e+00 1.687674589999999873e-14 2.729999999999999982e+00 8.584101100000000040e-01 2.729999999999999982e+00 4.762039459999999817e-04 2.729999999999999982e+00 2.256898430000000132e-05 2.729999999999999982e+00 5.414038630000000008e-04 2.729999999999999982e+00 3.346812779999999781e-14 2.729999999999999982e+00 8.529277219999999993e-01 2.729999999999999982e+00 2.450400270000000261e-04 2.729999999999999982e+00 6.130936359999999792e-06 2.729999999999999982e+00 2.657720589999999837e-04 2.729999999999999982e+00 6.638763840000000396e-14 2.729999999999999982e+00 8.432280089999999451e-01 2.729999999999999982e+00 1.220549249999999976e-04 2.729999999999999982e+00 1.729879470000000012e-06 2.729999999999999982e+00 1.298666900000000006e-04 2.729999999999999982e+00 1.318455550000000125e-13 2.729999999999999982e+00 8.381896030000000053e-01
2.740000000000000213e+00 2.200407089999999784e-03 2.740000000000000213e+00 2.088552889999999889e-04 2.740000000000000213e+00 4.118496729999999821e-03 2.740000000000000213e+00 7.014692050000000025e-15 2.740000000000000213e+00 6.940850259999999938e-01 2.740000000000000213e+00 1.867857450000000048e-03 2.740000000000000213e+00 9.923520329999999784e-05 2.740000000000000213e+00 3.101765419999999874e-03 2.740000000000000213e+00 1.529268330000000003e-14 2.740000000000000213e+00 7.810251590000000244e-01 2.740000000000000213e+00 1.446095080000000003e-03 2.740000000000000213e+00 5.712678759999999733e-05 2.740000000000000213e+00 2.161184530000000072e-03 2.740000000000000213e+00 3.053206810000000029e-14 2.740000000000000213e+00 7.579586130000000033e-01 2.740000000000000213e+00 9.969072590000000508e-04 2.740000000000000213e+00 4.489963019999999812e-05 2.740000000000000213e+00 1.347489290000000034e-03 2.740000000000000213e+00 6.190280309999999708e-14 2.740000000000000213e+00 7.396272720000000023e-01 2.740000000000000213e+00 5.935937540000000298e-04 2.740000000000000213e+00 2.494124460000000102e-05 2.740000000000000213e+00 7.525062990000000061e-04 2.740000000000000213e+00 1.248037859999999958e-13 2.740000000000000213e+00 7.286490559999999617e-01 2.740000000000000213e+00 1.203887719999999998e-03 2.740000000000000213e+00 2.175827039999999972e-04 2.740000000000000213e+00 1.823686329999999909e-03 2.740000000000000213e+00 9.692611629999999250e-15 2.740000000000000213e+00 7.988977919999999955e-01 2.740000000000000213e+00 8.422949230000000486e-04 2.740000000000000213e+00 7.874354070000000663e-05 2.740000000000000213e+00 1.075568289999999979e-03 2.740000000000000213e+00 1.687717839999999974e-14 2.740000000000000213e+00 8.584101100000000040e-01 2.740000000000000213e+00 4.771030399999999917e-04 2.740000000000000213e+00 2.320109739999999871e-05 2.740000000000000213e+00 5.461704229999999466e-04 2.740000000000000213e+00 3.346836239999999975e-14 2.740000000000000213e+00 8.529277219999999993e-01 2.740000000000000213e+00 2.457161280000000206e-04 2.740000000000000213e+00 6.336805110000000158e-06 2.740000000000000213e+00 2.682258509999999887e-04 2.740000000000000213e+00 6.638759559999999905e-14 2.740000000000000213e+00 8.432280089999999451e-01 2.740000000000000213e+00 1.224440159999999991e-04 2.740000000000000213e+00 1.797419619999999956e-06 2.740000000000000213e+00 1.310891890000000085e-04 2.740000000000000213e+00 1.318455640000000046e-13 2.740000000000000213e+00 8.381896030000000053e-01
2.750000000000000000e+00 2.199045699999999971e-03 2.750000000000000000e+00 2.102547939999999951e-04 2.750000000000000000e+00 4.140494009999999732e-03 2.750000000000000000e+00 7.015161659999999884e-15 2.750000000000000000e+00 6.940850259999999938e-01 2.750000000000000000e+00 1.866599540000000047e-03 2.750000000000000000e+00 1.006182850000000042e-04 2.750000000000000000e+00 3.120437729999999896e-03 2.750000000000000000e+00 1.529539540000000084e-14 2.750000000000000000e+00 7.810251590000000244e-01 2.750000000000000000e+00 1.445462879999999959e-03 2.750000000000000000e+00 5.871754060000000056e-05 2.750000000000000000e+00 2.175642370000000023e-03 2.750000000000000000e+00 3.053922760000000186e-14 2.750000000000000000e+00 7.579586130000000033e-01 2.750000000000000000e+00 9.963221430000000853e-04 2.750000000000000000e+00 4.720210060000000295e-05 2.750000000000000000e+00 1.357455559999999964e-03 2.750000000000000000e+00 6.191187160000000205e-14 2.750000000000000000e+00 7.396272720000000023e-01 2.750000000000000000e+00 5.931511310000000051e-04 2.750000000000000000e+00 2.675535709999999864e-05 2.750000000000000000e+00 7.584401500000000334e-04 2.750000000000000000e+00 1.248172830000000080e-13 2.750000000000000000e+00 7.286490559999999617e-01 2.750000000000000000e+00 1.202823540000000010e-03 2.750000000000000000e+00 2.206361559999999930e-04 2.750000000000000000e+00 1.835719929999999949e-03 2.750000000000000000e+00 9.693016230000000558e-15 2.750000000000000000e+00 7.988977919999999955e-01 2.750000000000000000e+00 8.426106099999999864e-04 2.750000000000000000e+00 8.045240120000000169e-05 2.750000000000000000e+00 1.083992860000000018e-03 2.750000000000000000e+00 1.687764390000000113e-14 2.750000000000000000e+00 8.584101100000000040e-01 2.750000000000000000e+00 4.779712650000000201e-04 2.750000000000000000e+00 2.385936089999999898e-05 2.750000000000000000e+00 5.509458210000000309e-04 2.750000000000000000e+00 3.346863929999999723e-14 2.750000000000000000e+00 8.529277219999999993e-01 2.750000000000000000e+00 2.463790769999999841e-04 2.750000000000000000e+00 6.553302900000000360e-06 2.750000000000000000e+00 2.706863380000000215e-04 2.750000000000000000e+00 6.638760270000000092e-14 2.750000000000000000e+00 8.432280089999999451e-01 2.750000000000000000e+00 1.228278479999999945e-04 2.750000000000000000e+00 1.868951970000000069e-06 2.750000000000000000e+00 1.323155529999999955e-04 2.750000000000000000e+00 1.318456500000000017e-13 2.750000000000000000e+00 8.381896030000000053e-01
2.759999999999999787e+00 2.197670039999999932e-03 2.759999999999999787e+00 2.116703969999999971e-04 2.759999999999999787e+00 4.162477599999999701e-03 2.759999999999999787e+00 7.015662029999999727e-15 2.759999999999999787e+00 6.940850259999999938e-01 2.759999999999999787e+00 1.865312870000000040e-03 2.759999999999999787e+00 1.020264880000000036e-04 2.759999999999999787e+00 3.139097320000000003e-03 2.759999999999999787e+00 1.529825130000000100e-14 2.759999999999999787e+00 7.810251590000000244e-01 2.759999999999999787e+00 1.444765719999999923e-03 2.759999999999999787e+00 6.037209069999999807e-05 2.759999999999999787e+00 2.190093570000000052e-03 2.759999999999999787e+00 3.054675670000000000e-14 2.759999999999999787e+00 7.579586130000000033e-01 2.759999999999999787e+00 9.955846299999999635e-04 2.759999999999999787e+00 4.966763500000000105e-05 2.759999999999999787e+00 1.367415230000000028e-03 2.759999999999999787e+00 6.192143820000000254e-14 2.759999999999999787e+00 7.396272720000000023e-01 2.759999999999999787e+00 5.925519499999999705e-04 2.759999999999999787e+00 2.873061420000000052e-05 2.759999999999999787e+00 7.643688000000000262e-04 2.759999999999999787e+00 1.248315739999999910e-13 2.759999999999999787e+00 7.286490559999999617e-01 2.759999999999999787e+00 1.201708190000000008e-03 2.759999999999999787e+00 2.237418779999999997e-04 2.759999999999999787e+00 1.847742629999999959e-03 2.759999999999999787e+00 9.693447850000000157e-15 2.759999999999999787e+00 7.988977919999999955e-01 2.759999999999999787e+00 8.428726669999999808e-04 2.759999999999999787e+00 8.221040719999999713e-05 2.759999999999999787e+00 1.092420320000000002e-03 2.759999999999999787e+00 1.687814419999999941e-14 2.759999999999999787e+00 8.584101100000000040e-01 2.759999999999999787e+00 4.788074830000000064e-04 2.759999999999999787e+00 2.454525130000000108e-05 2.759999999999999787e+00 5.557297419999999944e-04 2.759999999999999787e+00 3.346896110000000240e-14 2.759999999999999787e+00 8.529277219999999993e-01 2.759999999999999787e+00 2.470282759999999750e-04 2.759999999999999787e+00 6.781162479999999819e-06 2.759999999999999787e+00 2.731533860000000214e-04 2.759999999999999787e+00 6.638766390000000253e-14 2.759999999999999787e+00 8.432280089999999451e-01 2.759999999999999787e+00 1.232061719999999895e-04 2.759999999999999787e+00 1.944779120000000065e-06 2.759999999999999787e+00 1.335457279999999875e-04 2.759999999999999787e+00 1.318458200000000090e-13 2.759999999999999787e+00 8.381896030000000053e-01
2.770000000000000018e+00 2.196280120000000061e-03 2.770000000000000018e+00 2.131023849999999866e-04 2.770000000000000018e+00 4.184447360000000289e-03 2.770000000000000018e+00 7.016194490000000103e-15 2.770000000000000018e+00 6.940850259999999938e-01 2.770000000000000018e+00 1.863997359999999912e-03 2.770000000000000018e+00 1.034604459999999954e-04 2.770000000000000018e+00 3.157743890000000095e-03 2.770000000000000018e+00 1.530125769999999930e-14 2.770000000000000018e+00 7.810251590000000244e-01 2.770000000000000018e+00 1.444001789999999974e-03 2.770000000000000018e+00 6.209371379999999987e-05 2.770000000000000018e+00 2.204537470000000193e-03 2.770000000000000018e+00 3.055467230000000113e-14 2.770000000000000018e+00 7.579586130000000033e-01 2.770000000000000018e+00 9.946852239999998992e-04 2.770000000000000018e+00 5.230849519999999854e-05 2.770000000000000018e+00 1.377366710000000076e-03 2.770000000000000018e+00 6.193152559999999762e-14 2.770000000000000018e+00 7.396272720000000023e-01 2.770000000000000018e+00 5.917874220000000256e-04 2.770000000000000018e+00 3.087723950000000116e-05 2.770000000000000018e+00 7.702906380000000249e-04 2.770000000000000018e+00 1.248466960000000073e-13 2.770000000000000018e+00 7.286490559999999617e-01 2.770000000000000018e+00 1.200541210000000093e-03 2.770000000000000018e+00 2.269010950000000014e-04 2.770000000000000018e+00 1.859753920000000024e-03 2.770000000000000018e+00 9.693907849999999379e-15 2.770000000000000018e+00 7.988977919999999955e-01 2.770000000000000018e+00 8.430799530000000373e-04 2.770000000000000018e+00 8.401941559999999453e-05 2.770000000000000018e+00 1.100850129999999920e-03 2.770000000000000018e+00 1.687868120000000055e-14 2.770000000000000018e+00 8.584101100000000040e-01 2.770000000000000018e+00 4.796104950000000251e-04 2.770000000000000018e+00 2.526032620000000039e-05 2.770000000000000018e+00 5.605218599999999473e-04 2.770000000000000018e+00 3.346933069999999896e-14 2.770000000000000018e+00 8.529277219999999993e-01 2.770000000000000018e+00 2.476630830000000109e-04 2.770000000000000018e+00 7.021168800000000118e-06 2.770000000000000018e+00 2.756268560000000017e-04 2.770000000000000018e+00 6.638778350000000624e-14 2.770000000000000018e+00 8.432280089999999451e-01 2.770000000000000018e+00 1.235787180000000058e-04 2.770000000000000018e+00 2.025227900000000095e-06 2.770000000000000018e+00 1.347796569999999954e-04 2.770000000000000018e+00 1.318460840000000120e-13 2.770000000000000018e+00 8.381896030000000053e-01
2.779999999999999805e+00 2.194875939999999925e-03 2.779999999999999805e+00 2.145510460000000055e-04 2.779999999999999805e+00 4.206403160000000280e-03 2.779999999999999805e+00 7.016760409999999977e-15 2.779999999999999805e+00 6.940850259999999938e-01 2.779999999999999805e+00 1.862652939999999945e-03 2.779999999999999805e+00 1.049208110000000036e-04 2.779999999999999805e+00 3.176377169999999948e-03 2.779999999999999805e+00 1.530442160000000080e-14 2.779999999999999805e+00 7.810251590000000244e-01 2.779999999999999805e+00 1.443169140000000097e-03 2.779999999999999805e+00 6.388587459999999613e-05 2.779999999999999805e+00 2.218973380000000169e-03 2.779999999999999805e+00 3.056299180000000211e-14 2.779999999999999805e+00 7.579586130000000033e-01 2.779999999999999805e+00 9.936140070000000577e-04 2.779999999999999805e+00 5.513749929999999726e-05 2.779999999999999805e+00 1.387308359999999937e-03 2.779999999999999805e+00 6.194215729999999883e-14 2.779999999999999805e+00 7.396272720000000023e-01 2.779999999999999805e+00 5.908497509999999881e-04 2.779999999999999805e+00 3.320435060000000301e-05 2.779999999999999805e+00 7.762039709999999640e-04 2.779999999999999805e+00 1.248626859999999936e-13 2.779999999999999805e+00 7.286490559999999617e-01 2.779999999999999805e+00 1.199322160000000073e-03 2.779999999999999805e+00 2.301150540000000027e-04 2.779999999999999805e+00 1.871753280000000054e-03 2.779999999999999805e+00 9.694397629999999551e-15 2.779999999999999805e+00 7.988977919999999955e-01 2.779999999999999805e+00 8.432312959999999601e-04 2.779999999999999805e+00 8.588133859999999402e-05 2.779999999999999805e+00 1.109281740000000018e-03 2.779999999999999805e+00 1.687925690000000103e-14 2.779999999999999805e+00 8.584101100000000040e-01 2.779999999999999805e+00 4.803790400000000193e-04 2.779999999999999805e+00 2.600622509999999844e-05 2.779999999999999805e+00 5.653218370000000475e-04 2.779999999999999805e+00 3.346975100000000218e-14 2.779999999999999805e+00 8.529277219999999993e-01 2.779999999999999805e+00 2.482828130000000097e-04 2.779999999999999805e+00 7.274161489999999597e-06 2.779999999999999805e+00 2.781065980000000195e-04 2.779999999999999805e+00 6.638796620000000174e-14 2.779999999999999805e+00 8.432280089999999451e-01 2.779999999999999805e+00 1.239451970000000056e-04 2.779999999999999805e+00 2.110650939999999880e-06 2.779999999999999805e+00 1.360172820000000071e-04 2.779999999999999805e+00 1.318464500000000092e-13 2.779999999999999805e+00 8.381896030000000053e-01
2.790000000000000036e+00 2.193457499999999956e-03 2.790000000000000036e+00 2.160166760000000092e-04 2.790000000000000036e+00 4.228344830000000353e-03 2.790000000000000036e+00 7.017361219999999881e-15 2.790000000000000036e+00 6.940850259999999938e-01 2.790000000000000036e+00 1.861279520000000062e-03 2.790000000000000036e+00 1.064082549999999992e-04 2.790000000000000036e+00 3.194996849999999933e-03 2.790000000000000036e+00 1.530775030000000103e-14 2.790000000000000036e+00 7.810251590000000244e-01 2.790000000000000036e+00 1.442265700000000105e-03 2.790000000000000036e+00 6.575223789999999602e-05 2.790000000000000036e+00 2.233400610000000133e-03 2.790000000000000036e+00 3.057173310000000288e-14 2.790000000000000036e+00 7.579586130000000033e-01 2.790000000000000036e+00 9.923607200000000156e-04 2.790000000000000036e+00 5.816792010000000222e-05 2.790000000000000036e+00 1.397238390000000042e-03 2.790000000000000036e+00 6.195335749999999550e-14 2.790000000000000036e+00 7.396272720000000023e-01 2.790000000000000036e+00 5.897325829999999856e-04 2.790000000000000036e+00 3.571942999999999760e-05 2.790000000000000036e+00 7.821070339999999571e-04 2.790000000000000036e+00 1.248795829999999996e-13 2.790000000000000036e+00 7.286490559999999617e-01 2.790000000000000036e+00 1.198050570000000091e-03 2.790000000000000036e+00 2.333850220000000095e-04 2.790000000000000036e+00 1.883740189999999958e-03 2.790000000000000036e+00 9.694918650000000409e-15 2.790000000000000036e+00 7.988977919999999955e-01 2.790000000000000036e+00 8.433254949999999944e-04 2.790000000000000036e+00 8.779813939999999524e-05 2.790000000000000036e+00 1.117714570000000011e-03 2.790000000000000036e+00 1.687987350000000045e-14 2.790000000000000036e+00 8.584101100000000040e-01 2.790000000000000036e+00 4.811117970000000090e-04 2.790000000000000036e+00 2.678466939999999950e-05 2.790000000000000036e+00 5.701293209999999667e-04 2.790000000000000036e+00 3.347022479999999892e-14 2.790000000000000036e+00 8.529277219999999993e-01 2.790000000000000036e+00 2.488867350000000195e-04 2.790000000000000036e+00 7.541036999999999845e-06 2.790000000000000036e+00 2.805924589999999816e-04 2.790000000000000036e+00 6.638821649999999770e-14 2.790000000000000036e+00 8.432280089999999451e-01 2.790000000000000036e+00 1.243052949999999969e-04 2.790000000000000036e+00 2.201428360000000179e-06 2.790000000000000036e+00 1.372585400000000033e-04 2.790000000000000036e+00 1.318469269999999927e-13 2.790000000000000036e+00 8.381896030000000053e-01
2.799999999999999822e+00 2.192024790000000195e-03 2.799999999999999822e+00 2.174995770000000110e-04 2.799999999999999822e+00 4.250272260000000080e-03 2.799999999999999822e+00 7.017998380000000339e-15 2.799999999999999822e+00 6.940850259999999938e-01 2.799999999999999822e+00 1.859876990000000055e-03 2.799999999999999822e+00 1.079234699999999955e-04 2.799999999999999822e+00 3.213602659999999830e-03 2.799999999999999822e+00 1.531125129999999864e-14 2.799999999999999822e+00 7.810251590000000244e-01 2.799999999999999822e+00 1.441289280000000077e-03 2.799999999999999822e+00 6.769667899999999431e-05 2.799999999999999822e+00 2.247818449999999888e-03 2.799999999999999822e+00 3.058091500000000006e-14 2.799999999999999822e+00 7.579586130000000033e-01 2.799999999999999822e+00 9.909148790000000314e-04 2.799999999999999822e+00 6.141334220000000180e-05 2.799999999999999822e+00 1.407154930000000057e-03 2.799999999999999822e+00 6.196515139999999573e-14 2.799999999999999822e+00 7.396272720000000023e-01 2.799999999999999822e+00 5.884314900000000388e-04 2.799999999999999822e+00 3.842777559999999951e-05 2.799999999999999822e+00 7.879980090000000045e-04 2.799999999999999822e+00 1.248974269999999929e-13 2.799999999999999822e+00 7.286490559999999617e-01 2.799999999999999822e+00 1.196725980000000033e-03 2.799999999999999822e+00 2.367122829999999869e-04 2.799999999999999822e+00 1.895714119999999904e-03 2.799999999999999822e+00 9.695472410000000106e-15 2.799999999999999822e+00 7.988977919999999955e-01 2.799999999999999822e+00 8.433613240000000519e-04 2.799999999999999822e+00 8.977182809999999474e-05 2.799999999999999822e+00 1.126148050000000010e-03 2.799999999999999822e+00 1.688053289999999848e-14 2.799999999999999822e+00 8.584101100000000040e-01 2.799999999999999822e+00 4.818073849999999830e-04 2.799999999999999822e+00 2.759746089999999967e-05 2.799999999999999822e+00 5.749439489999999629e-04 2.799999999999999822e+00 3.347075530000000122e-14 2.799999999999999822e+00 8.529277219999999993e-01 2.799999999999999822e+00 2.494740710000000047e-04 2.799999999999999822e+00 7.822750519999999960e-06 2.799999999999999822e+00 2.830842769999999931e-04 2.799999999999999822e+00 6.638853930000000269e-14 2.799999999999999822e+00 8.432280089999999451e-01 2.799999999999999822e+00 1.246586759999999939e-04 2.799999999999999822e+00 2.297969260000000151e-06 2.799999999999999822e+00 1.385033659999999997e-04 2.799999999999999822e+00 1.318475230000000116e-13 2.799999999999999822e+00 8.381896030000000053e-01
2.810000000000000053e+00 2.190577789999999855e-03 2.810000000000000053e+00 2.190000540000000117e-04 2.810000000000000053e+00 4.272185280000000140e-03 2.810000000000000053e+00 7.018673410000000291e-15 2.810000000000000053e+00 6.940850259999999938e-01 2.810000000000000053e+00 1.858445239999999927e-03 2.810000000000000053e+00 1.094671690000000031e-04 2.810000000000000053e+00 3.232194299999999968e-03 2.810000000000000053e+00 1.531493249999999852e-14 2.810000000000000053e+00 7.810251590000000244e-01 2.810000000000000053e+00 1.440237519999999901e-03 2.810000000000000053e+00 6.972329520000000670e-05 2.810000000000000053e+00 2.262226149999999828e-03 2.810000000000000053e+00 3.059055650000000284e-14 2.810000000000000053e+00 7.579586130000000033e-01 2.810000000000000053e+00 9.892659260000000090e-04 2.810000000000000053e+00 6.488747020000000629e-05 2.810000000000000053e+00 1.417056010000000048e-03 2.810000000000000053e+00 6.197756520000000110e-14 2.810000000000000053e+00 7.396272720000000023e-01 2.810000000000000053e+00 5.869444180000000068e-04 2.810000000000000053e+00 4.133197580000000116e-05 2.810000000000000053e+00 7.938750440000000254e-04 2.810000000000000053e+00 1.249162579999999915e-13 2.810000000000000053e+00 7.286490559999999617e-01 2.810000000000000053e+00 1.195347899999999906e-03 2.810000000000000053e+00 2.400981369999999988e-04 2.810000000000000053e+00 1.907674530000000096e-03 2.810000000000000053e+00 9.696060479999999937e-15 2.810000000000000053e+00 7.988977919999999955e-01 2.810000000000000053e+00 8.433375370000000155e-04 2.810000000000000053e+00 9.180445509999999340e-05 2.810000000000000053e+00 1.134581599999999945e-03 2.810000000000000053e+00 1.688123740000000102e-14 2.810000000000000053e+00 8.584101100000000040e-01 2.810000000000000053e+00 4.824643669999999912e-04 2.810000000000000053e+00 2.844647960000000169e-05 2.810000000000000053e+00 5.797653400000000404e-04 2.810000000000000053e+00 3.347134559999999907e-14 2.810000000000000053e+00 8.529277219999999993e-01 2.810000000000000053e+00 2.500439930000000212e-04 2.810000000000000053e+00 8.120317339999999791e-06 2.810000000000000053e+00 2.855818830000000246e-04 2.810000000000000053e+00 6.638893940000000323e-14 2.810000000000000053e+00 8.432280089999999451e-01 2.810000000000000053e+00 1.250049790000000026e-04 2.810000000000000053e+00 2.400713300000000121e-06 2.810000000000000053e+00 1.397516900000000050e-04 2.810000000000000053e+00 1.318482480000000010e-13 2.810000000000000053e+00 8.381896030000000053e-01
2.819999999999999840e+00 2.189116510000000196e-03 2.819999999999999840e+00 2.205184219999999995e-04 2.819999999999999840e+00 4.294083770000000147e-03 2.819999999999999840e+00 7.019387890000000239e-15 2.819999999999999840e+00 6.940850259999999938e-01 2.819999999999999840e+00 1.856984130000000023e-03 2.819999999999999840e+00 1.110400860000000027e-04 2.819999999999999840e+00 3.250771469999999812e-03 2.819999999999999840e+00 1.531880179999999924e-14 2.819999999999999840e+00 7.810251590000000244e-01 2.819999999999999840e+00 1.439107920000000027e-03 2.819999999999999840e+00 7.183641749999999330e-05 2.819999999999999840e+00 2.276622939999999994e-03 2.819999999999999840e+00 3.060067729999999821e-14 2.819999999999999840e+00 7.579586130000000033e-01 2.819999999999999840e+00 9.874034240000000191e-04 2.819999999999999840e+00 6.860388449999999644e-05 2.819999999999999840e+00 1.426939539999999909e-03 2.819999999999999840e+00 6.199062569999999416e-14 2.819999999999999840e+00 7.396272720000000023e-01 2.819999999999999840e+00 5.852720650000000279e-04 2.819999999999999840e+00 4.443146950000000301e-05 2.819999999999999840e+00 7.997362799999999669e-04 2.819999999999999840e+00 1.249361210000000062e-13 2.819999999999999840e+00 7.286490559999999617e-01 2.819999999999999840e+00 1.193915860000000070e-03 2.819999999999999840e+00 2.435438950000000109e-04 2.819999999999999840e+00 1.919620890000000050e-03 2.819999999999999840e+00 9.696684449999999615e-15 2.819999999999999840e+00 7.988977919999999955e-01 2.819999999999999840e+00 8.432528740000000411e-04 2.819999999999999840e+00 9.389810459999999525e-05 2.819999999999999840e+00 1.143014599999999910e-03 2.819999999999999840e+00 1.688198940000000131e-14 2.819999999999999840e+00 8.584101100000000040e-01 2.819999999999999840e+00 4.830812530000000242e-04 2.819999999999999840e+00 2.933367910000000088e-05 2.819999999999999840e+00 5.845931030000000271e-04 2.819999999999999840e+00 3.347199900000000134e-14 2.819999999999999840e+00 8.529277219999999993e-01 2.819999999999999840e+00 2.505956269999999836e-04 2.819999999999999840e+00 8.434813699999999415e-06 2.819999999999999840e+00 2.880850959999999863e-04 2.819999999999999840e+00 6.638942199999999838e-14 2.819999999999999840e+00 8.432280089999999451e-01 2.819999999999999840e+00 1.253438140000000093e-04 2.819999999999999840e+00 2.510132069999999983e-06 2.819999999999999840e+00 1.410034400000000087e-04 2.819999999999999840e+00 1.318491110000000034e-13 2.819999999999999840e+00 8.381896030000000053e-01
2.830000000000000071e+00 2.187640900000000117e-03 2.830000000000000071e+00 2.220550000000000009e-04 2.830000000000000071e+00 4.315967559999999911e-03 2.830000000000000071e+00 7.020143439999999893e-15 2.830000000000000071e+00 6.940850259999999938e-01 2.830000000000000071e+00 1.855493499999999896e-03 2.830000000000000071e+00 1.126429799999999974e-04 2.830000000000000071e+00 3.269333880000000088e-03 2.830000000000000071e+00 1.532286779999999925e-14 2.830000000000000071e+00 7.810251590000000244e-01 2.830000000000000071e+00 1.437897839999999943e-03 2.830000000000000071e+00 7.404062229999999886e-05 2.830000000000000071e+00 2.291008040000000034e-03 2.830000000000000071e+00 3.061129780000000144e-14 2.830000000000000071e+00 7.579586130000000033e-01 2.830000000000000071e+00 9.853172959999999952e-04 2.830000000000000071e+00 7.257573719999999473e-05 2.830000000000000071e+00 1.436803329999999934e-03 2.830000000000000071e+00 6.200436079999999830e-14 2.830000000000000071e+00 7.396272720000000023e-01 2.830000000000000071e+00 5.834181309999999544e-04 2.830000000000000071e+00 4.772225400000000301e-05 2.830000000000000071e+00 8.055798800000000138e-04 2.830000000000000071e+00 1.249570579999999917e-13 2.830000000000000071e+00 7.286490559999999617e-01 2.830000000000000071e+00 1.192429370000000098e-03 2.830000000000000071e+00 2.470508800000000222e-04 2.830000000000000071e+00 1.931552669999999933e-03 2.830000000000000071e+00 9.697345990000000417e-15 2.830000000000000071e+00 7.988977919999999955e-01 2.830000000000000071e+00 8.431060699999999792e-04 2.830000000000000071e+00 9.605488510000000481e-05 2.830000000000000071e+00 1.151446449999999917e-03 2.830000000000000071e+00 1.688279109999999897e-14 2.830000000000000071e+00 8.584101100000000040e-01 2.830000000000000071e+00 4.836565059999999895e-04 2.830000000000000071e+00 3.026108130000000019e-05 2.830000000000000071e+00 5.894268270000000472e-04 2.830000000000000071e+00 3.347271890000000110e-14 2.830000000000000071e+00 8.529277219999999993e-01 2.830000000000000071e+00 2.511280509999999980e-04 2.830000000000000071e+00 8.767376849999999785e-06 2.830000000000000071e+00 2.905937310000000209e-04 2.830000000000000071e+00 6.638999229999999984e-14 2.830000000000000071e+00 8.432280089999999451e-01 2.830000000000000071e+00 1.256747690000000069e-04 2.830000000000000071e+00 2.626730349999999963e-06 2.830000000000000071e+00 1.422585399999999893e-04 2.830000000000000071e+00 1.318501229999999979e-13 2.830000000000000071e+00 8.381896030000000053e-01
2.839999999999999858e+00 2.186150950000000093e-03 2.839999999999999858e+00 2.236101119999999950e-04 2.839999999999999858e+00 4.337836539999999873e-03 2.839999999999999858e+00 7.020941739999999739e-15 2.839999999999999858e+00 6.940850259999999938e-01 2.839999999999999858e+00 1.853973199999999931e-03 2.839999999999999858e+00 1.142766300000000050e-04 2.839999999999999858e+00 3.287881239999999785e-03 2.839999999999999858e+00 1.532713890000000021e-14 2.839999999999999858e+00 7.810251590000000244e-01 2.839999999999999858e+00 1.436604449999999899e-03 2.839999999999999858e+00 7.634074319999999993e-05 2.839999999999999858e+00 2.305380619999999794e-03 2.839999999999999858e+00 3.062243880000000246e-14 2.839999999999999858e+00 7.579586130000000033e-01 2.839999999999999858e+00 9.829981130000001004e-04 2.839999999999999858e+00 7.681538920000000297e-05 2.839999999999999858e+00 1.446645110000000086e-03 2.839999999999999858e+00 6.201879929999999570e-14 2.839999999999999858e+00 7.396272720000000023e-01 2.839999999999999858e+00 5.813893870000000526e-04 2.839999999999999858e+00 5.119679510000000211e-05 2.839999999999999858e+00 8.114040590000000342e-04 2.839999999999999858e+00 1.249791169999999897e-13 2.839999999999999858e+00 7.286490559999999617e-01 2.839999999999999858e+00 1.190887970000000093e-03 2.839999999999999858e+00 2.506204180000000197e-04 2.839999999999999858e+00 1.943469300000000071e-03 2.839999999999999858e+00 9.698046850000000451e-15 2.839999999999999858e+00 7.988977919999999955e-01 2.839999999999999858e+00 8.428958580000000134e-04 2.839999999999999858e+00 9.827691950000000431e-05 2.839999999999999858e+00 1.159876509999999920e-03 2.839999999999999858e+00 1.688364509999999983e-14 2.839999999999999858e+00 8.584101100000000040e-01 2.839999999999999858e+00 4.841885480000000124e-04 2.839999999999999858e+00 3.123076810000000335e-05 2.839999999999999858e+00 5.942660889999999479e-04 2.839999999999999858e+00 3.347350889999999771e-14 2.839999999999999858e+00 8.529277219999999993e-01 2.839999999999999858e+00 2.516402939999999870e-04 2.839999999999999858e+00 9.119204209999999679e-06 2.839999999999999858e+00 2.931075899999999981e-04 2.839999999999999858e+00 6.639065579999999713e-14 2.839999999999999858e+00 8.432280089999999451e-01 2.839999999999999858e+00 1.259974010000000037e-04 2.839999999999999858e+00 2.751047110000000006e-06 2.839999999999999858e+00 1.435169080000000034e-04 2.839999999999999858e+00 1.318512930000000018e-13 2.839999999999999858e+00 8.381896030000000053e-01
2.850000000000000089e+00 2.184646629999999808e-03 2.850000000000000089e+00 2.251840920000000026e-04 2.850000000000000089e+00 4.359690539999999843e-03 2.850000000000000089e+00 7.021784520000000254e-15 2.850000000000000089e+00 6.940850259999999938e-01 2.850000000000000089e+00 1.852423040000000017e-03 2.850000000000000089e+00 1.159418420000000034e-04 2.850000000000000089e+00 3.306413250000000102e-03 2.850000000000000089e+00 1.533162420000000046e-14 2.850000000000000089e+00 7.810251590000000244e-01 2.850000000000000089e+00 1.435224759999999917e-03 2.850000000000000089e+00 7.874188290000000098e-05 2.850000000000000089e+00 2.319739840000000029e-03 2.850000000000000089e+00 3.063412160000000060e-14 2.850000000000000089e+00 7.579586130000000033e-01 2.850000000000000089e+00 9.804374190000000790e-04 2.850000000000000089e+00 8.133398899999999402e-05 2.850000000000000089e+00 1.456462489999999941e-03 2.850000000000000089e+00 6.203397090000000312e-14 2.850000000000000089e+00 7.396272720000000023e-01 2.850000000000000089e+00 5.791955479999999924e-04 2.850000000000000089e+00 5.484417520000000066e-05 2.850000000000000089e+00 8.172071169999999907e-04 2.850000000000000089e+00 1.250023430000000111e-13 2.850000000000000089e+00 7.286490559999999617e-01 2.850000000000000089e+00 1.189291170000000061e-03 2.850000000000000089e+00 2.542538359999999865e-04 2.850000000000000089e+00 1.955370240000000020e-03 2.850000000000000089e+00 9.698788789999999400e-15 2.850000000000000089e+00 7.988977919999999955e-01 2.850000000000000089e+00 8.426209849999999465e-04 2.850000000000000089e+00 1.005663329999999966e-04 2.850000000000000089e+00 1.168304150000000052e-03 2.850000000000000089e+00 1.688455380000000031e-14 2.850000000000000089e+00 8.584101100000000040e-01 2.850000000000000089e+00 4.846757690000000210e-04 2.850000000000000089e+00 3.224487159999999715e-05 2.850000000000000089e+00 5.991104479999999734e-04 2.850000000000000089e+00 3.347437239999999686e-14 2.850000000000000089e+00 8.529277219999999993e-01 2.850000000000000089e+00 2.521313409999999949e-04 2.850000000000000089e+00 9.491551489999999893e-06 2.850000000000000089e+00 2.956264659999999862e-04 2.850000000000000089e+00 6.639141810000000188e-14 2.850000000000000089e+00 8.432280089999999451e-01 2.850000000000000089e+00 1.263112400000000073e-04 2.850000000000000089e+00 2.883656220000000028e-06 2.850000000000000089e+00 1.447784590000000110e-04 2.850000000000000089e+00 1.318526319999999943e-13 2.850000000000000089e+00 8.381896030000000053e-01
2.859999999999999876e+00 2.183127899999999857e-03 2.859999999999999876e+00 2.267772780000000012e-04 2.859999999999999876e+00 4.381529420000000383e-03 2.859999999999999876e+00 7.022673550000000330e-15 2.859999999999999876e+00 6.940850259999999938e-01 2.859999999999999876e+00 1.850842820000000088e-03 2.859999999999999876e+00 1.176394450000000004e-04 2.859999999999999876e+00 3.324929600000000110e-03 2.859999999999999876e+00 1.533633280000000153e-14 2.859999999999999876e+00 7.810251590000000244e-01 2.859999999999999876e+00 1.433755600000000087e-03 2.859999999999999876e+00 8.124942500000000348e-05 2.859999999999999876e+00 2.334084819999999918e-03 2.859999999999999876e+00 3.064636810000000138e-14 2.859999999999999876e+00 7.579586130000000033e-01 2.859999999999999876e+00 9.776280989999999553e-04 2.859999999999999876e+00 8.614100259999999580e-05 2.859999999999999876e+00 1.466253029999999924e-03 2.859999999999999876e+00 6.204990609999999926e-14 2.859999999999999876e+00 7.396272720000000023e-01 2.859999999999999876e+00 5.768489250000000210e-04 2.859999999999999876e+00 5.865048489999999761e-05 2.859999999999999876e+00 8.229874609999999601e-04 2.859999999999999876e+00 1.250267870000000025e-13 2.859999999999999876e+00 7.286490559999999617e-01 2.859999999999999876e+00 1.187638520000000066e-03 2.859999999999999876e+00 2.579524589999999951e-04 2.859999999999999876e+00 1.967254940000000025e-03 2.859999999999999876e+00 9.699573670000000084e-15 2.859999999999999876e+00 7.988977919999999955e-01 2.859999999999999876e+00 8.422802170000000472e-04 2.859999999999999876e+00 1.029252399999999978e-04 2.859999999999999876e+00 1.176728709999999914e-03 2.859999999999999876e+00 1.688551989999999992e-14 2.859999999999999876e+00 8.584101100000000040e-01 2.859999999999999876e+00 4.851165400000000192e-04 2.859999999999999876e+00 3.330556130000000327e-05 2.859999999999999876e+00 6.039594489999999902e-04 2.859999999999999876e+00 3.347531330000000101e-14 2.859999999999999876e+00 8.529277219999999993e-01 2.859999999999999876e+00 2.526001330000000249e-04 2.859999999999999876e+00 9.885729490000000103e-06 2.859999999999999876e+00 2.981501429999999808e-04 2.859999999999999876e+00 6.639228480000000045e-14 2.859999999999999876e+00 8.432280089999999451e-01 2.859999999999999876e+00 1.266157860000000101e-04 2.859999999999999876e+00 3.025166780000000049e-06 2.859999999999999876e+00 1.460431019999999965e-04 2.859999999999999876e+00 1.318541510000000048e-13 2.859999999999999876e+00 8.381896030000000053e-01
2.870000000000000107e+00 2.181594719999999966e-03 2.870000000000000107e+00 2.283900159999999906e-04 2.870000000000000107e+00 4.403353050000000275e-03 2.870000000000000107e+00 7.023610699999999632e-15 2.870000000000000107e+00 6.940850259999999938e-01 2.870000000000000107e+00 1.849232329999999898e-03 2.870000000000000107e+00 1.193702939999999947e-04 2.870000000000000107e+00 3.343430000000000100e-03 2.870000000000000107e+00 1.534127399999999859e-14 2.870000000000000107e+00 7.810251590000000244e-01 2.870000000000000107e+00 1.432193630000000092e-03 2.870000000000000107e+00 8.386904500000000263e-05 2.870000000000000107e+00 2.348414640000000102e-03 2.870000000000000107e+00 3.065920070000000077e-14 2.870000000000000107e+00 7.579586130000000033e-01 2.870000000000000107e+00 9.745647739999999722e-04 2.870000000000000107e+00 9.124370950000000461e-05 2.870000000000000107e+00 1.476014199999999953e-03 2.870000000000000107e+00 6.206663639999999426e-14 2.870000000000000107e+00 7.396272720000000023e-01 2.870000000000000107e+00 5.743638970000000373e-04 2.870000000000000107e+00 6.259942689999999793e-05 2.870000000000000107e+00 8.287436340000000181e-04 2.870000000000000107e+00 1.250524989999999929e-13 2.870000000000000107e+00 7.286490559999999617e-01 2.870000000000000107e+00 1.185929559999999994e-03 2.870000000000000107e+00 2.617176000000000029e-04 2.870000000000000107e+00 1.979122820000000019e-03 2.870000000000000107e+00 9.700403400000000582e-15 2.870000000000000107e+00 7.988977919999999955e-01 2.870000000000000107e+00 8.418723520000000226e-04 2.870000000000000107e+00 1.053557259999999960e-04 2.870000000000000107e+00 1.185149529999999975e-03 2.870000000000000107e+00 1.688654620000000132e-14 2.870000000000000107e+00 8.584101100000000040e-01 2.870000000000000107e+00 4.855092210000000008e-04 2.870000000000000107e+00 3.441502949999999901e-05 2.870000000000000107e+00 6.088126190000000453e-04 2.870000000000000107e+00 3.347633539999999685e-14 2.870000000000000107e+00 8.529277219999999993e-01 2.870000000000000107e+00 2.530455760000000030e-04 2.870000000000000107e+00 1.030309949999999996e-05 2.870000000000000107e+00 3.006783909999999793e-04 2.870000000000000107e+00 6.639326209999999805e-14 2.870000000000000107e+00 8.432280089999999451e-01 2.870000000000000107e+00 1.269105149999999915e-04 2.870000000000000107e+00 3.176222969999999864e-06 2.870000000000000107e+00 1.473107419999999869e-04 2.870000000000000107e+00 1.318558599999999937e-13 2.870000000000000107e+00 8.381896030000000053e-01
2.879999999999999893e+00 2.180047049999999861e-03 2.879999999999999893e+00 2.300226570000000049e-04 2.879999999999999893e+00 4.425161270000000160e-03 2.879999999999999893e+00 7.024597850000000187e-15 2.879999999999999893e+00 6.940850259999999938e-01 2.879999999999999893e+00 1.847591339999999933e-03 2.879999999999999893e+00 1.211352700000000034e-04 2.879999999999999893e+00 3.361914140000000009e-03 2.879999999999999893e+00 1.534645769999999932e-14 2.879999999999999893e+00 7.810251590000000244e-01 2.879999999999999893e+00 1.430535290000000065e-03 2.879999999999999893e+00 8.660672090000000464e-05 2.879999999999999893e+00 2.362728369999999960e-03 2.879999999999999893e+00 3.067264200000000101e-14 2.879999999999999893e+00 7.579586130000000033e-01 2.879999999999999893e+00 9.712441989999999773e-04 2.879999999999999893e+00 9.664668659999999542e-05 2.879999999999999893e+00 1.485743459999999986e-03 2.879999999999999893e+00 6.208419430000000433e-14 2.879999999999999893e+00 7.396272720000000023e-01 2.879999999999999893e+00 5.717562630000000120e-04 2.879999999999999893e+00 6.667307210000000546e-05 2.879999999999999893e+00 8.344743299999999621e-04 2.879999999999999893e+00 1.250795309999999980e-13 2.879999999999999893e+00 7.286490559999999617e-01 2.879999999999999893e+00 1.184163860000000046e-03 2.879999999999999893e+00 2.655505580000000238e-04 2.879999999999999893e+00 1.990973339999999991e-03 2.879999999999999893e+00 9.701279960000000537e-15 2.879999999999999893e+00 7.988977919999999955e-01 2.879999999999999893e+00 8.413962350000000427e-04 2.879999999999999893e+00 1.078598360000000055e-04 2.879999999999999893e+00 1.193565929999999917e-03 2.879999999999999893e+00 1.688763530000000087e-14 2.879999999999999893e+00 8.584101100000000040e-01 2.879999999999999893e+00 4.858521769999999936e-04 2.879999999999999893e+00 3.557547339999999768e-05 2.879999999999999893e+00 6.136694680000000365e-04 2.879999999999999893e+00 3.347744270000000259e-14 2.879999999999999893e+00 8.529277219999999993e-01 2.879999999999999893e+00 2.534665399999999993e-04 2.879999999999999893e+00 1.074506709999999950e-05 2.879999999999999893e+00 3.032109730000000073e-04 2.879999999999999893e+00 6.639435600000000621e-14 2.879999999999999893e+00 8.432280089999999451e-01 2.879999999999999893e+00 1.271948710000000049e-04 2.879999999999999893e+00 3.337503279999999849e-06 2.879999999999999893e+00 1.485812770000000105e-04 2.879999999999999893e+00 1.318577720000000029e-13 2.879999999999999893e+00 8.381896030000000053e-01
2.890000000000000124e+00 2.178484830000000216e-03 2.890000000000000124e+00 2.316755620000000111e-04 2.890000000000000124e+00 4.446953939999999730e-03 2.890000000000000124e+00 7.025636950000000066e-15 2.890000000000000124e+00 6.940850259999999938e-01 2.890000000000000124e+00 1.845919589999999930e-03 2.890000000000000124e+00 1.229352829999999952e-04 2.890000000000000124e+00 3.380381720000000170e-03 2.890000000000000124e+00 1.535189379999999879e-14 2.890000000000000124e+00 7.810251590000000244e-01 2.890000000000000124e+00 1.428776859999999907e-03 2.890000000000000124e+00 8.946874359999999326e-05 2.890000000000000124e+00 2.377025010000000018e-03 2.890000000000000124e+00 3.068671530000000105e-14 2.890000000000000124e+00 7.579586130000000033e-01 2.890000000000000124e+00 9.676656449999999562e-04 2.890000000000000124e+00 1.023513130000000060e-04 2.890000000000000124e+00 1.495438229999999924e-03 2.890000000000000124e+00 6.210261280000000461e-14 2.890000000000000124e+00 7.396272720000000023e-01 2.890000000000000124e+00 5.690425220000000462e-04 2.890000000000000124e+00 7.085268410000000131e-05 2.890000000000000124e+00 8.401784050000000266e-04 2.890000000000000124e+00 1.251079350000000086e-13 2.890000000000000124e+00 7.286490559999999617e-01 2.890000000000000124e+00 1.182340999999999948e-03 2.890000000000000124e+00 2.694526109999999925e-04 2.890000000000000124e+00 2.002805910000000130e-03 2.890000000000000124e+00 9.702205369999999586e-15 2.890000000000000124e+00 7.988977919999999955e-01 2.890000000000000124e+00 8.408507700000000416e-04 2.890000000000000124e+00 1.104395500000000021e-04 2.890000000000000124e+00 1.201977219999999895e-03 2.890000000000000124e+00 1.688879030000000118e-14 2.890000000000000124e+00 8.584101100000000040e-01 2.890000000000000124e+00 4.861437989999999759e-04 2.890000000000000124e+00 3.678907500000000148e-05 2.890000000000000124e+00 6.185294910000000302e-04 2.890000000000000124e+00 3.347863930000000173e-14 2.890000000000000124e+00 8.529277219999999993e-01 2.890000000000000124e+00 2.538618710000000171e-04 2.890000000000000124e+00 1.121307390000000003e-05 2.890000000000000124e+00 3.057476359999999915e-04 2.890000000000000124e+00 6.639557289999999853e-14 2.890000000000000124e+00 8.432280089999999451e-01 2.890000000000000124e+00 1.274682750000000057e-04 2.890000000000000124e+00 3.509719160000000087e-06 2.890000000000000124e+00 1.498546029999999949e-04 2.890000000000000124e+00 1.318598990000000049e-13 2.890000000000000124e+00 8.381896030000000053e-01
2.899999999999999911e+00 2.176908009999999928e-03 2.899999999999999911e+00 2.333490959999999872e-04 2.899999999999999911e+00 4.468730909999999584e-03 2.899999999999999911e+00 7.026730019999999695e-15 2.899999999999999911e+00 6.940850259999999938e-01 2.899999999999999911e+00 1.844216839999999981e-03 2.899999999999999911e+00 1.247712710000000033e-04 2.899999999999999911e+00 3.398832430000000085e-03 2.899999999999999911e+00 1.535759250000000146e-14 2.899999999999999911e+00 7.810251590000000244e-01 2.899999999999999911e+00 1.426914380000000046e-03 2.899999999999999911e+00 9.246172469999999624e-05 2.899999999999999911e+00 2.391303559999999936e-03 2.899999999999999911e+00 3.070144400000000301e-14 2.899999999999999911e+00 7.579586130000000033e-01 2.899999999999999911e+00 9.638312359999999870e-04 2.899999999999999911e+00 1.083553309999999939e-04 2.899999999999999911e+00 1.505095919999999924e-03 2.899999999999999911e+00 6.212192609999999526e-14 2.899999999999999911e+00 7.396272720000000023e-01 2.899999999999999911e+00 5.662391799999999965e-04 2.899999999999999911e+00 7.511952480000000322e-05 2.899999999999999911e+00 8.458548819999999954e-04 2.899999999999999911e+00 1.251377690000000015e-13 2.899999999999999911e+00 7.286490559999999617e-01 2.899999999999999911e+00 1.180460589999999957e-03 2.899999999999999911e+00 2.734250060000000221e-04 2.899999999999999911e+00 2.014619970000000072e-03 2.899999999999999911e+00 9.703181760000000500e-15 2.899999999999999911e+00 7.988977919999999955e-01 2.899999999999999911e+00 8.402349329999999911e-04 2.899999999999999911e+00 1.130967660000000048e-04 2.899999999999999911e+00 1.210382710000000063e-03 2.899999999999999911e+00 1.689001409999999857e-14 2.899999999999999911e+00 8.584101100000000040e-01 2.899999999999999911e+00 4.863825149999999949e-04 2.899999999999999911e+00 3.805797840000000009e-05 2.899999999999999911e+00 6.233921670000000482e-04 2.899999999999999911e+00 3.347992959999999977e-14 2.899999999999999911e+00 8.529277219999999993e-01 2.899999999999999911e+00 2.542303959999999731e-04 2.899999999999999911e+00 1.170858810000000047e-05 2.899999999999999911e+00 3.082881209999999909e-04 2.899999999999999911e+00 6.639691950000000221e-14 2.899999999999999911e+00 8.432280089999999451e-01 2.899999999999999911e+00 1.277301239999999909e-04 2.899999999999999911e+00 3.693612740000000144e-06 2.899999999999999911e+00 1.511306039999999969e-04 2.899999999999999911e+00 1.318622520000000041e-13 2.899999999999999911e+00 8.381896030000000053e-01
2.910000000000000142e+00 2.175316520000000146e-03 2.910000000000000142e+00 2.350436359999999989e-04 2.910000000000000142e+00 4.490492050000000242e-03 2.910000000000000142e+00 7.027879140000000276e-15 2.910000000000000142e+00 6.940850259999999938e-01 2.910000000000000142e+00 1.842482780000000023e-03 2.910000000000000142e+00 1.266441989999999933e-04 2.910000000000000142e+00 3.417265960000000127e-03 2.910000000000000142e+00 1.536356429999999914e-14 2.910000000000000142e+00 7.810251590000000244e-01 2.910000000000000142e+00 1.424943730000000032e-03 2.910000000000000142e+00 9.559260400000000116e-05 2.910000000000000142e+00 2.405562940000000125e-03 2.910000000000000142e+00 3.071685179999999945e-14 2.910000000000000142e+00 7.579586130000000033e-01 2.910000000000000142e+00 9.597462109999999524e-04 2.910000000000000142e+00 1.146525059999999968e-04 2.910000000000000142e+00 1.514714020000000041e-03 2.910000000000000142e+00 6.214216899999999524e-14 2.910000000000000142e+00 7.396272720000000023e-01 2.910000000000000142e+00 5.633621329999999880e-04 2.910000000000000142e+00 7.945556600000000579e-05 2.910000000000000142e+00 8.515029429999999930e-04 2.910000000000000142e+00 1.251690870000000049e-13 2.910000000000000142e+00 7.286490559999999617e-01 2.910000000000000142e+00 1.178522269999999995e-03 2.910000000000000142e+00 2.774689510000000019e-04 2.910000000000000142e+00 2.026414930000000007e-03 2.910000000000000142e+00 9.704211309999999732e-15 2.910000000000000142e+00 7.988977919999999955e-01 2.910000000000000142e+00 8.395477900000000455e-04 2.910000000000000142e+00 1.158332789999999969e-04 2.910000000000000142e+00 1.218781680000000046e-03 2.910000000000000142e+00 1.689130989999999878e-14 2.910000000000000142e+00 8.584101100000000040e-01 2.910000000000000142e+00 4.865668160000000088e-04 2.910000000000000142e+00 3.938426450000000125e-05 2.910000000000000142e+00 6.282569599999999555e-04 2.910000000000000142e+00 3.348131789999999910e-14 2.910000000000000142e+00 8.529277219999999993e-01 2.910000000000000142e+00 2.545709360000000246e-04 2.910000000000000142e+00 1.223309209999999954e-05 2.910000000000000142e+00 3.108321509999999741e-04 2.910000000000000142e+00 6.639840239999999713e-14 2.910000000000000142e+00 8.432280089999999451e-01 2.910000000000000142e+00 1.279797919999999954e-04 2.910000000000000142e+00 3.889953769999999827e-06 2.910000000000000142e+00 1.524091639999999924e-04 2.910000000000000142e+00 1.318648450000000105e-13 2.910000000000000142e+00 8.381896030000000053e-01
2.919999999999999929e+00 2.173710320000000161e-03 2.919999999999999929e+00 2.367595609999999955e-04 2.919999999999999929e+00 4.512237199999999740e-03 2.919999999999999929e+00 7.029086419999999853e-15 2.919999999999999929e+00 6.940850259999999938e-01 2.919999999999999929e+00 1.840717130000000092e-03 2.919999999999999929e+00 1.285550649999999892e-04 2.919999999999999929e+00 3.435681979999999879e-03 2.919999999999999929e+00 1.536981969999999941e-14 2.919999999999999929e+00 7.810251590000000244e-01 2.919999999999999929e+00 1.422860539999999977e-03 2.919999999999999929e+00 9.886865459999999461e-05 2.919999999999999929e+00 2.419802060000000171e-03 2.919999999999999929e+00 3.073296280000000181e-14 2.919999999999999929e+00 7.579586130000000033e-01 2.919999999999999929e+00 9.554190700000000404e-04 2.919999999999999929e+00 1.212324280000000049e-04 2.919999999999999929e+00 1.524290040000000034e-03 2.919999999999999929e+00 6.216337719999999497e-14 2.919999999999999929e+00 7.396272720000000023e-01 2.919999999999999929e+00 5.604261819999999681e-04 2.919999999999999929e+00 8.384405290000000570e-05 2.919999999999999929e+00 8.571219279999999462e-04 2.919999999999999929e+00 1.252019490000000080e-13 2.919999999999999929e+00 7.286490559999999617e-01 2.919999999999999929e+00 1.176525729999999999e-03 2.919999999999999929e+00 2.815856109999999930e-04 2.919999999999999929e+00 2.038190220000000042e-03 2.919999999999999929e+00 9.705296250000000036e-15 2.919999999999999929e+00 7.988977919999999955e-01 2.919999999999999929e+00 8.387885120000000477e-04 2.919999999999999929e+00 1.186507540000000067e-04 2.919999999999999929e+00 1.227173430000000039e-03 2.919999999999999929e+00 1.689268080000000124e-14 2.919999999999999929e+00 8.584101100000000040e-01 2.919999999999999929e+00 4.866952729999999812e-04 2.919999999999999929e+00 4.076992450000000112e-05 2.919999999999999929e+00 6.331233180000000061e-04 2.919999999999999929e+00 3.348280879999999889e-14 2.919999999999999929e+00 8.529277219999999993e-01 2.919999999999999929e+00 2.548823159999999877e-04 2.919999999999999929e+00 1.278806870000000082e-05 2.919999999999999929e+00 3.133794419999999916e-04 2.919999999999999929e+00 6.640002879999999461e-14 2.919999999999999929e+00 8.432280089999999451e-01 2.919999999999999929e+00 1.282166370000000096e-04 2.919999999999999929e+00 4.099535499999999910e-06 2.919999999999999929e+00 1.536901579999999927e-04 2.919999999999999929e+00 1.318676899999999969e-13 2.919999999999999929e+00 8.381896030000000053e-01
2.930000000000000160e+00 2.172089309999999940e-03 2.930000000000000160e+00 2.384972619999999868e-04 2.930000000000000160e+00 4.533966210000000413e-03 2.930000000000000160e+00 7.030354039999999610e-15 2.930000000000000160e+00 6.940850259999999938e-01 2.930000000000000160e+00 1.838919569999999948e-03 2.930000000000000160e+00 1.305048970000000032e-04 2.930000000000000160e+00 3.454080190000000106e-03 2.930000000000000160e+00 1.537636970000000027e-14 2.930000000000000160e+00 7.810251590000000244e-01 2.930000000000000160e+00 1.420660270000000027e-03 2.930000000000000160e+00 1.022974850000000000e-04 2.930000000000000160e+00 2.434019759999999939e-03 2.930000000000000160e+00 3.074980099999999946e-14 2.930000000000000160e+00 7.579586130000000033e-01 2.930000000000000160e+00 9.508615860000000459e-04 2.930000000000000160e+00 1.280804870000000126e-04 2.930000000000000160e+00 1.533821629999999967e-03 2.930000000000000160e+00 6.218558700000000371e-14 2.930000000000000160e+00 7.396272720000000023e-01 2.930000000000000160e+00 5.574446959999999679e-04 2.930000000000000160e+00 8.826989419999999335e-05 2.930000000000000160e+00 8.627113149999999890e-04 2.930000000000000160e+00 1.252364129999999877e-13 2.930000000000000160e+00 7.286490559999999617e-01 2.930000000000000160e+00 1.174470690000000003e-03 2.930000000000000160e+00 2.857760920000000215e-04 2.930000000000000160e+00 2.049945249999999934e-03 2.930000000000000160e+00 9.706438909999999414e-15 2.930000000000000160e+00 7.988977919999999955e-01 2.930000000000000160e+00 8.379563910000000079e-04 2.930000000000000160e+00 1.215507089999999995e-04 2.930000000000000160e+00 1.235557210000000003e-03 2.930000000000000160e+00 1.689413029999999902e-14 2.930000000000000160e+00 8.584101100000000040e-01 2.930000000000000160e+00 4.867665649999999866e-04 2.930000000000000160e+00 4.221683099999999682e-05 2.930000000000000160e+00 6.379906749999999680e-04 2.930000000000000160e+00 3.348440700000000144e-14 2.930000000000000160e+00 8.529277219999999993e-01 2.930000000000000160e+00 2.551633769999999942e-04 2.930000000000000160e+00 1.337498550000000019e-05 2.930000000000000160e+00 3.159296959999999873e-04 2.930000000000000160e+00 6.640180590000000598e-14 2.930000000000000160e+00 8.432280089999999451e-01 2.930000000000000160e+00 1.284400029999999983e-04 2.930000000000000160e+00 4.323169539999999581e-06 2.930000000000000160e+00 1.549734519999999914e-04 2.930000000000000160e+00 1.318708019999999919e-13 2.930000000000000160e+00 8.381896030000000053e-01
2.939999999999999947e+00 2.170453440000000116e-03 2.939999999999999947e+00 2.402571370000000086e-04 2.939999999999999947e+00 4.555678930000000258e-03 2.939999999999999947e+00 7.031684249999999931e-15 2.939999999999999947e+00 6.940850259999999938e-01 2.939999999999999947e+00 1.837089749999999905e-03 2.939999999999999947e+00 1.324947550000000009e-04 2.939999999999999947e+00 3.472460269999999918e-03 2.939999999999999947e+00 1.538322529999999976e-14 2.939999999999999947e+00 7.810251590000000244e-01 2.939999999999999947e+00 1.418338139999999982e-03 2.939999999999999947e+00 1.058870379999999950e-04 2.939999999999999947e+00 2.448214859999999805e-03 2.939999999999999947e+00 3.076739069999999750e-14 2.939999999999999947e+00 7.579586130000000033e-01 2.939999999999999947e+00 9.460886630000000467e-04 2.939999999999999947e+00 1.351780560000000056e-04 2.939999999999999947e+00 1.543306549999999902e-03 2.939999999999999947e+00 6.220883560000000212e-14 2.939999999999999947e+00 7.396272720000000023e-01 2.939999999999999947e+00 5.544294219999999947e-04 2.939999999999999947e+00 9.271988019999999483e-05 2.939999999999999947e+00 8.682707099999999612e-04 2.939999999999999947e+00 1.252725419999999895e-13 2.939999999999999947e+00 7.286490559999999617e-01 2.939999999999999947e+00 1.172356899999999922e-03 2.939999999999999947e+00 2.900414379999999813e-04 2.939999999999999947e+00 2.061679439999999832e-03 2.939999999999999947e+00 9.707641690000000589e-15 2.939999999999999947e+00 7.988977919999999955e-01 2.939999999999999947e+00 8.370508570000000353e-04 2.939999999999999947e+00 1.245344890000000084e-04 2.939999999999999947e+00 1.243932309999999956e-03 2.939999999999999947e+00 1.689566170000000098e-14 2.939999999999999947e+00 8.584101100000000040e-01 2.939999999999999947e+00 4.867794969999999751e-04 2.939999999999999947e+00 4.372670850000000259e-05 2.939999999999999947e+00 6.428584539999999785e-04 2.939999999999999947e+00 3.348611749999999956e-14 2.939999999999999947e+00 8.529277219999999993e-01 2.939999999999999947e+00 2.554129949999999817e-04 2.939999999999999947e+00 1.399527680000000019e-05 2.939999999999999947e+00 3.184826049999999993e-04 2.939999999999999947e+00 6.640374119999999518e-14 2.939999999999999947e+00 8.432280089999999451e-01 2.939999999999999947e+00 1.286492239999999937e-04 2.939999999999999947e+00 4.561679560000000272e-06 2.939999999999999947e+00 1.562589099999999896e-04 2.939999999999999947e+00 1.318741929999999936e-13 2.939999999999999947e+00 8.381896030000000053e-01
2.950000000000000178e+00 2.168802609999999787e-03 2.950000000000000178e+00 2.420395909999999878e-04 2.950000000000000178e+00 4.577375229999999795e-03 2.950000000000000178e+00 7.033079349999999613e-15 2.950000000000000178e+00 6.940850259999999938e-01 2.950000000000000178e+00 1.835227310000000101e-03 2.950000000000000178e+00 1.345257330000000022e-04 2.950000000000000178e+00 3.490821879999999808e-03 2.950000000000000178e+00 1.539039769999999901e-14 2.950000000000000178e+00 7.810251590000000244e-01 2.950000000000000178e+00 1.415889200000000105e-03 2.950000000000000178e+00 1.096455869999999970e-04 2.950000000000000178e+00 2.462386100000000036e-03 2.950000000000000178e+00 3.078575589999999791e-14 2.950000000000000178e+00 7.579586130000000033e-01 2.950000000000000178e+00 9.411180260000000155e-04 2.950000000000000178e+00 1.425028730000000069e-04 2.950000000000000178e+00 1.552742740000000047e-03 2.950000000000000178e+00 6.223316049999999923e-14 2.950000000000000178e+00 7.396272720000000023e-01 2.950000000000000178e+00 5.513904249999999462e-04 2.950000000000000178e+00 9.718274879999999789e-05 2.950000000000000178e+00 8.737998250000000378e-04 2.950000000000000178e+00 1.253103960000000026e-13 2.950000000000000178e+00 7.286490559999999617e-01 2.950000000000000178e+00 1.170184209999999923e-03 2.950000000000000178e+00 2.943826150000000241e-04 2.950000000000000178e+00 2.073392189999999965e-03 2.950000000000000178e+00 9.708907059999999963e-15 2.950000000000000178e+00 7.988977919999999955e-01 2.950000000000000178e+00 8.360714919999999569e-04 2.950000000000000178e+00 1.276032420000000134e-04 2.950000000000000178e+00 1.252297980000000076e-03 2.950000000000000178e+00 1.689727860000000017e-14 2.950000000000000178e+00 8.584101100000000040e-01 2.950000000000000178e+00 4.867330240000000024e-04 2.950000000000000178e+00 4.530110410000000158e-05 2.950000000000000178e+00 6.477260670000000017e-04 2.950000000000000178e+00 3.348794520000000182e-14 2.950000000000000178e+00 8.529277219999999993e-01 2.950000000000000178e+00 2.556300909999999790e-04 2.950000000000000178e+00 1.465032469999999954e-05 2.950000000000000178e+00 3.210378480000000093e-04 2.950000000000000178e+00 6.640584250000000498e-14 2.950000000000000178e+00 8.432280089999999451e-01 2.950000000000000178e+00 1.288436359999999925e-04 2.950000000000000178e+00 4.815893829999999772e-06 2.950000000000000178e+00 1.575463869999999976e-04 2.950000000000000178e+00 1.318778789999999989e-13 2.950000000000000178e+00 8.381896030000000053e-01
2.959999999999999964e+00 2.167136750000000101e-03 2.959999999999999964e+00 2.438450390000000006e-04 2.959999999999999964e+00 4.599054939999999703e-03 2.959999999999999964e+00 7.034541669999999815e-15 2.959999999999999964e+00 6.940850259999999938e-01 2.959999999999999964e+00 1.833331890000000023e-03 2.959999999999999964e+00 1.365989599999999950e-04 2.959999999999999964e+00 3.509164700000000185e-03 2.959999999999999964e+00 1.539789819999999914e-14 2.959999999999999964e+00 7.810251590000000244e-01 2.959999999999999964e+00 1.413308280000000021e-03 2.959999999999999964e+00 1.135817280000000004e-04 2.959999999999999964e+00 2.476532200000000107e-03 2.959999999999999964e+00 3.080492069999999952e-14 2.959999999999999964e+00 7.579586130000000033e-01 2.959999999999999964e+00 9.359697709999999921e-04 2.959999999999999964e+00 1.500296289999999901e-04 2.959999999999999964e+00 1.562128320000000107e-03 2.959999999999999964e+00 6.225860000000000393e-14 2.959999999999999964e+00 7.396272720000000023e-01 2.959999999999999964e+00 5.483361379999999530e-04 2.959999999999999964e+00 1.016491320000000032e-04 2.959999999999999964e+00 8.792984670000000141e-04 2.959999999999999964e+00 1.253500400000000090e-13 2.959999999999999964e+00 7.286490559999999617e-01 2.959999999999999964e+00 1.167952479999999913e-03 2.959999999999999964e+00 2.988005059999999827e-04 2.959999999999999964e+00 2.085082920000000048e-03 2.959999999999999964e+00 9.710237550000000233e-15 2.959999999999999964e+00 7.988977919999999955e-01 2.959999999999999964e+00 8.350180470000000089e-04 2.959999999999999964e+00 1.307578989999999943e-04 2.959999999999999964e+00 1.260653490000000028e-03 2.959999999999999964e+00 1.689898479999999906e-14 2.959999999999999964e+00 8.584101100000000040e-01 2.959999999999999964e+00 4.866262750000000252e-04 2.959999999999999964e+00 4.694135880000000220e-05 2.959999999999999964e+00 6.525929140000000499e-04 2.959999999999999964e+00 3.348989539999999780e-14 2.959999999999999964e+00 8.529277219999999993e-01 2.959999999999999964e+00 2.558136520000000224e-04 2.959999999999999964e+00 1.534143870000000039e-05 2.959999999999999964e+00 3.235950949999999806e-04 2.959999999999999964e+00 6.640811779999999607e-14 2.959999999999999964e+00 8.432280089999999451e-01 2.959999999999999964e+00 1.290225780000000069e-04 2.959999999999999964e+00 5.086636689999999612e-06 2.959999999999999964e+00 1.588357319999999953e-04 2.959999999999999964e+00 1.318818750000000115e-13 2.959999999999999964e+00 8.381896030000000053e-01
2.970000000000000195e+00 2.165455760000000156e-03 2.970000000000000195e+00 2.456739019999999913e-04 2.970000000000000195e+00 4.620717909999999713e-03 2.970000000000000195e+00 7.036073630000000100e-15 2.970000000000000195e+00 6.940850259999999938e-01 2.970000000000000195e+00 1.831403070000000048e-03 2.970000000000000195e+00 1.387155989999999943e-04 2.970000000000000195e+00 3.527488410000000161e-03 2.970000000000000195e+00 1.540573810000000127e-14 2.970000000000000195e+00 7.810251590000000244e-01 2.970000000000000195e+00 1.410590040000000035e-03 2.970000000000000195e+00 1.177043620000000002e-04 2.970000000000000195e+00 2.490651810000000209e-03 2.970000000000000195e+00 3.082490900000000116e-14 2.970000000000000195e+00 7.579586130000000033e-01 2.970000000000000195e+00 9.306657749999999469e-04 2.970000000000000195e+00 1.577307110000000009e-04 2.970000000000000195e+00 1.571461620000000033e-03 2.970000000000000195e+00 6.228519270000000296e-14 2.970000000000000195e+00 7.396272720000000023e-01 2.970000000000000195e+00 5.452734710000000512e-04 2.970000000000000195e+00 1.061114170000000017e-04 2.970000000000000195e+00 8.847665200000000285e-04 2.970000000000000195e+00 1.253915400000000094e-13 2.970000000000000195e+00 7.286490559999999617e-01 2.970000000000000195e+00 1.165661670000000052e-03 2.970000000000000195e+00 3.032958960000000270e-04 2.970000000000000195e+00 2.096751039999999837e-03 2.970000000000000195e+00 9.711635779999999352e-15 2.970000000000000195e+00 7.988977919999999955e-01 2.970000000000000195e+00 8.338904520000000372e-04 2.970000000000000195e+00 1.339991500000000128e-04 2.970000000000000195e+00 1.268998099999999948e-03 2.970000000000000195e+00 1.690078400000000014e-14 2.970000000000000195e+00 8.584101100000000040e-01 2.970000000000000195e+00 4.864585729999999840e-04 2.970000000000000195e+00 4.864857950000000099e-05 2.970000000000000195e+00 6.574583890000000510e-04 2.970000000000000195e+00 3.349197340000000233e-14 2.970000000000000195e+00 8.529277219999999993e-01 2.970000000000000195e+00 2.559627459999999871e-04 2.970000000000000195e+00 1.606983439999999929e-05 2.970000000000000195e+00 3.261540060000000249e-04 2.970000000000000195e+00 6.641057529999999854e-14 2.970000000000000195e+00 8.432280089999999451e-01 2.970000000000000195e+00 1.291854019999999969e-04 2.970000000000000195e+00 5.374718909999999747e-06 2.970000000000000195e+00 1.601267849999999987e-04 2.970000000000000195e+00 1.318861970000000033e-13 2.970000000000000195e+00 8.381896030000000053e-01
2.979999999999999982e+00 2.163759549999999879e-03 2.979999999999999982e+00 2.475266130000000186e-04 2.979999999999999982e+00 4.642364000000000386e-03 2.979999999999999982e+00 7.037677680000000028e-15 2.979999999999999982e+00 6.940850259999999938e-01 2.979999999999999982e+00 1.829440459999999999e-03 2.979999999999999982e+00 1.408768500000000029e-04 2.979999999999999982e+00 3.545792649999999872e-03 2.979999999999999982e+00 1.541392910000000015e-14 2.979999999999999982e+00 7.810251590000000244e-01 2.979999999999999982e+00 1.407728970000000045e-03 2.979999999999999982e+00 1.220226760000000008e-04 2.979999999999999982e+00 2.504743529999999864e-03 2.979999999999999982e+00 3.084574410000000180e-14 2.979999999999999982e+00 7.579586130000000033e-01 2.979999999999999982e+00 9.252290370000000293e-04 2.979999999999999982e+00 1.655770680000000032e-04 2.979999999999999982e+00 1.580741189999999982e-03 2.979999999999999982e+00 6.231297759999999560e-14 2.979999999999999982e+00 7.396272720000000023e-01 2.979999999999999982e+00 5.422079769999999530e-04 2.979999999999999982e+00 1.105635589999999941e-04 2.979999999999999982e+00 8.902039269999999834e-04 2.979999999999999982e+00 1.254349599999999922e-13 2.979999999999999982e+00 7.286490559999999617e-01 2.979999999999999982e+00 1.163311800000000045e-03 2.979999999999999982e+00 3.078694600000000080e-04 2.979999999999999982e+00 2.108395959999999954e-03 2.979999999999999982e+00 9.713104449999999988e-15 2.979999999999999982e+00 7.988977919999999955e-01 2.979999999999999982e+00 8.326888329999999720e-04 2.979999999999999982e+00 1.373274279999999923e-04 2.979999999999999982e+00 1.277331050000000056e-03 2.979999999999999982e+00 1.690268009999999956e-14 2.979999999999999982e+00 8.584101100000000040e-01 2.979999999999999982e+00 4.862294530000000020e-04 2.979999999999999982e+00 5.042361459999999740e-05 2.979999999999999982e+00 6.623218809999999526e-04 2.979999999999999982e+00 3.349418500000000174e-14 2.979999999999999982e+00 8.529277219999999993e-01 2.979999999999999982e+00 2.560765390000000071e-04 2.979999999999999982e+00 1.683661239999999996e-05 2.979999999999999982e+00 3.287142320000000189e-04 2.979999999999999982e+00 6.641322379999999817e-14 2.979999999999999982e+00 8.432280089999999451e-01 2.979999999999999982e+00 1.293314819999999974e-04 2.979999999999999982e+00 5.680927170000000198e-06 2.979999999999999982e+00 1.614193840000000045e-04 2.979999999999999982e+00 1.318908590000000096e-13 2.979999999999999982e+00 8.381896030000000053e-01
2.990000000000000213e+00 2.162048010000000142e-03 2.990000000000000213e+00 2.494036119999999777e-04 2.990000000000000213e+00 4.663993049999999758e-03 2.990000000000000213e+00 7.039356309999999939e-15 2.990000000000000213e+00 6.940850259999999938e-01 2.990000000000000213e+00 1.827443590000000020e-03 2.990000000000000213e+00 1.430839520000000030e-04 2.990000000000000213e+00 3.564077100000000164e-03 2.990000000000000213e+00 1.542248260000000002e-14 2.990000000000000213e+00 7.810251590000000244e-01 2.990000000000000213e+00 1.404719389999999979e-03 2.990000000000000213e+00 1.265461160000000017e-04 2.990000000000000213e+00 2.518805890000000176e-03 2.990000000000000213e+00 3.086744910000000045e-14 2.990000000000000213e+00 7.579586130000000033e-01 2.990000000000000213e+00 9.196829680000000434e-04 2.990000000000000213e+00 1.735391100000000008e-04 2.990000000000000213e+00 1.589965839999999938e-03 2.990000000000000213e+00 6.234199399999999686e-14 2.990000000000000213e+00 7.396272720000000023e-01 2.990000000000000213e+00 5.391440319999999536e-04 2.990000000000000213e+00 1.150008699999999966e-04 2.990000000000000213e+00 8.956106849999999992e-04 2.990000000000000213e+00 1.254803670000000023e-13 2.990000000000000213e+00 7.286490559999999617e-01 2.990000000000000213e+00 1.160902990000000062e-03 2.990000000000000213e+00 3.125217580000000188e-04 2.990000000000000213e+00 2.120017080000000196e-03 2.990000000000000213e+00 9.714646340000000063e-15 2.990000000000000213e+00 7.988977919999999955e-01 2.990000000000000213e+00 8.314135190000000166e-04 2.990000000000000213e+00 1.407428929999999980e-04 2.990000000000000213e+00 1.285651629999999936e-03 2.990000000000000213e+00 1.690467709999999973e-14 2.990000000000000213e+00 8.584101100000000040e-01 2.990000000000000213e+00 4.859386770000000003e-04 2.990000000000000213e+00 5.226703259999999663e-05 2.990000000000000213e+00 6.671827730000000518e-04 2.990000000000000213e+00 3.349653569999999819e-14 2.990000000000000213e+00 8.529277219999999993e-01 2.990000000000000213e+00 2.561543150000000161e-04 2.990000000000000213e+00 1.764273740000000065e-05 2.990000000000000213e+00 3.312754169999999757e-04 2.990000000000000213e+00 6.641607199999999656e-14 2.990000000000000213e+00 8.432280089999999451e-01 2.990000000000000213e+00 1.294602249999999926e-04 2.990000000000000213e+00 6.006012739999999807e-06 2.990000000000000213e+00 1.627133569999999953e-04 2.990000000000000213e+00 1.318958800000000081e-13 2.990000000000000213e+00 8.381896030000000053e-01
3.000000000000000000e+00 2.160321040000000043e-03 3.000000000000000000e+00 2.513053469999999758e-04 3.000000000000000000e+00 4.685604910000000164e-03 3.000000000000000000e+00 7.041112090000000159e-15 3.000000000000000000e+00 6.940850259999999938e-01 3.000000000000000000e+00 1.825412030000000095e-03 3.000000000000000000e+00 1.453381830000000108e-04 3.000000000000000000e+00 3.582341409999999834e-03 3.000000000000000000e+00 1.543140999999999884e-14 3.000000000000000000e+00 7.810251590000000244e-01 3.000000000000000000e+00 1.401555519999999949e-03 3.000000000000000000e+00 1.312843460000000120e-04 3.000000000000000000e+00 2.532837400000000159e-03 3.000000000000000000e+00 3.089004639999999937e-14 3.000000000000000000e+00 7.579586130000000033e-01 3.000000000000000000e+00 9.140507060000000166e-04 3.000000000000000000e+00 1.815876059999999991e-04 3.000000000000000000e+00 1.599134569999999993e-03 3.000000000000000000e+00 6.237228130000000597e-14 3.000000000000000000e+00 7.396272720000000023e-01 3.000000000000000000e+00 5.360850159999999915e-04 3.000000000000000000e+00 1.194198019999999968e-04 3.000000000000000000e+00 9.009868249999999522e-04 3.000000000000000000e+00 1.255278299999999957e-13 3.000000000000000000e+00 7.286490559999999617e-01 3.000000000000000000e+00 1.158435410000000073e-03 3.000000000000000000e+00 3.172532179999999757e-04 3.000000000000000000e+00 2.131613819999999843e-03 3.000000000000000000e+00 9.716264280000000646e-15 3.000000000000000000e+00 7.988977919999999955e-01 3.000000000000000000e+00 8.300650469999999769e-04 3.000000000000000000e+00 1.442454179999999955e-04 3.000000000000000000e+00 1.293959080000000022e-03 3.000000000000000000e+00 1.690677929999999990e-14 3.000000000000000000e+00 8.584101100000000040e-01 3.000000000000000000e+00 4.855862470000000251e-04 3.000000000000000000e+00 5.417910480000000153e-05 3.000000000000000000e+00 6.720404489999999911e-04 3.000000000000000000e+00 3.349903149999999692e-14 3.000000000000000000e+00 8.529277219999999993e-01 3.000000000000000000e+00 2.561954849999999824e-04 3.000000000000000000e+00 1.848901869999999915e-05 3.000000000000000000e+00 3.338371959999999984e-04 3.000000000000000000e+00 6.641912910000000467e-14 3.000000000000000000e+00 8.432280089999999451e-01 3.000000000000000000e+00 1.295710760000000046e-04 3.000000000000000000e+00 6.350679729999999981e-06 3.000000000000000000e+00 1.640085289999999927e-04 3.000000000000000000e+00 1.319012750000000023e-13 3.000000000000000000e+00 8.381896030000000053e-01
3.009999999999999787e+00 2.158578539999999983e-03 3.009999999999999787e+00 2.532322790000000141e-04 3.009999999999999787e+00 4.707199419999999641e-03 3.009999999999999787e+00 7.042947590000000226e-15 3.009999999999999787e+00 6.940850259999999938e-01 3.009999999999999787e+00 1.823345270000000093e-03 3.009999999999999787e+00 1.476408599999999951e-04 3.009999999999999787e+00 3.600585219999999885e-03 3.009999999999999787e+00 1.544072290000000083e-14 3.009999999999999787e+00 7.810251590000000244e-01 3.009999999999999787e+00 1.398231470000000070e-03 3.009999999999999787e+00 1.362472079999999940e-04 3.009999999999999787e+00 2.546836470000000095e-03 3.009999999999999787e+00 3.091355780000000095e-14 3.009999999999999787e+00 7.579586130000000033e-01 3.009999999999999787e+00 9.083544909999999870e-04 3.009999999999999787e+00 1.896944920000000027e-04 3.009999999999999787e+00 1.608246640000000069e-03 3.009999999999999787e+00 6.240387899999999372e-14 3.009999999999999787e+00 7.396272720000000023e-01 3.009999999999999787e+00 5.330334850000000447e-04 3.009999999999999787e+00 1.238177490000000130e-04 3.009999999999999787e+00 9.063324100000000241e-04 3.009999999999999787e+00 1.255774180000000040e-13 3.009999999999999787e+00 7.286490559999999617e-01 3.009999999999999787e+00 1.155909359999999966e-03 3.009999999999999787e+00 3.220641310000000169e-04 3.009999999999999787e+00 2.143185599999999913e-03 3.009999999999999787e+00 9.717961189999999632e-15 3.009999999999999787e+00 7.988977919999999955e-01 3.009999999999999787e+00 8.286441709999999841e-04 3.009999999999999787e+00 1.478345789999999983e-04 3.009999999999999787e+00 1.302252689999999899e-03 3.009999999999999787e+00 1.690899099999999929e-14 3.009999999999999787e+00 8.584101100000000040e-01 3.009999999999999787e+00 4.851724139999999950e-04 3.009999999999999787e+00 5.615979350000000283e-05 3.009999999999999787e+00 6.768942929999999551e-04 3.009999999999999787e+00 3.350167869999999994e-14 3.009999999999999787e+00 8.529277219999999993e-01 3.009999999999999787e+00 2.561996079999999875e-04 3.009999999999999787e+00 1.937609269999999837e-05 3.009999999999999787e+00 3.363992029999999774e-04 3.009999999999999787e+00 6.642240459999999870e-14 3.009999999999999787e+00 8.432280089999999451e-01 3.009999999999999787e+00 1.296635320000000106e-04 3.009999999999999787e+00 6.715573119999999606e-06 3.009999999999999787e+00 1.653047169999999962e-04 3.009999999999999787e+00 1.319070639999999887e-13 3.009999999999999787e+00 8.381896030000000053e-01
3.020000000000000018e+00 2.156820370000000087e-03 3.020000000000000018e+00 2.551848760000000114e-04 3.020000000000000018e+00 4.728776429999999656e-03 3.020000000000000018e+00 7.044865469999999661e-15 3.020000000000000018e+00 6.940850259999999938e-01 3.020000000000000018e+00 1.821242810000000059e-03 3.020000000000000018e+00 1.499933420000000009e-04 3.020000000000000018e+00 3.618808189999999942e-03 3.020000000000000018e+00 1.545043260000000080e-14 3.020000000000000018e+00 7.810251590000000244e-01 3.020000000000000018e+00 1.394741290000000048e-03 3.020000000000000018e+00 1.414446590000000058e-04 3.020000000000000018e+00 2.560801469999999993e-03 3.020000000000000018e+00 3.093800399999999831e-14 3.020000000000000018e+00 7.579586130000000033e-01 3.020000000000000018e+00 9.026151289999999761e-04 3.020000000000000018e+00 1.978335599999999999e-04 3.020000000000000018e+00 1.617301509999999939e-03 3.020000000000000018e+00 6.243682640000000038e-14 3.020000000000000018e+00 7.396272720000000023e-01 3.020000000000000018e+00 5.299913300000000382e-04 3.020000000000000018e+00 1.281928630000000026e-04 3.020000000000000018e+00 9.116475259999999798e-04 3.020000000000000018e+00 1.256291979999999963e-13 3.020000000000000018e+00 7.286490559999999617e-01 3.020000000000000018e+00 1.153325209999999995e-03 3.020000000000000018e+00 3.269546370000000167e-04 3.020000000000000018e+00 2.154731820000000200e-03 3.020000000000000018e+00 9.719740089999999634e-15 3.020000000000000018e+00 7.988977919999999955e-01 3.020000000000000018e+00 8.271518629999999490e-04 3.020000000000000018e+00 1.515096519999999992e-04 3.020000000000000018e+00 1.310531730000000098e-03 3.020000000000000018e+00 1.691131660000000026e-14 3.020000000000000018e+00 8.584101100000000040e-01 3.020000000000000018e+00 4.846976800000000183e-04 3.020000000000000018e+00 5.820874500000000032e-05 3.020000000000000018e+00 6.817436939999999999e-04 3.020000000000000018e+00 3.350448340000000300e-14 3.020000000000000018e+00 8.529277219999999993e-01 3.020000000000000018e+00 2.561663979999999818e-04 3.020000000000000018e+00 2.030440749999999877e-05 3.020000000000000018e+00 3.389610639999999977e-04 3.020000000000000018e+00 6.642590840000000527e-14 3.020000000000000018e+00 8.432280089999999451e-01 3.020000000000000018e+00 1.297371509999999876e-04 3.020000000000000018e+00 7.101267039999999963e-06 3.020000000000000018e+00 1.666017370000000091e-04 3.020000000000000018e+00 1.319132640000000084e-13 3.020000000000000018e+00 8.381896030000000053e-01
3.029999999999999805e+00 2.155046419999999928e-03 3.029999999999999805e+00 2.571636140000000174e-04 3.029999999999999805e+00 4.750335770000000020e-03 3.029999999999999805e+00 7.046868390000000351e-15 3.029999999999999805e+00 6.940850259999999938e-01 3.029999999999999805e+00 1.819104140000000081e-03 3.029999999999999805e+00 1.523970330000000016e-04 3.029999999999999805e+00 3.637009960000000142e-03 3.029999999999999805e+00 1.546055019999999991e-14 3.029999999999999805e+00 7.810251590000000244e-01 3.029999999999999805e+00 1.391078999999999927e-03 3.029999999999999805e+00 1.468867049999999911e-04 3.029999999999999805e+00 2.574730720000000059e-03 3.029999999999999805e+00 3.096340489999999734e-14 3.029999999999999805e+00 7.579586130000000033e-01 3.029999999999999805e+00 8.968515949999999494e-04 3.029999999999999805e+00 2.059809779999999984e-04 3.029999999999999805e+00 1.626298860000000013e-03 3.029999999999999805e+00 6.247116249999999998e-14 3.029999999999999805e+00 7.396272720000000023e-01 3.029999999999999805e+00 5.269599099999999628e-04 3.029999999999999805e+00 1.325438969999999882e-04 3.029999999999999805e+00 9.169322719999999658e-04 3.029999999999999805e+00 1.256832420000000102e-13 3.029999999999999805e+00 7.286490559999999617e-01 3.029999999999999805e+00 1.150683439999999978e-03 3.029999999999999805e+00 3.319247179999999927e-04 3.029999999999999805e+00 2.166251909999999947e-03 3.029999999999999805e+00 9.721604040000000101e-15 3.029999999999999805e+00 7.988977919999999955e-01 3.029999999999999805e+00 8.255893080000000156e-04 3.029999999999999805e+00 1.552696090000000131e-04 3.029999999999999805e+00 1.318795489999999987e-03 3.029999999999999805e+00 1.691376059999999885e-14 3.029999999999999805e+00 8.584101100000000040e-01 3.029999999999999805e+00 4.841627960000000216e-04 3.029999999999999805e+00 6.032528960000000284e-05 3.029999999999999805e+00 6.865880460000000534e-04 3.029999999999999805e+00 3.350745239999999857e-14 3.029999999999999805e+00 8.529277219999999993e-01 3.029999999999999805e+00 2.560957330000000190e-04 3.029999999999999805e+00 2.127421129999999860e-05 3.029999999999999805e+00 3.415224059999999776e-04 3.029999999999999805e+00 6.642965040000000051e-14 3.029999999999999805e+00 8.432280089999999451e-01 3.029999999999999805e+00 1.297915579999999976e-04 3.029999999999999805e+00 7.508253490000000235e-06 3.029999999999999805e+00 1.678993959999999894e-04 3.029999999999999805e+00 1.319198939999999886e-13 3.029999999999999805e+00 8.381896030000000053e-01
3.040000000000000036e+00 2.153256569999999984e-03 3.040000000000000036e+00 2.591689840000000215e-04 3.040000000000000036e+00 4.771877300000000426e-03 3.040000000000000036e+00 7.048959060000000231e-15 3.040000000000000036e+00 6.940850259999999938e-01 3.040000000000000036e+00 1.816928680000000091e-03 3.040000000000000036e+00 1.548533770000000008e-04 3.040000000000000036e+00 3.655190149999999836e-03 3.040000000000000036e+00 1.547108669999999932e-14 3.040000000000000036e+00 7.810251590000000244e-01 3.040000000000000036e+00 1.387238689999999901e-03 3.040000000000000036e+00 1.525833230000000096e-04 3.040000000000000036e+00 2.588622459999999955e-03 3.040000000000000036e+00 3.098977919999999782e-14 3.040000000000000036e+00 7.579586130000000033e-01 3.040000000000000036e+00 8.910807559999999470e-04 3.040000000000000036e+00 2.141156470000000090e-04 3.040000000000000036e+00 1.635238520000000103e-03 3.040000000000000036e+00 6.250692609999999816e-14 3.040000000000000036e+00 7.396272720000000023e-01 3.040000000000000036e+00 5.239401669999999575e-04 3.040000000000000036e+00 1.368700680000000086e-04 3.040000000000000036e+00 9.221867629999999563e-04 3.040000000000000036e+00 1.257396180000000081e-13 3.040000000000000036e+00 7.286490559999999617e-01 3.040000000000000036e+00 1.147984639999999942e-03 3.040000000000000036e+00 3.369741899999999755e-04 3.040000000000000036e+00 2.177745300000000130e-03 3.040000000000000036e+00 9.723556190000000466e-15 3.040000000000000036e+00 7.988977919999999955e-01 3.040000000000000036e+00 8.239579010000000307e-04 3.040000000000000036e+00 1.591131239999999986e-04 3.040000000000000036e+00 1.327043279999999938e-03 3.040000000000000036e+00 1.691632780000000050e-14 3.040000000000000036e+00 8.584101100000000040e-01 3.040000000000000036e+00 4.835687579999999822e-04 3.040000000000000036e+00 6.250844679999999806e-05 3.040000000000000036e+00 6.914267530000000033e-04 3.040000000000000036e+00 3.351059220000000126e-14 3.040000000000000036e+00 8.529277219999999993e-01 3.040000000000000036e+00 2.559876640000000037e-04 3.040000000000000036e+00 2.228554419999999889e-05 3.040000000000000036e+00 3.440828540000000061e-04 3.040000000000000036e+00 6.643364120000000144e-14 3.040000000000000036e+00 8.432280089999999451e-01 3.040000000000000036e+00 1.298264550000000116e-04 3.040000000000000036e+00 7.936932189999999435e-06 3.040000000000000036e+00 1.691975029999999956e-04 3.040000000000000036e+00 1.319269730000000078e-13 3.040000000000000036e+00 8.381896030000000053e-01
3.049999999999999822e+00 2.151450669999999989e-03 3.049999999999999822e+00 2.612014829999999895e-04 3.049999999999999822e+00 4.793400849999999817e-03 3.049999999999999822e+00 7.051140210000000387e-15 3.049999999999999822e+00 6.940850259999999938e-01 3.049999999999999822e+00 1.814715869999999941e-03 3.049999999999999822e+00 1.573638679999999918e-04 3.049999999999999822e+00 3.673348409999999988e-03 3.049999999999999822e+00 1.548205270000000030e-14 3.049999999999999822e+00 7.810251590000000244e-01 3.049999999999999822e+00 1.383214520000000105e-03 3.049999999999999822e+00 1.585443550000000099e-04 3.049999999999999822e+00 2.602474879999999973e-03 3.049999999999999822e+00 3.101714419999999980e-14 3.049999999999999822e+00 7.579586130000000033e-01 3.049999999999999822e+00 8.853172329999999847e-04 3.049999999999999822e+00 2.222193839999999916e-04 3.049999999999999822e+00 1.644120499999999954e-03 3.049999999999999822e+00 6.254415510000000388e-14 3.049999999999999822e+00 7.396272720000000023e-01 3.049999999999999822e+00 5.209327230000000307e-04 3.049999999999999822e+00 1.411709550000000112e-04 3.049999999999999822e+00 9.274111170000000218e-04 3.049999999999999822e+00 1.257983959999999900e-13 3.049999999999999822e+00 7.286490559999999617e-01 3.049999999999999822e+00 1.145229499999999949e-03 3.049999999999999822e+00 3.421026939999999902e-04 3.049999999999999822e+00 2.189211410000000031e-03 3.049999999999999822e+00 9.725599750000000150e-15 3.049999999999999822e+00 7.988977919999999955e-01 3.049999999999999822e+00 8.222592410000000018e-04 3.049999999999999822e+00 1.630385830000000082e-04 3.049999999999999822e+00 1.335274420000000066e-03 3.049999999999999822e+00 1.691902300000000119e-14 3.049999999999999822e+00 8.584101100000000040e-01 3.049999999999999822e+00 4.829167939999999808e-04 3.049999999999999822e+00 6.475693649999999981e-05 3.049999999999999822e+00 6.962592280000000269e-04 3.049999999999999822e+00 3.351390990000000032e-14 3.049999999999999822e+00 8.529277219999999993e-01 3.049999999999999822e+00 2.558424150000000166e-04 3.049999999999999822e+00 2.333823470000000053e-05 3.049999999999999822e+00 3.466420350000000016e-04 3.049999999999999822e+00 6.643789160000000612e-14 3.049999999999999822e+00 8.432280089999999451e-01 3.049999999999999822e+00 1.298416300000000093e-04 3.049999999999999822e+00 8.387601680000000124e-06 3.049999999999999822e+00 1.704958600000000058e-04 3.049999999999999822e+00 1.319345229999999990e-13 3.049999999999999822e+00 8.381896030000000053e-01
3.060000000000000053e+00 2.149628590000000027e-03 3.060000000000000053e+00 2.632616209999999977e-04 3.060000000000000053e+00 4.814906259999999702e-03 3.060000000000000053e+00 7.053414590000000323e-15 3.060000000000000053e+00 6.940850259999999938e-01 3.060000000000000053e+00 1.812465099999999900e-03 3.060000000000000053e+00 1.599300450000000050e-04 3.060000000000000053e+00 3.691484349999999987e-03 3.060000000000000053e+00 1.549345870000000094e-14 3.060000000000000053e+00 7.810251590000000244e-01 3.060000000000000053e+00 1.379000839999999914e-03 3.060000000000000053e+00 1.647794110000000000e-04 3.060000000000000053e+00 2.616286120000000173e-03 3.060000000000000053e+00 3.104551610000000035e-14 3.060000000000000053e+00 7.579586130000000033e-01 3.060000000000000053e+00 8.795733729999999492e-04 3.060000000000000053e+00 2.302769510000000105e-04 3.060000000000000053e+00 1.652944929999999911e-03 3.060000000000000053e+00 6.258288690000000409e-14 3.060000000000000053e+00 7.396272720000000023e-01 3.060000000000000053e+00 5.179379559999999728e-04 3.060000000000000053e+00 1.454463990000000079e-04 3.060000000000000053e+00 9.326054599999999842e-04 3.060000000000000053e+00 1.258596460000000066e-13 3.060000000000000053e+00 7.286490559999999617e-01 3.060000000000000053e+00 1.142418830000000015e-03 3.060000000000000053e+00 3.473096969999999980e-04 3.060000000000000053e+00 2.200649700000000073e-03 3.060000000000000053e+00 9.727738010000000139e-15 3.060000000000000053e+00 7.988977919999999955e-01 3.060000000000000053e+00 8.204951150000000526e-04 3.060000000000000053e+00 1.670440909999999974e-04 3.060000000000000053e+00 1.343488249999999972e-03 3.060000000000000053e+00 1.692185110000000004e-14 3.060000000000000053e+00 8.584101100000000040e-01 3.060000000000000053e+00 4.822083529999999737e-04 3.060000000000000053e+00 6.706919640000000033e-05 3.060000000000000053e+00 7.010849000000000204e-04 3.060000000000000053e+00 3.351741250000000079e-14 3.060000000000000053e+00 8.529277219999999993e-01 3.060000000000000053e+00 2.556603809999999973e-04 3.060000000000000053e+00 2.443189970000000084e-05 3.060000000000000053e+00 3.491995799999999747e-04 3.060000000000000053e+00 6.644241279999999992e-14 3.060000000000000053e+00 8.432280089999999451e-01 3.060000000000000053e+00 1.298369580000000023e-04 3.060000000000000053e+00 8.860452230000000692e-06 3.060000000000000053e+00 1.717942689999999979e-04 3.060000000000000053e+00 1.319425650000000026e-13 3.060000000000000053e+00 8.381896030000000053e-01
3.069999999999999840e+00 2.147790189999999790e-03 3.069999999999999840e+00 2.653499169999999781e-04 3.069999999999999840e+00 4.836393369999999851e-03 3.069999999999999840e+00 7.055784980000000329e-15 3.069999999999999840e+00 6.940850259999999938e-01 3.069999999999999840e+00 1.810175750000000061e-03 3.069999999999999840e+00 1.625534939999999915e-04 3.069999999999999840e+00 3.709597580000000092e-03 3.069999999999999840e+00 1.550531459999999947e-14 3.069999999999999840e+00 7.810251590000000244e-01 3.069999999999999840e+00 1.374592210000000030e-03 3.069999999999999840e+00 1.712977349999999870e-04 3.069999999999999840e+00 2.630054250000000027e-03 3.069999999999999840e+00 3.107490889999999696e-14 3.069999999999999840e+00 7.579586130000000033e-01 3.069999999999999840e+00 8.738593199999999646e-04 3.069999999999999840e+00 2.382759640000000018e-04 3.069999999999999840e+00 1.661712070000000022e-03 3.069999999999999840e+00 6.262315779999999541e-14 3.069999999999999840e+00 7.396272720000000023e-01 3.069999999999999840e+00 5.149560609999999806e-04 3.069999999999999840e+00 1.496964400000000016e-04 3.069999999999999840e+00 9.377699189999999865e-04 3.069999999999999840e+00 1.259234380000000072e-13 3.069999999999999840e+00 7.286490559999999617e-01 3.069999999999999840e+00 1.139553539999999974e-03 3.069999999999999840e+00 3.525944799999999987e-04 3.069999999999999840e+00 2.212059609999999892e-03 3.069999999999999840e+00 9.729974319999999830e-15 3.069999999999999840e+00 7.988977919999999955e-01 3.069999999999999840e+00 8.186674890000000251e-04 3.069999999999999840e+00 1.711274950000000040e-04 3.069999999999999840e+00 1.351684109999999909e-03 3.069999999999999840e+00 1.692481729999999927e-14 3.069999999999999840e+00 8.584101100000000040e-01 3.069999999999999840e+00 4.814450790000000054e-04 3.069999999999999840e+00 6.944340329999999621e-05 3.069999999999999840e+00 7.059032120000000412e-04 3.069999999999999840e+00 3.352110760000000132e-14 3.069999999999999840e+00 8.529277219999999993e-01 3.069999999999999840e+00 2.554421239999999770e-04 3.069999999999999840e+00 2.556594950000000072e-05 3.069999999999999840e+00 3.517551219999999826e-04 3.069999999999999840e+00 6.644721629999999652e-14 3.069999999999999840e+00 8.432280089999999451e-01 3.069999999999999840e+00 1.298124090000000021e-04 3.069999999999999840e+00 9.355560769999999622e-06 3.069999999999999840e+00 1.730925330000000002e-04 3.069999999999999840e+00 1.319511189999999898e-13 3.069999999999999840e+00 8.381896030000000053e-01
3.080000000000000071e+00 2.145935319999999879e-03 3.080000000000000071e+00 2.674669009999999813e-04 3.080000000000000071e+00 4.857862010000000078e-03 3.080000000000000071e+00 7.058254169999999902e-15 3.080000000000000071e+00 6.940850259999999938e-01 3.080000000000000071e+00 1.807847150000000064e-03 3.080000000000000071e+00 1.652358519999999966e-04 3.080000000000000071e+00 3.727687730000000046e-03 3.080000000000000071e+00 1.551762970000000052e-14 3.080000000000000071e+00 7.810251590000000244e-01 3.080000000000000071e+00 1.369983570000000072e-03 3.080000000000000071e+00 1.781080700000000011e-04 3.080000000000000071e+00 2.643777300000000035e-03 3.080000000000000071e+00 3.110533539999999994e-14 3.080000000000000071e+00 7.579586130000000033e-01 3.080000000000000071e+00 8.681831580000000381e-04 3.080000000000000071e+00 2.462067030000000172e-04 3.080000000000000071e+00 1.670422240000000091e-03 3.080000000000000071e+00 6.266500299999999674e-14 3.080000000000000071e+00 7.396272720000000023e-01 3.080000000000000071e+00 5.119871000000000231e-04 3.080000000000000071e+00 1.539212570000000088e-04 3.080000000000000071e+00 9.429046240000000514e-04 3.080000000000000071e+00 1.259898379999999926e-13 3.080000000000000071e+00 7.286490559999999617e-01 3.080000000000000071e+00 1.136634670000000007e-03 3.080000000000000071e+00 3.579561410000000189e-04 3.080000000000000071e+00 2.223440589999999949e-03 3.080000000000000071e+00 9.732312110000000183e-15 3.080000000000000071e+00 7.988977919999999955e-01 3.080000000000000071e+00 8.167784889999999895e-04 3.080000000000000071e+00 1.752863980000000108e-04 3.080000000000000071e+00 1.359861389999999929e-03 3.080000000000000071e+00 1.692792680000000110e-14 3.080000000000000071e+00 8.584101100000000040e-01 3.080000000000000071e+00 4.806287979999999895e-04 3.080000000000000071e+00 7.187749980000000100e-05 3.080000000000000071e+00 7.107136249999999661e-04 3.080000000000000071e+00 3.352500269999999740e-14 3.080000000000000071e+00 8.529277219999999993e-01 3.080000000000000071e+00 2.551883669999999941e-04 3.080000000000000071e+00 2.673959679999999916e-05 3.080000000000000071e+00 3.543083039999999880e-04 3.080000000000000071e+00 6.645231399999999696e-14 3.080000000000000071e+00 8.432280089999999451e-01 3.080000000000000071e+00 1.297680469999999968e-04 3.080000000000000071e+00 9.872888120000000055e-06 3.080000000000000071e+00 1.743904510000000027e-04 3.080000000000000071e+00 1.319602079999999879e-13 3.080000000000000071e+00 8.381896030000000053e-01
3.089999999999999858e+00 2.144063810000000105e-03 3.089999999999999858e+00 2.696131160000000060e-04 3.089999999999999858e+00 4.879312020000000152e-03 3.089999999999999858e+00 7.060824930000000120e-15 3.089999999999999858e+00 6.940850259999999938e-01 3.089999999999999858e+00 1.805478639999999945e-03 3.089999999999999858e+00 1.679788089999999896e-04 3.089999999999999858e+00 3.745754390000000187e-03 3.089999999999999858e+00 1.553041319999999928e-14 3.089999999999999858e+00 7.810251590000000244e-01 3.089999999999999858e+00 1.365170250000000054e-03 3.089999999999999858e+00 1.852185019999999873e-04 3.089999999999999858e+00 2.657453240000000067e-03 3.089999999999999858e+00 3.113680620000000107e-14 3.089999999999999858e+00 7.579586130000000033e-01 3.089999999999999858e+00 8.625511060000000396e-04 3.089999999999999858e+00 2.540618620000000038e-04 3.089999999999999858e+00 1.679075880000000095e-03 3.089999999999999858e+00 6.270845629999999570e-14 3.089999999999999858e+00 7.396272720000000023e-01 3.089999999999999858e+00 5.090310400000000153e-04 3.089999999999999858e+00 1.581211289999999989e-04 3.089999999999999858e+00 9.480097039999999886e-04 3.089999999999999858e+00 1.260589149999999947e-13 3.089999999999999858e+00 7.286490559999999617e-01 3.089999999999999858e+00 1.133663349999999934e-03 3.089999999999999858e+00 3.633935950000000028e-04 3.089999999999999858e+00 2.234792130000000116e-03 3.089999999999999858e+00 9.734754840000000575e-15 3.089999999999999858e+00 7.988977919999999955e-01 3.089999999999999858e+00 8.148303809999999986e-04 3.089999999999999858e+00 1.795181910000000073e-04 3.089999999999999858e+00 1.368019490000000043e-03 3.089999999999999858e+00 1.693118490000000142e-14 3.089999999999999858e+00 8.584101100000000040e-01 3.089999999999999858e+00 4.797614869999999952e-04 3.089999999999999858e+00 7.436922269999999408e-05 3.089999999999999858e+00 7.155156180000000338e-04 3.089999999999999858e+00 3.352910560000000023e-14 3.089999999999999858e+00 8.529277219999999993e-01 3.089999999999999858e+00 2.548999789999999914e-04 3.089999999999999858e+00 2.795186969999999892e-05 3.089999999999999858e+00 3.568587739999999880e-04 3.089999999999999858e+00 6.645771810000000534e-14 3.089999999999999858e+00 8.432280089999999451e-01 3.089999999999999858e+00 1.297040319999999977e-04 3.089999999999999858e+00 1.041227859999999969e-05 3.089999999999999858e+00 1.756878279999999986e-04 3.089999999999999858e+00 1.319698559999999927e-13 3.089999999999999858e+00 8.381896030000000053e-01
3.100000000000000089e+00 2.142175510000000199e-03 3.100000000000000089e+00 2.717891160000000068e-04 3.100000000000000089e+00 4.900743229999999888e-03 3.100000000000000089e+00 7.063500059999999691e-15 3.100000000000000089e+00 6.940850259999999938e-01 3.100000000000000089e+00 1.803069499999999980e-03 3.100000000000000089e+00 1.707841039999999876e-04 3.100000000000000089e+00 3.763797169999999904e-03 3.100000000000000089e+00 1.554367330000000059e-14 3.100000000000000089e+00 7.810251590000000244e-01 3.100000000000000089e+00 1.360148139999999917e-03 3.100000000000000089e+00 1.926362969999999958e-04 3.100000000000000089e+00 2.671080010000000116e-03 3.100000000000000089e+00 3.116933000000000195e-14 3.100000000000000089e+00 7.579586130000000033e-01 3.100000000000000089e+00 8.569677340000000313e-04 3.100000000000000089e+00 2.618362589999999866e-04 3.100000000000000089e+00 1.687673430000000011e-03 3.100000000000000089e+00 6.275355000000000224e-14 3.100000000000000089e+00 7.396272720000000023e-01 3.100000000000000089e+00 5.060877800000000357e-04 3.100000000000000089e+00 1.622963949999999998e-04 3.100000000000000089e+00 9.530852870000000457e-04 3.100000000000000089e+00 1.261307339999999953e-13 3.100000000000000089e+00 7.286490559999999617e-01 3.100000000000000089e+00 1.130640820000000006e-03 3.100000000000000089e+00 3.689055739999999757e-04 3.100000000000000089e+00 2.246113689999999947e-03 3.100000000000000089e+00 9.737306060000000367e-15 3.100000000000000089e+00 7.988977919999999955e-01 3.100000000000000089e+00 8.128255540000000473e-04 3.100000000000000089e+00 1.838200690000000074e-04 3.100000000000000089e+00 1.376157810000000047e-03 3.100000000000000089e+00 1.693459719999999922e-14 3.100000000000000089e+00 8.584101100000000040e-01 3.100000000000000089e+00 4.788452510000000138e-04 3.100000000000000089e+00 7.691613520000000609e-05 3.100000000000000089e+00 7.203086919999999614e-04 3.100000000000000089e+00 3.353342430000000208e-14 3.100000000000000089e+00 8.529277219999999993e-01 3.100000000000000089e+00 2.545779650000000189e-04 3.100000000000000089e+00 2.920162739999999867e-05 3.100000000000000089e+00 3.594061909999999899e-04 3.100000000000000089e+00 6.646344139999999412e-14 3.100000000000000089e+00 8.432280089999999451e-01 3.100000000000000089e+00 1.296206169999999968e-04 3.100000000000000089e+00 1.097346200000000027e-05 3.100000000000000089e+00 1.769844669999999889e-04 3.100000000000000089e+00 1.319800869999999998e-13 3.100000000000000089e+00 8.381896030000000053e-01
3.109999999999999876e+00 2.140270249999999975e-03 3.109999999999999876e+00 2.739954640000000110e-04 3.109999999999999876e+00 4.922155469999999963e-03 3.109999999999999876e+00 7.066282329999999695e-15 3.109999999999999876e+00 6.940850259999999938e-01 3.109999999999999876e+00 1.800618990000000088e-03 3.109999999999999876e+00 1.736535320000000011e-04 3.109999999999999876e+00 3.781815640000000048e-03 3.109999999999999876e+00 1.555741759999999992e-14 3.109999999999999876e+00 7.810251590000000244e-01 3.109999999999999876e+00 1.354913770000000083e-03 3.109999999999999876e+00 2.003677169999999958e-04 3.109999999999999876e+00 2.684655489999999978e-03 3.109999999999999876e+00 3.120291309999999828e-14 3.109999999999999876e+00 7.579586130000000033e-01 3.109999999999999876e+00 8.514361959999999872e-04 3.109999999999999876e+00 2.695265359999999936e-04 3.109999999999999876e+00 1.696215399999999969e-03 3.109999999999999876e+00 6.280031440000000144e-14 3.109999999999999876e+00 7.396272720000000023e-01 3.109999999999999876e+00 5.031571770000000049e-04 3.109999999999999876e+00 1.664474360000000068e-04 3.109999999999999876e+00 9.581315020000000324e-04 3.109999999999999876e+00 1.262053600000000018e-13 3.109999999999999876e+00 7.286490559999999617e-01 3.109999999999999876e+00 1.127568449999999953e-03 3.109999999999999876e+00 3.744906309999999731e-04 3.109999999999999876e+00 2.257404780000000100e-03 3.109999999999999876e+00 9.739969330000000496e-15 3.109999999999999876e+00 7.988977919999999955e-01 3.109999999999999876e+00 8.107664959999999520e-04 3.109999999999999876e+00 1.881890680000000097e-04 3.109999999999999876e+00 1.384275820000000108e-03 3.109999999999999876e+00 1.693816909999999985e-14 3.109999999999999876e+00 8.584101100000000040e-01 3.109999999999999876e+00 4.778822960000000128e-04 3.109999999999999876e+00 7.951565940000000267e-05 3.109999999999999876e+00 7.250923670000000406e-04 3.109999999999999876e+00 3.353796720000000143e-14 3.109999999999999876e+00 8.529277219999999993e-01 3.109999999999999876e+00 2.542234469999999844e-04 3.109999999999999876e+00 3.048757919999999836e-05 3.109999999999999876e+00 3.619502250000000113e-04 3.109999999999999876e+00 6.646949690000000513e-14 3.109999999999999876e+00 8.432280089999999451e-01 3.109999999999999876e+00 1.295181419999999906e-04 3.109999999999999876e+00 1.155605829999999928e-05 3.109999999999999876e+00 1.782801770000000049e-04 3.109999999999999876e+00 1.319909250000000049e-13 3.109999999999999876e+00 8.381896030000000053e-01
3.120000000000000107e+00 2.138347860000000111e-03 3.120000000000000107e+00 2.762327389999999819e-04 3.120000000000000107e+00 4.943548580000000151e-03 3.120000000000000107e+00 7.069174489999999635e-15 3.120000000000000107e+00 6.940850259999999938e-01 3.120000000000000107e+00 1.798126360000000014e-03 3.120000000000000107e+00 1.765889430000000104e-04 3.120000000000000107e+00 3.799809410000000009e-03 3.120000000000000107e+00 1.557165319999999914e-14 3.120000000000000107e+00 7.810251590000000244e-01 3.120000000000000107e+00 1.349464419999999928e-03 3.120000000000000107e+00 2.084178440000000092e-04 3.120000000000000107e+00 2.698177559999999885e-03 3.120000000000000107e+00 3.123755970000000193e-14 3.120000000000000107e+00 7.579586130000000033e-01 3.120000000000000107e+00 8.459584529999999861e-04 3.120000000000000107e+00 2.771308579999999847e-04 3.120000000000000107e+00 1.704702329999999979e-03 3.120000000000000107e+00 6.284877799999999764e-14 3.120000000000000107e+00 7.396272720000000023e-01 3.120000000000000107e+00 5.002390589999999599e-04 3.120000000000000107e+00 1.705746519999999937e-04 3.120000000000000107e+00 9.631484729999999954e-04 3.120000000000000107e+00 1.262828539999999967e-13 3.120000000000000107e+00 7.286490559999999617e-01 3.120000000000000107e+00 1.124447669999999915e-03 3.120000000000000107e+00 3.801471450000000214e-04 3.120000000000000107e+00 2.268664899999999970e-03 3.120000000000000107e+00 9.742748310000000303e-15 3.120000000000000107e+00 7.988977919999999955e-01 3.120000000000000107e+00 8.086557739999999722e-04 3.120000000000000107e+00 1.926220869999999911e-04 3.120000000000000107e+00 1.392372970000000038e-03 3.120000000000000107e+00 1.694190649999999907e-14 3.120000000000000107e+00 8.584101100000000040e-01 3.120000000000000107e+00 4.768749039999999810e-04 3.120000000000000107e+00 8.216510920000000501e-05 3.120000000000000107e+00 7.298661900000000214e-04 3.120000000000000107e+00 3.354274270000000308e-14 3.120000000000000107e+00 8.529277219999999993e-01 3.120000000000000107e+00 2.538376489999999842e-04 3.120000000000000107e+00 3.180830549999999669e-05 3.120000000000000107e+00 3.644905559999999755e-04 3.120000000000000107e+00 6.647589810000000123e-14 3.120000000000000107e+00 8.432280089999999451e-01 3.120000000000000107e+00 1.293970340000000078e-04 3.120000000000000107e+00 1.215958369999999933e-05 3.120000000000000107e+00 1.795747679999999929e-04 3.120000000000000107e+00 1.320023949999999972e-13 3.120000000000000107e+00 8.381896030000000053e-01
3.129999999999999893e+00 2.136408150000000065e-03 3.129999999999999893e+00 2.785015290000000094e-04 3.129999999999999893e+00 4.964922370000000341e-03 3.129999999999999893e+00 7.072179259999999811e-15 3.129999999999999893e+00 6.940850259999999938e-01 3.129999999999999893e+00 1.795590809999999919e-03 3.129999999999999893e+00 1.795922450000000080e-04 3.129999999999999893e+00 3.817778029999999850e-03 3.129999999999999893e+00 1.558638600000000036e-14 3.129999999999999893e+00 7.810251590000000244e-01 3.129999999999999893e+00 1.343798239999999906e-03 3.129999999999999893e+00 2.167903779999999969e-04 3.129999999999999893e+00 2.711644059999999794e-03 3.129999999999999893e+00 3.127327159999999995e-14 3.129999999999999893e+00 7.579586130000000033e-01 3.129999999999999893e+00 8.405354919999999874e-04 3.129999999999999893e+00 2.846486420000000125e-04 3.129999999999999893e+00 1.713134760000000053e-03 3.129999999999999893e+00 6.289896689999999561e-14 3.129999999999999893e+00 7.396272720000000023e-01 3.129999999999999893e+00 4.973332399999999933e-04 3.129999999999999893e+00 1.746784510000000108e-04 3.129999999999999893e+00 9.681363239999999813e-04 3.129999999999999893e+00 1.263632769999999881e-13 3.129999999999999893e+00 7.286490559999999617e-01 3.129999999999999893e+00 1.121280039999999947e-03 3.129999999999999893e+00 3.858733319999999847e-04 3.129999999999999893e+00 2.279893570000000175e-03 3.129999999999999893e+00 9.745646640000000710e-15 3.129999999999999893e+00 7.988977919999999955e-01 3.129999999999999893e+00 8.064960100000000392e-04 3.129999999999999893e+00 1.971159250000000028e-04 3.129999999999999893e+00 1.400448770000000060e-03 3.129999999999999893e+00 1.694581529999999899e-14 3.129999999999999893e+00 8.584101100000000040e-01 3.129999999999999893e+00 4.758254049999999864e-04 3.129999999999999893e+00 8.486172269999999569e-05 3.129999999999999893e+00 7.346297250000000199e-04 3.129999999999999893e+00 3.354775939999999917e-14 3.129999999999999893e+00 8.529277219999999993e-01 3.129999999999999893e+00 2.534218770000000042e-04 3.129999999999999893e+00 3.316227919999999835e-05 3.129999999999999893e+00 3.670268780000000212e-04 3.129999999999999893e+00 6.648265900000000515e-14 3.129999999999999893e+00 8.432280089999999451e-01 3.129999999999999893e+00 1.292577920000000059e-04 3.129999999999999893e+00 1.278345969999999959e-05 3.129999999999999893e+00 1.808680570000000063e-04 3.129999999999999893e+00 1.320145249999999968e-13 3.129999999999999893e+00 8.381896030000000053e-01
3.140000000000000124e+00 2.134450950000000083e-03 3.140000000000000124e+00 2.808024370000000150e-04 3.140000000000000124e+00 4.986276680000000308e-03 3.140000000000000124e+00 7.075299329999999738e-15 3.140000000000000124e+00 6.940850259999999938e-01 3.140000000000000124e+00 1.793011510000000084e-03 3.140000000000000124e+00 1.826654039999999987e-04 3.140000000000000124e+00 3.835721079999999950e-03 3.140000000000000124e+00 1.560162129999999945e-14 3.140000000000000124e+00 7.810251590000000244e-01 3.140000000000000124e+00 1.337914410000000040e-03 3.140000000000000124e+00 2.254874599999999961e-04 3.140000000000000124e+00 2.725052800000000216e-03 3.140000000000000124e+00 3.131004779999999884e-14 3.140000000000000124e+00 7.579586130000000033e-01 3.140000000000000124e+00 8.351675109999999588e-04 3.140000000000000124e+00 2.920802960000000188e-04 3.140000000000000124e+00 1.721513229999999985e-03 3.140000000000000124e+00 6.295090499999999418e-14 3.140000000000000124e+00 7.396272720000000023e-01 3.140000000000000124e+00 4.944395270000000089e-04 3.140000000000000124e+00 1.787592369999999888e-04 3.140000000000000124e+00 9.730951780000000407e-04 3.140000000000000124e+00 1.264466860000000099e-13 3.140000000000000124e+00 7.286490559999999617e-01 3.140000000000000124e+00 1.118067169999999904e-03 3.140000000000000124e+00 3.916672499999999794e-04 3.140000000000000124e+00 2.291090349999999869e-03 3.140000000000000124e+00 9.748668029999999472e-15 3.140000000000000124e+00 7.988977919999999955e-01 3.140000000000000124e+00 8.042898620000000489e-04 3.140000000000000124e+00 2.016673010000000091e-04 3.140000000000000124e+00 1.408502739999999923e-03 3.140000000000000124e+00 1.694990119999999858e-14 3.140000000000000124e+00 8.584101100000000040e-01 3.140000000000000124e+00 4.747361510000000094e-04 3.140000000000000124e+00 8.760269339999999453e-05 3.140000000000000124e+00 7.393825650000000358e-04 3.140000000000000124e+00 3.355302639999999753e-14 3.140000000000000124e+00 8.529277219999999993e-01 3.140000000000000124e+00 2.529775009999999909e-04 3.140000000000000124e+00 3.454788880000000175e-05 3.140000000000000124e+00 3.695588980000000180e-04 3.140000000000000124e+00 6.648979369999999856e-14 3.140000000000000124e+00 8.432280089999999451e-01 3.140000000000000124e+00 1.291009860000000113e-04 3.140000000000000124e+00 1.342702250000000024e-05 3.140000000000000124e+00 1.821598650000000015e-04 3.140000000000000124e+00 1.320273399999999931e-13 3.140000000000000124e+00 8.381896030000000053e-01
3.149999999999999911e+00 2.132476050000000137e-03 3.149999999999999911e+00 2.831360769999999847e-04 3.149999999999999911e+00 5.007611329999999902e-03 3.149999999999999911e+00 7.078537329999999733e-15 3.149999999999999911e+00 6.940850259999999938e-01 3.149999999999999911e+00 1.790387619999999963e-03 3.149999999999999911e+00 1.858104430000000033e-04 3.149999999999999911e+00 3.853638109999999936e-03 3.149999999999999911e+00 1.561736339999999882e-14 3.149999999999999911e+00 7.810251590000000244e-01 3.149999999999999911e+00 1.331813170000000022e-03 3.149999999999999911e+00 2.345094780000000015e-04 3.149999999999999911e+00 2.738401619999999807e-03 3.149999999999999911e+00 3.134788509999999917e-14 3.149999999999999911e+00 7.579586130000000033e-01 3.149999999999999911e+00 8.298540970000000327e-04 3.149999999999999911e+00 2.994270019999999968e-04 3.149999999999999911e+00 1.729838289999999961e-03 3.149999999999999911e+00 6.300461310000000226e-14 3.149999999999999911e+00 7.396272720000000023e-01 3.149999999999999911e+00 4.915577280000000149e-04 3.149999999999999911e+00 1.828174069999999947e-04 3.149999999999999911e+00 9.780251540000000233e-04 3.149999999999999911e+00 1.265331360000000080e-13 3.149999999999999911e+00 7.286490559999999617e-01 3.149999999999999911e+00 1.114810769999999892e-03 3.149999999999999911e+00 3.975268119999999963e-04 3.149999999999999911e+00 2.302254770000000065e-03 3.149999999999999911e+00 9.751816210000000649e-15 3.149999999999999911e+00 7.988977919999999955e-01 3.149999999999999911e+00 8.020400029999999458e-04 3.149999999999999911e+00 2.062728920000000065e-04 3.149999999999999911e+00 1.416534419999999949e-03 3.149999999999999911e+00 1.695417049999999985e-14 3.149999999999999911e+00 8.584101100000000040e-01 3.149999999999999911e+00 4.736095000000000062e-04 3.149999999999999911e+00 9.038519910000000551e-05 3.149999999999999911e+00 7.441243239999999854e-04 3.149999999999999911e+00 3.355855279999999967e-14 3.149999999999999911e+00 8.529277219999999993e-01 3.149999999999999911e+00 2.525059390000000247e-04 3.149999999999999911e+00 3.596346009999999764e-05 3.149999999999999911e+00 3.720863369999999966e-04 3.149999999999999911e+00 6.649731710000000088e-14 3.149999999999999911e+00 8.432280089999999451e-01 3.149999999999999911e+00 1.289272440000000083e-04 3.149999999999999911e+00 1.408953480000000040e-05 3.149999999999999911e+00 1.834500199999999882e-04 3.149999999999999911e+00 1.320408699999999931e-13 3.149999999999999911e+00 8.381896030000000053e-01
3.160000000000000142e+00 2.130483270000000078e-03 3.160000000000000142e+00 2.855030780000000074e-04 3.160000000000000142e+00 5.028926139999999843e-03 3.160000000000000142e+00 7.081895840000000119e-15 3.160000000000000142e+00 6.940850259999999938e-01 3.160000000000000142e+00 1.787718250000000075e-03 3.160000000000000142e+00 1.890294499999999999e-04 3.160000000000000142e+00 3.871528679999999834e-03 3.160000000000000142e+00 1.563361540000000104e-14 3.160000000000000142e+00 7.810251590000000244e-01 3.160000000000000142e+00 1.325496009999999969e-03 3.160000000000000142e+00 2.438549020000000008e-04 3.160000000000000142e+00 2.751688349999999866e-03 3.160000000000000142e+00 3.138677719999999892e-14 3.160000000000000142e+00 7.579586130000000033e-01 3.160000000000000142e+00 8.245943670000000511e-04 3.160000000000000142e+00 3.066905200000000155e-04 3.160000000000000142e+00 1.738110489999999952e-03 3.160000000000000142e+00 6.306010939999999761e-14 3.160000000000000142e+00 7.396272720000000023e-01 3.160000000000000142e+00 4.886876559999999998e-04 3.160000000000000142e+00 1.868533410000000009e-04 3.160000000000000142e+00 9.829263710000001042e-04 3.160000000000000142e+00 1.266226759999999925e-13 3.160000000000000142e+00 7.286490559999999617e-01 3.160000000000000142e+00 1.111512629999999915e-03 3.160000000000000142e+00 4.034498000000000077e-04 3.160000000000000142e+00 2.313386419999999798e-03 3.160000000000000142e+00 9.755094930000000412e-15 3.160000000000000142e+00 7.988977919999999955e-01 3.160000000000000142e+00 7.997490990000000275e-04 3.160000000000000142e+00 2.109293520000000022e-04 3.160000000000000142e+00 1.424543400000000039e-03 3.160000000000000142e+00 1.695862929999999857e-14 3.160000000000000142e+00 8.584101100000000040e-01 3.160000000000000142e+00 4.724477880000000208e-04 3.160000000000000142e+00 9.320642789999999413e-05 3.160000000000000142e+00 7.488546380000000221e-04 3.160000000000000142e+00 3.356434799999999759e-14 3.160000000000000142e+00 8.529277219999999993e-01 3.160000000000000142e+00 2.520086339999999775e-04 3.160000000000000142e+00 3.740727800000000333e-05 3.160000000000000142e+00 3.746089309999999818e-04 3.160000000000000142e+00 6.650524429999999992e-14 3.160000000000000142e+00 8.432280089999999451e-01 3.160000000000000142e+00 1.287372399999999872e-04 3.160000000000000142e+00 1.477019709999999970e-05 3.160000000000000142e+00 1.847383560000000061e-04 3.160000000000000142e+00 1.320551440000000107e-13 3.160000000000000142e+00 8.381896030000000053e-01
3.169999999999999929e+00 2.128472389999999919e-03 3.169999999999999929e+00 2.879040800000000192e-04 3.169999999999999929e+00 5.050220939999999943e-03 3.169999999999999929e+00 7.085377359999999657e-15 3.169999999999999929e+00 6.940850259999999938e-01 3.169999999999999929e+00 1.785002489999999937e-03 3.169999999999999929e+00 1.923245739999999938e-04 3.169999999999999929e+00 3.889392319999999785e-03 3.169999999999999929e+00 1.565037959999999939e-14 3.169999999999999929e+00 7.810251590000000244e-01 3.169999999999999929e+00 1.318965679999999953e-03 3.169999999999999929e+00 2.535201299999999941e-04 3.169999999999999929e+00 2.764910829999999917e-03 3.169999999999999929e+00 3.142671540000000280e-14 3.169999999999999929e+00 7.579586130000000033e-01 3.169999999999999929e+00 8.193870980000000220e-04 3.169999999999999929e+00 3.138730289999999874e-04 3.169999999999999929e+00 1.746330350000000050e-03 3.169999999999999929e+00 6.311740879999999966e-14 3.169999999999999929e+00 7.396272720000000023e-01 3.169999999999999929e+00 4.858291319999999739e-04 3.169999999999999929e+00 1.908674050000000086e-04 3.169999999999999929e+00 9.877989459999999243e-04 3.169999999999999929e+00 1.267153549999999987e-13 3.169999999999999929e+00 7.286490559999999617e-01 3.169999999999999929e+00 1.108174559999999895e-03 3.169999999999999929e+00 4.094338769999999734e-04 3.169999999999999929e+00 2.324484889999999838e-03 3.169999999999999929e+00 9.758507919999999667e-15 3.169999999999999929e+00 7.988977919999999955e-01 3.169999999999999929e+00 7.974197940000000290e-04 3.169999999999999929e+00 2.156333439999999946e-04 3.169999999999999929e+00 1.432529280000000059e-03 3.169999999999999929e+00 1.696328369999999993e-14 3.169999999999999929e+00 8.584101100000000040e-01 3.169999999999999929e+00 4.712533129999999784e-04 3.169999999999999929e+00 9.606360229999999988e-05 3.169999999999999929e+00 7.535731699999999745e-04 3.169999999999999929e+00 3.357042149999999905e-14 3.169999999999999929e+00 8.529277219999999993e-01 3.169999999999999929e+00 2.514870459999999784e-04 3.169999999999999929e+00 3.887760679999999782e-05 3.169999999999999929e+00 3.771264290000000009e-04 3.169999999999999929e+00 6.651359079999999604e-14 3.169999999999999929e+00 8.432280089999999451e-01 3.169999999999999929e+00 1.285316889999999911e-04 3.169999999999999929e+00 1.546816039999999906e-05 3.169999999999999929e+00 1.860247129999999900e-04 3.169999999999999929e+00 1.320701899999999902e-13 3.169999999999999929e+00 8.381896030000000053e-01
3.180000000000000160e+00 2.126443200000000065e-03 3.180000000000000160e+00 2.903397390000000012e-04 3.180000000000000160e+00 5.071495530000000133e-03 3.180000000000000160e+00 7.088984320000000277e-15 3.180000000000000160e+00 6.940850259999999938e-01 3.180000000000000160e+00 1.782239379999999915e-03 3.180000000000000160e+00 1.956980280000000056e-04 3.180000000000000160e+00 3.907228569999999894e-03 3.180000000000000160e+00 1.566765700000000002e-14 3.180000000000000160e+00 7.810251590000000244e-01 3.180000000000000160e+00 1.312226330000000087e-03 3.180000000000000160e+00 2.634993640000000015e-04 3.180000000000000160e+00 2.778066960000000109e-03 3.180000000000000160e+00 3.146768799999999716e-14 3.180000000000000160e+00 7.579586130000000033e-01 3.180000000000000160e+00 8.142308229999999526e-04 3.180000000000000160e+00 3.209769939999999834e-04 3.180000000000000160e+00 1.754498400000000088e-03 3.180000000000000160e+00 6.317652309999999996e-14 3.180000000000000160e+00 7.396272720000000023e-01 3.180000000000000160e+00 4.829819870000000162e-04 3.180000000000000160e+00 1.948599439999999946e-04 3.180000000000000160e+00 9.926429919999998994e-04 3.180000000000000160e+00 1.268112139999999878e-13 3.180000000000000160e+00 7.286490559999999617e-01 3.180000000000000160e+00 1.104798470000000008e-03 3.180000000000000160e+00 4.154766000000000058e-04 3.180000000000000160e+00 2.335549790000000011e-03 3.180000000000000160e+00 9.762058949999999312e-15 3.180000000000000160e+00 7.988977919999999955e-01 3.180000000000000160e+00 7.950546929999999495e-04 3.180000000000000160e+00 2.203815570000000135e-04 3.180000000000000160e+00 1.440491680000000009e-03 3.180000000000000160e+00 1.696814019999999962e-14 3.180000000000000160e+00 8.584101100000000040e-01 3.180000000000000160e+00 4.700283220000000075e-04 3.180000000000000160e+00 9.895399950000000359e-05 3.180000000000000160e+00 7.582796030000000251e-04 3.180000000000000160e+00 3.357678310000000228e-14 3.180000000000000160e+00 8.529277219999999993e-01 3.180000000000000160e+00 2.509426280000000222e-04 3.180000000000000160e+00 4.037270819999999897e-05 3.180000000000000160e+00 3.796385960000000170e-04 3.180000000000000160e+00 6.652237280000000526e-14 3.180000000000000160e+00 8.432280089999999451e-01 3.180000000000000160e+00 1.283113340000000056e-04 3.180000000000000160e+00 1.618253850000000166e-05 3.180000000000000160e+00 1.873089400000000010e-04 3.180000000000000160e+00 1.320860390000000082e-13 3.180000000000000160e+00 8.381896030000000053e-01
3.189999999999999947e+00 2.124395490000000053e-03 3.189999999999999947e+00 2.928107229999999945e-04 3.189999999999999947e+00 5.092749740000000226e-03 3.189999999999999947e+00 7.092719029999999985e-15 3.189999999999999947e+00 6.940850259999999938e-01 3.189999999999999947e+00 1.779427959999999942e-03 3.189999999999999947e+00 1.991520900000000132e-04 3.189999999999999947e+00 3.925036950000000344e-03 3.189999999999999947e+00 1.568544739999999979e-14 3.189999999999999947e+00 7.810251590000000244e-01 3.189999999999999947e+00 1.305283530000000015e-03 3.189999999999999947e+00 2.737845219999999807e-04 3.189999999999999947e+00 2.791154680000000003e-03 3.189999999999999947e+00 3.150968070000000034e-14 3.189999999999999947e+00 7.579586130000000033e-01 3.189999999999999947e+00 8.091239190000000395e-04 3.189999999999999947e+00 3.280050539999999752e-04 3.189999999999999947e+00 1.762615130000000059e-03 3.189999999999999947e+00 6.323746039999999389e-14 3.189999999999999947e+00 7.396272720000000023e-01 3.189999999999999947e+00 4.801460620000000032e-04 3.189999999999999947e+00 1.988312860000000033e-04 3.189999999999999947e+00 9.974586230000000078e-04 3.189999999999999947e+00 1.269102920000000095e-13 3.189999999999999947e+00 7.286490559999999617e-01 3.189999999999999947e+00 1.101386260000000034e-03 3.189999999999999947e+00 4.215754400000000187e-04 3.189999999999999947e+00 2.346580740000000099e-03 3.189999999999999947e+00 9.765751730000000258e-15 3.189999999999999947e+00 7.988977919999999955e-01 3.189999999999999947e+00 7.926563470000000042e-04 3.189999999999999947e+00 2.251707330000000127e-04 3.189999999999999947e+00 1.448430259999999945e-03 3.189999999999999947e+00 1.697320509999999965e-14 3.189999999999999947e+00 8.584101100000000040e-01 3.189999999999999947e+00 4.687749960000000128e-04 3.189999999999999947e+00 1.018749680000000021e-04 3.189999999999999947e+00 7.629736420000000517e-04 3.189999999999999947e+00 3.358344279999999917e-14 3.189999999999999947e+00 8.529277219999999993e-01 3.189999999999999947e+00 2.503768189999999966e-04 3.189999999999999947e+00 4.189085859999999706e-05 3.189999999999999947e+00 3.821452099999999956e-04 3.189999999999999947e+00 6.653160660000000256e-14 3.189999999999999947e+00 8.432280089999999451e-01 3.189999999999999947e+00 1.280769359999999986e-04 3.189999999999999947e+00 1.691241930000000104e-05 3.189999999999999947e+00 1.885908929999999912e-04 3.189999999999999947e+00 1.321027240000000019e-13 3.189999999999999947e+00 8.381896030000000053e-01
3.200000000000000178e+00 2.122329029999999936e-03 3.200000000000000178e+00 2.953177159999999767e-04 3.200000000000000178e+00 5.113983380000000113e-03 3.200000000000000178e+00 7.096583719999999957e-15 3.200000000000000178e+00 6.940850259999999938e-01 3.200000000000000178e+00 1.776567200000000015e-03 3.200000000000000178e+00 2.026891049999999975e-04 3.200000000000000178e+00 3.942816959999999663e-03 3.200000000000000178e+00 1.570374949999999894e-14 3.200000000000000178e+00 7.810251590000000244e-01 3.200000000000000178e+00 1.298144310000000053e-03 3.200000000000000178e+00 2.843651869999999767e-04 3.200000000000000178e+00 2.804171979999999821e-03 3.200000000000000178e+00 3.155267639999999964e-14 3.200000000000000178e+00 7.579586130000000033e-01 3.200000000000000178e+00 8.040646689999999880e-04 3.200000000000000178e+00 3.349599429999999887e-04 3.200000000000000178e+00 1.770681039999999918e-03 3.200000000000000178e+00 6.330022510000000592e-14 3.200000000000000178e+00 7.396272720000000023e-01 3.200000000000000178e+00 4.773212109999999762e-04 3.200000000000000178e+00 2.027817380000000009e-04 3.200000000000000178e+00 1.002245950000000023e-03 3.200000000000000178e+00 1.270126229999999945e-13 3.200000000000000178e+00 7.286490559999999617e-01 3.200000000000000178e+00 1.097939899999999906e-03 3.200000000000000178e+00 4.277277940000000049e-04 3.200000000000000178e+00 2.357577400000000160e-03 3.200000000000000178e+00 9.769590000000000254e-15 3.200000000000000178e+00 7.988977919999999955e-01 3.200000000000000178e+00 7.902272400000000252e-04 3.200000000000000178e+00 2.299976800000000073e-04 3.200000000000000178e+00 1.456344700000000063e-03 3.200000000000000178e+00 1.697848479999999888e-14 3.200000000000000178e+00 8.584101100000000040e-01 3.200000000000000178e+00 4.674954389999999896e-04 3.200000000000000178e+00 1.048239440000000048e-04 3.200000000000000178e+00 7.676550149999999484e-04 3.200000000000000178e+00 3.359041069999999737e-14 3.200000000000000178e+00 8.529277219999999993e-01 3.200000000000000178e+00 2.497910310000000058e-04 3.200000000000000178e+00 4.343036289999999724e-05 3.200000000000000178e+00 3.846460659999999970e-04 3.200000000000000178e+00 6.654130920000000381e-14 3.200000000000000178e+00 8.432280089999999451e-01 3.200000000000000178e+00 1.278292670000000025e-04 3.200000000000000178e+00 1.765687649999999934e-05 3.200000000000000178e+00 1.898704349999999930e-04 3.200000000000000178e+00 1.321202769999999907e-13 3.200000000000000178e+00 8.381896030000000053e-01
3.209999999999999964e+00 2.120243600000000159e-03 3.209999999999999964e+00 2.978614159999999774e-04 3.209999999999999964e+00 5.135196259999999686e-03 3.209999999999999964e+00 7.100580479999999816e-15 3.209999999999999964e+00 6.940850259999999938e-01 3.209999999999999964e+00 1.773656069999999911e-03 3.209999999999999964e+00 2.063114849999999971e-04 3.209999999999999964e+00 3.960568119999999769e-03 3.209999999999999964e+00 1.572256060000000111e-14 3.209999999999999964e+00 7.810251590000000244e-01 3.209999999999999964e+00 1.290817130000000007e-03 3.209999999999999964e+00 2.952286120000000209e-04 3.209999999999999964e+00 2.817116939999999865e-03 3.209999999999999964e+00 3.159665500000000185e-14 3.209999999999999964e+00 7.579586130000000033e-01 3.209999999999999964e+00 7.990513189999999761e-04 3.209999999999999964e+00 3.418444170000000163e-04 3.209999999999999964e+00 1.778696580000000034e-03 3.209999999999999964e+00 6.336481780000000438e-14 3.209999999999999964e+00 7.396272720000000023e-01 3.209999999999999964e+00 4.745072979999999906e-04 3.209999999999999964e+00 2.067115899999999939e-04 3.209999999999999964e+00 1.007005079999999950e-03 3.209999999999999964e+00 1.271182349999999884e-13 3.209999999999999964e+00 7.286490559999999617e-01 3.209999999999999964e+00 1.094461340000000074e-03 3.209999999999999964e+00 4.339310030000000182e-04 3.209999999999999964e+00 2.368539429999999817e-03 3.209999999999999964e+00 9.773577430000000215e-15 3.209999999999999964e+00 7.988977919999999955e-01 3.209999999999999964e+00 7.877697810000000361e-04 3.209999999999999964e+00 2.348592900000000022e-04 3.209999999999999964e+00 1.464234710000000004e-03 3.209999999999999964e+00 1.698398589999999926e-14 3.209999999999999964e+00 8.584101100000000040e-01 3.209999999999999964e+00 4.661916700000000020e-04 3.209999999999999964e+00 1.077984589999999958e-04 3.209999999999999964e+00 7.723234699999999633e-04 3.209999999999999964e+00 3.359769729999999815e-14 3.209999999999999964e+00 8.529277219999999993e-01 3.209999999999999964e+00 2.491866369999999847e-04 3.209999999999999964e+00 4.498956719999999996e-05 3.209999999999999964e+00 3.871409689999999871e-04 3.209999999999999964e+00 6.655149780000000591e-14 3.209999999999999964e+00 8.432280089999999451e-01 3.209999999999999964e+00 1.275690979999999993e-04 3.209999999999999964e+00 1.841497969999999950e-05 3.209999999999999964e+00 1.911474370000000068e-04 3.209999999999999964e+00 1.321387299999999943e-13 3.209999999999999964e+00 8.381896030000000053e-01
3.220000000000000195e+00 2.118138940000000026e-03 3.220000000000000195e+00 3.004425350000000249e-04 3.220000000000000195e+00 5.156388189999999705e-03 3.220000000000000195e+00 7.104711289999999996e-15 3.220000000000000195e+00 6.940850259999999938e-01 3.220000000000000195e+00 1.770693490000000044e-03 3.220000000000000195e+00 2.100217109999999920e-04 3.220000000000000195e+00 3.978289910000000137e-03 3.220000000000000195e+00 1.574187690000000068e-14 3.220000000000000195e+00 7.810251590000000244e-01 3.220000000000000195e+00 1.283311870000000080e-03 3.220000000000000195e+00 3.063597630000000128e-04 3.220000000000000195e+00 2.829987730000000073e-03 3.220000000000000195e+00 3.164159409999999836e-14 3.220000000000000195e+00 7.579586130000000033e-01 3.220000000000000195e+00 7.940821129999999731e-04 3.220000000000000195e+00 3.486612099999999753e-04 3.220000000000000195e+00 1.786662210000000087e-03 3.220000000000000195e+00 6.343123520000000564e-14 3.220000000000000195e+00 7.396272720000000023e-01 3.220000000000000195e+00 4.717041999999999958e-04 3.220000000000000195e+00 2.106211109999999917e-04 3.220000000000000195e+00 1.011736129999999973e-03 3.220000000000000195e+00 1.272271499999999998e-13 3.220000000000000195e+00 7.286490559999999617e-01 3.220000000000000195e+00 1.090952579999999918e-03 3.220000000000000195e+00 4.401823660000000094e-04 3.220000000000000195e+00 2.379466519999999877e-03 3.220000000000000195e+00 9.777717639999999491e-15 3.220000000000000195e+00 7.988977919999999955e-01 3.220000000000000195e+00 7.852862939999999663e-04 3.220000000000000195e+00 2.397525509999999982e-04 3.220000000000000195e+00 1.472100010000000018e-03 3.220000000000000195e+00 1.698971479999999965e-14 3.220000000000000195e+00 8.584101100000000040e-01 3.220000000000000195e+00 4.648656169999999897e-04 3.220000000000000195e+00 1.107961509999999940e-04 3.220000000000000195e+00 7.769787740000000517e-04 3.220000000000000195e+00 3.360531310000000276e-14 3.220000000000000195e+00 8.529277219999999993e-01 3.220000000000000195e+00 2.485649669999999856e-04 3.220000000000000195e+00 4.656686889999999990e-05 3.220000000000000195e+00 3.896297410000000268e-04 3.220000000000000195e+00 6.656219019999999934e-14 3.220000000000000195e+00 8.432280089999999451e-01 3.220000000000000195e+00 1.272971959999999870e-04 3.220000000000000195e+00 1.918580379999999957e-05 3.220000000000000195e+00 1.924217780000000012e-04 3.220000000000000195e+00 1.321581180000000125e-13 3.220000000000000195e+00 8.381896030000000053e-01
3.229999999999999982e+00 2.116014820000000022e-03 3.229999999999999982e+00 3.030618020000000251e-04 3.229999999999999982e+00 5.177558970000000101e-03 3.229999999999999982e+00 7.108977960000000170e-15 3.229999999999999982e+00 6.940850259999999938e-01 3.229999999999999982e+00 1.767678329999999940e-03 3.229999999999999982e+00 2.138223340000000073e-04 3.229999999999999982e+00 3.995981820000000205e-03 3.229999999999999982e+00 1.576169309999999859e-14 3.229999999999999982e+00 7.810251590000000244e-01 3.229999999999999982e+00 1.275639739999999932e-03 3.229999999999999982e+00 3.177414370000000081e-04 3.229999999999999982e+00 2.842782619999999986e-03 3.229999999999999982e+00 3.168746839999999689e-14 3.229999999999999982e+00 7.579586130000000033e-01 3.229999999999999982e+00 7.891553230000000535e-04 3.229999999999999982e+00 3.554129899999999929e-04 3.229999999999999982e+00 1.794578360000000095e-03 3.229999999999999982e+00 6.349946979999999528e-14 3.229999999999999982e+00 7.396272720000000023e-01 3.229999999999999982e+00 4.689118040000000097e-04 3.229999999999999982e+00 2.145105560000000054e-04 3.229999999999999982e+00 1.016439199999999909e-03 3.229999999999999982e+00 1.273393849999999940e-13 3.229999999999999982e+00 7.286490559999999617e-01 3.229999999999999982e+00 1.087415580000000064e-03 3.229999999999999982e+00 4.464791600000000168e-04 3.229999999999999982e+00 2.390358390000000156e-03 3.229999999999999982e+00 9.782014200000000595e-15 3.229999999999999982e+00 7.988977919999999955e-01 3.229999999999999982e+00 7.827790110000000046e-04 3.229999999999999982e+00 2.446745609999999901e-04 3.229999999999999982e+00 1.479940359999999981e-03 3.229999999999999982e+00 1.699567799999999888e-14 3.229999999999999982e+00 8.584101100000000040e-01 3.229999999999999982e+00 4.635191139999999968e-04 3.229999999999999982e+00 1.138147710000000007e-04 3.229999999999999982e+00 7.816207139999999803e-04 3.229999999999999982e+00 3.361326879999999983e-14 3.229999999999999982e+00 8.529277219999999993e-01 3.229999999999999982e+00 2.479272980000000017e-04 3.229999999999999982e+00 4.816072439999999994e-05 3.229999999999999982e+00 3.921122150000000244e-04 3.229999999999999982e+00 6.657340459999999977e-14 3.229999999999999982e+00 8.432280089999999451e-01 3.229999999999999982e+00 1.270143160000000119e-04 3.229999999999999982e+00 1.996843700000000134e-05 3.229999999999999982e+00 1.936933439999999980e-04 3.229999999999999982e+00 1.321784769999999884e-13 3.229999999999999982e+00 8.381896030000000053e-01
3.240000000000000213e+00 2.113870989999999846e-03 3.240000000000000213e+00 3.057199599999999907e-04 3.240000000000000213e+00 5.198708419999999858e-03 3.240000000000000213e+00 7.113382159999999248e-15 3.240000000000000213e+00 6.940850259999999938e-01 3.240000000000000213e+00 1.764609469999999956e-03 3.240000000000000213e+00 2.177159769999999976e-04 3.240000000000000213e+00 4.013643299999999567e-03 3.240000000000000213e+00 1.578200279999999917e-14 3.240000000000000213e+00 7.810251590000000244e-01 3.240000000000000213e+00 1.267813210000000041e-03 3.240000000000000213e+00 3.293544149999999863e-04 3.240000000000000213e+00 2.855500009999999925e-03 3.240000000000000213e+00 3.173425019999999927e-14 3.240000000000000213e+00 7.579586130000000033e-01 3.240000000000000213e+00 7.842692739999999711e-04 3.240000000000000213e+00 3.621023370000000055e-04 3.240000000000000213e+00 1.802445449999999895e-03 3.240000000000000213e+00 6.356950990000000379e-14 3.240000000000000213e+00 7.396272720000000023e-01 3.240000000000000213e+00 4.661300080000000063e-04 3.240000000000000213e+00 2.183801599999999905e-04 3.240000000000000213e+00 1.021114399999999969e-03 3.240000000000000213e+00 1.274549489999999884e-13 3.240000000000000213e+00 7.286490559999999617e-01 3.240000000000000213e+00 1.083852319999999972e-03 3.240000000000000213e+00 4.528186500000000187e-04 3.240000000000000213e+00 2.401214750000000078e-03 3.240000000000000213e+00 9.786470609999999740e-15 3.240000000000000213e+00 7.988977919999999955e-01 3.240000000000000213e+00 7.802500679999999642e-04 3.240000000000000213e+00 2.496225290000000170e-04 3.240000000000000213e+00 1.487755519999999984e-03 3.240000000000000213e+00 1.700188219999999890e-14 3.240000000000000213e+00 8.584101100000000040e-01 3.240000000000000213e+00 4.621538970000000257e-04 3.240000000000000213e+00 1.168521860000000008e-04 3.240000000000000213e+00 7.862490939999999904e-04 3.240000000000000213e+00 3.362157520000000001e-14 3.240000000000000213e+00 8.529277219999999993e-01 3.240000000000000213e+00 2.472748519999999747e-04 3.240000000000000213e+00 4.976965569999999698e-05 3.240000000000000213e+00 3.945882379999999948e-04 3.240000000000000213e+00 6.658515950000000071e-14 3.240000000000000213e+00 8.432280089999999451e-01 3.240000000000000213e+00 1.267211919999999869e-04 3.240000000000000213e+00 2.076198770000000114e-05 3.240000000000000213e+00 1.949620300000000101e-04 3.240000000000000213e+00 1.321998419999999978e-13 3.240000000000000213e+00 8.381896030000000053e-01
3.250000000000000000e+00 2.111707190000000102e-03 3.250000000000000000e+00 3.084177679999999789e-04 3.250000000000000000e+00 5.219836329999999816e-03 3.250000000000000000e+00 7.117925390000000117e-15 3.250000000000000000e+00 6.940850259999999938e-01 3.250000000000000000e+00 1.761485709999999899e-03 3.250000000000000000e+00 2.217053309999999979e-04 3.250000000000000000e+00 4.031273820000000341e-03 3.250000000000000000e+00 1.580279820000000065e-14 3.250000000000000000e+00 7.810251590000000244e-01 3.250000000000000000e+00 1.259845820000000081e-03 3.250000000000000000e+00 3.411776839999999941e-04 3.250000000000000000e+00 2.868138420000000167e-03 3.250000000000000000e+00 3.178190920000000149e-14 3.250000000000000000e+00 7.579586130000000033e-01 3.250000000000000000e+00 7.794223569999999754e-04 3.250000000000000000e+00 3.687317200000000137e-04 3.250000000000000000e+00 1.810263880000000060e-03 3.250000000000000000e+00 6.364133960000000564e-14 3.250000000000000000e+00 7.396272720000000023e-01 3.250000000000000000e+00 4.633587199999999735e-04 3.250000000000000000e+00 2.222301440000000125e-04 3.250000000000000000e+00 1.025761839999999930e-03 3.250000000000000000e+00 1.275738489999999880e-13 3.250000000000000000e+00 7.286490559999999617e-01 3.250000000000000000e+00 1.080264719999999993e-03 3.250000000000000000e+00 4.591981049999999771e-04 3.250000000000000000e+00 2.412035350000000210e-03 3.250000000000000000e+00 9.791090249999999473e-15 3.250000000000000000e+00 7.988977919999999955e-01 3.250000000000000000e+00 7.777014999999999536e-04 3.250000000000000000e+00 2.545937899999999943e-04 3.250000000000000000e+00 1.495545289999999959e-03 3.250000000000000000e+00 1.700833369999999856e-14 3.250000000000000000e+00 8.584101100000000040e-01 3.250000000000000000e+00 4.607716039999999822e-04 3.250000000000000000e+00 1.199063760000000021e-04 3.250000000000000000e+00 7.908637350000000382e-04 3.250000000000000000e+00 3.363024319999999820e-14 3.250000000000000000e+00 8.529277219999999993e-01 3.250000000000000000e+00 2.466087909999999778e-04 3.250000000000000000e+00 5.139225439999999982e-05 3.250000000000000000e+00 3.970576670000000217e-04 3.250000000000000000e+00 6.659747400000000187e-14 3.250000000000000000e+00 8.432280089999999451e-01 3.250000000000000000e+00 1.264185390000000095e-04 3.250000000000000000e+00 2.156559040000000142e-05 3.250000000000000000e+00 1.962277360000000035e-04 3.250000000000000000e+00 1.322222509999999959e-13 3.250000000000000000e+00 8.381896030000000053e-01
3.259999999999999787e+00 2.109523140000000175e-03 3.259999999999999787e+00 3.111560029999999749e-04 3.259999999999999787e+00 5.240942489999999947e-03 3.259999999999999787e+00 7.122608949999999386e-15 3.259999999999999787e+00 6.940850259999999938e-01 3.259999999999999787e+00 1.758305840000000050e-03 3.259999999999999787e+00 2.257931630000000107e-04 3.259999999999999787e+00 4.048872830000000388e-03 3.259999999999999787e+00 1.582407010000000154e-14 3.259999999999999787e+00 7.810251590000000244e-01 3.259999999999999787e+00 1.251752050000000090e-03 3.259999999999999787e+00 3.531886990000000196e-04 3.259999999999999787e+00 2.880696500000000035e-03 3.259999999999999787e+00 3.183041300000000307e-14 3.259999999999999787e+00 7.579586130000000033e-01 3.259999999999999787e+00 7.746130360000000239e-04 3.259999999999999787e+00 3.753034900000000017e-04 3.259999999999999787e+00 1.818034019999999976e-03 3.259999999999999787e+00 6.371493860000000134e-14 3.259999999999999787e+00 7.396272720000000023e-01 3.259999999999999787e+00 4.605978559999999761e-04 3.259999999999999787e+00 2.260607169999999952e-04 3.259999999999999787e+00 1.030381610000000083e-03 3.259999999999999787e+00 1.276960790000000066e-13 3.259999999999999787e+00 7.286490559999999617e-01 3.259999999999999787e+00 1.076654729999999924e-03 3.259999999999999787e+00 4.656148149999999870e-04 3.259999999999999787e+00 2.422819970000000128e-03 3.259999999999999787e+00 9.795876440000000775e-15 3.259999999999999787e+00 7.988977919999999955e-01 3.259999999999999787e+00 7.751352420000000472e-04 3.259999999999999787e+00 2.595858010000000001e-04 3.259999999999999787e+00 1.503309489999999976e-03 3.259999999999999787e+00 1.701503909999999985e-14 3.259999999999999787e+00 8.584101100000000040e-01 3.259999999999999787e+00 4.593737769999999931e-04 3.259999999999999787e+00 1.229754440000000088e-04 3.259999999999999787e+00 7.954644750000000120e-04 3.259999999999999787e+00 3.363928399999999870e-14 3.259999999999999787e+00 8.529277219999999993e-01 3.259999999999999787e+00 2.459302179999999947e-04 3.259999999999999787e+00 5.302718459999999863e-05 3.259999999999999787e+00 3.995203719999999739e-04 3.259999999999999787e+00 6.661036739999999662e-14 3.259999999999999787e+00 8.432280089999999451e-01 3.259999999999999787e+00 1.261070429999999948e-04 3.259999999999999787e+00 2.237841039999999951e-05 3.259999999999999787e+00 1.974903709999999894e-04 3.259999999999999787e+00 1.322457400000000015e-13 3.259999999999999787e+00 8.381896030000000053e-01
3.270000000000000018e+00 2.107318579999999802e-03 3.270000000000000018e+00 3.139354560000000164e-04 3.270000000000000018e+00 5.262026720000000102e-03 3.270000000000000018e+00 7.127433960000000010e-15 3.270000000000000018e+00 6.940850259999999938e-01 3.270000000000000018e+00 1.755068609999999984e-03 3.270000000000000018e+00 2.299823100000000027e-04 3.270000000000000018e+00 4.066439750000000290e-03 3.270000000000000018e+00 1.584580810000000055e-14 3.270000000000000018e+00 7.810251590000000244e-01 3.270000000000000018e+00 1.243547110000000006e-03 3.270000000000000018e+00 3.653636880000000206e-04 3.270000000000000018e+00 2.893173089999999826e-03 3.270000000000000018e+00 3.187972710000000076e-14 3.270000000000000018e+00 7.579586130000000033e-01 3.270000000000000018e+00 7.698398599999999514e-04 3.270000000000000018e+00 3.818198730000000197e-04 3.270000000000000018e+00 1.825756260000000039e-03 3.270000000000000018e+00 6.379028249999999527e-14 3.270000000000000018e+00 7.396272720000000023e-01 3.270000000000000018e+00 4.578473429999999804e-04 3.270000000000000018e+00 2.298720699999999887e-04 3.270000000000000018e+00 1.034973829999999949e-03 3.270000000000000018e+00 1.278216309999999950e-13 3.270000000000000018e+00 7.286490559999999617e-01 3.270000000000000018e+00 1.073024199999999964e-03 3.270000000000000018e+00 4.720660979999999774e-04 3.270000000000000018e+00 2.433568379999999885e-03 3.270000000000000018e+00 9.800832339999999922e-15 3.270000000000000018e+00 7.988977919999999955e-01 3.270000000000000018e+00 7.725531269999999680e-04 3.270000000000000018e+00 2.645961479999999768e-04 3.270000000000000018e+00 1.511047940000000101e-03 3.270000000000000018e+00 1.702200469999999847e-14 3.270000000000000018e+00 8.584101100000000040e-01 3.270000000000000018e+00 4.579618599999999806e-04 3.270000000000000018e+00 1.260576059999999937e-04 3.270000000000000018e+00 8.000511639999999692e-04 3.270000000000000018e+00 3.364870879999999947e-14 3.270000000000000018e+00 8.529277219999999993e-01 3.270000000000000018e+00 2.452401700000000017e-04 3.270000000000000018e+00 5.467318439999999959e-05 3.270000000000000018e+00 4.019762330000000057e-04 3.270000000000000018e+00 6.662385940000000351e-14 3.270000000000000018e+00 8.432280089999999451e-01 3.270000000000000018e+00 1.257873610000000012e-04 3.270000000000000018e+00 2.319964679999999928e-05 3.270000000000000018e+00 1.987498500000000094e-04 3.270000000000000018e+00 1.322703490000000074e-13 3.270000000000000018e+00 8.381896030000000053e-01
3.279999999999999805e+00 2.105093220000000143e-03 3.279999999999999805e+00 3.167569380000000070e-04 3.279999999999999805e+00 5.283088800000000293e-03 3.279999999999999805e+00 7.132401340000000245e-15 3.279999999999999805e+00 6.940850259999999938e-01 3.279999999999999805e+00 1.751772740000000043e-03 3.279999999999999805e+00 2.342756829999999974e-04 3.279999999999999805e+00 4.083974009999999724e-03 3.279999999999999805e+00 1.586800069999999976e-14 3.279999999999999805e+00 7.810251590000000244e-01 3.279999999999999805e+00 1.235246759999999956e-03 3.279999999999999805e+00 3.776779909999999798e-04 3.279999999999999805e+00 2.905567129999999873e-03 3.279999999999999805e+00 3.192981479999999801e-14 3.279999999999999805e+00 7.579586130000000033e-01 3.279999999999999805e+00 7.651014610000000200e-04 3.279999999999999805e+00 3.882829619999999984e-04 3.279999999999999805e+00 1.833430939999999973e-03 3.279999999999999805e+00 6.386734229999999897e-14 3.279999999999999805e+00 7.396272720000000023e-01 3.279999999999999805e+00 4.551071129999999872e-04 3.279999999999999805e+00 2.336643849999999975e-04 3.279999999999999805e+00 1.039538590000000035e-03 3.279999999999999805e+00 1.279504879999999879e-13 3.279999999999999805e+00 7.286490559999999617e-01 3.279999999999999805e+00 1.069374990000000053e-03 3.279999999999999805e+00 4.785493149999999764e-04 3.279999999999999805e+00 2.444280389999999806e-03 3.279999999999999805e+00 9.805960979999999522e-15 3.279999999999999805e+00 7.988977919999999955e-01 3.279999999999999805e+00 7.699568829999999670e-04 3.279999999999999805e+00 2.696225430000000135e-04 3.279999999999999805e+00 1.518760500000000029e-03 3.279999999999999805e+00 1.702923689999999957e-14 3.279999999999999805e+00 8.584101100000000040e-01 3.279999999999999805e+00 4.565372050000000175e-04 3.279999999999999805e+00 1.291511910000000065e-04 3.279999999999999805e+00 8.046236690000000075e-04 3.279999999999999805e+00 3.365852870000000169e-14 3.279999999999999805e+00 8.529277219999999993e-01 3.279999999999999805e+00 2.445396269999999860e-04 3.279999999999999805e+00 5.632906589999999781e-05 3.279999999999999805e+00 4.044251400000000145e-04 3.279999999999999805e+00 6.663797029999999678e-14 3.279999999999999805e+00 8.432280089999999451e-01 3.279999999999999805e+00 1.254601220000000088e-04 3.279999999999999805e+00 2.402853580000000069e-05 3.279999999999999805e+00 2.000060930000000035e-04 3.279999999999999805e+00 1.322961180000000064e-13 3.279999999999999805e+00 8.381896030000000053e-01
3.290000000000000036e+00 2.102846780000000148e-03 3.290000000000000036e+00 3.196212730000000152e-04 3.290000000000000036e+00 5.304128509999999665e-03 3.290000000000000036e+00 7.137511779999999967e-15 3.290000000000000036e+00 6.940850259999999938e-01 3.290000000000000036e+00 1.748416899999999906e-03 3.290000000000000036e+00 2.386762640000000054e-04 3.290000000000000036e+00 4.101475000000000259e-03 3.290000000000000036e+00 1.589063500000000149e-14 3.290000000000000036e+00 7.810251590000000244e-01 3.290000000000000036e+00 1.226867049999999992e-03 3.290000000000000036e+00 3.901064169999999957e-04 3.290000000000000036e+00 2.917877760000000143e-03 3.290000000000000036e+00 3.198063779999999856e-14 3.290000000000000036e+00 7.579586130000000033e-01 3.290000000000000036e+00 7.603965560000000437e-04 3.290000000000000036e+00 3.946947239999999929e-04 3.290000000000000036e+00 1.841058399999999937e-03 3.290000000000000036e+00 6.394608499999999944e-14 3.290000000000000036e+00 7.396272720000000023e-01 3.290000000000000036e+00 4.523771070000000153e-04 3.290000000000000036e+00 2.374378329999999888e-04 3.290000000000000036e+00 1.044076010000000079e-03 3.290000000000000036e+00 1.280826249999999962e-13 3.290000000000000036e+00 7.286490559999999617e-01 3.290000000000000036e+00 1.065708880000000016e-03 3.290000000000000036e+00 4.850618790000000213e-04 3.290000000000000036e+00 2.454955820000000177e-03 3.290000000000000036e+00 9.811265240000000636e-15 3.290000000000000036e+00 7.988977919999999955e-01 3.290000000000000036e+00 7.673481420000000282e-04 3.290000000000000036e+00 2.746628299999999976e-04 3.290000000000000036e+00 1.526447040000000061e-03 3.290000000000000036e+00 1.703674169999999893e-14 3.290000000000000036e+00 8.584101100000000040e-01 3.290000000000000036e+00 4.551010749999999903e-04 3.290000000000000036e+00 1.322546410000000115e-04 3.290000000000000036e+00 8.091818699999999559e-04 3.290000000000000036e+00 3.366875520000000012e-14 3.290000000000000036e+00 8.529277219999999993e-01 3.290000000000000036e+00 2.438295030000000088e-04 3.290000000000000036e+00 5.799371469999999962e-05 3.290000000000000036e+00 4.068669930000000205e-04 3.290000000000000036e+00 6.665272040000000120e-14 3.290000000000000036e+00 8.432280089999999451e-01 3.290000000000000036e+00 1.251259200000000022e-04 3.290000000000000036e+00 2.486435200000000070e-05 3.290000000000000036e+00 2.012590290000000116e-04 3.290000000000000036e+00 1.323230859999999979e-13 3.290000000000000036e+00 8.381896030000000053e-01
3.299999999999999822e+00 2.100578950000000188e-03 3.299999999999999822e+00 3.225293070000000216e-04 3.299999999999999822e+00 5.325145659999999843e-03 3.299999999999999822e+00 7.142765730000000672e-15 3.299999999999999822e+00 6.940850259999999938e-01 3.299999999999999822e+00 1.744999759999999898e-03 3.299999999999999822e+00 2.431871100000000088e-04 3.299999999999999822e+00 4.118942139999999877e-03 3.299999999999999822e+00 1.591369699999999878e-14 3.299999999999999822e+00 7.810251590000000244e-01 3.299999999999999822e+00 1.218424100000000104e-03 3.299999999999999822e+00 4.026236090000000168e-04 3.299999999999999822e+00 2.930104260000000044e-03 3.299999999999999822e+00 3.203215600000000016e-14 3.299999999999999822e+00 7.579586130000000033e-01 3.299999999999999822e+00 7.557239460000000431e-04 3.299999999999999822e+00 4.010570010000000154e-04 3.299999999999999822e+00 1.848638980000000091e-03 3.299999999999999822e+00 6.402647329999999394e-14 3.299999999999999822e+00 7.396272720000000023e-01 3.299999999999999822e+00 4.496572730000000014e-04 3.299999999999999822e+00 2.411925720000000089e-04 3.299999999999999822e+00 1.048586169999999977e-03 3.299999999999999822e+00 1.282180120000000125e-13 3.299999999999999822e+00 7.286490559999999617e-01 3.299999999999999822e+00 1.062027610000000058e-03 3.299999999999999822e+00 4.916012629999999637e-04 3.299999999999999822e+00 2.465594519999999863e-03 3.299999999999999822e+00 9.816747839999999618e-15 3.299999999999999822e+00 7.988977919999999955e-01 3.299999999999999822e+00 7.647284349999999972e-04 3.299999999999999822e+00 2.797149719999999910e-04 3.299999999999999822e+00 1.534107430000000065e-03 3.299999999999999822e+00 1.704452539999999856e-14 3.299999999999999822e+00 8.584101100000000040e-01 3.299999999999999822e+00 4.536546429999999824e-04 3.299999999999999822e+00 1.353664999999999990e-04 3.299999999999999822e+00 8.137256570000000371e-04 3.299999999999999822e+00 3.367939940000000223e-14 3.299999999999999822e+00 8.529277219999999993e-01 3.299999999999999822e+00 2.431106569999999989e-04 3.299999999999999822e+00 5.966608849999999973e-05 3.299999999999999822e+00 4.093017010000000078e-04 3.299999999999999822e+00 6.666813050000000038e-14 3.299999999999999822e+00 8.432280089999999451e-01 3.299999999999999822e+00 1.247853180000000088e-04 3.299999999999999822e+00 2.570640919999999955e-05 3.299999999999999822e+00 2.025085900000000072e-04 3.299999999999999822e+00 1.323512950000000120e-13 3.299999999999999822e+00 8.381896030000000053e-01
