# vcm_v=1.485
# vin_v vout_v m6_vds_v m6_vdsat_v m7_vds_v m7_vdsat_v
0.000000000000000000e+00 2.942806804049786784e+00 2.719095170257634919e-02 1.094471881220050014e+00 2.942802446314733977e+00 2.493318145289555865e-01
5.000000000000000104e-03 2.942567067104997047e+00 2.743068876813791954e-02 1.083285900413937020e+00 2.942562709404980215e+00 2.493318145330017943e-01
1.000000000000000021e-02 2.942207332632345018e+00 2.779042337818892969e-02 1.066966992071987974e+00 2.942202974984872821e+00 2.493318145456873969e-01
1.499999999999999944e-02 2.941413184767358135e+00 2.858457144070402842e-02 1.032911101240423069e+00 2.941408827235751033e+00 2.493318145644090877e-01
2.000000000000000042e-02 2.939443624734813021e+00 3.055413183289124035e-02 9.579971383744317892e-01 2.939439267489813989e+00 2.493318146169178906e-01
2.500000000000000139e-02 2.936411929905328844e+00 3.358582716687096709e-02 8.629681597993461573e-01 2.936407573099558022e+00 2.493318146887233966e-01
2.999999999999999889e-02 2.932808955858591915e+00 3.718880179317717721e-02 7.756790876927806000e-01 2.932804599571246840e+00 2.493318147845501043e-01
3.500000000000000333e-02 2.928893852666548003e+00 4.110390560357757295e-02 7.005476064354367871e-01 2.928889496938626991e+00 2.493318148779120058e-01
4.000000000000000083e-02 2.924753679261737016e+00 4.524407965286548344e-02 6.375784459251195857e-01 2.924749324120926808e+00 2.493318149855660026e-01
4.499999999999999833e-02 2.920449996676989013e+00 4.954776289931794864e-02 5.850153898450181078e-01 2.920445642141618947e+00 2.493318150892107898e-01
5.000000000000000278e-02 2.916023218466040845e+00 5.397454178336325015e-02 5.409995827004164815e-01 2.916018864548307832e+00 2.493318152041658908e-01
5.499999999999999334e-02 2.911501491420188881e+00 5.849626950965491901e-02 5.039147625069109182e-01 2.911497138128028794e+00 2.493318153201866949e-01
5.999999999999999084e-02 2.906905131744339954e+00 6.309262987037156378e-02 4.724467505745411078e-01 2.906900779082628006e+00 2.493318154316840896e-01
6.499999999999998834e-02 2.902249180995217781e+00 6.774858130665517564e-02 4.455509499098344040e-01 2.902244828966578982e+00 2.493318155513545020e-01
6.999999999999999278e-02 2.897544996141466989e+00 7.245276684825796565e-02 4.224024072119553774e-01 2.897540644746848137e+00 2.493318156656028906e-01
7.499999999999999722e-02 2.892801293623691983e+00 7.719647005336716106e-02 4.023489728312374947e-01 2.892796942862761789e+00 2.493318157873387064e-01
8.000000000000000167e-02 2.888024857966847936e+00 8.197290639609855489e-02 3.848726692631226909e-01 2.888020507838301221e+00 2.493318159029118131e-01
8.500000000000000611e-02 2.883221037766206862e+00 8.677672728046115225e-02 3.695593888430380169e-01 2.883216688267979055e+00 2.493318160242067039e-01
9.000000000000001055e-02 2.878394097487432912e+00 9.160366824023125076e-02 3.560756042409278788e-01 2.878389748616871024e+00 2.493318161470970129e-01
9.500000000000001499e-02 2.873547472657580926e+00 9.645029374791569410e-02 3.441506105694309148e-01 2.873543124411571892e+00 2.493318162627151946e-01
1.000000000000000056e-01 2.868683958755545049e+00 1.013138083242744042e-01 3.335629949502244007e-01 2.868679611130608986e+00 2.493318163867717929e-01
1.049999999999999961e-01 2.863805849165026896e+00 1.061919185853339026e-01 3.241302831655312744e-01 2.863801502157400147e+00 2.493318165078489135e-01
1.100000000000000006e-01 2.858915043116339039e+00 1.110827253005703952e-01 3.157009948998302229e-01 2.858910696722028799e+00 2.493318166274156866e-01
1.150000000000000050e-01 2.854013124603028029e+00 1.159846444762649004e-01 3.081484910930574195e-01 2.854008778817866077e+00 2.493318167539667063e-01
1.199999999999999956e-01 2.849101424762030987e+00 1.208963449753488045e-01 3.013661854600421797e-01 2.849097079581707881e+00 2.493318168769106113e-01
1.250000000000000000e-01 2.844181070391794020e+00 1.258166999992784973e-01 2.952637897085871876e-01 2.844176725811891959e+00 2.493318169990106914e-01
1.300000000000000044e-01 2.839253021558167944e+00 1.307447494821177003e-01 2.897643463102481109e-01 2.839248677574186974e+00 2.493318171186303944e-01
1.350000000000000089e-01 2.834318101639112797e+00 1.356796700458514082e-01 2.848018673350621865e-01 2.834313758246489012e+00 2.493318172419596024e-01
1.400000000000000133e-01 2.829377021450091956e+00 1.406207508749753032e-01 2.803194425168334947e-01 2.829372678644214822e+00 2.493318173618621070e-01
1.449999999999999900e-01 2.824430397855913988e+00 1.455673751046497877e-01 2.762677133461647894e-01 2.824426055632144994e+00 2.493318174832530876e-01
1.499999999999999944e-01 2.819478769555141984e+00 1.505190040362948956e-01 2.726036327643910906e-01 2.819474427908818193e+00 2.493318176067179925e-01
1.550000000000001099e-01 2.814522610404626146e+00 1.554751638130497937e-01 2.692894526679782130e-01 2.814518269331078848e+00 2.493318177297693117e-01
1.600000000000000866e-01 2.809562338943424997e+00 1.604354358958590965e-01 2.662918899486466096e-01 2.809557998437981041e+00 2.493318178524880913e-01
1.650000000000000910e-01 2.804598326922163043e+00 1.653994485340994913e-01 2.635814386351725269e-01 2.804593986980155051e+00 2.493318179745160901e-01
1.700000000000000955e-01 2.799630907257045997e+00 1.703668688115808905e-01 2.611317973624127098e-01 2.799626567873816807e+00 2.493318181011157098e-01
1.750000000000000999e-01 2.794660378893119024e+00 1.753373977832728137e-01 2.589193929339502209e-01 2.794656040064027014e+00 2.493318182167846009e-01
1.800000000000001044e-01 2.789687012521893994e+00 1.803107647576812078e-01 2.569229820925741925e-01 2.789682674242320193e+00 2.493318183437130131e-01
1.850000000000001088e-01 2.784711054443909095e+00 1.852867234342925051e-01 2.551233184129251264e-01 2.784706716709254071e+00 2.493318184631899970e-01
1.900000000000001132e-01 2.779732729423995963e+00 1.902650490483024093e-01 2.535028740628634258e-01 2.779728392229690037e+00 2.493318185872575865e-01
1.950000000000000899e-01 2.774752244644504984e+00 1.952455344173870955e-01 2.520456106800487150e-01 2.774747907986002904e+00 2.493318187110193096e-01
2.000000000000000944e-01 2.769769790733473958e+00 2.002279889135424873e-01 2.507367881037922963e-01 2.769765454606265997e+00 2.493318188358172038e-01
2.050000000000000988e-01 2.764785544648769910e+00 2.052122355789323116e-01 2.495628111737873134e-01 2.764781209048377875e+00 2.493318189595503942e-01
2.100000000000001033e-01 2.759799670296552154e+00 2.101981105074313128e-01 2.485111065873815972e-01 2.759795335218532042e+00 2.493318190822771951e-01
2.150000000000001077e-01 2.754812320548782001e+00 2.151854608271110969e-01 2.475700257445354879e-01 2.754807985988727115e+00 2.493318192025447966e-01
2.200000000000001121e-01 2.749823636896910006e+00 2.201741450465651007e-01 2.467287713598695920e-01 2.749819302850449176e+00 2.493318193272311134e-01
2.250000000000000888e-01 2.744833751957850954e+00 2.251640305489109040e-01 2.459773419525813909e-01 2.744829418420655198e+00 2.493318194449649916e-01
2.300000000000000933e-01 2.739842787510061939e+00 2.301549955557317950e-01 2.453064896519052129e-01 2.739838454477840024e+00 2.493318195658731085e-01
2.350000000000000977e-01 2.734850857373385846e+00 2.351469262472249966e-01 2.447076894424732030e-01 2.734846524841887838e+00 2.493318196924849128e-01
2.400000000000001021e-01 2.729858065014560964e+00 2.401397191566946865e-01 2.441731122003988896e-01 2.729853732979577785e+00 2.493318198114160000e-01
2.450000000000001066e-01 2.724864506156833954e+00 2.451332785609356968e-01 2.436956020624478914e-01 2.724860174614201824e+00 2.493318199336601038e-01
2.500000000000001110e-01 2.719870267593393010e+00 2.501275176668000810e-01 2.432686520870832869e-01 2.719865936538989892e+00 2.493318200569419885e-01
2.550000000000001155e-01 2.714875428055847806e+00 2.551223577427240152e-01 2.428863774349515892e-01 2.714871097485595186e+00 2.493318201843069126e-01
2.600000000000001199e-01 2.709880058230754951e+00 2.601177281021925247e-01 2.425434863556610865e-01 2.709875728140620943e+00 2.493318203010564948e-01
2.650000000000001243e-01 2.704884221854320980e+00 2.651135650090448159e-01 2.422352457602154063e-01 2.704879892240318995e+00 2.493318204247194914e-01
2.700000000000000733e-01 2.699887975289112063e+00 2.701098121007615149e-01 2.419574442882392873e-01 2.699883646147299032e+00 2.493318205466129034e-01
2.750000000000000777e-01 2.694891368501452167e+00 2.751064194110611205e-01 2.417063531740057114e-01 2.694887039827932984e+00 2.493318206704296103e-01
2.800000000000000822e-01 2.689894446017461860e+00 2.801033424138660854e-01 2.414786846474936133e-01 2.689890117808389824e+00 2.493318207943696907e-01
2.850000000000000866e-01 2.684897246560090878e+00 2.851005423862797983e-01 2.412715506755835071e-01 2.684892918811664142e+00 2.493318209139006036e-01
2.900000000000000910e-01 2.679899804028416099e+00 2.900979854292651261e-01 2.410824228415976989e-01 2.679895476736879001e+00 2.493318210393835055e-01
2.950000000000002065e-01 2.674902148412428016e+00 2.950956415528778187e-01 2.409090926819031919e-01 2.674897821574074186e+00 2.493318211637046977e-01
3.000000000000002109e-01 2.669904305255621058e+00 3.000934852136731834e-01 2.407496351889741870e-01 2.669899978866788981e+00 2.493318212809587098e-01
3.050000000000002154e-01 2.664906297656556955e+00 3.050914933131326223e-01 2.406023750690272078e-01 2.664901971713633966e+00 2.493318214082229090e-01
3.100000000000002198e-01 2.659908144832122900e+00 3.100896466344150171e-01 2.404658555874963910e-01 2.659903819331542962e+00 2.493318215259315018e-01
3.150000000000002243e-01 2.654909864136953956e+00 3.150879278229318792e-01 2.403388104160817107e-01 2.654905539075197218e+00 2.493318216478841998e-01
3.200000000000001732e-01 2.649911470236184119e+00 3.200863222135951758e-01 2.402201391794427932e-01 2.649907145609777803e+00 2.493318217732597986e-01
3.250000000000001776e-01 2.644912976104179858e+00 3.250848168320787934e-01 2.401088851045491135e-01 2.644908651909700037e+00 2.493318218908442130e-01
3.300000000000001821e-01 2.639914393062340991e+00 3.300834003570364827e-01 2.400042157472624116e-01 2.639910069296405926e+00 2.493318220171477084e-01
3.350000000000001865e-01 2.634915730651172794e+00 3.350820632480018268e-01 2.399054063267740955e-01 2.634911407310450038e+00 2.493318221364188014e-01
3.400000000000001910e-01 2.629916997904999221e+00 3.400807964706972775e-01 2.398118250050333133e-01 2.629912674986201182e+00 2.493318222619020919e-01
3.450000000000001954e-01 2.624918201590859201e+00 3.450795932581299241e-01 2.397229199388249132e-01 2.624913879090743141e+00 2.493318223797970079e-01
3.500000000000001998e-01 2.619919348796357905e+00 3.500784465227341768e-01 2.396382087838433983e-01 2.619915026711729045e+00 2.493318225075742134e-01
3.550000000000002043e-01 2.614920445022220985e+00 3.550773507638336213e-01 2.395572689526062893e-01 2.614916123349924959e+00 2.493318226265011928e-01
3.600000000000002087e-01 2.609921495381228862e+00 3.600763008686875821e-01 2.394797296787858909e-01 2.609917174118157934e+00 2.493318227463253989e-01
3.650000000000002132e-01 2.604922503846935911e+00 3.650752928637884254e-01 2.394052648889395118e-01 2.604918182990028086e+00 2.493318228721188023e-01
3.700000000000002176e-01 2.599923475026586051e+00 3.700743221419329210e-01 2.393335872509136097e-01 2.599919154572822855e+00 2.493318229902941052e-01
3.750000000000002220e-01 2.594924411725870073e+00 3.750733858974700241e-01 2.392644434686627131e-01 2.594920091672275220e+00 2.493318231113763883e-01
3.800000000000002265e-01 2.589925317119735837e+00 3.800724809554973938e-01 2.391976089514226134e-01 2.589920997463377006e+00 2.493318232384847122e-01
3.850000000000001754e-01 2.584926194174656189e+00 3.850716043495859275e-01 2.391328849389313116e-01 2.584921874912645023e+00 2.493318233602561940e-01
3.900000000000001799e-01 2.579927044820295112e+00 3.900707541501082787e-01 2.390700947887682004e-01 2.579922725949782780e+00 2.493318234821894908e-01
3.950000000000001843e-01 2.574927871683187153e+00 3.950699277305744772e-01 2.390090810137029120e-01 2.574923553201370119e+00 2.493318236042675051e-01
4.000000000000001887e-01 2.569928676368974152e+00 4.000691234853813172e-01 2.389497033038169016e-01 2.569924358273090181e+00 2.493318237267045101e-01
4.050000000000001932e-01 2.564929460795070781e+00 4.050683394971569817e-01 2.388918361131520118e-01 2.564925143082395831e+00 2.493318238506750939e-01
4.100000000000003086e-01 2.559930226046815971e+00 4.100675746805987898e-01 2.388353668247087946e-01 2.559925908714670850e+00 2.493318239670163083e-01
4.150000000000003131e-01 2.554930973883073886e+00 4.150668272768859857e-01 2.387801944283106936e-01 2.554926656928818041e+00 2.493318240906514105e-01
4.200000000000003175e-01 2.549931705312075803e+00 4.200660962778247076e-01 2.387262278891149059e-01 2.549927388733109979e+00 2.493318242139493102e-01
4.250000000000003220e-01 2.544932421742657880e+00 4.250653802746193755e-01 2.386733850730264894e-01 2.544928105536421015e+00 2.493318243382953991e-01
4.300000000000003264e-01 2.539933123900198098e+00 4.300646785419285911e-01 2.386215919239748073e-01 2.539928808064169985e+00 2.493318244617090951e-01
4.350000000000002753e-01 2.534933812756947180e+00 4.350639901075413207e-01 2.385707811599012129e-01 2.534929497288647138e+00 2.493318245774225894e-01
4.400000000000002798e-01 2.529934489064971093e+00 4.400633142194286251e-01 2.385208917484006041e-01 2.529930173961956186e+00 2.493318246991038933e-01
4.450000000000002842e-01 2.524935153856660008e+00 4.450626498452371904e-01 2.384718682429730063e-01 2.524930839116528158e+00 2.493318248210628085e-01
4.500000000000002887e-01 2.519935807560926833e+00 4.500619965560916924e-01 2.384236600970882081e-01 2.519931493181308824e+00 2.493318249434658962e-01
4.550000000000002931e-01 2.514936450723439965e+00 4.550613538063620900e-01 2.383762210535003978e-01 2.514932136702007881e+00 2.493318250674148029e-01
4.600000000000002975e-01 2.509937084099846061e+00 4.600607208404365878e-01 2.383295088435674058e-01 2.509932770434310179e+00 2.493318251910205952e-01
4.650000000000003020e-01 2.504937708413563779e+00 4.650600969349332203e-01 2.382834848417023088e-01 2.504933395101669014e+00 2.493318253160498876e-01
4.700000000000003064e-01 2.499938323557870046e+00 4.700594821966098125e-01 2.382381133810813068e-01 2.499934010597399059e+00 2.493318254347562102e-01
4.750000000000003109e-01 2.494938930592497162e+00 4.750588755657715878e-01 2.381933617440374074e-01 2.494934617981266811e+00 2.493318255604662914e-01
4.800000000000003153e-01 2.489939529597136936e+00 4.800582769627589896e-01 2.381491996445405934e-01 2.489935217333003159e+00 2.493318256809362865e-01
4.850000000000003197e-01 2.484940120938177177e+00 4.850576860212215125e-01 2.381055992099765095e-01 2.484935809019027886e+00 2.493318257993900888e-01
4.900000000000003242e-01 2.479940705095544207e+00 4.900571022612644767e-01 2.380625347713581086e-01 2.479936393519305060e+00 2.493318259210043075e-01
4.950000000000002731e-01 2.474941282344758964e+00 4.950565254074005828e-01 2.380199823548657945e-01 2.474936971109388040e+00 2.493318260499166883e-01
5.000000000000003331e-01 2.469941852888637879e+00 5.000559552568493160e-01 2.379779197340602115e-01 2.469937541992130114e+00 2.493318261720834927e-01
5.050000000000003375e-01 2.464942417248494166e+00 5.050553912883311014e-01 2.379363262175757110e-01 2.464938106688876029e+00 2.493318262909723082e-01
5.100000000000003419e-01 2.459942975364355799e+00 5.100548335618486639e-01 2.378951825781006890e-01 2.459938665139688840e+00 2.493318264102649118e-01
5.150000000000003464e-01 2.454943527816424886e+00 5.150542814972318695e-01 2.378544709607315066e-01 2.454939217924803962e+00 2.493318265329886874e-01
5.200000000000003508e-01 2.449944074491753998e+00 5.200537352074650066e-01 2.378141744347793129e-01 2.449939764931305053e+00 2.493318266579749032e-01
5.250000000000003553e-01 2.444944615874903082e+00 5.250531942080121084e-01 2.377742774657344016e-01 2.444940306643784922e+00 2.493318267784664088e-01
5.300000000000003597e-01 2.439945151912922938e+00 5.300526585518596789e-01 2.377347651612876089e-01 2.439940843009329008e+00 2.493318269060134929e-01
5.350000000000003642e-01 2.434945683096231051e+00 5.350521277486222083e-01 2.376956237340875078e-01 2.434941374518384993e+00 2.493318270237465106e-01
5.400000000000003686e-01 2.429946209414878933e+00 5.400516018082734959e-01 2.376568402602463881e-01 2.429941901161035034e+00 2.493318271446327006e-01
5.450000000000003730e-01 2.424946731047867843e+00 5.450510805518469226e-01 2.376184024574642950e-01 2.424942423116311030e+00 2.493318272712307937e-01
5.500000000000003775e-01 2.419947248178544896e+00 5.500505637960237948e-01 2.375802988163251972e-01 2.419942940567592959e+00 2.493318273901445059e-01
5.550000000000003819e-01 2.414947760860031156e+00 5.550500514877159119e-01 2.375425182368028076e-01 2.414943453568032083e+00 2.493318275122639038e-01
5.600000000000003864e-01 2.409948269284114986e+00 5.600495434351584478e-01 2.375050506976275067e-01 2.409943962309443855e+00 2.493318276347747942e-01
5.650000000000003908e-01 2.404948773791772965e+00 5.650490392974081288e-01 2.374678862348280906e-01 2.404944467132839048e+00 2.493318277581695885e-01
5.700000000000003952e-01 2.399949274123030829e+00 5.700485393344671969e-01 2.374310156780355119e-01 2.399944967778269156e+00 2.493318278851975045e-01
5.750000000000003997e-01 2.394949770811706014e+00 5.750480430125453069e-01 2.373944302509262971e-01 2.394945464779581812e+00 2.493318280068745063e-01
5.800000000000004041e-01 2.389950263630367999e+00 5.800475505591022873e-01 2.373581216279594952e-01 2.389945957909374030e+00 2.493318281275299919e-01
5.850000000000004086e-01 2.384950752955916187e+00 5.850470615972653832e-01 2.373220817744350897e-01 2.384946447544575854e+00 2.493318282494801919e-01
5.900000000000004130e-01 2.379951238707632921e+00 5.900465762077824472e-01 2.372863031952434920e-01 2.379946933604497161e+00 2.493318283735641017e-01
5.950000000000004174e-01 2.374951720898906160e+00 5.950460943772903910e-01 2.372507786645549066e-01 2.374947416102550779e+00 2.493318284980683974e-01
6.000000000000004219e-01 2.369952199782745073e+00 6.000456158528066908e-01 2.372155013170484106e-01 2.369947895291776074e+00 2.493318286191091027e-01
6.050000000000004263e-01 2.364952675348462208e+00 6.050451406450454428e-01 2.371804644568862031e-01 2.364948371161513130e+00 2.493318287428266944e-01
6.100000000000004308e-01 2.359953148093865138e+00 6.100446682562239431e-01 2.371456619897464868e-01 2.359948844209593055e+00 2.493318288676074912e-01
6.150000000000004352e-01 2.354953617405897148e+00 6.150441992994264417e-01 2.371110877654684923e-01 2.354949313822985779e+00 2.493318289909559893e-01
6.200000000000004396e-01 2.349954083932118021e+00 6.200437331271166919e-01 2.370767360261840928e-01 2.349949780649280839e+00 2.493318291111872032e-01
6.250000000000004441e-01 2.344954547347982032e+00 6.250432700638697270e-01 2.370426012168992125e-01 2.344950244363953828e+00 2.493318292334421871e-01
6.300000000000004485e-01 2.339955007907633000e+00 6.300428098555617140e-01 2.370086780226000056e-01 2.339950705221176985e+00 2.493318293598217883e-01
6.350000000000004530e-01 2.334955465980726785e+00 6.350423521325647691e-01 2.369749613290361989e-01 2.334951163590631040e+00 2.493318294804567903e-01
6.400000000000004574e-01 2.329955921010110842e+00 6.400418974520509785e-01 2.369414463322302988e-01 2.329951618915185207e+00 2.493318296040754889e-01
6.450000000000004619e-01 2.324956373644595953e+00 6.450414451652397574e-01 2.369081280070055029e-01 2.324952071843676915e+00 2.493318297290113006e-01
6.500000000000004663e-01 2.319956823380437072e+00 6.500409957758956914e-01 2.368750020855829030e-01 2.319952521872385098e+00 2.493318298530068922e-01
6.550000000000004707e-01 2.314957270674852907e+00 6.550405488268227217e-01 2.368420640686403067e-01 2.314952969458552001e+00 2.493318299758474910e-01
6.600000000000004752e-01 2.309957715727903871e+00 6.600401041179861927e-01 2.368093096726789915e-01 2.309953414802262017e+00 2.493318300950382038e-01
6.650000000000004796e-01 2.304958157905587779e+00 6.650396622834096050e-01 2.367767347737610995e-01 2.304953857269535167e+00 2.493318302200147052e-01
6.700000000000004841e-01 2.299958597992485920e+00 6.700392225385343181e-01 2.367443354936371869e-01 2.299954297644975831e+00 2.493318303409129133e-01
6.750000000000004885e-01 2.294959035862234042e+00 6.750387850097445686e-01 2.367121079777750881e-01 2.294954735802241963e+00 2.493318304691491127e-01
6.800000000000004929e-01 2.289959471419961812e+00 6.800383497919342268e-01 2.366800485516870056e-01 2.289955171646485876e+00 2.493318305879166086e-01
6.850000000000004974e-01 2.284959904738911973e+00 6.850379168118840845e-01 2.366481535158083960e-01 2.284955605250972965e+00 2.493318307108784992e-01
6.900000000000005018e-01 2.279960335611718847e+00 6.900374862769766970e-01 2.366164195478158982e-01 2.279956036408357978e+00 2.493318308367261094e-01
6.950000000000005063e-01 2.274960764627480092e+00 6.950370575981388299e-01 2.365848431541409114e-01 2.274956465707759889e+00 2.493318309593400006e-01
7.000000000000005107e-01 2.269961191557711810e+00 7.000366310038721451e-01 2.365534211473739878e-01 2.269956892920717895e+00 2.493318310866227128e-01
7.050000000000005151e-01 2.264961616458605942e+00 7.050362064380060190e-01 2.365221503647235990e-01 2.264957318103443029e+00 2.493318312101968914e-01
7.100000000000005196e-01 2.259962039261977917e+00 7.100357839687476691e-01 2.364910276441485881e-01 2.259957741187771152e+00 2.493318313312561096e-01
7.150000000000005240e-01 2.254962460087654108e+00 7.150353634762871557e-01 2.364600500975433117e-01 2.254958162293548174e+00 2.493318314561666083e-01
7.200000000000005285e-01 2.249962879146551131e+00 7.200349447497265132e-01 2.364292148586250031e-01 2.249958581631712029e+00 2.493318315784519013e-01
7.250000000000005329e-01 2.244963296249637086e+00 7.250345279781207353e-01 2.363985189548054866e-01 2.244958999013249024e+00 2.493318316987483130e-01
7.300000000000005373e-01 2.239963711362463972e+00 7.300341131959342533e-01 2.363679597386028064e-01 2.239959414403732030e+00 2.493318318228097130e-01
7.350000000000005418e-01 2.234964124929263107e+00 7.350336999589530684e-01 2.363375345763931989e-01 2.234959828247411018e+00 2.493318319497853930e-01
7.400000000000005462e-01 2.229964536498982852e+00 7.400332887182501374e-01 2.363072407992626023e-01 2.229960240093252999e+00 2.493318320747837102e-01
7.450000000000005507e-01 2.224964946506589047e+00 7.450328790388760503e-01 2.362770758801532034e-01 2.224960650376239801e+00 2.493318321963109985e-01
7.500000000000005551e-01 2.219965354841975103e+00 7.500324710309547172e-01 2.362470374285416119e-01 2.219961058986287039e+00 2.493318323193687014e-01
7.550000000000005596e-01 2.214965761092457797e+00 7.550320651071875666e-01 2.362171230080724882e-01 2.214961465510727034e+00 2.493318324448771939e-01
7.600000000000005640e-01 2.209966166054243786e+00 7.600316604713861501e-01 2.361873302056546053e-01 2.209961870745785983e+00 2.493318325718414941e-01
7.650000000000005684e-01 2.204966569598071136e+00 7.650312572528301658e-01 2.361576568241610108e-01 2.204962274562218827e+00 2.493318326925673123e-01
7.700000000000005729e-01 2.199966971036189989e+00 7.700308561392796847e-01 2.361281007164877099e-01 2.199962676272290807e+00 2.493318328206527990e-01
7.750000000000005773e-01 2.194967371244445076e+00 7.750304562549152898e-01 2.360986595578654090e-01 2.194963076751864861e+00 2.493318329450301130e-01
7.800000000000005818e-01 2.189967769996258085e+00 7.800300578263250628e-01 2.360693313233775958e-01 2.189963475774380885e+00 2.493318330671804028e-01
7.850000000000005862e-01 2.184968167093757074e+00 7.850296610514004847e-01 2.360401138907113894e-01 2.184963873141981150e+00 2.493318331872484972e-01
7.900000000000005906e-01 2.179968562765565832e+00 7.900292657015319797e-01 2.360110052939985992e-01 2.179964269083307205e+00 2.493318333168594025e-01
7.950000000000005951e-01 2.174968956996679026e+00 7.950288717917421977e-01 2.359820035181152131e-01 2.174964663583367042e+00 2.493318334359826971e-01
8.000000000000005995e-01 2.169969349690803018e+00 8.000284794183398773e-01 2.359531066272692879e-01 2.169965056545886117e+00 2.493318335628821880e-01
8.050000000000006040e-01 2.164969741311438156e+00 8.050280881178344394e-01 2.359243128798108879e-01 2.164965448434378104e+00 2.493318336847070993e-01
8.100000000000006084e-01 2.159970131306295116e+00 8.100276984425365256e-01 2.358956202444096872e-01 2.159965838696566998e+00 2.493318338107708976e-01
8.150000000000006128e-01 2.154970519957827957e+00 8.150273101100031781e-01 2.358670270463187058e-01 2.154966227614926844e+00 2.493318339356390134e-01
8.200000000000006173e-01 2.149970907498754968e+00 8.200269228875320948e-01 2.358385314747588057e-01 2.149966615422187033e+00 2.493318340650468035e-01
8.250000000000006217e-01 2.144971293406229051e+00 8.250265372979819212e-01 2.358101319160398890e-01 2.144967001595515121e+00 2.493318341846209041e-01
8.300000000000006262e-01 2.139971678359017915e+00 8.300261526626027120e-01 2.357818265305567096e-01 2.139967386813693917e+00 2.493318343139226956e-01
8.350000000000006306e-01 2.134972061958023914e+00 8.350257693805009929e-01 2.357536137626768946e-01 2.134967770677639098e+00 2.493318344393878894e-01
8.400000000000006350e-01 2.129972444206941873e+00 8.400253874479997052e-01 2.357254919691866013e-01 2.129968153191060143e+00 2.493318345630599897e-01
8.450000000000006395e-01 2.124972825452629888e+00 8.450250065182509651e-01 2.356974596553494117e-01 2.124968534700828027e+00 2.493318346872493985e-01
8.500000000000006439e-01 2.119973205487439838e+00 8.500246267989153282e-01 2.356695152324531084e-01 2.119968914999307064e+00 2.493318348114982874e-01
8.550000000000006484e-01 2.114973584106791815e+00 8.550242484945873578e-01 2.356416571792339099e-01 2.114969293881932000e+00 2.493318349345970963e-01
8.600000000000006528e-01 2.109973961949605847e+00 8.600238709663599046e-01 2.356138840074072094e-01 2.109969671987634854e+00 2.493318350587332977e-01
8.650000000000006573e-01 2.104974338566591996e+00 8.650234946635331212e-01 2.355861943687556082e-01 2.104970048867136789e+00 2.493318351839191038e-01
8.700000000000006617e-01 2.099974713921255898e+00 8.700231196226155816e-01 2.355585866989025057e-01 2.099970424483959874e+00 2.493318353118499087e-01
8.750000000000006661e-01 2.094975088310889078e+00 8.750227455463255311e-01 2.355310597301299991e-01 2.094970799135404960e+00 2.493318354366103051e-01
8.800000000000006706e-01 2.089975461766925946e+00 8.800223724032414374e-01 2.355036120453213866e-01 2.089971172852918890e+00 2.493318355594504043e-01
8.850000000000006750e-01 2.084975833842293014e+00 8.850220006404465600e-01 2.354762423685881900e-01 2.084971545189440167e+00 2.493318356877624042e-01
8.900000000000006795e-01 2.079976205024423042e+00 8.900216297705219048e-01 2.354489493686929003e-01 2.079971916632413098e+00 2.493318358131408063e-01
8.950000000000006839e-01 2.074976575179392047e+00 8.950212599274007808e-01 2.354217317155171962e-01 2.074972287047923913e+00 2.493318359379239901e-01
9.000000000000006883e-01 2.069976944531902063e+00 9.000208908863913670e-01 2.353945882243501930e-01 2.069972656660688859e+00 2.493318360672185097e-01
9.050000000000006928e-01 2.064977312756581806e+00 9.050205229728764955e-01 2.353675176606148112e-01 2.064973025145345975e+00 2.493318361923692883e-01
9.100000000000006972e-01 2.059977679919426929e+00 9.100201561208720591e-01 2.353405188660480096e-01 2.059973392567899797e+00 2.493318363130521131e-01
9.150000000000007017e-01 2.054978046274869019e+00 9.150197900759553526e-01 2.353135905440124909e-01 2.054973759182794790e+00 2.493318364431202916e-01
9.200000000000007061e-01 2.049978411627990216e+00 9.200194250330544499e-01 2.352867316608079074e-01 2.049974124795122865e+00 2.493318365681246873e-01
9.250000000000007105e-01 2.044978775983964159e+00 9.250190609870037051e-01 2.352599410573305017e-01 2.044974489410069207e+00 2.493318366930951935e-01
9.300000000000007150e-01 2.039979139643719019e+00 9.300186976368882696e-01 2.352332175621356936e-01 2.039974853328570870e+00 2.493318368164054999e-01
9.350000000000007194e-01 2.034979502363285064e+00 9.350183352266845382e-01 2.352065601966503994e-01 2.034975216306667001e+00 2.493318369456913874e-01
9.400000000000007239e-01 2.029979864019367142e+00 9.400179738796983209e-01 2.351799677822387913e-01 2.029975578221073107e+00 2.493318370739709133e-01
9.450000000000007283e-01 2.024980224955811980e+00 9.450176132520917704e-01 2.351534393083092866e-01 2.024975939415644799e+00 2.493318371957795876e-01
9.500000000000007327e-01 2.019980584950304081e+00 9.500172535661874917e-01 2.351269737841615026e-01 2.019976299668079012e+00 2.493318373228279039e-01
9.550000000000007372e-01 2.014980944185253975e+00 9.550168946395882763e-01 2.351005701342800958e-01 2.014976659160791161e+00 2.493318374503117052e-01
9.600000000000007416e-01 2.009981302742631204e+00 9.600165363903290228e-01 2.350742274896147066e-01 2.009977017975761893e+00 2.493318375735067982e-01
9.650000000000007461e-01 2.004981660280463984e+00 9.650161791603895090e-01 2.350479448376658898e-01 2.004977375771027859e+00 2.493318377022896992e-01
9.700000000000007505e-01 1.999982017189438022e+00 9.700158225590940209e-01 2.350217211795976868e-01 1.999977732937284980e+00 2.493318378276226932e-01
9.750000000000007550e-01 1.994982373199547965e+00 9.750154668564581240e-01 2.349955556563892989e-01 1.994978089204531901e+00 2.493318379566558940e-01
9.800000000000007594e-01 1.989982728599329898e+00 9.800151117639503973e-01 2.349694472504315068e-01 1.989978444861318030e+00 2.493318380848099924e-01
9.850000000000007638e-01 1.984983083060114950e+00 9.850147576102492586e-01 2.349433951623690897e-01 1.984978799578980935e+00 2.493318382057692906e-01
9.900000000000007683e-01 1.979983436803707031e+00 9.900144041735561284e-01 2.349173984713222030e-01 1.979979153579332074e+00 2.493318383351927070e-01
9.950000000000007727e-01 1.974983789928729028e+00 9.950140513552583332e-01 2.348914563973598102e-01 1.974979506961002995e+00 2.493318384618501971e-01
1.000000000000001110e+00 1.969984142194733057e+00 1.000013699395809974e+00 2.348655679195164880e-01 1.969979859483552032e+00 2.493318385883226962e-01
1.005000000000001004e+00 1.964984493743259009e+00 1.005013348153676045e+00 2.348397323602864906e-01 1.964980211288529066e+00 2.493318387136438941e-01
1.010000000000000009e+00 1.959984844738130949e+00 1.010012997465044915e+00 2.348139488422849863e-01 1.959980562539763049e+00 2.493318388405930952e-01
1.014999999999999902e+00 1.954985194787753011e+00 1.015012647721514005e+00 2.347882166588448893e-01 1.954980912845666996e+00 2.493318389717394945e-01
1.020000000000000018e+00 1.949985544507341961e+00 1.020012298307874987e+00 2.347625349486462953e-01 1.949981262821463890e+00 2.493318390985098110e-01
1.024999999999999911e+00 1.944985893373939012e+00 1.025011949747095086e+00 2.347369028550405079e-01 1.944981611944202937e+00 2.493318392204474931e-01
1.030000000000000027e+00 1.939986241463089067e+00 1.030011601963632950e+00 2.347113197974947940e-01 1.939981960289433927e+00 2.493318393504435071e-01
1.034999999999999920e+00 1.934986589046332028e+00 1.035011254685956006e+00 2.346857849011003139e-01 1.934982308128706086e+00 2.493318394766428081e-01
1.040000000000000036e+00 1.929986935928071023e+00 1.040010908109668009e+00 2.346602975773922906e-01 1.929982655266428093e+00 2.493318396056553865e-01
1.044999999999999929e+00 1.924987282350401063e+00 1.045010561992679943e+00 2.346348569248971061e-01 1.924983001944700955e+00 2.493318397299275901e-01
1.050000000000000044e+00 1.919987628022453929e+00 1.050010216625864023e+00 2.346094624080229119e-01 1.919983347872664003e+00 2.493318398584785933e-01
1.054999999999999050e+00 1.914987973026996082e+00 1.055009871926462894e+00 2.345841132358829906e-01 1.914983693133087916e+00 2.493318399851887912e-01
1.059999999999998943e+00 1.909988317636190924e+00 1.060009527622314929e+00 2.345588088273976024e-01 1.909984037998144091e+00 2.493318401128430950e-01
1.064999999999999059e+00 1.904988661608512990e+00 1.065009183954956029e+00 2.345335484171184037e-01 1.904984382226311945e+00 2.493318402429051117e-01
1.069999999999998952e+00 1.899989004623592104e+00 1.070008841244757924e+00 2.345083314307573052e-01 1.899984725497227966e+00 2.493318403682502904e-01
1.074999999999999067e+00 1.894989347655837042e+00 1.075008498517316946e+00 2.344831571892420918e-01 1.894985068785304927e+00 2.493318404991413106e-01
1.079999999999998961e+00 1.889989689638241988e+00 1.080008156839646905e+00 2.344580251003743065e-01 1.889985411023545003e+00 2.493318406273984933e-01
1.084999999999999076e+00 1.884990031232633090e+00 1.085007815549924093e+00 2.344329345194635927e-01 1.884985752873779008e+00 2.493318407564316108e-01
1.089999999999998970e+00 1.879990372429745094e+00 1.090007474657417985e+00 2.344078848905578050e-01 1.879986094326745905e+00 2.493318408817077059e-01
1.094999999999999085e+00 1.874990712792679926e+00 1.095007134599035092e+00 2.343828754832469885e-01 1.874986434945556057e+00 2.493318410143998964e-01
1.099999999999998979e+00 1.869991052932391984e+00 1.100006794763823903e+00 2.343579058898392076e-01 1.869986775341164975e+00 2.493318411371578114e-01
1.104999999999997984e+00 1.864991392298634088e+00 1.105006455702034929e+00 2.343329754421653865e-01 1.864987114963333026e+00 2.493318412687496877e-01
1.109999999999998099e+00 1.859991731294996953e+00 1.110006117010083004e+00 2.343080836237738940e-01 1.859987454215654923e+00 2.493318413994101979e-01
1.114999999999997993e+00 1.854992069602587890e+00 1.115005779006867037e+00 2.342832297907649908e-01 1.854987792779243083e+00 2.493318415238696129e-01
1.119999999999998108e+00 1.849992407659101001e+00 1.120005441254694034e+00 2.342584135004560086e-01 1.849988131091798049e+00 2.493318416546574101e-01
1.124999999999998002e+00 1.844992745182935101e+00 1.125005104035172065e+00 2.342336341640378072e-01 1.844988468871721077e+00 2.493318417836324907e-01
1.129999999999997895e+00 1.839993082076659903e+00 1.130004767445732972e+00 2.342088913170088105e-01 1.839988806021586987e+00 2.493318419082254933e-01
1.134999999999998010e+00 1.834993418506372098e+00 1.135004431320286056e+00 2.341841844043824894e-01 1.834989142707496912e+00 2.493318420364938059e-01
1.139999999999997904e+00 1.829993754564612107e+00 1.140004095566294895e+00 2.341595128887030974e-01 1.829989479021997045e+00 2.493318421660876971e-01
1.144999999999998019e+00 1.824994090157588067e+00 1.145003760277552018e+00 2.341348763427650026e-01 1.824989814871299076e+00 2.493318423002431061e-01
1.149999999999997025e+00 1.819994425214815914e+00 1.150003425524551037e+00 2.341102742585980945e-01 1.819990150184922051e+00 2.493318424253788967e-01
1.154999999999996918e+00 1.814994759858735041e+00 1.155003091184851893e+00 2.340857060863162087e-01 1.814990485085312022e+00 2.493318425570094921e-01
1.159999999999997033e+00 1.809995093940528932e+00 1.160002757407275098e+00 2.340611714735646998e-01 1.809990819423654029e+00 2.493318426876902916e-01
1.164999999999996927e+00 1.804995427656536089e+00 1.165002423995485925e+00 2.340366698260595013e-01 1.804991153396291903e+00 2.493318428107872964e-01
1.169999999999997042e+00 1.799995761075364964e+00 1.170002090880879031e+00 2.340122008002037124e-01 1.799991487071838980e+00 2.493318429404365877e-01
1.174999999999996936e+00 1.794996093834811068e+00 1.175001758425664011e+00 2.339877639244767882e-01 1.794991820088092105e+00 2.493318430729626889e-01
1.179999999999997051e+00 1.789996426308732902e+00 1.180001426255985031e+00 2.339633587181814134e-01 1.789992152818915105e+00 2.493318432032941012e-01
1.184999999999996945e+00 1.784996758225702029e+00 1.185001094643272079e+00 2.339389847957160928e-01 1.784992484992883099e+00 2.493318433289999081e-01
1.189999999999997060e+00 1.779997089967310098e+00 1.190000763205937950e+00 2.339146416992770039e-01 1.779992816991591953e+00 2.493318434580560072e-01
1.194999999999996954e+00 1.774997421071645931e+00 1.195000432405894930e+00 2.338903290319911954e-01 1.774993148353132932e+00 2.493318435873672079e-01
1.199999999999995959e+00 1.769997751939911046e+00 1.200000101841949052e+00 2.338660463829790037e-01 1.769993479478711995e+00 2.493318437238553065e-01
1.204999999999996074e+00 1.764998082393504086e+00 1.204999771692699895e+00 2.338417932913715025e-01 1.764993810189730894e+00 2.493318438531295922e-01
1.209999999999995968e+00 1.759998412402580925e+00 1.209999441987996027e+00 2.338175694641196900e-01 1.759994140456347944e+00 2.493318439842323875e-01
1.214999999999996083e+00 1.754998741994711953e+00 1.214999112700271944e+00 2.337933744193725905e-01 1.754994470306139087e+00 2.493318441143559938e-01
1.219999999999995977e+00 1.749999071407785101e+00 1.219998783591637936e+00 2.337692078438685928e-01 1.749994799976994919e+00 2.493318442417520042e-01
1.224999999999996092e+00 1.744999400257881916e+00 1.224998455046018009e+00 2.337450692829798060e-01 1.744995129084998986e+00 2.493318443718968991e-01
1.229999999999995985e+00 1.739999728702513959e+00 1.229998126905903044e+00 2.337209584530119955e-01 1.739995457787667066e+00 2.493318445015139107e-01
1.234999999999996101e+00 1.735000056723265960e+00 1.234997799189710976e+00 2.336968749330911865e-01 1.734995786066583889e+00 2.493318446356689033e-01
1.239999999999995994e+00 1.730000384654488021e+00 1.239997471563093034e+00 2.336728183287712091e-01 1.729996114256109108e+00 2.493318447655960002e-01
1.244999999999995000e+00 1.725000712061387054e+00 1.244997144460846084e+00 2.336487883940736865e-01 1.724996441921446966e+00 2.493318448904570106e-01
1.249999999999994893e+00 1.720001039038209001e+00 1.249996817788725068e+00 2.336247847252461984e-01 1.719996769156848959e+00 2.493318450217484050e-01
1.254999999999995008e+00 1.715001365916293929e+00 1.254996491215393917e+00 2.336008069094545891e-01 1.714997096293656043e+00 2.493318451559912996e-01
1.259999999999994902e+00 1.710001692272725915e+00 1.259996165163769000e+00 2.335768546679002078e-01 1.709997422908958065e+00 2.493318452887219039e-01
1.264999999999995017e+00 1.705002018332721025e+00 1.264995839408638023e+00 2.335529276861912917e-01 1.704997749227971982e+00 2.493318454202002876e-01
1.269999999999994911e+00 1.700002343987079945e+00 1.269995514059202080e+00 2.335290255819245930e-01 1.699998075141502918e+00 2.493318455489335062e-01
1.274999999999995026e+00 1.695002669521443073e+00 1.274995188829822101e+00 2.335051481073830981e-01 1.694998400935191052e+00 2.493318456810401929e-01
1.279999999999994920e+00 1.690002994452243001e+00 1.279994864204067051e+00 2.334812948898593032e-01 1.689998726125474970e+00 2.493318458085835021e-01
1.284999999999995035e+00 1.685003319461430005e+00 1.284994539499993094e+00 2.334574656293272044e-01 1.684999051394304947e+00 2.493318459398304043e-01
1.289999999999994040e+00 1.680003643851079920e+00 1.289994215415519063e+00 2.334336600369424919e-01 1.679999376043761039e+00 2.493318460730150898e-01
1.294999999999993934e+00 1.675003967898760049e+00 1.294993891673084097e+00 2.334098777514140022e-01 1.674999700351414100e+00 2.493318462065280960e-01
1.299999999999994049e+00 1.670004291750672110e+00 1.299993568126490029e+00 2.333861185402268945e-01 1.670000024463466071e+00 2.493318463364325999e-01
1.304999999999993943e+00 1.665004615315468062e+00 1.304993244867084012e+00 2.333623820787547043e-01 1.665000348288572019e+00 2.493318464684370905e-01
1.309999999999994058e+00 1.660004938580244005e+00 1.309992921907771057e+00 2.333386680526972068e-01 1.660000671813832041e+00 2.493318465987492960e-01
1.314999999999993952e+00 1.655005261540964057e+00 1.314992599252591043e+00 2.333149761877189865e-01 1.655000995035212030e+00 2.493318467364984137e-01
1.319999999999994067e+00 1.650005584199333963e+00 1.319992276899838002e+00 2.332913062355232992e-01 1.650001317954421065e+00 2.493318468662971965e-01
1.324999999999993960e+00 1.645005906470941914e+00 1.324991954933927074e+00 2.332676578540477941e-01 1.645001640487046890e+00 2.493318470005518872e-01
1.329999999999994076e+00 1.640006228587651993e+00 1.329991633122997952e+00 2.332440307877106933e-01 1.640001962864958918e+00 2.493318471276549930e-01
1.334999999999993969e+00 1.635006550304638040e+00 1.334991311711871909e+00 2.332204248104680910e-01 1.635002284843332099e+00 2.493318472639547978e-01
1.339999999999992975e+00 1.630006871937325963e+00 1.339990990385131919e+00 2.331968395923313953e-01 1.630002606737595006e+00 2.493318473938609947e-01
1.344999999999993090e+00 1.625007193252600013e+00 1.344990669375889958e+00 2.331732749111093128e-01 1.625002928314634998e+00 2.493318475244888921e-01
1.349999999999992983e+00 1.620007514183839925e+00 1.349990348750770064e+00 2.331497305197366976e-01 1.620003249507832033e+00 2.493318476609152901e-01
1.354999999999993099e+00 1.615007834884125026e+00 1.354990028356694909e+00 2.331262060982219886e-01 1.615003570470270100e+00 2.493318477964129032e-01
1.359999999999992992e+00 1.610008155240052030e+00 1.359989708307068890e+00 2.331027013965132899e-01 1.610003891088547912e+00 2.493318479262061071e-01
1.364999999999993108e+00 1.605008475551358060e+00 1.364989388302155993e+00 2.330792161859397138e-01 1.605004211662403923e+00 2.493318480576812990e-01
1.369999999999993001e+00 1.600008795543544915e+00 1.369989068616457972e+00 2.330557502138728976e-01 1.600004531917341932e+00 2.493318481907751127e-01
1.374999999999992895e+00 1.595009115290566104e+00 1.374988749176019986e+00 2.330323032311389930e-01 1.595004851927319001e+00 2.493318483278429976e-01
1.379999999999993010e+00 1.590009434646787900e+00 1.379988430126477095e+00 2.330088750095535011e-01 1.590005171546704066e+00 2.493318484592763062e-01
1.384999999999992015e+00 1.585009753826114087e+00 1.384988111253929066e+00 2.329854653078816118e-01 1.585005490989400911e+00 2.493318485945386076e-01
1.389999999999991909e+00 1.580010072937739096e+00 1.389987792449181914e+00 2.329620738476035069e-01 1.580005810364607965e+00 2.493318487278242124e-01
1.394999999999992024e+00 1.575010391458306014e+00 1.394987474235592995e+00 2.329387004440162945e-01 1.575006129148970979e+00 2.493318488625367868e-01
1.399999999999991918e+00 1.570010710151791056e+00 1.399987155849190978e+00 2.329153447880872863e-01 1.570006448106467056e+00 2.493318489950006878e-01
1.404999999999992033e+00 1.565011028287927042e+00 1.404986838020241935e+00 2.328920067274236061e-01 1.565006766506831015e+00 2.493318491264540915e-01
1.409999999999991926e+00 1.560011346408372912e+00 1.409986520207088034e+00 2.328686859915249097e-01 1.560007084891726015e+00 2.493318492582460022e-01
1.414999999999992042e+00 1.555011664178266972e+00 1.414986202744592969e+00 2.328453823614763940e-01 1.555007402926289917e+00 2.493318493943595948e-01
1.419999999999991935e+00 1.550011981798320004e+00 1.419985885432043959e+00 2.328220956758015048e-01 1.550007720811239054e+00 2.493318495300760052e-01
1.424999999999992051e+00 1.545012298982499033e+00 1.424985568555481974e+00 2.327988255929477890e-01 1.545008038260538896e+00 2.493318496668313899e-01
1.429999999999991944e+00 1.540012616234037068e+00 1.429985251611670005e+00 2.327755719721129046e-01 1.540008355777428006e+00 2.493318498025471064e-01
1.434999999999990949e+00 1.535012933146618019e+00 1.434984935006927920e+00 2.327523345800718013e-01 1.535008672955590070e+00 2.493318499372121910e-01
1.439999999999991065e+00 1.530013249745650006e+00 1.439984618715848930e+00 2.327291131578846095e-01 1.530008989820438092e+00 2.493318500688743999e-01
1.444999999999990958e+00 1.525013566344511906e+00 1.444984302425053047e+00 2.327059075555064083e-01 1.525009306685350952e+00 2.493318502019749028e-01
1.449999999999991074e+00 1.520013882577756936e+00 1.449983986499991051e+00 2.326827175356530053e-01 1.520009623184884973e+00 2.493318503356505011e-01
1.454999999999990967e+00 1.515014198872790985e+00 1.454983670513257943e+00 2.326595428615869932e-01 1.515009939746448042e+00 2.493318504757658094e-01
1.459999999999991083e+00 1.510014514719272949e+00 1.459983354975193048e+00 2.326363834048386925e-01 1.510010255859701056e+00 2.493318506112980892e-01
1.464999999999990976e+00 1.505014830423818006e+00 1.464983039579186963e+00 2.326132388740710932e-01 1.505010571831262078e+00 2.493318507422478958e-01
1.469999999999991092e+00 1.500015145894167068e+00 1.469982724417498110e+00 2.325901090830249929e-01 1.500010887568874018e+00 2.493318508830233982e-01
1.474999999999990985e+00 1.495015461234685983e+00 1.474982409385761084e+00 2.325669938371016932e-01 1.495011203176906056e+00 2.493318510138841093e-01
1.479999999999989990e+00 1.490015776401208081e+00 1.479982094528144998e+00 2.325438929289921908e-01 1.490011518611191077e+00 2.493318511546337990e-01
1.484999999999990106e+00 1.485016091337683974e+00 1.484981779900699905e+00 2.325208061439124063e-01 1.485011833815685023e+00 2.493318512851626090e-01
1.489999999999989999e+00 1.480016406114146088e+00 1.489981465433394936e+00 2.324977333264137136e-01 1.480012148860420984e+00 2.493318514238261896e-01
1.494999999999989893e+00 1.475016720875941933e+00 1.494981150980883911e+00 2.324746742192327076e-01 1.475012463890750025e+00 2.493318515585025985e-01
1.499999999999990008e+00 1.470017035133309946e+00 1.499980837032929948e+00 2.324516287074324949e-01 1.470012778416911914e+00 2.493318516946448904e-01
1.504999999999989901e+00 1.465017349416199988e+00 1.504980523059582076e+00 2.324285965098253082e-01 1.465013092968858954e+00 2.493318518341000878e-01
1.509999999999990017e+00 1.460017663431244950e+00 1.509980209354214065e+00 2.324055774837439081e-01 1.460013407253224926e+00 2.493318519722421966e-01
1.514999999999989910e+00 1.455017977266549911e+00 1.514979895828715950e+00 2.323825714084898908e-01 1.455013721358122014e+00 2.493318521091640871e-01
1.519999999999990026e+00 1.450018291194681064e+00 1.519979582210527980e+00 2.323595780094167007e-01 1.450014035556113967e+00 2.493318522429152084e-01
1.524999999999989031e+00 1.445018604791755035e+00 1.524979268923529974e+00 2.323365972960093062e-01 1.445014349423322075e+00 2.493318523776621998e-01
1.529999999999988924e+00 1.440018918111150015e+00 1.529978955914349070e+00 2.323136288999095023e-01 1.440014663013126084e+00 2.493318525183962908e-01
1.534999999999989040e+00 1.435019231289458963e+00 1.534978643046390978e+00 2.322906726910994035e-01 1.435014976462122949e+00 2.493318526510789057e-01
1.539999999999988933e+00 1.430019544350046079e+00 1.539978330296295050e+00 2.322677285196985963e-01 1.430015289793677979e+00 2.493318527915190930e-01
1.544999999999989049e+00 1.425019857405346091e+00 1.544978017551627891e+00 2.322447961147162954e-01 1.425015603120229013e+00 2.493318529276125906e-01
1.549999999999988942e+00 1.420020170081272903e+00 1.549977705186474042e+00 2.322218753700031058e-01 1.420015916067691952e+00 2.493318530642391062e-01
1.554999999999989058e+00 1.415020482864691065e+00 1.554977392713972950e+00 2.321989660143707890e-01 1.415016229122934011e+00 2.493318532075587124e-01
1.559999999999988951e+00 1.410020795385662051e+00 1.559977080504062030e+00 2.321760679654792103e-01 1.410016541916021993e+00 2.493318533403768023e-01
1.564999999999989067e+00 1.405021107594961904e+00 1.564976768605969903e+00 2.321531809469052077e-01 1.405016854397729054e+00 2.493318534808426079e-01
1.569999999999988960e+00 1.400021419817903956e+00 1.569976456694381906e+00 2.321303047886265902e-01 1.400017166893376075e+00 2.493318536228718019e-01
1.574999999999987965e+00 1.395021731809720000e+00 1.574976145014070017e+00 2.321074393679785075e-01 1.395017479158195961e+00 2.493318537601018070e-01
1.579999999999988081e+00 1.390022043836836030e+00 1.579975833298606913e+00 2.320845844009946091e-01 1.390017791458616925e+00 2.493318538970480114e-01
1.584999999999987974e+00 1.385022355616968071e+00 1.584975521830279899e+00 2.320617398180629953e-01 1.385018103512356991e+00 2.493318540375714931e-01
1.589999999999988090e+00 1.380022667288699045e+00 1.589975210470508049e+00 2.320389052903621963e-01 1.380018415458003966e+00 2.493318541753626050e-01
1.594999999999987983e+00 1.375022978899266946e+00 1.594974899172052929e+00 2.320160807946428094e-01 1.375018727342798064e+00 2.493318543111388008e-01
1.599999999999988098e+00 1.370023290157178053e+00 1.599974588226410033e+00 2.319932660382295064e-01 1.370019038875246897e+00 2.493318544505555012e-01
1.604999999999987992e+00 1.365023601508142059e+00 1.604974277187871889e+00 2.319704608901765053e-01 1.365019350501063933e+00 2.493318545921897056e-01
1.609999999999988107e+00 1.360023912682776892e+00 1.609973966325821015e+00 2.319476651115477961e-01 1.360019661950871095e+00 2.493318547356687953e-01
1.614999999999988001e+00 1.355024223802786087e+00 1.614973655518558093e+00 2.319248785576185912e-01 1.355019973346373030e+00 2.493318548753674091e-01
1.619999999999987006e+00 1.350024534681552035e+00 1.619973344952698957e+00 2.319021010797309990e-01 1.350020284500957013e+00 2.493318550120607879e-01
1.624999999999986899e+00 1.345024845499154020e+00 1.624973034448166986e+00 2.318793324588951099e-01 1.345020595594704105e+00 2.493318551499741909e-01
1.629999999999987015e+00 1.340025156152762964e+00 1.629972724107793036e+00 2.318565724930864991e-01 1.340020906524787891e+00 2.493318552946368061e-01
1.634999999999986908e+00 1.335025466767091995e+00 1.634972413806865088e+00 2.318338210354964901e-01 1.335021217415927053e+00 2.493318554345740901e-01
1.639999999999987024e+00 1.330025777354080896e+00 1.639972103533446024e+00 2.318110778692173135e-01 1.330021528280060039e+00 2.493318555756736943e-01
1.644999999999986917e+00 1.325026087767469107e+00 1.644971793433797957e+00 2.317883428654934908e-01 1.325021838970934063e+00 2.493318557130148050e-01
1.649999999999987033e+00 1.320026397999185974e+00 1.649971483515991988e+00 2.317656157817472029e-01 1.320022149480478912e+00 2.493318558566005871e-01
1.654999999999986926e+00 1.315026708194749983e+00 1.654971173634510961e+00 2.317428964756990117e-01 1.315022459954217959e+00 2.493318559986217875e-01
1.659999999999987041e+00 1.310027018279185995e+00 1.659970863864334012e+00 2.317201847622532007e-01 1.310022770317176954e+00 2.493318561376710041e-01
1.664999999999986047e+00 1.305027328358618899e+00 1.664970554099334921e+00 2.316974804244358865e-01 1.305023080675487890e+00 2.493318562796361937e-01
1.669999999999985940e+00 1.300027638183963052e+00 1.669970244588603991e+00 2.316747833464002093e-01 1.300023390780064014e+00 2.493318564224150935e-01
1.674999999999986056e+00 1.295027947964570103e+00 1.674969935122788911e+00 2.316520933015437933e-01 1.295023700840264969e+00 2.493318565614983939e-01
1.679999999999985949e+00 1.290028257848405024e+00 1.679969625553928037e+00 2.316294100886696905e-01 1.290024011004055948e+00 2.493318567080939907e-01
1.684999999999986064e+00 1.285028567556252943e+00 1.684969316161238018e+00 2.316067335362864132e-01 1.285024320992228075e+00 2.493318568448628925e-01
1.689999999999985958e+00 1.280028877065432891e+00 1.689969006967400045e+00 2.315840634737323933e-01 1.280024630782101047e+00 2.493318569906541049e-01
1.694999999999986073e+00 1.275029186416986926e+00 1.694968697931376944e+00 2.315613996934209884e-01 1.275024940414722030e+00 2.493318571286561869e-01
1.699999999999985967e+00 1.270029495889219096e+00 1.699968388774862893e+00 2.315387420583613909e-01 1.270025250168399067e+00 2.493318572751017925e-01
1.704999999999986082e+00 1.265029805233780058e+00 1.704968079746209009e+00 2.315160902964676914e-01 1.265025559794787036e+00 2.493318574200507065e-01
1.709999999999985976e+00 1.260030114627795905e+00 1.709967770668296083e+00 2.314934443220222904e-01 1.260025869471014914e+00 2.493318575639658918e-01
1.714999999999984981e+00 1.255030423742538925e+00 1.714967461869846943e+00 2.314708039015092866e-01 1.255026178868360098e+00 2.493318577060363028e-01
1.719999999999985096e+00 1.250030733046002984e+00 1.719967152882875938e+00 2.314481688430634898e-01 1.250026488454818008e+00 2.493318578481094894e-01
1.724999999999984990e+00 1.245031042024606904e+00 1.724966844220962914e+00 2.314255389385334871e-01 1.245026797716813016e+00 2.493318579948098912e-01
1.729999999999985105e+00 1.240031350909702956e+00 1.729966535652758930e+00 2.314029140433246090e-01 1.240027106885700947e+00 2.493318581360421116e-01
1.734999999999984999e+00 1.235031660124491060e+00 1.734966226755064955e+00 2.313802939252191104e-01 1.235027416384687049e+00 2.493318582801359873e-01
1.739999999999984892e+00 1.230031968928188002e+00 1.739965918268665979e+00 2.313576784578423862e-01 1.230027725472990108e+00 2.493318584239241076e-01
1.744999999999985008e+00 1.225032277689876992e+00 1.744965609824483010e+00 2.313350673532955093e-01 1.225028034519699105e+00 2.493318585655601993e-01
1.749999999999984901e+00 1.220032586499484983e+00 1.749965301332587986e+00 2.313124604902909998e-01 1.220028343614746102e+00 2.493318587110419926e-01
1.754999999999985016e+00 1.215032895310401040e+00 1.754964992839598059e+00 2.312898576760140101e-01 1.215028652711521051e+00 2.493318588600733077e-01
1.759999999999984022e+00 1.210033203920489076e+00 1.759964684547649982e+00 2.312672586709252076e-01 1.210028961607896081e+00 2.493318590025697945e-01
1.764999999999983915e+00 1.205033512634998027e+00 1.764964376151493930e+00 2.312446633152062114e-01 1.205029270609123015e+00 2.493318591524250061e-01
1.769999999999984031e+00 1.200033821194893102e+00 1.769964067910170913e+00 2.312220714003676014e-01 1.200029579456171946e+00 2.493318592917042054e-01
1.774999999999983924e+00 1.195034129791566091e+00 1.774963759632290028e+00 2.311994827420522924e-01 1.195029888340437996e+00 2.493318594437715918e-01
1.779999999999984039e+00 1.190034438373344994e+00 1.779963451369523053e+00 2.311768971490643920e-01 1.190030197210256047e+00 2.493318595877581922e-01
1.784999999999983933e+00 1.185034746937901895e+00 1.784963143124207008e+00 2.311543143552924895e-01 1.185030506063301070e+00 2.493318597359709121e-01
1.789999999999984048e+00 1.180035055342671058e+00 1.789962835038904077e+00 2.311317342551512111e-01 1.180030814757013102e+00 2.493318598833146882e-01
1.794999999999983942e+00 1.175035363860218007e+00 1.794962526841052952e+00 2.311091565842063045e-01 1.175031123563962998e+00 2.493318600291765108e-01
1.799999999999984057e+00 1.170035672342975896e+00 1.799962218678224035e+00 2.310865811166792072e-01 1.170031432336587907e+00 2.493318601765371900e-01
1.804999999999983951e+00 1.165035980677942007e+00 1.804961910663422042e+00 2.310640077099938017e-01 1.165031740961891105e+00 2.493318603205801065e-01
1.809999999999982956e+00 1.160036289020127009e+00 1.809961602641638079e+00 2.310414361133517058e-01 1.160032049594887038e+00 2.493318604722521981e-01
1.814999999999983071e+00 1.155036597360094897e+00 1.814961294622311927e+00 2.310188661376093022e-01 1.155032358226147027e+00 2.493318606136011861e-01
1.819999999999982965e+00 1.150036905957676936e+00 1.819960986345612985e+00 2.309962975523486006e-01 1.150032667115507001e+00 2.493318607609401882e-01
1.824999999999983080e+00 1.145037214165540940e+00 1.824960678458878105e+00 2.309737301872026027e-01 1.145032975615638993e+00 2.493318609151790044e-01
1.829999999999982974e+00 1.140037522630563904e+00 1.829960370315232066e+00 2.309511637937375073e-01 1.140033284373427103e+00 2.493318610601817087e-01
1.834999999999983089e+00 1.135037830967575934e+00 1.834960062299848094e+00 2.309285981928788922e-01 1.135033593003706098e+00 2.493318612114009125e-01
1.839999999999982983e+00 1.130038139343640058e+00 1.839959754245668044e+00 2.309060330815831119e-01 1.130033901673543895e+00 2.493318613605390865e-01
1.844999999999983098e+00 1.125038447714189038e+00 1.844959446197258046e+00 2.308834683438888979e-01 1.125034210338381913e+00 2.493318615112669889e-01
1.849999999999982991e+00 1.120038756026304094e+00 1.849959138207541987e+00 2.308609036942780024e-01 1.120034518945304924e+00 2.493318616607357874e-01
1.854999999999981997e+00 1.115039064463303031e+00 1.854958830093204947e+00 2.308383389146654030e-01 1.115034827677638951e+00 2.493318618062599912e-01
1.859999999999981890e+00 1.110039372782694045e+00 1.859958522096742950e+00 2.308157737874151905e-01 1.110035136292895075e+00 2.493318619559780069e-01
1.864999999999982006e+00 1.105039681264941009e+00 1.864958213937693010e+00 2.307932080906122119e-01 1.105035445071544942e+00 2.493318621083266129e-01
1.869999999999981899e+00 1.100039989547723973e+00 1.869957905978379076e+00 2.307706416032747898e-01 1.100035753651277037e+00 2.493318622556812136e-01
1.874999999999982014e+00 1.095040298064021034e+00 1.874957597785827934e+00 2.307480740692358090e-01 1.095036062465071902e+00 2.493318624134122086e-01
1.879999999999981908e+00 1.090040606479419916e+00 1.879957289694452083e+00 2.307255053018542890e-01 1.090036371178527919e+00 2.493318625577023995e-01
1.884999999999982023e+00 1.085040915136858075e+00 1.884956981361320061e+00 2.307029349938010121e-01 1.085036680134586984e+00 2.493318627135898136e-01
1.889999999999981917e+00 1.080041223475348033e+00 1.889956673347420901e+00 2.306803629369588993e-01 1.080036988772270057e+00 2.493318628626297884e-01
1.894999999999982032e+00 1.075041532238742992e+00 1.894956364908908064e+00 2.306577889134746040e-01 1.075037297835435002e+00 2.493318630180562101e-01
1.899999999999981037e+00 1.070041840690520996e+00 1.899956056782303060e+00 2.306352126011325943e-01 1.070037606587568968e+00 2.493318631658706930e-01
1.904999999999980931e+00 1.065042149370412972e+00 1.904955748427880957e+00 2.306126338633422979e-01 1.065037915568409099e+00 2.493318633224440029e-01
1.909999999999981046e+00 1.060042458054113013e+00 1.909955440069950994e+00 2.305900523625286080e-01 1.060038224553657038e+00 2.493318634711794990e-01
1.914999999999980940e+00 1.055042766828875989e+00 1.914955131621260076e+00 2.305674678638741093e-01 1.055038533630574982e+00 2.493318636286100121e-01
1.919999999999981055e+00 1.050043075659061964e+00 1.919954823117455911e+00 2.305448801364420042e-01 1.050038842763530988e+00 2.493318637784041891e-01
1.924999999999980949e+00 1.045043384389032104e+00 1.924954514714178000e+00 2.305222889000783093e-01 1.045039151796893995e+00 2.493318639381489066e-01
1.929999999999981064e+00 1.040043693383722934e+00 1.929954206046494924e+00 2.304996939014238022e-01 1.040039461095608075e+00 2.493318640889544968e-01
1.934999999999980957e+00 1.035044002309688960e+00 1.934953897447855953e+00 2.304770948342703962e-01 1.035039770326237063e+00 2.493318642468380919e-01
1.939999999999981073e+00 1.030044311410335922e+00 1.939953588674860008e+00 2.304544914562982882e-01 1.030040079732192915e+00 2.493318643988506056e-01
1.944999999999980966e+00 1.025044620476365020e+00 1.944953279936810997e+00 2.304318835014939892e-01 1.025040389104187044e+00 2.493318645521863941e-01
1.949999999999979972e+00 1.020044929619700946e+00 1.949952971121786005e+00 2.304092706890077946e-01 1.020040698554151914e+00 2.493318647127618082e-01
1.954999999999980087e+00 1.015045238903212965e+00 1.954952662166921096e+00 2.303866527071354864e-01 1.015041008144965895e+00 2.493318648632270040e-01
1.959999999999979980e+00 1.010045548086736966e+00 1.959952353312385043e+00 2.303640293478503021e-01 1.010041317636473979e+00 2.493318650217531962e-01
1.964999999999980096e+00 1.005045857550669997e+00 1.964952044177787016e+00 2.303414001989063098e-01 1.005041627409082095e+00 2.493318651752280957e-01
1.969999999999979989e+00 1.000046167213326953e+00 1.969951734844813895e+00 2.303187650732559100e-01 1.000041937381114021e+00 2.493318653391483897e-01
1.974999999999980105e+00 9.950464766283744211e-01 1.974951425759805090e+00 2.302961236241380105e-01 9.950422471062466689e-01 2.493318654899004116e-01
1.979999999999979998e+00 9.900467863153039616e-01 1.979951116403275035e+00 2.302734755298707081e-01 9.900425571039802586e-01 2.493318656534534994e-01
1.984999999999979892e+00 9.850470961507653556e-01 1.984950806898577946e+00 2.302508205193493918e-01 9.850428672509754513e-01 2.493318658082770978e-01
1.989999999999980007e+00 9.800474061517547852e-01 1.989950497228722082e+00 2.302281582490117995e-01 9.800431775642378662e-01 2.493318659636112045e-01
1.994999999999979012e+00 9.750477160597483817e-01 1.994950187652237972e+00 2.302054884313786964e-01 9.750434877852542925e-01 2.493318661293419947e-01
1.999999999999978906e+00 9.700480262924315866e-01 1.999949877751443950e+00 2.301828106999226076e-01 9.700437983317207191e-01 2.493318662890235127e-01
2.004999999999979021e+00 9.650483365551849602e-01 2.004949567820964784e+00 2.301601247906613079e-01 9.650441089090283642e-01 2.493318664476560920e-01
2.009999999999978915e+00 9.600486470154692142e-01 2.009949257693346869e+00 2.301374303234637042e-01 9.600444196846490419e-01 2.493318666013152052e-01
2.014999999999978808e+00 9.550489574738207921e-01 2.014948947568059978e+00 2.301147269318664090e-01 9.550447304591301867e-01 2.493318667676505118e-01
2.019999999999979146e+00 9.500492680855359140e-01 2.019948637289810112e+00 2.300920143345963897e-01 9.500450413877797873e-01 2.493318669249527941e-01
2.024999999999979039e+00 9.450495788697708122e-01 2.024948326839449031e+00 2.300692921474480068e-01 9.450453524897654001e-01 2.493318670888814981e-01
2.029999999999978932e+00 9.400498897785496411e-01 2.029948016264958799e+00 2.300465600097162944e-01 9.400456637171237251e-01 2.493318672519677925e-01
2.034999999999978826e+00 9.350502007312115893e-01 2.034947705647006000e+00 2.300238175678958052e-01 9.350459749892057193e-01 2.493318674145408864e-01
2.039999999999979163e+00 9.300505120909292600e-01 2.039947394622425136e+00 2.300010644218765110e-01 9.300462866691970865e-01 2.493318675758890990e-01
2.044999999999979057e+00 9.250508234389371864e-01 2.044947083609984784e+00 2.299783002397247089e-01 9.250465983383445723e-01 2.493318677388131899e-01
2.049999999999978950e+00 9.200511350097144714e-01 2.049946772375217829e+00 2.299555245682634863e-01 9.200469102311411573e-01 2.493318678977901881e-01
2.054999999999977955e+00 9.150514466431900473e-01 2.054946461078198894e+00 2.299327370883519073e-01 9.150472221875284307e-01 2.493318680605073057e-01
2.059999999999977849e+00 9.100517586014689186e-01 2.059946149456830078e+00 2.299099373686804004e-01 9.100475344696251634e-01 2.493318682305528944e-01
2.064999999999978186e+00 9.050520707629061690e-01 2.064945837632762959e+00 2.298871249639095893e-01 9.050478469558014272e-01 2.493318683917702117e-01
2.069999999999978080e+00 9.000523829336657400e-01 2.069945525799841146e+00 2.298642995282677015e-01 9.000481594522342643e-01 2.493318685599618945e-01
2.074999999999977973e+00 8.950526953345843140e-01 2.074945213737235061e+00 2.298414605884593898e-01 8.950484721797764553e-01 2.493318687211930895e-01
2.079999999999977867e+00 8.900530080410931077e-01 2.079944901369522814e+00 2.298186077104572012e-01 8.900487852138730949e-01 2.493318688927212978e-01
2.084999999999978204e+00 8.850533209439959137e-01 2.084944588805905052e+00 2.297957404792388136e-01 8.850490984453444065e-01 2.493318690552036865e-01
2.089999999999978098e+00 8.800536339492737170e-01 2.089944276140412782e+00 2.297728584191588985e-01 8.800494117801866967e-01 2.493318692228984057e-01
2.094999999999977991e+00 8.750539472036962252e-01 2.094943963226282957e+00 2.297499610992936869e-01 8.750497253651858820e-01 2.493318693895874016e-01
2.099999999999976996e+00 8.700542608181081050e-01 2.099943649952675795e+00 2.297270479942360999e-01 8.700500393112036157e-01 2.493318695584832989e-01
2.104999999999976890e+00 8.650545746310740469e-01 2.104943336481042149e+00 2.297041186615962072e-01 8.650503534568215747e-01 2.493318697260591965e-01
2.109999999999976783e+00 8.600548884563181673e-01 2.109943022997658790e+00 2.296811726018694044e-01 8.600506676157811947e-01 2.493318698946656031e-01
2.114999999999977121e+00 8.550552026774767000e-01 2.114942709118905029e+00 2.296582093129680979e-01 8.550509821717364733e-01 2.493318700639720054e-01
2.119999999999977014e+00 8.500555170717802866e-01 2.119942395067555108e+00 2.296352282744389961e-01 8.500512969019368148e-01 2.493318702407374965e-01
2.124999999999976907e+00 8.450558317738341430e-01 2.124942080709014913e+00 2.296122289506890013e-01 8.450516119410064197e-01 2.493318704098133054e-01
2.129999999999976801e+00 8.400561468318983316e-01 2.129941765995034153e+00 2.295892108344131100e-01 8.400519273372244466e-01 2.493318705840265048e-01
2.134999999999977138e+00 8.350564621825924405e-01 2.134941450989003009e+00 2.295661733191466936e-01 8.350522430272306895e-01 2.493318707531005096e-01
2.139999999999977032e+00 8.300567775712579532e-01 2.139941135945591988e+00 2.295431158676717875e-01 8.300525587563867269e-01 2.493318709246654108e-01
2.144999999999976037e+00 8.250570935258565441e-01 2.144940820336846965e+00 2.295200379150520997e-01 8.250528750526757715e-01 2.493318710999583021e-01
2.149999999999975930e+00 8.200574095545221098e-01 2.149940504654646034e+00 2.294969388571277136e-01 8.200531914242527032e-01 2.493318712725008934e-01
2.154999999999975824e+00 8.150577259548867914e-01 2.154940188601369044e+00 2.294738180737800060e-01 8.150535081687720895e-01 2.493318714491583876e-01
2.159999999999976161e+00 8.100580427766885805e-01 2.159939872127289995e+00 2.294506749692230008e-01 8.100538253359949037e-01 2.493318716242907129e-01
2.164999999999976055e+00 8.050583599149376823e-01 2.164939555337407118e+00 2.294275088497499115e-01 8.050541428209544437e-01 2.493318718015443136e-01
2.169999999999975948e+00 8.000586771864846014e-01 2.169939238414885008e+00 2.294043191163397111e-01 8.000544604405256388e-01 2.493318719781454085e-01
2.174999999999975842e+00 7.950589949476238871e-01 2.174938921003440218e+00 2.293811050598124901e-01 7.950547785510277965e-01 2.493318721520030867e-01
2.179999999999976179e+00 7.900593130478910098e-01 2.179938603253551932e+00 2.293578659860071034e-01 7.900550970020219221e-01 2.493318723266884085e-01
2.184999999999976072e+00 7.850596315425946159e-01 2.184938285109920830e+00 2.293346012300231107e-01 7.850554158488420864e-01 2.493318725118101875e-01
2.189999999999975966e+00 7.800599502991190093e-01 2.189937966705179928e+00 2.293113100077845967e-01 7.800557349589009037e-01 2.493318726897799098e-01
2.194999999999974971e+00 7.750602696050918894e-01 2.194937647751714849e+00 2.292879915694142068e-01 7.750560546198533851e-01 2.493318728675029128e-01
2.199999999999974865e+00 7.700605889522194047e-01 2.199937328757831878e+00 2.292646451834982058e-01 7.700563743234343228e-01 2.493318730468253863e-01
2.204999999999975202e+00 7.650609092182207860e-01 2.204937008845829105e+00 2.292412700412652937e-01 7.650566949473922573e-01 2.493318732340611132e-01
2.209999999999975095e+00 7.600612294932034274e-01 2.209936688925612014e+00 2.292178652894835966e-01 7.600570155818658913e-01 2.493318734133188053e-01
2.214999999999974989e+00 7.550615502557320724e-01 2.214936368518634069e+00 2.291944301173398923e-01 7.550573367054507212e-01 2.493318735945830866e-01
2.219999999999974882e+00 7.500618716787244011e-01 2.219936047451991801e+00 2.291709636671495076e-01 7.500576584910970679e-01 2.493318737840642951e-01
2.224999999999975220e+00 7.450621931885166305e-01 2.224935726299367200e+00 2.291474650406594982e-01 7.450579803651746769e-01 2.493318739661073979e-01
2.229999999999975113e+00 7.400625155044053827e-01 2.229935404341480076e+00 2.291239332872896939e-01 7.400583030470148094e-01 2.493318741520522963e-01
2.234999999999975007e+00 7.350628381492469998e-01 2.234935082055493183e+00 2.291003675192332112e-01 7.350586260595093346e-01 2.493318743400503024e-01
2.239999999999974012e+00 7.300631612199026677e-01 2.239934759344562210e+00 2.290767667224518911e-01 7.300589494995562978e-01 2.493318745270783066e-01
2.244999999999973905e+00 7.250634848314234659e-01 2.244934436093655172e+00 2.290531298693440909e-01 7.250592734822451924e-01 2.493318747168581095e-01
2.249999999999973799e+00 7.200638089951780785e-01 2.249934112291426036e+00 2.290294559250360129e-01 7.200595980189843370e-01 2.493318749001242063e-01
2.254999999999974136e+00 7.150641337214551640e-01 2.254933787927603017e+00 2.290057438559481018e-01 7.150599231201022477e-01 2.493318750917304927e-01
2.259999999999974030e+00 7.100644590032061387e-01 2.259933463009256904e+00 2.289819925395152889e-01 7.100602487785930839e-01 2.493318752840917030e-01
2.264999999999973923e+00 7.050647847964341963e-01 2.264933137580408040e+00 2.289582007820842868e-01 7.050605749505034492e-01 2.493318754788620972e-01
2.269999999999973817e+00 7.000651111422939721e-01 2.269932811599922218e+00 2.289343674529329964e-01 7.000609016770338311e-01 2.493318756680097115e-01
2.274999999999974154e+00 6.950654380843275248e-01 2.274932485024283135e+00 2.289104912753046062e-01 6.950612290017726957e-01 2.493318758636093868e-01
2.279999999999974047e+00 6.900657657144506629e-01 2.279932157761598077e+00 2.288865710043609947e-01 6.900615570166844792e-01 2.493318760548103863e-01
2.284999999999973053e+00 6.850660938235364483e-01 2.284931830021017962e+00 2.288626053432648022e-01 6.850618855126920925e-01 2.493318762555510881e-01
2.289999999999972946e+00 6.800664226443018379e-01 2.289931501569855143e+00 2.288385928703277061e-01 6.800622147225654501e-01 2.493318764501636919e-01
2.294999999999972840e+00 6.750667523247102508e-01 2.294931172260170182e+00 2.288145322458030873e-01 6.750625447943218171e-01 2.493318766516834095e-01
2.299999999999973177e+00 6.700670824495773559e-01 2.299930842507178053e+00 2.287904219542979956e-01 6.700628753128335946e-01 2.493318768523679063e-01
2.304999999999973070e+00 6.650674132449694298e-01 2.304930512084840011e+00 2.287662604696318047e-01 6.650632065042253460e-01 2.493318770505077997e-01
2.309999999999972964e+00 6.600677451151000241e-01 2.309930180588974924e+00 2.287420462222660988e-01 6.600635387727713521e-01 2.493318772502159941e-01
2.314999999999972857e+00 6.550680773751196284e-01 2.314929848704462945e+00 2.287177775773870936e-01 6.550638714336854962e-01 2.493318774554388051e-01
2.319999999999973195e+00 6.500684107147662871e-01 2.319929515741599779e+00 2.286934528493667074e-01 6.500642051767714369e-01 2.493318776614610877e-01
2.324999999999973088e+00 6.450687445915832541e-01 2.324929182242875036e+00 2.286690702305884948e-01 6.450645394596411508e-01 2.493318778697100890e-01
2.329999999999972982e+00 6.400690793010426205e-01 2.329928847912853040e+00 2.286446278827277134e-01 6.400648745778384496e-01 2.493318780779832933e-01
2.334999999999971987e+00 6.350694150243043623e-01 2.334928512570412007e+00 2.286201238808331926e-01 6.350652107125974721e-01 2.493318782855885041e-01
2.339999999999971880e+00 6.300697514686248724e-01 2.339928176508332847e+00 2.285955562310126865e-01 6.300655475712524378e-01 2.493318784946136069e-01
2.344999999999972218e+00 6.250700890099665230e-01 2.344927839350697152e+00 2.285709228321212982e-01 6.250658855298468763e-01 2.493318787031038875e-01
2.349999999999972111e+00 6.200704274687609541e-01 2.349927501277111919e+00 2.285462215060166113e-01 6.200662244088969155e-01 2.493318789172792871e-01
2.354999999999972005e+00 6.150707668350605672e-01 2.354927162297570931e+00 2.285214499906957908e-01 6.150665641985436638e-01 2.493318791308319071e-01
2.359999999999971898e+00 6.100711072680837788e-01 2.359926822252902845e+00 2.284966058921331922e-01 6.100669050580977970e-01 2.493318793529115118e-01
2.364999999999971791e+00 6.050714485324988345e-01 2.364926481378486933e+00 2.284716867322194866e-01 6.050672467523252607e-01 2.493318795673684085e-01
2.369999999999972129e+00 6.000717910531534471e-01 2.369926139249526997e+00 2.284466898878715901e-01 6.000675897061744646e-01 2.493318797899438943e-01
2.374999999999972022e+00 5.950721346131899736e-01 2.374925796082933083e+00 2.284216126522151113e-01 5.950679337028950133e-01 2.493318800062840901e-01
2.379999999999971028e+00 5.900724792937808161e-01 2.379925451797590075e+00 2.283964521800948000e-01 5.900682788237699983e-01 2.493318802315808991e-01
2.384999999999970921e+00 5.850728252393082585e-01 2.384925106249172977e+00 2.283712054546115089e-01 5.850686252132994980e-01 2.493318804586276138e-01
2.389999999999970814e+00 5.800731723706462617e-01 2.389924759516870889e+00 2.283458693241758042e-01 5.800689727924807082e-01 2.493318806828234979e-01
2.394999999999971152e+00 5.750735208180230984e-01 2.394924411470519043e+00 2.283204405165105977e-01 5.750693216916710204e-01 2.493318809134950076e-01
2.399999999999971045e+00 5.700738707030836849e-01 2.399924061988543134e+00 2.282949155143524922e-01 5.700696720326520195e-01 2.493318811456355921e-01
2.404999999999970939e+00 5.650742217340507523e-01 2.404923711362790151e+00 2.282692906887809903e-01 5.650700235237899882e-01 2.493318813796789879e-01
2.409999999999970832e+00 5.600745744741288945e-01 2.409923359030131884e+00 2.282435621553662863e-01 5.600703767284408441e-01 2.493318816161823881e-01
2.414999999999971170e+00 5.550749284182074916e-01 2.414923005495759778e+00 2.282177258747548065e-01 5.550707311416540612e-01 2.493318818495628975e-01
2.419999999999971063e+00 5.500752839312212927e-01 2.419922650394823016e+00 2.281917775339319110e-01 5.500710871285330317e-01 2.493318820928233925e-01
2.424999999999970957e+00 5.450756411038355509e-01 2.424922293636746051e+00 2.281657126050185003e-01 5.450714447799220874e-01 2.493318823334932932e-01
2.429999999999969962e+00 5.400760001469961935e-01 2.429921935010680212e+00 2.281395262605533103e-01 5.400718043069557828e-01 2.493318825817877060e-01
2.434999999999969855e+00 5.350763607160615720e-01 2.434921574861363958e+00 2.281132134330068895e-01 5.350721653651936416e-01 2.493318828285185917e-01
2.439999999999970193e+00 5.300767230307883437e-01 2.439921212969148101e+00 2.280867687436488045e-01 5.300725281746048179e-01 2.493318830791819984e-01
2.444999999999970086e+00 5.250770874671388810e-01 2.444920848958183957e+00 2.280601864285169977e-01 5.250728931113779474e-01 2.493318833352060060e-01
2.449999999999969980e+00 5.200774538896553167e-01 2.449920482964050183e+00 2.280334604147259137e-01 5.200732600402960815e-01 2.493318835894718921e-01
2.454999999999969873e+00 5.150778222151757291e-01 2.454920115070037046e+00 2.280065842113906116e-01 5.150736288784530936e-01 2.493318838519849034e-01
2.459999999999970210e+00 5.100781927964135321e-01 2.459919744923568796e+00 2.279795508756244093e-01 5.100739999788362899e-01 2.493318841130844066e-01
2.464999999999970104e+00 5.050785655674303598e-01 2.464919372590728130e+00 2.279523530749318905e-01 5.050743732757991822e-01 2.493318843835322096e-01
2.469999999999969997e+00 5.000789407048955582e-01 2.469918997895003798e+00 2.279249828846320047e-01 5.000747489463236439e-01 2.493318846495500007e-01
2.474999999999969003e+00 4.950793183535893149e-01 2.474918620691783033e+00 2.278974318479949912e-01 4.950751271355243177e-01 2.493318849276880966e-01
2.479999999999968896e+00 4.900796987437274765e-01 2.479918240751028957e+00 2.278696909407668947e-01 4.900755080739763181e-01 2.493318852087675064e-01
2.484999999999968789e+00 4.850800817003459997e-01 2.484917858247900124e+00 2.278417503825594936e-01 4.850758915871017929e-01 2.493318854886467928e-01
2.489999999999969127e+00 4.800804677011569765e-01 2.489917472704890056e+00 2.278135997386415978e-01 4.800762781530282242e-01 2.493318857767745089e-01
2.494999999999969020e+00 4.750808566258228893e-01 2.494917084242563199e+00 2.277852276959267119e-01 4.750766676518660137e-01 2.493318860673215120e-01
2.499999999999968914e+00 4.700812488885048879e-01 2.499916692447000877e+00 2.277566220572899980e-01 4.700770604982602019e-01 2.493318863630593074e-01
2.504999999999968807e+00 4.650816444681141193e-01 2.504916297339550901e+00 2.277277696539354024e-01 4.650774566716460723e-01 2.493318866641358877e-01
2.509999999999969145e+00 4.600820436054959828e-01 2.509915898679655033e+00 2.276986561802110953e-01 4.600778564134375137e-01 2.493318869709112984e-01
2.514999999999969038e+00 4.550824466208496233e-01 2.514915496147422935e+00 2.276692660933002932e-01 4.550782600444505110e-01 2.493318872843691136e-01
2.519999999999968043e+00 4.500828535572055089e-01 2.519915089700159871e+00 2.276395825020622876e-01 4.500786676083881055e-01 2.493318876008767115e-01
2.524999999999967937e+00 4.450832648964819782e-01 2.524914678856315042e+00 2.276095869319199883e-01 4.450790795879028261e-01 2.493318879274636080e-01
2.529999999999967830e+00 4.400836806771052934e-01 2.529914263577864197e+00 2.275792592411572113e-01 4.400794960222234042e-01 2.493318882586856022e-01
2.534999999999968168e+00 4.350841013929879764e-01 2.534913843371334075e+00 2.275485772952245966e-01 4.350799174061428243e-01 2.493318885980222999e-01
2.539999999999968061e+00 4.300845275664642031e-01 2.539913417714875887e+00 2.275175168046169871e-01 4.300803442629628215e-01 2.493318889405863881e-01
2.544999999999967955e+00 4.250849589834331255e-01 2.544912986823124168e+00 2.274860509704685896e-01 4.250807763796491945e-01 2.493318892947999077e-01
2.549999999999967848e+00 4.200853964987060762e-01 2.549912549841856890e+00 2.274541502253228098e-01 4.200812146121919999e-01 2.493318896580236921e-01
2.554999999999968185e+00 4.150858404759389941e-01 2.554912106408071093e+00 2.274217818030243032e-01 4.150816593255527986e-01 2.493318900373281133e-01
2.559999999999968079e+00 4.100862913378193753e-01 2.559911656099805199e+00 2.273889092322851080e-01 4.100821109438718137e-01 2.493318904167846073e-01
2.564999999999967972e+00 4.050867495937212071e-01 2.564911198408497128e+00 2.273554919494795989e-01 4.050825699781407940e-01 2.493318908102709064e-01
2.569999999999966978e+00 4.000872161021221118e-01 2.569910732476571980e+00 2.273214845553483965e-01 4.000830372886475805e-01 2.493318912211325011e-01
2.574999999999966871e+00 3.950876912374213235e-01 2.574910257930647983e+00 2.272868361008739124e-01 3.950835132518225046e-01 2.493318916434041077e-01
2.579999999999967208e+00 3.900881761850599205e-01 2.579909773586428035e+00 2.272514892352577864e-01 3.900839990553938152e-01 2.493318920717876863e-01
2.584999999999967102e+00 3.850886714425313939e-01 2.584909278947709055e+00 2.272153792018783980e-01 3.850844951994378818e-01 2.493318925214262072e-01
2.589999999999966995e+00 3.800891782752557901e-01 2.589908772750538102e+00 2.271784325637065949e-01 3.800850029523044071e-01 2.493318929954962127e-01
2.594999999999966889e+00 3.750896975888621809e-01 2.594908254090952937e+00 2.271405656840138065e-01 3.750855232229584058e-01 2.493318934754359117e-01
2.599999999999966782e+00 3.700902311240100162e-01 2.599907721230199975e+00 2.271016830388065955e-01 3.700860577558695019e-01 2.493318939843834070e-01
2.604999999999967120e+00 3.650907800858362862e-01 2.604907172965330808e+00 2.270616750143746865e-01 3.650866077605480764e-01 2.493318945131917930e-01
2.609999999999967013e+00 3.600913460702769853e-01 2.609906607702925818e+00 2.270204153358451049e-01 3.600871748379675941e-01 2.493318950663327982e-01
2.614999999999966018e+00 3.550919313483972828e-01 2.614906023174838001e+00 2.269777578854859090e-01 3.550877612650213955e-01 2.493318956499860073e-01
2.619999999999965912e+00 3.500925381740103148e-01 2.619905417130636849e+00 2.269335328539076879e-01 3.500883693022953103e-01 2.493318962648403969e-01
2.624999999999965805e+00 3.450931692192681921e-01 2.624904786902125142e+00 2.268875421091867961e-01 3.450890016298441831e-01 2.493318969140128905e-01
2.629999999999966143e+00 3.400938278435888251e-01 2.629904129134514879e+00 2.268395533583028867e-01 3.400896616163486263e-01 2.493318976046914881e-01
2.634999999999966036e+00 3.350945174504432189e-01 2.634903440429789967e+00 2.267892931462185124e-01 3.350903526761833118e-01 2.493318983432014913e-01
2.639999999999965929e+00 3.300952427318578075e-01 2.639902716102366931e+00 2.267364381169950094e-01 3.300910795142634746e-01 2.493318991337019064e-01
2.644999999999965823e+00 3.250960089108331785e-01 2.644901950936891843e+00 2.266806044069319959e-01 3.250918473688882981e-01 2.493318999840566930e-01
2.649999999999966160e+00 3.200968225048229088e-01 2.649901138425030833e+00 2.266213345224576126e-01 3.200926627757381127e-01 2.493319009028917010e-01
2.654999999999966054e+00 3.150976906019736234e-01 2.654900271489530006e+00 2.265580812690418944e-01 3.150935328447513895e-01 2.493319019051221108e-01
2.659999999999965947e+00 3.100986225235828897e-01 2.659899340822157843e+00 2.264901883099610103e-01 3.100944669233556827e-01 2.493319029965684053e-01
2.664999999999964952e+00 3.050996288617682239e-01 2.664898335846498156e+00 2.264168664450141033e-01 3.050954756350692243e-01 2.493319042025622101e-01
2.669999999999964846e+00 3.001007229593569137e-01 2.669897243238615214e+00 2.263371654826948076e-01 3.000965723605050761e-01 2.493319055380220084e-01
2.674999999999965183e+00 2.951019206558100905e-01 2.674896047181786862e+00 2.262499409988109889e-01 2.950977729846008812e-01 2.493319070227877909e-01
2.679999999999965077e+00 2.901032404608515081e-01 2.679894729193620151e+00 2.261538163051710071e-01 2.900990960717407252e-01 2.493319086861718048e-01
2.684999999999964970e+00 2.851047052623059130e-01 2.684893266419038138e+00 2.260471401200586927e-01 2.851005645752447970e-01 2.493319105636206123e-01
2.689999999999964864e+00 2.801063423021616927e-01 2.689891631655084048e+00 2.259279417949618118e-01 2.801022058151669269e-01 2.493319126947428910e-01
2.694999999999965201e+00 2.751081835772951067e-01 2.694889792951043805e+00 2.257938872244807937e-01 2.751040518807061908e-01 2.493319151280526946e-01
2.699999999999965095e+00 2.701102667812592117e-01 2.699887712667373929e+00 2.256422403244963126e-01 2.701061405734347942e-01 2.493319179123452134e-01
2.704999999999964988e+00 2.651126355391681955e-01 2.704885347241273941e+00 2.254698367071887033e-01 2.651085156431006173e-01 2.493319211115709033e-01
2.709999999999963993e+00 2.601153395035495919e-01 2.709882647090885222e+00 2.252730773113567897e-01 2.601112268835639729e-01 2.493319248097058960e-01
2.714999999999963887e+00 2.551184338811510188e-01 2.714879557087948925e+00 2.250479492251308000e-01 2.551143296585585141e-01 2.493319290682524114e-01
2.719999999999963780e+00 2.501219794847279743e-01 2.719876016504834126e+00 2.247900791388444119e-01 2.501178849510888869e-01 2.493319339853070915e-01
2.724999999999964118e+00 2.451260404205939103e-01 2.724871961325121994e+00 2.244948190224627937e-01 2.451219570472611131e-01 2.493319396440555058e-01
2.729999999999964011e+00 2.401306833111754024e-01 2.729867325018644930e+00 2.241573585157123905e-01 2.401266127540223061e-01 2.493319461530620063e-01
2.734999999999963904e+00 2.351359758201141126e-01 2.734862040013684048e+00 2.237728513835491040e-01 2.351319199188652009e-01 2.493319535879293114e-01
2.739999999999963798e+00 2.301419841394559129e-01 2.739856040207115040e+00 2.233365403943304017e-01 2.301379449116789933e-01 2.493319620459699959e-01
2.744999999999964135e+00 2.251487725417203045e-01 2.744849261410008179e+00 2.228438650646472063e-01 2.251447521721728906e-01 2.493319716151614907e-01
2.749999999999964029e+00 2.201564012372382861e-01 2.749841643488560194e+00 2.222905405591895922e-01 2.201524020637342094e-01 2.493319823709186922e-01
2.754999999999963034e+00 2.151649265982734094e-01 2.754833130138909958e+00 2.216726029420058031e-01 2.151609510954342885e-01 2.493319943773721903e-01
2.759999999999962927e+00 2.101744009003549962e-01 2.759823669145409220e+00 2.209864215708229052e-01 2.101704516625768904e-01 2.493320077100807108e-01
2.764999999999962821e+00 2.051848725523494898e-01 2.764813212150718957e+00 2.202286842117217036e-01 2.051809522770809135e-01 2.493320224028645060e-01
2.769999999999963158e+00 2.001963860596847056e-01 2.769801714693120864e+00 2.193963626315122983e-01 2.001924975318006006e-01 2.493320385108911130e-01
2.774999999999963052e+00 1.952089838991480086e-01 2.774789134332500851e+00 2.184866665571590927e-01 1.952051299768756965e-01 2.493320560666265062e-01
2.779999999999962945e+00 1.902227055881731133e-01 2.779775431581946954e+00 2.174969917276624864e-01 1.902188891907891921e-01 2.493320751064823926e-01
2.784999999999962839e+00 1.852375901729602092e-01 2.784760567420506039e+00 2.164248675984845882e-01 1.852338142702434909e-01 2.493320956603755079e-01
2.789999999999963176e+00 1.802536758685162888e-01 2.789744503653976970e+00 2.152679065227156019e-01 1.802499434718647098e-01 2.493321177356800089e-01
2.794999999999963070e+00 1.752710016682658967e-01 2.794727201306034914e+00 2.140237566117333123e-01 1.752673158232825878e-01 2.493321413542773091e-01
2.799999999999962963e+00 1.702896069484056973e-01 2.799708621014517007e+00 2.126900578822076004e-01 1.702859707287709135e-01 2.493321665316121094e-01
2.804999999999961968e+00 1.653095329654679091e-01 2.804688721534394968e+00 2.112644021792033089e-01 1.653059494678804919e-01 2.493321932811675135e-01
2.809999999999961862e+00 1.603308234742125138e-01 2.809667459120329891e+00 2.097442957147936105e-01 1.603272958142210047e-01 2.493322216188446072e-01
2.814999999999962199e+00 1.553535250657364919e-01 2.814644787188925079e+00 2.081271232741259136e-01 1.553500563743029084e-01 2.493322515368854020e-01
2.819999999999962093e+00 1.503776877435800963e-01 2.819620655742915982e+00 2.064101134473652066e-01 1.503742811642322930e-01 2.493322830533143963e-01
2.824999999999961986e+00 1.454033660176521081e-01 2.824595010277481055e+00 2.045903037341846031e-01 1.454000247041060123e-01 2.493323161653487885e-01
2.829999999999961879e+00 1.404306200637953084e-01 2.829567790620858947e+00 2.026645045842273007e-01 1.404273471779426130e-01 2.493323508854453086e-01
2.834999999999962217e+00 1.354595152284346071e-01 2.834538931429853026e+00 2.006292603483985082e-01 1.354563139386454895e-01 2.493323872154387943e-01
2.839999999999962110e+00 1.304901241087987884e-01 2.839508360109724183e+00 1.984808076462674098e-01 1.304869975884347943e-01 2.493324251503853950e-01
2.844999999999962004e+00 1.255225278930134081e-01 2.844475995474168961e+00 1.962150285200190969e-01 1.255194793191080072e-01 2.493324647007199024e-01
2.849999999999961009e+00 1.205568165097630068e-01 2.849441747595739205e+00 1.938273965573145130e-01 1.205538490618423969e-01 2.493325058663521943e-01
2.854999999999960902e+00 1.155930914172075968e-01 2.854405515016949835e+00 1.913129157232852928e-01 1.155902082761754018e-01 2.493325486477042108e-01
2.859999999999960796e+00 1.106314670502270975e-01 2.859367183303063165e+00 1.886660479278403080e-01 1.106286713972979979e-01 2.493325930322939921e-01
2.864999999999961133e+00 1.056720732808451996e-01 2.864326622581662818e+00 1.858806274706429063e-01 1.056693682964834069e-01 2.493326390421327088e-01
2.869999999999961027e+00 1.007150581960152003e-01 2.869283684764860176e+00 1.829497582429273905e-01 1.007124470588456056e-01 2.493326866585152957e-01
2.874999999999960920e+00 9.576059174513318339e-02 2.874238199901737900e+00 1.798656892908893912e-01 9.575807763078203472e-02 2.493327358889272927e-01
2.879999999999960814e+00 9.080887055104303052e-02 2.879189971367293932e+00 1.766196624028263107e-01 9.080645663086028829e-02 2.493327867299839073e-01
2.884999999999961151e+00 8.586012408505538929e-02 2.884138769687326853e+00 1.732017233260229883e-01 8.585781352466148597e-02 2.493328391706461089e-01
2.889999999999961044e+00 8.091462099494539650e-02 2.889084326210336950e+00 1.696004838722975083e-01 8.091241695256734534e-02 2.493328932190647107e-01
2.894999999999960050e+00 7.597268078810182068e-02 2.894026321424195913e+00 1.658028220193198954e-01 7.597058641254761380e-02 2.493329488662867077e-01
2.899999999999959943e+00 7.103468631350939866e-02 2.898964372473944007e+00 1.617934936253450917e-01 7.103270474171141657e-02 2.493330060970518069e-01
2.904999999999959837e+00 6.610110217204878680e-02 2.903898014751182810e+00 1.575546254807901891e-01 6.609923652598181931e-02 2.493330649176480063e-01
2.909999999999960174e+00 6.117250031793441956e-02 2.908826676292195934e+00 1.530650408264752071e-01 6.117075370065760964e-02 2.493331253129117131e-01
2.914999999999960067e+00 5.624959666063711339e-02 2.913749641175391147e+00 1.482993445407466970e-01 5.624797215107991272e-02 2.493331872709869113e-01
2.919999999999959961e+00 5.133330412122760755e-02 2.918665996464052004e+00 1.432266539019368123e-01 5.133180476714981760e-02 2.493332507779565110e-01
2.924999999999959854e+00 4.642481361303119058e-02 2.923574551224291884e+00 1.378087939494067882e-01 4.642344242121199116e-02 2.493333158073469114e-01
2.929999999999960192e+00 4.152572198069859333e-02 2.928473708583794188e+00 1.319976554158681092e-01 4.152448190276381013e-02 2.493333823329751120e-01
2.934999999999960085e+00 3.663824267813665242e-02 2.933361255050304095e+00 1.257311923156030076e-01 3.663713658923307276e-02 2.493334503185055950e-01
2.939999999999959979e+00 3.176558487519665075e-02 2.938233981398560957e+00 1.189271459627601057e-01 3.176461553991671849e-02 2.493335197086815058e-01
2.944999999999958984e+00 2.691265212074999899e-02 2.943086983995454098e+00 1.114726319256826026e-01 2.691182213556753133e-02 2.493335904161279037e-01
2.949999999999958877e+00 2.208745644635546138e-02 2.947912250672637846e+00 1.032061331287484063e-01 2.208676813466770028e-02 2.493336623039530131e-01
2.954999999999959215e+00 1.730450004384842880e-02 2.952695278992674144e+00 9.388500134327575075e-02 1.730395523860983956e-02 2.493337351153278869e-01
2.959999999999959108e+00 1.259420159201523996e-02 2.957405649766140954e+00 8.312797499711860327e-02 1.259380110622775918e-02 2.493338083452545928e-01
2.964999999999959002e+00 8.052537841390372542e-03 2.961947384658741189e+00 7.002348476295502944e-02 8.052279324079036904e-03 2.493338803802694903e-01
2.969999999999958895e+00 4.141045061634367197e-03 2.965858939828319052e+00 5.445679656462967116e-02 4.140911031146776722e-03 2.493339435441006002e-01
2.974999999999958789e+00 3.212276848606714866e-03 2.966787723066830917e+00 4.935056411436512802e-02 3.212172666749669048e-03 2.493339586913262129e-01
2.979999999999959126e+00 3.213670824076053992e-03 2.966786329162331981e+00 4.932235479558919056e-02 3.213566609229779204e-03 2.493339586713365919e-01
2.984999999999959019e+00 3.218726960594340061e-03 2.966781273031788846e+00 4.931999758792177113e-02 3.218622582877305859e-03 2.493339585867938024e-01
2.989999999999958025e+00 3.223995257174469119e-03 2.966776004737766037e+00 4.931907121936524724e-02 3.223890709756039186e-03 2.493339585053898078e-01
2.994999999999957918e+00 3.229353457998209147e-03 2.966770646538051892e+00 4.931863132443949777e-02 3.229248737986357021e-03 2.493339584181691881e-01
2.999999999999957812e+00 3.234735757573558874e-03 2.966765264239199951e+00 4.931835004366134229e-02 3.234630864195842115e-03 2.493339583270131055e-01
3.004999999999958149e+00 3.240130328765114878e-03 2.966759869668535110e+00 4.931815172200697261e-02 3.240025261630142140e-03 2.493339582358201079e-01
3.009999999999958042e+00 3.245533699447803160e-03 2.966754466298239024e+00 4.931800654037293147e-02 3.245428458276022887e-03 2.493339581546986095e-01
3.014999999999957936e+00 3.250942882225358026e-03 2.966749057115757982e+00 4.931789576316678719e-02 3.250837466833523138e-03 2.493339580606346029e-01
3.019999999999957829e+00 3.256356064919863069e-03 2.966743643933297037e+00 4.931780845511322259e-02 3.256250475183076077e-03 2.493339579748710122e-01
3.024999999999958167e+00 3.261772145134156885e-03 2.966738227853269017e+00 4.931773792427741193e-02 3.261666380963145883e-03 2.493339578861120953e-01
3.029999999999958060e+00 3.267190404126599050e-03 2.966732809594431863e+00 4.931767981709846843e-02 3.267084465454983978e-03 2.493339577964756026e-01
3.034999999999957954e+00 3.272610352035890905e-03 2.966727389646654167e+00 4.931763117231086763e-02 3.272504238813311872e-03 2.493339577101751914e-01
3.039999999999956959e+00 3.278031643762968107e-03 2.966721968355035877e+00 4.931758990276261662e-02 3.277925355950062070e-03 2.493339576216775100e-01
3.044999999999956852e+00 3.283454028569679061e-03 2.966716545970323970e+00 4.931755449338304231e-02 3.283347566135130791e-03 2.493339575349574067e-01
3.049999999999957190e+00 3.288877319655607052e-03 2.966711122679320134e+00 4.931752381692212223e-02 3.288770682574270864e-03 2.493339574413032111e-01
3.054999999999957083e+00 3.294301375214189927e-03 2.966705698623833154e+00 4.931749701680637060e-02 3.294194563465357994e-03 2.493339573505619078e-01
3.059999999999956977e+00 3.299726085388920115e-03 2.966700273913721819e+00 4.931747343026830765e-02 3.299619098955485896e-03 2.493339572640816126e-01
3.064999999999956870e+00 3.305151363983981072e-03 2.966694848635181181e+00 4.931745253636401344e-02 3.305044202851604041e-03 2.493339571776543029e-01
3.069999999999957208e+00 3.310577142415260018e-03 2.966689422856799929e+00 4.931743391994129755e-02 3.310469806571680884e-03 2.493339570876441091e-01
3.074999999999957101e+00 3.316003365014111044e-03 2.966683996634245979e+00 4.931741724604631755e-02 3.315895854449136138e-03 2.493339570006848915e-01
3.079999999999956994e+00 3.321429986719727067e-03 2.966678570012580174e+00 4.931740224152909857e-02 3.321322301424344935e-03 2.493339569098360076e-01
3.084999999999956000e+00 3.326856970120074981e-03 2.966673143029214810e+00 4.931738868138890036e-02 3.326749110086680162e-03 2.493339568198842116e-01
3.089999999999955893e+00 3.332284284272801940e-03 2.966667715715095799e+00 4.931737637870196173e-02 3.332176249494667175e-03 2.493339567301648130e-01
3.094999999999955786e+00 3.337711903232076088e-03 2.966662288096165945e+00 4.931736517685700316e-02 3.337603693703283803e-03 2.493339566467437929e-01
3.099999999999956124e+00 3.343139805353298986e-03 2.966656860194071932e+00 4.931735494378273327e-02 3.343031421068732179e-03 2.493339565590567131e-01
3.104999999999956017e+00 3.348567971883595947e-03 2.966651432027567203e+00 4.931734556722242035e-02 3.348459412838677984e-03 2.493339564691058885e-01
3.109999999999955911e+00 3.353996386980861999e-03 2.966646003612492866e+00 4.931733695131541168e-02 3.353887653171571791e-03 2.493339563784492119e-01
3.114999999999955804e+00 3.359425036921809011e-03 2.966640574962572163e+00 4.931732901361961935e-02 3.359316128344503206e-03 2.493339562900561135e-01
3.119999999999956142e+00 3.364853910112331967e-03 2.966635146089402042e+00 4.931732168293508772e-02 3.364744826763855102e-03 2.493339562007370058e-01
3.124999999999956035e+00 3.370282996136053037e-03 2.966629717003395950e+00 4.931731489742757768e-02 3.370173738013404040e-03 2.493339561153029016e-01
3.129999999999955040e+00 3.375712286291814804e-03 2.966624287713257146e+00 4.931730860319794713e-02 3.375602853392444935e-03 2.493339560233555074e-01
3.134999999999954934e+00 3.381141772481261951e-03 2.966618858227083155e+00 4.931730275301156319e-02 3.381032164802900020e-03 2.493339559383203063e-01
3.139999999999954827e+00 3.386571448171588061e-03 2.966613428551406972e+00 4.931729730533424005e-02 3.386461665711992808e-03 2.493339558480348050e-01
3.144999999999955165e+00 3.392001307079563991e-03 2.966607998692512016e+00 4.931729222354794273e-02 3.391891349836750891e-03 2.493339557560124986e-01
3.149999999999955058e+00 3.397431343754146044e-03 2.966602568655849925e+00 4.931728747516647693e-02 3.397321211726422874e-03 2.493339556686507974e-01
3.154999999999954952e+00 3.402861553715528804e-03 2.966597138445901116e+00 4.931728303135837765e-02 3.402751246901258853e-03 2.493339555810631103e-01
3.159999999999954845e+00 3.408291932539937990e-03 2.966591708067087829e+00 4.931727886642046227e-02 3.408181450937686208e-03 2.493339554946565062e-01
3.164999999999955183e+00 3.413722476524074217e-03 2.966586277523115101e+00 4.931727495737092681e-02 3.413611820132445018e-03 2.493339554003826120e-01
3.169999999999955076e+00 3.419153182000395086e-03 2.966580846817647998e+00 4.931727128361178963e-02 3.419042350818136001e-03 2.493339553130322905e-01
3.174999999999954969e+00 3.424584046261335956e-03 2.966575415953395023e+00 4.931726782663013731e-02 3.424473040287367986e-03 2.493339552240327883e-01
3.179999999999953975e+00 3.430015066450993813e-03 2.966569984933213888e+00 4.931726456974103862e-02 3.429903885684205001e-03 2.493339551375564900e-01
3.184999999999953868e+00 3.435446240069479039e-03 2.966564553759603928e+00 4.931726149786846980e-02 3.435334884508867148e-03 2.493339550466117105e-01
3.189999999999954206e+00 3.440877564518028849e-03 2.966559122435163065e+00 4.931725859739566342e-02 3.440766034162657128e-03 2.493339549623125040e-01
3.194999999999954099e+00 3.446309038456290934e-03 2.966553690961232004e+00 4.931725585592842270e-02 3.446197333305422994e-03 2.493339548732660949e-01
3.199999999999953992e+00 3.451740659537811968e-03 2.966548259340158200e+00 4.931725326222383826e-02 3.451628779590599095e-03 2.493339547858411109e-01
3.204999999999953886e+00 3.457172426222657972e-03 2.966542827573479091e+00 4.931725080603274747e-02 3.457060371478414950e-03 2.493339546974263077e-01
3.209999999999953779e+00 3.462604337065666813e-03 2.966537395662641963e+00 4.931724847800914718e-02 3.462492107523695850e-03 2.493339546068575885e-01
3.214999999999954117e+00 3.468036390325121912e-03 2.966531963609388978e+00 4.931724626960228008e-02 3.467923985984833202e-03 2.493339545148705871e-01
3.219999999999954010e+00 3.473468585067631884e-03 2.966526531414650947e+00 4.931724417298576080e-02 3.473356005928351919e-03 2.493339544284763065e-01
3.224999999999953015e+00 3.478900920005070004e-03 2.966521099079720170e+00 4.931724218098894330e-02 3.478788166066281839e-03 2.493339543385154899e-01
3.229999999999952909e+00 3.484333393855601826e-03 2.966515666605872958e+00 4.931724028698763335e-02 3.484220465116872213e-03 2.493339542518024088e-01
3.234999999999952802e+00 3.489766005915096152e-03 2.966510233993818968e+00 4.931723848493328732e-02 3.489652902375794952e-03 2.493339541621659994e-01
3.239999999999953140e+00 3.495198755151353049e-03 2.966504801244587153e+00 4.931723676920463789e-02 3.495085476811210946e-03 2.493339540706364932e-01
3.244999999999953033e+00 3.500631640706373948e-03 2.966499368359036826e+00 4.931723513466707010e-02 3.500518187564805039e-03 2.493339539841956110e-01
3.249999999999952927e+00 3.506064661842642899e-03 2.966493935337903842e+00 4.931723357652362943e-02 3.505951033899390012e-03 2.493339538927877019e-01
3.254999999999952820e+00 3.511497817678134979e-03 2.966488502182072828e+00 4.931723209036451699e-02 3.511384014932672059e-03 2.493339538059065885e-01
3.259999999999953157e+00 3.516931107751850027e-03 2.966483068892002972e+00 4.931723067208825667e-02 3.516817130203909059e-03 2.493339537192174882e-01
3.264999999999953051e+00 3.522364531457901175e-03 2.966477635468300011e+00 4.931722931791065329e-02 3.522250379107139118e-03 2.493339536289616021e-01
3.269999999999952944e+00 3.527798087979392826e-03 2.966472201911782847e+00 4.931722802429611835e-02 3.527683760825572890e-03 2.493339535414728914e-01
3.274999999999951950e+00 3.533231777132914836e-03 2.966466768222631778e+00 4.931722678795715659e-02 3.533117275175579053e-03 2.493339534485251863e-01
3.279999999999951843e+00 3.538665597868086935e-03 2.966461334401900185e+00 4.931722560583515907e-02 3.538550921107109105e-03 2.493339533636531880e-01
3.284999999999952180e+00 3.544099550322934132e-03 2.966455900449448180e+00 4.931722447508944673e-02 3.543984698757939988e-03 2.493339532769114075e-01
3.289999999999952074e+00 3.549533633850134821e-03 2.966450466365924132e+00 4.931722339306818248e-02 3.549418607480924869e-03 2.493339531884385951e-01
3.294999999999951967e+00 3.554967847943210028e-03 2.966445032151833860e+00 4.931722235726883341e-02 3.554852646769468983e-03 2.493339530957519035e-01
3.299999999999951861e+00 3.560402192338832199e-03 2.966439597807441153e+00 4.931722136538709694e-02 3.560286816360446870e-03 2.493339530075165955e-01
3.304999999999952198e+00 3.565836666591242887e-03 2.966434163333190099e+00 4.931722041523810274e-02 3.565721115807996000e-03 2.493339529170471025e-01
3.309999999999952092e+00 3.571271270298978940e-03 2.966428728729486153e+00 4.931721950478581973e-02 3.571155544710546970e-03 2.493339528325164978e-01
3.314999999999951985e+00 3.576706003512918064e-03 2.966423293996272914e+00 4.931721863211350337e-02 3.576590103119170038e-03 2.493339527410272094e-01
3.319999999999950990e+00 3.582140865595460910e-03 2.966417859134192980e+00 4.931721779543341705e-02 3.582024790396264990e-03 2.493339526560114094e-01
3.324999999999950884e+00 3.587575856429701861e-03 2.966412424143360038e+00 4.931721699306700762e-02 3.587459606424813884e-03 2.493339525647191024e-01
3.329999999999951221e+00 3.593010975733884962e-03 2.966406989024059193e+00 4.931721622341528333e-02 3.592894550923154007e-03 2.493339524746543134e-01
3.334999999999951115e+00 3.598446223236705967e-03 2.966401553776559119e+00 4.931721548497888102e-02 3.598329623620056140e-03 2.493339523856029916e-01
3.339999999999951008e+00 3.603881598690795909e-03 2.966396118401104953e+00 4.931721477637696083e-02 3.603764824267940980e-03 2.493339522986529055e-01
3.344999999999950901e+00 3.609317101924647015e-03 2.966390682897873887e+00 4.931721409623925773e-02 3.609200152695613006e-03 2.493339522127160923e-01
3.349999999999950795e+00 3.614752732979171872e-03 2.966385247266821956e+00 4.931721344335383839e-02 3.614635608943705947e-03 2.493339521192876884e-01
3.354999999999951132e+00 3.620188491169947041e-03 2.966379811508633058e+00 4.931721281651905986e-02 3.620071192327877895e-03 2.493339520351395000e-01
3.359999999999951026e+00 3.625624376655727042e-03 2.966374375623146875e+00 4.931721221461266708e-02 3.625506903007003068e-03 2.493339519461112985e-01
3.364999999999950031e+00 3.631060389284963830e-03 2.966368939610518840e+00 4.931721163657205864e-02 3.630942740829424132e-03 2.493339518583796988e-01
3.369999999999949925e+00 3.636496528851001966e-03 2.966363503470955010e+00 4.931721108139389825e-02 3.636378705588528149e-03 2.493339517683212103e-01
3.374999999999949818e+00 3.641932795187981936e-03 2.966358067204620141e+00 4.931721054813492655e-02 3.641814797118558822e-03 2.493339516772374032e-01
3.379999999999950155e+00 3.647369188156643176e-03 2.966352630811651903e+00 4.931721003588140223e-02 3.647251015280073005e-03 2.493339515868835121e-01
3.384999999999950049e+00 3.652805707360429199e-03 2.966347194292449974e+00 4.931720954376925259e-02 3.652687359676610058e-03 2.493339515031177955e-01
3.389999999999949942e+00 3.658242353151448974e-03 2.966341757646659971e+00 4.931720907100382162e-02 3.658123830660330988e-03 2.493339514153858905e-01
3.394999999999949836e+00 3.663679125126672025e-03 2.966336320874686017e+00 4.931720861679073087e-02 3.663560427828115983e-03 2.493339513261310925e-01
3.399999999999950173e+00 3.669116023233357123e-03 2.966330883976580957e+00 4.931720818039494331e-02 3.668997151127340040e-03 2.493339512318875073e-01
3.404999999999950067e+00 3.674553047351987022e-03 2.966325446952462030e+00 4.931720776111137017e-02 3.674434000438430836e-03 2.493339511449025048e-01
3.409999999999949960e+00 3.679990197451288129e-03 2.966320009802363877e+00 4.931720735827455765e-02 3.679870975730081817e-03 2.493339510577556872e-01
3.414999999999948965e+00 3.685427473362100186e-03 2.966314572526454807e+00 4.931720697122909253e-02 3.685308076833094127e-03 2.493339509653753894e-01
3.419999999999948859e+00 3.690864874921579927e-03 2.966309135124896024e+00 4.931720659937895851e-02 3.690745303584818792e-03 2.493339508825991868e-01
3.424999999999949196e+00 3.696302402256872177e-03 2.966303697597561850e+00 4.931720624212836135e-02 3.696182656112156906e-03 2.493339507906824903e-01
3.429999999999949090e+00 3.701740054918092014e-03 2.966298259944900817e+00 4.931720589892091972e-02 3.701620133965465975e-03 2.493339507062042881e-01
3.434999999999948983e+00 3.707177833388082804e-03 2.966292822166432863e+00 4.931720556922065263e-02 3.707057737627473138e-03 2.493339506114564119e-01
3.439999999999948876e+00 3.712615736998301202e-03 2.966287384262822791e+00 4.931720525252082654e-02 3.712495466429599055e-03 2.493339505238351128e-01
3.444999999999949214e+00 3.718053766206794002e-03 2.966281946233615852e+00 4.931720494831508955e-02 3.717933320829925215e-03 2.493339504347376057e-01
3.449999999999949107e+00 3.723491920381516006e-03 2.966276508079440877e+00 4.931720465614641141e-02 3.723371300196510070e-03 2.493339503484469921e-01
3.454999999999949001e+00 3.728930199813768921e-03 2.966271069800010984e+00 4.931720437555799086e-02 3.728809404820454965e-03 2.493339502587703926e-01
3.459999999999948006e+00 3.734368604421287822e-03 2.966265631395403002e+00 4.931720410610303251e-02 3.734247634619713985e-03 2.493339501732622088e-01
3.464999999999947899e+00 3.739807134289457099e-03 2.966260192865535217e+00 4.931720384738406959e-02 3.739685989679553124e-03 2.493339500819237997e-01
3.469999999999947793e+00 3.745245789019887965e-03 2.966254754210805089e+00 4.931720359898413703e-02 3.745124469601512907e-03 2.493339499929533021e-01
3.474999999999948130e+00 3.750684568835341032e-03 2.966249315430991018e+00 4.931720336052573123e-02 3.750563074608526115e-03 2.493339499024138928e-01
3.479999999999948024e+00 3.756123473502777886e-03 2.966243876526323930e+00 4.931720313163150821e-02 3.756001804467556937e-03 2.493339498120659969e-01
3.484999999999947917e+00 3.761562502972885108e-03 2.966238437496854008e+00 4.931720291195369754e-02 3.761440659129088992e-03 2.493339497269105864e-01
3.489999999999947811e+00 3.767001657359127925e-03 2.966232998342468896e+00 4.931720270113502946e-02 3.766879638706809984e-03 2.493339496391558108e-01
3.494999999999948148e+00 3.772440936443298941e-03 2.966227559063384867e+00 4.931720249885752916e-02 3.772318742982339046e-03 2.493339495460928090e-01
3.499999999999948042e+00 3.777880340264893905e-03 2.966222119659564171e+00 4.931720230479347961e-02 3.777757971995309837e-03 2.493339494613250884e-01
3.504999999999947047e+00 3.783319868779587165e-03 2.966216680131048999e+00 4.931720211863502290e-02 3.783197325701315172e-03 2.493339493754402059e-01
3.509999999999946940e+00 3.788759522054947933e-03 2.966211240477774957e+00 4.931720194007434277e-02 3.788636804167965898e-03 2.493339492838362037e-01
3.514999999999946834e+00 3.794199299841902878e-03 2.966205800699988071e+00 4.931720176885300705e-02 3.794076407146130137e-03 2.493339491944895070e-01
3.519999999999947171e+00 3.799639202281410860e-03 2.966200360797549784e+00 4.931720160467324698e-02 3.799516134776915067e-03 2.493339491026647925e-01
3.524999999999947065e+00 3.805079229177915200e-03 2.966194920770652832e+00 4.931720144726690208e-02 3.804955986864588802e-03 2.493339490138911096e-01
3.529999999999946958e+00 3.810519380657215877e-03 2.966189480619174201e+00 4.931720129639546868e-02 3.810395963535051934e-03 2.493339489256851116e-01
3.534999999999946851e+00 3.815959656560197980e-03 2.966184040343271988e+00 4.931720115179093200e-02 3.815836064629097180e-03 2.493339488397885995e-01
3.539999999999947189e+00 3.821400057016401987e-03 2.966178599942816074e+00 4.931720101321496880e-02 3.821276290276399024e-03 2.493339487498403007e-01
3.544999999999947082e+00 3.826840581826198087e-03 2.966173159418007188e+00 4.931720088044887207e-02 3.826716640277338932e-03 2.493339486619116085e-01
3.549999999999946976e+00 3.832281230973295059e-03 2.966167718768859984e+00 4.931720075326440772e-02 3.832157114615486037e-03 2.493339485731672078e-01
3.554999999999945981e+00 3.837722004642238859e-03 2.966162277995191054e+00 4.931720063144304222e-02 3.837597713475470861e-03 2.493339484822285068e-01
3.559999999999945874e+00 3.843162902597319162e-03 2.966156837097237098e+00 4.931720051477624100e-02 3.843038436621593057e-03 2.493339483965404113e-01
3.564999999999946212e+00 3.848603924839127943e-03 2.966151396074995006e+00 4.931720040306528802e-02 3.848479284054406868e-03 2.493339483075351914e-01
3.569999999999946105e+00 3.854045071543682824e-03 2.966145954928291140e+00 4.931720029612148698e-02 3.853920255949883078e-03 2.493339482166546106e-01
3.574999999999945999e+00 3.859486342273319142e-03 2.966140513657562039e+00 4.931720019374630226e-02 3.859361351870482792e-03 2.493339481319682138e-01
3.579999999999945892e+00 3.864927737477334181e-03 2.966135072262356953e+00 4.931720009578063196e-02 3.864802572265401814e-03 2.493339480407688047e-01
3.584999999999945786e+00 3.870369256786308169e-03 2.966129630743048029e+00 4.931720000202607923e-02 3.870243916765380831e-03 2.493339479503398903e-01
3.589999999999946123e+00 3.875810900267399189e-03 2.966124189099568209e+00 4.931719991232365319e-02 3.875685385437365859e-03 2.493339478665047015e-01
3.594999999999946017e+00 3.881252667983673982e-03 2.966118747331850880e+00 4.931719982651437684e-02 3.881126978344529022e-03 2.493339477785755931e-01
3.599999999999945022e+00 3.886694560060890893e-03 2.966113305439774805e+00 4.931719974444930682e-02 3.886568695612658154e-03 2.493339476884479100e-01
3.604999999999944915e+00 3.892136576259956886e-03 2.966107863423574909e+00 4.931719966596956328e-02 3.892010537002498893e-03 2.493339475975613062e-01
3.609999999999944809e+00 3.897578716574868953e-03 2.966102421283260959e+00 4.931719959093602140e-02 3.897452502508281114e-03 2.493339475084407897e-01
3.614999999999945146e+00 3.903020980956063875e-03 2.966096979018880031e+00 4.931719951919000255e-02 3.902894592080374814e-03 2.493339474233081943e-01
3.619999999999945040e+00 3.908463369594819201e-03 2.966091536630241166e+00 4.931719945062201099e-02 3.908336805909962131e-03 2.493339473324044098e-01
3.624999999999944933e+00 3.913905882189664710e-03 2.966086094117646788e+00 4.931719938508322132e-02 3.913779143695617080e-03 2.493339472447886063e-01
3.629999999999944826e+00 3.919348519088411593e-03 2.966080651480749175e+00 4.931719932246427657e-02 3.919221605785173403e-03 2.493339471528772944e-01
