# vcm_v=1.485
# vin_v vout_v m6_vds_v m6_vdsat_v m7_vds_v m7_vdsat_v
0.000000000000000000e+00 2.943946495646648120e+00 2.605126949624025912e-02 1.175162336127403062e+00 2.943942155380304904e+00 2.591364606769238077e-01
5.000000000000000104e-03 2.943680175401726107e+00 2.631758986407594855e-02 1.160970921176430970e+00 2.943675835172328892e+00 2.591364606817369021e-01
1.000000000000000021e-02 2.943186203920283184e+00 2.681156149865548954e-02 1.135673630363956965e+00 2.943181863759360084e+00 2.591364607033724843e-01
1.499999999999999944e-02 2.941919065503272979e+00 2.807870017125014064e-02 1.076014037545873991e+00 2.941914725517710938e+00 2.591364607258659913e-01
2.000000000000000042e-02 2.939498584458382080e+00 3.049918162371945130e-02 9.776681758764699248e-01 2.939494244806791112e+00 2.591364607902271744e-01
2.500000000000000139e-02 2.936233133824197150e+00 3.376463277452002032e-02 8.757199999847880001e-01 2.936228794620431959e+00 2.591364608754543886e-01
2.999999999999999889e-02 2.932595731252789051e+00 3.740203590822054752e-02 7.860897839055659420e-01 2.932591392544621200e+00 2.591364609589216217e-01
3.500000000000000333e-02 2.928670590493736015e+00 4.132717726342027831e-02 7.100330815901616521e-01 2.928666252316626917e+00 2.591364610398160240e-01
4.000000000000000083e-02 2.924535956858593799e+00 4.546181151765704698e-02 6.464654639272353620e-01 2.924531619236641955e+00 2.591364611395933215e-01
4.499999999999999833e-02 2.920243977899322996e+00 4.975379111173072744e-02 5.934004577533663616e-01 2.920239640849084051e+00 2.591364612511106169e-01
5.000000000000000278e-02 2.915831125359535037e+00 5.416664429697704009e-02 5.489171346481090952e-01 2.915826788892300847e+00 2.591364613523569060e-01
5.499999999999999334e-02 2.911323719294304002e+00 5.867405101468126105e-02 5.113896667309326682e-01 2.911319383417577900e+00 2.591364614475064054e-01
5.999999999999999084e-02 2.906741225902940151e+00 6.325654506286104706e-02 4.795048234302350942e-01 2.906736890621440139e+00 2.591364615730187837e-01
6.499999999999998834e-02 2.902098307739215066e+00 6.789946388575041070e-02 4.522199477745644791e-01 2.902093973055576814e+00 2.591364616778156771e-01
6.999999999999999278e-02 2.897406179241587054e+00 7.259159304337448049e-02 4.287109028589302095e-01 2.897401845156871047e+00 2.591364617929567959e-01
7.499999999999999722e-02 2.892673533781226158e+00 7.732423916340724901e-02 4.083251475241365114e-01 2.892669200295283183e+00 2.591364618975888767e-01
8.000000000000000167e-02 2.887907192188138072e+00 8.209058141494640637e-02 3.905434609765052745e-01 2.887902859299887215e+00 2.591364620113236206e-01
8.500000000000000611e-02 2.883112566681007127e+00 8.688520757861040167e-02 3.749500022020346157e-01 2.883108234388640945e+00 2.591364621149055969e-01
9.000000000000001055e-02 2.878293995420274864e+00 9.170377949341101953e-02 3.612092887062788860e-01 2.878289663721413039e+00 2.591364622341150725e-01
9.500000000000001499e-02 2.873454989487257194e+00 9.654278607760291564e-02 3.490486155642413824e-01 2.873450658379072209e+00 2.591364623437301118e-01
1.000000000000000056e-01 2.868598416018699915e+00 1.013993601940974959e-01 3.382446270661171872e-01 2.868594085498008983e+00 2.591364624721194110e-01
1.049999999999999961e-01 2.863726636007577930e+00 1.062711408496541943e-01 3.286130266696812852e-01 2.863722306070915824e+00 2.591364625794230769e-01
1.100000000000000006e-01 2.858841608808484924e+00 1.111561686894618067e-01 3.200006546577539024e-01 2.858837279452162150e+00 2.591364626930872106e-01
1.150000000000000050e-01 2.853944973498634852e+00 1.160528046361389010e-01 3.122793477038136034e-01 2.853940644718786057e+00 2.591364628132358239e-01
1.199999999999999956e-01 2.849038109786623973e+00 1.209596689809541992e-01 3.053411474129357761e-01 2.849033781579240809e+00 2.591364629339782955e-01
1.250000000000000000e-01 2.844122187602764029e+00 1.258755917934971102e-01 2.990945379570241758e-01 2.844117859963735118e+00 2.591364630377239187e-01
1.300000000000000044e-01 2.839198205680022014e+00 1.307995743407132927e-01 2.934614693824623144e-01 2.839193878605144938e+00 2.591364631613802816e-01
1.350000000000000089e-01 2.834267021456961189e+00 1.357307591839851113e-01 2.883749826198797050e-01 2.834262694941973137e+00 2.591364632649911792e-01
1.400000000000000133e-01 2.829329375661592927e+00 1.406684055952527046e-01 2.837773078601342758e-01 2.829325049702183126e+00 2.591364633979552079e-01
1.449999999999999900e-01 2.824385911953180006e+00 1.456118699152240126e-01 2.796183263075728842e-01 2.824381586545002154e+00 2.591364635103932113e-01
1.499999999999999944e-01 2.819437192907912948e+00 1.505605895676866979e-01 2.758543199454863148e-01 2.819432868046602980e+00 2.591364636196843985e-01
1.550000000000001099e-01 2.814483713484551952e+00 1.555140695938694861e-01 2.724469497726607070e-01 2.814479389165724932e+00 2.591364637338077204e-01
1.600000000000000866e-01 2.809525910593151821e+00 1.604718730837136065e-01 2.693624131518890241e-01 2.809521586812426808e+00 2.591364638582809854e-01
1.650000000000000910e-01 2.804564173342404043e+00 1.654336109285323986e-01 2.665707482407115858e-01 2.804559850095399209e+00 2.591364639630879818e-01
1.700000000000000955e-01 2.799598848994337974e+00 1.703989358663053899e-01 2.640452547336125111e-01 2.799594526276678152e+00 2.591364640802635844e-01
1.750000000000000999e-01 2.794630250521144887e+00 1.753675349248516036e-01 2.617620111602810828e-01 2.794625928328467790e+00 2.591364642078812230e-01
1.800000000000001044e-01 2.789658660330558870e+00 1.803391256964586020e-01 2.596994699816239094e-01 2.789654338658520860e+00 2.591364643225317899e-01
1.850000000000001088e-01 2.784684335565430047e+00 1.853134510382949962e-01 2.578381194224999007e-01 2.784680014409708804e+00 2.591364644319367194e-01
1.900000000000001132e-01 2.779707511309883916e+00 1.902902758662574911e-01 2.561601998090400900e-01 2.779703190666178880e+00 2.591364645588978832e-01
1.950000000000000899e-01 2.774728403148833067e+00 1.952693845954641128e-01 2.546494672070956922e-01 2.774724083012871212e+00 2.591364646737940869e-01
2.000000000000000944e-01 2.769747210548780814e+00 2.002505777594336955e-01 2.532909993300478946e-01 2.769742890916316203e+00 2.591364647865886939e-01
2.050000000000000988e-01 2.764764117672282140e+00 2.052336711956450899e-01 2.520710343876543247e-01 2.764759798539099922e+00 2.591364649041821844e-01
2.100000000000001033e-01 2.759779295899031037e+00 2.102184935244371111e-01 2.509768435319795210e-01 2.759774977260947004e+00 2.591364650188516250e-01
2.150000000000001077e-01 2.754792904714832957e+00 2.152048852600350060e-01 2.499966293588755106e-01 2.754788586567700204e+00 2.591364651396261265e-01
2.200000000000001121e-01 2.749805092366565784e+00 2.201926981555963891e-01 2.491194472027160878e-01 2.749800774706268935e+00 2.591364652584193795e-01
2.250000000000000888e-01 2.744815997124466112e+00 2.251817939409206104e-01 2.483351459453737031e-01 2.744811679946923988e+00 2.591364653752439851e-01
2.300000000000000933e-01 2.739825747498918052e+00 2.301720441056601119e-01 2.476343240795710887e-01 2.739821430800092106e+00 2.591364654859348859e-01
2.350000000000000977e-01 2.734834462285665069e+00 2.351633298541080108e-01 2.470082964396883018e-01 2.734830146061550948e+00 2.591364656038840919e-01
2.400000000000001021e-01 2.729842251023006039e+00 2.401555416480047889e-01 2.464490677798210072e-01 2.729837935269638916e+00 2.591364657173343966e-01
2.450000000000001066e-01 2.724849214707635969e+00 2.451485784906957122e-01 2.459493103991872986e-01 2.724844899421090094e+00 2.591364658391018816e-01
2.500000000000001110e-01 2.719855445603679200e+00 2.501423481180951036e-01 2.455023416821272009e-01 2.719851130780072790e+00 2.591364659578868079e-01
2.550000000000001155e-01 2.714861026978609981e+00 2.551367672627681826e-01 2.451021002565373919e-01 2.714856712614099887e+00 2.591364660714738921e-01
2.600000000000001199e-01 2.709866034988224204e+00 2.601317597689650207e-01 2.447431182465840960e-01 2.709861721079009023e+00 2.591364661914553058e-01
2.650000000000001243e-01 2.704870536967916905e+00 2.651272583013288831e-01 2.444204907582283870e-01 2.704866223510239198e+00 2.591364663084955167e-01
2.700000000000000733e-01 2.699874593954926905e+00 2.701232018226638054e-01 2.441298412297684961e-01 2.699870280945073198e+00 2.591364664166829201e-01
2.750000000000000777e-01 2.694878259684283961e+00 2.751195365979829943e-01 2.438672836862887106e-01 2.694873947118578972e+00 2.591364665478689266e-01
2.800000000000000822e-01 2.689881582099669988e+00 2.801162146836487232e-01 2.436293834689743920e-01 2.689877269974489060e+00 2.591364666530661109e-01
2.850000000000000866e-01 2.684884602769734840e+00 2.851131945110524923e-01 2.434131165948112130e-01 2.684880291081495063e+00 2.591364667805102773e-01
2.900000000000000910e-01 2.679887359119859980e+00 2.901104386548568059e-01 2.432158300971284104e-01 2.679883047865021073e+00 2.591364668815390182e-01
2.950000000000002065e-01 2.674889883013782832e+00 2.951079152513704784e-01 2.430352027237510926e-01 2.674885572188848926e+00 2.591364670143320170e-01
3.000000000000002109e-01 2.669892202939287973e+00 3.001055958128505119e-01 2.428692083457502093e-01 2.669887892540811158e+00 2.591364671223340133e-01
3.050000000000002154e-01 2.664894343211166028e+00 3.051034560245495797e-01 2.427160810477879960e-01 2.664890033235740141e+00 2.591364672325958129e-01
3.100000000000002198e-01 2.659896325423936947e+00 3.101014742919940836e-01 2.425742836640820133e-01 2.659892015868198012e+00 2.591364673654852901e-01
3.150000000000002243e-01 2.654898168261099034e+00 3.150996319317260763e-01 2.424424792665579864e-01 2.654893859121732813e+00 2.591364674748066754e-01
3.200000000000001732e-01 2.649899887931745024e+00 3.200979127346962883e-01 2.423195047750167919e-01 2.649895579205479024e+00 2.591364675929990202e-01
3.250000000000001776e-01 2.644901498445606070e+00 3.250963026912194742e-01 2.422043488467258976e-01 2.644897190129209985e+00 2.591364677021434915e-01
3.300000000000001821e-01 2.639903011967589919e+00 3.300947896364295198e-01 2.420961311072455102e-01 2.639898704057880074e+00 2.591364678257105925e-01
3.350000000000001865e-01 2.634904439387880881e+00 3.350933626801829157e-01 2.419940850143013078e-01 2.634900131881715790e+00 2.591364679492846879e-01
3.400000000000001910e-01 2.629905789936159977e+00 3.400920125928447724e-01 2.418975420005634869e-01 2.629901482830442117e+00 2.591364680573574053e-01
3.450000000000001954e-01 2.624907071808095793e+00 3.450907311787871912e-01 2.418059184507733994e-01 2.624902765099771162e+00 2.591364681671722847e-01
3.500000000000001998e-01 2.619908292064139221e+00 3.500895113776016920e-01 2.417187042919002049e-01 2.619903985750193787e+00 2.591364682968653743e-01
3.550000000000002043e-01 2.614909456951493905e+00 3.550883469421259875e-01 2.416354524513600888e-01 2.614905151028962038e+00 2.591364684171105770e-01
3.600000000000002087e-01 2.609910572134609197e+00 3.600872322079550769e-01 2.415557710851765072e-01 2.609906266600562130e+00 2.591364685246145272e-01
3.650000000000002132e-01 2.604911642196455990e+00 3.650861625921538178e-01 2.414793156782331085e-01 2.604907337048008031e+00 2.591364686510612136e-01
3.700000000000002176e-01 2.599912671326762847e+00 3.700851339050377220e-01 2.414057826860064038e-01 2.599908366561071826e+00 2.591364687680031142e-01
3.750000000000002220e-01 2.594913663435406193e+00 3.750841422367718891e-01 2.413349044222563022e-01 2.594909359049669906e+00 2.591364688846822251e-01
3.800000000000002265e-01 2.589914621771626013e+00 3.800831843381545228e-01 2.412664440444678982e-01 2.589910317763084002e+00 2.591364689997924242e-01
3.850000000000001754e-01 2.584915549292858827e+00 3.850822572517897946e-01 2.412001917702090992e-01 2.584911245658791046e+00 2.591364691058616887e-01
3.900000000000001799e-01 2.579916448529501860e+00 3.900813584473202256e-01 2.411359612393597085e-01 2.579912145267226897e+00 2.591364692293652849e-01
3.950000000000001843e-01 2.574917322000387809e+00 3.950804854059538074e-01 2.410735865853712023e-01 2.574913019107266887e+00 2.591364693520030182e-01
4.000000000000001887e-01 2.569918171319514055e+00 4.000796365137300192e-01 2.410129198717871901e-01 2.569913868792947031e+00 2.591364694540578273e-01
4.050000000000001932e-01 2.564918998829255781e+00 4.050788094283119811e-01 2.409538290344981903e-01 2.564914696666679816e+00 2.591364695880971070e-01
4.100000000000003086e-01 2.559919805841531115e+00 4.100780028378209763e-01 2.408961955550183998e-01 2.559915504040423784e+00 2.591364697001681816e-01
4.150000000000003131e-01 2.554920594063020189e+00 4.150772150356147883e-01 2.408399130493361906e-01 2.554916292620898144e+00 2.591364698215886109e-01
4.200000000000003175e-01 2.549921364854355943e+00 4.200764446610972258e-01 2.407848859311430001e-01 2.549917063768774916e+00 2.591364699220244927e-01
4.250000000000003220e-01 2.544922119173889996e+00 4.250756907559543052e-01 2.407310279680567044e-01 2.544917818442440804e+00 2.591364700495734086e-01
4.300000000000003264e-01 2.539922858196916877e+00 4.300749521449271917e-01 2.406782612322889980e-01 2.539918557817228972e+00 2.591364701654291225e-01
4.350000000000002753e-01 2.534923582885398208e+00 4.350742278660941764e-01 2.406265151644809974e-01 2.534919282855137013e+00 2.591364702911860829e-01
4.400000000000002798e-01 2.529924294513449023e+00 4.400735166453713099e-01 2.405757257511745018e-01 2.529919994830322150e+00 2.591364704067681823e-01
4.450000000000002842e-01 2.524924993509245041e+00 4.450728180546232871e-01 2.405258347985042011e-01 2.524920694170988966e+00 2.591364705165343230e-01
4.500000000000002887e-01 2.519925680575028082e+00 4.500721313916393740e-01 2.404767894471085965e-01 2.519921381579421027e+00 2.591364706315592015e-01
4.550000000000002931e-01 2.514926356795712081e+00 4.550714555715456022e-01 2.404285411551541907e-01 2.514922058140563799e+00 2.591364707581692017e-01
4.600000000000002975e-01 2.509927022050106871e+00 4.600707907155632270e-01 2.403810457780569121e-01 2.509922723733264860e+00 2.591364708716002996e-01
4.650000000000003020e-01 2.504927677688356891e+00 4.650701354735837789e-01 2.403342626448249086e-01 2.504923379707704179e+00 2.591364709947081013e-01
4.700000000000003064e-01 2.499928323789304851e+00 4.700694897667974104e-01 2.402881546921830092e-01 2.499924026142756883e+00 2.591364711009361277e-01
4.750000000000003109e-01 2.494928960951427133e+00 4.750688529967646012e-01 2.402426875934151884e-01 2.494924663636934881e+00 2.591364712293153794e-01
4.800000000000003153e-01 2.489929589651040942e+00 4.800682246871951775e-01 2.401978298941807033e-01 2.489925292666590906e+00 2.591364713317452773e-01
4.850000000000003197e-01 2.484930210144398188e+00 4.850676045818764770e-01 2.401535523646348980e-01 2.484925913488007065e+00 2.591364714592184759e-01
4.900000000000003242e-01 2.479930822954599989e+00 4.900669921577351928e-01 2.401098281308060023e-01 2.479926526624319116e+00 2.591364715677644259e-01
4.950000000000002731e-01 2.474931428331557992e+00 4.950663871648957048e-01 2.400666321909737944e-01 2.474927132325472900e+00 2.591364716967112236e-01
5.000000000000003331e-01 2.469932026620056842e+00 5.000657892586062303e-01 2.400239413652759113e-01 2.469927730936285037e+00 2.591364718149771207e-01
5.050000000000003375e-01 2.464932618251935992e+00 5.050651980070557379e-01 2.399817342673321030e-01 2.464928322888626067e+00 2.591364719308903997e-01
5.100000000000003419e-01 2.459933203371321042e+00 5.100646132661510457e-01 2.399399907461298997e-01 2.459928908326654007e+00 2.591364720357722251e-01
5.150000000000003464e-01 2.454933782458339930e+00 5.150640345557944144e-01 2.398986921008192108e-01 2.454929487730527882e+00 2.591364721678889871e-01
5.200000000000003508e-01 2.449934355387541007e+00 5.200634620014716880e-01 2.398578208275055912e-01 2.449930060974828017e+00 2.591364722776480223e-01
5.250000000000003553e-01 2.444934922689299128e+00 5.250628950728333244e-01 2.398173606949638992e-01 2.444930628589959909e+00 2.591364723893985200e-01
5.300000000000003597e-01 2.439935484445043823e+00 5.300623336884808801e-01 2.397772963436838878e-01 2.439931190657384175e+00 2.591364725242579214e-01
5.350000000000003642e-01 2.434936040819366099e+00 5.350617776838566542e-01 2.397376133026908052e-01 2.434931747341718911e+00 2.591364726394009832e-01
5.400000000000003686e-01 2.429936591995755180e+00 5.400612268754980683e-01 2.396982981663529910e-01 2.429932298826487092e+00 2.591364727464219864e-01
5.450000000000003730e-01 2.424937138278921100e+00 5.450606809587230650e-01 2.396593382526701899e-01 2.424932845416425842e+00 2.591364728741341050e-01
5.500000000000003775e-01 2.419937679857611101e+00 5.500601397448146024e-01 2.396207214624030968e-01 2.419933387300313044e+00 2.591364729887338236e-01
5.550000000000003819e-01 2.414938216808963034e+00 5.550596031566614741e-01 2.395824365874860973e-01 2.414933924555314082e+00 2.591364731145318068e-01
5.600000000000003864e-01 2.409938749123427204e+00 5.600590712038449048e-01 2.395444728476208984e-01 2.409934457171908129e+00 2.591364732130150839e-01
5.650000000000003908e-01 2.404939277274166898e+00 5.650585434132247009e-01 2.395068201971418953e-01 2.404934985623286003e+00 2.591364733326755876e-01
5.700000000000003952e-01 2.399939801022640040e+00 5.700580200233740236e-01 2.394694689747834115e-01 2.399935509670934941e+00 2.591364734628430755e-01
5.750000000000003997e-01 2.394940320817482871e+00 5.750575005856815025e-01 2.394324101331201937e-01 2.394936029763516938e+00 2.591364735825464893e-01
5.800000000000004041e-01 2.389940836532276069e+00 5.800569852265957671e-01 2.393956350287891888e-01 2.389936545774641985e+00 2.591364737025574905e-01
5.850000000000004086e-01 2.384941348547840789e+00 5.850564735653200898e-01 2.393591353565895086e-01 2.384937058085156991e+00 2.591364738077672758e-01
5.900000000000004130e-01 2.379941856677418865e+00 5.900559657886357279e-01 2.393229034697758884e-01 2.379937566508329105e+00 2.591364739279439777e-01
5.950000000000004174e-01 2.374942361394289048e+00 5.950554614232945738e-01 2.392869317480371127e-01 2.374938071517465055e+00 2.591364740398757194e-01
6.000000000000004219e-01 2.369942862480456824e+00 6.000549606873155639e-01 2.392512131680838983e-01 2.369938572894593865e+00 2.591364741718504838e-01
6.050000000000004263e-01 2.364943360119979854e+00 6.050544633966645769e-01 2.392157408426844045e-01 2.364939070823802947e+00 2.591364742771414265e-01
6.100000000000004308e-01 2.359943854175697187e+00 6.100539696885296514e-01 2.391805083850712110e-01 2.359939565167950004e+00 2.591364744094731276e-01
6.150000000000004352e-01 2.354944345372559145e+00 6.150534788379817819e-01 2.391455095470630121e-01 2.354940056652016889e+00 2.591364745178630913e-01
6.200000000000004396e-01 2.349944833094780972e+00 6.200529914608301496e-01 2.391107383626943916e-01 2.349940544660241049e+00 2.591364746485492754e-01
6.250000000000004441e-01 2.344945317910684945e+00 6.250525069887808982e-01 2.390761889069391022e-01 2.344941029760969187e+00 2.591364747565289006e-01
6.300000000000004485e-01 2.339945799560410933e+00 6.300520256817132569e-01 2.390418560478176913e-01 2.339941511694362930e+00 2.591364748797476136e-01
6.350000000000004530e-01 2.334946278387632912e+00 6.350515471959790048e-01 2.390077342690473949e-01 2.334941990804122902e+00 2.591364750013578910e-01
6.400000000000004574e-01 2.329946754265960873e+00 6.400510716579885795e-01 2.389738186332324987e-01 2.329942466963882186e+00 2.591364751244054077e-01
6.450000000000004619e-01 2.324947227472733857e+00 6.450505987904291416e-01 2.389401041505231915e-01 2.324942940451002027e+00 2.591364752317463771e-01
6.500000000000004663e-01 2.319947697731635117e+00 6.500501288696374225e-01 2.389065861991986062e-01 2.319943410989187882e+00 2.591364753547378830e-01
6.550000000000004707e-01 2.314948165464500107e+00 6.550496614738006151e-01 2.388732602207798983e-01 2.314943879000299187e+00 2.591364754765815848e-01
6.600000000000004752e-01 2.309948630499520039e+00 6.600491967747483812e-01 2.388401219228585004e-01 2.309944344312548026e+00 2.591364755816482068e-01
6.650000000000004796e-01 2.304949092985851156e+00 6.650487346233471264e-01 2.388071670235293043e-01 2.304944807075114177e+00 2.591364757136647157e-01
6.700000000000004841e-01 2.299949552898425953e+00 6.700482750446865587e-01 2.387743913834536047e-01 2.299945267262951010e+00 2.591364758197683971e-01
6.750000000000004885e-01 2.294950010529988038e+00 6.750478177460426110e-01 2.387417911725955022e-01 2.294945725168823003e+00 2.591364759559084963e-01
6.800000000000004929e-01 2.289950465644408961e+00 6.800473629635628292e-01 2.387093626276071134e-01 2.289946180556623023e+00 2.591364760745420992e-01
6.850000000000004974e-01 2.284950918555296084e+00 6.850469103836642759e-01 2.386771019354315959e-01 2.284946633739980193e+00 2.591364761771398073e-01
6.900000000000005018e-01 2.279951369157771968e+00 6.900464601112399343e-01 2.386450057149462900e-01 2.279947084614033948e+00 2.591364763032639740e-01
6.950000000000005063e-01 2.274951817418270128e+00 6.950460121798802682e-01 2.386130702996901998e-01 2.274947533145241785e+00 2.591364764291596012e-01
7.000000000000005107e-01 2.269952263372915002e+00 7.000455665534781602e-01 2.385812924392627932e-01 2.269947979369749014e+00 2.591364765391241942e-01
7.050000000000005151e-01 2.264952707307202218e+00 7.050451229465579672e-01 2.385496689367022916e-01 2.264948423573066805e+00 2.591364766685820831e-01
7.100000000000005196e-01 2.259953149260979899e+00 7.100446813192897721e-01 2.385181966141146082e-01 2.259948865795065931e+00 2.591364767722045270e-01
7.150000000000005240e-01 2.254953589037398842e+00 7.150442418685423185e-01 2.384868723269915058e-01 2.254949305838914952e+00 2.591364768999815937e-01
7.200000000000005285e-01 2.249954026809206198e+00 7.200438044215866640e-01 2.384556932552429065e-01 2.249949743877378783e+00 2.591364770127286832e-01
7.250000000000005329e-01 2.244954462553578889e+00 7.250433690012627608e-01 2.384246564341508112e-01 2.244950179887655217e+00 2.591364771433942171e-01
7.300000000000005373e-01 2.239954896272791984e+00 7.300429356053159680e-01 2.383937590656979022e-01 2.239950613872036200e+00 2.591364772652557935e-01
7.350000000000005418e-01 2.234955328160765031e+00 7.350425040398431697e-01 2.383629983387922924e-01 2.234951046024459931e+00 2.591364773745565842e-01
7.400000000000005462e-01 2.229955758213407080e+00 7.400420743089539677e-01 2.383323716967105099e-01 2.229951476340851890e+00 2.591364775018646927e-01
7.450000000000005507e-01 2.224956186462065943e+00 7.450416463813138712e-01 2.383018765804119088e-01 2.224951904852578988e+00 2.591364776131143133e-01
7.500000000000005551e-01 2.219956612713815947e+00 7.500412204498698721e-01 2.382715104397684081e-01 2.219952331366732867e+00 2.591364777254783203e-01
7.550000000000005596e-01 2.214957037401517947e+00 7.550407960817731023e-01 2.382412708098959053e-01 2.214952756316189930e+00 2.591364778554494097e-01
7.600000000000005640e-01 2.209957460190083101e+00 7.600403736121355003e-01 2.382111552414410971e-01 2.209953179365878206e+00 2.591364779734918189e-01
7.650000000000005684e-01 2.204957881540281051e+00 7.650399525801967471e-01 2.381811615450298014e-01 2.204953600976585992e+00 2.591364780999296791e-01
7.700000000000005729e-01 2.199958301053471121e+00 7.700395333846179469e-01 2.381512873590062862e-01 2.199954020749686823e+00 2.591364782074954132e-01
7.750000000000005773e-01 2.194958719078841103e+00 7.750391156762233003e-01 2.381215304681897904e-01 2.194954439034384919e+00 2.591364783285858842e-01
7.800000000000005818e-01 2.189959135336664975e+00 7.800386997347583673e-01 2.380918887534919925e-01 2.189954855550969803e+00 2.591364784550114764e-01
7.850000000000005862e-01 2.184959550140205931e+00 7.850382852469697248e-01 2.380623601220278884e-01 2.184955270612721989e+00 2.591364785822626859e-01
7.900000000000005906e-01 2.179959963311376203e+00 7.900378723909668999e-01 2.380329424552452000e-01 2.179955684041564812e+00 2.591364786978401780e-01
7.950000000000005951e-01 2.174960374980856148e+00 7.950374610360779748e-01 2.380036337887836972e-01 2.174956095968199055e+00 2.591364788068022951e-01
8.000000000000005995e-01 2.169960785295927952e+00 8.000370510350389708e-01 2.379744321449109024e-01 2.169956506539917118e+00 2.591364789305574123e-01
8.050000000000006040e-01 2.164961193890575952e+00 8.050366427538779845e-01 2.379453355930677139e-01 2.164956915390721992e+00 2.591364790489649184e-01
8.100000000000006084e-01 2.159961601230406814e+00 8.100362357270021185e-01 2.379163423324371085e-01 2.159957322986230110e+00 2.591364791763586251e-01
8.150000000000006128e-01 2.154962007021993031e+00 8.150358302478553085e-01 2.378874504338981954e-01 2.154957729033032177e+00 2.591364792877045020e-01
8.200000000000006173e-01 2.149962411489922953e+00 8.200354260918580884e-01 2.378586582528771087e-01 2.149958133755727197e+00 2.591364794185724851e-01
8.250000000000006217e-01 2.144962814518124095e+00 8.250350233751020390e-01 2.378299638298443097e-01 2.144958537038259117e+00 2.591364795340216909e-01
8.300000000000006262e-01 2.139963216264789025e+00 8.300346219394039160e-01 2.378013656482473870e-01 2.139958939038831165e+00 2.591364796597099840e-01
8.350000000000006306e-01 2.134963616834681943e+00 8.350342216800115125e-01 2.377728619457923076e-01 2.134959339862223970e+00 2.591364797691478872e-01
8.400000000000006350e-01 2.129964016062331211e+00 8.400338227624120080e-01 2.377444510855628024e-01 2.129959739342974778e+00 2.591364798929075008e-01
8.450000000000006395e-01 2.124964414025555026e+00 8.450334251087969761e-01 2.377161315400689867e-01 2.124960137558919993e+00 2.591364800088539200e-01
8.500000000000006439e-01 2.119964810641250086e+00 8.500330288022834857e-01 2.376879016695443991e-01 2.119960534426962973e+00 2.591364801396601747e-01
8.550000000000006484e-01 2.114965206083127214e+00 8.550326336691731477e-01 2.376597599255332038e-01 2.114960930120830973e+00 2.591364802494461883e-01
8.600000000000006528e-01 2.109965600189922963e+00 8.600322398707387350e-01 2.376317049299145057e-01 2.109961324479272982e+00 2.591364803885347068e-01
8.650000000000006573e-01 2.104965993251199041e+00 8.650318471174349710e-01 2.376037350468369891e-01 2.104961717791857811e+00 2.591364805099656832e-01
8.700000000000006617e-01 2.099966385179528050e+00 8.700314554966963598e-01 2.375758489594259892e-01 2.099962109971177160e+00 2.591364806166913115e-01
8.750000000000006661e-01 2.094966775910393153e+00 8.750310650730512840e-01 2.375480452495057904e-01 2.094962500952719076e+00 2.591364807359087807e-01
8.800000000000006706e-01 2.089967165371206193e+00 8.800306759190981154e-01 2.375203225128769136e-01 2.089962890663910056e+00 2.591364808606776982e-01
8.850000000000006750e-01 2.084967553953105845e+00 8.850302876437128319e-01 2.374926793851958873e-01 2.084963279495899879e+00 2.591364809809922898e-01
8.900000000000006795e-01 2.079967941322423020e+00 8.900299005805720753e-01 2.374651146096954935e-01 2.079963667115027892e+00 2.591364811151610215e-01
8.950000000000006839e-01 2.074968327607165985e+00 8.950295146016786774e-01 2.374376268037083071e-01 2.074964053649317908e+00 2.591364812214471125e-01
9.000000000000006883e-01 2.069968712795002830e+00 9.000291297193743212e-01 2.374102147587028866e-01 2.069964439086443786e+00 2.591364813567019754e-01
9.050000000000006928e-01 2.064969097061521097e+00 9.050287457580838968e-01 2.373828771746085975e-01 2.064964823602006838e+00 2.591364814640175207e-01
9.100000000000006972e-01 2.059969480305368972e+00 9.100283628191641050e-01 2.373556129356811095e-01 2.059965207094665018e+00 2.591364815822346790e-01
9.150000000000007017e-01 2.054969862500967803e+00 9.150279809282082510e-01 2.373284207710613103e-01 2.054965589538845006e+00 2.591364817177845836e-01
9.200000000000007061e-01 2.049970243779057011e+00 9.200275999544835770e-01 2.373012994985053969e-01 2.049965971065303094e+00 2.591364818287034133e-01
9.250000000000007105e-01 2.044970624013728866e+00 9.250272200239080256e-01 2.372742479963798057e-01 2.044966351548135997e+00 2.591364819583236723e-01
9.300000000000007150e-01 2.039971003248695069e+00 9.300268410927801099e-01 2.372472651579843883e-01 2.039966731031067848e+00 2.591364820744809228e-01
9.350000000000007194e-01 2.034971381634647969e+00 9.350264630104132557e-01 2.372203498751969952e-01 2.034967109664798990e+00 2.591364821958594966e-01
9.400000000000007239e-01 2.029971759151579125e+00 9.400260857968265604e-01 2.371935010787873110e-01 2.029967487429329864e+00 2.591364823228157199e-01
9.450000000000007283e-01 2.024972135709901977e+00 9.450257095416159103e-01 2.371667176178590131e-01 2.024967864235085013e+00 2.591364824484189144e-01
9.500000000000007327e-01 2.019972511312175811e+00 9.500253342422309011e-01 2.371399985385209963e-01 2.019968240084630828e+00 2.591364825578015840e-01
9.550000000000007372e-01 2.014972885996201057e+00 9.550249598608777646e-01 2.371133428136588117e-01 2.014968615015777065e+00 2.591364826784594011e-01
9.600000000000007416e-01 2.009973260092693170e+00 9.600245860668499276e-01 2.370867494157412048e-01 2.009968989359245839e+00 2.591364828017607147e-01
9.650000000000007461e-01 2.004973633040548986e+00 9.650242134212554390e-01 2.370602174700079945e-01 2.004969362553945089e+00 2.591364829358355770e-01
9.700000000000007505e-01 1.999974005127000964e+00 9.700238416368747174e-01 2.370337458758824956e-01 1.999969734887113049e+00 2.591364830597506219e-01
9.750000000000007550e-01 1.994974376604147892e+00 9.750234704616129733e-01 2.370073337568610050e-01 1.994970106610858052e+00 2.591364831850112016e-01
9.800000000000007594e-01 1.989974747139171996e+00 9.800231002282986381e-01 2.369809801380688974e-01 1.989970477392370984e+00 2.591364832910312277e-01
9.850000000000007638e-01 1.984975116774591930e+00 9.850227308944174975e-01 2.369546841783005953e-01 1.984970847274176053e+00 2.591364834205003853e-01
9.900000000000007683e-01 1.979975485782005995e+00 9.900223621883788017e-01 2.369284449329001063e-01 1.979971216527879996e+00 2.591364835493243923e-01
9.950000000000007727e-01 1.974975853978663043e+00 9.950219942929419137e-01 2.369022616209424947e-01 1.974971584970738991e+00 2.591364836598363253e-01
1.000000000000001110e+00 1.969976221515139958e+00 1.000021627057535945e+00 2.368761332615051118e-01 1.969971952753337918e+00 2.591364837860706816e-01
1.005000000000001004e+00 1.964976588106595035e+00 1.005021260767011038e+00 2.368500590650906013e-01 1.964972319590841066e+00 2.591364839097706763e-01
1.010000000000000009e+00 1.959976954249726067e+00 1.010020894924672952e+00 2.368240382224409968e-01 1.959972685979955109e+00 2.591364840275308112e-01
1.014999999999999902e+00 1.954977319306806072e+00 1.015020530168255997e+00 2.367980699790825927e-01 1.954973051282959062e+00 2.591364841653097106e-01
1.020000000000000018e+00 1.949977683797555983e+00 1.020020165978047899e+00 2.367721534541440132e-01 1.949973416019578965e+00 2.591364842788749234e-01
1.024999999999999911e+00 1.944978047549341005e+00 1.025019802526687895e+00 2.367462878442486984e-01 1.944973780017190013e+00 2.591364843953795072e-01
1.030000000000000027e+00 1.939978410720244018e+00 1.030019439656101099e+00 2.367204724666054916e-01 1.939974143433877973e+00 2.591364845269439887e-01
1.034999999999999920e+00 1.934978773049863099e+00 1.035019077626690986e+00 2.366947064873282103e-01 1.934974506009250028e+00 2.591364846445439185e-01
1.040000000000000036e+00 1.929979134811333097e+00 1.040018716165332036e+00 2.366689892324906064e-01 1.929974868016445910e+00 2.591364847658118031e-01
1.044999999999999929e+00 1.924979495734987944e+00 1.045018355541694977e+00 2.366433200344270071e-01 1.924975229185805103e+00 2.591364848942983024e-01
1.050000000000000044e+00 1.919979856195765944e+00 1.050017995380847946e+00 2.366176980242709060e-01 1.919975589892275014e+00 2.591364850168039746e-01
1.054999999999999050e+00 1.914980215916501027e+00 1.055017635959961009e+00 2.365921226203124006e-01 1.914975949858690907e+00 2.591364851483275999e-01
1.059999999999998943e+00 1.909980575058626062e+00 1.060017277117607959e+00 2.365665931179808112e-01 1.909976309246494974e+00 2.591364852658674112e-01
1.064999999999999059e+00 1.904980933557056000e+00 1.065016918918878064e+00 2.365411088455494915e-01 1.904976667990605943e+00 2.591364853959717274e-01
1.069999999999998952e+00 1.899981291357278002e+00 1.070016561418289047e+00 2.365156690969985875e-01 1.899977026036518968e+00 2.591364855099784203e-01
1.074999999999999067e+00 1.894981648730948098e+00 1.075016204344193094e+00 2.364902732763133064e-01 1.894977383655892078e+00 2.591364856418437168e-01
1.079999999999998961e+00 1.889982005528338949e+00 1.080015847846317101e+00 2.364649207704306866e-01 1.889977740699005038e+00 2.591364857578243863e-01
1.084999999999999076e+00 1.884982361397192108e+00 1.085015492276927063e+00 2.364396108631552917e-01 1.884978096813606951e+00 2.591364858764508838e-01
1.089999999999998970e+00 1.879982717045947993e+00 1.090015136927587891e+00 2.364143430005783975e-01 1.879978452708138903e+00 2.591364860117584823e-01
1.094999999999999085e+00 1.874983071945621083e+00 1.095014782327287994e+00 2.363891165800361127e-01 1.874978807853622920e+00 2.591364861343722903e-01
1.099999999999998979e+00 1.869983426227918022e+00 1.100014428344326944e+00 2.363639310185496056e-01 1.869979162381770088e+00 2.591364862535638913e-01
1.104999999999997984e+00 1.864983780142835945e+00 1.105014074728710938e+00 2.363387857096564959e-01 1.864979516542583093e+00 2.591364863810354247e-01
1.109999999999998099e+00 1.859984133312365895e+00 1.110013721858452929e+00 2.363136800811501126e-01 1.859979869958056975e+00 2.591364865016919095e-01
1.114999999999997993e+00 1.854984485930287974e+00 1.115013369539777033e+00 2.362886136054427044e-01 1.854980222821974944e+00 2.591364866326827943e-01
1.119999999999998108e+00 1.849984838266323095e+00 1.120013017502968999e+00 2.362635856775998910e-01 1.849980575404065908e+00 2.591364867506916747e-01
1.124999999999998002e+00 1.844985189859017050e+00 1.125012666209481926e+00 2.362385958200119984e-01 1.844980927242878099e+00 2.591364868734531979e-01
1.129999999999997895e+00 1.839985541071599062e+00 1.130012315296095027e+00 2.362136434513120997e-01 1.839981278701644962e+00 2.591364870072154214e-01
1.134999999999998010e+00 1.834985891754171927e+00 1.135011964912705951e+00 2.361887280502029951e-01 1.834981629630475952e+00 2.591364871255669167e-01
1.139999999999997904e+00 1.829986241899860033e+00 1.140011615066194972e+00 2.361638491559112096e-01 1.829981980022495014e+00 2.591364872511591755e-01
1.144999999999998019e+00 1.824986591396452917e+00 1.145011265868778993e+00 2.361390061974902033e-01 1.824982329765499900e+00 2.591364873713568051e-01
1.149999999999997025e+00 1.819986940538911080e+00 1.150010917025497958e+00 2.361141986794776937e-01 1.819982679154453997e+00 2.591364874942223007e-01
1.154999999999996918e+00 1.814987289153122907e+00 1.155010568710467034e+00 2.360894261974174069e-01 1.814983028015249911e+00 2.591364876208229751e-01
1.159999999999997033e+00 1.809987637483744027e+00 1.160010220679037030e+00 2.360646881679017983e-01 1.809983376592545934e+00 2.591364877524410248e-01
1.164999999999996927e+00 1.804987985068577938e+00 1.165009873393402007e+00 2.360399842136506054e-01 1.804983724424152003e+00 2.591364878838018915e-01
1.169999999999997042e+00 1.799988332265173074e+00 1.170009526496023078e+00 2.360153138124936878e-01 1.799984071867616109e+00 2.591364879976897906e-01
1.174999999999996936e+00 1.794988679048572067e+00 1.175009180011856058e+00 2.359906765151482122e-01 1.794984418897989098e+00 2.591364881311952750e-01
1.179999999999997051e+00 1.789989025391832911e+00 1.180008833967848947e+00 2.359660718767143950e-01 1.789984765488330076e+00 2.591364882444813778e-01
1.184999999999996945e+00 1.784989371357255994e+00 1.185008488301702023e+00 2.359414994637583918e-01 1.784985111700942984e+00 2.591364883869293756e-01
1.189999999999997060e+00 1.779989716801821942e+00 1.190008143156437992e+00 2.359169588746332091e-01 1.779985457392813997e+00 2.591364885082496072e-01
1.194999999999996954e+00 1.774990061788229934e+00 1.195007798469363891e+00 2.358924495775077124e-01 1.774985802626644960e+00 2.591364886232200848e-01
1.199999999999995959e+00 1.769990406353997958e+00 1.200007454202961954e+00 2.358679712585662891e-01 1.769986147439952973e+00 2.591364887545156148e-01
1.204999999999996074e+00 1.764990750425738053e+00 1.205007110430621919e+00 2.358435234758106125e-01 1.764986491759360954e+00 2.591364888792180854e-01
1.209999999999995968e+00 1.759991094265785927e+00 1.210006766890012075e+00 2.358191058459739864e-01 1.759986835847201947e+00 2.591364890101798268e-01
1.214999999999996083e+00 1.754991437475666993e+00 1.215006423979609007e+00 2.357947179211860034e-01 1.754987179305006029e+00 2.591364891414600913e-01
1.219999999999995977e+00 1.749991780444873024e+00 1.220006081309922941e+00 2.357703593529738018e-01 1.749987522522270966e+00 2.591364892549684051e-01
1.224999999999996092e+00 1.744992123102405923e+00 1.225005738951957968e+00 2.357460296949482059e-01 1.744987865427999107e+00 2.591364893844563255e-01
1.229999999999995985e+00 1.739992465249031062e+00 1.230005397104946940e+00 2.357217286059599126e-01 1.739988207822958044e+00 2.591364895113286160e-01
1.234999999999996101e+00 1.734992807030153017e+00 1.235005055623489945e+00 2.356974557622439903e-01 1.734988549852557016e+00 2.591364896308712140e-01
1.239999999999995994e+00 1.729993148360619903e+00 1.240004714592739976e+00 2.356732107096735085e-01 1.729988891431647025e+00 2.591364897718185789e-01
1.244999999999995000e+00 1.724993489309782024e+00 1.245004373943350950e+00 2.356489931573192975e-01 1.724989232629579927e+00 2.591364898916598825e-01
1.249999999999994893e+00 1.719993829977567890e+00 1.250004033575393025e+00 2.356248026558963038e-01 1.719989573546290895e+00 2.591364900196346244e-01
1.254999999999995008e+00 1.714994170173326893e+00 1.255003693679521914e+00 2.356006389707065996e-01 1.714989913991127990e+00 2.591364901458169112e-01
1.259999999999994902e+00 1.709994510133981072e+00 1.260003354018818023e+00 2.355765016602890116e-01 1.709990254201017912e+00 2.591364902647628754e-01
1.264999999999995017e+00 1.704994849628008069e+00 1.265003014824805927e+00 2.355523903853307122e-01 1.704990593944440969e+00 2.591364904030926120e-01
1.269999999999994911e+00 1.699995188764318987e+00 1.270002675988572971e+00 2.355283048969513959e-01 1.699990933330310927e+00 2.591364905271290042e-01
1.274999999999995026e+00 1.694995527595267948e+00 1.275002337457771917e+00 2.355042447575237952e-01 1.694991272410983907e+00 2.591364906588651817e-01
1.279999999999994920e+00 1.689995866094875954e+00 1.280001999258381096e+00 2.354802097075776035e-01 1.689991611160484908e+00 2.591364907746467883e-01
1.284999999999995035e+00 1.684996204190269964e+00 1.285001661463273992e+00 2.354561994354029963e-01 1.684991949505943110e+00 2.591364909045669185e-01
1.289999999999994040e+00 1.679996541961088052e+00 1.290001323992818083e+00 2.354322135924213910e-01 1.679992287526997918e+00 2.591364910442883196e-01
1.294999999999993934e+00 1.674996879542107076e+00 1.295000986712238067e+00 2.354082517946861908e-01 1.674992625358429965e+00 2.591364911613471822e-01
1.299999999999994049e+00 1.669997216586466049e+00 1.300000649968392041e+00 2.353843138761479992e-01 1.669992962653382040e+00 2.591364912933558085e-01
1.304999999999993943e+00 1.664997553451655898e+00 1.305000313403797074e+00 2.353603994111080899e-01 1.664993299769343960e+00 2.591364914217341164e-01
1.309999999999994058e+00 1.659997890013584998e+00 1.309999977142541017e+00 2.353365081786578106e-01 1.659993636582232091e+00 2.591364915396018875e-01
1.314999999999993952e+00 1.654998226234851932e+00 1.314999641222029947e+00 2.353126398776478889e-01 1.654993973054641909e+00 2.591364916720297895e-01
1.319999999999994067e+00 1.649998562086181897e+00 1.319999305671543111e+00 2.352887941458874921e-01 1.649994309157303052e+00 2.591364917997834860e-01
1.324999999999993960e+00 1.644998897585822073e+00 1.324998970472829996e+00 2.352649707728338979e-01 1.644994644908466030e+00 2.591364919414212986e-01
1.329999999999994076e+00 1.639999232967739085e+00 1.329998635391927087e+00 2.352411694239885942e-01 1.639994980542101022e+00 2.591364920559351970e-01
1.334999999999993969e+00 1.634999567981707980e+00 1.334998300679062000e+00 2.352173898213743009e-01 1.634995315807983074e+00 2.591364921841898261e-01
1.339999999999992975e+00 1.629999902590328009e+00 1.339997966371639038e+00 2.351936317674734878e-01 1.629995650668712104e+00 2.591364923250488173e-01
1.344999999999993090e+00 1.625000237125107105e+00 1.344997632138146049e+00 2.351698948534139966e-01 1.624995985455804037e+00 2.591364924422897009e-01
1.349999999999992983e+00 1.620000571041884996e+00 1.349997298522749078e+00 2.351461789180941120e-01 1.619996319625095937e+00 2.591364925795008878e-01
1.354999999999993099e+00 1.615000904971338969e+00 1.354996964894773059e+00 2.351224836154111875e-01 1.614996653807271088e+00 2.591364926979918271e-01
1.359999999999992992e+00 1.610001238541769908e+00 1.359996631625915109e+00 2.350988087651141034e-01 1.609996987630629928e+00 2.591364928341743923e-01
1.364999999999993108e+00 1.605001571870332100e+00 1.364996298599026048e+00 2.350751540124426942e-01 1.604997321212330075e+00 2.591364929715265775e-01
1.369999999999993001e+00 1.600001904730163016e+00 1.369995966040967073e+00 2.350515191463133924e-01 1.599997654325512109e+00 2.591364931000915139e-01
1.374999999999992895e+00 1.595002237499044906e+00 1.374995633573957932e+00 2.350279039499675870e-01 1.594997987347958945e+00 2.591364932289728085e-01
1.379999999999993010e+00 1.590002570005424110e+00 1.379995301369556948e+00 2.350043080553171904e-01 1.589998320108120033e+00 2.591364933574892837e-01
1.384999999999992015e+00 1.585002902019027937e+00 1.384994969658035036e+00 2.349807313559320876e-01 1.584998652375724904e+00 2.591364934824825772e-01
1.389999999999991909e+00 1.580003233928835016e+00 1.389994638050414899e+00 2.349571734848069915e-01 1.579998984539755069e+00 2.591364936159333276e-01
1.394999999999992024e+00 1.575003565764860003e+00 1.394994306516684102e+00 2.349336342829080881e-01 1.574999316630226964e+00 2.591364937340758789e-01
1.399999999999991918e+00 1.570003897192862041e+00 1.399993975391083945e+00 2.349101134273703928e-01 1.569999648312903062e+00 2.591364938679786012e-01
1.404999999999992033e+00 1.565004228238251027e+00 1.404993644648206974e+00 2.348866107876642906e-01 1.564999979613193037e+00 2.591364939999891148e-01
1.409999999999991926e+00 1.560004559216678910e+00 1.409993313972403906e+00 2.348631259926940995e-01 1.560000310846753946e+00 2.591364941298502922e-01
1.414999999999992042e+00 1.555004889989106909e+00 1.414992983502713075e+00 2.348396588929788087e-01 1.555000641874547007e+00 2.591364942519149839e-01
1.419999999999991935e+00 1.550005220444859111e+00 1.419992653349811063e+00 2.348162092446771931e-01 1.550000972585900083e+00 2.591364943909146845e-01
1.424999999999992051e+00 1.545005550689608986e+00 1.424992323408025952e+00 2.347927768444602048e-01 1.545001303086487976e+00 2.591364945316739776e-01
1.429999999999991944e+00 1.540005880725062060e+00 1.429991993675657103e+00 2.347693613619901976e-01 1.540001633378017987e+00 2.591364946498400101e-01
1.434999999999990949e+00 1.535006210474761934e+00 1.434991664229156916e+00 2.347459626701068891e-01 1.535001963384039048e+00 2.591364947888465942e-01
1.439999999999991065e+00 1.530006539986743963e+00 1.439991335020496033e+00 2.347225804790865067e-01 1.530002293152584958e+00 2.591364949113423854e-01
1.444999999999990958e+00 1.525006869265951082e+00 1.444991006044729076e+00 2.346992146187723005e-01 1.525002622688605092e+00 2.591364950527074162e-01
1.449999999999991074e+00 1.520007198486724054e+00 1.449990677127519945e+00 2.346758648243091050e-01 1.520002952166437993e+00 2.591364951857451082e-01
1.454999999999990967e+00 1.515007527361547091e+00 1.454990348556383095e+00 2.346525308983004043e-01 1.515003281298574089e+00 2.591364953061519039e-01
1.459999999999991083e+00 1.510007856019000894e+00 1.459990020202738936e+00 2.346292126426922087e-01 1.510003610213594083e+00 2.591364954423964750e-01
1.464999999999990976e+00 1.505008184439305063e+00 1.464989692086372086e+00 2.346059098023116907e-01 1.505003938891720017e+00 2.591364955787314184e-01
1.469999999999991092e+00 1.500008512776844105e+00 1.469989364052896041e+00 2.345826221822170099e-01 1.500004267487339948e+00 2.591364956953939869e-01
1.474999999999990985e+00 1.495008840784179949e+00 1.474989036349751093e+00 2.345593495949394869e-01 1.495004595753018029e+00 2.591364958365636184e-01
1.479999999999989990e+00 1.490009168704546028e+00 1.479988708733708025e+00 2.345360917013472879e-01 1.490004923931989023e+00 2.591364959651842881e-01
1.484999999999990106e+00 1.485009496415842012e+00 1.484988381326866058e+00 2.345128484695842008e-01 1.485005251902155043e+00 2.591364961062190830e-01
1.489999999999989999e+00 1.480009823798638990e+00 1.489988054248654104e+00 2.344896195492404967e-01 1.480005579544090955e+00 2.591364962354946178e-01
1.494999999999989893e+00 1.475010151081505905e+00 1.494987727270506994e+00 2.344664048119066979e-01 1.475005907086367918e+00 2.591364963606654914e-01
1.499999999999990008e+00 1.470010478143763066e+00 1.499987400513103974e+00 2.344432040459661082e-01 1.470006234408306911e+00 2.591364965065782733e-01
1.504999999999989901e+00 1.465010805218923906e+00 1.504987073742934944e+00 2.344200170081356949e-01 1.465006561743426028e+00 2.591364966268477898e-01
1.509999999999990017e+00 1.460011131781016047e+00 1.509986747485972058e+00 2.343968435414320040e-01 1.460006888565754890e+00 2.591364967684535170e-01
1.514999999999989910e+00 1.455011458270007996e+00 1.514986421302247921e+00 2.343736833894045080e-01 1.455007215315262892e+00 2.591364968962384108e-01
1.519999999999990026e+00 1.450011784701644046e+00 1.519986095176020013e+00 2.343505363900864891e-01 1.450007542007698991e+00 2.591364970384903987e-01
1.524999999999989031e+00 1.445012110942855088e+00 1.524985769240359890e+00 2.343274022723416949e-01 1.445007868509996074e+00 2.591364971560592978e-01
1.529999999999988924e+00 1.440012436962603948e+00 1.529985443526302946e+00 2.343042809689674932e-01 1.440008194791118079e+00 2.591364973008202233e-01
1.534999999999989040e+00 1.435012762703478995e+00 1.534985118091267031e+00 2.342811721528617885e-01 1.435008520793658038e+00 2.591364974358230100e-01
1.539999999999988933e+00 1.430013088305428948e+00 1.539984792795300095e+00 2.342580756899405869e-01 1.430008846657566002e+00 2.591364975725712894e-01
1.544999999999989049e+00 1.425013413895442005e+00 1.544984467511419046e+00 2.342349913357265889e-01 1.425009172509833055e+00 2.591364976910867091e-01
1.549999999999988942e+00 1.420013739270814090e+00 1.549984142442327073e+00 2.342119189376078991e-01 1.420009498147756899e+00 2.591364978379835926e-01
1.554999999999989058e+00 1.415014064546028072e+00 1.554983817473543084e+00 2.341888582538849961e-01 1.415009823685825952e+00 2.591364979623287934e-01
1.559999999999988951e+00 1.410014389596881079e+00 1.559983492729271060e+00 2.341658091540309017e-01 1.410010148999838009e+00 2.591364981033599801e-01
1.564999999999989067e+00 1.405014714311334956e+00 1.564983168321552043e+00 2.341427713891003903e-01 1.405010473977756913e+00 2.591364982313804077e-01
1.569999999999988960e+00 1.400015039218146962e+00 1.569982843721628996e+00 2.341197447700301970e-01 1.400010799148345031e+00 2.591364983636981201e-01
1.574999999999987965e+00 1.395015363649974915e+00 1.574982519596844988e+00 2.340967291676789019e-01 1.395011123844261069e+00 2.591364985040354174e-01
1.579999999999988081e+00 1.390015688203845912e+00 1.579982195350176033e+00 2.340737242514548955e-01 1.390011448662535010e+00 2.591364986412473259e-01
1.584999999999987974e+00 1.385016012517326089e+00 1.584981871344055993e+00 2.340507299334113889e-01 1.385011773240738098e+00 2.591364987729677938e-01
1.589999999999988090e+00 1.380016336639358077e+00 1.589981547529546013e+00 2.340277460108831920e-01 1.380012097627812961e+00 2.591364989094003257e-01
1.594999999999987983e+00 1.375016660623771036e+00 1.594981223852814933e+00 2.340047722358923887e-01 1.375012421877594981e+00 2.591364990427441062e-01
1.599999999999988098e+00 1.370016984586982067e+00 1.599980900197450095e+00 2.339818084926084119e-01 1.370012746106501034e+00 2.591364991811627161e-01
1.604999999999987992e+00 1.365017308306107902e+00 1.604980576786334989e+00 2.339588544985116980e-01 1.365013070091652070e+00 2.591364993112872939e-01
1.609999999999988107e+00 1.360017631939967941e+00 1.609980253460651989e+00 2.339359101541731989e-01 1.360013393991871045e+00 2.591364994621404017e-01
1.614999999999988001e+00 1.355017955512948902e+00 1.614979930196015934e+00 2.339129752369905058e-01 1.355013717831548004e+00 2.591364995905017232e-01
1.619999999999987006e+00 1.350018279026131029e+00 1.619979606991351018e+00 2.338900494586378942e-01 1.350014041611764970e+00 2.591364997301848772e-01
1.624999999999986899e+00 1.345018602297046062e+00 1.624979284029121951e+00 2.338671327549143031e-01 1.345014365150059010e+00 2.591364998526772823e-01
1.629999999999987015e+00 1.340018925321772025e+00 1.629978961313254926e+00 2.338442248889839870e-01 1.340014688442509927e+00 2.591364999997359253e-01
1.634999999999986908e+00 1.335019248476499110e+00 1.634978638467561973e+00 2.338213256531042894e-01 1.335015011865311019e+00 2.591365001267109114e-01
1.639999999999987024e+00 1.330019571349793983e+00 1.639978315903475981e+00 2.337984348620907871e-01 1.330015335007032951e+00 2.591365002680873775e-01
1.644999999999986917e+00 1.325019894137313026e+00 1.644977993425345897e+00 2.337755523122470869e-01 1.325015658063334989e+00 2.591365004039900000e-01
1.649999999999987033e+00 1.320020216828367898e+00 1.649977671043858063e+00 2.337526778872359989e-01 1.320015981023531904e+00 2.591365005490965934e-01
1.654999999999986926e+00 1.315020539336898997e+00 1.654977348845074969e+00 2.337298112966962882e-01 1.315016303801568975e+00 2.591365006796190196e-01
1.659999999999987041e+00 1.310020861990438101e+00 1.659977026501469943e+00 2.337069523829531925e-01 1.310016626724979982e+00 2.591365008279917226e-01
1.664999999999986047e+00 1.305021184405291024e+00 1.664976704396730955e+00 2.336841009989067131e-01 1.305016949410076066e+00 2.591365009653712748e-01
1.669999999999985940e+00 1.300021506783537006e+00 1.669976382328790088e+00 2.336612568279075874e-01 1.300017272058938023e+00 2.591365010961805826e-01
1.674999999999986056e+00 1.295021828950893905e+00 1.674976060471925932e+00 2.336384197605154978e-01 1.295017594497289037e+00 2.591365012297762727e-01
1.679999999999985949e+00 1.290022151176402065e+00 1.679975738557099918e+00 2.336155896324471071e-01 1.290017916994171010e+00 2.591365013812180207e-01
1.684999999999986064e+00 1.285022473203980997e+00 1.684975416840396978e+00 2.335927661616339079e-01 1.285018239293509890e+00 2.591365015067527144e-01
1.689999999999985958e+00 1.280022794971046096e+00 1.689975095384399939e+00 2.335699492373592978e-01 1.280018561332723070e+00 2.591365016608748184e-01
1.694999999999986073e+00 1.275023117087243918e+00 1.694974773579468019e+00 2.335471386609694056e-01 1.275018883721461105e+00 2.591365017880568056e-01
1.699999999999985967e+00 1.270023438890518941e+00 1.699974452087656962e+00 2.335243341665864947e-01 1.270019205797672912e+00 2.591365019333347064e-01
1.704999999999986082e+00 1.265023760610916037e+00 1.704974130678923006e+00 2.335015355719705088e-01 1.265019527791408027e+00 2.591365020781878914e-01
1.709999999999985976e+00 1.260024082176300908e+00 1.709973809425405999e+00 2.334787427096051970e-01 1.260019849630535926e+00 2.591365022028134235e-01
1.714999999999984981e+00 1.255024403745323980e+00 1.714973488168453075e+00 2.334559553491959982e-01 1.255020171473709034e+00 2.591365023597893003e-01
1.719999999999985096e+00 1.250024725452590024e+00 1.719973166773463014e+00 2.334331733564359024e-01 1.250020493455539006e+00 2.591365024956345242e-01
1.724999999999984990e+00 1.245025046707552985e+00 1.724972845830986090e+00 2.334103964471168913e-01 1.245020814985482893e+00 2.591365026246684189e-01
1.729999999999985105e+00 1.240025368227805069e+00 1.729972524623430097e+00 2.333876244792625898e-01 1.240021136781136901e+00 2.591365027669367826e-01
1.734999999999984999e+00 1.235025689481914934e+00 1.734972203682227931e+00 2.333648572683821865e-01 1.235021458311075016e+00 2.591365029140810794e-01
1.739999999999984892e+00 1.230026010833682903e+00 1.739971882643583934e+00 2.333420945426523119e-01 1.230021779939100002e+00 2.591365030597337915e-01
1.744999999999985008e+00 1.225026332075344948e+00 1.744971561715263908e+00 2.333193361179125014e-01 1.225022101457454937e+00 2.591365031901999849e-01
1.749999999999984901e+00 1.220026653202296973e+00 1.749971240901871949e+00 2.332965818132113067e-01 1.220022422861537947e+00 2.591365033384612770e-01
1.754999999999985016e+00 1.215026974273542004e+00 1.754970920144409030e+00 2.332738314119028877e-01 1.215022744210358940e+00 2.591365034871079831e-01
1.759999999999984022e+00 1.210027295468365072e+00 1.759970599263593893e+00 2.332510846971760088e-01 1.210023065683206944e+00 2.591365036214853812e-01
1.764999999999983915e+00 1.205027616420637049e+00 1.764970278625556110e+00 2.332283414386877862e-01 1.205023386913955941e+00 2.591365037636328972e-01
1.769999999999984031e+00 1.200027937370975906e+00 1.769969957989679932e+00 2.332056015046659048e-01 1.200023708143231893e+00 2.591365038997830994e-01
1.774999999999983924e+00 1.195028258528167964e+00 1.774969637147179924e+00 2.331828646297670893e-01 1.195024029579822900e+00 2.591365040526307228e-01
1.779999999999984039e+00 1.190028579387387930e+00 1.779969316602890927e+00 2.331601305988408035e-01 1.190024350718910107e+00 2.591365041899391097e-01
1.784999999999983933e+00 1.185028900329144097e+00 1.784968995976299100e+00 2.331373992043291876e-01 1.185024671941006913e+00 2.591365043352645836e-01
1.789999999999984048e+00 1.180029221147435914e+00 1.789968675473412985e+00 2.331146702340547994e-01 1.180024993040118986e+00 2.591365044701913201e-01
1.794999999999983942e+00 1.175029542005348038e+00 1.794968354931147037e+00 2.330919434549361124e-01 1.175025314179334091e+00 2.591365046231428049e-01
1.799999999999984057e+00 1.170029862921240005e+00 1.799968034331145939e+00 2.330692186730894955e-01 1.170025635377019091e+00 2.591365047628029217e-01
1.804999999999983951e+00 1.165030183716680989e+00 1.804967713851842959e+00 2.330464956892437101e-01 1.165025956454746936e+00 2.591365049105359142e-01
1.809999999999982956e+00 1.160030504524798056e+00 1.809967393360115029e+00 2.330237742118254074e-01 1.160026277545652018e+00 2.591365050510633927e-01
1.814999999999983071e+00 1.155030825223434032e+00 1.814967072978119988e+00 2.330010540653540130e-01 1.155026598527582049e+00 2.591365051996787905e-01
1.819999999999982965e+00 1.150031146157517004e+00 1.819966752360935969e+00 2.329783350192735913e-01 1.150026919745468890e+00 2.591365053419302233e-01
1.824999999999983080e+00 1.145031466803515974e+00 1.824966432032091967e+00 2.329556168792978887e-01 1.145027240675791091e+00 2.591365054974649196e-01
1.829999999999982974e+00 1.140031787706107025e+00 1.829966111446919008e+00 2.329328993459632013e-01 1.140027561863228955e+00 2.591365056270646949e-01
1.834999999999983089e+00 1.135032108365692016e+00 1.834965791105017008e+00 2.329101822631942098e-01 1.135027882808189004e+00 2.591365057893091906e-01
1.839999999999982983e+00 1.130032429109405934e+00 1.839965470679252979e+00 2.328874653075140022e-01 1.130028203837813994e+00 2.591365059302196960e-01
1.844999999999983098e+00 1.125032749962940892e+00 1.844965150143939914e+00 2.328647483224600967e-01 1.125028524977802036e+00 2.591365060817638066e-01
1.849999999999982991e+00 1.120033070868543978e+00 1.849964829556832946e+00 2.328420309996193927e-01 1.120028846170407100e+00 2.591365062179075140e-01
1.854999999999981997e+00 1.115033391718895928e+00 1.854964509025254005e+00 2.328193132061353865e-01 1.115029167308315028e+00 2.591365063719235917e-01
1.859999999999981890e+00 1.110033712538835982e+00 1.859964188524368067e+00 2.327965945857707053e-01 1.110029488416373944e+00 2.591365065075715846e-01
1.864999999999982006e+00 1.105034033305742014e+00 1.864963868076799924e+00 2.327738749754761083e-01 1.105029809471965052e+00 2.591365066594119027e-01
1.869999999999981899e+00 1.100034354177751084e+00 1.869963547524416958e+00 2.327511540991203109e-01 1.100030130633234959e+00 2.591365068015262785e-01
1.874999999999982014e+00 1.095034675091425935e+00 1.874963226930657978e+00 2.327284316858604096e-01 1.095030451836753072e+00 2.591365069598768889e-01
1.879999999999981908e+00 1.090034996192571048e+00 1.879962906149724056e+00 2.327057074832764028e-01 1.090030773228330085e+00 2.591365071014676835e-01
1.884999999999982023e+00 1.085035317222547979e+00 1.884962585440256966e+00 2.326829812627231875e-01 1.085031094549335995e+00 2.591365072447319173e-01
1.889999999999981917e+00 1.080035638181926050e+00 1.889962264801690051e+00 2.326602527672697873e-01 1.080031415800345007e+00 2.591365074107945810e-01
1.894999999999982032e+00 1.075035959170633992e+00 1.894961944134099907e+00 2.326375217068780976e-01 1.075031737081296956e+00 2.591365075555983055e-01
1.899999999999981037e+00 1.070036280356021052e+00 1.899961623270139066e+00 2.326147878285206028e-01 1.070032058559545973e+00 2.591365076928073274e-01
1.904999999999980931e+00 1.065036601452221010e+00 1.904961302495677966e+00 2.325920509098856059e-01 1.065032379949232944e+00 2.591365078583027781e-01
1.909999999999981046e+00 1.060036922644314927e+00 1.909960981625641097e+00 2.325693106088964068e-01 1.060032701435450919e+00 2.591365079966790885e-01
1.914999999999980940e+00 1.055037243987329010e+00 1.914960660605006026e+00 2.325465666605321113e-01 1.055033023073230991e+00 2.591365081526815217e-01
1.919999999999981055e+00 1.050037565429192910e+00 1.919960339485845990e+00 2.325238188388500105e-01 1.050033344810511915e+00 2.591365083056256791e-01
1.924999999999980949e+00 1.045037886839849994e+00 1.924960018398220951e+00 2.325010668490380128e-01 1.045033666517245052e+00 2.591365084526577878e-01
1.929999999999981064e+00 1.040038208307237033e+00 1.929959697254203022e+00 2.324783103498553882e-01 1.040033988281376054e+00 2.591365086111214744e-01
1.934999999999980957e+00 1.035038529700103016e+00 1.934959376185044988e+00 2.324555490963866045e-01 1.035034309971663014e+00 2.591365087501201203e-01
1.939999999999981073e+00 1.030038851468020988e+00 1.939959054741174915e+00 2.324327828212524871e-01 1.030034632037686970e+00 2.591365089185660997e-01
1.944999999999980966e+00 1.025039173130267045e+00 1.944958733403326034e+00 2.324100111518805079e-01 1.025034953998734011e+00 2.591365090647246849e-01
1.949999999999979972e+00 1.020039494927515999e+00 1.949958411930823976e+00 2.323872338550798111e-01 1.020035276095488053e+00 2.591365092254159785e-01
1.954999999999980087e+00 1.015039816856585952e+00 1.954958090326859965e+00 2.323644506102161000e-01 1.015035598324776078e+00 2.591365093781271001e-01
1.959999999999979980e+00 1.010040138853242064e+00 1.959957768655671062e+00 2.323416610682806083e-01 1.010035920622373906e+00 2.591365095136161090e-01
1.964999999999980096e+00 1.005040460929591983e+00 1.964957446905156058e+00 2.323188649555421870e-01 1.005036243000398954e+00 2.591365096741721219e-01
1.969999999999979989e+00 1.000040783076314943e+00 1.969957125084637939e+00 2.322960619428187101e-01 1.000036565449540005e+00 2.591365098273901157e-01
1.974999999999980105e+00 9.950411054600749594e-01 1.974956803027460017e+00 2.322732517111391892e-01 9.950368881364702878e-01 2.591365099937283922e-01
1.979999999999979998e+00 9.900414279475739932e-01 1.979956480866924995e+00 2.322504339047012090e-01 9.900372109279047539e-01 2.591365101358756862e-01
1.984999999999979892e+00 9.850417504969186666e-01 1.984956158644932023e+00 2.322276082130307062e-01 9.850375337819590182e-01 2.591365102921415198e-01
1.989999999999980007e+00 9.800420732138377389e-01 1.989955836255757893e+00 2.322047742841047979e-01 9.800378568043730532e-01 2.591365104536085817e-01
1.994999999999979012e+00 9.750423960427383463e-01 1.994955513754999910e+00 2.321819317779856007e-01 9.750381799395655413e-01 2.591365106124535744e-01
1.999999999999978906e+00 9.700427187947866514e-01 1.999955191331499016e+00 2.321590803351903931e-01 9.700385029987139696e-01 2.591365107673513912e-01
2.004999999999979021e+00 9.650430418566315893e-01 2.004954868598611828e+00 2.321362195902395009e-01 9.650388263684792634e-01 2.591365109147170109e-01
2.009999999999978915e+00 9.600433651690991610e-01 2.009954545615519006e+00 2.321133492029870127e-01 9.600391499896981928e-01 2.591365110758134249e-01
2.014999999999978808e+00 9.550436885361364148e-01 2.014954222578277054e+00 2.320904688164154017e-01 9.550394736663307960e-01 2.591365112467403087e-01
2.019999999999979146e+00 9.500440121664155413e-01 2.019953899278222220e+00 2.320675779921350934e-01 9.500397976070626971e-01 2.591365113956994870e-01
2.024999999999979039e+00 9.450443356923869942e-01 2.024953576082908935e+00 2.320446764098620940e-01 9.450401214443552300e-01 2.591365115632436877e-01
2.029999999999978932e+00 9.400446595864764276e-01 2.029953252519919982e+00 2.320217636069946132e-01 9.400404456506489259e-01 2.591365117172704235e-01
2.034999999999978826e+00 9.350449834880123490e-01 2.034952928949933071e+00 2.319988392688454026e-01 9.350407698652840605e-01 2.591365118856049921e-01
2.039999999999979163e+00 9.300453077569272864e-01 2.039952605013021891e+00 2.319759029359302893e-01 9.300410944482077058e-01 2.591365120465570770e-01
2.044999999999979057e+00 9.250456322712921065e-01 2.044952280831121794e+00 2.319529541893732005e-01 9.250414192775051614e-01 2.591365121944880223e-01
2.049999999999978950e+00 9.200459568417045375e-01 2.049951956593643931e+00 2.319299926298903913e-01 9.200417441637873672e-01 2.591365123620711919e-01
2.054999999999977955e+00 9.150462815309197140e-01 2.054951632237841164e+00 2.319070178134768900e-01 9.150420691698250009e-01 2.591365125145366766e-01
2.059999999999977849e+00 9.100466064851389092e-01 2.059951307617516214e+00 2.318840293359289983e-01 9.100423944418331024e-01 2.591365126876601921e-01
2.064999999999978186e+00 9.050469317900819988e-01 2.064950982646958977e+00 2.318610267101310907e-01 9.050427200655482007e-01 2.591365128486382008e-01
2.069999999999978080e+00 9.000472569733801720e-01 2.069950657798547144e+00 2.318380094852482975e-01 9.000430455686168063e-01 2.591365130061332733e-01
2.074999999999977973e+00 8.950475826960655468e-01 2.074950332411254816e+00 2.318149772109029116e-01 8.950433716120870242e-01 2.591365131688648793e-01
2.079999999999977867e+00 8.900479084513222006e-01 2.079950006991908129e+00 2.317919294194870916e-01 8.900436976891589191e-01 2.591365133445405755e-01
2.084999999999978204e+00 8.850482346434773717e-01 2.084949681136185173e+00 2.317688655920910057e-01 8.850440242041782701e-01 2.591365134947828941e-01
2.089999999999978098e+00 8.800485609154407030e-01 2.089949355201190073e+00 2.317457852556308873e-01 8.800443508000700410e-01 2.591365136713544848e-01
2.094999999999977991e+00 8.750488874602524447e-01 2.094949028993887019e+00 2.317226878669932100e-01 8.750446776698938001e-01 2.591365138343558194e-01
2.099999999999976996e+00 8.700492142995699396e-01 2.099948702492627994e+00 2.316995729567691009e-01 8.700450048353243204e-01 2.591365140065708950e-01
2.104999999999976890e+00 8.650495412659324757e-01 2.104948375864887034e+00 2.316764399572990019e-01 8.650453321289205411e-01 2.591365141591758237e-01
2.109999999999976783e+00 8.600498686094510958e-01 2.109948048860557979e+00 2.316532883619852878e-01 8.600456598008110465e-01 2.591365143368353219e-01
2.114999999999977121e+00 8.550501961692589248e-01 2.114947721640521028e+00 2.316301175685069880e-01 8.550459876901502776e-01 2.591365144942829879e-01
2.119999999999977014e+00 8.500505241868836492e-01 2.119947393963256044e+00 2.316069270413717018e-01 8.500463160384854611e-01 2.591365146628876182e-01
2.124999999999976907e+00 8.450508523214921297e-01 2.124947066169608156e+00 2.315837161861747928e-01 8.450466445050037745e-01 2.591365148348280800e-01
2.129999999999976801e+00 8.400511808165447292e-01 2.129946738016127217e+00 2.315604844238675908e-01 8.400469733331872302e-01 2.591365150210778179e-01
2.134999999999977138e+00 8.350515097226889338e-01 2.134946409452178173e+00 2.315372311009369077e-01 8.350473025737060739e-01 2.591365151862972116e-01
2.139999999999977032e+00 8.300518389563080746e-01 2.139946080561386133e+00 2.315139556413076116e-01 8.300476321429650639e-01 2.591365153614125227e-01
2.144999999999976037e+00 8.250521683273746021e-01 2.144945751533791078e+00 2.314906573962889902e-01 8.250479618509604096e-01 2.591365155245693996e-01
2.149999999999975930e+00 8.200524982544834529e-01 2.149945421950813174e+00 2.314673356651500979e-01 8.200482921163102512e-01 2.591365157089450810e-01
2.154999999999975824e+00 8.150528282685627346e-01 2.154945092281530972e+00 2.314439897921400924e-01 8.150486224699680093e-01 2.591365158644746147e-01
2.159999999999976161e+00 8.100531588995636412e-01 2.159944761996011042e+00 2.314206191277080049e-01 8.100489534419086368e-01 2.591365160481992058e-01
2.164999999999976055e+00 8.050534897143961643e-01 2.164944431527354052e+00 2.313972228940106013e-01 8.050492845990695479e-01 2.591365162205709893e-01
2.169999999999975948e+00 8.000538210786203308e-01 2.169944100510012852e+00 2.313738004038002061e-01 8.000496163070364153e-01 2.591365164000445920e-01
2.174999999999975842e+00 7.950541527204677550e-01 2.174943769215770040e+00 2.313503509006581138e-01 7.950499482940686091e-01 2.591365165788975244e-01
2.179999999999976179e+00 7.900544848826598354e-01 2.179943437401918871e+00 2.313268736085485056e-01 7.900502808029153945e-01 2.591365167596759167e-01
2.184999999999976072e+00 7.850548172645517297e-01 2.184943105369120175e+00 2.313033677157866896e-01 7.850506135329623492e-01 2.591365169231731880e-01
2.189999999999975966e+00 7.800551503238466466e-01 2.189942772659681847e+00 2.312798324299333019e-01 7.800509469419412145e-01 2.591365170992310230e-01
2.194999999999974971e+00 7.750554834967147144e-01 2.194942439837452852e+00 2.312562669170293017e-01 7.750512804660530941e-01 2.591365172778946069e-01
2.199999999999974865e+00 7.700558173760327918e-01 2.199942106309570100e+00 2.312326703229106994e-01 7.700516146982071541e-01 2.591365174614430056e-01
2.204999999999975202e+00 7.650561515399090240e-01 2.204941772497943209e+00 2.312090417417445865e-01 7.650519492165437363e-01 2.591365176558291794e-01
2.209999999999975095e+00 7.600564862985947912e-01 2.209941438092336785e+00 2.311853802313479922e-01 7.600522843313497479e-01 2.591365178218433263e-01
2.214999999999974989e+00 7.550568214936674849e-01 2.214941103251192089e+00 2.311616849120509964e-01 7.550526198842352210e-01 2.591365180215676189e-01
2.219999999999974882e+00 7.500571572703620404e-01 2.219940767829291062e+00 2.311379547738345031e-01 7.500529560204731716e-01 2.591365182030144765e-01
2.224999999999975220e+00 7.450574935480176464e-01 2.224940431907314942e+00 2.311141888050327053e-01 7.450532926594394256e-01 2.591365183799990146e-01
2.229999999999975113e+00 7.400578302198823621e-01 2.229940095592032989e+00 2.310903860113691921e-01 7.400536296944204562e-01 2.591365185645109759e-01
2.234999999999975007e+00 7.350581675260627890e-01 2.234939758643360808e+00 2.310665452946122078e-01 7.350539673655622774e-01 2.591365187587563179e-01
2.239999999999974012e+00 7.300585055442070370e-01 2.239939420983668050e+00 2.310426655814921126e-01 7.300543057505551880e-01 2.591365189388666890e-01
2.244999999999973905e+00 7.250588438797649360e-01 2.244939083007527980e+00 2.310187457159232072e-01 7.250546444548909841e-01 2.591365191264018986e-01
2.249999999999973799e+00 7.200591829326299376e-01 2.249938744315071126e+00 2.309947845688495038e-01 7.200549838785069712e-01 2.591365193234447806e-01
2.254999999999974136e+00 7.150595225795086662e-01 2.254938405029609960e+00 2.309707808401771090e-01 7.150553238981564030e-01 2.591365195052315884e-01
2.259999999999974030e+00 7.100598628210263996e-01 2.259938065150544961e+00 2.309467333559641899e-01 7.100556645145104095e-01 2.591365197076562765e-01
2.264999999999973923e+00 7.050602038393662951e-01 2.264937724495716953e+00 2.309226407734742137e-01 7.050560059098025523e-01 2.591365198871221076e-01
2.269999999999973817e+00 7.000605452163881637e-01 2.269937383483293214e+00 2.308985017515416127e-01 7.000563476659424911e-01 2.591365200831657889e-01
2.274999999999974154e+00 6.950608875911257201e-01 2.274937041474264010e+00 2.308743149515377902e-01 6.950566904220167874e-01 2.591365202746345187e-01
2.279999999999974047e+00 6.900612306139919383e-01 2.279936698818243013e+00 2.308500788902959899e-01 6.900570338284932603e-01 2.591365204719726090e-01
2.284999999999973053e+00 6.850615741277010784e-01 2.284936355672548824e+00 2.308257920517811923e-01 6.850573777281422361e-01 2.591365206783508013e-01
2.289999999999972946e+00 6.800619186718677156e-01 2.289936011497593071e+00 2.308014529308687057e-01 6.800577226606383530e-01 2.591365208709545120e-01
2.294999999999972840e+00 6.750622638488721350e-01 2.294935666691026999e+00 2.307770599020652902e-01 6.750580682284219591e-01 2.591365210747960113e-01
2.299999999999973177e+00 6.700626098306656786e-01 2.299935321080932127e+00 2.307526112579900979e-01 6.700584146035085675e-01 2.591365212807035245e-01
2.304999999999973070e+00 6.650629566143493321e-01 2.304934974670238113e+00 2.307281053259624126e-01 6.650587617830658882e-01 2.591365214714220211e-01
2.309999999999972964e+00 6.600633044618575695e-01 2.309934627197046009e+00 2.307035402675670921e-01 6.600591100290957858e-01 2.591365216861848952e-01
2.314999999999972857e+00 6.550636529707958289e-01 2.314934279063788125e+00 2.306789141982384106e-01 6.550594589392768619e-01 2.591365218786662039e-01
2.319999999999973195e+00 6.500640023998016659e-01 2.319933930011862877e+00 2.306542251803755939e-01 6.500598087723205021e-01 2.591365220905061939e-01
2.324999999999973088e+00 6.450643528373802837e-01 2.324933579952804141e+00 2.306294712114010936e-01 6.450601596168097362e-01 2.591365223024246212e-01
2.329999999999972982e+00 6.400647040669014132e-01 2.329933229103282155e+00 2.306046500896312135e-01 6.400605112561967847e-01 2.591365225004215178e-01
2.334999999999971987e+00 6.350650565082105459e-01 2.334932877043494059e+00 2.305797597026119083e-01 6.350608641104105168e-01 2.591365227164271756e-01
2.339999999999971880e+00 6.300654098619702381e-01 2.339932524072823927e+00 2.305547976722635006e-01 6.300612178802026397e-01 2.591365229272402093e-01
2.344999999999972218e+00 6.250657643608406033e-01 2.344932169958656942e+00 2.305297616123153093e-01 6.250615727983258596e-01 2.591365231444969774e-01
2.349999999999972111e+00 6.200661197692625137e-01 2.349931814936600194e+00 2.305046489991939007e-01 6.200619286293181931e-01 2.591365233554456249e-01
2.354999999999972005e+00 6.150664762531050656e-01 2.354931458840835212e+00 2.304794572352437121e-01 6.150622855391495447e-01 2.591365235721976856e-01
2.359999999999971898e+00 6.100668341334767319e-01 2.359931101350306815e+00 2.304541835274928896e-01 6.100626438490345249e-01 2.591365238017033223e-01
2.364999999999971791e+00 6.050671931518536439e-01 2.364930742723594825e+00 2.304288250101974023e-01 6.050630033005610642e-01 2.591365240197325837e-01
2.369999999999972129e+00 6.000675533005050966e-01 2.369930382968489013e+00 2.304033786703937048e-01 6.000633638861149199e-01 2.591365242503904098e-01
2.374999999999972022e+00 5.950679151401914169e-01 2.374930021524290780e+00 2.303778413240455958e-01 5.950637261665788769e-01 2.591365244732464768e-01
2.379999999999971028e+00 5.900682777234464993e-01 2.379929659338527959e+00 2.303522096509625083e-01 5.900640891946160593e-01 2.591365246922882060e-01
2.384999999999970921e+00 5.850686421606496879e-01 2.384929295300894037e+00 2.303264801445618903e-01 5.850644540807403704e-01 2.591365249172639107e-01
2.389999999999970814e+00 5.800690079860260084e-01 2.389928929877228825e+00 2.303006491461999095e-01 5.800648203593199437e-01 2.591365251471723918e-01
2.394999999999971152e+00 5.750693753251425733e-01 2.394928562942046923e+00 2.302747128026277068e-01 5.750651881560708834e-01 2.591365253845854255e-01
2.399999999999971045e+00 5.700697440628346158e-01 2.399928194610588150e+00 2.302486669779238992e-01 5.700655573559878508e-01 2.591365256189114841e-01
2.404999999999970939e+00 5.650701144680283505e-01 2.404927824614009779e+00 2.302225074478158051e-01 5.650659282281631501e-01 2.591365258645589864e-01
2.409999999999970832e+00 5.600704866484420563e-01 2.409927452844685902e+00 2.301962296058154001e-01 5.600663008804923626e-01 2.591365260964014761e-01
2.414999999999971170e+00 5.550708604290548465e-01 2.414927079477725780e+00 2.301698286863199105e-01 5.550666751381400088e-01 2.591365263491031135e-01
2.419999999999971063e+00 5.500712362019726243e-01 2.419926704121126093e+00 2.301432996187607050e-01 5.500670513934104999e-01 2.591365265919489125e-01
2.424999999999970957e+00 5.450716138180951020e-01 2.424926326924090159e+00 2.301166370382815018e-01 5.450674294974118261e-01 2.591365268500506747e-01
2.429999999999969962e+00 5.400719933010691420e-01 2.429925947863083024e+00 2.300898352084486120e-01 5.400678094740138935e-01 2.591365270997907921e-01
2.434999999999969855e+00 5.350723750516408472e-01 2.434925566537474939e+00 2.300628881100139911e-01 5.350681917241982832e-01 2.591365273417354786e-01
2.439999999999970193e+00 5.300727588325457873e-01 2.439925183184660007e+00 2.300357893239486085e-01 5.300685760109503653e-01 2.591365276136142759e-01
2.444999999999970086e+00 5.250731447719090283e-01 2.444924797676642836e+00 2.300085319706005882e-01 5.250689624626639906e-01 2.591365278629572111e-01
2.449999999999969980e+00 5.200735331274017881e-01 2.449924409755896981e+00 2.299811087891114048e-01 5.200693513372937060e-01 2.591365281270509024e-01
2.454999999999969873e+00 5.150739241963719905e-01 2.454924019125225954e+00 2.299535119959525975e-01 5.150697429324918586e-01 2.591365283982015044e-01
2.459999999999970210e+00 5.100743175844968391e-01 2.459923626179115086e+00 2.299257332625030126e-01 5.100701368542605030e-01 2.591365286790148215e-01
2.464999999999970104e+00 5.050747137942153131e-01 2.464923230415299926e+00 2.298977636970666871e-01 5.050705336053874506e-01 2.591365289503302916e-01
2.469999999999969997e+00 5.000751128179103944e-01 2.469922831841583122e+00 2.298695937478993923e-01 5.000709331786281631e-01 2.591365292317696079e-01
2.474999999999969003e+00 4.950755147986570237e-01 2.474922430315094068e+00 2.298412132263649987e-01 4.950713357174579277e-01 2.591365295279873804e-01
2.479999999999968896e+00 4.900759200327797771e-01 2.479922025539718966e+00 2.298126110437165026e-01 4.900717415186343073e-01 2.591365298060894773e-01
2.484999999999968789e+00 4.850763285471658137e-01 2.484921617488807133e+00 2.297837754006361866e-01 4.850721506095070912e-01 2.591365301119281095e-01
2.489999999999969127e+00 4.800767404020688800e-01 2.489921206102355011e+00 2.297546934480755865e-01 4.800725630508336228e-01 2.591365304002357095e-01
2.494999999999969020e+00 4.750771561962778833e-01 2.494920790781844033e+00 2.297253513945257120e-01 4.750729794419435992e-01 2.591365307078820068e-01
2.499999999999968914e+00 4.700775758417989891e-01 2.499920371615563131e+00 2.296957342320936069e-01 4.700733996954322147e-01 2.591365310115645859e-01
2.504999999999968807e+00 4.650779994795470884e-01 2.504919948462917212e+00 2.296658256888458871e-01 4.650738239528516837e-01 2.591365313357653077e-01
2.509999999999969145e+00 4.600784276820490959e-01 2.509919520751726196e+00 2.296356080890178120e-01 4.600742527874243093e-01 2.591365316491056059e-01
2.514999999999969038e+00 4.550788604744865906e-01 2.514919088457185925e+00 2.296050621421547033e-01 4.550746862250877878e-01 2.591365319840209791e-01
2.519999999999968043e+00 4.500792982719588053e-01 2.519918651164612999e+00 2.295741667777012052e-01 4.500751246817690787e-01 2.591365323147408750e-01
2.524999999999967937e+00 4.450797413584837159e-01 2.524918208590444024e+00 2.295428989405080000e-01 4.450755684423917113e-01 2.591365326739766273e-01
2.529999999999967830e+00 4.400801900445400761e-01 2.529917760424694961e+00 2.295112332973824887e-01 4.400760178184303095e-01 2.591365330199723038e-01
2.534999999999968168e+00 4.350806448856304187e-01 2.534917306112411950e+00 2.294791420041137897e-01 4.350764733664810868e-01 2.591365333829812045e-01
2.539999999999968061e+00 4.300811060509773243e-01 2.539916845484977870e+00 2.294465943144801956e-01 4.300769352569758230e-01 2.591365337459103912e-01
2.544999999999967955e+00 4.250815742105658046e-01 2.544916377873077007e+00 2.294135562305431031e-01 4.250774041612359055e-01 2.591365341328186744e-01
2.549999999999967848e+00 4.200820500113309208e-01 2.549915902630512932e+00 2.293799900238525091e-01 4.200778807276799864e-01 2.591365345289248778e-01
2.554999999999968185e+00 4.150825337314358876e-01 2.554915419479951932e+00 2.293458536909571965e-01 4.150783652361236253e-01 2.591365349226777970e-01
2.559999999999968079e+00 4.100830264332842034e-01 2.559914927359911996e+00 2.293111003954350913e-01 4.100788587508121807e-01 2.591365353453624065e-01
2.564999999999967972e+00 4.050835284822368876e-01 2.564914425906064110e+00 2.292756776317617928e-01 4.050793616391725194e-01 2.591365357699084160e-01
2.569999999999966978e+00 4.000840407801717902e-01 2.569913914217690998e+00 2.292395264774159114e-01 4.000798748054009146e-01 2.591365362228322256e-01
2.574999999999966871e+00 3.950845645099719250e-01 2.574913391113216932e+00 2.292025803958168129e-01 3.950803994349973980e-01 2.591365366655372093e-01
2.579999999999967208e+00 3.900851005535628246e-01 2.579912855712195974e+00 2.291647642711338029e-01 3.900809364128445811e-01 2.591365371556723085e-01
2.584999999999967102e+00 3.850856500091027201e-01 2.584912306918151881e+00 2.291259926614830078e-01 3.850814868404621172e-01 2.591365376575465174e-01
2.589999999999966995e+00 3.800862145624535060e-01 2.589911743047137005e+00 2.290861682318972026e-01 3.800820524075422813e-01 2.591365381683056746e-01
2.594999999999966889e+00 3.750867956319154928e-01 2.594911162683045003e+00 2.290451796327760969e-01 3.750826345367676007e-01 2.591365387080278859e-01
2.599999999999966782e+00 3.700873948964726878e-01 2.599910564149404912e+00 2.290028988715817893e-01 3.700832349121571108e-01 2.591365392676406865e-01
2.604999999999967120e+00 3.650880147590668812e-01 2.604909945046185005e+00 2.289591784073004010e-01 3.650838559424595120e-01 2.591365398795872910e-01
2.609999999999967013e+00 3.600886575560763858e-01 2.609909303040367945e+00 2.289138472172660976e-01 3.600844999707805139e-01 2.591365405013401069e-01
2.614999999999966018e+00 3.550893260467091750e-01 2.614908635376655077e+00 2.288667064761654990e-01 3.550851697641501103e-01 2.591365411720337186e-01
2.619999999999965912e+00 3.500900232866114847e-01 2.619907939003971897e+00 2.288175238959395119e-01 3.500858683873511734e-01 2.591365418648027830e-01
2.624999999999965805e+00 3.450907534420935008e-01 2.624907209761364157e+00 2.287660271140856960e-01 3.450866000174052095e-01 2.591365426335804911e-01
2.629999999999966143e+00 3.400915210359016783e-01 2.629906443132389970e+00 2.287118952800681060e-01 3.400873691896728057e-01 2.591365434322703831e-01
2.634999999999966036e+00 3.350923313996930220e-01 2.634905633792850033e+00 2.286547492132867954e-01 3.350881812507155999e-01 2.591365443017419889e-01
2.639999999999965929e+00 3.300931910414988124e-01 2.639904775243548052e+00 2.285941389911189114e-01 3.300890427262446747e-01 2.591365452382625167e-01
2.644999999999965823e+00 3.250941073957847038e-01 2.644903860060539014e+00 2.285295290893800124e-01 3.250899610717610799e-01 2.591365462464985114e-01
2.649999999999966160e+00 3.200950895875536162e-01 2.649902879131368127e+00 2.284602803892522016e-01 3.200909454373612739e-01 2.591365473707780143e-01
2.654999999999966054e+00 3.150961486007872736e-01 2.654901821487051006e+00 2.283856284613265120e-01 3.150920068370249849e-01 2.591365485759036247e-01
2.659999999999965947e+00 3.100972970245550187e-01 2.659900674556464839e+00 2.283046581220294913e-01 3.100931578957151769e-01 2.591365499198636790e-01
2.664999999999964952e+00 3.050985507941987862e-01 2.664899422425745179e+00 2.282162734941838023e-01 3.050944145917212080e-01 2.591365514159533201e-01
2.669999999999964846e+00 3.000999286075369810e-01 2.669898046422724214e+00 2.281191642607957870e-01 3.000957956741709953e-01 2.591365530999200084e-01
2.674999999999965183e+00 2.951014525268079169e-01 2.674896524515717022e+00 2.280117683770309100e-01 2.950973232664050871e-01 2.591365549612191232e-01
2.679999999999965077e+00 2.901031487895480154e-01 2.679894830503370962e+00 2.278922334669880034e-01 2.900990236783296261e-01 2.591365570914357930e-01
2.684999999999964970e+00 2.851050485946017843e-01 2.684892933229371170e+00 2.277583790803230090e-01 2.851009281938466922e-01 2.591365594928334848e-01
2.689999999999964864e+00 2.801071878093068790e-01 2.689890796875836987e+00 2.276076647841971112e-01 2.801030727792095942e-01 2.591365622416237913e-01
2.694999999999965201e+00 2.751096085317855100e-01 2.694888379401383816e+00 2.274371692441256865e-01 2.751054996460219892e-01 2.591365653693317728e-01
2.699999999999965095e+00 2.701123574151083062e-01 2.699885634216958152e+00 2.272435871015106024e-01 2.701082555753802072e-01 2.591365689720296905e-01
2.704999999999964988e+00 2.651154869714495987e-01 2.704882508881170988e+00 2.270232494288934033e-01 2.651113932210388824e-01 2.591365731004617867e-01
2.709999999999963993e+00 2.601190540006044216e-01 2.709878946670738920e+00 2.267721719770358912e-01 2.601149695358139780e-01 2.591365778585825730e-01
2.714999999999963887e+00 2.551231190971349760e-01 2.714874887071711207e+00 2.264861308153590935e-01 2.551190452754990012e-01 2.591365832810135772e-01
2.719999999999963780e+00 2.501277447004924270e-01 2.719870267727292124e+00 2.261607604410380001e-01 2.501236830448502757e-01 2.591365895074300152e-01
2.724999999999964118e+00 2.451329940392668050e-01 2.724865025491267190e+00 2.257916637222764089e-01 2.451289462372203132e-01 2.591365965836014973e-01
2.729999999999964011e+00 2.401389293686264914e-01 2.729859098188286204e+00 2.253745208418838075e-01 2.401348972674134941e-01 2.591366045927794848e-01
2.734999999999963904e+00 2.351456106103722021e-01 2.734852425971796119e+00 2.249051839824041110e-01 2.351415962077307020e-01 2.591366136340882975e-01
2.739999999999963798e+00 2.301530950463082092e-01 2.739844951629144987e+00 2.243797479462366906e-01 2.301491004782849070e-01 2.591366237737082190e-01
2.744999999999964135e+00 2.251614356610716072e-01 2.744836622237802892e+00 2.237945921211139944e-01 2.251574631879295074e-01 2.591366350664203178e-01
2.749999999999964029e+00 2.201706813025534892e-01 2.749827389004547040e+00 2.231463941605227042e-01 2.201667332938979094e-01 2.591366475573845807e-01
2.754999999999963034e+00 2.151808779746406941e-01 2.754817205972805105e+00 2.224321201150231964e-01 2.151769568947083933e-01 2.591366613144607811e-01
2.759999999999962927e+00 2.101920680130308916e-01 2.759806030847271163e+00 2.216489966174881865e-01 2.101881764068486980e-01 2.591366763666272943e-01
2.764999999999962821e+00 2.052042902781759104e-01 2.764793824801612843e+00 2.207944721792871878e-01 2.052004307590140075e-01 2.591366927588312774e-01
2.769999999999963158e+00 2.002175827835505906e-01 2.769780549850943796e+00 2.198661734565932890e-01 2.002137580218578961e-01 2.591367105231878187e-01
2.774999999999963052e+00 1.952319812556045087e-01 2.774766170292637835e+00 2.188618595036878056e-01 1.952281939694852919e-01 2.591367296607134940e-01
2.779999999999962945e+00 1.902475212683469863e-01 2.779750650572466952e+00 2.177793780328771966e-01 1.902437742154741984e-01 2.591367502143538948e-01
2.784999999999962839e+00 1.852642382793981135e-01 2.784733955249206971e+00 2.166166239426116080e-01 1.852605342502403885e-01 2.591367721889625830e-01
2.789999999999963176e+00 1.802821679871602079e-01 2.789716048638033019e+00 2.153715012486308034e-01 1.802785097993500896e-01 2.591367956108381887e-01
2.794999999999963070e+00 1.753013477986211932e-01 2.794696893343200816e+00 2.140418883069233891e-01 1.752977382922878968e-01 2.591368204780267193e-01
2.799999999999962963e+00 1.703218167759547874e-01 2.799676450311856080e+00 2.126256054753389024e-01 1.703182588098695882e-01 2.591368468153453786e-01
2.804999999999961968e+00 1.653436156864626916e-01 2.804654678784423094e+00 2.111203846514166094e-01 1.653401121348596903e-01 2.591368746104166232e-01
2.809999999999961862e+00 1.603667890383695116e-01 2.809631534259073860e+00 2.095238407367779887e-01 1.603633427882923124e-01 2.591369038728357221e-01
2.814999999999962199e+00 1.553913842987993121e-01 2.814606969273988124e+00 2.078334426565441040e-01 1.553879982479026978e-01 2.591369346313072142e-01
2.819999999999962093e+00 1.504174531513773061e-01 2.819580932149910790e+00 2.060464845664480016e-01 1.504141302060746088e-01 2.591369668585172259e-01
2.824999999999961986e+00 1.454450516184224995e-01 2.824553366868113979e+00 2.041600555837173869e-01 1.454417946923166061e-01 2.591370005926291187e-01
2.829999999999961879e+00 1.404742421575538025e-01 2.829524210973881182e+00 2.021710079572799079e-01 1.404710541700729121e-01 2.591370358061582113e-01
2.834999999999962217e+00 1.355050923093026050e-01 2.834493396929001818e+00 2.000759210398238008e-01 1.355019761845326909e-01 2.591370725190439983e-01
2.839999999999962110e+00 1.305376780763544964e-01 2.839460848732576093e+00 1.978710627855115867e-01 1.305346367419671916e-01 2.591371107209751723e-01
2.844999999999962004e+00 1.255720833693975969e-01 2.844426482475213014e+00 1.955523445046916109e-01 1.255691197556917937e-01 2.591371504305792772e-01
2.849999999999961009e+00 1.206084023475328948e-01 2.849390203998666049e+00 1.931152697963713083e-01 1.206055193865227942e-01 2.591371916170089884e-01
2.854999999999960902e+00 1.156467402519659043e-01 2.854351908062132903e+00 1.905548743987602878e-01 1.156439408765091020e-01 2.591372343344385820e-01
2.859999999999960796e+00 1.106872164046519974e-01 2.859311475343628839e+00 1.878656560361096906e-01 1.106845035475668981e-01 2.591372785244493993e-01
2.864999999999961133e+00 1.057299655231837970e-01 2.864268771125074053e+00 1.850414899680533909e-01 1.057273421163558991e-01 2.591373242258284137e-01
2.869999999999961027e+00 1.007751421022135968e-01 2.869223640910850914e+00 1.820755287173095871e-01 1.007726110756245047e-01 2.591373714117558014e-01
2.874999999999960920e+00 9.582292250254553778e-02 2.874175908338667096e+00 1.789600785555212903e-01 9.582048678323940027e-02 2.591374201022332846e-01
2.879999999999960814e+00 9.087351157793643885e-02 2.879125368552675202e+00 1.756864501867055894e-01 9.087117408882283698e-02 2.591374702735885216e-01
2.884999999999961151e+00 8.592714699935699585e-02 2.884071783879142092e+00 1.722447711875537968e-01 8.592491065786422855e-02 2.591375219381039097e-01
2.889999999999961044e+00 8.098410839554959217e-02 2.889014874685745138e+00 1.686237528183162082e-01 8.098197611200752544e-02 2.591375751058886956e-01
2.894999999999960050e+00 7.604472758904523566e-02 2.893954309145403858e+00 1.648103927911790945e-01 7.604270226473686112e-02 2.591376297418683805e-01
2.899999999999959943e+00 7.110940199237081316e-02 2.898889689839836858e+00 1.607895922296269098e-01 7.110748651713882929e-02 2.591376858634690250e-01
2.904999999999959837e+00 6.617861404511526935e-02 2.903820534322179903e+00 1.565436555764390114e-01 6.617681129433505838e-02 2.591377434375541911e-01
2.909999999999960174e+00 6.125295751776205222e-02 2.908746248812723145e+00 1.520516249017078991e-01 6.125127034844247281e-02 2.591378024874836927e-01
2.914999999999960067e+00 5.633317525543569265e-02 2.913666090454534174e+00 1.472883773413770081e-01 5.633160650107549294e-02 2.591378629706468928e-01
2.919999999999959961e+00 5.142021434527532797e-02 2.918579112145176957e+00 1.422233739383972906e-01 5.141876680889800877e-02 2.591379249034608256e-01
2.924999999999959854e+00 4.651531077776516199e-02 2.923484077873990117e+00 1.368188824108158008e-01 4.651398722218125226e-02 2.591379882353300190e-01
2.929999999999960192e+00 4.162012043791540883e-02 2.928379331728752977e+00 1.310273747494722918e-01 4.161892357169060669e-02 2.591380529467359195e-01
2.934999999999960085e+00 3.673693871634042818e-02 2.933262578281043087e+00 1.247875931554132956e-01 3.673587117262688828e-02 2.591381190061550210e-01
2.939999999999959979e+00 3.186908179196912272e-02 2.938130501297329999e+00 1.180183590427626994e-01 3.186814609498545003e-02 2.591381863563739230e-01
2.944999999999958984e+00 2.702160388922448045e-02 2.942978046470230868e+00 1.106083893796102058e-01 2.702080239762539096e-02 2.591382549305242255e-01
2.949999999999958877e+00 2.220278942587194937e-02 2.947796929246745190e+00 1.023987665079199028e-01 2.220212422832534838e-02 2.591383245483313003e-01
2.954999999999959215e+00 1.742764987890644060e-02 2.952572137906539051e+00 9.315135816809504143e-02 1.742712257816780852e-02 2.591383949966926115e-01
2.959999999999959108e+00 1.272754671156616987e-02 2.957272310481851019e+00 8.249360919554306337e-02 1.272715790268619078e-02 2.591384657377793777e-01
2.964999999999959002e+00 8.200770072399860000e-03 2.961799155268229899e+00 6.954194339252978141e-02 8.200517242205163093e-03 2.591385352018709121e-01
2.969999999999958895e+00 4.307644071380012374e-03 2.965692340906700863e+00 5.422599163578716713e-02 4.307510223023003348e-03 2.591385959823909735e-01
2.974999999999958789e+00 3.346050073835358987e-03 2.966653949839646920e+00 4.900356515643797262e-02 3.345945892751057017e-03 2.591386111392269265e-01
2.979999999999959126e+00 3.347079110870016059e-03 2.966652920879861988e+00 4.897338464337180897e-02 3.346974909347321791e-03 2.591386111339596954e-01
2.984999999999959019e+00 3.352442773286150139e-03 2.966647557221921083e+00 4.897159362592184290e-02 3.352338405900879160e-03 2.591386110476489035e-01
2.989999999999958025e+00 3.357986153687468871e-03 2.966642013843213910e+00 4.897096060847842131e-02 3.357881614885815935e-03 2.591386109522300085e-01
2.994999999999957918e+00 3.363596502720517072e-03 2.966636403494843144e+00 4.897068231053165743e-02 3.363491790435602091e-03 2.591386108589028847e-01
2.999999999999957812e+00 3.369221406836505825e-03 2.966630778591162976e+00 4.897050379069504272e-02 3.369116520622105881e-03 2.591386107849639187e-01
3.004999999999958149e+00 3.374853584205458022e-03 2.966625146414120007e+00 4.897037713219683924e-02 3.374748523840676029e-03 2.591386106854913773e-01
3.009999999999958042e+00 3.380491576984429210e-03 2.966619508421580065e+00 4.897028498517078804e-02 3.380386342293428825e-03 2.591386106025667102e-01
3.014999999999957936e+00 3.386133405297747992e-03 2.966613866593447835e+00 4.897021499511460679e-02 3.386027996165830167e-03 2.591386105056429079e-01
3.019999999999957829e+00 3.391777861056712810e-03 2.966608222137829820e+00 4.897015998864098774e-02 3.391672277406665003e-03 2.591386104274592816e-01
3.024999999999958167e+00 3.397424224874035208e-03 2.966602575774127004e+00 4.897011563759409714e-02 3.397318466650812042e-03 2.591386103226988036e-01
3.029999999999958060e+00 3.403072029942100923e-03 2.966596927969153974e+00 4.897007914668387307e-02 3.402966097105109000e-03 2.591386102498469124e-01
3.034999999999957954e+00 3.408720961769820968e-03 2.966591279037405826e+00 4.897004862473505749e-02 3.408614854288117158e-03 2.591386101536495845e-01
3.039999999999956959e+00 3.414370797709541990e-03 2.966585629201532015e+00 4.897002274463793658e-02 3.414264515559262136e-03 2.591386100683417126e-01
3.044999999999956852e+00 3.420021378067432914e-03 2.966579978621231906e+00 4.897000054642970668e-02 3.419914921229505033e-03 2.591386099662271181e-01
3.049999999999957190e+00 3.425672582871192116e-03 2.966574327416477974e+00 4.896998131786761688e-02 3.425565951330256098e-03 2.591386098927693782e-01
3.054999999999957083e+00 3.431324322821617881e-03 2.966568675676570788e+00 4.896996451900675895e-02 3.431217516565054915e-03 2.591386097944540223e-01
3.059999999999956977e+00 3.436976527829843208e-03 2.966563023471600946e+00 4.896994973285596908e-02 3.436869546847299162e-03 2.591386096978485765e-01
3.064999999999956870e+00 3.442629142758633042e-03 2.966557370856704789e+00 4.896993663214570941e-02 3.442521987041425192e-03 2.591386096205868794e-01
3.069999999999957208e+00 3.448282124597777838e-03 2.966551717874896799e+00 4.896992495641012966e-02 3.448174794138613840e-03 2.591386095306644766e-01
3.074999999999957101e+00 3.453935438267479157e-03 2.966546064561255136e+00 4.896991449571611726e-02 3.453827933060038980e-03 2.591386094293310904e-01
3.079999999999956994e+00 3.459589054499524145e-03 2.966540410945047057e+00 4.896990507900191719e-02 3.459481374538330833e-03 2.591386093555457792e-01
3.084999999999956000e+00 3.465242950808761907e-03 2.966534757048759019e+00 4.896989656547161979e-02 3.465135096089256173e-03 2.591386092527421803e-01
3.089999999999955893e+00 3.470897106505878033e-03 2.966529102893082026e+00 4.896988883820257293e-02 3.470789077023916924e-03 2.591386091785052859e-01
3.094999999999955786e+00 3.476551506259831833e-03 2.966523448493346038e+00 4.896988179929204210e-02 3.476443302011911207e-03 2.591386090775423812e-01
3.099999999999956124e+00 3.482206135488830068e-03 2.966517793864134944e+00 4.896987536618466891e-02 3.482097756471902016e-03 2.591386089964585748e-01
3.104999999999956017e+00 3.487860983168025036e-03 2.966512139016470151e+00 4.896986946875925978e-02 3.487752429379264996e-03 2.591386088962446266e-01
3.109999999999955911e+00 3.493516038615944105e-03 2.966506483961036000e+00 4.896986404711915764e-02 3.493407310052876191e-03 2.591386088116893194e-01
3.114999999999955804e+00 3.499171293708476082e-03 2.966500828705957105e+00 4.896985904977024795e-02 3.499062390368901099e-03 2.591386087170425845e-01
3.119999999999956142e+00 3.504826740655637030e-03 2.966495173259021012e+00 4.896985443224449730e-02 3.504717662537681910e-03 2.591386086386713861e-01
3.124999999999956035e+00 3.510482373477328156e-03 2.966489517626210937e+00 4.896985015592240226e-02 3.510373120579112893e-03 2.591386085455854027e-01
3.129999999999955040e+00 3.516138186132407046e-03 2.966483861813566048e+00 4.896984618713039195e-02 3.516028758452471870e-03 2.591386084575991733e-01
3.134999999999954934e+00 3.521794173928491801e-03 2.966478205825779035e+00 4.896984249637183206e-02 3.521684571465399927e-03 2.591386083587212119e-01
3.139999999999954827e+00 3.527450332487920993e-03 2.966472549667229064e+00 4.896983905770323220e-02 3.527340555240288111e-03 2.591386082744657204e-01
3.144999999999955165e+00 3.533106657930263055e-03 2.966466893341793920e+00 4.896983584824018965e-02 3.532996705897017975e-03 2.591386081874407776e-01
3.149999999999955058e+00 3.538763146963292121e-03 2.966461236852769190e+00 4.896983284769459988e-02 3.538653020143334160e-03 2.591386080965513150e-01
3.154999999999954952e+00 3.544419796317871060e-03 2.966455580203422038e+00 4.896983003804149942e-02 3.544309494710184971e-03 2.591386080198266884e-01
3.159999999999954845e+00 3.550076603977644039e-03 2.966449923395769073e+00 4.896982740321845912e-02 3.549966127581293939e-03 2.591386079153629174e-01
3.164999999999955183e+00 3.555733566638959002e-03 2.966444266433112986e+00 4.896982492886126082e-02 3.555622915453194189e-03 2.591386078399676163e-01
3.169999999999955076e+00 3.561390683039798982e-03 2.966438609316718988e+00 4.896982260208419813e-02 3.561279857063893040e-03 2.591386077369554064e-01
3.174999999999954969e+00 3.567047950827542842e-03 2.966432952048937199e+00 4.896982041130819308e-02 3.566936950060716881e-03 2.591386076466981048e-01
3.179999999999953975e+00 3.572705368009796052e-03 2.966427294631758915e+00 4.896981834609857864e-02 3.572594192451484119e-03 2.591386075646802123e-01
3.184999999999953868e+00 3.578362933249807157e-03 2.966421637066524841e+00 4.896981639702666783e-02 3.578251582899372174e-03 2.591386074844462262e-01
3.189999999999954206e+00 3.584020645624306882e-03 2.966415979354153798e+00 4.896981455556088242e-02 3.583909120481120879e-03 2.591386073796422829e-01
3.194999999999954099e+00 3.589678502886431942e-03 2.966410321496898206e+00 4.896981281395487023e-02 3.589566802950083790e-03 2.591386073032512227e-01
3.199999999999953992e+00 3.595336504865625192e-03 2.966404663494921934e+00 4.896981116516647276e-02 3.595224630135617893e-03 2.591386072049242095e-01
3.204999999999953886e+00 3.600994649948533084e-03 2.966399005349844131e+00 4.896980960276633293e-02 3.600882600424459845e-03 2.591386071076102193e-01
3.209999999999953779e+00 3.606652936919081068e-03 2.966393347062877162e+00 4.896980812091605850e-02 3.606540712600581067e-03 2.591386070260079943e-01
3.214999999999954117e+00 3.612311365351802191e-03 2.966387688634446906e+00 4.896980671424038672e-02 3.612198966238433940e-03 2.591386069408467274e-01
3.219999999999954010e+00 3.617969934293945120e-03 2.966382030065508157e+00 4.896980537785246973e-02 3.617857360385334786e-03 2.591386068533211851e-01
3.224999999999953015e+00 3.623628643105596819e-03 2.966376371356700847e+00 4.896980410723143079e-02 3.623515894401462944e-03 2.591386067621662126e-01
3.229999999999952909e+00 3.629287491105651943e-03 2.966370712508703988e+00 4.896980289825399874e-02 3.629174567605585999e-03 2.591386066655563813e-01
3.234999999999952802e+00 3.634946477333464866e-03 2.966365053522479034e+00 4.896980174710859057e-02 3.634833379037250012e-03 2.591386065856933207e-01
3.239999999999953140e+00 3.640605601630859164e-03 2.966359394398184079e+00 4.896980065027454337e-02 3.640492328538246902e-03 2.591386064894051211e-01
3.244999999999953033e+00 3.646264863140576996e-03 2.966353735136677106e+00 4.896979960452076119e-02 3.646151415251264183e-03 2.591386063959643105e-01
3.249999999999952927e+00 3.651924261301068859e-03 2.966348075738518997e+00 4.896979860684758795e-02 3.651810638614750183e-03 2.591386063223758973e-01
3.254999999999952820e+00 3.657583796179609929e-03 2.966342416203643140e+00 4.896979765448655764e-02 3.657469998696206027e-03 2.591386062258255740e-01
3.259999999999953157e+00 3.663243466923299992e-03 2.966336756532900854e+00 4.896979674486250794e-02 3.663129494642535910e-03 2.591386061407360275e-01
3.264999999999953051e+00 3.668903273631653195e-03 2.966331096726196215e+00 4.896979587558362296e-02 3.668789126553217983e-03 2.591386060411853820e-01
3.269999999999952944e+00 3.674563214934835169e-03 2.966325436784893910e+00 4.896979504444554793e-02 3.674448893058678955e-03 2.591386059634511740e-01
3.274999999999951950e+00 3.680223291742703174e-03 2.966319776708088884e+00 4.896979424938401743e-02 3.680108795068636873e-03 2.591386058600432252e-01
3.279999999999951843e+00 3.685883502628745957e-03 2.966314116497204001e+00 4.896979348847466801e-02 3.685768831156566172e-03 2.591386057845581070e-01
3.284999999999952180e+00 3.691543848059699109e-03 2.966308456151775186e+00 4.896979275993262881e-02 3.691429001789204179e-03 2.591386056875699118e-01
3.289999999999952074e+00 3.697204327563124136e-03 2.966302795672273174e+00 4.896979206208607743e-02 3.697089306494261152e-03 2.591386055957863865e-01
3.294999999999951967e+00 3.702864940709516949e-03 2.966297135059130063e+00 4.896979139337063330e-02 3.702749744842082080e-03 2.591386055149960121e-01
3.299999999999951861e+00 3.708525687643327972e-03 2.966291474312196197e+00 4.896979075232957279e-02 3.708410316977218003e-03 2.591386054175667808e-01
3.304999999999952198e+00 3.714186567465246197e-03 2.966285813432376184e+00 4.896979013759736321e-02 3.714071022000275946e-03 2.591386053396789735e-01
3.309999999999952092e+00 3.719847580949650016e-03 2.966280152418892868e+00 4.896978954789463212e-02 3.719731860685748792e-03 2.591386052385383221e-01
3.314999999999951985e+00 3.725508726836781939e-03 2.966274491273007907e+00 4.896978898201718305e-02 3.725392831773755020e-03 2.591386051579496197e-01
3.319999999999950990e+00 3.731170005753966113e-03 2.966268829994092027e+00 4.896978843884147725e-02 3.731053935891793117e-03 2.591386050614258862e-01
3.324999999999950884e+00 3.736831417374103081e-03 2.966263168582472076e+00 4.896978791730317165e-02 3.736715172712679056e-03 2.591386049687824933e-01
3.329999999999951221e+00 3.742492961229916017e-03 2.966257507038617902e+00 4.896978741641302979e-02 3.742376541769009812e-03 2.591386048811744058e-01
3.334999999999951115e+00 3.748154637115936032e-03 2.966251845362732897e+00 4.896978693523040133e-02 3.748038042855617036e-03 2.591386048030361877e-01
3.339999999999951008e+00 3.753816445670539199e-03 2.966246183554179794e+00 4.896978647286821806e-02 3.753699676610656056e-03 2.591386046992278924e-01
3.344999999999950901e+00 3.759478385787141941e-03 2.966240521614064818e+00 4.896978602849851731e-02 3.759361441927567150e-03 2.591386046225265249e-01
3.349999999999950795e+00 3.765140458229177846e-03 2.966234859541624136e+00 4.896978560132599079e-02 3.765023339569851125e-03 2.591386045191225174e-01
3.354999999999951132e+00 3.770802662076922981e-03 2.966229197337777013e+00 4.896978519061932072e-02 3.770685368617798794e-03 2.591386044404421218e-01
3.359999999999951026e+00 3.776464997751272003e-03 2.966223535002102896e+00 4.896978479567429265e-02 3.776347529492297007e-03 2.591386043431813113e-01
3.364999999999950031e+00 3.782127464596067058e-03 2.966217872535259925e+00 4.896978441581902042e-02 3.782009821537091199e-03 2.591386042696260938e-01
3.369999999999949925e+00 3.787790063380059961e-03 2.966212209936477162e+00 4.896978405042987093e-02 3.787672245521123138e-03 2.591386041753396263e-01
3.374999999999949818e+00 3.793452793602524950e-03 2.966206547206255095e+00 4.896978369891547000e-02 3.793334800943460195e-03 2.591386040746482267e-01
3.379999999999950155e+00 3.799115654840477026e-03 2.966200884345017830e+00 4.896978336070068744e-02 3.798997487381217120e-03 2.591386039889562176e-01
3.384999999999950049e+00 3.804778647382752853e-03 2.966195221352477152e+00 4.896978303525865994e-02 3.804660305123274810e-03 2.591386038985836748e-01
3.389999999999949942e+00 3.810441770863933798e-03 2.966189558228995882e+00 4.896978272207330729e-02 3.810323253804260169e-03 2.591386038209466114e-01
3.394999999999949836e+00 3.816105025871895963e-03 2.966183894973989155e+00 4.896978242066085674e-02 3.815986334011812076e-03 2.591386037190395730e-01
3.399999999999950173e+00 3.821768411395110813e-03 2.966178231588466829e+00 4.896978213056968343e-02 3.821649544734739834e-03 2.591386036329019760e-01
3.404999999999950067e+00 3.827431928108273023e-03 2.966172568071753890e+00 4.896978185134293060e-02 3.827312886647394208e-03 2.591386035435321866e-01
3.409999999999949960e+00 3.833095575374861810e-03 2.966166904424488049e+00 4.896978158257737218e-02 3.832976359113616106e-03 2.591386034636802838e-01
3.414999999999948965e+00 3.838759353725418062e-03 2.966161240646138175e+00 4.896978132387513200e-02 3.838639962663648042e-03 2.591386033744523254e-01
3.419999999999948859e+00 3.844423262639803159e-03 2.966155576737225186e+00 4.896978107484926956e-02 3.844303696777461987e-03 2.591386032856363153e-01
3.424999999999949196e+00 3.850087302829977975e-03 2.966149912697034985e+00 4.896978083513423702e-02 3.849967562167044832e-03 2.591386031793698197e-01
3.429999999999949090e+00 3.855751473022632925e-03 2.966144248526842997e+00 4.896978060439646091e-02 3.855631557558969035e-03 2.591386031008989232e-01
3.434999999999948983e+00 3.861415774210663013e-03 2.966138584225654906e+00 4.896978038228694263e-02 3.861295683946330826e-03 2.591386030040382926e-01
3.439999999999948876e+00 3.867080205712820212e-03 2.966132919794154166e+00 4.896978016849908716e-02 3.866959940647785032e-03 2.591386029224284071e-01
3.444999999999949214e+00 3.872744768032182136e-03 2.966127255231834958e+00 4.896977996272645212e-02 3.872624328166374141e-03 2.591386028258974017e-01
3.449999999999949107e+00 3.878409460523152795e-03 2.966121590539345210e+00 4.896977976467870725e-02 3.878288845856614053e-03 2.591386027462814767e-01
3.454999999999949001e+00 3.884074283606857129e-03 2.966115925716260815e+00 4.896977957407107340e-02 3.883953494139503072e-03 2.591386026513028962e-01
3.459999999999948006e+00 3.889739237082912894e-03 2.966110260762786055e+00 4.896977939063997670e-02 3.889618272814753929e-03 2.591386025653076852e-01
3.464999999999947899e+00 3.895404320951939819e-03 2.966104595678916933e+00 4.896977921412751233e-02 3.895283181882814184e-03 2.591386024749238182e-01
3.469999999999947793e+00 3.901069535317211196e-03 2.966098930464550865e+00 4.896977904428632261e-02 3.900948221447265041e-03 2.591386023783551207e-01
3.474999999999948130e+00 3.906734879749532152e-03 2.966093265120119948e+00 4.896977888087451769e-02 3.906613391078672670e-03 2.591386022963482749e-01
3.479999999999948024e+00 3.912400354693172308e-03 2.966087599645176986e+00 4.896977872366632678e-02 3.912278691221349192e-03 2.591386021963825725e-01
3.484999999999947917e+00 3.918065959462451418e-03 2.966081934040408097e+00 4.896977857244134286e-02 3.917944121189620432e-03 2.591386021262028772e-01
3.489999999999947811e+00 3.923731694985107404e-03 2.966076268304886021e+00 4.896977842698453653e-02 3.923609681911299774e-03 2.591386020318605099e-01
3.494999999999948148e+00 3.929397560800216432e-03 2.966070602439070836e+00 4.896977828709699054e-02 3.929275372925311594e-03 2.591386019301851196e-01
3.499999999999948042e+00 3.935063556195449001e-03 2.966064936443676192e+00 4.896977815257976679e-02 3.934941193519558844e-03 2.591386018582390038e-01
3.504999999999947047e+00 3.940729682184709350e-03 2.966059270317686902e+00 4.896977802323408679e-02 3.940607144707675147e-03 2.591386017681093223e-01
3.509999999999946940e+00 3.946395938288656084e-03 2.966053604061583027e+00 4.896977789889311872e-02 3.946273226010599267e-03 2.591386016785486857e-01
3.514999999999946834e+00 3.952062324420957222e-03 2.966047937675452051e+00 4.896977777936351722e-02 3.951939437341733807e-03 2.591386015902114037e-01
3.519999999999947171e+00 3.957728841087221339e-03 2.966042271158785049e+00 4.896977766447856151e-02 3.957605779206896379e-03 2.591386014879595856e-01
3.524999999999947065e+00 3.963395487339688335e-03 2.966036604512532815e+00 4.896977755408229993e-02 3.963272250658289586e-03 2.591386014034984808e-01
3.529999999999946958e+00 3.969062263830212649e-03 2.966030937736042983e+00 4.896977744800280752e-02 3.968938852347614343e-03 2.591386013158574197e-01
3.534999999999946851e+00 3.974729170562902106e-03 2.966025270829309779e+00 4.896977734609485322e-02 3.974605584279088631e-03 2.591386012217766766e-01
3.539999999999947189e+00 3.980396207061965425e-03 2.966019603792811044e+00 4.896977724820256173e-02 3.980272445976983618e-03 2.591386011368704834e-01
3.544999999999947082e+00 3.986063373619632387e-03 2.966013936626254122e+00 4.896977715418621147e-02 3.985939437733510005e-03 2.591386010505272175e-01
3.549999999999946976e+00 3.991730670203179170e-03 2.966008269329670988e+00 4.896977706390064078e-02 3.991606559515802587e-03 2.591386009659650824e-01
3.554999999999945981e+00 3.997398096925998574e-03 2.966002601902947955e+00 4.896977697721680012e-02 3.997273811437440649e-03 2.591386008674061991e-01
3.559999999999945874e+00 4.003065653653557592e-03 2.965996934346220915e+00 4.896977689400033168e-02 4.002941193363752405e-03 2.591386007744814757e-01
3.564999999999946212e+00 4.008733340138045768e-03 2.965991266659736780e+00 4.896977681412755662e-02 4.008608705046934340e-03 2.591386006914532802e-01
3.569999999999946105e+00 4.014401156997747175e-03 2.965985598842877824e+00 4.896977673748022231e-02 4.014276347105383280e-03 2.591386005934597225e-01
3.574999999999945999e+00 4.020069103273705806e-03 2.965979930896601946e+00 4.896977666393469153e-02 4.019944118580087711e-03 2.591386005190445263e-01
3.579999999999945892e+00 4.025737179910983399e-03 2.965974262819965013e+00 4.896977659337271166e-02 4.025612020416068602e-03 2.591386004216679750e-01
3.584999999999945786e+00 4.031405386345827783e-03 2.965968594613530129e+00 4.896977652569212136e-02 4.031280052049668328e-03 2.591386003340261923e-01
3.589999999999946123e+00 4.037073722681848789e-03 2.965962926277193823e+00 4.896977646078538166e-02 4.036948213584357070e-03 2.591386002408250788e-01
3.594999999999946017e+00 4.042742188779761131e-03 2.965957257811095982e+00 4.896977639853970082e-02 4.042616504881024753e-03 2.591386001614596757e-01
3.599999999999945022e+00 4.048410785340179723e-03 2.965951589214534945e+00 4.896977633886893250e-02 4.048284926640111081e-03 2.591386000575918724e-01
3.604999999999944915e+00 4.054079511551868936e-03 2.965945920488325172e+00 4.896977628166566260e-02 4.053953478050487114e-03 2.591385999645590132e-01
3.609999999999944809e+00 4.059748367226908780e-03 2.965940251632649183e+00 4.896977622683847814e-02 4.059622158924192092e-03 2.591385998876146735e-01
3.614999999999945146e+00 4.065417353174258057e-03 2.965934582646701845e+00 4.896977617430135765e-02 4.065290970070135380e-03 2.591385997984205214e-01
3.619999999999945040e+00 4.071086469214930600e-03 2.965928913530662125e+00 4.896977612396292284e-02 4.070959911309456579e-03 2.591385997007145114e-01
3.624999999999944933e+00 4.076755714823628723e-03 2.965923244285053162e+00 4.896977607574248131e-02 4.076628982116803357e-03 2.591385996177502093e-01
3.629999999999944826e+00 4.082425090316381747e-03 2.965917574909560983e+00 4.896977602955412262e-02 4.082298182808252740e-03 2.591385995351485061e-01
