# vcm_v=1.65
# vin_v vout_v m6_vds_v m6_vdsat_v m7_vds_v m7_vdsat_v
0.000000000000000000e+00 3.282236188344180849e+00 1.776140591573760127e-02 1.312282322665105916e+00 3.282231585949606067e+00 1.987183021944781969e-01
5.000000000000000104e-03 3.281468865017811876e+00 1.852872956404194929e-02 1.241110459562118962e+00 3.281464262870478876e+00 1.987183022190228965e-01
1.000000000000000021e-02 3.279429500360342864e+00 2.056809493051848028e-02 1.087583447277979065e+00 3.279424898868505966e+00 1.987183022868423132e-01
1.499999999999999944e-02 3.276535985681320984e+00 2.346161057515594103e-02 9.291474510555302047e-01 3.276531385115712069e+00 1.987183023807017890e-01
2.000000000000000042e-02 3.273104250419840877e+00 2.689334695934287103e-02 7.971803929494214458e-01 3.273099650946317052e+00 1.987183024994269021e-01
2.500000000000000139e-02 3.269303012883361781e+00 3.069458572266059102e-02 6.918292055923531692e-01 3.269298414611955028e+00 1.987183026264172925e-01
2.999999999999999889e-02 3.265230537566722102e+00 3.476706233884963027e-02 6.090910176337998028e-01 3.265225940574365993e+00 1.987183027660179013e-01
3.500000000000000333e-02 3.260959785501794883e+00 3.903781575282926769e-02 5.438161220290725906e-01 3.260955189840977209e+00 1.987183029088417929e-01
4.000000000000000083e-02 3.256542189173714075e+00 4.345541346316172948e-02 4.917642495583768869e-01 3.256537594879734154e+00 1.987183030511736059e-01
4.499999999999999833e-02 3.252014237360266957e+00 4.798336668052449738e-02 4.497284085948183852e-01 3.252009644456279158e+00 1.987183032034912922e-01
5.000000000000000278e-02 3.247402039853558797e+00 5.259556560460332264e-02 4.153492189597746131e-01 3.247397448354063965e+00 1.987183033547267885e-01
5.499999999999999334e-02 3.242724513515416795e+00 5.727309336764906805e-02 3.868965347195537086e-01 3.242719923428677209e+00 1.987183035087800864e-01
5.999999999999999084e-02 3.237995560765854819e+00 6.200204754532778750e-02 3.630934016831554034e-01 3.237990972095579068e+00 1.987183036652344081e-01
6.499999999999998834e-02 3.233225551379931062e+00 6.677205835938826439e-02 3.429871708083467863e-01 3.233220964126462871e+00 1.987183038270128044e-01
6.999999999999999278e-02 3.228422333769183972e+00 7.157527739589220062e-02 3.258582237937184822e-01 3.228417747930341974e+00 1.987183039848346988e-01
7.499999999999999722e-02 3.223591931664291810e+00 7.640568092235211495e-02 3.111559071700866208e-01 3.223587347235985945e+00 1.987183041442905085e-01
8.000000000000000167e-02 3.218739029922009109e+00 8.125858408062214266e-02 2.984534740922019092e-01 3.218734446898681156e+00 1.987183043035236074e-01
8.500000000000000611e-02 3.213867316525385043e+00 8.613029888658019217e-02 2.874161430663879080e-01 3.213862734900344797e+00 1.987183044607926108e-01
9.000000000000001055e-02 3.208979728939890030e+00 9.101788787392006697e-02 2.777782310596917936e-01 3.208975148705571989e+00 1.987183046236666029e-01
9.500000000000001499e-02 3.204078631520614007e+00 9.591898668689857743e-02 2.693265878819833814e-01 3.204074052668761219e+00 1.987183047830242133e-01
1.000000000000000056e-01 3.199165946747875022e+00 1.008316728446839033e-01 2.618884557378737821e-01 3.199161369269687860e+00 1.987183049407051927e-01
1.049999999999999961e-01 3.194243253221307199e+00 1.057543677472363025e-01 2.553224653106769271e-01 3.194238677107561042e+00 1.987183050990297128e-01
1.100000000000000006e-01 3.189311857493843050e+00 1.106857648413060030e-01 2.495118790361788019e-01 3.189307282734973992e+00 1.987183052623233970e-01
1.150000000000000050e-01 3.184372851724159847e+00 1.156247719679596997e-01 2.443594696411642009e-01 3.184368278310337974e+00 1.987183054210331090e-01
1.199999999999999956e-01 3.179427155847819986e+00 1.205704691914424032e-01 2.397835904369345073e-01 3.179422583769010213e+00 1.987183055794841113e-01
1.250000000000000000e-01 3.174475550822083214e+00 1.255220755543370870e-01 2.357151346310094042e-01 3.174470980068083925e+00 1.987183057405566000e-01
1.300000000000000044e-01 3.169518704904194184e+00 1.304789227992869116e-01 2.320951576715301057e-01 3.169514135464685189e+00 1.987183058960625137e-01
1.350000000000000089e-01 3.164557194349645997e+00 1.354404346706999107e-01 2.288730044625852111e-01 3.164552626214208964e+00 1.987183060599020112e-01
1.400000000000000133e-01 3.159591520254367847e+00 1.404061100725950972e-01 2.260048189465961033e-01 3.159586953412516053e+00 1.987183062152690916e-01
1.449999999999999900e-01 3.154622120716024991e+00 1.453755109072507878e-01 2.234523544406817885e-01 3.154617555157225972e+00 1.987183063749541900e-01
1.499999999999999944e-01 3.149649382503004968e+00 1.503482504062559066e-01 2.211820155183016889e-01 3.149644818216691178e+00 1.987183065336323995e-01
1.550000000000001099e-01 3.144673649021962891e+00 1.553239851629406865e-01 2.191640856294191919e-01 3.144669085997554792e+00 1.987183066955167110e-01
1.600000000000000866e-01 3.139695227508363828e+00 1.603024079418365055e-01 2.173721043404699127e-01 3.139690665735276109e+00 1.987183068527058893e-01
1.650000000000000910e-01 3.134714394101969059e+00 1.652832426031886903e-01 2.157823648228980873e-01 3.134709833569620852e+00 1.987183070090476067e-01
1.700000000000000955e-01 3.129731398394608011e+00 1.702662395551813035e-01 2.143735120721206033e-01 3.129726839092437096e+00 1.987183071640409027e-01
1.750000000000000999e-01 3.124746467950279882e+00 1.752511712338362948e-01 2.131262246256410975e-01 3.124741909867744027e+00 1.987183073261546973e-01
1.800000000000001044e-01 3.119759809451461141e+00 1.802378309567088110e-01 2.120229638099959957e-01 3.119755252578046978e+00 1.987183074813478889e-01
1.850000000000001088e-01 3.114771611686396824e+00 1.852260299355892037e-01 2.110477806123139954e-01 3.114767056011630064e+00 1.987183076372573964e-01
1.900000000000001132e-01 3.109782047011043105e+00 1.902155958145552994e-01 2.101861674342913877e-01 3.109777492524485876e+00 1.987183077991573898e-01
1.950000000000000899e-01 3.104791272594351170e+00 1.952063714247050108e-01 2.094249431975062081e-01 3.104786719285613117e+00 1.987183079578455913e-01
2.000000000000000944e-01 3.099799430961757807e+00 2.001982142406477927e-01 2.087521639404092966e-01 3.099794878820500088e+00 1.987183081094822112e-01
2.050000000000000988e-01 3.094806651326238889e+00 2.051909950494588131e-01 2.081570482674980904e-01 3.094802100342172846e+00 1.987183082671631074e-01
2.100000000000001033e-01 3.089813049894977848e+00 2.101845976440097907e-01 2.076299111840282929e-01 3.089808500057875218e+00 1.987183084250480070e-01
2.150000000000001077e-01 3.084818730771349049e+00 2.151789179209893099e-01 2.071620998030185012e-01 3.084814182071041966e+00 1.987183085820330986e-01
2.200000000000001121e-01 3.079823786296686183e+00 2.201738635391246035e-01 2.067459288921547067e-01 3.079819238723072061e+00 1.987183087386202862e-01
2.250000000000000888e-01 3.074828298670385873e+00 2.251693522990798890e-01 2.063746126618810905e-01 3.074823752213429184e+00 1.987183088892947869e-01
2.300000000000000933e-01 3.069832339388752995e+00 2.301653127046212888e-01 2.060421931771100890e-01 3.069827794038486157e+00 1.987183090438535971e-01
2.350000000000000977e-01 3.064835971655838875e+00 2.351616815517628134e-01 2.057434676369730986e-01 3.064831427402368025e+00 1.987183092046808930e-01
2.400000000000001021e-01 3.059839250007613032e+00 2.401584043046089967e-01 2.054739135773057945e-01 3.059834706841115803e+00 1.987183093588437977e-01
2.450000000000001066e-01 3.054842221899206844e+00 2.451554335081005120e-01 2.052296160290252025e-01 3.054837679809939921e+00 1.987183095121597132e-01
2.500000000000001110e-01 3.049844928095041041e+00 2.501527283978903782e-01 2.050071978381657056e-01 3.049840387073333936e+00 1.987183096650124992e-01
2.550000000000001155e-01 3.044847403890258875e+00 2.551502536789099218e-01 2.048037528776210925e-01 3.044842863926521925e+00 1.987183098250273894e-01
2.600000000000001199e-01 3.039849679669388127e+00 2.601479789667072162e-01 2.046167855443319084e-01 3.039845140754109831e+00 1.987183099749056103e-01
2.650000000000001243e-01 3.034851781266575177e+00 2.651458784272104907e-01 2.044441556701520890e-01 3.034847243390323079e+00 1.987183101275621921e-01
2.700000000000000733e-01 3.029853730836797876e+00 2.701439299055218846e-01 2.042840286101156866e-01 3.029849193990220790e+00 1.987183102805686052e-01
2.750000000000000777e-01 3.024855547609497819e+00 2.751421141722771857e-01 2.041348324250195911e-01 3.024851011783324051e+00 1.987183104397715061e-01
2.800000000000000822e-01 3.019857247967471903e+00 2.801404148447566023e-01 2.039952193724199891e-01 3.019852713152511914e+00 1.987183105917469939e-01
2.850000000000000866e-01 3.014858845877541160e+00 2.851388179562150960e-01 2.038640330878767892e-01 3.014854312064684017e+00 1.987183107456539088e-01
2.900000000000000910e-01 3.009860353449781201e+00 2.901373113966573825e-01 2.037402801874189096e-01 3.009855820629999901e+00 1.987183108954843902e-01
2.950000000000002065e-01 3.004861780914239944e+00 2.951358849361139236e-01 2.036231060757935085e-01 3.004857249078589199e+00 1.987183110474599057e-01
3.000000000000002109e-01 2.999863137461360907e+00 3.001345293842176964e-01 2.035117742931338014e-01 2.999858606600973143e+00 1.987183112053954037e-01
3.050000000000002154e-01 2.994864430791678966e+00 3.051332370405139827e-01 2.034056488601503898e-01 2.994859900897770988e+00 1.987183113540383073e-01
3.100000000000002198e-01 2.989865667394723925e+00 3.101320014155461990e-01 2.033041795025795906e-01 2.989861138458592027e+00 1.987183115098611896e-01
3.150000000000002243e-01 2.984866853103099960e+00 3.151308166767958774e-01 2.032068886555634946e-01 2.984862325116119042e+00 1.987183116628855883e-01
3.200000000000001732e-01 2.979867993128010983e+00 3.201296776131288269e-01 2.031133613421028106e-01 2.979863466081641210e+00 1.987183118142560045e-01
3.250000000000001776e-01 2.974869091893240114e+00 3.251285798008428096e-01 2.030232356892605061e-01 2.974864565779018921e+00 1.987183119640731910e-01
3.300000000000001821e-01 2.969870152833295140e+00 3.301275198055063087e-01 2.029361955237513893e-01 2.969865627642840789e+00 1.987183121155335075e-01
3.350000000000001865e-01 2.964871179920776978e+00 3.351264936545961248e-01 2.028519637461524971e-01 2.964866655645788107e+00 1.987183122658255086e-01
3.400000000000001910e-01 2.959872175649536974e+00 3.401254988543374047e-01 2.027702969448018921e-01 2.959867652281789052e+00 1.987183124215755881e-01
3.450000000000001954e-01 2.954873142938807984e+00 3.451245324855710117e-01 2.026909807881860925e-01 2.954868620470158191e+00 1.987183125701967867e-01
3.500000000000001998e-01 2.949874083785828827e+00 3.501235925511366198e-01 2.026138258231089950e-01 2.949869562208211171e+00 1.987183127243009884e-01
3.550000000000002043e-01 2.944875000467447990e+00 3.551226767742586277e-01 2.025386644399128910e-01 2.944870479772875971e+00 1.987183128742840976e-01
3.600000000000002087e-01 2.939875894693997793e+00 3.601217834446818755e-01 2.024653475717166085e-01 2.939871374874560850e+00 1.987183130257293984e-01
3.650000000000002132e-01 2.934876768046208895e+00 3.651209109817533105e-01 2.023937425895697972e-01 2.934872249094079066e+00 1.987183131777454925e-01
3.700000000000002176e-01 2.929877622203874932e+00 3.701200577057464081e-01 2.023237313259687864e-01 2.929873104111297089e+00 1.987183133289378012e-01
3.750000000000002220e-01 2.924878458107329049e+00 3.751192226764091253e-01 2.022552076105026964e-01 2.924873940866624888e+00 1.987183134786089100e-01
3.800000000000002265e-01 2.919879277031781850e+00 3.801184046186008025e-01 2.021880764769865002e-01 2.919874760635352118e+00 1.987183136268068084e-01
3.850000000000001754e-01 2.914880080188368083e+00 3.851176023212624089e-01 2.021222523509109970e-01 2.914875564628688132e+00 1.987183137766851126e-01
3.900000000000001799e-01 2.909880868350513072e+00 3.901168150110395083e-01 2.020576581918530901e-01 2.909876353620132861e+00 1.987183139252413078e-01
3.950000000000001843e-01 2.904881642431603961e+00 3.951160417746196196e-01 2.019942240179050108e-01 2.904877128523152052e+00 1.987183140778367996e-01
4.000000000000001887e-01 2.899882403106516904e+00 4.001152819371966984e-01 2.019318868056980965e-01 2.899877890012692028e+00 1.987183142264533076e-01
4.050000000000001932e-01 2.894883151103983199e+00 4.051145347701146093e-01 2.018705889666226883e-01 2.894878638817563132e+00 1.987183143763643911e-01
4.100000000000003086e-01 2.889883887226574188e+00 4.101137994708681234e-01 2.018102782062126122e-01 2.889879375740408207e+00 1.987183145318411059e-01
4.150000000000003131e-01 2.884884611836752821e+00 4.151130756770720076e-01 2.017509067014021940e-01 2.884880101143766140e+00 1.987183146781366927e-01
4.200000000000003175e-01 2.879885325739223845e+00 4.201123625840885722e-01 2.016924307869646105e-01 2.879880815832410068e+00 1.987183148269190125e-01
4.250000000000003220e-01 2.874886029071006988e+00 4.251116600549678104e-01 2.016348103340331877e-01 2.874881519943436992e+00 1.987183149767025869e-01
4.300000000000003264e-01 2.869886722439134008e+00 4.301109674827507945e-01 2.015780083399013878e-01 2.869882214083951055e+00 1.987183151248123891e-01
4.350000000000002753e-01 2.864887406295196115e+00 4.351102844159155936e-01 2.015219909716521873e-01 2.864882898705614078e+00 1.987183152768416949e-01
4.400000000000002798e-01 2.859888080932250887e+00 4.401096105614711873e-01 2.014667267965075115e-01 2.859883574101556025e+00 1.987183154252306072e-01
4.450000000000002842e-01 2.854888746788362131e+00 4.451089454814228241e-01 2.014121868536437043e-01 2.854884240709909093e+00 1.987183155711094995e-01
4.500000000000002887e-01 2.849889404276381821e+00 4.501082887629896945e-01 2.013583441107391070e-01 2.849884898943601197e+00 1.987183157256701138e-01
4.550000000000002931e-01 2.844890053523271956e+00 4.551076402792780251e-01 2.013051734874423127e-01 2.844885548929660057e+00 1.987183158691344098e-01
4.600000000000002975e-01 2.839890694841499919e+00 4.601069997178873217e-01 2.012526518319713020e-01 2.839886190980625003e+00 1.987183160222306122e-01
4.650000000000003020e-01 2.834891328597905158e+00 4.651063667120434175e-01 2.012007573432864072e-01 2.834886825463403870e+00 1.987183161711038870e-01
4.700000000000003064e-01 2.829891954949204091e+00 4.701057411050971191e-01 2.011494697418267918e-01 2.829887452534782799e+00 1.987183163179246093e-01
4.750000000000003109e-01 2.824892574067320083e+00 4.751051227251950060e-01 2.010987698387378952e-01 2.824888072366756209e+00 1.987183164654509060e-01
4.800000000000003153e-01 2.819893186390202811e+00 4.801045111344484084e-01 2.010486400089087911e-01 2.819888685397338168e+00 1.987183166130747913e-01
4.850000000000003197e-01 2.814893792033557940e+00 4.851039062172213256e-01 2.009990633563767115e-01 2.814889291742304067e+00 1.987183167658344018e-01
4.900000000000003242e-01 2.809894390838621803e+00 4.901033081323413754e-01 2.009500240175756958e-01 2.809889891242955962e+00 1.987183169106258029e-01
4.950000000000002731e-01 2.804894983612030046e+00 4.951027160732395238e-01 2.009015071002462904e-01 2.804890484705999221e+00 1.987183170622338901e-01
5.000000000000003331e-01 2.799895570091110120e+00 5.001021303026504938e-01 2.008534984926347022e-01 2.799891071868826131e+00 1.987183172095650097e-01
5.050000000000003375e-01 2.794896150473987984e+00 5.051015506225104978e-01 2.008059850018766024e-01 2.794891652929628822e+00 1.987183173585589102e-01
5.100000000000003419e-01 2.789896725109712872e+00 5.101009766838409121e-01 2.007589537076261976e-01 2.789892228237523142e+00 1.987183175032251892e-01
5.150000000000003464e-01 2.784897293975574950e+00 5.151004085094088580e-01 2.007123928333578999e-01 2.784892797769863204e+00 1.987183176488004910e-01
5.200000000000003508e-01 2.779897857195322786e+00 5.200998459755314940e-01 2.006662908694893943e-01 2.779893361650461969e+00 1.987183177981136917e-01
5.250000000000003553e-01 2.774898415108851157e+00 5.250992887423731048e-01 2.006206370130589056e-01 2.774893920219279941e+00 1.987183179459295901e-01
5.300000000000003597e-01 2.769898967574591087e+00 5.300987369515683945e-01 2.005754207027206915e-01 2.769894473334812979e+00 1.987183180949415873e-01
5.350000000000003642e-01 2.764899514793540902e+00 5.350981904021789859e-01 2.005306322352395920e-01 2.764895021198121139e+00 1.987183182457195885e-01
5.400000000000003686e-01 2.759900057056967171e+00 5.400976488030018174e-01 2.004862619882636088e-01 2.759895564100534049e+00 1.987183183920117058e-01
5.450000000000003730e-01 2.754900594305838002e+00 5.450971122131287316e-01 2.004423009218269103e-01 2.754896101983084211e+00 1.987183185375483996e-01
5.500000000000003775e-01 2.749901126641561167e+00 5.500965805312092449e-01 2.003987404327381983e-01 2.749896634947239793e+00 1.987183186880867869e-01
5.550000000000003819e-01 2.744901654448569150e+00 5.550960533728734880e-01 2.003555721063008943e-01 2.744897163377495897e+00 1.987183188328683903e-01
5.600000000000003864e-01 2.739902177304287978e+00 5.600955311607571652e-01 2.003127877845556071e-01 2.739897686851341163e+00 1.987183189817207096e-01
5.650000000000003908e-01 2.734902695556315155e+00 5.650950135473165048e-01 2.002703799923732930e-01 2.734898205716432162e+00 1.987183191302784036e-01
5.700000000000003952e-01 2.729903209449843882e+00 5.700945002874235890e-01 2.002283410821195930e-01 2.729898720218023822e+00 1.987183192744111093e-01
5.750000000000003997e-01 2.724903718926583007e+00 5.750939914394259667e-01 2.001866638990915104e-01 2.724899230297884944e+00 1.987183194194404867e-01
5.800000000000004041e-01 2.719904224151434846e+00 5.800934868384768350e-01 2.001453416336015090e-01 2.719899736120976907e+00 1.987183195684059933e-01
5.850000000000004086e-01 2.714904725014974929e+00 5.850929865940592833e-01 2.001043675714077041e-01 2.714900237577935194e+00 1.987183197174531013e-01
5.900000000000004130e-01 2.709905221736363945e+00 5.900924904870716858e-01 2.000637351624484084e-01 2.709900734887977780e+00 1.987183198655043115e-01
5.950000000000004174e-01 2.704905714456543819e+00 5.950919983766280730e-01 2.000234381671883999e-01 2.704901228192109208e+00 1.987183200123860960e-01
6.000000000000004219e-01 2.699906203072031996e+00 6.000915103662656236e-01 1.999834705318093986e-01 2.699901717386900213e+00 1.987183201610130123e-01
6.050000000000004263e-01 2.694906687715388216e+00 6.050910263234841047e-01 1.999438263822211070e-01 2.694902202604970043e+00 1.987183203074014137e-01
6.100000000000004308e-01 2.689907168698538964e+00 6.100905459364103223e-01 1.999044999889290075e-01 2.689902684158302026e+00 1.987183204500304889e-01
6.150000000000004352e-01 2.684907645733404014e+00 6.150900694931813462e-01 1.998654857934444862e-01 2.684903161758872780e+00 1.987183205995579072e-01
6.200000000000004396e-01 2.679908119035986136e+00 6.200895967778463636e-01 1.998267784433732930e-01 2.679903635622741920e+00 1.987183207494221948e-01
6.250000000000004441e-01 2.674908588743023063e+00 6.250891276537249297e-01 1.997883726741364052e-01 2.674904105886704020e+00 1.987183208955347891e-01
6.300000000000004485e-01 2.669909054777320989e+00 6.300886621980641422e-01 1.997502633163381058e-01 2.669904572473619009e+00 1.987183210383431098e-01
6.350000000000004530e-01 2.664909517351532031e+00 6.350882001982642855e-01 1.997124454961861917e-01 2.664905035596193184e+00 1.987183211838212116e-01
6.400000000000004574e-01 2.659909976302628820e+00 6.400877418174060196e-01 1.996749144042337942e-01 2.659905495091455130e+00 1.987183213358598988e-01
6.450000000000004619e-01 2.654910431985030073e+00 6.450872867011252509e-01 1.996376651596706020e-01 2.654905951313878187e+00 1.987183214808914133e-01
6.500000000000004663e-01 2.649910884135608047e+00 6.500868351126007916e-01 1.996006932653817956e-01 2.649906404000387017e+00 1.987183216276645070e-01
6.550000000000004707e-01 2.644911332979888119e+00 6.550863868263605561e-01 1.995639942017976010e-01 2.644906853376562061e+00 1.987183217744196984e-01
6.600000000000004752e-01 2.639911778612059834e+00 6.600859417482647373e-01 1.995275635517181900e-01 2.639907299536644825e+00 1.987183219211814122e-01
6.650000000000004796e-01 2.634912221042554847e+00 6.650854998679340824e-01 1.994913970661484903e-01 2.634907742491118920e+00 1.987183220680820983e-01
6.700000000000004841e-01 2.629912660211061848e+00 6.700850612457300848e-01 1.994554904868285072e-01 2.629908182179725884e+00 1.987183222161252871e-01
6.750000000000004885e-01 2.624913096466456874e+00 6.750846255328277756e-01 1.994198397890789010e-01 2.624908618951394157e+00 1.987183223588535053e-01
6.800000000000004929e-01 2.619913529543282049e+00 6.800841929947338826e-01 1.993844408780701960e-01 2.619909052540715155e+00 1.987183225104607875e-01
6.850000000000004974e-01 2.614913959451769188e+00 6.850837636212694370e-01 1.993492898194841045e-01 2.614909482957973097e+00 1.987183226564464000e-01
6.900000000000005018e-01 2.609914386570153955e+00 6.900833370342445150e-01 1.993143828060917055e-01 2.609909910581452053e+00 1.987183227990310108e-01
6.950000000000005063e-01 2.604914810691469018e+00 6.950829134406752985e-01 1.992797160251562893e-01 2.604910335204237093e+00 1.987183229438740095e-01
7.000000000000005107e-01 2.599915231961233975e+00 7.000824926950905969e-01 1.992452858304873120e-01 2.599910756971897108e+00 1.987183230924116917e-01
7.050000000000005151e-01 2.594915650462211953e+00 7.050820747147787948e-01 1.992110884668986115e-01 2.594911175967244077e+00 1.987183232405002886e-01
7.100000000000005196e-01 2.589916065950205848e+00 7.100816597439814082e-01 1.991771204855329880e-01 2.589911591946127079e+00 1.987183233842904073e-01
7.150000000000005240e-01 2.584916478913157789e+00 7.150812472948024912e-01 1.991433784458875034e-01 2.584912005396540202e+00 1.987183235304657014e-01
7.200000000000005285e-01 2.579916889204242114e+00 7.200808375141174444e-01 1.991098587636367934e-01 2.579912416171703970e+00 1.987183236779483109e-01
7.250000000000005329e-01 2.574917296749617890e+00 7.250804304758116103e-01 1.990765582072120121e-01 2.574912824197824968e+00 1.987183238263453000e-01
7.300000000000005373e-01 2.569917701589304215e+00 7.300800261399142954e-01 1.990434733137043111e-01 2.569913229514969810e+00 1.987183239768476883e-01
7.350000000000005418e-01 2.564918103981824959e+00 7.350796242479433751e-01 1.990106010097577871e-01 2.564913632381708997e+00 1.987183241195797923e-01
7.400000000000005462e-01 2.559918503612947926e+00 7.400792251141794509e-01 1.989779380623571958e-01 2.559914032483856960e+00 1.987183242686746121e-01
7.450000000000005507e-01 2.554918901002281029e+00 7.450788282190581313e-01 1.989454812882686108e-01 2.554914430341066911e+00 1.987183244157927908e-01
7.500000000000005551e-01 2.549919295729865087e+00 7.500784339825843361e-01 1.989132276237743913e-01 2.549914825533424967e+00 1.987183245567089029e-01
7.550000000000005596e-01 2.544919687979302125e+00 7.550780422211982312e-01 1.988811740601502953e-01 2.544915218244578003e+00 1.987183247047970003e-01
7.600000000000005640e-01 2.539920077942667831e+00 7.600776527428676488e-01 1.988493176178927069e-01 2.539915608666647007e+00 1.987183248511560918e-01
7.650000000000005684e-01 2.534920465481548035e+00 7.650772656860529430e-01 1.988176553059448903e-01 2.534915996661263993e+00 1.987183249969466936e-01
7.700000000000005729e-01 2.529920850798816900e+00 7.700768808479190319e-01 1.987861843266502948e-01 2.529916382431340871e+00 1.987183251450596044e-01
7.750000000000005773e-01 2.524921233762710937e+00 7.750764983602755898e-01 1.987549017432677090e-01 2.524916765845164779e+00 1.987183252930513067e-01
7.800000000000005818e-01 2.519921614350607797e+00 7.800761182457836007e-01 1.987238049180372057e-01 2.519917146880152004e+00 1.987183254377759001e-01
7.850000000000005862e-01 2.514921992860251976e+00 7.850757402067420898e-01 1.986928910316816121e-01 2.514917525834090117e+00 1.987183255848020969e-01
7.900000000000005906e-01 2.509922369152150168e+00 7.900753643826838868e-01 1.986621573786611084e-01 2.509917902567528003e+00 1.987183257352524990e-01
7.950000000000005951e-01 2.504922743244549110e+00 7.950749907554097717e-01 1.986316011539387139e-01 2.504918277098756807e+00 1.987183258759833981e-01
8.000000000000005995e-01 2.499923115207423052e+00 8.000746192549774705e-01 1.986012199199221062e-01 2.499918649497789858e+00 1.987183260231289994e-01
8.050000000000006040e-01 2.494923485062486179e+00 8.050742498597158736e-01 1.985710111318463866e-01 2.494919019786383085e+00 1.987183261694785985e-01
8.100000000000006084e-01 2.489923852937125037e+00 8.100738824422797357e-01 1.985409721222103074e-01 2.489919388091962116e+00 1.987183263187373983e-01
8.150000000000006128e-01 2.484924218703441046e+00 8.150735171306049409e-01 1.985111004167517956e-01 2.484919754286670113e+00 1.987183264664348081e-01
8.200000000000006173e-01 2.479924582492288199e+00 8.200731537938792393e-01 1.984813935158855069e-01 2.479920118501401038e+00 1.987183266109885937e-01
8.250000000000006217e-01 2.474924944261033044e+00 8.250727924747724984e-01 1.984518490124848877e-01 2.474920480693561853e+00 1.987183267575881873e-01
8.300000000000006262e-01 2.469925304151843193e+00 8.300724330311552990e-01 1.984224646001651049e-01 2.469920841005357026e+00 1.987183269050694090e-01
8.350000000000006306e-01 2.464925662047904087e+00 8.350720755798821671e-01 1.983932377605953090e-01 2.464921199320011080e+00 1.987183270513860067e-01
8.400000000000006350e-01 2.459926018095984990e+00 8.400717199742202546e-01 1.983641662740573963e-01 2.459921555784331915e+00 1.987183271988146038e-01
8.450000000000006395e-01 2.454926372266867940e+00 8.450713662434226059e-01 1.983352478310964895e-01 2.454921910369141091e+00 1.987183273457278909e-01
8.500000000000006439e-01 2.449926724703744174e+00 8.500710142443366202e-01 1.983064802153907125e-01 2.449922263217664042e+00 1.987183274910681030e-01
8.550000000000006484e-01 2.444927075159057051e+00 8.550706642245562428e-01 1.982778610088709870e-01 2.444922614082385870e+00 1.987183276397390952e-01
8.600000000000006528e-01 2.439927423850975163e+00 8.600703159659479624e-01 1.982493883173228055e-01 2.439922963181505811e+00 1.987183277863817099e-01
8.650000000000006573e-01 2.434927770794616197e+00 8.650699694534278450e-01 1.982210597413182895e-01 2.434923310530182849e+00 1.987183279313927131e-01
8.700000000000006617e-01 2.429928116081895961e+00 8.700696245951191621e-01 1.981928731563938895e-01 2.429923656220369210e+00 1.987183280783927919e-01
8.750000000000006661e-01 2.424928459637953893e+00 8.750692814659144503e-01 1.981648265745775128e-01 2.424924000177234973e+00 1.987183282267580009e-01
8.800000000000006706e-01 2.419928801408560037e+00 8.800689401200787465e-01 1.981369178407826059e-01 2.419924342346588819e+00 1.987183283710562964e-01
8.850000000000006750e-01 2.414929141693050951e+00 8.850686002583096901e-01 1.981091449820112926e-01 2.414924683027802832e+00 1.987183285192495874e-01
8.900000000000006795e-01 2.409929480127971146e+00 8.900682622440978520e-01 1.980815058517340910e-01 2.409925021857453942e+00 1.987183286658281978e-01
8.950000000000006839e-01 2.404929817251855173e+00 8.950679255389406563e-01 1.980539985836514971e-01 2.404925359374113114e+00 1.987183288118594127e-01
9.000000000000006883e-01 2.399930152617458123e+00 9.000675905901167617e-01 1.980266211441747137e-01 2.399925695130566972e+00 1.987183289598349889e-01
9.050000000000006928e-01 2.394930486439022843e+00 9.050672571834152969e-01 1.979993716215950050e-01 2.394926029341092999e+00 1.987183291114832107e-01
9.100000000000006972e-01 2.389930818739060214e+00 9.100669252963573541e-01 1.979722481302373938e-01 2.389926362028234053e+00 1.987183292567313020e-01
9.150000000000007017e-01 2.384931149631369873e+00 9.150665948151766038e-01 1.979452487514092862e-01 2.384926693305823964e+00 1.987183294059332028e-01
9.200000000000007061e-01 2.379931478925357169e+00 9.200662659305010038e-01 1.979183716572225915e-01 2.379927022983299167e+00 1.987183295493447910e-01
9.250000000000007105e-01 2.374931806717598182e+00 9.250659385457811190e-01 1.978916149630151056e-01 2.374927351157266830e+00 1.987183296935499111e-01
9.300000000000007150e-01 2.369932133054589940e+00 9.300656126145541158e-01 1.978649769544562065e-01 2.369927677874259064e+00 1.987183298460500902e-01
9.350000000000007194e-01 2.364932458099473944e+00 9.350652879737095802e-01 1.978384557096329044e-01 2.364928003297444903e+00 1.987183299918094948e-01
9.400000000000007239e-01 2.359932781707299920e+00 9.400649647682239873e-01 1.978120495980779936e-01 2.359928327281906046e+00 1.987183301412580871e-01
9.450000000000007283e-01 2.354933103952192130e+00 9.450646429240090463e-01 1.977857568902212093e-01 2.354928649901796955e+00 1.987183302841911137e-01
9.500000000000007327e-01 2.349933424688459116e+00 9.500643225867815289e-01 1.977595757640495944e-01 2.349928971011458145e+00 1.987183304301022024e-01
9.550000000000007372e-01 2.344933744224534156e+00 9.550640034481370222e-01 1.977335045866424057e-01 2.344929290919349985e+00 1.987183305767983021e-01
9.600000000000007416e-01 2.339934062403245196e+00 9.600636856652795537e-01 1.977075417301027982e-01 2.339929609468331062e+00 1.987183307247719077e-01
9.650000000000007461e-01 2.334934379267394888e+00 9.650633691954304538e-01 1.976816855496953129e-01 2.334929926701235114e+00 1.987183308727402953e-01
9.700000000000007505e-01 2.329934694938117001e+00 9.700630539174883715e-01 1.976559344089444115e-01 2.329930242739222113e+00 1.987183310224137911e-01
9.750000000000007550e-01 2.324935009168996203e+00 9.750627400778952847e-01 1.976302867368754101e-01 2.324930557335903814e+00 1.987183311717020950e-01
9.800000000000007594e-01 2.319935322347362217e+00 9.800624272893485589e-01 1.976047408560173135e-01 2.319930870878641027e+00 1.987183313179604893e-01
9.850000000000007638e-01 2.314935634256527930e+00 9.850621157685619522e-01 1.975792953636330007e-01 2.314931183150775063e+00 1.987183314624541008e-01
9.900000000000007683e-01 2.309935944834137000e+00 9.900618055779206728e-01 1.975539485681880869e-01 2.309931494089973114e+00 1.987183316117810961e-01
9.950000000000007727e-01 2.304936254266464868e+00 9.950614965311737059e-01 1.975286990777032070e-01 2.304931803882539931e+00 1.987183317577997099e-01
1.000000000000001110e+00 2.299936562651225813e+00 1.000061188530632972e+00 1.975035454023089110e-01 2.299932112626215996e+00 1.987183319068523968e-01
1.005000000000001004e+00 2.294936869761614151e+00 1.005060881803133022e+00 1.974784859904288870e-01 2.294932420094223158e+00 1.987183320513676021e-01
1.010000000000000009e+00 2.289937175894976917e+00 1.010060576051347914e+00 1.974535194877931887e-01 2.289932726583931988e+00 1.987183322032018973e-01
1.014999999999999902e+00 2.284937480822862188e+00 1.015060271503757106e+00 1.974286444295162979e-01 2.284933031866918984e+00 1.987183323477856867e-01
1.020000000000000018e+00 2.279937784687945168e+00 1.020059968017708929e+00 1.974038593795064966e-01 2.279933336085882889e+00 1.987183324958952946e-01
1.024999999999999911e+00 2.274938087403825193e+00 1.025059665679632026e+00 1.973791629384341051e-01 2.274933639154450127e+00 1.987183326450933096e-01
1.030000000000000027e+00 2.269938389046104010e+00 1.030059364413943968e+00 1.973545538226270102e-01 2.269933941148244205e+00 1.987183327957509071e-01
1.034999999999999920e+00 2.264938689804295802e+00 1.035059064031158105e+00 1.973300305738373006e-01 2.264934242256808172e+00 1.987183329397093079e-01
1.040000000000000036e+00 2.259938989349961957e+00 1.040058764859737028e+00 1.973055918929280117e-01 2.259934542151722070e+00 1.987183330870556930e-01
1.044999999999999929e+00 2.254939288033086076e+00 1.045058466549718013e+00 1.972812364907453875e-01 2.254934841182996141e+00 1.987183332391533885e-01
1.050000000000000044e+00 2.249939585682852794e+00 1.050058169271937958e+00 1.972569631040589078e-01 2.249935139179839005e+00 1.987183333876136049e-01
1.054999999999999050e+00 2.244939882258166097e+00 1.055057873067521967e+00 1.972327703416865974e-01 2.244935436101178183e+00 1.987183335299254061e-01
1.059999999999998943e+00 2.239940177966104784e+00 1.060057577729407896e+00 1.972086570845376918e-01 2.239935732154112014e+00 1.987183336793474087e-01
1.064999999999999059e+00 2.234940472567017888e+00 1.065057283497268914e+00 1.971846220015520124e-01 2.234936027099016176e+00 1.987183338262138999e-01
1.069999999999998952e+00 2.229940766347339842e+00 1.070056990084697013e+00 1.971606638396889988e-01 2.229936321222344198e+00 1.987183339799488135e-01
1.074999999999999067e+00 2.224941059265403975e+00 1.075056697533375960e+00 1.971367814789777018e-01 2.224936614482452946e+00 1.987183341288089045e-01
1.079999999999998961e+00 2.219941351266185858e+00 1.080056405898353056e+00 1.971129736751557060e-01 2.219936906824338863e+00 1.987183342740984904e-01
1.084999999999999076e+00 2.214941642221560869e+00 1.085056115307774016e+00 1.970892392898555001e-01 2.214937198119899087e+00 1.987183344241053862e-01
1.089999999999998970e+00 2.209941932436322976e+00 1.090055825456865080e+00 1.970655771197981077e-01 2.209937488673948014e+00 1.987183345700810899e-01
1.094999999999999085e+00 2.204942221754492948e+00 1.095055536501623905e+00 1.970419860585105876e-01 2.204937778330529952e+00 1.987183347207263084e-01
1.099999999999998979e+00 2.199942510184087041e+00 1.100055248434057997e+00 1.970184649574903135e-01 2.199938067097675809e+00 1.987183348687852069e-01
1.104999999999997984e+00 2.194942797854707806e+00 1.105054961124581014e+00 1.969950127552048125e-01 2.194938355105014782e+00 1.987183350123425951e-01
1.109999999999998099e+00 2.189943084593323874e+00 1.110054674746246084e+00 1.969716282964361076e-01 2.189938642179531936e+00 1.987183351650002872e-01
1.114999999999997993e+00 2.184943370574330856e+00 1.115054389124676026e+00 1.969483105680283896e-01 2.184938928495641974e+00 1.987183353104275130e-01
1.119999999999998108e+00 2.179943655754414067e+00 1.120054104303203957e+00 1.969250584995710929e-01 2.179939214010051973e+00 1.987183354594332929e-01
1.124999999999998002e+00 2.174943940195475989e+00 1.125053820219946044e+00 1.969018710033579866e-01 2.174939498784679959e+00 1.987183356098244091e-01
1.129999999999997895e+00 2.169944223835046149e+00 1.130053536937392078e+00 1.968787470557533947e-01 2.169939782757078106e+00 1.987183357568592101e-01
1.134999999999998010e+00 2.164944506724851170e+00 1.135053254403830980e+00 1.968556857738562038e-01 2.164940065978988137e+00 1.987183359063784960e-01
1.139999999999997904e+00 2.159944788945778793e+00 1.140052972538394993e+00 1.968326859236169124e-01 2.159940348531319998e+00 1.987183360540110133e-01
1.144999999999998019e+00 2.154945070259714157e+00 1.145052691579218074e+00 1.968097466982809129e-01 2.154940630175970817e+00 1.987183362044775137e-01
1.149999999999997025e+00 2.149945350951099954e+00 1.150052411241871964e+00 1.967868670531139896e-01 2.149940911197405047e+00 1.987183363569874073e-01
1.154999999999996918e+00 2.144945630759365951e+00 1.155052131786943992e+00 1.967640461079797898e-01 2.144941191335071107e+00 1.987183365004636937e-01
1.159999999999997033e+00 2.139945910069230184e+00 1.160051852829734997e+00 1.967412828258627011e-01 2.139941470973699911e+00 1.987183366541928897e-01
1.164999999999996927e+00 2.134946188502112818e+00 1.165051574748837915e+00 1.967185762964857032e-01 2.134941749734732053e+00 1.987183368000582095e-01
1.169999999999997042e+00 2.129946466548232831e+00 1.170051297054051975e+00 1.966959256971977099e-01 2.129942028108402940e+00 1.987183369468200067e-01
1.174999999999996936e+00 2.124946743705721008e+00 1.175051020247263933e+00 1.966733300394095940e-01 2.124942305592855796e+00 1.987183370969861085e-01
1.179999999999997051e+00 2.119947020221275125e+00 1.180050744081788894e+00 1.966507884589618893e-01 2.119942582434808820e+00 1.987183372497098865e-01
1.184999999999996945e+00 2.114947296129003007e+00 1.185050468523535905e+00 1.966283000957420868e-01 2.114942858668384051e+00 1.987183373951260101e-01
1.189999999999997060e+00 2.109947571449425130e+00 1.190050193551998037e+00 1.966058641239986082e-01 2.109943134314117064e+00 1.987183375485996883e-01
1.194999999999996954e+00 2.104947846047366955e+00 1.195049919302368036e+00 1.965834795695473869e-01 2.104943409236850194e+00 1.987183376977149085e-01
1.199999999999995959e+00 2.099948120178510180e+00 1.200049645518975083e+00 1.965611457508371074e-01 2.099943683692278906e+00 1.987183378425642910e-01
1.204999999999996074e+00 2.094948393540790210e+00 1.205049372503901095e+00 1.965388617603802957e-01 2.094943957378352817e+00 1.987183379914843062e-01
1.209999999999995968e+00 2.089948666341513217e+00 1.210049100049852999e+00 1.965166267966940994e-01 2.089944230502394973e+00 1.987183381478767885e-01
1.214999999999996083e+00 2.084948938671971064e+00 1.215048828065552033e+00 1.964944401072521996e-01 2.084944503155711004e+00 1.987183382917205032e-01
1.219999999999995977e+00 2.079949210274663063e+00 1.220048556808515094e+00 1.964723008605281929e-01 2.079944775080812214e+00 1.987183384449429935e-01
1.224999999999996092e+00 2.074949481350472968e+00 1.225048286077867976e+00 1.964502083744089911e-01 2.074945046478598787e+00 1.987183385904137123e-01
1.229999999999995985e+00 2.069949752074990101e+00 1.230048015698038899e+00 1.964281617748888931e-01 2.069945317524672035e+00 1.987183387410283997e-01
1.234999999999996101e+00 2.064950022013420039e+00 1.235047746103832944e+00 1.964061603890426000e-01 2.064945587784252190e+00 1.987183388936943074e-01
1.239999999999995994e+00 2.059950291532289146e+00 1.240047476928739068e+00 1.963842034268865888e-01 2.059945857623878052e+00 1.987183390420305118e-01
1.244999999999995000e+00 2.054950560365909951e+00 1.245047208438454067e+00 1.963622902196701103e-01 2.054946126777875026e+00 1.987183391893760087e-01
1.249999999999994893e+00 2.049950828643546163e+00 1.250046940503727999e+00 1.963404200218636098e-01 2.049946395375521035e+00 1.987183393458296921e-01
1.254999999999995008e+00 2.044951096510772004e+00 1.255046672978997968e+00 1.963185921524618072e-01 2.044946663562401845e+00 1.987183394950650939e-01
1.259999999999994902e+00 2.039951363909608961e+00 1.260046405922256918e+00 1.962968059281325894e-01 2.039946931280550935e+00 1.987183396409178127e-01
1.264999999999995017e+00 2.034951630839486825e+00 1.265046139334083941e+00 1.962750606501743877e-01 2.034947198529410972e+00 1.987183397953307118e-01
1.269999999999994911e+00 2.029951897181319964e+00 1.270045873333577102e+00 1.962533557166019071e-01 2.029947465189907874e+00 1.987183399407179973e-01
1.274999999999995026e+00 2.024952163087335055e+00 1.275045607768523936e+00 1.962316903345192876e-01 2.024947731414279861e+00 1.987183400913697939e-01
1.279999999999994920e+00 2.019952428647230125e+00 1.280045342549233967e+00 1.962100639637869015e-01 2.019947997292236952e+00 1.987183402430975909e-01
1.284999999999995035e+00 2.014952693582301890e+00 1.285045077954420023e+00 1.961884759596048966e-01 2.014948262545086966e+00 1.987183403961650108e-01
1.289999999999994040e+00 2.009952958205190043e+00 1.290044813671457957e+00 1.961669256929143013e-01 2.009948527485482028e+00 1.987183405415174908e-01
1.294999999999993934e+00 2.004953222128619927e+00 1.295044550087631086e+00 1.961454124951226008e-01 2.004948791726155033e+00 1.987183406965400134e-01
1.299999999999994049e+00 1.999953485957121080e+00 1.300044286598418086e+00 1.961239358746557915e-01 1.999949055871649950e+00 1.987183408476533020e-01
1.304999999999993943e+00 1.994953749046600944e+00 1.305044023847923951e+00 1.961024950993247029e-01 1.994949319277883104e+00 1.987183409985996130e-01
1.309999999999994058e+00 1.989954011774841991e+00 1.310043761458375977e+00 1.960810897137527931e-01 1.989949582322646959e+00 1.987183411496573071e-01
1.314999999999993952e+00 1.984954274233927896e+00 1.315043499337698929e+00 1.960597190377204868e-01 1.984949845098036958e+00 1.987183412951503136e-01
1.319999999999994067e+00 1.979954536026752976e+00 1.320043237883010034e+00 1.960383825454009021e-01 1.979950107206954968e+00 1.987183414513810920e-01
1.324999999999993960e+00 1.974954797559747011e+00 1.325042976687887064e+00 1.960170797175543045e-01 1.974950369055842092e+00 1.987183415967085920e-01
1.329999999999994076e+00 1.969955058744573995e+00 1.330042715840676015e+00 1.959958099527085995e-01 1.969950630556372095e+00 1.987183417515402117e-01
1.334999999999993969e+00 1.964955319392287958e+00 1.335042455530329963e+00 1.959745727473878874e-01 1.964950891519607890e+00 1.987183418999322881e-01
1.339999999999992975e+00 1.959955579794097957e+00 1.340042195465652952e+00 1.959533675736070124e-01 1.959951152236766969e+00 1.987183420495516883e-01
1.344999999999993090e+00 1.954955839778506066e+00 1.345041935818148016e+00 1.959321939185149075e-01 1.954951412536362954e+00 1.987183422064988103e-01
1.349999999999992983e+00 1.949956099454255076e+00 1.350041676479083019e+00 1.959110511992087078e-01 1.949951672527145963e+00 1.987183423540438976e-01
1.354999999999993099e+00 1.944956358715046019e+00 1.355041417554762928e+00 1.958899390324446987e-01 1.944951932102825909e+00 1.987183425088009936e-01
1.359999999999992992e+00 1.939956617540417039e+00 1.360041159065660032e+00 1.958688568105582117e-01 1.939952191242950041e+00 1.987183426537761088e-01
1.364999999999993108e+00 1.934956876129775072e+00 1.365040900812376057e+00 1.958478041208807918e-01 1.934952450146931957e+00 1.987183428102763938e-01
1.369999999999993001e+00 1.929957134208563962e+00 1.370040643069470043e+00 1.958267804654628130e-01 1.929952708540227047e+00 1.987183429580600957e-01
1.374999999999992895e+00 1.924957391918838079e+00 1.375040385694900946e+00 1.958057853753649991e-01 1.924952966564893897e+00 1.987183431087241048e-01
1.379999999999993010e+00 1.919957649472223915e+00 1.380040128477046935e+00 1.957848183790563135e-01 1.919953224432570993e+00 1.987183432611183131e-01
1.384999999999992015e+00 1.914957906609402016e+00 1.385039871675235013e+00 1.957638790647812932e-01 1.914953481883943098e+00 1.987183434155886108e-01
1.389999999999991909e+00 1.909958163391195063e+00 1.390039615228650050e+00 1.957429669458992105e-01 1.909953738979843108e+00 1.987183435655955066e-01
1.394999999999992024e+00 1.904958419732337926e+00 1.395039359222564945e+00 1.957220815937603109e-01 1.904953995635012109e+00 1.987183437203182135e-01
1.399999999999991918e+00 1.899958675966900046e+00 1.400039103322916034e+00 1.957012225741734113e-01 1.899954252183527093e+00 1.987183438675076963e-01
1.404999999999992033e+00 1.894958931949475067e+00 1.405038847675118996e+00 1.956803894866230020e-01 1.894954508479989030e+00 1.987183440192671902e-01
1.409999999999991926e+00 1.889959187350428005e+00 1.410038592608811037e+00 1.956595818980071122e-01 1.889954764194770043e+00 1.987183441745223877e-01
1.414999999999992042e+00 1.884959442531850993e+00 1.415038337761910014e+00 1.956387993943556058e-01 1.884955019689970035e+00 1.987183443253109916e-01
1.419999999999991935e+00 1.879959697540642072e+00 1.420038083087524106e+00 1.956180416059002114e-01 1.879955275012491933e+00 1.987183444751141059e-01
1.424999999999992051e+00 1.874959952209962921e+00 1.425037828752496072e+00 1.955973081073056896e-01 1.874955529995506076e+00 1.987183446276956922e-01
1.429999999999991944e+00 1.869960206578241024e+00 1.430037574718405091e+00 1.955765984885942110e-01 1.869955784677445942e+00 1.987183447851844087e-01
1.434999999999990949e+00 1.864960460772465023e+00 1.435037320858268073e+00 1.955559124646560065e-01 1.864956039185305947e+00 1.987183449356597076e-01
1.439999999999991065e+00 1.859960714426619921e+00 1.440037067538108895e+00 1.955352495309697902e-01 1.859956293153077977e+00 1.987183450871617130e-01
1.444999999999990958e+00 1.854960967929627946e+00 1.445036814369007105e+00 1.955146094486266972e-01 1.854956546969688924e+00 1.987183452396995009e-01
1.449999999999991074e+00 1.849961221267165001e+00 1.450036561365293908e+00 1.954939918004650057e-01 1.849956800620822905e+00 1.987183453961632040e-01
1.454999999999990967e+00 1.844961474249884992e+00 1.455036308716320947e+00 1.954733962142974069e-01 1.844957053917140044e+00 1.987183455447698865e-01
1.459999999999991083e+00 1.839961726888134086e+00 1.460036056411748939e+00 1.954528223575557055e-01 1.839957306868990949e+00 1.987183456985021079e-01
1.464999999999990976e+00 1.834961979429919898e+00 1.465035804203572933e+00 1.954322698739353048e-01 1.834957559724389009e+00 1.987183458544284076e-01
1.469999999999991092e+00 1.829962231613706081e+00 1.470035552353333941e+00 1.954117385193800127e-01 1.829957812221802982e+00 1.987183460072204921e-01
1.474999999999990985e+00 1.824962483581088923e+00 1.475035300719444109e+00 1.953912278595857088e-01 1.824958064502836041e+00 1.987183461539692997e-01
1.479999999999989990e+00 1.819962735377486984e+00 1.480035049256487101e+00 1.953707375365537902e-01 1.819958316612910965e+00 1.987183463066221067e-01
1.484999999999990106e+00 1.814962986759667052e+00 1.485034798207699902e+00 1.953502673520579047e-01 1.814958568308800979e+00 1.987183464604315997e-01
1.489999999999989999e+00 1.809963238026113919e+00 1.490034547274605936e+00 1.953298169206620916e-01 1.809958819888995096e+00 1.987183466136877019e-01
1.494999999999989893e+00 1.804963489079113970e+00 1.495034296554921038e+00 1.953093859521234932e-01 1.804959071255783920e+00 1.987183467715835095e-01
1.499999999999990008e+00 1.799963739827660003e+00 1.500034046139657962e+00 1.952889741150909131e-01 1.799959322318168020e+00 1.987183469196898977e-01
1.504999999999989901e+00 1.794963990372081986e+00 1.505033795928488960e+00 1.952685811925058967e-01 1.794959573176480028e+00 1.987183470755372883e-01
1.509999999999990017e+00 1.789964240745689050e+00 1.510033545888112005e+00 1.952482068174425933e-01 1.789959823864033961e+00 1.987183472273479079e-01
1.514999999999989910e+00 1.784964490890899924e+00 1.515033296076109037e+00 1.952278507529343898e-01 1.784960074323252988e+00 1.987183473855632099e-01
1.519999999999990026e+00 1.779964740800721978e+00 1.520033046499480900e+00 1.952075126493872936e-01 1.779960324547150918e+00 1.987183475340262018e-01
1.524999999999989031e+00 1.774964990400575982e+00 1.525032797232807935e+00 1.951871922872780996e-01 1.774960574461152074e+00 1.987183476905080015e-01
1.529999999999988924e+00 1.769965239935685997e+00 1.530032548030870965e+00 1.951668893889828005e-01 1.769960824310484071e+00 1.987183478449436047e-01
1.534999999999989040e+00 1.764965489189024073e+00 1.535032299110701048e+00 1.951466037098519013e-01 1.764961073878122955e+00 1.987183479996856017e-01
1.539999999999988933e+00 1.759965738208620900e+00 1.540032050424271937e+00 1.951263349070918030e-01 1.759961323212106077e+00 1.987183481508351113e-01
1.544999999999989049e+00 1.754965987108334957e+00 1.545031801857728038e+00 1.951060827772088946e-01 1.754961572426293914e+00 1.987183483067050949e-01
1.549999999999988942e+00 1.749966235781811985e+00 1.550031553517426941e+00 1.950858470872262884e-01 1.749961821414337981e+00 1.987183484585408888e-01
1.554999999999989058e+00 1.744966484171414089e+00 1.555031305461012980e+00 1.950656275388283900e-01 1.744962070118601938e+00 1.987183486148642042e-01
1.559999999999988951e+00 1.739966732517586934e+00 1.560031057448040048e+00 1.950454238883415903e-01 1.739962318779538997e+00 1.987183487670690085e-01
1.564999999999989067e+00 1.734966980628257938e+00 1.565030809670584944e+00 1.950252359724403972e-01 1.734962567205077022e+00 1.987183489240222922e-01
1.569999999999988960e+00 1.729967228527300005e+00 1.570030562104778094e+00 1.950050634367664071e-01 1.729962815419094913e+00 1.987183490792240881e-01
1.574999999999987965e+00 1.724967476180665926e+00 1.575030314784670926e+00 1.949849061731696032e-01 1.724963063387547013e+00 1.987183492361327963e-01
1.579999999999988081e+00 1.719967723700789985e+00 1.580030067597832044e+00 1.949647638195269039e-01 1.719963311222874047e+00 1.987183493855204930e-01
1.584999999999987974e+00 1.714967971224780063e+00 1.585029820407156897e+00 1.949446362574072944e-01 1.714963559062185006e+00 1.987183495445205006e-01
1.589999999999988090e+00 1.709968218282768015e+00 1.590029573682514963e+00 1.949245232042645937e-01 1.709963806435617073e+00 1.987183496983055964e-01
1.594999999999987983e+00 1.704968465425849899e+00 1.595029326872811959e+00 1.949044244730608055e-01 1.704964053894268972e+00 1.987183498556386041e-01
1.599999999999988098e+00 1.699968712266298088e+00 1.600029080365783063e+00 1.948843398687470085e-01 1.699964301050415960e+00 1.987183500059933883e-01
1.604999999999987992e+00 1.694968958888068977e+00 1.605028834077470101e+00 1.948642691102407953e-01 1.694964547988019987e+00 1.987183501629773974e-01
1.609999999999988107e+00 1.689969205405305042e+00 1.610028587893735930e+00 1.948442120322204929e-01 1.689964794821225080e+00 1.987183503166971010e-01
1.614999999999988001e+00 1.684969451923336914e+00 1.615028341709249915e+00 1.948241684975152987e-01 1.684965041655364093e+00 1.987183504734529038e-01
1.619999999999987006e+00 1.679969698045113091e+00 1.620028095921068889e+00 1.948041381687276030e-01 1.679965288093391074e+00 1.987183506322804105e-01
1.624999999999986899e+00 1.674969944084409912e+00 1.625027850215418956e+00 1.947841209246644889e-01 1.674965534449083915e+00 1.987183507813405914e-01
1.629999999999987015e+00 1.669970190067203930e+00 1.630027604566322896e+00 1.947641165442683120e-01 1.669965780748424056e+00 1.987183509415564875e-01
1.634999999999986908e+00 1.664970435841609975e+00 1.635027359125672097e+00 1.947441248737951103e-01 1.664966026839526991e+00 1.987183510969136868e-01
1.639999999999987024e+00 1.659970681365734890e+00 1.640027113935359049e+00 1.947241456963829942e-01 1.659966272680504007e+00 1.987183512524361984e-01
1.644999999999986917e+00 1.654970926954490995e+00 1.645026868680476095e+00 1.947041788552711927e-01 1.654966518586270086e+00 1.987183514074435942e-01
1.649999999999987033e+00 1.649971172176663003e+00 1.650026623792238967e+00 1.946842241273923080e-01 1.649966764125613050e+00 1.987183515643708986e-01
1.654999999999986926e+00 1.644971417305840067e+00 1.655026378997062064e+00 1.946642813184052967e-01 1.644967009572124939e+00 1.987183517174573033e-01
1.659999999999987041e+00 1.639971662370385053e+00 1.660026134266584075e+00 1.946443502870428000e-01 1.639967254954173059e+00 1.987183518738011023e-01
1.664999999999986047e+00 1.634971907444991990e+00 1.665025889526110969e+00 1.946244309082640067e-01 1.634967500346450997e+00 1.987183520292817029e-01
1.669999999999985940e+00 1.629972152053597023e+00 1.670025645251715041e+00 1.946045228696968998e-01 1.629967745272898894e+00 1.987183521855485080e-01
1.674999999999986056e+00 1.624972396925330020e+00 1.675025400714259982e+00 1.945846261711934033e-01 1.624967990462649947e+00 1.987183523442128119e-01
1.679999999999985949e+00 1.619972641320942097e+00 1.680025156653002893e+00 1.945647404564070093e-01 1.619968235176457938e+00 1.987183525046022081e-01
1.684999999999986064e+00 1.614972885465931984e+00 1.685024912842445044e+00 1.945448657159045136e-01 1.614968479639824928e+00 1.987183526619150098e-01
1.689999999999985958e+00 1.609973129830279959e+00 1.690024668812605046e+00 1.945250017142551024e-01 1.609968724322732969e+00 1.987183528154516099e-01
1.694999999999986073e+00 1.604973373942983006e+00 1.695024425034495019e+00 1.945051483242797863e-01 1.604968968754181047e+00 1.987183529717365116e-01
1.699999999999985967e+00 1.599973617882370025e+00 1.700024181429780956e+00 1.944853053303816914e-01 1.599969213012502056e+00 1.987183531297805061e-01
1.704999999999986082e+00 1.594973861834205087e+00 1.705023937812705004e+00 1.944654725801658879e-01 1.594969457283464065e+00 1.987183532836711009e-01
1.709999999999985976e+00 1.589974105526267056e+00 1.710023694455486964e+00 1.944456500115585018e-01 1.589969701294843052e+00 1.987183534458454026e-01
1.714999999999984981e+00 1.584974349071841981e+00 1.715023451244845010e+00 1.944258373872498058e-01 1.584969945159933946e+00 1.987183535997059936e-01
1.719999999999985096e+00 1.579974592638279995e+00 1.720023208013429006e+00 1.944060345643129906e-01 1.579970189046083995e+00 1.987183537585462956e-01
1.724999999999984990e+00 1.574974836062096983e+00 1.725022964924725066e+00 1.943862413906052022e-01 1.574970432789815966e+00 1.987183539131575916e-01
1.729999999999985105e+00 1.569975079341872970e+00 1.730022721980156941e+00 1.943664577239128111e-01 1.569970676389710107e+00 1.987183540766458978e-01
1.734999999999984999e+00 1.564975322534110092e+00 1.735022479123220940e+00 1.943466834271093124e-01 1.564970919902270996e+00 1.987183542298543992e-01
1.739999999999984892e+00 1.559975565688944021e+00 1.740022236303784053e+00 1.943269183537106037e-01 1.559971163377638081e+00 1.987183543908490890e-01
1.744999999999985008e+00 1.554975808593610953e+00 1.745021993734614973e+00 1.943071623748613974e-01 1.554971406603046891e+00 1.987183545500205983e-01
1.749999999999984901e+00 1.549976051423755052e+00 1.750021751240065093e+00 1.942874153164743933e-01 1.549971649754148917e+00 1.987183547050888066e-01
1.754999999999985016e+00 1.544976294210925971e+00 1.755021508788590978e+00 1.942676770373782946e-01 1.544971892862492924e+00 1.987183548622863116e-01
1.759999999999984022e+00 1.539976536903622906e+00 1.760021266431692988e+00 1.942479474301319897e-01 1.539972135876580994e+00 1.987183550245598118e-01
1.764999999999983915e+00 1.534976779561362026e+00 1.765021024109858061e+00 1.942282263534219899e-01 1.534972378855931074e+00 1.987183551836179118e-01
1.769999999999984031e+00 1.529977021864737941e+00 1.770020782142490923e+00 1.942085135751510927e-01 1.529972621481143102e+00 1.987183553383055079e-01
1.774999999999983924e+00 1.524977264379060893e+00 1.775020539964285105e+00 1.941888091267937877e-01 1.524972864317525989e+00 1.987183554985015865e-01
1.779999999999984039e+00 1.519977506523616961e+00 1.780020298155952974e+00 1.941691127539713901e-01 1.519973106784370032e+00 1.987183556569304954e-01
1.784999999999983933e+00 1.514977748854619000e+00 1.785020056161285895e+00 1.941494243484928883e-01 1.514973349437890970e+00 1.987183558138478079e-01
1.789999999999984048e+00 1.509977990852916951e+00 1.790019814499435036e+00 1.941297437671236081e-01 1.509973591758938971e+00 1.987183559723653958e-01
1.794999999999983942e+00 1.504978232802330007e+00 1.795019572886582981e+00 1.941100709067898888e-01 1.504973834031338109e+00 1.987183561353119132e-01
1.799999999999984057e+00 1.499978474721785915e+00 1.800019331303799985e+00 1.940904056786827980e-01 1.499974076274017021e+00 1.987183562920122881e-01
1.804999999999983951e+00 1.494978716493051030e+00 1.805019089869325910e+00 1.940707478276151032e-01 1.494974318368746058e+00 1.987183564506304900e-01
1.809999999999982956e+00 1.489978958262553999e+00 1.810018848436729000e+00 1.940510973504394887e-01 1.489974560461954090e+00 1.987183566141332014e-01
1.814999999999983071e+00 1.484979199973111008e+00 1.815018607063197953e+00 1.940314540565901136e-01 1.484974802496459967e+00 1.987183567737844936e-01
1.819999999999982965e+00 1.479979441545026031e+00 1.820018365828429907e+00 1.940118178336051047e-01 1.479975044392572103e+00 1.987183569316539888e-01
1.824999999999983080e+00 1.474979683070217096e+00 1.825018124640507056e+00 1.939921885510889066e-01 1.474975286242208972e+00 1.987183570903197083e-01
1.829999999999982974e+00 1.469979924404583027e+00 1.830017883643531018e+00 1.939725660861603973e-01 1.469975527901272949e+00 1.987183572481026061e-01
1.834999999999983089e+00 1.464980165720306093e+00 1.835017642665323967e+00 1.939529503182844949e-01 1.464975769541946971e+00 1.987183574092286076e-01
1.839999999999982983e+00 1.459980406929958008e+00 1.840017401793311080e+00 1.939333411304773880e-01 1.459976011076806968e+00 1.987183575722193118e-01
1.844999999999983098e+00 1.454980648185483005e+00 1.845017160875553008e+00 1.939137383822661931e-01 1.454976252657800062e+00 1.987183577294550085e-01
1.849999999999982991e+00 1.449980889265021000e+00 1.850016920133912057e+00 1.938941419511512887e-01 1.449976494063065946e+00 1.987183578956701058e-01
1.854999999999981997e+00 1.444981130338589992e+00 1.855016679398368007e+00 1.938745517424161902e-01 1.444976735462627948e+00 1.987183580514750025e-01
1.859999999999981890e+00 1.439981371222301965e+00 1.860016438852813092e+00 1.938549676269896993e-01 1.439976976672598941e+00 1.987183582135884086e-01
1.864999999999982006e+00 1.434981612136994045e+00 1.865016198276409964e+00 1.938353894165218139e-01 1.434977217913818048e+00 1.987183583764159933e-01
1.869999999999981899e+00 1.429981853102674005e+00 1.870015957649151961e+00 1.938158170713878969e-01 1.429977459206297929e+00 1.987183585333897884e-01
1.874999999999982014e+00 1.424982093699213914e+00 1.875015717391171011e+00 1.937962504579766043e-01 1.424977700129909985e+00 1.987183586961830950e-01
1.879999999999981908e+00 1.419982334477140062e+00 1.880015476951937936e+00 1.937766894664136041e-01 1.419977941235186059e+00 1.987183588585741956e-01
1.884999999999982023e+00 1.414982575135808940e+00 1.885015236632100910e+00 1.937571339435301132e-01 1.414978182221483083e+00 1.987183590220135965e-01
1.889999999999981917e+00 1.409982815827959035e+00 1.890014996278924109e+00 1.937375837306160864e-01 1.409978423241541989e+00 1.987183591811003125e-01
1.894999999999982032e+00 1.404983056291370991e+00 1.895014756154624891e+00 1.937180387894484879e-01 1.404978664033148084e+00 1.987183593426775086e-01
1.899999999999981037e+00 1.399983296682193901e+00 1.900014516103055939e+00 1.936984989905599919e-01 1.399978904752450903e+00 1.987183595061881025e-01
1.904999999999980931e+00 1.394983537120821904e+00 1.905014276003826001e+00 1.936789641687829133e-01 1.394979145519849029e+00 1.987183596677838116e-01
1.909999999999981046e+00 1.389983777482995952e+00 1.910014035981195013e+00 1.936594342289597870e-01 1.389979386211084966e+00 1.987183598269074980e-01
1.914999999999980940e+00 1.384984017755356955e+00 1.915013796048522954e+00 1.936399090887404861e-01 1.384979626812802067e+00 1.987183599943941059e-01
1.919999999999981055e+00 1.379984258021182075e+00 1.920013556122537102e+00 1.936203885471652897e-01 1.379979867408279048e+00 1.987183601543336953e-01
1.924999999999980949e+00 1.374984498193952964e+00 1.925013316289752030e+00 1.936008725434633926e-01 1.374980107911004001e+00 1.987183603179049074e-01
1.929999999999981064e+00 1.369984738268954061e+00 1.930013076554887963e+00 1.935813609741363073e-01 1.369980348316262031e+00 1.987183604773871959e-01
1.934999999999980957e+00 1.364984978479129030e+00 1.935012836685001902e+00 1.935618536690583980e-01 1.364980588856997912e+00 1.987183606450103890e-01
1.939999999999981073e+00 1.359985218626662107e+00 1.940012596877912054e+00 1.935423505489461127e-01 1.359980829335400987e+00 1.987183608097727872e-01
1.944999999999980966e+00 1.354985458476676063e+00 1.945012357368496092e+00 1.935228514607308103e-01 1.354981069516596914e+00 1.987183609676488050e-01
1.949999999999979972e+00 1.349985698537806922e+00 1.950012117648117993e+00 1.935033563655690070e-01 1.349981309909223048e+00 1.987183611303451058e-01
1.954999999999980087e+00 1.344985938366562994e+00 1.955011878160276106e+00 1.934838650237704905e-01 1.344981550069791032e+00 1.987183612956799073e-01
1.959999999999979980e+00 1.339986178296044050e+00 1.960011638571864889e+00 1.934643773826356106e-01 1.339981790331405076e+00 1.987183614623820871e-01
1.964999999999980096e+00 1.334986418193806923e+00 1.965011399015337057e+00 1.934448933278684890e-01 1.334982030561624011e+00 1.987183616220369875e-01
1.969999999999979989e+00 1.329986657910467107e+00 1.970011159640072007e+00 1.934254127241812893e-01 1.329982270611063999e+00 1.987183617892500920e-01
1.974999999999980105e+00 1.324986897736039060e+00 1.975010920156059946e+00 1.934059354567332911e-01 1.324982510769745936e+00 1.987183619537171986e-01
1.979999999999979998e+00 1.319987137475095995e+00 1.980010680758728991e+00 1.933864613959964118e-01 1.319982750842243924e+00 1.987183621144884005e-01
1.984999999999979892e+00 1.314987376964837029e+00 1.985010441610880028e+00 1.933669904308132070e-01 1.314982990665763074e+00 1.987183622841025010e-01
1.989999999999980007e+00 1.309987616725948101e+00 1.990010202191830002e+00 1.933475224548001914e-01 1.309983230760989104e+00 1.987183624478409960e-01
1.994999999999979012e+00 1.304987856437832994e+00 1.995009962822178018e+00 1.933280573129897983e-01 1.304983470807330903e+00 1.987183626126400038e-01
1.999999999999978906e+00 1.299988095956563949e+00 2.000009723645852056e+00 1.933085948845381929e-01 1.299983710660862934e+00 1.987183627739647906e-01
2.004999999999979021e+00 1.294988335616835906e+00 2.005009484328159175e+00 1.932891350501680094e-01 1.294983950656283023e+00 1.987183629377242966e-01
2.009999999999978915e+00 1.289988575074517030e+00 2.010009245213232099e+00 1.932696777149567890e-01 1.289984190449465107e+00 1.987183631062802991e-01
2.014999999999978808e+00 1.284988814715007033e+00 2.015009005915673779e+00 1.932502227374970072e-01 1.284984430425808899e+00 1.987183632749549012e-01
2.019999999999979146e+00 1.279989054194629938e+00 2.020008766779159970e+00 1.932307699989543048e-01 1.279984670241645084e+00 1.987183634389312059e-01
2.024999999999979039e+00 1.274989293748375996e+00 2.025008527568704864e+00 1.932113193590911104e-01 1.274984910131965021e+00 1.987183636062279934e-01
2.029999999999978932e+00 1.269989533074521892e+00 2.030008288586034215e+00 1.931918706460483137e-01 1.269985149795050061e+00 1.987183637694338867e-01
2.034999999999978826e+00 1.264989772653621003e+00 2.035008049350591985e+00 1.931724238304325936e-01 1.264985389711456021e+00 1.987183639350124931e-01
2.039999999999979163e+00 1.259990012019897909e+00 2.040007810328161142e+00 1.931529787159186884e-01 1.259985629415411923e+00 1.987183641004358903e-01
2.044999999999979057e+00 1.254990251425966097e+00 2.045007571266125979e+00 1.931335352327055999e-01 1.254985869159533918e+00 1.987183642685075025e-01
2.049999999999978950e+00 1.249990490842038060e+00 2.050007332194276000e+00 1.931140932068421134e-01 1.249986108914038940e+00 1.987183644368845925e-01
2.054999999999977955e+00 1.244990730175346005e+00 2.055007093205381885e+00 1.930946524920308105e-01 1.244986348586164970e+00 1.987183646035234064e-01
2.059999999999977849e+00 1.239990969643258945e+00 2.060006854082076178e+00 1.930752130082218909e-01 1.239986588393281020e+00 1.987183647684747090e-01
2.064999999999978186e+00 1.234991208987594069e+00 2.065006615082544794e+00 1.930557745772676914e-01 1.234986828077210053e+00 1.987183649402259056e-01
2.069999999999978080e+00 1.229991448457439907e+00 2.070006375957701206e+00 1.930363370918437016e-01 1.229987067887045038e+00 1.987183651026898090e-01
2.074999999999977973e+00 1.224991687730720979e+00 2.075006137029619779e+00 1.930169004399580890e-01 1.224987307500712941e+00 1.987183652749137108e-01
2.079999999999977867e+00 1.219991927108708074e+00 2.080005897997034836e+00 1.929974644442974951e-01 1.219987547219488988e+00 1.987183654428459900e-01
2.084999999999978204e+00 1.214992166483398028e+00 2.085005658967951092e+00 1.929780289827560946e-01 1.214987786935374903e+00 1.987183656068378934e-01
2.089999999999978098e+00 1.209992405821366912e+00 2.090005419975793810e+00 1.929585939051529919e-01 1.209988026614950973e+00 1.987183657767971900e-01
2.094999999999977991e+00 1.204992645242668914e+00 2.095005180900512798e+00 1.929391591041025866e-01 1.204988266378274053e+00 1.987183659466701946e-01
2.099999999999976996e+00 1.199992884607467891e+00 2.100004941881944198e+00 1.929197244312373938e-01 1.199988506085513107e+00 1.987183661123861078e-01
2.104999999999976890e+00 1.194993123962490023e+00 2.105004702873363165e+00 1.929002897581446052e-01 1.194988745783398976e+00 1.987183662864920042e-01
2.109999999999976783e+00 1.189993363313647023e+00 2.110004463868865088e+00 1.928808548678337953e-01 1.189988985477846928e+00 1.987183664528028026e-01
2.114999999999977121e+00 1.184993602680264990e+00 2.115004224849120984e+00 1.928614197169591926e-01 1.184989225188189055e+00 1.987183666205195043e-01
2.119999999999977014e+00 1.179993842087923905e+00 2.120003985788553980e+00 1.928419841086604081e-01 1.179989464940008004e+00 1.987183667949617982e-01
2.124999999999976907e+00 1.174994081522982015e+00 2.125003746700811824e+00 1.928225479107235907e-01 1.174989704719668016e+00 1.987183669610516068e-01
2.129999999999976801e+00 1.169994320953150924e+00 2.130003507618179803e+00 1.928031109907377139e-01 1.169989944494884915e+00 1.987183671306667898e-01
2.134999999999977138e+00 1.164994560408900037e+00 2.135003268510196062e+00 1.927836731826700067e-01 1.164990184296132103e+00 1.987183673052131949e-01
2.139999999999977032e+00 1.159994799817354982e+00 2.140003029449732974e+00 1.927642342831140942e-01 1.159990424050540980e+00 1.987183674764871899e-01
2.144999999999976037e+00 1.154995039238088106e+00 2.145002790377224855e+00 1.927447942421428029e-01 1.154990663817687890e+00 1.987183676431948931e-01
2.149999999999975930e+00 1.149995278718620062e+00 2.150002551245151050e+00 1.927253528388042092e-01 1.149990903645099927e+00 1.987183678137315057e-01
2.154999999999975824e+00 1.144995518315341076e+00 2.155002311997125997e+00 1.927059099494574101e-01 1.144991143589171090e+00 1.987183679834993999e-01
2.159999999999976161e+00 1.139995757807241938e+00 2.160002072854157795e+00 1.926864654030703006e-01 1.139991383428897054e+00 1.987183681590191098e-01
2.164999999999976055e+00 1.134995997438295046e+00 2.165001833572277157e+00 1.926670190569002017e-01 1.134991623408257100e+00 1.987183683270511980e-01
2.169999999999975948e+00 1.129996236956571920e+00 2.170001594403419887e+00 1.926475706949331013e-01 1.129991863275326081e+00 1.987183685023378998e-01
2.174999999999975842e+00 1.124996476620025998e+00 2.175001355089631883e+00 1.926281202246185875e-01 1.124992103288064982e+00 1.987183686739401045e-01
2.179999999999976179e+00 1.119996716230958089e+00 2.180001115828615887e+00 1.926086674453036940e-01 1.119992343248775946e+00 1.987183688492472067e-01
2.184999999999976072e+00 1.114996956022765051e+00 2.185000876386978153e+00 1.925892122156090958e-01 1.114992583390866043e+00 1.987183690193002894e-01
2.189999999999975966e+00 1.109997195735900055e+00 2.190000637024264840e+00 1.925697543505336118e-01 1.109992823454793109e+00 1.987183691946569908e-01
2.194999999999974971e+00 1.104997435475979950e+00 2.195000397634867983e+00 1.925502936580182067e-01 1.104993063546177989e+00 1.987183693627974090e-01
2.199999999999974865e+00 1.099997675297800015e+00 2.200000158163990971e+00 1.925308300066500000e-01 1.099993303719823068e+00 1.987183695420715879e-01
2.204999999999975202e+00 1.094997915247744924e+00 2.204999918565254013e+00 1.925113632201259917e-01 1.094993544022119014e+00 1.987183697126616022e-01
2.209999999999975095e+00 1.089998155131298052e+00 2.209999679033176179e+00 1.924918931025592916e-01 1.089993784258552978e+00 1.987183698873515869e-01
2.214999999999974989e+00 1.084998394972898961e+00 2.214999439543320126e+00 1.924724194769082963e-01 1.084994024453574957e+00 1.987183700588751878e-01
2.219999999999974882e+00 1.079998635089169046e+00 2.219999199779071120e+00 1.924529421840313059e-01 1.079994264923809011e+00 1.987183702367552873e-01
2.224999999999975220e+00 1.074998875081518923e+00 2.224998960139017878e+00 1.924334609843517119e-01 1.074994505270673972e+00 1.987183704074270973e-01
2.229999999999975113e+00 1.069999115222799002e+00 2.229998720350315100e+00 1.924139757512856874e-01 1.069994745767026023e+00 1.987183705851126025e-01
2.234999999999975007e+00 1.064999355387727054e+00 2.234998480538250121e+00 1.923944862818841028e-01 1.064994986287588929e+00 1.987183707629459894e-01
2.239999999999974012e+00 1.059999595728640998e+00 2.239998240550483022e+00 1.923749923495624015e-01 1.059995226984709049e+00 1.987183709340878124e-01
2.244999999999973905e+00 1.054999835965986899e+00 2.244998000666576843e+00 1.923554938094088895e-01 1.054995467578837998e+00 1.987183711131901009e-01
2.249999999999973799e+00 1.050000076330207088e+00 2.249997760656091028e+00 1.923359904514286012e-01 1.049995708300426100e+00 1.987183712909076083e-01
2.254999999999974136e+00 1.045000316714095101e+00 2.254997520626235818e+00 1.923164820370628081e-01 1.044995949042273109e+00 1.987183714668555867e-01
2.259999999999974030e+00 1.040000557299435968e+00 2.259997280395229069e+00 1.922969684084512021e-01 1.039996189986170938e+00 1.987183716403022049e-01
2.264999999999973923e+00 1.035000797740053935e+00 2.264997040309249865e+00 1.922774493471106905e-01 1.034996430785952048e+00 1.987183718208453964e-01
2.269999999999973817e+00 1.030001038489217979e+00 2.269996799915032781e+00 1.922579246658253083e-01 1.029996671894892968e+00 1.987183719973603102e-01
2.274999999999974154e+00 1.025001279120999920e+00 2.274996559638513993e+00 1.922383940869668018e-01 1.024996912887073064e+00 1.987183721752782961e-01
2.279999999999974047e+00 1.020001519895004094e+00 2.279996319220087830e+00 1.922188574877251865e-01 1.019997154022104002e+00 1.987183723516414979e-01
2.284999999999973053e+00 1.015001760949417076e+00 2.284996078521575935e+00 1.921993145559177107e-01 1.014997395438179906e+00 1.987183725299674908e-01
2.289999999999972946e+00 1.010002001761336032e+00 2.289995838065883138e+00 1.921797651499131954e-01 1.009997636612407046e+00 1.987183727083237095e-01
2.294999999999972840e+00 1.005002242845137062e+00 2.294995597338636895e+00 1.921602089802444124e-01 1.004997878059169958e+00 1.987183728850789033e-01
2.299999999999973177e+00 1.000002483951675014e+00 2.299995356588989015e+00 1.921406458543349072e-01 9.999981195293312641e-01 1.987183730688535932e-01
2.304999999999973070e+00 9.950027251562119091e-01 2.304995115741681033e+00 1.921210755130348113e-01 9.949983610981611992e-01 1.987183732443333073e-01
2.309999999999972964e+00 9.900029665510032828e-01 2.309994874704460965e+00 1.921014977788947919e-01 9.899986028579241815e-01 1.987183734292130022e-01
2.314999999999972857e+00 9.850032080437358672e-01 2.314994633569646965e+00 1.920819123288526054e-01 9.849988447163166017e-01 1.987183736095922970e-01
2.319999999999973195e+00 9.800034494671194807e-01 2.319994392504533209e+00 1.920623189964827116e-01 9.799990865060570489e-01 1.987183737853056020e-01
2.324999999999973088e+00 9.750036910959920533e-01 2.324994151234288875e+00 1.920427174631756939e-01 9.749993285019921130e-01 1.987183739685959016e-01
2.329999999999972982e+00 9.700039328989191745e-01 2.329993909790351925e+00 1.920231075002125087e-01 9.699995706726980416e-01 1.987183741461905073e-01
2.334999999999971987e+00 9.650041748392936825e-01 2.334993668209333961e+00 1.920034888876661905e-01 9.649998129815758885e-01 1.987183743307487926e-01
2.339999999999971880e+00 9.600044167301007292e-01 2.339993426678255162e+00 1.919838613376257941e-01 9.600000552416214639e-01 1.987183745157450054e-01
2.344999999999972218e+00 9.550046587128235842e-01 2.344993185055638030e+00 1.919642245524119106e-01 9.550002975943283623e-01 1.987183746963351871e-01
2.349999999999972111e+00 9.500049011070927918e-01 2.349992943021856906e+00 1.919445782896609942e-01 9.500005403593366760e-01 1.987183748807420103e-01
2.354999999999972005e+00 9.450051433977932902e-01 2.354992701092032181e+00 1.919249222720164905e-01 9.450007830215424454e-01 1.987183750632127988e-01
2.359999999999971898e+00 9.400053858066712564e-01 2.359992459044423008e+00 1.919052562210120938e-01 9.400010258027022836e-01 1.987183752417883975e-01
2.364999999999971791e+00 9.350056286430117325e-01 2.364992216569751005e+00 1.918855798373176047e-01 9.350012690121118908e-01 1.987183754307330075e-01
2.369999999999972129e+00 9.300058711688166113e-01 2.369991974406016944e+00 1.918658928422926901e-01 9.300015119117847062e-01 1.987183756121070066e-01
2.374999999999972022e+00 9.250061141697187850e-01 2.374991731767599035e+00 1.918461949021053048e-01 9.250017552873651683e-01 1.987183757951759000e-01
2.379999999999971028e+00 9.200063571543068974e-01 2.379991489145909966e+00 1.918264857680304913e-01 9.200019986474525790e-01 1.987183759858497101e-01
2.384999999999970921e+00 9.150066003205097331e-01 2.384991246343029836e+00 1.918067650878491071e-01 9.150022421899888236e-01 1.987183761664745030e-01
2.389999999999970814e+00 9.100068436812875916e-01 2.389991003346004117e+00 1.917870325834956924e-01 9.100024859279456368e-01 1.987183763538933057e-01
2.394999999999971152e+00 9.050070871588786758e-01 2.394990760232599047e+00 1.917672878989785112e-01 9.050027297835738782e-01 1.987183765436414951e-01
2.399999999999971045e+00 9.000073307321940774e-01 2.399990517023911973e+00 1.917475307141711938e-01 9.000029737357972959e-01 1.987183767305955029e-01
2.404999999999970939e+00 8.950075746178072222e-01 2.404990273503376130e+00 1.917277606879692065e-01 8.950032180012026384e-01 1.987183769125769051e-01
2.409999999999970832e+00 8.900078185270103859e-01 2.409990029959705904e+00 1.917079775157211063e-01 8.900034622910950599e-01 1.987183770995964993e-01
2.414999999999971170e+00 8.850080627235570319e-01 2.414989786129154048e+00 1.916881807965200024e-01 8.850037068692414577e-01 1.987183772894522138e-01
2.419999999999971063e+00 8.800083071465110152e-01 2.419989542072665145e+00 1.916683702127033873e-01 8.800039516747200086e-01 1.987183774804767988e-01
2.424999999999970957e+00 8.750085514440684165e-01 2.424989298142051108e+00 1.916485453883332024e-01 8.750041963557408931e-01 1.987183776681742953e-01
2.429999999999969962e+00 8.700087960638711593e-01 2.429989053889674011e+00 1.916287059536966875e-01 8.700044413599608006e-01 1.987183778580969007e-01
2.434999999999969855e+00 8.650090411003361623e-01 2.434988809221128037e+00 1.916088515353349120e-01 8.650046867818110830e-01 1.987183780497376040e-01
2.439999999999970193e+00 8.600092860930317329e-01 2.439988564596851095e+00 1.915889817150558949e-01 8.600049321608759234e-01 1.987183782377913988e-01
2.444999999999970086e+00 8.550095312284042848e-01 2.444988319830406098e+00 1.915690961468969056e-01 8.550051776836166129e-01 1.987183784307363088e-01
2.449999999999969980e+00 8.500097767818601824e-01 2.449988074646395120e+00 1.915491943861331869e-01 8.500054236254562801e-01 1.987183786197335988e-01
2.454999999999969873e+00 8.450100225238088569e-01 2.454987829274414946e+00 1.915292760353418944e-01 8.450056697568203434e-01 1.987183788120071015e-01
2.459999999999970210e+00 8.400102683805812376e-01 2.459987583788144860e+00 1.915093407012994076e-01 8.400059160040563855e-01 1.987183790027496899e-01
2.464999999999970104e+00 8.350105145204906876e-01 2.464987338019279939e+00 1.914893879060406978e-01 8.350061625354955330e-01 1.987183791945640043e-01
2.469999999999969997e+00 8.300107608305324902e-01 2.469987092080836000e+00 1.914694172144474904e-01 8.300064092381499448e-01 1.987183793924308106e-01
2.474999999999969003e+00 8.250110074064878063e-01 2.474986845877038988e+00 1.914494282092170929e-01 8.250066562078196553e-01 1.987183795838788070e-01
2.479999999999968896e+00 8.200112543389082020e-01 2.479986599317347995e+00 1.914294204033120950e-01 8.200069035350743274e-01 1.987183797820389897e-01
2.484999999999968789e+00 8.150115011831076117e-01 2.484986352846457081e+00 1.914093932934055886e-01 8.150071507752472133e-01 1.987183799739505041e-01
2.489999999999969127e+00 8.100117486735598504e-01 2.489986105729904864e+00 1.913893464608515949e-01 8.100073986628314460e-01 1.987183801712655018e-01
2.494999999999969020e+00 8.050119961841915028e-01 2.494985858593774974e+00 1.913692793468274034e-01 8.050076465717738161e-01 1.987183803650943992e-01
2.499999999999968914e+00 8.000122440572567939e-01 2.499985611095822069e+00 1.913491915169309998e-01 8.000078948443486437e-01 1.987183805636086875e-01
2.504999999999968807e+00 7.950124921285919299e-01 2.504985363400221043e+00 1.913290823853280864e-01 7.950081433164137845e-01 1.987183807627735943e-01
2.509999999999969145e+00 7.900127405238777101e-01 2.509985115381303977e+00 1.913089514353304987e-01 7.900083921136715759e-01 1.987183809605476970e-01
2.514999999999969038e+00 7.850129889975505648e-01 2.514984867284644210e+00 1.912887981397823900e-01 7.850086409905807638e-01 1.987183811567836966e-01
2.519999999999968043e+00 7.800132380903619378e-01 2.519984618569504953e+00 1.912686219284092937e-01 7.800088904879155516e-01 1.987183813582844016e-01
2.524999999999967937e+00 7.750134872797502794e-01 2.524984369758456193e+00 1.912484222261041922e-01 7.750091400831379262e-01 1.987183815571859080e-01
2.529999999999967830e+00 7.700137368206014798e-01 2.529984120596627140e+00 1.912281984337456109e-01 7.700093900311578698e-01 1.987183817611989090e-01
2.534999999999968168e+00 7.650139865177152387e-01 2.534983871279230083e+00 1.912079499593050125e-01 7.650096401368002841e-01 1.987183819585738032e-01
2.539999999999968061e+00 7.600142366357545143e-01 2.539983621541614944e+00 1.911876761852698003e-01 7.600098906647533292e-01 1.987183821642747872e-01
2.544999999999967955e+00 7.550144872107580341e-01 2.544983371347757206e+00 1.911673764578341039e-01 7.550101416510821561e-01 1.987183823631145096e-01
2.549999999999967848e+00 7.500147380542898645e-01 2.549983120886106125e+00 1.911470501484303086e-01 7.500103929073778097e-01 1.987183825695751915e-01
2.554999999999968185e+00 7.450149892262061257e-01 2.554982870096819791e+00 1.911266965726984013e-01 7.450106444935244987e-01 1.987183827713293882e-01
2.559999999999968079e+00 7.400152406431175223e-01 2.559982619063303044e+00 1.911063150495498908e-01 7.400108963261613493e-01 1.987183829796823897e-01
2.564999999999967972e+00 7.350154924662319900e-01 2.564982367624363047e+00 1.910859048622207124e-01 7.350111485665258293e-01 1.987183831874174966e-01
2.569999999999966978e+00 7.300157447966739710e-01 2.569982115678890899e+00 1.910654652899458905e-01 7.300114013157732451e-01 1.987183833895820873e-01
2.574999999999966871e+00 7.250159975266683432e-01 2.574981863334676824e+00 1.910449955706365888e-01 7.250116544661591167e-01 1.987183835962288980e-01
2.579999999999967208e+00 7.200162504097988858e-01 2.579981610838157025e+00 1.910244949505557899e-01 7.200119077713004190e-01 1.987183838026737870e-01
2.584999999999967102e+00 7.150165038162299425e-01 2.584981357819180925e+00 1.910039626134739099e-01 7.150121616013935810e-01 1.987183840150857916e-01
2.589999999999966995e+00 7.100167574816964589e-01 2.589981104542033119e+00 1.909833977869072885e-01 7.100124156922094087e-01 1.987183842245749121e-01
2.594999999999966889e+00 7.050170118352525606e-01 2.594980850577675913e+00 1.909627995867685946e-01 7.050126704728367777e-01 1.987183844332932880e-01
2.599999999999966782e+00 7.000172663555304098e-01 2.599980596447498016e+00 1.909421671799743925e-01 7.000129254219442654e-01 1.987183846449001867e-01
2.604999999999967120e+00 6.950175215303033838e-01 2.604980341663746035e+00 1.909214996478001969e-01 6.950131810273432187e-01 1.987183848590342028e-01
2.609999999999967013e+00 6.900177770572781810e-01 2.609980086528728815e+00 1.909007961106392037e-01 6.900134369867795270e-01 1.987183850721468970e-01
2.614999999999966018e+00 6.850180330781086013e-01 2.614979830900820090e+00 1.908800555741572980e-01 6.850136934419476242e-01 1.987183852852233978e-01
2.619999999999965912e+00 6.800182895098032532e-01 2.619979574863028127e+00 1.908592771044020087e-01 6.800139503098976412e-01 1.987183854992352061e-01
2.624999999999965805e+00 6.750185464508149380e-01 2.624979318316921884e+00 1.908384596825188073e-01 6.750142076891251230e-01 1.987183857179536106e-01
2.629999999999966143e+00 6.700188038236092325e-01 2.629979061340061985e+00 1.908176022644177960e-01 6.700144655021409434e-01 1.987183859326817903e-01
2.634999999999966036e+00 6.650190618696569800e-01 2.634978803690998905e+00 1.907967037536313915e-01 6.650147239904619090e-01 1.987183861495893933e-01
2.639999999999965929e+00 6.600193204950528525e-01 2.639978545463662840e+00 1.907757631080123084e-01 6.600149830602304313e-01 1.987183863687987107e-01
2.644999999999965823e+00 6.550195795344393446e-01 2.644978286823438829e+00 1.907547791249681046e-01 6.550152425461384098e-01 1.987183865944743000e-01
2.649999999999966160e+00 6.500198390743321397e-01 2.649978027683835169e+00 1.907337506195483923e-01 6.500155025347537086e-01 1.987183868105590057e-01
2.654999999999966054e+00 6.450200990491339326e-01 2.654977768110477143e+00 1.907126763945949932e-01 6.450157629605314247e-01 1.987183870325980040e-01
2.659999999999965947e+00 6.400203598866482935e-01 2.659977507675590047e+00 1.906915551875190129e-01 6.400160242513306397e-01 1.987183872602356904e-01
2.664999999999964952e+00 6.350206211441218329e-01 2.664977246821954804e+00 1.906703856493530136e-01 6.350162859644552515e-01 1.987183874844193066e-01
2.669999999999964846e+00 6.300208832342946152e-01 2.669976985136865100e+00 1.906491664498987937e-01 6.300165485127050546e-01 1.987183877109089947e-01
2.674999999999965183e+00 6.250211458352623595e-01 2.674976722942254970e+00 1.906278961715447973e-01 6.250168115742373853e-01 1.987183879380320095e-01
2.679999999999965077e+00 6.200214090258668875e-01 2.679976460159312790e+00 1.906065733621981895e-01 6.200170752279582365e-01 1.987183881642599903e-01
2.684999999999964970e+00 6.150216729902240331e-01 2.684976196603963139e+00 1.905851965002086090e-01 6.150173396580503882e-01 1.987183883909063864e-01
2.689999999999964864e+00 6.100219375813935585e-01 2.689975932423176008e+00 1.905637640091150109e-01 6.100176047176426586e-01 1.987183886274326017e-01
2.694999999999965201e+00 6.050222030590362010e-01 2.694975667357331073e+00 1.905422742776322897e-01 6.050178706664685047e-01 1.987183888603324955e-01
2.699999999999965095e+00 6.000224690889126578e-01 2.699975401740704051e+00 1.905207255983447923e-01 6.000181371703638966e-01 1.987183890905123984e-01
2.704999999999964988e+00 5.950227358910638031e-01 2.704975135353295812e+00 1.904991161971875957e-01 5.950184044494482016e-01 1.987183893231035114e-01
2.709999999999963993e+00 5.900230035029494502e-01 2.709974868157686956e+00 1.904774442635525089e-01 5.900186725412627231e-01 1.987183895604673900e-01
2.714999999999963887e+00 5.850232719590735542e-01 2.714974600119417936e+00 1.904557078781539958e-01 5.850189414803967924e-01 1.987183898007736094e-01
2.719999999999963780e+00 5.800235411134053720e-01 2.719974331384564792e+00 1.904339050470613137e-01 5.800192111209089285e-01 1.987183900408608095e-01
2.724999999999964118e+00 5.750238111662611118e-01 2.724974061752858834e+00 1.904120337102712113e-01 5.750194816632083761e-01 1.987183902836200944e-01
2.729999999999964011e+00 5.700240820887643167e-01 2.729973791253225812e+00 1.903900917118080127e-01 5.700197530785159339e-01 1.987183905226929947e-01
2.734999999999963904e+00 5.650243539410553240e-01 2.734973519825576904e+00 1.903680768018093106e-01 5.650200254270733025e-01 1.987183907724051068e-01
2.739999999999963798e+00 5.600246267102875208e-01 2.739973247482813790e+00 1.903459865893581959e-01 5.600202986961408946e-01 1.987183910187365066e-01
2.744999999999964135e+00 5.550249006900571658e-01 2.744972973931397053e+00 1.903238186748837935e-01 5.550205731794261022e-01 1.987183912670832941e-01
2.749999999999964029e+00 5.500251753097700202e-01 2.749972699741979110e+00 1.903015704273031128e-01 5.500208483064520371e-01 1.987183915114514032e-01
2.754999999999963034e+00 5.450254511143839409e-01 2.754972424369663830e+00 1.902792392034743096e-01 5.450211246222983474e-01 1.987183917660715060e-01
2.759999999999962927e+00 5.400257280753635314e-01 2.759972147843054113e+00 1.902568221674414972e-01 5.400214020985588670e-01 1.987183920217313882e-01
2.764999999999962821e+00 5.350260060141636131e-01 2.764971870340763971e+00 1.902343163509312984e-01 5.350216805568238643e-01 1.987183922735321906e-01
2.769999999999963158e+00 5.300262850910826273e-01 2.769971591702565128e+00 1.902117186602869936e-01 5.300219601575333339e-01 1.987183925328115941e-01
2.774999999999963052e+00 5.250265653212977668e-01 2.774971311913358996e+00 1.901890258586531879e-01 5.250222409160140158e-01 1.987183927978156128e-01
2.779999999999962945e+00 5.200268470460969183e-01 2.779971030631933182e+00 1.901662345046795932e-01 5.200225231737124476e-01 1.987183930579035918e-01
2.784999999999962839e+00 5.150271296818687006e-01 2.784970748441986999e+00 1.901433409922418105e-01 5.150228063471823381e-01 1.987183933255896040e-01
2.789999999999963176e+00 5.100274138265490365e-01 2.789970464745672896e+00 1.901203415419001896e-01 5.100230910345356916e-01 1.987183935894989983e-01
2.794999999999963070e+00 5.050276991980808816e-01 2.794970179825142065e+00 1.900972321492274963e-01 5.050233769538999828e-01 1.987183938620666890e-01
2.799999999999962963e+00 5.000279860474279303e-01 2.799969893429528067e+00 1.900740086082587099e-01 5.000236643564351935e-01 1.987183941342050009e-01
2.804999999999961968e+00 4.950282744641186228e-01 2.804969605469409100e+00 1.900506664662652001e-01 4.950239533318768759e-01 1.987183944090319121e-01
2.809999999999961862e+00 4.900285643771554178e-01 2.809969316015891838e+00 1.900272009804941098e-01 4.900242438094474795e-01 1.987183946845914040e-01
2.814999999999962199e+00 4.850288557926206168e-01 2.814969025063013941e+00 1.900036071949942063e-01 4.850245357954615089e-01 1.987183949673285988e-01
2.819999999999962093e+00 4.800291490627159874e-01 2.819968732258697042e+00 1.899798798171714043e-01 4.800248296423688110e-01 1.987183952533423947e-01
2.824999999999961986e+00 4.750294438142645959e-01 2.824968437976251856e+00 1.899560132257951117e-01 4.750251249772554085e-01 1.987183955412434033e-01
2.829999999999961879e+00 4.700297404552883918e-01 2.829968141807797988e+00 1.899320014458326933e-01 4.700254222084235267e-01 1.987183958281389939e-01
2.834999999999962217e+00 4.650300389980657201e-01 2.834967843741206028e+00 1.899078381632627044e-01 4.650257213484494945e-01 1.987183961238903895e-01
2.839999999999962110e+00 4.600303394428805759e-01 2.839967543776353853e+00 1.898835165878396125e-01 4.600260223979367180e-01 1.987183964206434006e-01
2.844999999999962004e+00 4.550306421219830200e-01 2.844967241581163986e+00 1.898590295252413906e-01 4.550263256894748753e-01 1.987183967274304131e-01
2.849999999999961009e+00 4.500309466519639146e-01 2.849966937539229139e+00 1.898343692360457136e-01 4.500266308400209248e-01 1.987183970286995893e-01
2.854999999999960902e+00 4.450312536054070733e-01 2.854966631078160955e+00 1.898095275002184001e-01 4.450269384225480906e-01 1.987183973449231922e-01
2.859999999999960796e+00 4.400315629906116910e-01 2.859966322189872123e+00 1.897844954610342916e-01 4.400272484457766198e-01 1.987183976568472066e-01
2.864999999999961133e+00 4.350318747043501744e-01 2.864966010977818112e+00 1.897592635943003980e-01 4.350275608069293920e-01 1.987183979726918903e-01
2.869999999999961027e+00 4.300321891922749273e-01 2.869965696996588989e+00 1.897338217145652095e-01 4.300278759521448113e-01 1.987183983014887967e-01
2.874999999999960920e+00 4.250325063317745844e-01 2.874965380369063794e+00 1.897081587948341863e-01 4.250281937593373138e-01 1.987183986260218915e-01
2.879999999999960814e+00 4.200328262999165063e-01 2.879965060918459052e+00 1.896822629495144019e-01 4.200285144061400855e-01 1.987183989604343892e-01
2.884999999999961151e+00 4.150331494276998101e-01 2.884964738314081956e+00 1.896561213206771068e-01 4.150288382241674179e-01 1.987183993038801888e-01
2.889999999999961044e+00 4.100334755289055111e-01 2.889964412742486832e+00 1.896297199755669904e-01 4.100291650278670152e-01 1.987183996480987036e-01
2.894999999999960050e+00 4.050338052930442245e-01 2.894964083514532049e+00 1.896030437596339935e-01 4.050294955074744130e-01 1.987183999992966910e-01
2.899999999999959943e+00 4.000341385262232152e-01 2.899963750824499975e+00 1.895760762279679046e-01 4.000298294698865220e-01 1.987184003619371087e-01
2.904999999999959837e+00 3.950344758113715216e-01 2.904963414089899221e+00 1.895487993740707089e-01 3.950301674988960232e-01 1.987184007317414070e-01
2.909999999999960174e+00 3.900348170985238894e-01 2.909963073361168995e+00 1.895211935535212056e-01 3.900305095454825177e-01 1.987184011042502085e-01
2.914999999999960067e+00 3.850351624525956140e-01 2.914962728573911033e+00 1.894932371969350049e-01 3.850308556755980272e-01 1.987184014873248084e-01
2.919999999999959961e+00 3.800355126796831073e-01 2.919962378922607016e+00 1.894649066255010006e-01 3.800312066964798841e-01 1.987184018760715931e-01
2.924999999999959854e+00 3.750358677724535128e-01 2.924962024415215911e+00 1.894361757147345893e-01 3.750315626020538917e-01 1.987184022750533019e-01
2.929999999999960192e+00 3.700362282675654924e-01 2.929961664515777997e+00 1.894070156138195071e-01 3.700319239303709873e-01 1.987184026892674094e-01
2.934999999999960085e+00 3.650365944225200110e-01 2.934961298967567078e+00 1.893773943214578093e-01 3.650322909404766225e-01 1.987184031102793014e-01
2.939999999999959979e+00 3.600369667609584212e-01 2.939960927247803113e+00 1.893472762655198094e-01 3.600326641577311082e-01 1.987184035460562992e-01
2.944999999999958984e+00 3.550373455782960264e-01 2.944960549062031863e+00 1.893166217311189892e-01 3.550330438794688237e-01 1.987184039863834073e-01
2.949999999999958877e+00 3.500377317134280020e-01 2.949960163572434180e+00 1.892853863314382934e-01 3.500334309467332261e-01 1.987184044474120947e-01
2.954999999999959215e+00 3.450381256066635260e-01 2.954959770339910197e+00 1.892535201647984056e-01 3.450338258022491167e-01 1.987184049208272074e-01
2.959999999999959108e+00 3.400385280700107260e-01 2.959959368553815917e+00 1.892209669868578081e-01 3.400342292607481109e-01 1.987184054114997100e-01
2.964999999999959002e+00 3.350389398454466927e-01 2.964958957473717849e+00 1.891876631423884125e-01 3.350346420672914993e-01 1.987184059241516865e-01
2.969999999999958895e+00 3.300393617142844960e-01 2.969958536320057796e+00 1.891535363401818937e-01 3.300350650066973257e-01 1.987184064511677006e-01
2.974999999999958789e+00 3.250397948732484110e-01 2.974958103898114103e+00 1.891185040795803907e-01 3.250354992796899989e-01 1.987184069978457090e-01
2.979999999999959126e+00 3.200402404072519857e-01 2.979957659125264779e+00 1.890824718732405929e-01 3.200359459757670111e-01 1.987184075743936018e-01
2.984999999999959019e+00 3.150406997035303802e-01 2.984957200616919160e+00 1.890453309383129110e-01 3.150364064874410230e-01 1.987184081708346095e-01
2.989999999999958025e+00 3.100411741871766935e-01 2.989956726951032984e+00 1.890069555559747982e-01 3.100368822459075857e-01 1.987184087976477109e-01
2.994999999999957918e+00 3.050416658331017161e-01 2.994956236156244955e+00 1.889671996276504895e-01 3.050373752331687061e-01 1.987184094633482889e-01
2.999999999999957812e+00 3.000421764279224135e-01 2.999955726450080018e+00 1.889258925960367874e-01 3.000378872441212819e-01 1.987184101614732912e-01
3.004999999999958149e+00 2.950427090510743255e-01 3.004955194757962023e+00 1.888828343188138081e-01 2.950384213679179135e-01 1.987184108972568086e-01
3.009999999999958042e+00 2.900432662089543201e-01 3.009954638579228181e+00 1.888377887094588037e-01 2.900389801224170228e-01 1.987184116870263917e-01
3.014999999999957936e+00 2.850438513295899257e-01 3.014954054492648083e+00 1.887904757870303984e-01 2.850395669492384876e-01 1.987184125302612070e-01
3.019999999999957829e+00 2.800444686288869889e-01 3.019953438290416958e+00 1.887405617672610059e-01 2.800401860804906939e-01 1.987184134323423113e-01
3.024999999999958167e+00 2.750451231173939859e-01 3.024952784971696840e+00 1.886876465608524067e-01 2.750408425461394746e-01 1.987184144039864098e-01
3.029999999999958060e+00 2.700458205761719910e-01 3.029952088767124074e+00 1.886312481588177103e-01 2.700415421506339175e-01 1.987184154621960130e-01
3.034999999999957954e+00 2.650465685232462065e-01 3.034951342172829136e+00 1.885707828490008897e-01 2.650422924403121883e-01 1.987184166181474865e-01
3.039999999999956959e+00 2.600473757080123960e-01 3.039950536456630825e+00 1.885055405278371066e-01 2.600431021990011193e-01 1.987184178867295037e-01
3.044999999999956852e+00 2.550482525997210814e-01 3.044949661170301081e+00 1.884346536833300945e-01 2.550439819379923811e-01 1.987184192900244006e-01
3.049999999999957190e+00 2.500492126895323963e-01 3.049948702848428894e+00 1.883570589094246128e-01 2.500449451999485206e-01 1.987184208586204870e-01
3.054999999999957083e+00 2.450502717830858046e-01 3.054947645716992177e+00 1.882714495923868969e-01 2.450460078537428921e-01 1.987184226109572904e-01
3.059999999999956977e+00 2.400514502143664963e-01 3.059946469480851139e+00 1.881762187818303012e-01 2.400471903110575900e-01 1.987184245955077866e-01
3.064999999999956870e+00 2.350527722648791951e-01 3.064945149906178834e+00 1.880693917457426922e-01 2.350485169487671888e-01 1.987184268586164870e-01
3.069999999999957208e+00 2.300542679476365038e-01 3.069943657038292972e+00 1.879485494869805040e-01 2.300500178965450004e-01 1.987184294537958917e-01
3.074999999999957101e+00 2.250559737171471120e-01 3.074941954493576102e+00 1.878107465724555003e-01 2.250517297507013126e-01 1.987184324564595927e-01
3.079999999999956994e+00 2.200579337808860891e-01 3.079939998149877844e+00 1.876524300806148016e-01 2.200536968893803957e-01 1.987184359409875090e-01
3.084999999999956000e+00 2.150602005514060111e-01 3.084937735695919780e+00 1.874693711207212066e-01 2.150559719277045923e-01 1.987184400189082878e-01
3.089999999999955893e+00 2.100628355016737892e-01 3.089935105776739910e+00 1.872566241361260098e-01 2.100586165746838874e-01 1.987184447990605896e-01
3.094999999999955786e+00 2.050659089644462085e-01 3.094932038193935142e+00 1.870085317169644934e-01 2.050617014318192044e-01 1.987184504188466982e-01
3.099999999999956124e+00 2.000694995586123071e-01 3.099928454477390183e+00 1.867187898239371091e-01 2.000653054155938915e-01 1.987184570175793974e-01
3.104999999999956017e+00 1.950736923999122907e-01 3.104924269670942927e+00 1.863805798514467926e-01 1.950695139609535944e-01 1.987184647644341939e-01
3.109999999999955911e+00 1.900785766272292954e-01 3.109919394800994219e+00 1.859867589357346029e-01 1.900744165374080863e-01 1.987184738067412915e-01
3.114999999999955804e+00 1.850842431768597862e-01 3.114913739096271783e+00 1.855300845019371980e-01 1.850801044113687954e-01 1.987184843233404941e-01
3.119999999999956142e+00 1.800907817866707894e-01 3.119907212977719890e+00 1.850034377297261057e-01 1.800866676383945097e-01 1.987184964594561898e-01
3.124999999999956035e+00 1.750982786583800965e-01 3.124899730391144992e+00 1.844000109706855906e-01 1.750941927153236988e-01 1.987185103658430096e-01
3.129999999999955040e+00 1.701068154302979862e-01 3.129891209830896859e+00 1.837134341140465865e-01 1.701027615458698961e-01 1.987185261700598893e-01
3.134999999999954934e+00 1.651164676573025070e-01 3.134881575858051050e+00 1.829378309379774137e-01 1.651124499168921955e-01 1.987185439950424903e-01
3.139999999999954827e+00 1.601273058483254907e-01 3.139870758062619949e+00 1.820678117699003895e-01 1.601233285352955116e-01 1.987185639221765998e-01
3.144999999999955165e+00 1.551393960645235104e-01 3.144858690466266982e+00 1.810984172709040885e-01 1.551354636279712873e-01 1.987185860509982083e-01
3.149999999999955058e+00 1.501528008527009128e-01 3.149845310590510206e+00 1.800250311265524927e-01 1.501489178784514988e-01 1.987186104395239072e-01
3.154999999999954952e+00 1.451675807982794886e-01 3.154830557905678123e+00 1.788432773116845065e-01 1.451637519837631063e-01 1.987186371432304033e-01
3.159999999999954845e+00 1.401837957349086061e-01 3.159814372623297896e+00 1.775489125851248962e-01 1.401800258680019062e-01 1.987186662060033970e-01
3.164999999999955183e+00 1.352015072301054055e-01 3.164796693212275969e+00 1.761377211833901890e-01 1.351978011716465922e-01 1.987186976632543955e-01
3.169999999999955076e+00 1.302207783460974100e-01 3.169777456639688129e+00 1.746054131778035923e-01 1.302171410156456044e-01 1.987187315492925099e-01
3.174999999999954969e+00 1.252416765377563912e-01 3.174756595474188980e+00 1.729475279643480079e-01 1.252381129020483930e-01 1.987187678834869964e-01
3.179999999999953975e+00 1.202642752977185064e-01 3.179734036241998130e+00 1.711593400394786912e-01 1.202607903613369944e-01 1.987188066879350956e-01
3.184999999999953868e+00 1.152886543811933034e-01 3.184709699202985966e+00 1.692357638725273117e-01 1.152852531790276025e-01 1.987188479716950062e-01
3.189999999999954206e+00 1.103149024465194944e-01 3.189683495710808003e+00 1.671712556723357057e-01 1.103115900376057945e-01 1.987188917487767992e-01
3.194999999999954099e+00 1.053431196011676008e-01 3.194655325667433932e+00 1.649597071282120908e-01 1.053399010635888977e-01 1.987189380339323130e-01
3.199999999999953992e+00 1.003734185085965042e-01 3.199625076416701130e+00 1.625943254027026885e-01 1.003702989352156932e-01 1.987189868270285986e-01
3.204999999999953886e+00 9.540592831482497260e-02 3.204592618818029148e+00 1.600674954335211120e-01 9.540291280958590470e-02 1.987190381366223113e-01
3.209999999999953779e+00 9.044079763840251474e-02 3.209557804256656155e+00 1.573706153395915130e-01 9.043789131304447171e-02 1.987190919719361015e-01
3.214999999999954117e+00 8.547819866521999543e-02 3.214520460548945913e+00 1.544938963468266979e-01 8.547540663624131341e-02 1.987191483241836920e-01
3.219999999999954010e+00 8.051833465870883444e-02 3.219480384432225062e+00 1.514261157545185865e-01 8.051566204437377028e-02 1.987192071954695105e-01
3.224999999999953015e+00 7.556144449743618097e-02 3.224437337027159955e+00 1.481543015998831869e-01 7.555889641478230612e-02 1.987192685976197082e-01
3.229999999999952909e+00 7.060781508727620448e-02 3.229391031425461911e+00 1.446633302776771102e-01 7.060539664882525823e-02 1.987193325179530123e-01
3.234999999999952802e+00 6.565779418123396383e-02 3.234341119869827974e+00 1.409353968017861003e-01 6.565551049127082983e-02 1.987193989520814885e-01
3.239999999999953140e+00 6.071180875516390962e-02 3.239287175377870920e+00 1.369493065773532969e-01 6.070966490530638193e-02 1.987194679047940005e-01
3.244999999999953033e+00 5.577039257312210729e-02 3.244228664176204813e+00 1.326795088527606137e-01 5.576839363676400207e-02 1.987195393519687880e-01
3.249999999999952927e+00 5.083422552128812749e-02 3.249164906365663796e+00 1.280947432132091002e-01 5.083237654635319736e-02 1.987196132905235946e-01
3.254999999999952820e+00 4.590419359722441861e-02 3.254095015930742907e+00 1.231560920743222931e-01 4.590249959630555293e-02 1.987196896995890028e-01
3.259999999999953157e+00 4.098148419860603298e-02 3.259017805448761962e+00 1.178140869365267990e-01 4.097995013492917310e-02 1.987197685522850976e-01
3.264999999999953051e+00 3.606774267606183138e-02 3.263931629533586953e+00 1.120042392285138938e-01 3.606637344257501709e-02 1.987198498213653131e-01
3.269999999999952944e+00 3.116535078161430938e-02 3.268834106381092841e+00 1.056398217267914968e-01 3.116415116792281906e-02 1.987199334552673113e-01
3.274999999999951950e+00 2.627795104173613963e-02 3.273721593384685047e+00 9.859954059961661965e-02 2.627692567823070036e-02 1.987200193690940031e-01
3.279999999999951843e+00 2.141156666011312035e-02 3.278588067208378032e+00 9.070512579118110430e-02 2.141071991383225112e-02 1.987201074332237138e-01
3.284999999999952180e+00 1.657723908506291907e-02 3.283422486162649978e+00 8.167704599007565014e-02 1.657657484223596170e-02 1.987201974169015006e-01
3.289999999999952074e+00 1.179870231153191083e-02 3.288201115738579094e+00 7.104221279930335309e-02 1.179822343257153072e-02 1.987202888079898921e-01
3.294999999999951967e+00 7.156519950785089623e-03 3.292843390616257970e+00 5.755447276699388742e-02 7.156225882578026720e-03 1.987203799300222007e-01
3.299999999999951861e+00 3.204884627175053069e-03 3.296795106540213016e+00 4.024275237828867091e-02 3.204751560296204005e-03 1.987204593059105073e-01
3.304999999999952198e+00 2.780647477140539992e-03 3.297219352521512992e+00 3.744440403883043944e-02 2.780531896606874831e-03 1.987204679321631917e-01
3.309999999999952092e+00 2.784828912497694202e-03 3.297215171087322982e+00 3.744398618335643969e-02 2.784713159423080064e-03 1.987204678442958949e-01
3.314999999999951985e+00 2.789064508972064968e-03 3.297210935490892059e+00 3.744396941499369275e-02 2.788948581125549886e-03 1.987204677587222079e-01
3.319999999999950990e+00 2.793301625165655125e-03 3.297206698374711920e+00 3.744396417755319756e-02 2.793185522488416794e-03 1.987204676696303074e-01
3.324999999999950884e+00 2.797539249912194166e-03 3.297202460749968811e+00 3.744396202624544756e-02 2.797422972387165075e-03 1.987204675858555980e-01
3.329999999999951221e+00 2.801777039490637843e-03 3.297198222960393998e+00 3.744396070483672900e-02 2.801660587114950928e-03 1.987204674957301076e-01
3.334999999999951115e+00 2.806014954417741791e-03 3.297193985045467013e+00 3.744395980555616926e-02 2.805898327190026187e-03 1.987204674104285917e-01
3.339999999999951008e+00 2.810252986211929024e-03 3.297189747013672179e+00 3.744395917401272672e-02 2.810136184131283976e-03 1.987204673261422916e-01
3.344999999999950901e+00 2.814491124510850976e-03 3.297185508875374982e+00 3.744395870887971822e-02 2.814374147576903951e-03 1.987204672377149983e-01
3.349999999999950795e+00 2.818729363811999043e-03 3.297181270636072803e+00 3.744395835328147293e-02 2.818612212024396158e-03 1.987204671540581113e-01
3.354999999999951132e+00 2.822967701043563923e-03 3.297177032298843180e+00 3.744395807366916740e-02 2.822850374402107853e-03 1.987204670691168906e-01
3.359999999999951026e+00 2.827206134491454075e-03 3.297172793865394080e+00 3.744395784882879191e-02 2.827088632996189056e-03 1.987204669828623871e-01
3.364999999999950031e+00 2.831444663055461032e-03 3.297168555336829954e+00 3.744395766471812770e-02 2.831326986706295123e-03 1.987204668982023026e-01
3.369999999999949925e+00 2.835683286123364885e-03 3.297164316713760979e+00 3.744395751165602304e-02 2.835565434920361838e-03 1.987204668105984895e-01
3.374999999999949818e+00 2.839922003343496853e-03 3.297160077996541094e+00 3.744395738276763697e-02 2.839803977286559089e-03 1.987204667210663023e-01
3.379999999999950155e+00 2.844160814160538991e-03 3.297155839185724080e+00 3.744395727303467120e-02 2.844042613249774931e-03 1.987204666348454107e-01
3.384999999999950049e+00 2.848399718707950081e-03 3.297151600281174932e+00 3.744395717872234242e-02 2.848281342943459037e-03 1.987204665478322085e-01
3.389999999999949942e+00 2.852638716715523957e-03 3.297147361283168099e+00 3.744395709697897340e-02 2.852520166097272103e-03 1.987204664622524986e-01
3.394999999999949836e+00 2.856877808243580858e-03 3.297143122191639186e+00 3.744395702560166656e-02 2.856759082771608959e-03 1.987204663772886015e-01
3.399999999999950173e+00 2.861116993236466951e-03 3.297138883006645926e+00 3.744395696287842329e-02 2.860998092910960189e-03 1.987204662915124098e-01
3.404999999999950067e+00 2.865356271728025823e-03 3.297134643728154124e+00 3.744395690741728761e-02 2.865237196548852793e-03 1.987204662038327962e-01
3.409999999999949960e+00 2.869595643606344827e-03 3.297130404356274802e+00 3.744395685812351021e-02 2.869476393573600070e-03 1.987204661181040111e-01
3.414999999999948965e+00 2.873835108945614180e-03 3.297126164890936018e+00 3.744395681410057214e-02 2.873715684059364051e-03 1.987204660346049978e-01
3.419999999999948859e+00 2.878074667887258950e-03 3.297121925331992998e+00 3.744395677460517213e-02 2.877955068147585848e-03 1.987204659471752122e-01
3.424999999999949196e+00 2.882314320278455202e-03 3.297117685679602062e+00 3.744395673902913696e-02 2.882194545685389919e-03 1.987204658613568042e-01
3.429999999999949090e+00 2.886554066177970165e-03 3.297113445933701925e+00 3.744395670687236666e-02 2.886434116731507061e-03 1.987204657761456050e-01
3.434999999999948983e+00 2.890793905756798999e-03 3.297109206094122946e+00 3.744395667769793989e-02 2.890673781457020041e-03 1.987204656893792887e-01
3.439999999999948876e+00 2.895033838898432906e-03 3.297104966160981032e+00 3.744395665114543664e-02 2.894913539745469066e-03 1.987204656017252102e-01
3.444999999999949214e+00 2.899273865721615877e-03 3.297100726134157167e+00 3.744395662690849780e-02 2.899153391715425954e-03 1.987204655132243092e-01
3.449999999999949107e+00 2.903513986261233200e-03 3.297096486013617156e+00 3.744395660473032877e-02 2.903393337401860997e-03 1.987204654284236982e-01
3.454999999999949001e+00 2.907754200436206936e-03 3.297092245799441823e+00 3.744395658437221774e-02 2.907633376723616891e-03 1.987204653416745903e-01
3.459999999999948006e+00 2.911994508249183839e-03 3.297088005491628948e+00 3.744395656564941666e-02 2.911873509683470928e-03 1.987204652594798948e-01
3.464999999999947899e+00 2.916234909878077149e-03 3.297083765090000007e+00 3.744395654839519777e-02 2.916113736459279970e-03 1.987204651725592019e-01
3.469999999999947793e+00 2.920475405318766031e-03 3.297079524594558997e+00 3.744395653244751709e-02 2.920354057046937058e-03 1.987204650856133070e-01
3.474999999999948130e+00 2.924715994709863997e-03 3.297075284005166917e+00 3.744395651769359679e-02 2.924594471585106881e-03 1.987204649963872916e-01
3.479999999999948024e+00 2.928956677805896833e-03 3.297071043322069794e+00 3.744395650400739184e-02 2.928834979828209839e-03 1.987204649099869047e-01
3.484999999999947917e+00 2.933197454752099927e-03 3.297066802545124187e+00 3.744395649129424186e-02 2.933075581921463105e-03 1.987204648272830054e-01
3.489999999999947811e+00 2.937438325532780101e-03 3.297062561674342973e+00 3.744395647946410777e-02 2.937316277849210799e-03 1.987204647418807091e-01
3.494999999999948148e+00 2.941679290353235807e-03 3.297058320709521873e+00 3.744395646844036335e-02 2.941557067816847216e-03 1.987204646551287979e-01
3.499999999999948042e+00 2.945920349056334060e-03 3.297054079650818981e+00 3.744395645815538909e-02 2.945797951667162174e-03 1.987204645683403048e-01
3.504999999999947047e+00 2.950161501783585792e-03 3.297049838498092189e+00 3.744395644853720784e-02 2.950038929541598954e-03 1.987204644797100905e-01
3.509999999999946940e+00 2.954402748337962847e-03 3.297045597251536897e+00 3.744395643954070291e-02 2.954280001243203991e-03 1.987204643973946028e-01
3.514999999999946834e+00 2.958644089001271921e-03 3.297041355910872884e+00 3.744395643110733779e-02 2.958521167053751021e-03 1.987204643100579926e-01
3.519999999999947171e+00 2.962885523739391871e-03 3.297037114476136122e+00 3.744395642319654077e-02 2.962762426939268955e-03 1.987204642202695104e-01
3.524999999999947065e+00 2.967127052326666830e-03 3.297032872947548210e+00 3.744395641576780259e-02 2.967003780673826974e-03 1.987204641378977898e-01
3.529999999999946958e+00 2.971368675132622823e-03 3.297028631324740999e+00 3.744395640878502712e-02 2.971245228627128043e-03 1.987204640477664985e-01
3.534999999999946851e+00 2.975610391939345189e-03 3.297024389607933870e+00 3.744395640221222926e-02 2.975486770581237117e-03 1.987204639637951964e-01
3.539999999999947189e+00 2.979852202883099058e-03 3.297020147796990042e+00 3.744395639602234038e-02 2.979728406672487850e-03 1.987204638762110898e-01
3.544999999999947082e+00 2.984094107868825053e-03 3.297015905892004994e+00 3.744395639018385791e-02 2.983970136805624840e-03 1.987204637910250093e-01
3.549999999999946976e+00 2.988336107026869862e-03 3.297011663892845945e+00 3.744395638467872683e-02 2.988211961111097992e-03 1.987204637045175137e-01
3.554999999999945981e+00 2.992578200250790854e-03 3.297007421799622140e+00 3.744395637947994099e-02 2.992453879482547940e-03 1.987204636188059093e-01
3.559999999999945874e+00 2.996820387700840048e-03 3.297003179612171042e+00 3.744395637456497672e-02 2.996695892080181167e-03 1.987204635308169876e-01
3.564999999999946212e+00 3.001062669240076204e-03 3.296998937330632096e+00 3.744395636991580678e-02 3.000937998766994852e-03 1.987204634493331956e-01
3.569999999999946105e+00 3.005305045072348847e-03 3.296994694954798799e+00 3.744395636551445250e-02 3.005180199746825941e-03 1.987204633590841929e-01
3.574999999999945999e+00 3.009547514964809947e-03 3.296990452484906964e+00 3.744395636135180311e-02 3.009422494786861968e-03 1.987204632775924074e-01
3.579999999999945892e+00 3.013790079246354836e-03 3.296986209920624855e+00 3.744395635740539741e-02 3.013664884216061147e-03 1.987204631893446927e-01
3.584999999999945786e+00 3.018032737599138805e-03 3.296981967262273105e+00 3.744395635366622871e-02 3.017907367716566192e-03 1.987204631029327040e-01
3.589999999999946123e+00 3.022275490304550914e-03 3.296977724509567054e+00 3.744395635011629753e-02 3.022149945569597030e-03 1.987204630162681118e-01
3.594999999999946017e+00 3.026518337339482046e-03 3.296973481662532013e+00 3.744395634675105194e-02 3.026392617752283066e-03 1.987204629272613932e-01
3.599999999999945022e+00 3.030761278447276826e-03 3.296969238721422890e+00 3.744395634355249247e-02 3.030635384007828847e-03 1.987204628414649121e-01
3.604999999999944915e+00 3.035004313928790949e-03 3.296964995685942146e+00 3.744395634051163324e-02 3.034878244637106981e-03 1.987204627557589975e-01
3.609999999999944809e+00 3.039247443686069784e-03 3.296960752556183927e+00 3.744395633762841874e-02 3.039121199542194063e-03 1.987204626719112910e-01
3.614999999999945146e+00 3.043490667786450960e-03 3.296956509332083840e+00 3.744395633488487030e-02 3.043364248790370041e-03 1.987204625885584108e-01
3.619999999999945040e+00 3.047733986192430189e-03 3.296952266013677857e+00 3.744395633227647763e-02 3.047607392344219967e-03 1.987204625017723880e-01
3.624999999999944933e+00 3.051977399030617131e-03 3.296948022600839856e+00 3.744395632979870270e-02 3.051850630330199977e-03 1.987204624135248121e-01
3.629999999999944826e+00 3.056220906063996951e-03 3.296943779093806093e+00 3.744395632743809793e-02 3.056093962511496898e-03 1.987204623273156889e-01
