# vcm_v=1.485
# vin_v vout_v m6_vds_v m6_vdsat_v m7_vds_v m7_vdsat_v
0.000000000000000000e+00 2.942806804032056966e+00 2.719095172030571925e-02 1.094471881102023980e+00 2.942802446297004160e+00 2.493318145289555865e-01
5.000000000000000104e-03 2.942567067098921907e+00 2.743068877421305993e-02 1.083285900339242991e+00 2.942562709398905962e+00 2.493318145330017943e-01
1.000000000000000021e-02 2.942207332628346883e+00 2.779042338218618013e-02 1.066966992261560998e+00 2.942202974980875130e+00 2.493318145456873969e-01
1.499999999999999944e-02 2.941413184771528133e+00 2.858457143653359012e-02 1.032911101732455927e+00 2.941408827239921031e+00 2.493318145644090877e-01
2.000000000000000042e-02 2.939443624719884074e+00 3.055413184781885852e-02 9.579971386196576288e-01 2.939439267474885042e+00 2.493318146169178906e-01
2.500000000000000139e-02 2.936411929887162042e+00 3.358582718503599907e-02 8.629681599684191351e-01 2.936407573081392108e+00 2.493318146887233966e-01
2.999999999999999889e-02 2.932808955830763065e+00 3.718880182100515325e-02 7.756790875323222867e-01 2.932804599543417989e+00 2.493318147845501043e-01
3.500000000000000333e-02 2.928893852706281997e+00 4.110390556384135863e-02 7.005476077470472740e-01 2.928889496978360985e+00 2.493318148779120058e-01
4.000000000000000083e-02 2.924753679322008804e+00 4.524407959259323792e-02 6.375784471172725176e-01 2.924749324181199039e+00 2.493318149855660026e-01
4.499999999999999833e-02 2.920449996662530801e+00 4.954776291377571695e-02 5.850153896951713062e-01 2.920445642127161179e+00 2.493318150892107898e-01
5.000000000000000278e-02 2.916023218476663903e+00 5.397454177273974807e-02 5.409995829640463771e-01 2.916018864558930002e+00 2.493318152041658908e-01
5.499999999999999334e-02 2.911501491460578794e+00 5.849626946926277798e-02 5.039147632268473620e-01 2.911497138168419152e+00 2.493318153201866949e-01
5.999999999999999084e-02 2.906905131832485889e+00 6.309262978222474061e-02 4.724467511742259096e-01 2.906900779170773053e+00 2.493318154316840896e-01
6.499999999999998834e-02 2.902249181044984194e+00 6.774858125688609789e-02 4.455509506249750173e-01 2.902244829016344951e+00 2.493318155513545020e-01
6.999999999999999278e-02 2.897544996185720034e+00 7.245276680400403180e-02 4.224024076346862278e-01 2.897540644791101183e+00 2.493318156656028906e-01
7.499999999999999722e-02 2.892801293630960835e+00 7.719647004609742069e-02 4.023489730521969121e-01 2.892796942870031085e+00 2.493318157873387064e-01
8.000000000000000167e-02 2.888024857979594184e+00 8.197290638335186230e-02 3.848726694465456899e-01 2.888020507851047025e+00 2.493318159029118131e-01
8.500000000000000611e-02 2.883221037832400135e+00 8.677672721426610281e-02 3.695593892551802817e-01 2.883216688334170996e+00 2.493318160242067039e-01
9.000000000000001055e-02 2.878394097525712070e+00 9.160366820195164905e-02 3.560756044320628755e-01 2.878389748655150182e+00 2.493318161470970129e-01
9.500000000000001499e-02 2.873547472677528969e+00 9.645029372796676270e-02 3.441506108017018950e-01 2.873543124431519047e+00 2.493318162627151946e-01
1.000000000000000056e-01 2.868683958741252038e+00 1.013138083385669991e-01 3.335629949889876156e-01 2.868679611116316863e+00 2.493318163867717929e-01
1.049999999999999961e-01 2.863805849140080184e+00 1.061919186102806972e-01 3.241302831957407204e-01 2.863801502132452992e+00 2.493318165078489135e-01
1.100000000000000006e-01 2.858915043216140095e+00 1.110827252007685062e-01 3.157009952345137815e-01 2.858910696821829855e+00 2.493318166274156866e-01
1.150000000000000050e-01 2.854013124600445206e+00 1.159846444788473069e-01 3.081484911945641114e-01 2.854008778815282810e+00 2.493318167539667063e-01
1.199999999999999956e-01 2.849101424724926002e+00 1.208963450124543038e-01 3.013661854766462866e-01 2.849097079544602895e+00 2.493318168769106113e-01
1.250000000000000000e-01 2.844181070360059849e+00 1.258167000310103922e-01 2.952637897901617126e-01 2.844176725780159121e+00 2.493318169990106914e-01
1.300000000000000044e-01 2.839253021597766935e+00 1.307447494425177936e-01 2.897643464372858246e-01 2.839248677613786853e+00 2.493318171186303944e-01
1.350000000000000089e-01 2.834318101656727151e+00 1.356796700282366097e-01 2.848018673995986183e-01 2.834313758264102923e+00 2.493318172419596024e-01
1.400000000000000133e-01 2.829377021469630105e+00 1.406207508554362107e-01 2.803194426534437733e-01 2.829372678663752971e+00 2.493318173618621070e-01
1.449999999999999900e-01 2.824430397845154150e+00 1.455673751154095974e-01 2.762677134171906967e-01 2.824426055621385157e+00 2.493318174832530876e-01
1.499999999999999944e-01 2.819478769568059207e+00 1.505190040233750082e-01 2.726036329835337946e-01 2.819474427921735860e+00 2.493318176067179925e-01
1.550000000000001099e-01 2.814522610467848907e+00 1.554751637498262007e-01 2.692894527858976095e-01 2.814518269394302052e+00 2.493318177297693117e-01
1.600000000000000866e-01 2.809562338929854075e+00 1.604354359094281868e-01 2.662918900718411752e-01 2.809557998424411007e+00 2.493318178524880913e-01
1.650000000000000910e-01 2.804598327043143158e+00 1.653994484131197928e-01 2.635814387505742151e-01 2.804593987101135166e+00 2.493318179745160901e-01
1.700000000000000955e-01 2.799630907136430924e+00 1.703668689321946872e-01 2.611317974205619175e-01 2.799626567753202178e+00 2.493318181011157098e-01
1.750000000000000999e-01 2.794660378933974787e+00 1.753373977424153018e-01 2.589193929776588132e-01 2.794656040104884998e+00 2.493318182167846009e-01
1.800000000000001044e-01 2.789687012466966820e+00 1.803107648126064944e-01 2.569229821754738241e-01 2.789682674187393019e+00 2.493318183437130131e-01
1.850000000000001088e-01 2.784711054563327792e+00 1.852867233148733916e-01 2.551233184201848192e-01 2.784706716828673212e+00 2.493318184631899970e-01
1.900000000000001132e-01 2.779732729372560218e+00 1.902650490997382093e-01 2.535028740434505101e-01 2.779728392178253848e+00 2.493318185872575865e-01
1.950000000000000899e-01 2.774752244730616990e+00 1.952455343312755887e-01 2.520456106918929073e-01 2.774747908072114910e+00 2.493318187110193096e-01
2.000000000000000944e-01 2.769769790777206975e+00 2.002279888698068888e-01 2.507367882098426870e-01 2.769765454649999015e+00 2.493318188358172038e-01
2.050000000000000988e-01 2.764785544640302017e+00 2.052122355873984005e-01 2.495628112796058895e-01 2.764781209039909982e+00 2.493318189595503942e-01
2.100000000000001033e-01 2.759799670213758827e+00 2.101981105902223923e-01 2.485111066532889046e-01 2.759795335135739158e+00 2.493318190822771951e-01
2.150000000000001077e-01 2.754812320362526989e+00 2.151854610133651924e-01 2.475700258080192895e-01 2.754807985802471215e+00 2.493318192025447966e-01
2.200000000000001121e-01 2.749823636889610956e+00 2.201741450538619027e-01 2.467287715353236877e-01 2.749819302843150126e+00 2.493318193272311134e-01
2.250000000000000888e-01 2.744833751870897842e+00 2.251640306358617949e-01 2.459773420323924098e-01 2.744829418333702975e+00 2.493318194449649916e-01
2.300000000000000933e-01 2.739842787505696986e+00 2.301549955600946107e-01 2.453064898024150953e-01 2.739838454473475959e+00 2.493318195658731085e-01
2.350000000000000977e-01 2.734850857325342943e+00 2.351469262952682882e-01 2.447076894935009961e-01 2.734846524793844935e+00 2.493318196924849128e-01
2.400000000000001021e-01 2.729858065019839852e+00 2.401397191514144935e-01 2.441731122443210888e-01 2.729853732984858006e+00 2.493318198114160000e-01
2.450000000000001066e-01 2.724864506116205121e+00 2.451332786015631982e-01 2.436956021504690095e-01 2.724860174573572991e+00 2.493318199336601038e-01
2.500000000000001110e-01 2.719870267562725985e+00 2.501275176974652736e-01 2.432686521328855100e-01 2.719865936508322868e+00 2.493318200569419885e-01
2.550000000000001155e-01 2.714875428030464111e+00 2.551223577681053789e-01 2.428863775464399077e-01 2.714871097460211047e+00 2.493318201843069126e-01
2.600000000000001199e-01 2.709880058293219207e+00 2.601177280397273250e-01 2.425434864055429074e-01 2.709875728203085199e+00 2.493318203010564948e-01
2.650000000000001243e-01 2.704884221808275147e+00 2.651135650550910938e-01 2.422352457290253003e-01 2.704879892194271829e+00 2.493318204247194914e-01
2.700000000000000733e-01 2.699887975315884869e+00 2.701098120739873210e-01 2.419574443016611065e-01 2.699883646174071838e+00 2.493318205466129034e-01
2.750000000000000777e-01 2.694891368478359084e+00 2.751064194341524272e-01 2.417063532450091090e-01 2.694887039804839901e+00 2.493318206704296103e-01
2.800000000000000822e-01 2.689894446075796974e+00 2.801033423555305824e-01 2.414786846894333983e-01 2.689890117866724939e+00 2.493318207943696907e-01
2.850000000000000866e-01 2.684897246539691196e+00 2.851005424066785920e-01 2.412715507212709887e-01 2.684892918791264016e+00 2.493318209139006036e-01
2.900000000000000910e-01 2.679899804061641078e+00 2.900979853960405919e-01 2.410824228116658086e-01 2.679895476770103979e+00 2.493318210393835055e-01
2.950000000000002065e-01 2.674902148415653880e+00 2.950956415496511220e-01 2.409090927051459885e-01 2.674897821577300050e+00 2.493318211637046977e-01
3.000000000000002109e-01 2.669904305266201039e+00 3.000934852030935907e-01 2.407496352139062989e-01 2.669899978877368962e+00 2.493318212809587098e-01
3.050000000000002154e-01 2.664906297640591948e+00 3.050914933290980180e-01 2.406023751270751909e-01 2.664901971697668959e+00 2.493318214082229090e-01
3.100000000000002198e-01 2.659908144761217841e+00 3.100896467053195771e-01 2.404658556220385102e-01 2.659903819260637903e+00 2.493318215259315018e-01
3.150000000000002243e-01 2.654909864097013905e+00 3.150879278628707092e-01 2.403388104907822065e-01 2.654905539035258055e+00 2.493318216478841998e-01
3.200000000000001732e-01 2.649911470262296120e+00 3.200863221874810094e-01 2.402201392452366080e-01 2.649907145635891137e+00 2.493318217732597986e-01
3.250000000000001776e-01 2.644912976096037038e+00 3.250848168402212246e-01 2.401088851364887033e-01 2.644908651901558105e+00 2.493318218908442130e-01
3.300000000000001821e-01 2.639914393025065920e+00 3.300834003943093897e-01 2.400042158222510935e-01 2.639910069259130854e+00 2.493318220171477084e-01
3.350000000000001865e-01 2.634915730680219781e+00 3.350820632189535075e-01 2.399054064150356047e-01 2.634911407339497025e+00 2.493318221364188014e-01
3.400000000000001910e-01 2.629916997921569077e+00 3.400807964541253114e-01 2.398118250660024042e-01 2.629912675002771039e+00 2.493318222619020919e-01
3.450000000000001954e-01 2.624918201644745874e+00 3.450795932042400871e-01 2.397229199968138880e-01 2.624913879144631146e+00 2.493318223797970079e-01
3.500000000000001998e-01 2.619919348770352041e+00 3.500784465487400965e-01 2.396382088288518952e-01 2.619915026685723181e+00 2.493318225075742134e-01
3.550000000000002043e-01 2.614920445038166008e+00 3.550773507478877100e-01 2.395572689871381111e-01 2.614916123365869094e+00 2.493318226265011928e-01
3.600000000000002087e-01 2.609921495367061084e+00 3.600763008828545275e-01 2.394797297610899989e-01 2.609917174103990156e+00 2.493318227463253989e-01
3.650000000000002132e-01 2.604922503885362062e+00 3.650752928253608864e-01 2.394052648880007905e-01 2.604918183028453793e+00 2.493318228721188023e-01
3.700000000000002176e-01 2.599923474999841222e+00 3.700743221686769169e-01 2.393335873127810931e-01 2.599919154546078026e+00 2.493318229902941052e-01
3.750000000000002220e-01 2.594924411695402000e+00 3.750733859279358207e-01 2.392644435501266875e-01 2.594920091641807147e+00 2.493318231113763883e-01
3.800000000000002265e-01 2.589925317135907790e+00 3.800724809393253856e-01 2.391976090317027015e-01 2.589920997479548959e+00 2.493318232384847122e-01
3.850000000000001754e-01 2.584926194204883121e+00 3.850716043193576077e-01 2.391328850738304035e-01 2.584921874942871067e+00 2.493318233602561940e-01
3.900000000000001799e-01 2.579927044791404001e+00 3.900707541789993904e-01 2.390700947646204888e-01 2.579922725920892113e+00 2.493318234821894908e-01
3.950000000000001843e-01 2.574927871657408218e+00 3.950699277563520795e-01 2.390090810696512968e-01 2.574923553175592073e+00 2.493318236042675051e-01
4.000000000000001887e-01 2.569928676419693137e+00 4.000691234346622771e-01 2.389497033779242885e-01 2.569924358323807834e+00 2.493318237267045101e-01
4.050000000000001932e-01 2.564929460706081965e+00 4.050683395861435776e-01 2.388918361160232984e-01 2.564925142993407903e+00 2.493318238506750939e-01
4.100000000000003086e-01 2.559930225940235005e+00 4.100675747871806998e-01 2.388353668553576947e-01 2.559925908608089884e+00 2.493318239670163083e-01
4.150000000000003131e-01 2.554930973840896957e+00 4.150668273190625257e-01 2.387801944750173044e-01 2.554926656886641112e+00 2.493318240906514105e-01
4.200000000000003175e-01 2.549931705335382048e+00 4.200660962545175181e-01 2.387262279188137049e-01 2.549927388756415780e+00 2.493318242139493102e-01
4.250000000000003220e-01 2.544932421756981977e+00 4.250653802602943898e-01 2.386733851079705093e-01 2.544928105550745112e+00 2.493318243382953991e-01
4.300000000000003264e-01 2.539933123880957044e+00 4.300646785611688117e-01 2.386215919613041969e-01 2.539928808044928044e+00 2.493318244617090951e-01
4.350000000000002753e-01 2.534933812741314796e+00 4.350639901231728168e-01 2.385707812029201902e-01 2.534929497273015198e+00 2.493318245774225894e-01
4.400000000000002798e-01 2.529934488987975794e+00 4.400633142964215927e-01 2.385208917855808908e-01 2.529930173884962219e+00 2.493318246991038933e-01
4.450000000000002842e-01 2.524935153808883115e+00 4.450626498930140840e-01 2.384718682940449030e-01 2.524930839068750821e+00 2.493318248210628085e-01
4.500000000000002887e-01 2.519935807511330950e+00 4.500619966056866872e-01 2.384236601324729865e-01 2.519931493131712941e+00 2.493318249434658962e-01
4.550000000000002931e-01 2.514936450652526911e+00 4.550613538772734223e-01 2.383762210993136121e-01 2.514932136631096160e+00 2.493318250674148029e-01
4.600000000000002975e-01 2.509937084142392916e+00 4.600607207978892887e-01 2.383295088866672906e-01 2.509932770476857034e+00 2.493318251910205952e-01
4.650000000000003020e-01 2.504937708207108926e+00 4.650600971413871854e-01 2.382834849309622138e-01 2.504933394895214160e+00 2.493318253160498876e-01
4.700000000000003064e-01 2.499938323591293976e+00 4.700594821631853826e-01 2.382381134330998074e-01 2.499934010630822989e+00 2.493318254347562102e-01
4.750000000000003109e-01 2.494938930561091173e+00 4.750588755971766886e-01 2.381933617718093865e-01 2.494934617949860822e+00 2.493318255604662914e-01
4.800000000000003153e-01 2.489939529620841085e+00 4.800582769390536186e-01 2.381491996951858869e-01 2.489935217356705976e+00 2.493318256809362865e-01
4.850000000000003197e-01 2.484940120914898909e+00 4.850576860444975047e-01 2.381055993016696071e-01 2.484935808995750950e+00 2.493318257993900888e-01
4.900000000000003242e-01 2.479940705121492783e+00 4.900571022353151229e-01 2.380625348019465015e-01 2.479936393545254081e+00 2.493318259210043075e-01
4.950000000000002731e-01 2.474941282326141856e+00 4.950565254260164139e-01 2.380199824008429055e-01 2.474936971090770932e+00 2.493318260499166883e-01
5.000000000000003331e-01 2.469941852886848199e+00 5.000559552586394396e-01 2.379779197741153929e-01 2.469937541990339991e+00 2.493318261720834927e-01
5.050000000000003375e-01 2.464942417262875995e+00 5.050553912739488283e-01 2.379363262579050065e-01 2.464938106703257858e+00 2.493318262909723082e-01
5.100000000000003419e-01 2.459942975277499055e+00 5.100548336487027434e-01 2.378951826765421940e-01 2.459938665052832096e+00 2.493318264102649118e-01
5.150000000000003464e-01 2.454943527763617794e+00 5.150542815500394056e-01 2.378544709935979107e-01 2.454939217871995982e+00 2.493318265329886874e-01
5.200000000000003508e-01 2.449944074395717042e+00 5.200537353034997423e-01 2.378141744837297955e-01 2.449939764835268097e+00 2.493318266579749032e-01
5.250000000000003553e-01 2.444944615807941091e+00 5.250531942749736558e-01 2.377742775076024107e-01 2.444940306576823819e+00 2.493318267784664088e-01
5.300000000000003597e-01 2.439945151870916096e+00 5.300526585938669655e-01 2.377347652031444047e-01 2.439940842967322165e+00 2.493318269060134929e-01
5.350000000000003642e-01 2.434945683096970015e+00 5.350521277478814675e-01 2.376956237746777056e-01 2.434941374519123958e+00 2.493318270237465106e-01
5.400000000000003686e-01 2.429946209459587170e+00 5.400516017635657029e-01 2.376568402994322093e-01 2.429941901205741939e+00 2.493318271446327006e-01
5.450000000000003730e-01 2.424946730977382003e+00 5.450510806223327620e-01 2.376184024946652873e-01 2.424942423045825191e+00 2.493318272712307937e-01
5.500000000000003775e-01 2.419947248141510965e+00 5.500505638330568381e-01 2.375802988327989085e-01 2.419942940530559916e+00 2.493318273901445059e-01
5.550000000000003819e-01 2.414947760849798897e+00 5.550500514979468392e-01 2.375425182816225111e-01 2.414943453557799824e+00 2.493318275122639038e-01
5.600000000000003864e-01 2.409948269224770012e+00 5.600495434945025330e-01 2.375050507335715877e-01 2.409943962250100213e+00 2.493318276347747942e-01
5.650000000000003908e-01 2.404948773814879814e+00 5.650490392743003909e-01 2.374678862793939138e-01 2.404944467155945009e+00 2.493318277581695885e-01
5.700000000000003952e-01 2.399949274071503158e+00 5.700485393859957561e-01 2.374310157137567989e-01 2.399944967726741041e+00 2.493318278851975045e-01
5.750000000000003997e-01 2.394949770732126115e+00 5.750480430921252051e-01 2.373944302950264928e-01 2.394945464700001025e+00 2.493318280068745063e-01
5.800000000000004041e-01 2.389950263646796191e+00 5.800475505426740952e-01 2.373581216696425134e-01 2.389945957925801778e+00 2.493318281275299919e-01
5.850000000000004086e-01 2.384950752945456998e+00 5.850470616077259045e-01 2.373220818117804942e-01 2.384946447534117109e+00 2.493318282494801919e-01
5.900000000000004130e-01 2.379951238677676884e+00 5.900465762377384848e-01 2.372863032365878921e-01 2.379946933574539791e+00 2.493318283735641017e-01
5.950000000000004174e-01 2.374951720908284880e+00 5.950460943679107828e-01 2.372507787052444972e-01 2.374947416111929943e+00 2.493318284980683974e-01
6.000000000000004219e-01 2.369952199763503131e+00 6.000456158720477440e-01 2.372155013558062131e-01 2.369947895272535021e+00 2.493318286191091027e-01
6.050000000000004263e-01 2.364952675318307218e+00 6.050451406751995442e-01 2.371804644979126075e-01 2.364948371131356808e+00 2.493318287428266944e-01
6.100000000000004308e-01 2.359953148104807052e+00 6.100446682452811409e-01 2.371456620302551110e-01 2.359948844220534969e+00 2.493318288676074912e-01
6.150000000000004352e-01 2.354953617433694024e+00 6.150441992716291217e-01 2.371110878044047077e-01 2.354949313850783099e+00 2.493318289909559893e-01
6.200000000000004396e-01 2.349954083979212793e+00 6.200437330800210312e-01 2.370767360655844092e-01 2.349949780696376056e+00 2.493318291111872032e-01
6.250000000000004441e-01 2.344954547341047135e+00 6.250432700708041800e-01 2.370426012840279040e-01 2.344950244357018931e+00 2.493318292334421871e-01
6.300000000000004485e-01 2.339955007940091036e+00 6.300428098231032337e-01 2.370086780591504072e-01 2.339950705253635022e+00 2.493318293598217883e-01
6.350000000000004530e-01 2.334955466008353131e+00 6.350423521049375353e-01 2.369749613702601121e-01 2.334951163618256054e+00 2.493318294804567903e-01
6.400000000000004574e-01 2.329955920990527840e+00 6.400418974716335363e-01 2.369414463708373053e-01 2.329951618895602206e+00 2.493318296040754889e-01
6.450000000000004619e-01 2.324956373579738056e+00 6.450414452300972101e-01 2.369081280476378060e-01 2.324952071778819018e+00 2.493318297290113006e-01
6.500000000000004663e-01 2.319956823419374814e+00 6.500409957369570613e-01 2.368750021269429018e-01 2.319952521911322840e+00 2.493318298530068922e-01
6.550000000000004707e-01 2.314957270780297005e+00 6.550405487213777356e-01 2.368420641061594889e-01 2.314952969563996099e+00 2.493318299758474910e-01
6.600000000000004752e-01 2.309957715600575057e+00 6.600401042453145628e-01 2.368093097090475108e-01 2.309953414674933203e+00 2.493318300950382038e-01
6.650000000000004796e-01 2.304958158050823158e+00 6.650396621381737816e-01 2.367767348198887012e-01 2.304953857414770102e+00 2.493318302200147052e-01
6.700000000000004841e-01 2.299958597949625982e+00 6.700392225813920355e-01 2.367443356095139950e-01 2.299954297602115005e+00 2.493318303409129133e-01
6.750000000000004885e-01 2.294959035799621017e+00 6.750387850723567063e-01 2.367121080095211938e-01 2.294954735739628937e+00 2.493318304691491127e-01
6.800000000000004929e-01 2.289959471408507863e+00 6.800383498033872876e-01 2.366800485985731117e-01 2.289955171635031927e+00 2.493318305879166086e-01
6.850000000000004974e-01 2.284959904718959933e+00 6.850379168318356804e-01 2.366481535526601954e-01 2.284955605231020925e+00 2.493318307108784992e-01
6.900000000000005018e-01 2.279960335616947997e+00 6.900374862717457702e-01 2.366164195881911014e-01 2.279956036413588016e+00 2.493318308367261094e-01
6.950000000000005063e-01 2.274960764517715006e+00 6.950370577079025836e-01 2.365848431918259054e-01 2.274956465597996136e+00 2.493318309593400006e-01
7.000000000000005107e-01 2.269961191589857208e+00 7.000366309717263036e-01 2.365534211897740990e-01 2.269956892952862848e+00 2.493318310866227128e-01
7.050000000000005151e-01 2.264961616395992916e+00 7.050362065006194889e-01 2.365221504004869912e-01 2.264957318040830003e+00 2.493318312101968914e-01
7.100000000000005196e-01 2.259962039330475125e+00 7.100357839002500171e-01 2.364910276860099914e-01 2.259957741256267028e+00 2.493318313312561096e-01
7.150000000000005240e-01 2.254962460088108855e+00 7.150353634758315202e-01 2.364600501332640992e-01 2.254958162294002921e+00 2.493318314561666083e-01
7.200000000000005285e-01 2.249962879145186889e+00 7.200349447510903111e-01 2.364292148987660047e-01 2.249958581630347787e+00 2.493318315784519013e-01
7.250000000000005329e-01 2.244963296170567002e+00 7.250345280571885986e-01 2.363985189927204078e-01 2.244958998934179828e+00 2.493318316987483130e-01
7.300000000000005373e-01 2.239963711382188194e+00 7.300341131762086988e-01 2.363679597793230946e-01 2.239959414423457140e+00 2.493318318228097130e-01
7.350000000000005418e-01 2.234964124907775851e+00 7.350336999804394367e-01 2.363375346131675880e-01 2.234959828225925094e+00 2.493318319497853930e-01
7.400000000000005462e-01 2.229964536513933115e+00 7.400332887032980977e-01 2.363072408388743884e-01 2.229960240108201930e+00 2.493318320747837102e-01
7.450000000000005507e-01 2.224964946406998934e+00 7.450328791384648319e-01 2.362770759172541923e-01 2.224960650276651020e+00 2.493318321963109985e-01
7.500000000000005551e-01 2.219965354742158059e+00 7.500324711307713166e-01 2.362470374689011887e-01 2.219961058886469996e+00 2.493318323193687014e-01
7.550000000000005596e-01 2.214965761109453979e+00 7.550320650901896080e-01 2.362171230471661887e-01 2.214961465527724105e+00 2.493318324448771939e-01
7.600000000000005640e-01 2.209966166027697909e+00 7.600316604979306945e-01 2.361873302423964927e-01 2.209961870719240995e+00 2.493318325718414941e-01
7.650000000000005684e-01 2.204966569553902911e+00 7.650312572969948377e-01 2.361576569169462902e-01 2.204962274518051046e+00 2.493318326925673123e-01
7.700000000000005729e-01 2.199966971119010850e+00 7.700308560564579352e-01 2.361281007490401984e-01 2.199962676355112112e+00 2.493318328206527990e-01
7.750000000000005773e-01 2.194967371300663217e+00 7.750304561986949281e-01 2.360986595980230918e-01 2.194963076808083002e+00 2.493318329450301130e-01
7.800000000000005818e-01 2.189967770078056208e+00 7.800300577445273831e-01 2.360693313609079913e-01 2.189963475856179009e+00 2.493318330671804028e-01
7.850000000000005862e-01 2.184968167124623051e+00 7.850296610205327319e-01 2.360401139279565963e-01 2.184963873172847126e+00 2.493318331872484972e-01
7.900000000000005906e-01 2.179968562791713804e+00 7.900292656753822307e-01 2.360110053321826107e-01 2.179964269109455177e+00 2.493318333168594025e-01
7.950000000000005951e-01 2.174968956946941034e+00 7.950288718414793010e-01 2.359820035553600037e-01 2.174964663533629050e+00 2.493318334359826971e-01
8.000000000000005995e-01 2.169969349728659846e+00 8.000284793804817163e-01 2.359531066663068943e-01 2.169965056583742946e+00 2.493318335628821880e-01
8.050000000000006040e-01 2.164969741303707007e+00 8.050280881255651444e-01 2.359243129161583963e-01 2.164965448426646955e+00 2.493318336847070993e-01
8.100000000000006084e-01 2.159970131339945976e+00 8.100276984088847776e-01 2.358956202827819926e-01 2.159965838730219190e+00 2.493318338107708976e-01
8.150000000000006128e-01 2.154970519943788076e+00 8.150273101240426143e-01 2.358670270829610893e-01 2.154966227600886963e+00 2.493318339356390134e-01
8.200000000000006173e-01 2.149970907464194170e+00 8.200269229220924494e-01 2.358385315126345916e-01 2.149966615387625790e+00 2.493318340650468035e-01
8.250000000000006217e-01 2.144971293423055148e+00 8.250265372811558251e-01 2.358101319537994900e-01 2.144967001612341218e+00 2.493318341846209041e-01
8.300000000000006262e-01 2.139971678405402145e+00 8.300261526162180381e-01 2.357818265675039049e-01 2.139967386860078147e+00 2.493318343139226956e-01
8.350000000000006306e-01 2.134972061928522180e+00 8.350257694100018391e-01 2.357536137992226888e-01 2.134967770648136920e+00 2.493318344393878894e-01
8.400000000000006350e-01 2.129972444258839914e+00 8.400253873961012197e-01 2.357254920073882098e-01 2.129968153242958184e+00 2.493318345630599897e-01
8.450000000000006395e-01 2.124972825517260855e+00 8.450250064536177774e-01 2.356974596916102116e-01 2.124968534765458994e+00 2.493318346872493985e-01
8.500000000000006439e-01 2.119973205518022041e+00 8.500246267683335688e-01 2.356695152691671014e-01 2.119968915029888823e+00 2.493318348114982874e-01
8.550000000000006484e-01 2.114973584216385927e+00 8.550242483849923580e-01 2.356416572166651069e-01 2.114969293991526111e+00 2.493318349345970963e-01
8.600000000000006528e-01 2.109973961907940065e+00 8.600238710080256865e-01 2.356138840427068892e-01 2.109969671945969072e+00 2.493318350587332977e-01
8.650000000000006573e-01 2.104974338549141066e+00 8.650234946809831627e-01 2.355861944069027047e-01 2.104970048849685860e+00 2.493318351839191038e-01
8.700000000000006617e-01 2.099974713913411950e+00 8.700231196304590853e-01 2.355585867353089113e-01 2.099970424476115038e+00 2.493318353118499087e-01
8.750000000000006661e-01 2.094975088338002944e+00 8.750227455192098880e-01 2.355310597669585948e-01 2.094970799162518826e+00 2.493318354366103051e-01
8.800000000000006706e-01 2.089975461808422086e+00 8.800223723617444094e-01 2.355036120816325906e-01 2.089971172894415030e+00 2.493318355594504043e-01
8.850000000000006750e-01 2.084975833782265919e+00 8.850220007004727663e-01 2.354762424044772040e-01 2.084971545129413073e+00 2.493318356877624042e-01
8.900000000000006795e-01 2.079976204993727151e+00 8.900216298012164629e-01 2.354489494059734955e-01 2.079971916601717208e+00 2.493318358131408063e-01
8.950000000000006839e-01 2.074976575215770946e+00 8.950212598910201045e-01 2.354217317519116115e-01 2.074972287084304146e+00 2.493318359379239901e-01
9.000000000000006883e-01 2.069976944548216125e+00 9.000208908700764177e-01 2.353945882601118089e-01 2.069972656677002920e+00 2.493318360672185097e-01
9.050000000000006928e-01 2.064977312753172090e+00 9.050205229762871006e-01 2.353675176968502980e-01 2.064973025141934926e+00 2.493318361923692883e-01
9.100000000000006972e-01 2.059977679975077081e+00 9.100201560652205757e-01 2.353405189025050137e-01 2.059973392623549948e+00 2.493318363130521131e-01
9.150000000000007017e-01 2.054978046287089910e+00 9.150197900637335735e-01 2.353135905794458971e-01 2.054973759195016125e+00 2.493318364431202916e-01
9.200000000000007061e-01 2.049978411658742061e+00 9.200194250023008280e-01 2.352867316971377076e-01 2.049974124825876043e+00 2.493318365681246873e-01
9.250000000000007105e-01 2.044978776006075805e+00 9.250190609648911710e-01 2.352599410929951118e-01 2.044974489432180853e+00 2.493318366930951935e-01
9.300000000000007150e-01 2.039979139557317023e+00 9.300186977232889340e-01 2.352332175975160866e-01 2.039974853242168873e+00 2.493318368164054999e-01
9.350000000000007194e-01 2.034979502356521142e+00 9.350183352334480169e-01 2.352065602333588967e-01 2.034975216299902190e+00 2.493318369456913874e-01
9.400000000000007239e-01 2.029979863960534203e+00 9.400179739385303712e-01 2.351799678171543895e-01 2.029975578162240168e+00 2.493318370739709133e-01
9.450000000000007283e-01 2.024980224927957817e+00 9.450176132799432693e-01 2.351534393444157101e-01 2.024975939387791968e+00 2.493318371957795876e-01
9.500000000000007327e-01 2.019980584990094030e+00 9.500172535263975426e-01 2.351269738197508952e-01 2.019976299707868961e+00 2.493318373228279039e-01
9.550000000000007372e-01 2.014980944166381960e+00 9.550168946584594032e-01 2.351005701691414040e-01 2.014976659141919146e+00 2.493318374503117052e-01
9.600000000000007416e-01 2.009981302791572944e+00 9.600165363413855069e-01 2.350742275256038072e-01 2.009977018024704964e+00 2.493318375735067982e-01
9.650000000000007461e-01 2.004981660266707877e+00 9.650161791741451722e-01 2.350479448722737896e-01 2.004977375757272196e+00 2.493318377022896992e-01
9.700000000000007505e-01 1.999982017303409965e+00 9.700158224451229660e-01 2.350217212157235946e-01 1.999977733051256035e+00 2.493318378276226932e-01
9.750000000000007550e-01 1.994982373247524032e+00 9.750154668084818343e-01 2.349955556905639897e-01 1.994978089252507969e+00 2.493318379566558940e-01
9.800000000000007594e-01 1.989982728588757022e+00 9.800151117745226070e-01 2.349694472856186100e-01 1.989978444850744932e+00 2.493318380848099924e-01
9.850000000000007638e-01 1.984983083016117922e+00 9.850147576542447325e-01 2.349433951973868007e-01 1.984978799534985017e+00 2.493318382057692906e-01
9.900000000000007683e-01 1.979983436796032947e+00 9.900144041812299900e-01 2.349173985064980097e-01 1.979979153571657990e+00 2.493318383351927070e-01
9.950000000000007727e-01 1.974983789877341911e+00 9.950140514066438957e-01 2.348914564318078935e-01 1.974979506909616100e+00 2.493318384618501971e-01
1.000000000000001110e+00 1.969984142234125102e+00 1.000013699356415930e+00 2.348655679548392883e-01 1.969979859522944965e+00 2.493318385883226962e-01
1.005000000000001004e+00 1.964984493810391086e+00 1.005013348086543967e+00 2.348397323946601056e-01 1.964980211355660922e+00 2.493318387136438941e-01
1.010000000000000009e+00 1.959984844680604965e+00 1.010012997522568901e+00 2.348139488762998883e-01 1.959980562482237065e+00 2.493318388405930952e-01
1.014999999999999902e+00 1.954985194805090032e+00 1.015012647704176096e+00 2.347882166941454019e-01 1.954980912863004017e+00 2.493318389717394945e-01
1.020000000000000018e+00 1.949985544317029973e+00 1.020012298498186087e+00 2.347625349818275031e-01 1.949981262631151901e+00 2.493318390985098110e-01
1.024999999999999911e+00 1.944985893361661056e+00 1.025011949759371932e+00 2.347369028908997957e-01 1.944981611931924981e+00 2.493318392204474931e-01
1.030000000000000027e+00 1.939986241538179002e+00 1.030011601888541017e+00 2.347113198313288962e-01 1.939981960364524083e+00 2.493318393504435071e-01
1.034999999999999920e+00 1.934986589033655946e+00 1.035011254698632088e+00 2.346857849347550873e-01 1.934982308116030003e+00 2.493318394766428081e-01
1.040000000000000036e+00 1.929986936052614954e+00 1.040010907985122968e+00 2.346602976123965123e-01 1.929982655390972024e+00 2.493318396056553865e-01
1.044999999999999929e+00 1.924987282335961947e+00 1.045010562007117949e+00 2.346348569578874943e-01 1.924983001930262949e+00 2.493318397299275901e-01
1.050000000000000044e+00 1.919987628002558955e+00 1.050010216645758998e+00 2.346094624425097974e-01 1.919983347852769029e+00 2.493318398584785933e-01
1.054999999999999050e+00 1.914987973072185934e+00 1.055009871881271932e+00 2.345841132699479914e-01 1.914983693178277990e+00 2.493318399851887912e-01
1.059999999999998943e+00 1.909988317517786971e+00 1.060009527740719992e+00 2.345588088603446919e-01 1.909984037879739027e+00 2.493318401128430950e-01
1.064999999999999059e+00 1.904988661558888907e+00 1.065009184004579890e+00 2.345335484515833069e-01 1.904984382176688085e+00 2.493318402429051117e-01
1.069999999999998952e+00 1.899989004773374068e+00 1.070008841094973961e+00 2.345083314648638007e-01 1.899984725647009931e+00 2.493318403682502904e-01
1.074999999999999067e+00 1.894989347623152076e+00 1.075008498550001024e+00 2.344831572215874127e-01 1.894985068752619961e+00 2.493318404991413106e-01
1.079999999999998961e+00 1.889989689581681898e+00 1.080008156896204996e+00 2.344580251343638955e-01 1.889985410966986024e+00 2.493318406273984933e-01
1.084999999999999076e+00 1.884990031336200911e+00 1.085007815446354051e+00 2.344329345534424125e-01 1.884985752977347051e+00 2.493318407564316108e-01
1.089999999999998970e+00 1.879990372395013987e+00 1.090007474692149092e+00 2.344078849229443984e-01 1.879986094292015020e+00 2.493318408817077059e-01
1.094999999999999085e+00 1.874990712779265101e+00 1.095007134612449029e+00 2.343828755170040135e-01 1.874986434932141011e+00 2.493318410143998964e-01
1.099999999999998979e+00 1.869991052950694899e+00 1.100006794745520100e+00 2.343579059229840000e-01 1.869986775359467890e+00 2.493318411371578114e-01
1.104999999999997984e+00 1.864991392404419912e+00 1.105006455596247994e+00 2.343329754755530958e-01 1.864987115069117962e+00 2.493318412687496877e-01
1.109999999999998099e+00 1.859991731237017110e+00 1.110006117068063070e+00 2.343080836559804925e-01 1.859987454157673969e+00 2.493318413994101979e-01
1.114999999999997993e+00 1.854992069662217080e+00 1.115005778947238069e+00 2.342832298245733913e-01 1.854987792838872052e+00 2.493318415238696129e-01
1.119999999999998108e+00 1.849992407535808070e+00 1.120005441377986077e+00 2.342584135322303973e-01 1.849988130968504008e+00 2.493318416546574101e-01
1.124999999999998002e+00 1.844992745185435989e+00 1.125005104032670067e+00 2.342336341976875014e-01 1.844988468874221965e+00 2.493318417836324907e-01
1.129999999999997895e+00 1.839993082047556072e+00 1.130004767474835914e+00 2.342088913491403024e-01 1.839988805992482934e+00 2.493318419082254933e-01
1.134999999999998010e+00 1.834993418576118973e+00 1.135004431250538959e+00 2.341841844374729920e-01 1.834989142777244009e+00 2.493318420364938059e-01
1.139999999999997904e+00 1.829993754502424963e+00 1.140004095628480929e+00 2.341595129204968873e-01 1.829989478959809901e+00 2.493318421660876971e-01
1.144999999999998019e+00 1.824994090091025090e+00 1.145003760344114996e+00 2.341348763754441120e-01 1.824989814804736099e+00 2.493318423002431061e-01
1.149999999999997025e+00 1.819994425180823105e+00 1.150003425558542069e+00 2.341102742909391965e-01 1.819990150150929908e+00 2.493318424253788967e-01
1.154999999999996918e+00 1.814994759798252977e+00 1.155003091245333069e+00 2.340857061183412025e-01 1.814990485024829958e+00 2.493318425570094921e-01
1.159999999999997033e+00 1.809995093978556957e+00 1.160002757369245963e+00 2.340611715061061138e-01 1.809990819461682054e+00 2.493318426876902916e-01
1.164999999999996927e+00 1.804995427598157898e+00 1.165002424053863894e+00 2.340366698575883919e-01 1.804991153337913934e+00 2.493318428107872964e-01
1.169999999999997042e+00 1.799995761095203983e+00 1.170002090861040900e+00 2.340122008326915026e-01 1.799991487091676889e+00 2.493318429404365877e-01
1.174999999999996936e+00 1.794996093873350906e+00 1.175001758387123951e+00 2.339877639563107958e-01 1.794991820126631943e+00 2.493318430729626889e-01
1.179999999999997051e+00 1.789996426228015025e+00 1.180001426336702020e+00 2.339633587496147138e-01 1.789992152738197007e+00 2.493318432032941012e-01
1.184999999999996945e+00 1.784996758170279918e+00 1.185001094698693969e+00 2.339389848277078077e-01 1.784992484937460988e+00 2.493318433289999081e-01
1.189999999999997060e+00 1.779997089946562028e+00 1.190000763226686020e+00 2.339146417309206083e-01 1.779992816970844105e+00 2.493318434580560072e-01
1.194999999999996954e+00 1.774997421050727997e+00 1.195000432426813974e+00 2.338903290634976040e-01 1.774993148332214110e+00 2.493318435873672079e-01
1.199999999999995959e+00 1.769997751875507896e+00 1.200000101906351091e+00 2.338660464142955087e-01 1.769993479414309068e+00 2.493318437238553065e-01
1.204999999999996074e+00 1.764998082454781070e+00 1.204999771631422911e+00 2.338417933232881940e-01 1.764993810251008099e+00 2.493318438531295922e-01
1.209999999999995968e+00 1.759998412344828012e+00 1.209999442045748941e+00 2.338175695163904888e-01 1.759994140398595031e+00 2.493318439842323875e-01
1.214999999999996083e+00 1.754998742009832080e+00 1.214999112685150928e+00 2.337933744498028044e-01 1.754994470321258992e+00 2.493318441143559938e-01
1.219999999999995977e+00 1.749999071369984005e+00 1.219998783629437922e+00 2.337692078754264879e-01 1.749994799939194046e+00 2.493318442417520042e-01
1.224999999999996092e+00 1.744999400175913928e+00 1.224998455127987107e+00 2.337450693138841129e-01 1.744995129003030998e+00 2.493318443718968991e-01
1.229999999999995985e+00 1.739999728693192083e+00 1.229998126915224921e+00 2.337209584842533105e-01 1.739995457778344967e+00 2.493318445015139107e-01
1.234999999999996101e+00 1.735000056840420024e+00 1.234997799072556912e+00 2.336968749643741905e-01 1.734995786183739064e+00 2.493318446356689033e-01
1.239999999999995994e+00 1.730000384727305107e+00 1.239997471490277059e+00 2.336728183594851960e-01 1.729996114328925083e+00 2.493318447655960002e-01
1.244999999999995000e+00 1.725000712060591024e+00 1.244997144461641003e+00 2.336487884248291957e-01 1.724996441920650936e+00 2.493318448904570106e-01
1.249999999999994893e+00 1.720001039033320023e+00 1.249996817793612935e+00 2.336247847560539992e-01 1.719996769151959981e+00 2.493318450217484050e-01
1.254999999999995008e+00 1.715001365852117043e+00 1.254996491279569915e+00 2.336008069398302078e-01 1.714997096229480045e+00 2.493318451559912996e-01
1.259999999999994902e+00 1.710001692227365089e+00 1.259996165209130048e+00 2.335768546984756944e-01 1.709997422863597016e+00 2.493318452887219039e-01
1.264999999999995017e+00 1.705002018283551024e+00 1.264995839457806914e+00 2.335529277164823114e-01 1.704997749178803090e+00 2.493318454202002876e-01
1.269999999999994911e+00 1.700002344113044961e+00 1.269995513933235953e+00 2.335290256128793873e-01 1.699998075267467934e+00 2.493318455489335062e-01
1.274999999999995026e+00 1.695002669548159924e+00 1.274995188803105028e+00 2.335051481372626969e-01 1.694998400961907903e+00 2.493318456810401929e-01
1.279999999999994920e+00 1.690002994538247094e+00 1.279994864118062958e+00 2.334812949205395949e-01 1.689998726211479063e+00 2.493318458085835021e-01
1.284999999999995035e+00 1.685003319476664041e+00 1.284994539484757059e+00 2.334574656592484920e-01 1.684999051409538984e+00 2.493318459398304043e-01
1.289999999999994040e+00 1.680003643804923064e+00 1.289994215461675031e+00 2.334336600669059125e-01 1.679999375997605071e+00 2.493318460730150898e-01
1.294999999999993934e+00 1.675003967861925958e+00 1.294993891709919076e+00 2.334098778223951121e-01 1.674999700314580009e+00 2.493318462065280960e-01
1.299999999999994049e+00 1.670004291727253065e+00 1.299993568149909073e+00 2.333861185882848965e-01 1.670000024440045916e+00 2.493318463364325999e-01
1.304999999999993943e+00 1.665004615380154984e+00 1.304993244802395980e+00 2.333623821089272909e-01 1.665000348353260051e+00 2.493318464684370905e-01
1.309999999999994058e+00 1.660004938511348893e+00 1.309992921976663949e+00 2.333386680823852088e-01 1.660000671744938039e+00 2.493318465987492960e-01
1.314999999999993952e+00 1.655005261453994070e+00 1.314992599339561030e+00 2.333149762172911090e-01 1.655000994948242043e+00 2.493318467364984137e-01
1.319999999999994067e+00 1.650005584088148902e+00 1.319992277011023063e+00 2.332913062647782865e-01 1.650001317843234894e+00 2.493318468662971965e-01
1.324999999999993960e+00 1.645005906475091928e+00 1.324991954929777060e+00 2.332676578837035997e-01 1.645001640491196904e+00 2.493318470005518872e-01
1.329999999999994076e+00 1.640006228645404018e+00 1.329991633065243928e+00 2.332440308171239984e-01 1.640001962922712053e+00 2.493318471276549930e-01
1.334999999999993969e+00 1.635006550374271006e+00 1.334991311642238054e+00 2.332204248398810909e-01 1.635002284912965065e+00 2.493318472639547978e-01
1.339999999999992975e+00 1.630006871978820993e+00 1.339990990343636001e+00 2.331968396215756967e-01 1.630002606779090923e+00 2.493318473938609947e-01
1.344999999999993090e+00 1.625007193228328095e+00 1.344990669400160987e+00 2.331732749401211058e-01 1.625002928290361970e+00 2.493318475244888921e-01
1.349999999999992983e+00 1.620007514137852933e+00 1.349990348796755946e+00 2.331497305487066074e-01 1.620003249461845929e+00 2.493318476609152901e-01
1.354999999999993099e+00 1.615007834879236048e+00 1.354990028361582999e+00 2.331262061272232899e-01 1.615003570465382010e+00 2.493318477964129032e-01
1.359999999999992992e+00 1.610008155294565091e+00 1.359989708252554941e+00 2.331027014255352137e-01 1.610003891143060972e+00 2.493318479262061071e-01
1.364999999999993108e+00 1.605008475630598008e+00 1.364989388222916045e+00 2.330792162148772051e-01 1.605004211741642983e+00 2.493318480576812990e-01
1.369999999999993001e+00 1.600008795532233075e+00 1.369989068627768924e+00 2.330557502423991068e-01 1.600004531906030980e+00 2.493318481907751127e-01
1.374999999999992895e+00 1.595009115263166910e+00 1.374988749203416960e+00 2.330323032597702015e-01 1.595004851899920917e+00 2.493318483278429976e-01
1.379999999999993010e+00 1.590009434648322895e+00 1.379988430124940990e+00 2.330088750381316132e-01 1.590005171548237950e+00 2.493318484592763062e-01
1.384999999999992015e+00 1.585009753761766893e+00 1.384988111318274928e+00 2.329854653360383943e-01 1.585005490925053939e+00 2.493318485945386076e-01
1.389999999999991909e+00 1.580010072868901938e+00 1.389987792518019072e+00 2.329620738758444998e-01 1.580005810295771029e+00 2.493318487278242124e-01
1.394999999999992024e+00 1.575010391453985914e+00 1.394987474239913094e+00 2.329387004723512955e-01 1.575006129144651101e+00 2.493318488625367868e-01
1.399999999999991918e+00 1.570010710215683947e+00 1.399987155785298976e+00 2.329153448164436868e-01 1.570006448170359059e+00 2.493318489950006878e-01
1.404999999999992033e+00 1.565011028245578029e+00 1.404986838062590060e+00 2.328920067552212869e-01 1.565006766464482002e+00 2.493318491264540915e-01
1.409999999999991926e+00 1.560011346377847996e+00 1.409986520237612062e+00 2.328686860195960939e-01 1.560007084861201099e+00 2.493318492582460022e-01
1.414999999999992042e+00 1.555011664137794014e+00 1.414986202785063929e+00 2.328453824273654937e-01 1.555007402885816958e+00 2.493318493943595948e-01
1.419999999999991935e+00 1.550011981814066075e+00 1.419985885416298999e+00 2.328220957019969950e-01 1.550007720826984015e+00 2.493318495300760052e-01
1.424999999999992051e+00 1.545012299055543048e+00 1.424985568482437071e+00 2.327988256218614105e-01 1.545008038333582912e+00 2.493318496668313899e-01
1.429999999999991944e+00 1.540012616218461972e+00 1.429985251627243992e+00 2.327755719995195094e-01 1.540008355761852021e+00 2.493318498025471064e-01
1.434999999999990949e+00 1.535012933177597017e+00 1.434984934975948034e+00 2.327523346079103939e-01 1.535008672986569955e+00 2.493318499372121910e-01
1.439999999999991065e+00 1.530013249834268896e+00 1.439984618627228041e+00 2.327291132043834976e-01 1.530008989909056982e+00 2.493318500688743999e-01
1.444999999999990958e+00 1.525013566365543971e+00 1.444984302404020093e+00 2.327059075820273881e-01 1.525009306706383017e+00 2.493318502019749028e-01
1.449999999999991074e+00 1.520013882584976050e+00 1.449983986492771937e+00 2.326827175635121092e-01 1.520009623192104087e+00 2.493318503356505011e-01
1.454999999999990967e+00 1.515014198806454937e+00 1.454983670579593102e+00 2.326595428885500916e-01 1.515009939680111106e+00 2.493318504757658094e-01
1.459999999999991083e+00 1.510014514644979045e+00 1.459983355049486953e+00 2.326363834318647961e-01 1.510010255785406930e+00 2.493318506112980892e-01
1.464999999999990976e+00 1.505014830398806902e+00 1.464983039604198067e+00 2.326132389011285051e-01 1.505010571806250974e+00 2.493318507422478958e-01
1.469999999999991092e+00 1.500015145973691011e+00 1.469982724337973945e+00 2.325901091102932083e-01 1.500010887648397961e+00 2.493318508830233982e-01
1.474999999999990985e+00 1.495015461239517895e+00 1.474982409380928949e+00 2.325669938638637024e-01 1.495011203181737969e+00 2.493318510138841093e-01
1.479999999999989990e+00 1.490015776435597905e+00 1.479982094493754063e+00 2.325438929560171009e-01 1.490011518645580901e+00 2.493318511546337990e-01
1.484999999999990106e+00 1.485016091275952022e+00 1.484981779962430970e+00 2.325208061703578910e-01 1.485011833753953958e+00 2.493318512851626090e-01
1.489999999999989999e+00 1.480016406204355928e+00 1.489981465343183986e+00 2.324977333535334922e-01 1.480012148950631934e+00 2.493318514238261896e-01
1.494999999999989893e+00 1.475016720870315101e+00 1.494981150986510965e+00 2.324746742455723880e-01 1.475012463885122971e+00 2.493318515585025985e-01
1.499999999999990008e+00 1.470017035143200923e+00 1.499980837023038083e+00 2.324516287340459009e-01 1.470012778426802003e+00 2.493318516946448904e-01
1.504999999999989901e+00 1.465017349446839034e+00 1.504980523028943029e+00 2.324285965363017958e-01 1.465013092999496891e+00 2.493318518341000878e-01
1.509999999999990017e+00 1.460017663490305040e+00 1.509980209295153086e+00 2.324055775102409904e-01 1.460013407312285905e+00 2.493318519722421966e-01
1.514999999999989910e+00 1.455017977319073008e+00 1.514979895776191077e+00 2.323825714348395910e-01 1.455013721410644889e+00 2.493318521091640871e-01
1.519999999999990026e+00 1.450018291133573944e+00 1.519979582271633989e+00 2.323595780352920026e-01 1.450014035495007070e+00 2.493318522429152084e-01
1.524999999999989031e+00 1.445018604774986892e+00 1.524979268940297006e+00 2.323365973221165059e-01 1.445014349406553045e+00 2.493318523776621998e-01
1.529999999999988924e+00 1.440018918133944004e+00 1.529978955891553971e+00 2.323136289259319087e-01 1.440014663035920961e+00 2.493318525183962908e-01
1.534999999999989040e+00 1.435019231241313031e+00 1.534978643094536910e+00 2.322906727167529106e-01 1.435014976413977017e+00 2.493318526510789057e-01
1.539999999999988933e+00 1.430019544351295968e+00 1.539978330295044939e+00 2.322677285455732044e-01 1.430015289794928091e+00 2.493318527915190930e-01
1.544999999999989049e+00 1.425019857267614043e+00 1.544978017689359051e+00 2.322447961398637906e-01 1.425015602982496965e+00 2.493318529276125906e-01
1.549999999999988942e+00 1.420020170122654912e+00 1.549977705145090923e+00 2.322218753959620074e-01 1.420015916109073961e+00 2.493318530642391062e-01
1.554999999999989058e+00 1.415020482868271978e+00 1.554977392710390927e+00 2.321989660397603128e-01 1.415016229126516034e+00 2.493318532075587124e-01
1.559999999999988951e+00 1.410020795400668936e+00 1.559977080489054035e+00 2.321760679910158109e-01 1.410016541931027989e+00 2.493318533403768023e-01
1.564999999999989067e+00 1.405021107603942943e+00 1.564976768596989087e+00 2.321531809722731099e-01 1.405016854406710980e+00 2.493318534808426079e-01
1.569999999999988960e+00 1.400021419822734980e+00 1.569976456689549993e+00 2.321303048139204128e-01 1.400017166898207988e+00 2.493318536228718019e-01
1.574999999999987965e+00 1.395021731921189945e+00 1.574976144902598962e+00 2.321074393935776969e-01 1.395017479269665905e+00 2.493318537601018070e-01
1.579999999999988081e+00 1.390022043896522064e+00 1.579975833238921101e+00 2.320845844261930080e-01 1.390017791518302070e+00 2.493318538970480114e-01
1.584999999999987974e+00 1.385022355665171068e+00 1.584975521782076013e+00 2.320617398432512080e-01 1.385018103560559988e+00 2.493318540375714931e-01
1.589999999999988090e+00 1.380022667240041079e+00 1.589975210519164905e+00 2.320389053489343989e-01 1.380018415409346000e+00 2.493318541753626050e-01
1.594999999999987983e+00 1.375022978849756106e+00 1.594974899221561992e+00 2.320160808181344902e-01 1.375018727293287002e+00 2.493318543111388008e-01
1.599999999999988098e+00 1.370023290181052067e+00 1.599974588202534909e+00 2.319932660637646915e-01 1.370019038899120911e+00 2.493318544505555012e-01
1.604999999999987992e+00 1.365023601477844073e+00 1.604974277218168988e+00 2.319704609146265861e-01 1.365019350470765946e+00 2.493318545921897056e-01
1.609999999999988107e+00 1.360023912708697935e+00 1.609973966299899972e+00 2.319476651362921971e-01 1.360019661976791916e+00 2.493318547356687953e-01
1.614999999999988001e+00 1.355024223812619999e+00 1.614973655508721961e+00 2.319248786153556008e-01 1.355019973356206942e+00 2.493318548753674091e-01
1.619999999999987006e+00 1.350024534738168080e+00 1.619973344896082024e+00 2.319021011031588975e-01 1.350020284557573058e+00 2.493318550120607879e-01
1.624999999999986899e+00 1.345024845420994097e+00 1.624973034526326021e+00 2.318793324835126124e-01 1.345020595516543960e+00 2.493318551499741909e-01
1.629999999999987015e+00 1.340025156238481951e+00 1.629972724022072050e+00 2.318565725176937042e-01 1.340020906610507989e+00 2.493318552946368061e-01
1.634999999999986908e+00 1.335025466799435900e+00 1.634972413774520961e+00 2.318338210596503912e-01 1.335021217448270958e+00 2.493318554345740901e-01
1.639999999999987024e+00 1.330025777339755910e+00 1.639972103547771010e+00 2.318110778932445104e-01 1.330021528265735942e+00 2.493318555756736943e-01
1.644999999999986917e+00 1.325026087772811945e+00 1.644971793428454010e+00 2.317883428895101960e-01 1.325021838976276900e+00 2.493318557130148050e-01
1.649999999999987033e+00 1.320026398026300063e+00 1.649971483488877011e+00 2.317656158057214977e-01 1.320022149507593001e+00 2.493318558566005871e-01
1.654999999999986926e+00 1.315026708217089890e+00 1.654971173612171054e+00 2.317428964995575102e-01 1.315022459976556979e+00 2.493318559986217875e-01
1.659999999999987041e+00 1.310027018323409953e+00 1.659970863820108944e+00 2.317201847861218023e-01 1.310022770361402022e+00 2.493318561376710041e-01
1.664999999999986047e+00 1.305027328452978974e+00 1.664970554004975956e+00 2.316974804483782069e-01 1.305023080769847965e+00 2.493318562796361937e-01
1.669999999999985940e+00 1.300027638204994895e+00 1.669970244567571926e+00 2.316747833699626946e-01 1.300023390801096967e+00 2.493318564224150935e-01
1.674999999999986056e+00 1.295027948029769949e+00 1.674969935057589954e+00 2.316520933252539105e-01 1.295023700905465036e+00 2.493318565614983939e-01
1.679999999999985949e+00 1.290028257916560950e+00 1.679969625485771889e+00 2.316294101122425009e-01 1.290024011072210985e+00 2.493318567080939907e-01
1.684999999999986064e+00 1.285028567492304097e+00 1.684969316225185976e+00 2.316067335593010867e-01 1.285024320928279007e+00 2.493318568448628925e-01
1.689999999999985958e+00 1.280028877028940082e+00 1.689969007003893076e+00 2.315840634968520939e-01 1.280024630745608016e+00 2.493318569906541049e-01
1.694999999999986073e+00 1.275029186515951096e+00 1.694968697832410998e+00 2.315613997168879112e-01 1.275024940513687088e+00 2.493318571286561869e-01
1.699999999999985967e+00 1.270029495887512905e+00 1.699968388776567085e+00 2.315387420812914931e-01 1.270025250166693986e+00 2.493318572751017925e-01
1.704999999999986082e+00 1.265029805246854044e+00 1.704968079733135022e+00 2.315160903194813102e-01 1.265025559807861022e+00 2.493318574200507065e-01
1.709999999999985976e+00 1.260030114590904082e+00 1.709967770705185908e+00 2.314934443447095869e-01 1.260025869434123980e+00 2.493318575639658918e-01
1.714999999999984981e+00 1.255030423844232024e+00 1.714967461768154067e+00 2.314708039246698990e-01 1.255026178970052975e+00 2.493318577060363028e-01
1.719999999999985096e+00 1.250030732966080915e+00 1.719967152962798007e+00 2.314481688653607927e-01 1.250026488374895939e+00 2.493318578481094894e-01
1.724999999999984990e+00 1.245031041988510889e+00 1.724966844257058041e+00 2.314255389610516966e-01 1.245026797680717001e+00 2.493318579948098912e-01
1.729999999999985105e+00 1.240031350879917005e+00 1.729966535682543993e+00 2.314029140657055117e-01 1.240027106855914996e+00 2.493318581360421116e-01
1.734999999999984999e+00 1.235031660099253026e+00 1.734966226780302101e+00 2.313802939475264886e-01 1.235027416359447905e+00 2.493318582801359873e-01
1.739999999999984892e+00 1.230031968983666957e+00 1.739965918213187024e+00 2.313576784803602071e-01 1.230027725528469063e+00 2.493318584239241076e-01
1.744999999999985008e+00 1.225032277741036069e+00 1.744965609773323045e+00 2.313350673756761899e-01 1.225028034570857960e+00 2.493318585655601993e-01
1.749999999999984901e+00 1.220032586541947017e+00 1.749965301290125952e+00 2.313124605125664035e-01 1.220028343657207914e+00 2.493318587110419926e-01
1.754999999999985016e+00 1.215032895283457037e+00 1.754964992866540952e+00 2.312898576979622867e-01 1.215028652684577049e+00 2.493318588600733077e-01
1.759999999999984022e+00 1.210033203849719019e+00 1.759964684618418040e+00 2.312672586926521889e-01 1.210028961537126024e+00 2.493318590025697945e-01
1.764999999999983915e+00 1.205033512690419917e+00 1.764964376096070042e+00 2.312446633373128058e-01 1.205029270664544905e+00 2.493318591524250061e-01
1.769999999999984031e+00 1.200033821279020918e+00 1.769964067826041987e+00 2.312220714224313134e-01 1.200029579540299984e+00 2.493318592917042054e-01
1.774999999999983924e+00 1.195034129749557916e+00 1.774963759674295982e+00 2.311994827635794059e-01 1.195029888298430931e+00 2.493318594437715918e-01
1.779999999999984039e+00 1.190034438287228102e+00 1.779963451455641055e+00 2.311768971703908049e-01 1.190030197124138933e+00 2.493318595877581922e-01
1.784999999999983933e+00 1.185034746896520108e+00 1.784963143165589017e+00 2.311543143766819075e-01 1.185030506021919061e+00 2.493318597359709121e-01
1.789999999999984048e+00 1.180035055326869031e+00 1.789962835054706103e+00 2.311317342765298044e-01 1.180030814741211076e+00 2.493318598833146882e-01
1.794999999999983942e+00 1.175035363859137982e+00 1.794962526842132977e+00 2.311091566055530899e-01 1.175031123562882973e+00 2.493318600291765108e-01
1.799999999999984057e+00 1.170035672364577062e+00 1.799962218656621982e+00 2.310865811523905022e-01 1.170031432358189072e+00 2.493318601765371900e-01
1.804999999999983951e+00 1.165035980675555027e+00 1.804961910665809022e+00 2.310640077307505036e-01 1.165031740959503015e+00 2.493318603205801065e-01
1.809999999999982956e+00 1.160036288938044891e+00 1.809961602723719976e+00 2.310414361343609002e-01 1.160032049512806029e+00 2.493318604722521981e-01
1.814999999999983071e+00 1.155036597498962925e+00 1.814961294483441900e+00 2.310188661591137949e-01 1.155032358365015943e+00 2.493318606136011861e-01
1.819999999999982965e+00 1.150036905949888943e+00 1.819960986353400090e+00 2.309962975731998103e-01 1.150032667107719009e+00 2.493318607609401882e-01
1.824999999999983080e+00 1.145037214178274088e+00 1.824960678446144069e+00 2.309737302080850929e-01 1.145032975628371918e+00 2.493318609151790044e-01
1.829999999999982974e+00 1.140037522572697970e+00 1.829960370373098000e+00 2.309511638142514034e-01 1.140033284315560058e+00 2.493318610601817087e-01
1.834999999999983089e+00 1.135037830967065009e+00 1.834960062300359906e+00 2.309285982135192983e-01 1.135033593003194063e+00 2.493318612114009125e-01
1.839999999999982983e+00 1.130038139341877024e+00 1.839959754247429968e+00 2.309060331021184076e-01 1.130033901671781971e+00 2.493318613605390865e-01
1.844999999999983098e+00 1.125038447695259958e+00 1.844959446216186016e+00 2.308834683642866092e-01 1.125034210319453054e+00 2.493318615112669889e-01
1.849999999999982991e+00 1.120038755966789035e+00 1.849959138267055936e+00 2.308609037144334908e-01 1.120034518885790087e+00 2.493318616607357874e-01
1.854999999999981997e+00 1.115039064418396952e+00 1.854958830138111026e+00 2.308383389347991865e-01 1.115034827632731984e+00 2.493318618062599912e-01
1.859999999999981890e+00 1.110039372811173042e+00 1.859958522068263953e+00 2.308157738077278864e-01 1.110035136321372962e+00 2.493318619559780069e-01
1.864999999999982006e+00 1.105039681241634986e+00 1.864958213960997924e+00 2.307932081106406075e-01 1.105035445048240028e+00 2.493318621083266129e-01
1.869999999999981899e+00 1.100039989579443045e+00 1.869957905946658894e+00 2.307706416234190094e-01 1.100035753682996109e+00 2.493318622556812136e-01
1.874999999999982014e+00 1.095040298107847088e+00 1.874957597742002102e+00 2.307480740893373961e-01 1.095036062508899066e+00 2.493318624134122086e-01
1.879999999999981908e+00 1.090040606589810057e+00 1.879957289584061053e+00 2.307255053221136942e-01 1.090036371288918060e+00 2.493318625577023995e-01
1.884999999999982023e+00 1.085040915158288044e+00 1.884956981339888982e+00 2.307029350136393930e-01 1.085036680156016953e+00 2.493318627135898136e-01
1.889999999999981917e+00 1.080041223568400932e+00 1.889956673254368003e+00 2.306803629569554870e-01 1.080036988865322956e+00 2.493318628626297884e-01
1.894999999999982032e+00 1.075041532260115895e+00 1.894956364887534050e+00 2.306577889331442865e-01 1.075037297856807905e+00 2.493318630180562101e-01
1.899999999999981037e+00 1.070041840689271107e+00 1.899956056783552061e+00 2.306352126206127895e-01 1.070037606586319079e+00 2.493318631658706930e-01
1.904999999999980931e+00 1.065042149360919899e+00 1.904955748437372920e+00 2.306126338827166056e-01 1.065037915558916026e+00 2.493318633224440029e-01
1.909999999999981046e+00 1.060042458086684070e+00 1.909955440037379049e+00 2.305900523819660042e-01 1.060038224586228095e+00 2.493318634711794990e-01
1.914999999999980940e+00 1.055042766898850015e+00 1.914955131551286049e+00 2.305674678833639912e-01 1.055038533700549008e+00 2.493318636286100121e-01
1.919999999999981055e+00 1.050043075668156911e+00 1.919954823108360076e+00 2.305448801556365113e-01 1.050038842772625935e+00 2.493318637784041891e-01
1.924999999999980949e+00 1.045043384439906964e+00 1.924954514663302030e+00 2.305222889193049018e-01 1.045039151847769077e+00 2.493318639381489066e-01
1.929999999999981064e+00 1.040043693314772089e+00 1.929954206115445103e+00 2.304996939201550132e-01 1.040039461026657008e+00 2.493318640889544968e-01
1.934999999999980957e+00 1.035044002306620081e+00 1.934953897450925053e+00 2.304770948531069119e-01 1.035039770323167074e+00 2.493318642468380919e-01
1.939999999999981073e+00 1.030044311380265976e+00 1.939953588704929954e+00 2.304544914749871998e-01 1.030040079702122968e+00 2.493318643988506056e-01
1.944999999999980966e+00 1.025044620464087064e+00 1.944953279949088065e+00 2.304318835201304982e-01 1.025040389091909088e+00 2.493318645521863941e-01
1.949999999999979972e+00 1.020044929667847100e+00 1.949952971073638075e+00 2.304092707077912972e-01 1.020040698602298956e+00 2.493318647127618082e-01
1.954999999999980087e+00 1.015045238832386065e+00 1.954952662237747996e+00 2.303866527254131991e-01 1.015041008074138995e+00 2.493318648632270040e-01
1.959999999999979980e+00 1.010045548088271961e+00 1.959952353310850048e+00 2.303640293662440885e-01 1.010041317638008973e+00 2.493318650217531962e-01
1.964999999999980096e+00 1.005045857521565944e+00 1.964952044206889958e+00 2.303414002171426112e-01 1.005041627379978042e+00 2.493318651752280957e-01
1.969999999999979989e+00 1.000046167104017059e+00 1.969951734954122902e+00 2.303187650910915041e-01 1.000041937271803905e+00 2.493318653391483897e-01
1.974999999999980105e+00 9.950464765732931482e-01 1.974951425814885919e+00 2.302961236420573987e-01 9.950422470511653961e-01 2.493318654899004116e-01
1.979999999999979998e+00 9.900467862909749783e-01 1.979951116427604019e+00 2.302734755478532125e-01 9.900425570796512753e-01 2.493318656534534994e-01
1.984999999999979892e+00 9.850470961553696725e-01 1.984950806893974073e+00 2.302508205373527961e-01 9.850428672555797682e-01 2.493318658082770978e-01
1.989999999999980007e+00 9.800474061805175552e-01 1.989950497199959978e+00 2.302281582670155091e-01 9.800431775930006362e-01 2.493318659636112045e-01
1.994999999999979012e+00 9.750477160415016442e-01 1.994950187670484043e+00 2.302054884491396003e-01 9.750434877670076661e-01 2.493318661293419947e-01
1.999999999999978906e+00 9.700480262492874317e-01 1.999949877794588105e+00 2.301828107174622995e-01 9.700437982885765642e-01 2.493318662890235127e-01
2.004999999999979021e+00 9.650483366024218412e-01 2.004949567773727903e+00 2.301601248084433060e-01 9.650441089562652452e-01 2.493318664476560920e-01
2.009999999999978915e+00 9.600486468855251587e-01 2.009949257823290036e+00 2.301374303405714916e-01 9.600444195547049864e-01 2.493318666013152052e-01
2.014999999999978808e+00 9.550489574487528444e-01 2.014948947593127038e+00 2.301147269491216896e-01 9.550447304340622390e-01 2.493318667676505118e-01
2.019999999999979146e+00 9.500492680644470056e-01 2.019948637310899020e+00 2.300920143519041006e-01 9.500450413666908789e-01 2.493318669249527941e-01
2.024999999999979039e+00 9.450495788876764891e-01 2.024948326821542910e+00 2.300692921647767009e-01 9.450453525076710770e-01 2.493318670888814981e-01
2.029999999999978932e+00 9.400498897934426168e-01 2.029948016250064935e+00 2.300465600269712974e-01 9.400456637320167008e-01 2.493318672519677925e-01
2.034999999999978826e+00 9.350502007862928622e-01 2.034947705591923839e+00 2.300238175851926914e-01 9.350459750442869922e-01 2.493318674145408864e-01
2.039999999999979163e+00 9.300505121516380314e-01 2.039947394561715033e+00 2.300010644391415060e-01 9.300462867299057468e-01 2.493318675758890990e-01
2.044999999999979057e+00 9.250508234334233748e-01 2.044947083615499039e+00 2.299783002566423984e-01 9.250465983328307606e-01 2.493318677388131899e-01
2.049999999999978950e+00 9.200511350145461620e-01 2.049946772370386139e+00 2.299555245850762042e-01 9.200469102359728479e-01 2.493318678977901881e-01
2.054999999999977955e+00 9.150514465627566096e-01 2.054946461158631887e+00 2.299327371047955870e-01 9.150472221070949930e-01 2.493318680605073057e-01
2.059999999999977849e+00 9.100517585465581760e-01 2.059946149511739044e+00 2.299099373850503059e-01 9.100475344147144208e-01 2.493318682305528944e-01
2.064999999999978186e+00 9.050520707138502985e-01 2.064945837681817942e+00 2.298871249802796890e-01 9.050478469067455567e-01 2.493318683917702117e-01
2.069999999999978080e+00 9.000523829354278860e-01 2.069945525798079000e+00 2.298642995447111870e-01 9.000481594539964103e-01 2.493318685599618945e-01
2.074999999999977973e+00 8.950526953726125612e-01 2.074945213699206814e+00 2.298414606050075970e-01 8.950484722178044805e-01 2.493318687211875939e-01
2.079999999999977867e+00 8.900530080113639997e-01 2.079944901399251034e+00 2.298186077266690108e-01 8.900487851841439868e-01 2.493318688927212978e-01
2.084999999999978204e+00 8.850533209479181096e-01 2.084944588801982857e+00 2.297957404954077132e-01 8.850490984492666025e-01 2.493318690552036865e-01
2.089999999999978098e+00 8.800536339533664432e-01 2.089944276136320056e+00 2.297728584353067871e-01 8.800494117842794228e-01 2.493318692228984057e-01
2.094999999999977991e+00 8.750539472104037486e-01 2.094943963219574989e+00 2.297499611153364096e-01 8.750497253718934054e-01 2.493318693895874016e-01
2.099999999999976996e+00 8.700542608787031895e-01 2.099943649892082043e+00 2.297270480103943135e-01 8.700500393717987002e-01 2.493318695584832989e-01
2.104999999999976890e+00 8.650545745887825433e-01 2.104943336523333208e+00 2.297041186773438048e-01 8.650503534145300710e-01 2.493318697260591965e-01
2.109999999999976783e+00 8.600548884957675000e-01 2.109943022958209902e+00 2.296811726176802015e-01 8.600506676552305274e-01 2.493318698946656031e-01
2.114999999999977121e+00 8.550552027010098755e-01 2.114942709095370965e+00 2.296582093287891091e-01 8.550509821952696488e-01 2.493318700639720054e-01
2.119999999999977014e+00 8.500555170515440295e-01 2.119942395087790032e+00 2.296352282899337127e-01 8.500512968817005577e-01 2.493318702407374965e-01
2.124999999999976907e+00 8.450558317804848230e-01 2.124942080702363789e+00 2.296122289661519933e-01 8.450516119476570998e-01 2.493318704098133054e-01
2.129999999999976801e+00 8.400561468403111576e-01 2.129941765986620883e+00 2.295892108498550077e-01 8.400519273456372726e-01 2.493318705840265048e-01
2.134999999999977138e+00 8.350564620920977177e-01 2.134941451079498176e+00 2.295661733341148036e-01 8.350522429367360777e-01 2.493318707531005096e-01
2.139999999999977032e+00 8.300567776136631437e-01 2.139941135903186797e+00 2.295431158829135121e-01 8.300525587987919174e-01 2.493318709246654108e-01
2.144999999999976037e+00 8.250570935159657893e-01 2.144940820346736832e+00 2.295200379302617943e-01 8.250528750427850166e-01 2.493318710999583021e-01
2.149999999999975930e+00 8.200574094828994021e-01 2.149940504726269186e+00 2.294969388718426928e-01 8.200531913526301064e-01 2.493318712725008934e-01
2.154999999999975824e+00 8.150577259387432605e-01 2.154940188617513019e+00 2.294738180885687040e-01 8.150535081526285586e-01 2.493318714491583876e-01
2.159999999999976161e+00 8.100580427559975760e-01 2.159939872147980111e+00 2.294506749840322934e-01 8.100538253153038992e-01 2.493318716242907129e-01
2.164999999999976055e+00 8.050583597882337017e-01 2.164939555464111098e+00 2.294275088640224114e-01 8.050541426942504630e-01 2.493318718015443136e-01
2.169999999999975948e+00 8.000586773028999232e-01 2.169939238298468798e+00 2.294043191312755137e-01 8.000544605569409606e-01 2.493318719781454085e-01
2.174999999999975842e+00 7.950589948442257082e-01 2.174938921106838841e+00 2.293811050742848023e-01 7.950547784476296176e-01 2.493318721520030867e-01
2.179999999999976179e+00 7.900593130023025878e-01 2.179938603299139910e+00 2.293578660000689107e-01 7.900550969564335002e-01 2.493318723266884085e-01
2.184999999999976072e+00 7.850596315211646470e-01 2.184938285131350799e+00 2.293346012443585047e-01 7.850554158274121175e-01 2.493318725118101875e-01
2.189999999999975966e+00 7.800599502713794209e-01 2.189937966732919072e+00 2.293113100219935085e-01 7.800557349311613153e-01 2.493318726897799098e-01
2.194999999999974971e+00 7.750602695405746090e-01 2.194937647816230797e+00 2.292879915833702098e-01 7.750560545553361047e-01 2.493318728675029128e-01
2.199999999999974865e+00 7.700605891781151513e-01 2.199937328531937020e+00 2.292646451984116929e-01 7.700563745493300694e-01 2.493318730468253863e-01
2.204999999999975202e+00 7.650609091625710789e-01 2.204937008901477924e+00 2.292412700555374883e-01 7.650566948917425503e-01 2.493318732340611132e-01
2.209999999999975095e+00 7.600612295257747064e-01 2.209936688893041179e+00 2.292178653032501956e-01 7.600570156144371703e-01 2.493318734133188053e-01
2.214999999999974989e+00 7.550615502941013801e-01 2.214936368480265205e+00 2.291944301314642884e-01 7.550573367438200290e-01 2.493318735945830866e-01
2.219999999999974882e+00 7.500618716608187242e-01 2.219936047469897034e+00 2.291709636808945127e-01 7.500576584731913909e-01 2.493318737840642951e-01
2.224999999999975220e+00 7.450621932573540107e-01 2.224935726230529820e+00 2.291474650545410885e-01 7.450579804340120571e-01 2.493318739661073979e-01
2.229999999999975113e+00 7.400625154766657943e-01 2.229935404369219221e+00 2.291239333009295054e-01 7.400583030192752210e-01 2.493318741520522963e-01
2.234999999999975007e+00 7.350628381525439181e-01 2.234935082052194932e+00 2.291003675326203082e-01 7.350586260628062529e-01 2.493318743400503024e-01
2.239999999999974012e+00 7.300631612688448513e-01 2.239934759295619138e+00 2.290767667360920912e-01 7.300589495484984814e-01 2.493318745270783066e-01
2.244999999999973905e+00 7.250634848405752564e-01 2.244934436084502938e+00 2.290531298827941931e-01 7.250592734913969828e-01 2.493318747168581095e-01
2.249999999999973799e+00 7.200638089050812596e-01 2.249934112381521967e+00 2.290294559378757977e-01 7.200595979288875181e-01 2.493318749001242063e-01
2.254999999999974136e+00 7.150641337261731678e-01 2.254933787922885013e+00 2.290057438689032943e-01 7.150599231248202514e-01 2.493318750917304927e-01
2.259999999999974030e+00 7.100644589907005866e-01 2.259933463021762012e+00 2.289819925526385136e-01 7.100602487660875317e-01 2.493318752840917030e-01
2.264999999999973923e+00 7.050647847720483696e-01 2.264933137604793867e+00 2.289582007949232112e-01 7.050605749261176225e-01 2.493318754788620972e-01
2.269999999999973817e+00 7.000651111938509530e-01 2.269932811548363905e+00 2.289343674659717054e-01 7.000609017285908120e-01 2.493318756680097115e-01
2.274999999999974154e+00 6.950654381204799392e-01 2.274932484988129833e+00 2.289104912883752896e-01 6.950612290379251101e-01 2.493318758636093868e-01
2.279999999999974047e+00 6.900657656438511367e-01 2.279932157832197159e+00 2.288865710167999057e-01 6.900615569460849530e-01 2.493318760548103863e-01
2.284999999999973053e+00 6.850660938247301601e-01 2.284931830019825139e+00 2.288626053556510886e-01 6.850618855138858043e-01 2.493318762555510881e-01
2.289999999999972946e+00 6.800664227462220879e-01 2.289931501467934893e+00 2.288385928833245042e-01 6.800622148244857001e-01 2.493318764501636919e-01
2.294999999999972840e+00 6.750667522731532699e-01 2.294931172311727163e+00 2.288145322499491874e-01 6.750625447427650583e-01 2.493318766516834095e-01
2.299999999999973177e+00 6.700670824698136130e-01 2.299930842486940907e+00 2.287904219665468919e-01 6.700628753330698517e-01 2.493318768523679063e-01
2.304999999999973070e+00 6.650674133105098917e-01 2.304930512019299993e+00 2.287662604822071066e-01 6.650632065697658080e-01 2.493318770505077997e-01
2.309999999999972964e+00 6.600677451531282713e-01 2.309930180550945789e+00 2.287420462347151962e-01 6.600635388107995993e-01 2.493318772502159941e-01
2.314999999999972857e+00 6.550680774547572582e-01 2.314929848624824871e+00 2.287177775897729082e-01 6.550638715133231260e-01 2.493318774554388051e-01
2.319999999999973195e+00 6.500684106791254635e-01 2.319929515777240159e+00 2.286934528613734086e-01 6.500642051411306133e-01 2.493318776614610877e-01
2.324999999999973088e+00 6.450687444706773022e-01 2.324929182363780100e+00 2.286690702417429055e-01 6.450645393387353099e-01 2.493318778697100890e-01
2.329999999999972982e+00 6.400690793281000879e-01 2.329928847885795129e+00 2.286446278943131127e-01 6.400648746048959170e-01 2.493318780779832933e-01
2.334999999999971987e+00 6.350694149614355410e-01 2.334928512633279940e+00 2.286201239003951002e-01 6.350652106497286509e-01 2.493318782855885041e-01
2.339999999999971880e+00 6.300697514802777732e-01 2.339928176496679946e+00 2.285955562423140075e-01 6.300655475829053387e-01 2.493318784946136069e-01
2.344999999999972218e+00 6.250700890066127613e-01 2.344927839354050025e+00 2.285709228438221885e-01 6.250658855264931146e-01 2.493318787031038875e-01
2.349999999999972111e+00 6.200704274097006419e-01 2.349927501336171787e+00 2.285462215171605027e-01 6.200662243498366033e-01 2.493318789172792871e-01
2.354999999999972005e+00 6.150707668278414531e-01 2.354927162304790045e+00 2.285214500017969941e-01 6.150665641913245496e-01 2.493318791308319071e-01
2.359999999999971898e+00 6.100711072378430799e-01 2.359926822283143100e+00 2.284966059033393115e-01 6.100669050278570982e-01 2.493318793529115118e-01
2.364999999999971791e+00 6.050714485260186848e-01 2.364926481384967083e+00 2.284716867432466103e-01 6.050672467458451109e-01 2.493318795673684085e-01
2.369999999999972129e+00 6.000717911131800975e-01 2.369926139189499903e+00 2.284466898992044137e-01 6.000675897662011149e-01 2.493318797899438943e-01
2.374999999999972022e+00 5.950721346708860438e-01 2.374925796025237013e+00 2.284216126636633981e-01 5.950679337605910835e-01 2.493318800062840901e-01
2.379999999999971028e+00 5.900724792446681022e-01 2.379925451846701900e+00 2.283964521908797007e-01 5.900682787746572844e-01 2.493318802315808991e-01
2.384999999999970921e+00 5.850728253201396001e-01 2.384925106168341191e+00 2.283712054654173929e-01 5.850686252941308396e-01 2.493318804586276138e-01
2.389999999999970814e+00 5.800731724171441783e-01 2.389924759470372084e+00 2.283458693355183977e-01 5.800689728389786248e-01 2.493318806828234979e-01
2.394999999999971152e+00 5.750735207250272651e-01 2.394924411563513988e+00 2.283204405267479919e-01 5.750693215986751872e-01 2.493318809134950076e-01
2.399999999999971045e+00 5.700738707809023254e-01 2.399924061910724049e+00 2.282949155246845052e-01 5.700696721104706599e-01 2.493318811456355921e-01
2.404999999999970939e+00 5.650742217954984881e-01 2.404923711301341971e+00 2.282692907000392901e-01 5.650700235852377240e-01 2.493318813796789879e-01
2.409999999999970832e+00 5.600745744928872227e-01 2.409923359011373112e+00 2.282435621658772118e-01 5.600703767471991723e-01 2.493318816161823881e-01
2.414999999999971170e+00 5.550749284479934431e-01 2.414923005465973826e+00 2.282177258850761059e-01 5.550707311714400127e-01 2.493318818495628975e-01
2.419999999999971063e+00 5.500752839793676685e-01 2.419922650346677973e+00 2.281917775443902119e-01 5.500710871766794074e-01 2.493318820928233925e-01
2.424999999999970957e+00 5.450756411794372980e-01 2.424922293561145192e+00 2.281657126155814952e-01 5.450714448555238345e-01 2.493318823334932932e-01
2.429999999999969962e+00 5.400760002044648900e-01 2.429921934953211959e+00 2.281395262710531890e-01 5.400718043644244792e-01 2.493318825817877060e-01
2.434999999999969855e+00 5.350763606779764814e-01 2.434921574899449048e+00 2.281132134428227876e-01 5.350721653271085509e-01 2.493318828285185917e-01
2.439999999999970193e+00 5.300767230655196727e-01 2.439921212934415884e+00 2.280867687532119881e-01 5.300725282093361468e-01 2.493318830791819984e-01
2.444999999999970086e+00 5.250770874511658803e-01 2.444920848974156957e+00 2.280601864384695920e-01 5.250728930954049467e-01 2.493318833352060060e-01
2.449999999999969980e+00 5.200774539180201828e-01 2.449920482935684873e+00 2.280334604242471030e-01 5.200732600686609475e-01 2.493318835894718921e-01
2.454999999999969873e+00 5.150778222193821421e-01 2.454920115065831077e+00 2.280065842211640992e-01 5.150736288826595066e-01 2.493318838519849034e-01
2.459999999999970210e+00 5.100781928537116983e-01 2.459919744866271074e+00 2.279795508852401897e-01 5.100740000361344562e-01 2.493318841130844066e-01
2.464999999999970104e+00 5.050785655317895362e-01 2.464919372626368954e+00 2.279523530844843882e-01 5.050743732401583586e-01 2.493318843835322096e-01
2.469999999999969997e+00 5.000789406791454894e-01 2.469918997920753867e+00 2.279249828963832991e-01 5.000747489205735752e-01 2.493318846495500007e-01
2.474999999999969003e+00 4.950793183732570824e-01 2.474918620672115210e+00 2.278974318571478919e-01 4.950751271551920851e-01 2.493318849276880966e-01
2.479999999999968896e+00 4.900796987979560981e-01 2.479918240696799892e+00 2.278696909503409862e-01 4.900755081282048842e-01 2.493318852087675064e-01
2.484999999999968789e+00 4.850800817109757190e-01 2.484917858237269073e+00 2.278417503919329956e-01 4.850758915977315122e-01 2.493318854886467928e-01
2.489999999999969127e+00 4.800804676706889040e-01 2.489917472735359016e+00 2.278135997531799961e-01 4.800762781225599851e-01 2.493318857767745089e-01
2.494999999999969020e+00 4.750808566316209181e-01 2.494917084236765170e+00 2.277852277102646039e-01 4.750766676576638758e-01 2.493318860673215120e-01
2.499999999999968914e+00 4.700812489179497788e-01 2.499916692417555986e+00 2.277566220662951002e-01 4.700770605277050929e-01 2.493318863630593074e-01
2.504999999999968807e+00 4.650816444354858858e-01 2.504916297372179024e+00 2.277277696626562875e-01 4.650774566390180054e-01 2.493318866641358877e-01
2.509999999999969145e+00 4.600820435999253277e-01 2.509915898685226132e+00 2.276986561910568918e-01 4.600778564078666921e-01 2.493318869709112984e-01
2.514999999999969038e+00 4.550824466628001219e-01 2.514915496105472048e+00 2.276692661020210950e-01 4.550782600864007876e-01 2.493318872843691136e-01
2.519999999999968043e+00 4.500828534977471818e-01 2.519915089759618088e+00 2.276395825105936022e-01 4.500786675489298894e-01 2.493318876008767115e-01
2.524999999999967937e+00 4.450832649266657781e-01 2.524914678826131187e+00 2.276095869393675863e-01 4.450790796180866260e-01 2.493318879274636080e-01
2.529999999999967830e+00 4.400836806834718118e-01 2.529914263571496846e+00 2.275792592500779088e-01 4.400794960285899227e-01 2.493318882586856022e-01
2.534999999999968168e+00 4.350841015327659989e-01 2.534913843231556108e+00 2.275485773038924964e-01 4.350799175459206802e-01 2.493318885980222999e-01
2.539999999999968061e+00 4.300845275841708726e-01 2.539913417697170051e+00 2.275175168092450073e-01 4.300803442806696020e-01 2.493318889405863881e-01
2.544999999999967955e+00 4.250849589843709864e-01 2.544912986822185808e+00 2.274860509776004958e-01 4.250807763805871109e-01 2.493318892947999077e-01
2.549999999999967848e+00 4.200853965280089142e-01 2.549912549812554996e+00 2.274541502331278997e-01 4.200812146414947823e-01 2.493318896580236921e-01
2.554999999999968185e+00 4.150858404112511835e-01 2.554912106472758015e+00 2.274217818108288935e-01 4.150816592608649880e-01 2.493318900373281133e-01
2.559999999999968079e+00 4.100862913401783771e-01 2.559911656097446198e+00 2.273889092384906996e-01 4.100821109462308156e-01 2.493318904167846073e-01
2.564999999999967972e+00 4.050867495770659743e-01 2.564911198425151806e+00 2.273554919575679067e-01 4.050825699614856723e-01 2.493318908102709064e-01
2.569999999999966978e+00 4.000872161016388873e-01 2.569910732477055149e+00 2.273214845623854063e-01 4.000830372881645225e-01 2.493318912211325011e-01
2.574999999999966871e+00 3.950876912563784926e-01 2.574910257911691147e+00 2.272868361084788014e-01 3.950835132707797848e-01 2.493318916434041077e-01
2.579999999999967208e+00 3.900881762040456224e-01 2.579909773567441000e+00 2.272514892430622102e-01 3.900839990743794061e-01 2.493318920717876863e-01
2.584999999999967102e+00 3.850886714686510004e-01 2.584909278921589948e+00 2.272153792094301905e-01 3.850844952255573772e-01 2.493318925214262072e-01
2.589999999999966995e+00 3.800891781914116918e-01 2.589908772834382145e+00 2.271784325659468862e-01 3.800850028684604198e-01 2.493318929954962127e-01
2.594999999999966889e+00 3.750896976891623935e-01 2.594908253990651836e+00 2.271405656887466040e-01 3.750855233232586738e-01 2.493318934754359117e-01
2.599999999999966782e+00 3.700902311792901855e-01 2.599907721174920194e+00 2.271016830484823001e-01 3.700860578111497268e-01 2.493318939843834070e-01
2.604999999999967120e+00 3.650907800610240783e-01 2.604907172990142072e+00 2.270616750211273960e-01 3.650866077357359241e-01 2.493318945131917930e-01
2.609999999999967013e+00 3.600913461302467922e-01 2.609906607642956011e+00 2.270204153453528884e-01 3.600871748979372899e-01 2.493318950663327982e-01
2.614999999999966018e+00 3.550919312724830079e-01 2.614906023250751055e+00 2.269777578902711090e-01 3.550877611891071206e-01 2.493318956499860073e-01
2.619999999999965912e+00 3.500925381660807134e-01 2.619905417138566062e+00 2.269335328616589875e-01 3.500883692943654868e-01 2.493318962648403969e-01
2.624999999999965805e+00 3.450931691379253152e-01 2.624904786983468075e+00 2.268875421122474034e-01 3.450890015485013063e-01 2.493318969140128905e-01
2.629999999999966143e+00 3.400938278775242907e-01 2.629904129100579802e+00 2.268395533686304033e-01 3.400896616502840919e-01 2.493318976046914881e-01
2.634999999999966036e+00 3.350945174480273181e-01 2.634903440432204924e+00 2.267892931554729985e-01 3.350903526737674110e-01 2.493318983432014913e-01
2.639999999999965929e+00 3.300952427927654753e-01 2.639902716041459207e+00 2.267364381242618077e-01 3.300910795751711979e-01 2.493318991337019064e-01
2.644999999999965823e+00 3.250960088438433204e-01 2.644901951003883145e+00 2.266806044157758937e-01 3.250918473018982735e-01 2.493318999840566930e-01
2.649999999999966160e+00 3.200968225159783742e-01 2.649901138413876200e+00 2.266213345285776892e-01 3.200926627868935226e-01 2.493319009028917010e-01
2.654999999999966054e+00 3.150976905970424014e-01 2.654900271494462061e+00 2.265580812761295026e-01 3.150935328398202229e-01 2.493319019051221108e-01
2.659999999999965947e+00 3.100986225791614870e-01 2.659899340766579190e+00 2.264901883189094078e-01 3.100944669789343910e-01 2.493319029965684053e-01
2.664999999999964952e+00 3.050996288673673007e-01 2.664898335840899080e+00 2.264168664502612116e-01 3.050954756406683011e-01 2.493319042025622101e-01
2.669999999999964846e+00 3.001007229531609255e-01 2.669897243244811147e+00 2.263371654879315076e-01 3.000965723543091990e-01 2.493319055380220084e-01
2.674999999999965183e+00 2.951019206577996101e-01 2.674896047179796899e+00 2.262499410024597091e-01 2.950977729865905119e-01 2.493319070227877909e-01
2.679999999999965077e+00 2.901032404241306040e-01 2.679894729230340111e+00 2.261538163075051122e-01 2.900990960350198766e-01 2.493319086861718048e-01
2.684999999999964970e+00 2.851047052946569238e-01 2.684893266386687127e+00 2.260471401224871113e-01 2.851005646075958078e-01 2.493319105636206123e-01
2.689999999999964864e+00 2.801063422689865079e-01 2.689891631688260176e+00 2.259279417987254124e-01 2.801022057819916866e-01 2.493319126947428910e-01
2.694999999999965201e+00 2.751081834542575266e-01 2.694889793074083162e+00 2.257938872278028863e-01 2.751040517576687772e-01 2.493319151280528057e-01
2.699999999999965095e+00 2.701102668230959125e-01 2.699887712625537173e+00 2.256422403322647929e-01 2.701061406152716060e-01 2.493319179123452134e-01
2.704999999999964988e+00 2.651126354479985126e-01 2.704885347332445011e+00 2.254698367089651989e-01 2.651085155519308789e-01 2.493319211115709033e-01
2.709999999999963993e+00 2.601153393935219937e-01 2.709882647200911876e+00 2.252730773109576090e-01 2.601112267735365968e-01 2.493319248097058960e-01
2.714999999999963887e+00 2.551184339333367745e-01 2.714879557035763114e+00 2.250479492342855881e-01 2.551143297107441033e-01 2.493319290682524114e-01
2.719999999999963780e+00 2.501219794873890123e-01 2.719876016502173144e+00 2.247900791433954104e-01 2.501178849537499804e-01 2.493319339853070915e-01
2.724999999999964118e+00 2.451260404588460062e-01 2.724871961286869926e+00 2.244948190286630008e-01 2.451219570855130980e-01 2.493319396440555058e-01
2.729999999999964011e+00 2.401306833207605962e-01 2.729867325009060153e+00 2.241573585192848939e-01 2.401266127636073888e-01 2.493319461530620063e-01
2.734999999999963904e+00 2.351359758194994931e-01 2.734862040014300000e+00 2.237728513846626022e-01 2.351319199182506092e-01 2.493319535879293114e-01
2.739999999999963798e+00 2.301419841995002991e-01 2.739856040147071070e+00 2.233365404044777014e-01 2.301379449717231018e-01 2.493319620459704122e-01
2.744999999999964135e+00 2.251487725180539023e-01 2.744849261433675025e+00 2.228438650644478103e-01 2.251447521485065995e-01 2.493319716151614907e-01
2.749999999999964029e+00 2.201564012528471892e-01 2.749841643472951791e+00 2.222905405652383093e-01 2.201524020793428904e-01 2.493319823709186922e-01
2.754999999999963034e+00 2.151649265669509092e-01 2.754833130170232014e+00 2.216726029434442913e-01 2.151609510641117884e-01 2.493319943773721903e-01
2.759999999999962927e+00 2.101744008585449131e-01 2.759823669187218886e+00 2.209864215712847024e-01 2.101704516207670015e-01 2.493320077100807108e-01
2.764999999999962821e+00 2.051848725768329884e-01 2.764813212126235875e+00 2.202286842174512038e-01 2.051809523015644121e-01 2.493320224028645060e-01
2.769999999999963158e+00 2.001963860645875060e-01 2.769801714688218119e+00 2.193963626349952900e-01 2.001924975367032067e-01 2.493320385108911130e-01
2.774999999999963052e+00 1.952089839379222980e-01 2.774789134293726978e+00 2.184866665670809893e-01 1.952051300156497082e-01 2.493320560666265062e-01
2.779999999999962945e+00 1.902227055502070108e-01 2.779775431619913917e+00 2.174969917235521910e-01 1.902188891528233949e-01 2.493320751064823926e-01
2.784999999999962839e+00 1.852375901080539067e-01 2.784760567485411897e+00 2.164248675899735075e-01 1.852338142053376879e-01 2.493320956603755911e-01
2.789999999999963176e+00 1.802536759400021893e-01 2.789744503582491042e+00 2.152679065428634020e-01 1.802499435433499997e-01 2.493321177356800089e-01
2.794999999999963070e+00 1.752710016010717020e-01 2.794727201373230052e+00 2.140237565966207900e-01 1.752673157560890038e-01 2.493321413542773091e-01
2.799999999999962963e+00 1.702896068904654059e-01 2.799708621072458214e+00 2.126900578721470925e-01 1.702859706708312049e-01 2.493321665316121094e-01
2.804999999999961968e+00 1.653095329982496864e-01 2.804688721501613191e+00 2.112644021902740921e-01 1.653059495006619917e-01 2.493321932811675135e-01
2.809999999999961862e+00 1.603308234668512078e-01 2.809667459127692002e+00 2.097442957146994080e-01 1.603272958068598930e-01 2.493322216188446072e-01
2.814999999999962199e+00 1.553535250228356979e-01 2.814644787231824985e+00 2.081271232625752921e-01 1.553500563314025029e-01 2.493322515368854020e-01
2.819999999999962093e+00 1.503776878199226119e-01 2.819620655666572162e+00 2.064101134770560952e-01 1.503742812405738094e-01 2.493322830533143131e-01
2.824999999999961986e+00 1.454033661376455122e-01 2.824595010157486819e+00 2.045903037823909865e-01 1.454000248240976123e-01 2.493323161653487885e-01
2.829999999999961879e+00 1.404306199577841086e-01 2.829567790726871035e+00 2.026645045430524872e-01 1.404273470719329120e-01 2.493323508854453086e-01
2.834999999999962217e+00 1.354595152616475950e-01 2.834538931396640038e+00 2.006292603644256878e-01 1.354563139718580056e-01 2.493323872154387943e-01
2.839999999999962110e+00 1.304901241345435003e-01 2.839508360083978999e+00 1.984808076604392957e-01 1.304869976141793120e-01 2.493324251503853950e-01
2.844999999999962004e+00 1.255225279021892071e-01 2.844475995464993190e+00 1.962150285275268968e-01 1.255194793282836119e-01 2.493324647007199024e-01
2.849999999999961009e+00 1.205568165364207939e-01 2.849441747569080974e+00 1.938273965723076031e-01 1.205538490884997954e-01 2.493325058663521943e-01
2.854999999999960902e+00 1.155930913819114003e-01 2.854405515052246045e+00 1.913129157085849130e-01 1.155902082408797049e-01 2.493325486477042940e-01
2.859999999999960796e+00 1.106314670164775943e-01 2.859367183336813056e+00 1.886660479134329993e-01 1.106286713635491054e-01 2.493325930322941031e-01
2.864999999999961133e+00 1.056720732520162048e-01 2.864326622610492201e+00 1.858806274573278905e-01 1.056693682676551060e-01 2.493326390421327088e-01
2.869999999999961027e+00 1.007150582154982960e-01 2.869283684745377094e+00 1.829497582557841062e-01 1.007124470783283959e-01 2.493326866585152957e-01
2.874999999999960920e+00 9.576059164169503646e-02 2.874238200005176935e+00 1.798656892279656139e-01 9.575807752734588618e-02 2.493327358889272927e-01
2.879999999999960814e+00 9.080887062740017335e-02 2.879189971290935013e+00 1.766196624562479112e-01 9.080645670721587681e-02 2.493327867299839073e-01
2.884999999999961151e+00 8.586012410384702420e-02 2.884138769668533886e+00 1.732017233414334945e-01 8.585781354345278782e-02 2.493328391706461089e-01
2.889999999999961044e+00 8.091462100920354672e-02 2.889084326196078134e+00 1.696004838831786932e-01 8.091241696682527351e-02 2.493328932190647107e-01
2.894999999999960050e+00 7.597268072842133790e-02 2.894026321483877062e+00 1.658028219737975040e-01 7.597058635286846329e-02 2.493329488662867077e-01
2.899999999999959943e+00 7.103468628817433128e-02 2.898964372499278852e+00 1.617934936059342022e-01 7.103270471637690431e-02 2.493330060970520012e-01
2.904999999999959837e+00 6.610110207369790380e-02 2.903898014849536136e+00 1.575546253958902132e-01 6.609923642763326779e-02 2.493330649176480895e-01
2.909999999999960174e+00 6.117250037879640168e-02 2.908826676231332176e+00 1.530650408850365018e-01 6.117075376151814847e-02 2.493331253129117131e-01
2.914999999999960067e+00 5.624959671472495870e-02 2.913749641121302858e+00 1.482993445965115065e-01 5.624797220516630780e-02 2.493331872709816932e-01
2.919999999999959961e+00 5.133330414233427952e-02 2.918665996442944888e+00 1.432266539257253113e-01 5.133180478825594140e-02 2.493332507779565110e-01
2.924999999999959854e+00 4.642481361035555310e-02 2.923574551226967966e+00 1.378087939481398017e-01 4.642344241853645775e-02 2.493333158073469114e-01
2.929999999999960192e+00 4.152572194015625301e-02 2.928473708624336869e+00 1.319976553670351993e-01 4.152448186222257309e-02 2.493333823329751120e-01
2.934999999999960085e+00 3.663824281179962200e-02 2.933361254916639016e+00 1.257311924936241887e-01 3.663713672289237167e-02 2.493334503185055950e-01
2.939999999999959979e+00 3.176558486162162076e-02 2.938233981412135876e+00 1.189271459479726983e-01 3.176461552634202157e-02 2.493335197086815058e-01
2.944999999999958984e+00 2.691265215006178116e-02 2.943086983966141101e+00 1.114726319702522978e-01 2.691182216487841838e-02 2.493335904161279037e-01
2.949999999999958877e+00 2.208745640204201957e-02 2.947912250716950844e+00 1.032061330540433031e-01 2.208676809035547972e-02 2.493336623039530131e-01
2.954999999999959215e+00 1.730450005337580074e-02 2.952695278983147986e+00 9.388500135651355050e-02 1.730395524813698946e-02 2.493337351153223080e-01
2.959999999999959108e+00 1.259420160008367998e-02 2.957405649758071853e+00 8.312797502258974236e-02 1.259380111429598062e-02 2.493338083452545928e-01
2.964999999999959002e+00 8.052537796673864268e-03 2.961947384703457864e+00 7.002348462021698583e-02 8.052279279363916409e-03 2.493338803802697123e-01
2.969999999999958895e+00 4.141045069249817134e-03 2.965858939820703810e+00 5.445679659998484134e-02 4.140911038761906603e-03 2.493339435441006002e-01
2.974999999999958789e+00 3.212276849179481961e-03 2.966787723066258042e+00 4.935056411734466825e-02 3.212172667322433107e-03 2.493339586913262129e-01
2.979999999999959126e+00 3.213670824008080153e-03 2.966786329162399038e+00 4.932235479558910729e-02 3.213566609161833121e-03 2.493339586713365919e-01
2.984999999999959019e+00 3.218726960472657883e-03 2.966781273031910970e+00 4.931999758793167293e-02 3.218622582755625849e-03 2.493339585867938024e-01
2.989999999999958025e+00 3.223995257103191934e-03 2.966776004737837091e+00 4.931907121936528887e-02 3.223890709684762001e-03 2.493339585053898078e-01
2.994999999999957918e+00 3.229353457922091216e-03 2.966770646538127831e+00 4.931863132442954739e-02 3.229248737910194855e-03 2.493339584181691881e-01
2.999999999999957812e+00 3.234735757500719136e-03 2.966765264239271893e+00 4.931835004367125797e-02 3.234630864123011051e-03 2.493339583270131055e-01
3.004999999999958149e+00 3.240130328691066038e-03 2.966759869668608829e+00 4.931815172200697261e-02 3.240025261556089831e-03 2.493339582358201079e-01
3.009999999999958042e+00 3.245533699373053926e-03 2.966754466298314075e+00 4.931800654036303660e-02 3.245428458201304878e-03 2.493339581546986095e-01
3.014999999999957936e+00 3.250942882150858158e-03 2.966749057115832144e+00 4.931789576316678719e-02 3.250837466759027173e-03 2.493339580606346029e-01
3.019999999999957829e+00 3.256356064845750044e-03 2.966743643933371199e+00 4.931780845511322259e-02 3.256250475109024201e-03 2.493339579748710122e-01
3.024999999999958167e+00 3.261772145059952787e-03 2.966738227853344068e+00 4.931773792427741193e-02 3.261666380888871963e-03 2.493339578861120953e-01
3.029999999999958060e+00 3.267190404052149055e-03 2.966732809594506026e+00 4.931767981709846843e-02 3.267084465380599035e-03 2.493339577964756026e-01
3.034999999999957954e+00 3.272610351961097001e-03 2.966727389646727886e+00 4.931763117231086069e-02 3.272504238738482840e-03 2.493339577101751914e-01
3.039999999999956959e+00 3.278031643688074891e-03 2.966721968355110928e+00 4.931758990275276339e-02 3.277925355875122015e-03 2.493339576216775100e-01
3.044999999999956852e+00 3.283454028494817937e-03 2.966716545970399022e+00 4.931755449338307007e-02 3.283347566060302192e-03 2.493339575349574067e-01
3.049999999999957190e+00 3.288877319580625798e-03 2.966711122679395185e+00 4.931752381692212223e-02 3.288770682499330810e-03 2.493339574413032111e-01
3.054999999999957083e+00 3.294301375139035200e-03 2.966705698623908205e+00 4.931749701680637060e-02 3.294194563390195896e-03 2.493339573505619078e-01
3.059999999999956977e+00 3.299726085313548114e-03 2.966700273913796870e+00 4.931747343026830765e-02 3.299619098880102186e-03 2.493339572640816126e-01
3.064999999999956870e+00 3.305151363908518866e-03 2.966694848635257120e+00 4.931745253637385973e-02 3.305044202776108008e-03 2.493339571776543029e-01
3.069999999999957208e+00 3.310577142339619135e-03 2.966689422856875868e+00 4.931743391994129755e-02 3.310469806496075130e-03 2.493339570876441091e-01
3.074999999999957101e+00 3.316003364938392099e-03 2.966683996634321918e+00 4.931741724604631755e-02 3.315895854373418061e-03 2.493339570006848915e-01
3.079999999999956994e+00 3.321429986643881054e-03 2.966678570012656113e+00 4.931740224152909857e-02 3.321322301348517136e-03 2.493339569098360076e-01
3.084999999999956000e+00 3.326856969992744977e-03 2.966673143029343152e+00 4.931738868138890036e-02 3.326749109959337147e-03 2.493339568198842116e-01
3.089999999999955893e+00 3.332284284198076124e-03 2.966667715715169962e+00 4.931737637870196173e-02 3.332176249419838143e-03 2.493339567301648130e-01
3.094999999999955786e+00 3.337711903155116816e-03 2.966662288096243216e+00 4.931736517685700316e-02 3.337603693626344913e-03 2.493339566467437929e-01
3.099999999999956124e+00 3.343139805276955107e-03 2.966656860194147871e+00 4.931735494378271245e-02 3.343031420992347968e-03 2.493339565590567131e-01
3.104999999999956017e+00 3.348567971807124132e-03 2.966651432027644031e+00 4.931734556722242035e-02 3.348459412762184052e-03 2.493339564691058885e-01
3.109999999999955911e+00 3.353996386904322963e-03 2.966646003612568805e+00 4.931733695131541168e-02 3.353887653095077859e-03 2.493339563784492119e-01
3.114999999999955804e+00 3.359425036845109080e-03 2.966640574962648991e+00 4.931732901361961935e-02 3.359316128267785927e-03 2.493339562900561135e-01
3.119999999999956142e+00 3.364853910035488053e-03 2.966635146089477981e+00 4.931732168293508772e-02 3.364744826687026801e-03 2.493339562007370058e-01
3.124999999999956035e+00 3.370282996059124989e-03 2.966629717003473221e+00 4.931731489742757768e-02 3.370173737936577041e-03 2.493339561153029016e-01
3.129999999999955040e+00 3.375712286214717188e-03 2.966624287713333974e+00 4.931730860319794713e-02 3.375602853315395890e-03 2.493339560233555074e-01
3.134999999999954934e+00 3.381141772404081935e-03 2.966618858227159983e+00 4.931730275301156319e-02 3.381032164725739086e-03 2.493339559383203063e-01
3.139999999999954827e+00 3.386571448094278809e-03 2.966613428551485132e+00 4.931729730533424005e-02 3.386461665634720852e-03 2.493339558480348050e-01
3.144999999999955165e+00 3.392001307002141981e-03 2.966607998692590176e+00 4.931729222354795661e-02 3.391891349759367912e-03 2.493339557560124986e-01
3.149999999999955058e+00 3.397431343676574848e-03 2.966602568655928085e+00 4.931728747516647693e-02 3.397321211648928873e-03 2.493339556686507974e-01
3.154999999999954952e+00 3.402861553637851789e-03 2.966597138445977944e+00 4.931728303135837765e-02 3.402751246823653829e-03 2.493339555810631103e-01
3.159999999999954845e+00 3.408291932462146050e-03 2.966591708067165989e+00 4.931727886642046227e-02 3.408181450859860007e-03 2.493339554946565062e-01
3.164999999999955183e+00 3.413722476446126152e-03 2.966586277523191928e+00 4.931727495737092681e-02 3.413611820054506928e-03 2.493339554003826120e-01
3.169999999999955076e+00 3.419153181922319085e-03 2.966580846817724826e+00 4.931727128361178963e-02 3.419042350740086889e-03 2.493339553130322905e-01
3.174999999999954969e+00 3.424584046183190133e-03 2.966575415953474071e+00 4.931726782663013731e-02 3.424473040209207852e-03 2.493339552240327883e-01
3.179999999999953975e+00 3.430015066372716151e-03 2.966569984933292936e+00 4.931726456974103862e-02 3.429903885605822822e-03 2.493339551375564900e-01
3.184999999999953868e+00 3.435446239991092957e-03 2.966564553759682976e+00 4.931726149786846980e-02 3.435334884430484969e-03 2.493339550466117105e-01
3.189999999999954206e+00 3.440877564439461921e-03 2.966559122435242113e+00 4.931725859739566342e-02 3.440766034084163927e-03 2.493339549623125040e-01
3.194999999999954099e+00 3.446309038377596938e-03 2.966553690961311052e+00 4.931725585592842270e-02 3.446197333226708182e-03 2.493339548732660949e-01
3.199999999999953992e+00 3.451740659459002179e-03 2.966548259340235916e+00 4.931725326222383826e-02 3.451628779511772827e-03 2.493339547858411109e-01
3.204999999999953886e+00 3.457172426143715043e-03 2.966542827573558139e+00 4.931725080603274747e-02 3.457060371399478960e-03 2.493339546974263077e-01
3.209999999999953779e+00 3.462604336986602020e-03 2.966537395662721011e+00 4.931724847800914718e-02 3.462492107444647971e-03 2.493339546068575885e-01
3.214999999999954117e+00 3.468036390245950867e-03 2.966531963609468026e+00 4.931724626960228008e-02 3.467923985905562844e-03 2.493339545148705871e-01
3.219999999999954010e+00 3.473468584988355888e-03 2.966526531414730883e+00 4.931724417298576080e-02 3.473356005849081996e-03 2.493339544284763065e-01
3.224999999999953015e+00 3.478900919925682119e-03 2.966521099079799217e+00 4.931724218098894330e-02 3.478788165986900893e-03 2.493339543385154899e-01
3.229999999999952909e+00 3.484333393776044806e-03 2.966515666605952894e+00 4.931724028698763335e-02 3.484220465037268788e-03 2.493339542518024088e-01
3.234999999999952802e+00 3.489766005835409027e-03 2.966510233993898904e+00 4.931723848493328732e-02 3.489652902296191961e-03 2.493339541621659994e-01
3.239999999999953140e+00 3.495198755071531917e-03 2.966504801244667089e+00 4.931723676920463789e-02 3.495085476731385043e-03 2.493339540706364932e-01
3.244999999999953033e+00 3.500631640626486029e-03 2.966499368359117206e+00 4.931723513466707010e-02 3.500518187484980004e-03 2.493339539841956110e-01
3.249999999999952927e+00 3.506064661762591048e-03 2.966493935337983778e+00 4.931723357652362943e-02 3.505951033819342932e-03 2.493339538927877019e-01
3.254999999999952820e+00 3.511497817597992056e-03 2.966488502182153209e+00 4.931723209036451699e-02 3.511384014852513957e-03 2.493339538059065885e-01
3.259999999999953157e+00 3.516931107671561821e-03 2.966483068892082908e+00 4.931723067208825667e-02 3.516817130123639935e-03 2.493339537192174882e-01
3.264999999999953051e+00 3.522364531377489803e-03 2.966477635468380836e+00 4.931722931791065329e-02 3.522250379026758971e-03 2.493339536289616021e-01
3.269999999999952944e+00 3.527798087898860024e-03 2.966472201911864115e+00 4.931722802429611835e-02 3.527683760744971132e-03 2.493339535414728914e-01
3.274999999999951950e+00 3.533231777052238919e-03 2.966466768222713046e+00 4.931722678795715659e-02 3.533117275094976861e-03 2.493339534485251863e-01
3.279999999999951843e+00 3.538665597787296092e-03 2.966461334401981009e+00 4.931722560583515907e-02 3.538550921026284001e-03 2.493339533636531880e-01
3.284999999999952180e+00 3.544099550242040941e-03 2.966455900449529004e+00 4.931722447508944673e-02 3.543984698677005163e-03 2.493339532769114075e-01
3.289999999999952074e+00 3.549533633741693787e-03 2.966450466366032046e+00 4.931722339306818248e-02 3.549418607372456947e-03 2.493339531884385951e-01
3.294999999999951967e+00 3.554967847862851998e-03 2.966445032151913797e+00 4.931722235726883341e-02 3.554852646689198991e-03 2.493339530957519035e-01
3.299999999999951861e+00 3.560402192257111978e-03 2.966439597807521977e+00 4.931722136538709694e-02 3.560286816278734889e-03 2.493339530075165955e-01
3.304999999999952198e+00 3.565836666509861804e-03 2.966434163333271812e+00 4.931722041523810274e-02 3.565721115726617086e-03 2.493339529170471025e-01
3.309999999999952092e+00 3.571271270217384053e-03 2.966428728729566977e+00 4.931721950478581973e-02 3.571155544628946011e-03 2.493339528325164978e-01
3.314999999999951985e+00 3.576706003431232104e-03 2.966423293996355071e+00 4.931721863211350337e-02 3.576590103037569079e-03 2.493339527410272094e-01
3.319999999999950990e+00 3.582140865513706862e-03 2.966417859134275137e+00 4.931721779543341705e-02 3.582024790314553009e-03 2.493339526560114094e-01
3.324999999999950884e+00 3.587575856347832021e-03 2.966412424143443083e+00 4.931721699306700762e-02 3.587459606342990881e-03 2.493339525647191024e-01
3.329999999999951221e+00 3.593010975651868104e-03 2.966406989024140906e+00 4.931721622341528333e-02 3.592894550841219115e-03 2.493339524746543134e-01
3.334999999999951115e+00 3.598446223154582856e-03 2.966401553776640831e+00 4.931721548497888102e-02 3.598329623537899202e-03 2.493339523856029916e-01
3.339999999999951008e+00 3.603881598608527081e-03 2.966396118401187998e+00 4.931721477637696083e-02 3.603764824185673021e-03 2.493339522986529055e-01
3.344999999999950901e+00 3.609317101842222063e-03 2.966390682897956044e+00 4.931721409623925773e-02 3.609200152613123002e-03 2.493339522127160923e-01
3.349999999999950795e+00 3.614752732896624188e-03 2.966385247266904113e+00 4.931721344335383839e-02 3.614635608861104920e-03 2.493339521192876884e-01
3.354999999999951132e+00 3.620188491087287901e-03 2.966379811508715214e+00 4.931721281651905986e-02 3.620071192245278170e-03 2.493339520351395000e-01
3.359999999999951026e+00 3.625624376572956012e-03 2.966374375623229920e+00 4.931721221461266708e-02 3.625506902924179996e-03 2.493339519461112985e-01
3.364999999999950031e+00 3.631060389202060094e-03 2.966368939610601885e+00 4.931721163657205864e-02 3.630942740746490038e-03 2.493339518583796988e-01
3.369999999999949925e+00 3.636496528768002820e-03 2.966363503471038054e+00 4.931721108139389825e-02 3.636378705505594056e-03 2.493339517683212103e-01
3.374999999999949818e+00 3.641932795104820160e-03 2.966358067204703186e+00 4.931721054813492655e-02 3.641814797035403117e-03 2.493339516772374032e-01
3.379999999999950155e+00 3.647369188073369076e-03 2.966352630811735835e+00 4.931721003588140223e-02 3.647251015196805845e-03 2.493339515868835121e-01
3.384999999999950049e+00 3.652805707277030200e-03 2.966347194292533018e+00 4.931720954376925259e-02 3.652687359593231875e-03 2.493339515031177955e-01
3.389999999999949942e+00 3.658242353067941988e-03 2.966341757646743904e+00 4.931720907100382162e-02 3.658123830576843084e-03 2.493339514153858905e-01
3.394999999999949836e+00 3.663679125043037971e-03 2.966336320874769950e+00 4.931720861679073087e-02 3.663560427744517057e-03 2.493339513261310925e-01
3.399999999999950173e+00 3.669116023149566076e-03 2.966330883976664001e+00 4.931720818039494331e-02 3.668997151043518201e-03 2.493339512318875073e-01
3.404999999999950067e+00 3.674553047268081050e-03 2.966325446952545963e+00 4.931720776111137017e-02 3.674434000354497975e-03 2.493339511449025048e-01
3.409999999999949960e+00 3.679990197367285880e-03 2.966320009802447810e+00 4.931720735827455765e-02 3.679870975646037934e-03 2.493339510577556872e-01
3.414999999999948965e+00 3.685427473277970867e-03 2.966314572526539184e+00 4.931720697122909253e-02 3.685308076748938788e-03 2.493339509653753894e-01
3.419999999999948859e+00 3.690864874837294918e-03 2.966309135124979957e+00 4.931720659937895851e-02 3.690745303500441842e-03 2.493339508825991868e-01
3.424999999999949196e+00 3.696302402172473977e-03 2.966303697597645783e+00 4.931720624212836135e-02 3.696182656027779956e-03 2.493339507906824903e-01
3.429999999999949090e+00 3.701740054833585827e-03 2.966298259944986082e+00 4.931720589892091972e-02 3.701620133880978002e-03 2.493339507062042881e-01
3.434999999999948983e+00 3.707177833303446947e-03 2.966292822166516796e+00 4.931720556922065263e-02 3.707057737542763121e-03 2.493339506114564119e-01
3.439999999999948876e+00 3.712615736913516158e-03 2.966287384262908056e+00 4.931720525252082654e-02 3.712495466344778016e-03 2.493339505238351128e-01
3.444999999999949214e+00 3.718053766121936967e-03 2.966281946233701117e+00 4.931720494831508955e-02 3.717933320745104176e-03 2.493339504347376057e-01
3.449999999999949107e+00 3.723491920296531036e-03 2.966276508079527030e+00 4.931720465614641141e-02 3.723371300111466987e-03 2.493339503484469921e-01
3.454999999999949001e+00 3.728930199728607009e-03 2.966271069800094917e+00 4.931720437555799086e-02 3.728809404735299992e-03 2.493339502587703926e-01
3.459999999999948006e+00 3.734368604336027030e-03 2.966265631395489155e+00 4.931720410610303251e-02 3.734247634534448856e-03 2.493339501732622088e-01
3.464999999999947899e+00 3.739807134204047121e-03 2.966260192865620926e+00 4.931720384738406959e-02 3.739685989594065951e-03 2.493339500819237997e-01
3.469999999999947793e+00 3.745245788934402093e-03 2.966254754210890798e+00 4.931720359898413703e-02 3.745124469516026167e-03 2.493339499929533021e-01
3.474999999999948130e+00 3.750684568749714214e-03 2.966249315431077171e+00 4.931720336052573123e-02 3.750563074522927920e-03 2.493339499024138928e-01
3.479999999999948024e+00 3.756123473417037877e-03 2.966243876526410084e+00 4.931720313163150821e-02 3.756001804381737131e-03 2.493339498120659969e-01
3.484999999999947917e+00 3.761562502886992877e-03 2.966238437496940161e+00 4.931720291195369754e-02 3.761440659043158163e-03 2.493339497269105864e-01
3.489999999999947811e+00 3.767001657273144188e-03 2.966232998342555049e+00 4.931720270113502946e-02 3.766879638620768134e-03 2.493339496391558108e-01
3.494999999999948148e+00 3.772440936357158211e-03 2.966227559063471020e+00 4.931720249885752916e-02 3.772318742896186173e-03 2.493339495460928090e-01
3.499999999999948042e+00 3.777880340178659934e-03 2.966222119659649881e+00 4.931720230479347961e-02 3.777757971909045942e-03 2.493339494613250884e-01
3.504999999999947047e+00 3.783319868693201839e-03 2.966216680131136041e+00 4.931720211863502290e-02 3.783197325614939821e-03 2.493339493754402059e-01
3.509999999999946940e+00 3.788759521968448115e-03 2.966211240477861999e+00 4.931720194007434277e-02 3.788636804081479958e-03 2.493339492838362037e-01
3.514999999999946834e+00 3.794199299725940083e-03 2.966205800700103978e+00 4.931720176885300705e-02 3.794076407030221986e-03 2.493339491944895070e-01
3.519999999999947171e+00 3.799639202195624014e-03 2.966200360797635049e+00 4.931720160467324698e-02 3.799516134691093960e-03 2.493339491026647925e-01
3.524999999999947065e+00 3.805079229090550189e-03 2.966194920770739873e+00 4.931720144726690208e-02 3.804955986777213816e-03 2.493339490138911096e-01
3.529999999999946958e+00 3.810519380570235107e-03 2.966189480619260799e+00 4.931720129639546868e-02 3.810395963448010015e-03 2.493339489256851116e-01
3.534999999999946851e+00 3.815959656473061953e-03 2.966184040343359030e+00 4.931720115179093200e-02 3.815836064542054828e-03 2.493339488397885995e-01
3.539999999999947189e+00 3.821400056929160141e-03 2.966178599942903116e+00 4.931720101321496880e-02 3.821276290189246083e-03 2.493339487498403007e-01
3.544999999999947082e+00 3.826840581738833943e-03 2.966173159418093785e+00 4.931720088044887207e-02 3.826716640189963946e-03 2.493339486619116085e-01
3.549999999999946976e+00 3.832281230885790837e-03 2.966167718768947026e+00 4.931720075326440772e-02 3.832157114528000896e-03 2.493339485731672078e-01
3.554999999999945981e+00 3.837722004554637058e-03 2.966162277995278984e+00 4.931720063144304222e-02 3.837597713387875132e-03 2.493339484822285068e-01
3.559999999999945874e+00 3.843162902509595063e-03 2.966156837097324139e+00 4.931720051477624100e-02 3.843038436533885004e-03 2.493339483965404113e-01
3.564999999999946212e+00 3.848603924751245985e-03 2.966151396075082936e+00 4.931720040306528802e-02 3.848479283966477205e-03 2.493339483075351914e-01
3.569999999999946105e+00 3.854045071455689843e-03 2.966145954928379069e+00 4.931720029612148698e-02 3.853920255861952981e-03 2.493339482166546106e-01
3.574999999999945999e+00 3.859486342185222945e-03 2.966140513657649969e+00 4.931720019374630226e-02 3.859361351782442107e-03 2.493339481319682138e-01
3.579999999999945892e+00 3.864927737389120890e-03 2.966135072262446215e+00 4.931720009578063196e-02 3.864802572177250973e-03 2.493339480407688047e-01
3.584999999999945786e+00 3.870369256697913166e-03 2.966129630743136847e+00 4.931720000202607923e-02 3.870243916677007946e-03 2.493339479503398903e-01
3.589999999999946123e+00 3.875810900178919185e-03 2.966124189099656139e+00 4.931719991232365319e-02 3.875685385348881951e-03 2.493339478665047015e-01
3.594999999999946017e+00 3.881252667895068210e-03 2.966118747331940142e+00 4.931719982651437684e-02 3.881126978255932791e-03 2.493339477785755931e-01
3.599999999999945022e+00 3.886694559972132899e-03 2.966113305439864067e+00 4.931719974444930682e-02 3.886568695523839878e-03 2.493339476884479100e-01
3.604999999999944915e+00 3.892136576171083967e-03 2.966107863423664170e+00 4.931719966596956328e-02 3.892010536913681051e-03 2.493339475975613062e-01
3.609999999999944809e+00 3.897578716485895853e-03 2.966102421283351109e+00 4.931719959093602140e-02 3.897452502419351816e-03 2.493339475084407897e-01
3.614999999999945146e+00 3.903020980866964140e-03 2.966096979018968849e+00 4.931719951919000255e-02 3.902894591991223905e-03 2.493339474233081943e-01
3.619999999999945040e+00 3.908463369505602372e-03 2.966091536630329983e+00 4.931719945062201099e-02 3.908336805820700199e-03 2.493339473324044098e-01
3.624999999999944933e+00 3.913905882100291757e-03 2.966086094117736049e+00 4.931719938508322132e-02 3.913779143606244126e-03 2.493339472447886063e-01
3.629999999999944826e+00 3.919348518998927618e-03 2.966080651480837993e+00 4.931719932246427657e-02 3.919221605695689427e-03 2.493339471528772944e-01
