# vcm_v=1.815
# vin_v vout_v m6_vds_v m6_vdsat_v m7_vds_v m7_vdsat_v
0.000000000000000000e+00 3.614510903867094171e+00 1.548645437597783933e-02 1.368973955978491031e+00 3.614505981522930789e+00 1.645173141276715933e-01
5.000000000000000104e-03 3.613191847355579966e+00 1.680551173661903874e-02 1.222385929672965998e+00 3.613186925811747940e+00 1.645173141884818946e-01
1.000000000000000021e-02 3.610771798669933030e+00 1.922556190312585053e-02 1.027244861447971891e+00 3.610766878590327966e+00 1.645173142966530888e-01
1.499999999999999944e-02 3.607664399265848143e+00 2.233296317650034987e-02 8.587147665346772651e-01 3.607659481058758999e+00 1.645173144349882099e-01
2.000000000000000042e-02 3.604080341666139997e+00 2.591702290799436162e-02 7.261198108190222156e-01 3.604075425607585981e+00 1.645173145987686991e-01
2.500000000000000139e-02 3.600147067535711010e+00 2.985029935660233127e-02 6.245142280100388632e-01 3.600142153821781044e+00 1.645173147752752030e-01
2.999999999999999889e-02 3.595962128070512076e+00 3.403524126800760996e-02 5.466104332638620500e-01 3.595957216835994785e+00 1.645173149640040133e-01
3.500000000000000333e-02 3.591595490773466182e+00 3.840188109757836088e-02 4.861670077559762104e-01 3.591590582109339902e+00 1.645173151632768060e-01
4.000000000000000083e-02 3.587096201298859199e+00 4.290117316186536911e-02 4.385470982752354141e-01 3.587091295265480095e+00 1.645173153591618920e-01
4.499999999999999833e-02 3.582498503130794987e+00 4.749887395647656163e-02 4.004423357839270725e-01 3.582493599767198944e+00 1.645173155666543874e-01
5.000000000000000278e-02 3.577826502905443018e+00 5.217087683100141149e-02 3.695049525837942883e-01 3.577821602235717879e+00 1.645173157775184081e-01
5.499999999999999334e-02 3.573097408952826903e+00 5.689997344529595935e-02 3.440556619684447259e-01 3.573092510990433901e+00 1.645173159815276065e-01
5.999999999999999084e-02 3.568323707184443805e+00 6.167367788055644340e-02 3.228772084735039849e-01 3.568318811935165868e+00 1.645173161935951922e-01
6.499999999999998834e-02 3.563514611182522884e+00 6.648277654919798607e-02 3.050736298504235777e-01 3.563509718646518110e+00 1.645173164086579098e-01
6.999999999999999278e-02 3.558677032288292796e+00 7.132035810600578785e-02 2.899750366937561274e-01 3.558672142461535959e+00 1.645173166168754086e-01
7.499999999999999722e-02 3.553816236479709012e+00 7.618115657001078844e-02 2.770728759560889820e-01 3.553811349355009863e+00 1.645173168322504875e-01
8.000000000000000167e-02 3.548936294783461065e+00 8.106110091222573644e-02 2.659754468655707860e-01 3.548931410351221949e+00 1.645173170433111010e-01
8.500000000000000611e-02 3.544040397364968786e+00 8.595700096545577651e-02 2.563769313468123867e-01 3.544035515613722875e+00 1.645173172610737977e-01
9.000000000000001055e-02 3.539131074904275032e+00 9.086632604827427073e-02 2.480355220746615075e-01 3.539126195821106879e+00 1.645173174699050000e-01
9.500000000000001499e-02 3.534210359184831063e+00 9.578704437613838607e-02 2.407577556831106136e-01 3.534205482755683025e+00 1.645173176846309038e-01
1.000000000000000056e-01 3.529279898515317981e+00 1.007175076395125934e-01 2.343871283983333109e-01 3.529275024725230026e+00 1.645173178942395120e-01
1.049999999999999961e-01 3.524341044160253844e+00 1.056563645731886936e-01 2.287957162221707919e-01 3.524336172993546956e+00 1.645173181099555126e-01
1.100000000000000006e-01 3.519394915024296910e+00 1.106024962719684979e-01 2.238779233918216094e-01 3.519390046464720090e+00 1.645173183223589131e-01
1.150000000000000050e-01 3.514442445452611974e+00 1.155549683902421937e-01 2.195457640894503126e-01 3.514437579483459029e+00 1.645173185331189891e-01
1.199999999999999956e-01 3.509484423149419108e+00 1.205129932234472040e-01 2.157252597442265996e-01 3.509479559753616140e+00 1.645173187457766029e-01
1.250000000000000000e-01 3.504521518072832187e+00 1.254759008131851872e-01 2.123536632816666048e-01 3.504516657233010868e+00 1.645173189568973904e-01
1.300000000000000044e-01 3.499554304924199055e+00 1.304431164578888080e-01 2.093772954693494115e-01 3.499549446622765014e+00 1.645173191625723952e-01
1.350000000000000089e-01 3.494583281151907084e+00 1.354141427089924909e-01 2.067498511976550990e-01 3.494578425371073216e+00 1.645173193722553051e-01
1.400000000000000133e-01 3.489608879597454916e+00 1.403885467248597863e-01 2.044310600228793906e-01 3.489604026319296004e+00 1.645173195846628134e-01
1.449999999999999900e-01 3.484631481604846037e+00 1.453659471613812926e-01 2.023856292300877935e-01 3.484626630811324066e+00 1.645173197937342124e-01
1.499999999999999944e-01 3.479651424256597014e+00 1.503460069359592033e-01 2.005824044126965910e-01 3.479646575929591812e+00 1.645173200000044078e-01
1.550000000000001099e-01 3.474669007920375918e+00 1.553284256808686870e-01 1.989937075886089035e-01 3.474664162041706916e+00 1.645173202093405951e-01
1.600000000000000866e-01 3.469684501417788169e+00 1.603129345744646883e-01 1.975948171046618962e-01 3.469679657969234832e+00 1.645173204166585079e-01
1.650000000000000910e-01 3.464698146927061018e+00 1.652992914384983081e-01 1.963635635201969876e-01 3.464693305890378827e+00 1.645173206271602906e-01
1.700000000000000955e-01 3.459710162126793165e+00 1.702872785943622957e-01 1.952800171995364986e-01 3.459705323483733164e+00 1.645173208326521919e-01
1.750000000000000999e-01 3.454720743474831934e+00 1.752766995842139075e-01 1.943262490972759993e-01 3.454715907207149161e+00 1.645173210344579029e-01
1.800000000000001044e-01 3.449730068253575865e+00 1.802673771256703972e-01 1.934861455489821080e-01 3.449725234343044011e+00 1.645173212456373935e-01
1.850000000000001088e-01 3.444738294871453999e+00 1.852591528103330887e-01 1.927452621038069080e-01 3.444733463299875176e+00 1.645173214489192015e-01
1.900000000000001132e-01 3.439745565655051962e+00 1.902518843116491887e-01 1.920907022645491069e-01 3.439740736404269139e+00 1.645173216495166013e-01
1.950000000000000899e-01 3.434752006934405077e+00 1.952454452996321976e-01 1.915110086362248054e-01 3.434747179986306076e+00 1.645173218596384102e-01
2.000000000000000944e-01 3.429757730305016850e+00 2.002397241788292093e-01 1.909960610028640926e-01 3.429752905641551219e+00 1.645173220580327111e-01
2.050000000000000988e-01 3.424762834194677197e+00 2.052346225215103126e-01 1.905369740936448120e-01 3.424758011797853996e+00 1.645173222641561073e-01
2.100000000000001033e-01 3.419767404482740858e+00 2.102300544483886036e-01 1.901259936361568981e-01 3.419762584334641975e+00 1.645173224685632929e-01
2.150000000000001077e-01 3.414771515187184026e+00 2.152259459415644116e-01 1.897563911079721000e-01 3.414766697269969953e+00 1.645173226671322042e-01
2.200000000000001121e-01 3.409775231234927872e+00 2.202222320741898109e-01 1.894223588709031125e-01 3.409770415530839927e+00 1.645173228732439985e-01
2.250000000000000888e-01 3.404778607679205038e+00 2.252188577931137914e-01 1.891189064299146905e-01 3.404773794170572021e+00 1.645173230697621058e-01
2.300000000000000933e-01 3.399781691894069979e+00 2.302157757243734892e-01 1.888417616097740059e-01 3.399776880563309955e+00 1.645173232749755077e-01
2.350000000000000977e-01 3.394784524258775082e+00 2.352129454888043092e-01 1.885872782652482926e-01 3.394779715088403815e+00 1.645173234705520071e-01
2.400000000000001021e-01 3.389787139427050011e+00 2.402103324327651002e-01 1.883523513815456019e-01 3.389782332399677856e+00 1.645173236746134138e-01
2.450000000000001066e-01 3.384789566492834023e+00 2.452079074624121113e-01 1.881343399017141038e-01 3.384784761591174806e+00 1.645173238736331867e-01
2.500000000000001110e-01 3.379791830523111162e+00 2.502056455108597199e-01 1.879309996244105940e-01 3.379787027729974191e+00 1.645173240727083874e-01
2.550000000000001155e-01 3.374793952635422034e+00 2.552035254606677128e-01 1.877404231111657051e-01 3.374789151933724973e+00 1.645173242687897885e-01
2.600000000000001199e-01 3.369795951034057158e+00 2.602015291076393844e-01 1.875609887828526001e-01 3.369791152406821144e+00 1.645173244670692092e-01
2.650000000000001243e-01 3.364797840809452101e+00 2.651996413614413073e-01 1.873913165371360046e-01 3.364793044239803965e+00 1.645173246612965934e-01
2.700000000000000733e-01 3.359799635167910026e+00 2.701978490158714052e-01 1.872302297581117103e-01 3.359794840639080959e+00 1.645173248609270999e-01
2.750000000000000777e-01 3.354801345304814220e+00 2.751961408756504746e-01 1.870767240945979959e-01 3.354796552800145992e+00 1.645173250574981094e-01
2.800000000000000822e-01 3.349802980783109785e+00 2.801945073779318895e-01 1.869299401458869025e-01 3.349798190286048083e+00 1.645173252527044050e-01
2.850000000000000866e-01 3.344804549363637136e+00 2.851929407619807066e-01 1.867891406735900928e-01 3.344799760857736892e+00 1.645173254516814898e-01
2.900000000000000910e-01 3.339806058749929196e+00 2.901914333243670874e-01 1.866536919296903907e-01 3.339801272218856809e+00 1.645173256414285134e-01
2.950000000000002065e-01 3.334807514545290008e+00 2.951899794618885742e-01 1.865230475865171933e-01 3.334802729972817126e+00 1.645173258376121939e-01
3.000000000000002109e-01 3.329808922329220877e+00 3.001885735951463907e-01 1.863967353926176962e-01 3.329804139699227949e+00 1.645173260304353957e-01
3.050000000000002154e-01 3.324810286354392019e+00 3.051872114715759032e-01 1.862743457192304886e-01 3.324805505650870074e+00 1.645173262261498959e-01
3.100000000000002198e-01 3.319811610748416797e+00 3.101858889636642247e-01 1.861555225598904018e-01 3.319806831955462112e+00 1.645173264205921915e-01
3.150000000000002243e-01 3.314812898989643042e+00 3.151846025931677175e-01 1.860399553300935982e-01 3.314808122091461140e+00 1.645173266135807888e-01
3.200000000000001732e-01 3.309814154206379033e+00 3.201833492318830743e-01 1.859273723522862909e-01 3.309809379187283795e+00 1.645173268060201033e-01
3.250000000000001776e-01 3.304815378663959802e+00 3.251821266145769052e-01 1.858175351514342877e-01 3.304810605508377019e+00 1.645173270022100009e-01
3.300000000000001821e-01 3.299816574990999118e+00 3.301809321127370800e-01 1.857102340628039028e-01 3.299811803683458056e+00 1.645173271909750878e-01
3.350000000000001865e-01 3.294817745265618214e+00 3.351797636483460074e-01 1.856052837868087946e-01 3.294812975790756937e+00 1.645173273859215912e-01
3.400000000000001910e-01 3.289818890993445155e+00 3.401786197158803149e-01 1.855025202932288064e-01 3.289814123336010088e+00 1.645173275712258909e-01
3.450000000000001954e-01 3.284820014306334190e+00 3.451774981835846745e-01 1.854017979651428061e-01 3.284815248451178782e+00 1.645173277649999988e-01
3.500000000000001998e-01 3.279821116217064958e+00 3.501763980387839759e-01 1.853029870856328087e-01 3.279816352149150127e+00 1.645173279530733057e-01
3.550000000000002043e-01 3.274822198261048811e+00 3.551753177461650091e-01 1.852059717866071931e-01 3.274817435965442058e+00 1.645173281469735904e-01
3.600000000000002087e-01 3.269823261354304123e+00 3.601742563898153726e-01 1.851106482201398118e-01 3.269818500816179085e+00 1.645173283377691920e-01
3.650000000000002132e-01 3.264824306781974883e+00 3.651732126846912174e-01 1.850169230266064113e-01 3.264819547986610893e+00 1.645173285240174865e-01
3.700000000000002176e-01 3.259825335308760952e+00 3.701721858661914943e-01 1.849247123261215930e-01 3.259820578241546141e+00 1.645173287122232986e-01
3.750000000000002220e-01 3.254826347935065201e+00 3.751711749340170265e-01 1.848339400498771878e-01 3.254821592581488954e+00 1.645173289018179996e-01
3.800000000000002265e-01 3.249827345361111952e+00 3.801701791880440773e-01 1.847445373542278002e-01 3.249822591706772013e+00 1.645173290907354091e-01
3.850000000000001754e-01 3.244828328216086799e+00 3.851691979991844761e-01 1.846564418901414928e-01 3.244823576246686159e+00 1.645173292794017972e-01
3.900000000000001799e-01 3.239829297129929842e+00 3.901682307376023728e-01 1.845695965967174001e-01 3.239824546831274965e+00 1.645173294705571110e-01
3.950000000000001843e-01 3.234830252787717075e+00 3.951672767183195822e-01 1.844839495586101941e-01 3.234825504145720121e+00 1.645173296584900025e-01
4.000000000000001887e-01 3.229831195550331824e+00 4.001663355805523126e-01 1.843994530641027974e-01 3.229826448551008866e+00 1.645173298454661037e-01
4.050000000000001932e-01 3.224832126064129056e+00 4.051654066780442931e-01 1.843160636029184951e-01 3.224827380693600087e+00 1.645173300276517037e-01
4.100000000000003086e-01 3.219833044843284142e+00 4.101644894967186872e-01 1.842337409064845055e-01 3.219828301087769962e+00 1.645173302172066032e-01
4.150000000000003131e-01 3.214833952000362149e+00 4.151635839241122894e-01 1.841524478991352076e-01 3.214829209846190139e+00 1.645173304021111116e-01
4.200000000000003175e-01 3.209834848065170831e+00 4.201626894305108273e-01 1.840721503107924095e-01 3.209830107498770069e+00 1.645173305901030114e-01
4.250000000000003220e-01 3.204835733625387206e+00 4.251618054283397008e-01 1.839928163470760936e-01 3.204830994633288022e+00 1.645173307722062883e-01
4.300000000000003264e-01 3.199836608676549066e+00 4.301609319221558203e-01 1.839144165358873040e-01 3.199831871245386150e+00 1.645173309606481893e-01
4.350000000000002753e-01 3.194837473613204804e+00 4.351600685175101013e-01 1.838369233858604956e-01 3.194832737729713212e+00 1.645173311457041876e-01
4.400000000000002798e-01 3.189838328749460050e+00 4.401592149003933918e-01 1.837603113498025020e-01 3.189833594400476091e+00 1.645173313266642123e-01
4.450000000000002842e-01 3.184839174570100795e+00 4.451583705861156814e-01 1.836845564270971065e-01 3.184834441742559807e+00 1.645173315158424965e-01
4.500000000000002887e-01 3.179840010750496049e+00 4.501575358994069909e-01 1.836096362024141893e-01 3.179835279431439954e+00 1.645173316990196921e-01
4.550000000000002931e-01 3.174840838046990132e+00 4.551567100840165914e-01 1.835355296072166131e-01 3.174836108223554998e+00 1.645173318789824868e-01
4.600000000000002975e-01 3.169841656852796064e+00 4.601558927468287763e-01 1.834622168087148009e-01 3.169836928512224095e+00 1.645173320644887083e-01
4.650000000000003020e-01 3.164842466673988053e+00 4.651550843818648140e-01 1.833896791542737881e-01 3.164837739803615158e+00 1.645173322497716917e-01
4.700000000000003064e-01 3.159843268209896916e+00 4.701542842898863150e-01 1.833178990902843974e-01 3.159838542797161143e+00 1.645173324299193940e-01
4.750000000000003109e-01 3.154844061454924020e+00 4.751534924765907775e-01 1.832468598723250019e-01 3.154839337487359785e+00 1.645173326160669913e-01
4.800000000000003153e-01 3.149844846639127116e+00 4.801527087120138759e-01 1.831765456728516872e-01 3.149840124104371863e+00 1.645173327974560895e-01
4.850000000000003197e-01 3.144845623818553815e+00 4.851519329401984826e-01 1.831069415614610951e-01 3.144840902704340913e+00 1.645173329813789942e-01
4.900000000000003242e-01 3.139846393350496090e+00 4.901511648039532099e-01 1.830380332386183917e-01 3.139841673644657050e+00 1.645173331603821121e-01
4.950000000000002731e-01 3.134847155305890976e+00 4.951504042324307853e-01 1.829698070685626121e-01 3.134842436996354120e+00 1.645173333458405940e-01
5.000000000000003331e-01 3.129847909918822779e+00 5.001496509916409927e-01 1.829022501654866129e-01 3.129843192993612799e+00 1.645173335236086998e-01
5.050000000000003375e-01 3.124848656992525786e+00 5.051489052784385869e-01 1.828353502883265091e-01 3.124843941439765960e+00 1.645173337091588028e-01
5.100000000000003419e-01 3.119849397067838037e+00 5.101481665520859465e-01 1.827690953047939881e-01 3.119844682875747122e+00 1.645173338901652071e-01
5.150000000000003464e-01 3.114850130143623108e+00 5.151474348138052051e-01 1.827034741077437074e-01 3.114845417300514008e+00 1.645173340728106059e-01
5.200000000000003508e-01 3.109850856201234137e+00 5.201467100823391476e-01 1.826384756776636975e-01 3.109846144695520120e+00 1.645173342527926907e-01
5.250000000000003553e-01 3.104851575514715023e+00 5.251459920837309170e-01 1.825740895934823971e-01 3.104846865334899952e+00 1.645173344287592099e-01
5.300000000000003597e-01 3.099852288033360992e+00 5.301452808687825424e-01 1.825103057928423866e-01 3.099847579168045986e+00 1.645173346095598066e-01
5.350000000000003642e-01 3.094852993988439049e+00 5.351445762063096190e-01 1.824471146840928037e-01 3.094848286426318040e+00 1.645173347931828955e-01
5.400000000000003686e-01 3.089853693441682037e+00 5.401438780346783375e-01 1.823845067490675043e-01 3.089848987171543993e+00 1.645173349688114905e-01
5.450000000000003730e-01 3.084854386500496037e+00 5.451431862465700995e-01 1.823224730387675019e-01 3.084849681511223185e+00 1.645173351487131119e-01
5.500000000000003775e-01 3.079855073220613804e+00 5.501425007863387506e-01 1.822610048811565131e-01 3.079850369501181184e+00 1.645173353337482935e-01
5.550000000000003819e-01 3.074855753896201804e+00 5.551418213599101925e-01 1.822000938077651955e-01 3.074851051435679938e+00 1.645173355125937875e-01
5.600000000000003864e-01 3.069856428529504910e+00 5.601411479651279279e-01 1.821397316072375927e-01 3.069851727317054024e+00 1.645173356893644134e-01
5.650000000000003908e-01 3.064857096829911143e+00 5.651404808926940859e-01 1.820799103409133923e-01 3.064852396854786054e+00 1.645173358649237028e-01
5.700000000000003952e-01 3.059857759492161211e+00 5.701398194479536663e-01 1.820206224215741020e-01 3.059853060743705999e+00 1.645173360460422951e-01
5.750000000000003997e-01 3.054858416147823164e+00 5.751391639994296590e-01 1.819618602645211025e-01 3.054853718615473834e+00 1.645173362224355007e-01
5.800000000000004041e-01 3.049859067126391210e+00 5.801385142177131193e-01 1.819036166897058104e-01 3.049854370799677028e+00 1.645173364038589048e-01
5.850000000000004086e-01 3.044859712250457040e+00 5.851378702803016196e-01 1.818458845953944136e-01 3.044855017118993867e+00 1.645173365806237020e-01
5.900000000000004130e-01 3.039860351873641786e+00 5.901372318336588485e-01 1.817886570334401874e-01 3.039855657927140964e+00 1.645173367593532887e-01
5.950000000000004174e-01 3.034860985988785842e+00 5.951365988850323419e-01 1.817319274240807025e-01 3.034856293217043088e+00 1.645173369393883867e-01
6.000000000000004219e-01 3.029861614669755010e+00 6.001359713606446711e-01 1.816756890730905905e-01 3.029856923062658858e+00 1.645173371170783050e-01
6.050000000000004263e-01 3.024862237791921871e+00 6.051353493852040799e-01 1.816199357567966910e-01 3.024857547339447894e+00 1.645173372958647073e-01
6.100000000000004308e-01 3.019862855712375005e+00 6.101347326017130257e-01 1.815646610506684022e-01 3.019858166404588928e+00 1.645173374736917937e-01
6.150000000000004352e-01 3.014863468240151168e+00 6.151341212012160220e-01 1.815098590497186137e-01 3.014858780067204869e+00 1.645173376489650063e-01
6.200000000000004396e-01 3.009864075696527141e+00 6.201335148625233273e-01 1.814555235903697883e-01 3.009859388648663980e+00 1.645173378221531091e-01
6.250000000000004441e-01 3.004864678081275997e+00 6.251329135859435837e-01 1.814016489725145120e-01 3.004859992148824155e+00 1.645173380005056085e-01
6.300000000000004485e-01 2.999865275255729102e+00 6.301323175102333529e-01 1.813482294436923881e-01 2.999860590429102913e+00 1.645173381811002866e-01
6.350000000000004530e-01 2.994865867538123894e+00 6.351317263172351346e-01 1.812952593976915050e-01 2.994861183807826066e+00 1.645173383586527871e-01
6.400000000000004574e-01 2.989866454718708155e+00 6.401311402167881859e-01 1.812427333063784118e-01 2.989861772075327107e+00 1.645173385309849912e-01
6.450000000000004619e-01 2.984867037121346822e+00 6.451305588851070638e-01 1.811906458299397116e-01 2.984862355555557123e+00 1.645173387101054874e-01
6.500000000000004663e-01 2.979867614734644121e+00 6.501299823336710304e-01 1.811389917324933985e-01 2.979862934237203831e+00 1.645173388864226982e-01
6.550000000000004707e-01 2.974868187501499950e+00 6.551294106196658973e-01 1.810877657144810138e-01 2.974863508063254169e+00 1.645173390619160958e-01
6.600000000000004752e-01 2.969868755504649016e+00 6.601288436604311194e-01 1.810369627805130111e-01 2.969864077116526779e+00 1.645173392376866883e-01
6.650000000000004796e-01 2.964869319020181138e+00 6.651282811799670291e-01 1.809865777830773903e-01 2.964864641673195855e+00 1.645173394150236112e-01
6.700000000000004841e-01 2.959869877906299962e+00 6.701277233201450301e-01 1.809366059988498920e-01 2.959865201591548978e+00 1.645173395885440037e-01
6.750000000000004885e-01 2.954870432150585202e+00 6.751271700934684539e-01 1.808870424426685108e-01 2.954865756859248016e+00 1.645173397654748904e-01
6.800000000000004929e-01 2.949870981933543135e+00 6.801266213195105159e-01 1.808378823742637087e-01 2.949866307656884068e+00 1.645173399414109894e-01
6.850000000000004974e-01 2.944871527308749126e+00 6.851260769447780064e-01 1.807891211014200084e-01 2.944866854038112880e+00 1.645173401148913028e-01
6.900000000000005018e-01 2.939872068280835027e+00 6.901255369647150140e-01 1.807407540881952046e-01 2.939867396007648903e+00 1.645173402873564006e-01
6.950000000000005063e-01 2.934872604929125828e+00 6.951250013000787042e-01 1.806927767115147077e-01 2.934867933644901949e+00 1.645173404627031100e-01
7.000000000000005107e-01 2.929873137265929017e+00 7.001244699386375281e-01 1.806451845478768137e-01 2.929868466962255891e+00 1.645173406358234058e-01
7.050000000000005151e-01 2.924873665298974856e+00 7.051239428727424929e-01 1.805979731342342021e-01 2.924868995967524921e+00 1.645173408158251138e-01
7.100000000000005196e-01 2.919874189357556826e+00 7.101234197731765008e-01 1.805511381592438125e-01 2.919869520990082012e+00 1.645173409908353979e-01
7.150000000000005240e-01 2.914874708973882900e+00 7.151229011078101827e-01 1.805046753180075958e-01 2.914870041562215963e+00 1.645173411602849078e-01
7.200000000000005285e-01 2.909875224593462928e+00 7.201223864312091827e-01 1.804585803903522023e-01 2.909870558129516116e+00 1.645173413366131931e-01
7.250000000000005329e-01 2.904875736184720836e+00 7.251218757750281796e-01 1.804128492494279923e-01 2.904871070660484111e+00 1.645173415128212135e-01
7.300000000000005373e-01 2.899876243681064114e+00 7.301213692059347338e-01 1.803674777426008957e-01 2.899871579088606044e+00 1.645173416837049929e-01
7.350000000000005418e-01 2.894876747342494117e+00 7.351208664640056512e-01 1.803224617228313120e-01 2.894872083673964980e+00 1.645173418571828916e-01
7.400000000000005462e-01 2.889877247100856028e+00 7.401203676174707979e-01 1.802777973330718930e-01 2.889872584348481155e+00 1.645173420355524885e-01
7.450000000000005507e-01 2.884877743122273852e+00 7.451198725002776690e-01 1.802334805281463059e-01 2.884873081278358065e+00 1.645173422071604108e-01
7.500000000000005551e-01 2.879878234966839035e+00 7.501193815524138664e-01 1.801895074817058962e-01 2.879873574023760874e+00 1.645173423846814920e-01
7.550000000000005596e-01 2.874878723118968082e+00 7.551188942895366019e-01 1.801458741926265095e-01 2.874874063069186914e+00 1.645173425580487014e-01
7.600000000000005640e-01 2.869879207579231206e+00 7.601184107111489396e-01 1.801025769722298109e-01 2.869874548415281001e+00 1.645173427269704114e-01
7.650000000000005684e-01 2.864879688462422802e+00 7.651179307025297582e-01 1.800596120022167068e-01 2.864875030176910808e+00 1.645173429036499990e-01
7.700000000000005729e-01 2.859880165520025219e+00 7.701174545122722037e-01 1.800169756236350005e-01 2.859875508105636843e+00 1.645173430770182077e-01
7.750000000000005773e-01 2.854880639173301926e+00 7.751169817191838618e-01 1.799746639967569894e-01 2.854875982622798958e+00 1.645173432517683942e-01
7.800000000000005818e-01 2.849881108876274993e+00 7.801165128693146045e-01 1.799326736170872021e-01 2.849876453182491165e+00 1.645173434268933088e-01
7.850000000000005862e-01 2.844881575346419833e+00 7.851160472452631822e-01 1.798910008395351867e-01 2.844876920502263040e+00 1.645173435988810107e-01
7.900000000000005906e-01 2.839882038072233161e+00 7.901155853586034894e-01 1.798496422028006969e-01 2.839877384070685018e+00 1.645173437679874062e-01
7.950000000000005951e-01 2.834882497544668922e+00 7.951151267184517479e-01 1.798085940402562866e-01 2.834877844378787870e+00 1.645173439430487050e-01
8.000000000000005995e-01 2.829882953593255035e+00 8.001146714953515371e-01 1.797678529322903895e-01 2.829878301256167905e+00 1.645173441197050890e-01
8.050000000000006040e-01 2.824883406119312212e+00 8.051142197880536422e-01 1.797274154995339990e-01 2.824878754604219999e+00 1.645173442881029124e-01
8.100000000000006084e-01 2.819883855255397975e+00 8.101137714640715970e-01 1.796872782297014026e-01 2.819879204555573171e+00 1.645173444639951021e-01
8.150000000000006128e-01 2.814884301288743007e+00 8.151133262362408871e-01 1.796474378513203962e-01 2.814879651397530047e+00 1.645173446345551127e-01
8.200000000000006173e-01 2.809884743771788873e+00 8.201128845521910016e-01 1.796078909678719138e-01 2.809880094682605023e+00 1.645173448056302112e-01
8.250000000000006217e-01 2.804885183377280100e+00 8.251124457392480238e-01 1.795686342616120978e-01 2.804880535083611015e+00 1.645173449786319075e-01
8.300000000000006262e-01 2.799885619408228887e+00 8.301120104944645917e-01 1.795296645696269899e-01 2.799880971903630833e+00 1.645173451569192924e-01
8.350000000000006306e-01 2.794886052534565124e+00 8.351115781479845346e-01 1.794909784818878862e-01 2.794881405812664976e+00 1.645173453296565891e-01
8.400000000000006350e-01 2.789886482489408071e+00 8.401111489667507648e-01 1.794525729601866015e-01 2.789881836543901983e+00 1.645173454992132078e-01
8.450000000000006395e-01 2.784886909295494206e+00 8.451107229280943045e-01 1.794144448461910124e-01 2.784882264120148054e+00 1.645173456712668014e-01
8.500000000000006439e-01 2.779887333122700976e+00 8.501102998622056539e-01 1.793765909364015976e-01 2.779882688711346805e+00 1.645173458417749091e-01
8.550000000000006484e-01 2.774887753793989997e+00 8.551098799461929190e-01 1.793390080717038870e-01 2.774883110140530906e+00 1.645173460151974076e-01
8.600000000000006528e-01 2.769888171599490079e+00 8.601094628899903505e-01 1.793016932827981025e-01 2.769883528697894892e+00 1.645173461893673084e-01
8.650000000000006573e-01 2.764888586510664936e+00 8.651090487221999581e-01 1.792646434393818100e-01 2.764883944354969980e+00 1.645173463626090071e-01
8.700000000000006617e-01 2.759888998416045069e+00 8.701086375543578555e-01 1.792278555747373880e-01 2.759884357000355948e+00 1.645173465350618092e-01
8.750000000000006661e-01 2.754889407419796044e+00 8.751082292823584297e-01 1.791913267336426030e-01 2.754884766738281865e+00 1.645173467041645132e-01
8.800000000000006706e-01 2.749889813676702044e+00 8.801078237514876612e-01 1.791550539026318944e-01 2.749885173723599863e+00 1.645173468810227912e-01
8.850000000000006750e-01 2.744890216848660192e+00 8.851074212999106017e-01 1.791190342235723099e-01 2.744885577618270123e+00 1.645173470483012879e-01
8.900000000000006795e-01 2.739890617286051100e+00 8.901070215773083660e-01 1.790832647020118018e-01 2.739885978772741204e+00 1.645173472212584087e-01
8.950000000000006839e-01 2.734891015072947074e+00 8.951066244996734866e-01 1.790477425824713031e-01 2.734886377271147140e+00 1.645173473960953037e-01
9.000000000000006883e-01 2.729891409953892900e+00 9.001062303225233485e-01 1.790124649449116034e-01 2.729886772858101995e+00 1.645173475672236929e-01
9.050000000000006928e-01 2.724891802421894216e+00 9.051058385529175965e-01 1.789774289170492083e-01 2.724887166026669139e+00 1.645173477407806950e-01
9.100000000000006972e-01 2.719892192288455135e+00 9.101054493794094036e-01 1.789426317891160134e-01 2.719887556588421074e+00 1.645173479081470935e-01
9.150000000000007017e-01 2.714892579142770046e+00 9.151050632128678863e-01 1.789080707391154934e-01 2.714887944132613029e+00 1.645173480810322997e-01
9.200000000000007061e-01 2.709892963626601148e+00 9.201046794115947947e-01 1.788737430566756104e-01 2.709888329301068044e+00 1.645173482553979050e-01
9.250000000000007105e-01 2.704893345473407873e+00 9.251042982421844307e-01 1.788396460769945961e-01 2.704888711827312164e+00 1.645173484291878874e-01
9.300000000000007150e-01 2.699893724691321051e+00 9.301039196965743550e-01 1.788057770243625111e-01 2.699889091719533951e+00 1.645173485952320103e-01
9.350000000000007194e-01 2.694894101608895198e+00 9.351035434462633411e-01 1.787721333310210992e-01 2.694889469306350094e+00 1.645173487728834039e-01
9.400000000000007239e-01 2.689894476008646951e+00 9.401031697087991468e-01 1.787387122370177883e-01 2.689889844370338956e+00 1.645173489406724920e-01
9.450000000000007283e-01 2.684894847821226005e+00 9.451027985535862541e-01 1.787055112404306867e-01 2.684890216842211075e+00 1.645173491164813873e-01
9.500000000000007327e-01 2.679895217315789058e+00 9.501024297115336914e-01 1.786725276217110969e-01 2.679890586991183099e+00 1.645173492880603050e-01
9.550000000000007372e-01 2.674895584286844041e+00 9.551020633881845967e-01 1.786397589485161086e-01 2.674890954611818916e+00 1.645173494558032079e-01
9.600000000000007416e-01 2.669895949001670044e+00 9.601016993163189461e-01 1.786072026051563066e-01 2.669891319971462007e+00 1.645173496314543959e-01
9.650000000000007461e-01 2.664896311282121122e+00 9.651013376741435223e-01 1.785748560568050092e-01 2.664891682892021052e+00 1.645173498018064895e-01
9.700000000000007505e-01 2.659896671344768038e+00 9.701009782451421870e-01 1.785427169074703113e-01 2.659892043590128097e+00 1.645173499705545883e-01
9.750000000000007550e-01 2.654897029107531115e+00 9.751006211114527922e-01 1.785107825348458133e-01 2.654892401983758088e+00 1.645173501442371011e-01
9.800000000000007594e-01 2.649897384626910934e+00 9.801002662166298229e-01 1.784790505536685001e-01 2.649892758129472892e+00 1.645173503143285976e-01
9.850000000000007638e-01 2.644897737831116036e+00 9.850999136325202521e-01 1.784475185475911940e-01 2.644893111955536114e+00 1.645173504846038914e-01
9.900000000000007683e-01 2.639898088879136129e+00 9.900995632001889923e-01 1.784161841471272880e-01 2.639893463620992087e+00 1.645173506566962873e-01
9.950000000000007727e-01 2.634898437549508809e+00 9.950992151411552911e-01 1.783850448455890081e-01 2.634893812904437027e+00 1.645173508278116870e-01
1.000000000000001110e+00 2.629898784344106843e+00 1.000098868953599895e+00 1.783540983757682108e-01 2.629894160307800099e+00 1.645173509982262028e-01
1.005000000000001004e+00 2.624899128938125159e+00 1.005098524962382056e+00 1.783233423828314013e-01 2.624894505506328191e+00 1.645173511731055083e-01
1.010000000000000009e+00 2.619899471271481151e+00 1.010098183227639002e+00 1.782927745628549998e-01 2.619894848439995094e+00 1.645173513475471083e-01
1.014999999999999902e+00 2.614899811774535010e+00 1.015097843319060944e+00 1.782623925535347931e-01 2.614895189539217846e+00 1.645173515126595043e-01
1.020000000000000018e+00 2.609900150159830901e+00 1.020097505524161008e+00 1.782321941318855962e-01 2.609895528516592123e+00 1.645173516844097017e-01
1.024999999999999911e+00 2.604900486457780051e+00 1.025097169812577924e+00 1.782021769853991133e-01 2.604895865402582000e+00 1.645173518603778862e-01
1.030000000000000027e+00 2.599900820865797879e+00 1.030096835986948012e+00 1.781723389517803902e-01 2.599896200394658852e+00 1.645173520329374917e-01
1.034999999999999920e+00 2.594901153221314871e+00 1.035096504209892965e+00 1.781426778088268936e-01 2.594896533330302013e+00 1.645173522048757886e-01
1.040000000000000036e+00 2.589901483589017062e+00 1.040096174416776931e+00 1.781131913175720005e-01 2.589896864274254806e+00 1.645173523753525047e-01
1.044999999999999929e+00 2.584901812049622993e+00 1.045095846526935990e+00 1.780838772991621133e-01 2.584897193307282848e+00 1.645173525465546960e-01
1.050000000000000044e+00 2.579902138724775806e+00 1.050095520418772077e+00 1.780547336471972886e-01 2.579897520551084789e+00 1.645173527137714087e-01
1.054999999999999050e+00 2.574902463307012113e+00 1.055095196399804980e+00 1.780257581345310869e-01 2.574897845698243870e+00 1.645173528865203905e-01
1.059999999999998943e+00 2.569902786228453806e+00 1.060094874037956103e+00 1.779969487895020908e-01 2.569898169180937053e+00 1.645173530620225033e-01
1.064999999999999059e+00 2.564903107287364037e+00 1.065094553535016031e+00 1.779683033712806950e-01 2.564898490797475006e+00 1.645173532306415942e-01
1.069999999999998952e+00 2.559903426411779037e+00 1.070094234962994051e+00 1.779398199294220106e-01 2.559898810475945030e+00 1.645173534018433137e-01
1.074999999999999067e+00 2.554903743801844040e+00 1.075093918121794001e+00 1.779114963591316989e-01 2.554899128416541210e+00 1.645173535725560909e-01
1.079999999999998961e+00 2.549904059588187000e+00 1.080093602880840109e+00 1.778833306133192071e-01 2.549899444749939015e+00 1.645173537436812883e-01
1.084999999999999076e+00 2.544904373499833117e+00 1.085093289511146919e+00 1.778553207262361935e-01 2.544899759205212941e+00 1.645173539153693965e-01
1.089999999999998970e+00 2.539904685789053929e+00 1.090092977760497961e+00 1.778274645924086128e-01 2.539900072034685152e+00 1.645173540909344034e-01
1.094999999999999085e+00 2.534904996134685007e+00 1.095092667950100074e+00 1.777997603136416138e-01 2.534900382917236072e+00 1.645173542593144078e-01
1.099999999999998979e+00 2.529905304969303881e+00 1.100092359647423912e+00 1.777722059374552133e-01 2.529900692285492969e+00 1.645173544340667871e-01
1.104999999999997984e+00 2.524905612238967034e+00 1.105092052906458955e+00 1.777447994840548884e-01 2.524901000085555847e+00 1.645173546049525093e-01
1.109999999999998099e+00 2.519905917858067834e+00 1.110091747812854912e+00 1.777175390782808895e-01 2.519901306231866034e+00 1.645173547715680917e-01
1.114999999999997993e+00 2.514906221641012962e+00 1.115091444552255950e+00 1.776904227245617029e-01 2.514901610538878174e+00 1.645173549458910089e-01
1.119999999999998108e+00 2.509906523966548786e+00 1.120091142745949897e+00 1.776634486981172878e-01 2.509901913385382155e+00 1.645173551149020919e-01
1.124999999999998002e+00 2.504906824862815018e+00 1.125090842365854105e+00 1.776366149860617027e-01 2.504902214799561211e+00 1.645173552898968050e-01
1.129999999999997895e+00 2.499907123998581948e+00 1.130090543743232923e+00 1.776099198061628914e-01 2.499902514450234925e+00 1.645173554596983945e-01
1.134999999999998010e+00 2.494907421663242975e+00 1.135090246588742913e+00 1.775833612954250129e-01 2.494902812626837108e+00 1.645173556328735076e-01
1.139999999999997904e+00 2.489907717926826081e+00 1.140089950832394949e+00 1.775569376388796972e-01 2.489903109399442815e+00 1.645173558049138895e-01
1.144999999999998019e+00 2.484908012731068983e+00 1.145089656532497058e+00 1.775306470877688891e-01 2.484903404709831953e+00 1.645173559725325030e-01
1.149999999999997025e+00 2.479908305947787994e+00 1.150089363817270893e+00 1.775044878283043026e-01 2.479903698429863912e+00 1.645173561443926957e-01
1.154999999999996918e+00 2.474908597780939079e+00 1.155089072482808898e+00 1.774784581062039956e-01 2.474903990763536843e+00 1.645173563204636868e-01
1.159999999999997033e+00 2.469908888117287926e+00 1.160088782642380911e+00 1.774525562101547937e-01 2.469904281597660844e+00 1.645173564927271959e-01
1.164999999999996927e+00 2.464909177162838194e+00 1.165088494090029014e+00 1.774267803994654114e-01 2.464904571138279099e+00 1.645173566599252013e-01
1.169999999999997042e+00 2.459909464627343834e+00 1.170088207116039003e+00 1.774011288981542089e-01 2.459904859095189966e+00 1.645173568322930990e-01
1.174999999999996936e+00 2.454909750963906845e+00 1.175087921267347069e+00 1.773756001437299112e-01 2.454905145921533194e+00 1.645173570025554866e-01
1.179999999999997051e+00 2.449910035807874920e+00 1.180087636908647930e+00 1.773501924038390909e-01 2.449905431252699106e+00 1.645173571745136010e-01
1.184999999999996945e+00 2.444910319413963862e+00 1.185087353785263975e+00 1.773249039848933117e-01 2.444905715343443919e+00 1.645173573499812969e-01
1.189999999999997060e+00 2.439910601630685960e+00 1.190087072048725103e+00 1.772997332611301879e-01 2.439905998042319890e+00 1.645173575211907879e-01
1.194999999999996954e+00 2.434910882555470835e+00 1.195086791601637000e+00 1.772746786950384068e-01 2.434906279446797051e+00 1.645173576929440939e-01
1.199999999999995959e+00 2.429911162185590001e+00 1.200086512446767006e+00 1.772497385652019031e-01 2.429906559554184220e+00 1.645173578672829984e-01
1.204999999999996074e+00 2.424911440601476897e+00 1.205086234503722098e+00 1.772249113219895866e-01 2.424906838444954804e+00 1.645173580335508867e-01
1.209999999999995968e+00 2.419911717687512009e+00 1.210085957888159092e+00 1.772001954709974125e-01 2.419907116003527037e+00 1.645173582102776866e-01
1.214999999999996083e+00 2.414911993635143972e+00 1.215085682408665990e+00 1.771755893650520108e-01 2.414907392421389964e+00 1.645173583793733130e-01
1.219999999999995977e+00 2.409912268313064043e+00 1.220085408196587062e+00 1.771510914849933893e-01 2.409907667567269041e+00 1.645173585537741956e-01
1.224999999999996092e+00 2.404912541996623077e+00 1.225085134976612977e+00 1.771267002615921904e-01 2.404907941716554198e+00 1.645173587215879862e-01
1.229999999999995985e+00 2.399912814204014921e+00 1.230084863230580083e+00 1.771024143389968997e-01 2.399908214387476146e+00 1.645173588944343901e-01
1.234999999999996101e+00 2.394913085469398073e+00 1.235084592424370076e+00 1.770782320641486052e-01 2.394908486114228019e+00 1.645173590653238871e-01
1.239999999999995994e+00 2.389913355464500011e+00 1.240084322886287893e+00 1.770541520579415051e-01 2.389908756568578152e+00 1.645173592402640883e-01
1.244999999999995000e+00 2.384913624295962098e+00 1.245084054509731031e+00 1.770301728290291088e-01 2.384909025857197218e+00 1.645173594103390979e-01
1.249999999999994893e+00 2.379913892114017937e+00 1.250083787144496972e+00 1.770062929329856982e-01 2.379909294130358788e+00 1.645173595845831893e-01
1.254999999999995008e+00 2.374914158801913810e+00 1.255083520907374961e+00 1.769825109427662080e-01 2.374909561271342895e+00 1.645173597579014935e-01
1.259999999999994902e+00 2.369914424462364888e+00 1.260083255695684024e+00 1.769588254459643906e-01 2.369909827382899792e+00 1.645173599313473900e-01
1.264999999999995017e+00 2.364914689017779903e+00 1.265082991587050953e+00 1.769352350611305136e-01 2.364910092387471963e+00 1.645173601044598866e-01
1.269999999999994911e+00 2.359914952648693998e+00 1.270082728400971916e+00 1.769117383965375101e-01 2.359910356465626968e+00 1.645173602730574114e-01
1.274999999999995026e+00 2.354915215060145783e+00 1.275082466432440942e+00 1.768883340700171947e-01 2.354910619322438059e+00 1.645173604470981932e-01
1.279999999999994920e+00 2.349915476493662947e+00 1.280082205439962095e+00 1.768650207938481100e-01 2.349910881199468005e+00 1.645173606189249960e-01
1.284999999999995035e+00 2.344915737065833117e+00 1.285081945306983942e+00 1.768417971666871868e-01 2.344911142213331967e+00 1.645173607897114088e-01
1.289999999999994040e+00 2.339915996635284046e+00 1.290081686174906039e+00 1.768186618676877986e-01 2.339911402222696779e+00 1.645173609610688925e-01
1.294999999999993934e+00 2.334916255059169998e+00 1.295081428186606987e+00 1.767956136432113079e-01 2.334911661084743795e+00 1.645173611376666012e-01
1.299999999999994049e+00 2.329916512654336191e+00 1.300081171025275983e+00 1.767726511263993106e-01 2.329911919116351982e+00 1.645173613084764952e-01
1.304999999999993943e+00 2.324916769230413127e+00 1.305080914881308951e+00 1.767497731296356067e-01 2.324912176127182040e+00 1.645173614801095918e-01
1.309999999999994058e+00 2.319917024929338822e+00 1.310080659612798071e+00 1.767269783755938128e-01 2.319912432259203960e+00 1.645173616524157889e-01
1.314999999999993952e+00 2.314917279656810933e+00 1.315080405314078105e+00 1.767042655244245863e-01 2.314912687418146042e+00 1.645173618274801963e-01
1.319999999999994067e+00 2.309917533707448012e+00 1.320080151690562031e+00 1.766816334463559013e-01 2.309912941898657035e+00 1.645173619955873079e-01
1.324999999999993960e+00 2.304917786610985786e+00 1.325079899212540102e+00 1.766590808870192875e-01 2.304913195230500200e+00 1.645173621720028012e-01
1.329999999999994076e+00 2.299918038771977979e+00 1.330079647475487903e+00 1.766366066566159021e-01 2.299913447818259904e+00 1.645173623443861033e-01
1.334999999999993969e+00 2.294918289969984926e+00 1.335079396699873966e+00 1.766142095209055907e-01 2.294913699441528010e+00 1.645173625133136974e-01
1.339999999999992975e+00 2.289918540369058064e+00 1.340079146721675940e+00 1.765918883848754117e-01 2.289913950264383047e+00 1.645173626862609095e-01
1.344999999999993090e+00 2.284918789992048005e+00 1.345078897518070082e+00 1.765696420300660874e-01 2.284914200309703158e+00 1.645173628622237094e-01
1.349999999999992983e+00 2.279919038708840162e+00 1.350078649219200955e+00 1.765474693133423922e-01 2.279914449447403957e+00 1.645173630357313899e-01
1.354999999999993099e+00 2.274919286653585004e+00 1.355078401690944068e+00 1.765253690669124076e-01 2.274914697811662112e+00 1.645173632054605095e-01
1.359999999999992992e+00 2.269919533792005950e+00 1.360078154967601982e+00 1.765033402632444903e-01 2.269914945368229020e+00 1.645173633803539981e-01
1.364999999999993108e+00 2.264919780262118820e+00 1.365077908911187965e+00 1.764813816980604910e-01 2.264915192255147147e+00 1.645173635525593869e-01
1.369999999999993001e+00 2.259920025765894014e+00 1.370077663819754932e+00 1.764594923652693936e-01 2.259915438174413094e+00 1.645173637266947042e-01
1.374999999999992895e+00 2.254920270634102053e+00 1.375077419362559894e+00 1.764376711618849125e-01 2.254915683456825803e+00 1.645173638965720109e-01
1.379999999999993010e+00 2.249920514684788042e+00 1.380077175721581950e+00 1.764159169920067050e-01 2.249915927920456138e+00 1.645173640689200079e-01
1.384999999999992015e+00 2.244920757958141166e+00 1.385076932856659893e+00 1.763942288377589873e-01 2.244916171605516819e+00 1.645173642449563045e-01
1.389999999999991909e+00 2.239921000693414044e+00 1.390076690528563974e+00 1.763726055985888885e-01 2.239916414751287999e+00 1.645173644143863023e-01
1.394999999999992024e+00 2.234921242489236182e+00 1.395076449138691999e+00 1.763510463039094922e-01 2.234916656956423164e+00 1.645173645907956894e-01
1.399999999999991918e+00 2.229921483664555115e+00 1.400076208368117081e+00 1.763295499356496987e-01 2.229916898539896053e+00 1.645173647666668959e-01
1.404999999999992033e+00 2.224921724200215056e+00 1.405075968236018991e+00 1.763081155150353074e-01 2.224917139482573081e+00 1.645173649381090897e-01
1.409999999999991926e+00 2.219921964072910203e+00 1.410075728765731062e+00 1.762867419954415871e-01 2.219917379761175091e+00 1.645173651102312118e-01
1.414999999999992042e+00 2.214922203183788962e+00 1.415075490056125984e+00 1.762654284519480086e-01 2.214917619276874028e+00 1.645173652806619924e-01
1.419999999999991935e+00 2.209922441801381865e+00 1.420075251838698094e+00 1.762441738509508138e-01 2.209917858298222182e+00 1.645173654552639919e-01
1.424999999999992051e+00 2.204922679542220987e+00 1.425075014496933967e+00 1.762229773383668097e-01 2.204918096441775166e+00 1.645173656314380117e-01
1.429999999999991944e+00 2.199922916794890160e+00 1.430074777642277972e+00 1.762018379213990960e-01 2.199918334096139017e+00 1.645173658017473062e-01
1.434999999999990949e+00 2.194923153523860027e+00 1.435074541310275009e+00 1.761807547184247869e-01 2.194918571225810133e+00 1.645173659788173870e-01
1.439999999999991065e+00 2.189923389448324986e+00 1.440074305781757991e+00 1.761597267327837113e-01 2.189918807550002899e+00 1.645173661487835115e-01
1.444999999999990958e+00 2.184923624753480009e+00 1.445074070871549932e+00 1.761387531639836967e-01 2.184919043253935822e+00 1.645173663233913119e-01
1.449999999999991074e+00 2.179923859531812003e+00 1.450073836487187906e+00 1.761178330629281086e-01 2.179919278430113128e+00 1.645173665011830100e-01
1.454999999999990967e+00 2.174924093771891886e+00 1.455073602640122088e+00 1.760969655223982022e-01 2.174919513067132826e+00 1.645173666748414865e-01
1.459999999999991083e+00 2.169924327261696817e+00 1.460073369542393973e+00 1.760761497485225924e-01 2.169919746952989836e+00 1.645173668453923932e-01
1.464999999999990976e+00 2.164924560440908863e+00 1.465073136754341920e+00 1.760553848590754034e-01 2.164919980527387988e+00 1.645173670176048042e-01
1.469999999999991092e+00 2.159924792877915944e+00 1.470072904707599104e+00 1.760346700220521976e-01 2.159920213358735186e+00 1.645173671916251024e-01
1.474999999999990985e+00 2.154925024865804062e+00 1.475072673109097954e+00 1.760140044303507012e-01 2.154920445740136081e+00 1.645173673695000116e-01
1.479999999999989990e+00 2.149925256124447959e+00 1.480072442238985042e+00 1.759933871901994962e-01 2.149920677391488955e+00 1.645173675395681101e-01
1.484999999999990106e+00 2.144925487149350829e+00 1.485072211601774939e+00 1.759728175739213862e-01 2.144920908808313875e+00 1.645173677157698022e-01
1.489999999999989999e+00 2.139925717283745144e+00 1.490071981854256045e+00 1.759522947024592943e-01 2.139921139333864186e+00 1.645173678887069946e-01
1.494999999999989893e+00 2.134925947082820130e+00 1.495071752441256896e+00 1.759318178679036004e-01 2.134921369523345991e+00 1.645173680651758896e-01
1.499999999999990008e+00 2.129926176614902023e+00 1.500071523294467024e+00 1.759113863197329930e-01 2.129921599445106839e+00 1.645173682381854130e-01
1.504999999999989901e+00 2.124926405333610990e+00 1.505071294960288020e+00 1.758909991742081957e-01 2.124921828552784220e+00 1.645173684135156078e-01
1.509999999999990017e+00 2.119926633805448990e+00 1.510071066872233914e+00 1.758706557336074949e-01 2.119922057412899186e+00 1.645173685864675106e-01
1.514999999999989910e+00 2.114926861551055026e+00 1.515070839509683021e+00 1.758503553406680076e-01 2.114922285546107172e+00 1.645173687602738133e-01
1.519999999999990026e+00 2.109927089065536165e+00 1.520070612377546038e+00 1.758300971911435917e-01 2.109922513447533010e+00 1.645173689363264025e-01
1.524999999999989031e+00 2.104927316021929062e+00 1.525070385802804074e+00 1.758098805475631909e-01 2.104922740790231117e+00 1.645173691054248044e-01
1.529999999999988924e+00 2.099927542421085036e+00 1.530070159784620909e+00 1.757897046905916028e-01 2.099922967575070132e+00 1.645173692855917968e-01
1.534999999999989040e+00 2.094927768460194795e+00 1.535069934125822044e+00 1.757695690194628901e-01 2.094923193999258970e+00 1.645173694586389013e-01
1.539999999999988933e+00 2.089927994081846929e+00 1.540069708883837984e+00 1.757494727666774892e-01 2.089923420005400878e+00 1.645173696324090107e-01
1.544999999999989049e+00 2.084928219324694965e+00 1.545069484020032080e+00 1.757294152498029005e-01 2.084923645632165812e+00 1.645173698062998013e-01
1.549999999999988942e+00 2.079928444028440016e+00 1.550069259694714985e+00 1.757093958212888052e-01 2.079923870719272205e+00 1.645173699840200010e-01
1.554999999999989058e+00 2.074928668234064855e+00 1.555069035866917027e+00 1.756894138356550061e-01 2.074924095307717931e+00 1.645173701561870871e-01
1.559999999999988951e+00 2.069928892172924861e+00 1.560068812305305030e+00 1.756694686735043032e-01 2.069924319628873910e+00 1.645173703327575121e-01
1.564999999999989067e+00 2.064929115729000841e+00 1.565068589125909959e+00 1.756495595801355891e-01 2.064924543566736936e+00 1.645173705079346904e-01
1.569999999999988960e+00 2.059929338764732165e+00 1.570068366466305099e+00 1.756296860546676109e-01 2.059924766983761035e+00 1.645173706833630012e-01
1.574999999999987965e+00 2.054929561468043175e+00 1.575068144138584980e+00 1.756098473745431876e-01 2.054924990067885204e+00 1.645173708555970060e-01
1.579999999999988081e+00 2.049929783754464996e+00 1.580067922227228916e+00 1.755900429969113052e-01 2.049925212734654778e+00 1.645173710311347015e-01
1.584999999999987974e+00 2.044930005893547786e+00 1.585067700462702955e+00 1.755702723128738929e-01 2.044925435253635904e+00 1.645173712069024075e-01
1.589999999999988090e+00 2.039930227373929039e+00 1.590067479356380931e+00 1.755505347501188085e-01 2.039925657113479840e+00 1.645173713801512949e-01
1.594999999999987983e+00 2.034930448614317822e+00 1.595067258489569983e+00 1.755308296914113997e-01 2.034925878732908089e+00 1.645173715574856088e-01
1.599999999999988098e+00 2.029930669511940788e+00 1.600067037965057004e+00 1.755111565505400872e-01 2.029926100009161960e+00 1.645173717333348884e-01
1.604999999999987992e+00 2.024930890019617902e+00 1.605066817830032910e+00 1.754915147229965111e-01 2.024926320895076071e+00 1.645173719034208060e-01
1.609999999999988107e+00 2.019931110251263817e+00 1.610066597970595037e+00 1.754719038286124133e-01 2.019926541504573958e+00 1.645173720848273069e-01
1.614999999999988001e+00 2.014931330099444029e+00 1.615066378494194987e+00 1.754523231466414979e-01 2.014926761730240212e+00 1.645173722552565054e-01
1.619999999999987006e+00 2.009931549599742073e+00 1.620066159365256109e+00 1.754327722168453896e-01 2.009926981607665919e+00 1.645173724360050882e-01
1.624999999999986899e+00 2.004931768809683046e+00 1.625065940526269959e+00 1.754132504945609961e-01 2.004927201194393049e+00 1.645173726101750999e-01
1.629999999999987015e+00 1.999931987656963894e+00 1.630065722049550025e+00 1.753937574499268015e-01 1.999927420418128987e+00 1.645173727816832965e-01
1.634999999999986908e+00 1.994932206349744996e+00 1.635065503726945924e+00 1.753742925858980117e-01 1.994927639487044990e+00 1.645173729598937984e-01
1.639999999999987024e+00 1.989932424462721894e+00 1.640065285983776988e+00 1.753548553987893110e-01 1.989927857975851033e+00 1.645173731326892985e-01
1.644999999999986917e+00 1.984932642506918921e+00 1.645065068309027101e+00 1.753354454024916020e-01 1.984928076395580998e+00 1.645173733089486112e-01
1.649999999999987033e+00 1.979932860173108100e+00 1.650064851011938005e+00 1.753160620742565123e-01 1.979928294437018010e+00 1.645173734860450876e-01
1.654999999999986926e+00 1.974933077537343928e+00 1.655064634016464087e+00 1.752967049633051000e-01 1.974928512176230999e+00 1.645173736663889941e-01
1.659999999999987041e+00 1.969933294597921991e+00 1.660064417324319974e+00 1.752773735971772939e-01 1.969928729611525098e+00 1.645173738374909878e-01
1.664999999999986047e+00 1.964933511543677014e+00 1.665064200746684042e+00 1.752580675177498049e-01 1.964928946931745024e+00 1.645173740155851105e-01
1.669999999999985940e+00 1.959933727895645017e+00 1.670063984762528930e+00 1.752387862403310959e-01 1.959929163657939011e+00 1.645173741943528889e-01
1.674999999999986056e+00 1.954933944184630956e+00 1.675063768841059897e+00 1.752195293724509995e-01 1.954929380320920895e+00 1.645173743684547052e-01
1.679999999999985949e+00 1.949934160273641970e+00 1.680063553119282016e+00 1.752002964080746072e-01 1.949929596783710029e+00 1.645173745406040000e-01
1.684999999999986064e+00 1.944934376050128089e+00 1.685063337709751030e+00 1.751810869647575930e-01 1.944929812933763991e+00 1.645173747166644995e-01
1.689999999999985958e+00 1.939934591415749088e+00 1.690063122710818044e+00 1.751619005719730060e-01 1.939930028672756102e+00 1.645173748995263086e-01
1.694999999999986073e+00 1.934934806754881942e+00 1.695062907738120073e+00 1.751427367976982064e-01 1.934930244385071108e+00 1.645173750752809971e-01
1.699999999999985967e+00 1.929935021668824913e+00 1.700062693190359076e+00 1.751235953537466916e-01 1.929930459672017040e+00 1.645173752485805108e-01
1.704999999999986082e+00 1.924935236350052037e+00 1.705062478875077892e+00 1.751044756915257905e-01 1.924930674726077040e+00 1.645173754270078115e-01
1.709999999999985976e+00 1.919935450780712927e+00 1.710062264810130905e+00 1.750853775097530041e-01 1.919930889529410045e+00 1.645173756016385103e-01
1.714999999999984981e+00 1.914935664954100947e+00 1.715062051002236965e+00 1.750663003826918862e-01 1.914931104075318968e+00 1.645173757794080871e-01
1.719999999999985096e+00 1.909935879144200044e+00 1.720061837177417896e+00 1.750472439091348975e-01 1.909931318637797970e+00 1.645173759588945961e-01
1.724999999999984990e+00 1.904936092890125110e+00 1.725061623796569910e+00 1.750282077123627988e-01 1.904931532755969048e+00 1.645173761329974116e-01
1.729999999999985105e+00 1.899936306557719945e+00 1.730061410493854979e+00 1.750091914843834862e-01 1.899931746795683996e+00 1.645173763115277132e-01
1.734999999999984999e+00 1.894936519782276951e+00 1.735061197633988916e+00 1.749901947844992867e-01 1.894931960392244985e+00 1.645173764880059897e-01
1.739999999999984892e+00 1.889936733029002891e+00 1.740060984751772954e+00 1.749712173177072894e-01 1.889932174010866994e+00 1.645173766639400070e-01
1.744999999999985008e+00 1.884936945936146913e+00 1.745060772208967936e+00 1.749522586553635128e-01 1.884932387289804945e+00 1.645173768381494872e-01
1.749999999999984901e+00 1.879937158639676920e+00 1.750060559869611954e+00 1.749333185129618995e-01 1.879932600365040063e+00 1.645173770161570126e-01
1.754999999999985016e+00 1.874937371168130085e+00 1.755060347705172052e+00 1.749143965652718014e-01 1.874932813265111076e+00 1.645173771983436117e-01
1.759999999999984022e+00 1.869937583429531980e+00 1.760060135807633985e+00 1.748954924420756951e-01 1.869933025898055989e+00 1.645173773719275923e-01
1.764999999999983915e+00 1.864937795624542094e+00 1.765059923976346035e+00 1.748766057892978121e-01 1.864933238464538068e+00 1.645173775476866107e-01
1.769999999999984031e+00 1.859938007687105932e+00 1.770059712277364028e+00 1.748577363665080875e-01 1.859933450898513918e+00 1.645173777276305038e-01
1.774999999999983924e+00 1.854938219397467947e+00 1.775059500930455947e+00 1.748388838118732913e-01 1.854933662980233100e+00 1.645173779079844023e-01
1.779999999999984039e+00 1.849938431221858082e+00 1.780059289469394956e+00 1.748200477933387897e-01 1.849933875175933107e+00 1.645173780827871024e-01
1.784999999999983933e+00 1.844938642453711974e+00 1.785059078600754079e+00 1.748012280383212935e-01 1.844934086779056015e+00 1.645173782606995094e-01
1.789999999999984048e+00 1.839938853712965061e+00 1.790058867704604095e+00 1.747824242599695099e-01 1.839934298409545033e+00 1.645173784362418956e-01
1.794999999999983942e+00 1.834939064812943110e+00 1.795058656967625010e+00 1.747636361677538108e-01 1.834934509880731035e+00 1.645173786150659068e-01
1.799999999999984057e+00 1.829939275726133019e+00 1.800058446417333924e+00 1.747448634146817059e-01 1.829934721165110023e+00 1.645173787959124112e-01
1.804999999999983951e+00 1.824939486472090033e+00 1.805058236034184915e+00 1.747261057863979117e-01 1.824934932282241018e+00 1.645173789739635128e-01
1.809999999999982956e+00 1.819939696896653913e+00 1.810058025972342000e+00 1.747073629415825113e-01 1.819935143077971995e+00 1.645173791497935023e-01
1.814999999999983071e+00 1.814939907329631064e+00 1.815057815902004990e+00 1.746886347059218025e-01 1.814935353882114022e+00 1.645173793296207942e-01
1.819999999999982965e+00 1.809940117545580041e+00 1.820057606048619103e+00 1.746699207035291024e-01 1.809935564469234093e+00 1.645173795051740884e-01
1.824999999999983080e+00 1.804940327625331964e+00 1.825057396331364101e+00 1.746512207111040882e-01 1.804935774920165992e+00 1.645173796848302117e-01
1.829999999999982974e+00 1.799940537572638055e+00 1.830057186746486986e+00 1.746325345240788973e-01 1.799935985238670044e+00 1.645173798660314046e-01
1.834999999999983089e+00 1.794940747383521051e+00 1.835056977297975012e+00 1.746138618220637873e-01 1.794936195420772984e+00 1.645173800412643994e-01
1.839999999999982983e+00 1.789940957023872903e+00 1.840056768019940892e+00 1.745952023486506965e-01 1.789936405432372979e+00 1.645173802221054082e-01
1.844999999999983098e+00 1.784941166614316899e+00 1.845056558791765999e+00 1.745765558775380089e-01 1.784936615394097092e+00 1.645173803969746940e-01
1.849999999999982991e+00 1.779941375858812069e+00 1.850056349909495967e+00 1.745579222021547972e-01 1.779936825009911905e+00 1.645173805750584917e-01
1.854999999999981997e+00 1.774941585135592970e+00 1.855056140994896907e+00 1.745393010793138133e-01 1.774937034658057078e+00 1.645173807542661126e-01
1.859999999999981890e+00 1.769941794290730064e+00 1.860055932201909012e+00 1.745206922580135045e-01 1.769937244184607072e+00 1.645173809344454008e-01
1.864999999999982006e+00 1.764942003150508976e+00 1.865055723704249990e+00 1.745020955139499064e-01 1.764937453415853064e+00 1.645173811120813900e-01
1.869999999999981899e+00 1.759942211995167094e+00 1.870055515221684006e+00 1.744835106265140989e-01 1.759937662632037103e+00 1.645173812961022997e-01
1.874999999999982014e+00 1.754942420651786961e+00 1.875055306927136067e+00 1.744649373755396138e-01 1.754937871660247950e+00 1.645173814704936899e-01
1.879999999999981908e+00 1.749942629286352025e+00 1.880055098654624945e+00 1.744463755453226073e-01 1.749938080666473050e+00 1.645173816503028019e-01
1.884999999999982023e+00 1.744942837687404102e+00 1.885054890615613932e+00 1.744278249149197879e-01 1.744938289439259105e+00 1.645173818288434009e-01
1.889999999999981917e+00 1.739943046035705043e+00 1.890054682629344951e+00 1.744092852929214899e-01 1.739938498159371960e+00 1.645173820099498085e-01
1.894999999999982032e+00 1.734943254238259902e+00 1.895054474788818055e+00 1.743907565083701872e-01 1.734938706733822000e+00 1.645173821925494106e-01
1.899999999999981037e+00 1.729943462390564957e+00 1.900054266998536967e+00 1.743722382777387059e-01 1.729938915258109056e+00 1.645173823703557914e-01
1.904999999999980931e+00 1.724943670269567964e+00 1.905054059481563034e+00 1.743537304850346914e-01 1.724939123509185990e+00 1.645173825468901896e-01
1.909999999999981046e+00 1.719943878250091984e+00 1.910053851863072971e+00 1.743352329096596043e-01 1.719939331861880971e+00 1.645173827287418900e-01
1.914999999999980940e+00 1.714944085819638975e+00 1.915053644655571041e+00 1.743167453359928121e-01 1.714939539803697954e+00 1.645173829089683071e-01
1.919999999999981055e+00 1.709944293437388074e+00 1.920053437399878993e+00 1.742982676049852908e-01 1.709939747793822962e+00 1.645173830883646104e-01
1.924999999999980949e+00 1.704944501026943948e+00 1.925053230172397933e+00 1.742797995277610978e-01 1.704939955755861991e+00 1.645173832671623093e-01
1.929999999999981064e+00 1.699944708448356101e+00 1.930053023113081023e+00 1.742613409319906936e-01 1.699940163549870986e+00 1.645173834502476062e-01
1.934999999999980957e+00 1.694944915742325975e+00 1.935052816181229929e+00 1.742428916158778041e-01 1.694940371216552943e+00 1.645173836299685943e-01
1.939999999999981073e+00 1.689945123109851011e+00 1.940052609175850984e+00 1.742244514289814916e-01 1.689940578956911077e+00 1.645173838087407026e-01
1.944999999999980966e+00 1.684945330154504983e+00 1.945052402493371080e+00 1.742060202155527870e-01 1.684940786374522048e+00 1.645173839885112066e-01
1.949999999999979972e+00 1.679945537275784995e+00 1.950052195734301108e+00 1.741875977577156953e-01 1.679940993868886956e+00 1.645173841707295026e-01
1.954999999999980087e+00 1.674945744245065038e+00 1.955051989127265077e+00 1.741691839541689990e-01 1.674941201211382902e+00 1.645173843472113873e-01
1.959999999999979980e+00 1.669945951031650111e+00 1.960051782702963985e+00 1.741507785925988094e-01 1.669941408371319103e+00 1.645173845335645979e-01
1.964999999999980096e+00 1.664946157716939990e+00 1.965051576379998943e+00 1.741323815363086946e-01 1.664941615430099997e+00 1.645173847127646971e-01
1.969999999999979989e+00 1.659946364485791026e+00 1.970051369973518929e+00 1.741139925695291135e-01 1.659941822572581938e+00 1.645173848920024051e-01
1.974999999999980105e+00 1.654946571084451978e+00 1.975051163737276960e+00 1.740956116407665899e-01 1.654942029545021009e+00 1.645173850705466123e-01
1.979999999999979998e+00 1.649946777508489948e+00 1.980050957675707046e+00 1.740772385319264981e-01 1.649942236342984980e+00 1.645173852541894077e-01
1.984999999999979892e+00 1.644946984120907008e+00 1.985050751425811999e+00 1.740588731055965899e-01 1.644942443329479920e+00 1.645173854372271038e-01
1.989999999999980007e+00 1.639947190421594092e+00 1.990050545487699996e+00 1.740405152441756864e-01 1.639942650004402980e+00 1.645173856184886096e-01
1.994999999999979012e+00 1.634947396684651943e+00 1.995050339587278954e+00 1.740221647049773057e-01 1.634942856641852904e+00 1.645173857964264130e-01
1.999999999999978906e+00 1.629947602679181040e+00 2.000050133955443954e+00 1.740038214874297107e-01 1.629943063010937054e+00 1.645173859805320882e-01
2.004999999999979021e+00 1.624947808928367987e+00 2.005049928069012832e+00 1.739854853415354896e-01 1.624943269634844034e+00 1.645173861635526869e-01
2.009999999999978915e+00 1.619948014830355998e+00 2.010049722529851035e+00 1.739671561491606955e-01 1.619943475911721054e+00 1.645173863402714098e-01
2.014999999999978808e+00 1.614948220816244895e+00 2.015049516906854965e+00 1.739488337689401032e-01 1.614943682272669045e+00 1.645173865266426894e-01
2.019999999999979146e+00 1.609948426732330962e+00 2.020049311353728783e+00 1.739305181561424940e-01 1.609943888563988068e+00 1.645173867065463924e-01
2.024999999999979039e+00 1.604948632581340018e+00 2.025049105867752886e+00 1.739122090516397878e-01 1.604944094788407938e+00 1.645173868885367874e-01
2.029999999999978932e+00 1.599948838333830059e+00 2.030048900478370832e+00 1.738939064226106002e-01 1.599944300916489093e+00 1.645173870685660011e-01
2.034999999999978826e+00 1.594949043905103059e+00 2.035048695270282870e+00 1.738756100494935897e-01 1.594944506863535949e+00 1.645173872551266014e-01
2.039999999999979163e+00 1.589949249645655982e+00 2.040048489892993810e+00 1.738573198492354976e-01 1.589944712980049024e+00 1.645173874370645106e-01
2.044999999999979057e+00 1.584949455133255025e+00 2.045048284768737901e+00 1.738390357481298942e-01 1.584944918843796957e+00 1.645173876184942985e-01
2.049999999999978950e+00 1.579949660603688022e+00 2.050048079661733080e+00 1.738207575072032995e-01 1.579945124690570024e+00 1.645173877992957001e-01
2.054999999999977955e+00 1.574949865977032015e+00 2.055047874651902085e+00 1.738024850895623918e-01 1.574945330440449043e+00 1.645173879821782981e-01
2.059999999999977849e+00 1.569950071344579090e+00 2.060047669647953938e+00 1.737842183622838876e-01 1.569945536184726986e+00 1.645173881641885938e-01
2.064999999999978186e+00 1.564950276594458956e+00 2.065047464761760931e+00 1.737659571714094131e-01 1.564945741811538893e+00 1.645173883447116903e-01
2.069999999999978080e+00 1.559950481894134100e+00 2.070047259825864128e+00 1.737477014410012122e-01 1.559945947488349027e+00 1.645173885332303909e-01
2.074999999999977973e+00 1.554950687093537010e+00 2.075047054990331930e+00 1.737294510360782029e-01 1.554946153065090986e+00 1.645173887105680077e-01
2.079999999999977867e+00 1.549950892251900081e+00 2.080046850195934827e+00 1.737112057821476041e-01 1.549946358601002050e+00 1.645173888939645002e-01
2.084999999999978204e+00 1.544951097180045974e+00 2.085046645631849938e+00 1.736929656552330115e-01 1.544946563906905990e+00 1.645173890782254122e-01
2.089999999999978098e+00 1.539951302260532895e+00 2.090046440915524162e+00 1.736747304963442984e-01 1.539946769365365009e+00 1.645173892648360003e-01
2.094999999999977991e+00 1.534951507168671014e+00 2.095046236371646220e+00 1.736565001934655128e-01 1.534946974651689056e+00 1.645173894453373920e-01
2.099999999999976996e+00 1.529951712137290087e+00 2.100046031767389021e+00 1.736382746405185085e-01 1.529947179998714102e+00 1.645173896319886975e-01
2.104999999999976890e+00 1.524951916901728044e+00 2.105045827367415967e+00 1.736200537149557022e-01 1.524947385141778966e+00 1.645173898125384115e-01
2.109999999999976783e+00 1.519952121736650952e+00 2.110045622897061879e+00 1.736018372956356914e-01 1.519947590355553046e+00 1.645173899984538890e-01
2.114999999999977121e+00 1.514952326561229023e+00 2.115045418437161207e+00 1.735836253723138101e-01 1.514947795559207000e+00 1.645173901829722896e-01
2.119999999999977014e+00 1.509952531244721063e+00 2.120045214118452925e+00 1.735654176850444097e-01 1.509948000622004960e+00 1.645173903620832934e-01
2.124999999999976907e+00 1.504952735910479067e+00 2.125045009817590813e+00 1.735472142113022864e-01 1.504948205667298922e+00 1.645173905489721033e-01
2.129999999999976801e+00 1.499952940567595983e+00 2.130044805525482143e+00 1.735290148318985037e-01 1.499948410704186053e+00 1.645173907304779137e-01
2.134999999999977138e+00 1.494953145208683054e+00 2.135044601249514784e+00 1.735108194205582099e-01 1.494948615725280927e+00 1.645173909162659098e-01
2.139999999999977032e+00 1.489953349606593980e+00 2.140044397216838146e+00 1.734926279215157907e-01 1.489948820503437021e+00 1.645173911047836945e-01
2.144999999999976037e+00 1.484953554317143931e+00 2.145044192871640831e+00 1.734744401640009870e-01 1.484949025594475058e+00 1.645173912858592102e-01
2.149999999999975930e+00 1.479953758730744084e+00 2.150043988823511221e+00 1.734562560929102104e-01 1.479949230388805992e+00 1.645173914695977069e-01
2.154999999999975824e+00 1.474953963045549932e+00 2.155043784874294932e+00 1.734380755729995061e-01 1.474949435084589977e+00 1.645173916563180960e-01
2.159999999999976161e+00 1.469954167521904997e+00 2.160043580763649995e+00 1.734198985463620002e-01 1.469949639942170982e+00 1.645173918405694047e-01
2.164999999999976055e+00 1.464954371781572950e+00 2.165043376869816960e+00 1.734017248368016906e-01 1.464949844583316896e+00 1.645173920274237978e-01
2.169999999999975948e+00 1.459954576178575048e+00 2.170043172838771905e+00 1.733835543922815914e-01 1.459950049362050972e+00 1.645173922091912877e-01
2.174999999999975842e+00 1.454954780407434090e+00 2.175042968975997137e+00 1.733653871376965028e-01 1.454950253972898011e+00 1.645173924002187038e-01
2.179999999999976179e+00 1.449954984597866092e+00 2.180042765151776862e+00 1.733472228419724870e-01 1.449950458545578913e+00 1.645173925803047887e-01
2.184999999999976072e+00 1.444955189075699087e+00 2.185042561040285047e+00 1.733290615561154935e-01 1.444950663405921043e+00 1.645173927687585969e-01
2.189999999999975966e+00 1.439955393192462907e+00 2.190042357289991859e+00 1.733109031026427993e-01 1.439950867905458010e+00 1.645173929553473968e-01
2.194999999999974971e+00 1.434955597320823006e+00 2.195042153528234952e+00 1.732927473732482071e-01 1.434951072416859041e+00 1.645173931415085111e-01
2.199999999999974865e+00 1.429955801583900898e+00 2.200041949631895033e+00 1.732745942813110063e-01 1.429951277063246984e+00 1.645173933259629073e-01
2.204999999999975202e+00 1.424956005677926907e+00 2.205041745904739781e+00 1.732564437532400914e-01 1.424951481540855047e+00 1.645173935134141008e-01
2.209999999999975095e+00 1.419956209655311108e+00 2.210041542294364003e+00 1.732382956336736002e-01 1.419951685902095084e+00 1.645173936958408134e-01
2.214999999999974989e+00 1.414956413831760074e+00 2.215041338485062905e+00 1.732201498265965867e-01 1.414951890462678108e+00 1.645173938860576002e-01
2.219999999999974882e+00 1.409956617902935028e+00 2.220041134781174819e+00 1.732020062634523905e-01 1.409952094918266008e+00 1.645173940688237912e-01
2.224999999999975220e+00 1.404956821864743910e+00 2.225040931186793802e+00 1.731838648430276961e-01 1.404952299264770055e+00 1.645173942596326044e-01
2.229999999999975113e+00 1.399957025943763034e+00 2.230040727475345097e+00 1.731657254166938942e-01 1.399952503728769893e+00 1.645173944457820059e-01
2.234999999999975007e+00 1.394957229823831080e+00 2.235040523962994019e+00 1.731475878725267092e-01 1.394952707994107088e+00 1.645173946292226019e-01
2.239999999999974012e+00 1.389957433922859087e+00 2.240040320231825977e+00 1.731294521959728105e-01 1.389952912478692904e+00 1.645173948212552972e-01
2.244999999999973905e+00 1.384957637810088960e+00 2.245040116712603950e+00 1.731113182300066111e-01 1.384953116751775015e+00 1.645173950085536962e-01
2.249999999999973799e+00 1.379957841673671970e+00 2.250039913217178000e+00 1.730931858661423073e-01 1.379953321001506028e+00 1.645173951959809089e-01
2.254999999999974136e+00 1.374958045827270103e+00 2.255039709431887918e+00 1.730750549875219868e-01 1.374953525541549926e+00 1.645173953834961900e-01
2.259999999999974030e+00 1.369958249768842951e+00 2.260039505858776998e+00 1.730569255137457130e-01 1.369953729869870074e+00 1.645173955706165092e-01
2.264999999999973923e+00 1.364958453562393981e+00 2.265039302433839108e+00 1.730387973316528105e-01 1.364953934050473050e+00 1.645173957589269043e-01
2.269999999999973817e+00 1.359958657384936043e+00 2.270039098980066949e+00 1.730206703221179032e-01 1.359954138260375034e+00 1.645173959417521869e-01
2.274999999999974154e+00 1.354958861385171076e+00 2.275038895348758139e+00 1.730025444229117138e-01 1.354954342648277965e+00 1.645173961304647881e-01
2.279999999999974047e+00 1.349959065055714058e+00 2.280038692047300142e+00 1.729844194843710992e-01 1.349954546706801928e+00 1.645173963199804135e-01
2.284999999999973053e+00 1.344959268991487988e+00 2.285038488480771957e+00 1.729662954032475941e-01 1.344954751030871920e+00 1.645173965119788861e-01
2.289999999999972946e+00 1.339959472883833991e+00 2.290038284957832015e+00 1.729481721217273893e-01 1.339954955311833951e+00 1.645173966994465109e-01
2.294999999999972840e+00 1.334959676637027082e+00 2.295038081574209965e+00 1.729300494378545050e-01 1.334955159453963036e+00 1.645173968894771133e-01
2.299999999999973177e+00 1.329959880607588962e+00 2.300037877973383882e+00 1.729119273353396102e-01 1.329955363813785985e+00 1.645173970784860884e-01
2.304999999999973070e+00 1.324960084370899960e+00 2.305037674579974993e+00 1.728938056410614099e-01 1.324955567966686010e+00 1.645173972681492902e-01
2.309999999999972964e+00 1.319960288265519921e+00 2.310037471055427893e+00 1.728756842653361991e-01 1.319955772251224957e+00 1.645173974565637132e-01
2.314999999999972857e+00 1.314960492152976945e+00 2.315037267538214039e+00 1.728575630896110882e-01 1.314955976528934922e+00 1.645173976469090915e-01
2.319999999999973195e+00 1.309960696074198960e+00 2.320037063987406167e+00 1.728394420275000121e-01 1.309956180840746942e+00 1.645173978312340912e-01
2.324999999999973088e+00 1.304960899867751101e+00 2.325036860564441810e+00 1.728213209412187978e-01 1.304956385025227039e+00 1.645173980248061940e-01
2.329999999999972982e+00 1.299961103796136053e+00 2.330036657006822054e+00 1.728031996924130897e-01 1.299956589344885005e+00 1.645173982122311862e-01
2.334999999999971987e+00 1.294961307529093109e+00 2.335036453644805832e+00 1.727850782416643083e-01 1.294956793469459910e+00 1.645173984005879053e-01
2.339999999999971880e+00 1.289961511489196022e+00 2.340036250055824052e+00 1.727669563875602887e-01 1.289956997821531948e+00 1.645173985921835058e-01
2.344999999999972218e+00 1.284961715251029091e+00 2.345036046665292861e+00 1.727488340688833057e-01 1.284957201975684971e+00 1.645173987868631116e-01
2.349999999999972111e+00 1.279961919296966011e+00 2.350035842990842117e+00 1.727307111385225913e-01 1.279957406414298893e+00 1.645173989767980127e-01
2.354999999999972005e+00 1.274962123193063013e+00 2.355035639466415809e+00 1.727125874846912046e-01 1.274957610703433941e+00 1.645173991635119071e-01
2.359999999999971898e+00 1.269962327067333030e+00 2.360035435964003003e+00 1.726944630285990878e-01 1.269957814971103049e+00 1.645173993534821966e-01
2.364999999999971791e+00 1.264962531062338025e+00 2.365035232341043958e+00 1.726763375687536128e-01 1.264958019359873953e+00 1.645173995494813024e-01
2.369999999999972129e+00 1.259962734933538053e+00 2.370035028842082170e+00 1.726582110265277026e-01 1.259958223625210039e+00 1.645173997396557897e-01
2.374999999999972022e+00 1.254962938861694965e+00 2.375034825286353790e+00 1.726400832792522044e-01 1.254958427947876931e+00 1.645173999319169134e-01
2.379999999999971028e+00 1.249963142847605013e+00 2.380034621673068784e+00 1.726219541735972973e-01 1.249958632328673991e+00 1.645174001249427864e-01
2.384999999999970921e+00 1.244963346845338048e+00 2.385034418048157967e+00 1.726038236088729971e-01 1.244958836721675954e+00 1.645174003140363050e-01
2.389999999999970814e+00 1.239963550915603951e+00 2.390034214350913899e+00 1.725856914474279136e-01 1.239959041187594035e+00 1.645174005082735980e-01
2.394999999999971152e+00 1.234963754983140927e+00 2.395034010656599044e+00 1.725675575724059940e-01 1.234959245651171988e+00 1.645174006997565941e-01
2.399999999999971045e+00 1.229963958916755029e+00 2.400033807096412009e+00 1.725494218066485896e-01 1.229959449981218977e+00 1.645174008918368069e-01
2.404999999999970939e+00 1.224964163103209103e+00 2.405033603283591059e+00 1.725312840979162932e-01 1.224959654564502065e+00 1.645174010847882118e-01
2.409999999999970832e+00 1.219964367190413901e+00 2.410033399570225221e+00 1.725131442369937929e-01 1.219959859048936002e+00 1.645174012764709093e-01
2.414999999999971170e+00 1.214964571307405095e+00 2.415033195827283929e+00 1.724950020960001051e-01 1.214960063563560011e+00 1.645174014685233110e-01
2.419999999999971063e+00 1.209964775520234070e+00 2.420032991988717797e+00 1.724768575595465037e-01 1.209960268174429920e+00 1.645174016640980064e-01
2.424999999999970957e+00 1.204964979610962938e+00 2.425032788272464046e+00 1.724587105308202917e-01 1.204960472663612059e+00 1.645174018554068085e-01
2.429999999999969962e+00 1.199965183920880918e+00 2.430032584337241897e+00 1.724405607647538918e-01 1.199960677372398976e+00 1.645174020462613906e-01
2.434999999999969855e+00 1.194965388163381936e+00 2.435032380469654090e+00 1.724224081892102023e-01 1.194960882014189929e+00 1.645174022413103954e-01
2.439999999999970193e+00 1.189965592575503939e+00 2.440032176432668010e+00 1.724042526473645032e-01 1.189961086826025971e+00 1.645174024373591004e-01
2.444999999999970086e+00 1.184965796865754095e+00 2.445031972517778041e+00 1.723860939863854080e-01 1.184961291516418935e+00 1.645174026337744011e-01
2.449999999999969980e+00 1.179966001242064966e+00 2.450031768517054953e+00 1.723679320490134059e-01 1.179961496293306045e+00 1.645174028277336942e-01
2.454999999999969873e+00 1.174966205563237054e+00 2.455031564571697800e+00 1.723497667035044922e-01 1.174961701015494020e+00 1.645174030183967906e-01
2.459999999999970210e+00 1.169966410158508996e+00 2.460031360352476160e+00 1.723315977609206073e-01 1.169961906012221942e+00 1.645174032120204077e-01
2.464999999999970104e+00 1.164966614553804902e+00 2.465031156333461926e+00 1.723134251214930024e-01 1.164962110809423024e+00 1.645174034086838988e-01
2.469999999999969997e+00 1.159966819092459911e+00 2.470030952171326177e+00 1.722952485828019020e-01 1.159962315750433959e+00 1.645174036082157898e-01
2.474999999999969003e+00 1.154967023786638958e+00 2.475030747853908863e+00 1.722770680000129950e-01 1.154962520847425900e+00 1.645174038014806939e-01
2.479999999999968896e+00 1.149967228340756042e+00 2.480030543676796206e+00 1.722588832081697885e-01 1.149962725804817065e+00 1.645174039958199885e-01
2.484999999999968789e+00 1.144967433222632058e+00 2.485030339172169089e+00 1.722406940688354093e-01 1.144962931090433012e+00 1.645174041953698096e-01
2.489999999999969127e+00 1.139967637974222958e+00 2.490030134798075778e+00 1.722225003874774951e-01 1.139963136246235020e+00 1.645174043919314932e-01
2.494999999999969020e+00 1.134967842785159053e+00 2.495029930364890181e+00 1.722043019887239124e-01 1.134963341461858066e+00 1.645174045859441048e-01
2.499999999999968914e+00 1.129968047565284905e+00 2.500029725962766847e+00 1.721860987042088120e-01 1.129963546647154038e+00 1.645174047806713946e-01
2.504999999999968807e+00 1.124968252469898067e+00 2.505029521436414885e+00 1.721678903932659099e-01 1.124963751957422042e+00 1.645174049761881918e-01
2.509999999999969145e+00 1.119968457474328938e+00 2.510029316810507005e+00 1.721496768522403908e-01 1.119963957368000029e+00 1.645174051754026978e-01
2.514999999999969038e+00 1.114968662641103947e+00 2.515029112022517221e+00 1.721314579241952081e-01 1.114964162941419978e+00 1.645174053765179056e-01
2.519999999999968043e+00 1.109968867674751891e+00 2.520028907367921178e+00 1.721132333765708067e-01 1.109964368382216016e+00 1.645174055703866878e-01
2.524999999999967937e+00 1.104969072950098052e+00 2.525028702471897812e+00 1.720950030748762960e-01 1.104964574065218974e+00 1.645174057664011980e-01
2.529999999999967830e+00 1.099969278124830918e+00 2.530028497676760857e+00 1.720767668087286872e-01 1.099964779648122892e+00 1.645174059647042941e-01
2.534999999999968168e+00 1.094969483545582989e+00 2.535028292635880920e+00 1.720585244140918901e-01 1.094964985477564046e+00 1.645174061686335010e-01
2.539999999999968061e+00 1.089969688896758049e+00 2.540028087664860212e+00 1.720402756816701018e-01 1.089965191237955988e+00 1.645174063672633080e-01
2.544999999999967955e+00 1.084969894496339071e+00 2.545027882445716205e+00 1.720220204219848892e-01 1.084965397247283914e+00 1.645174065622380943e-01
2.549999999999967848e+00 1.079970100004856937e+00 2.550027677317921793e+00 1.720037584364008942e-01 1.079965603166086918e+00 1.645174067650284067e-01
2.554999999999968185e+00 1.074970305673105031e+00 2.555027472030687807e+00 1.719854894951683977e-01 1.074965809245165049e+00 1.645174069592265087e-01
2.559999999999968079e+00 1.069970511364886079e+00 2.560027266720215966e+00 1.719672134501155913e-01 1.069966015348325028e+00 1.645174071615655986e-01
2.564999999999967972e+00 1.064970717152845969e+00 2.565027061313860823e+00 1.719489300142451882e-01 1.064966221548222070e+00 1.645174073593476949e-01
2.569999999999966978e+00 1.059970922939442062e+00 2.570026855909175012e+00 1.719306390675056084e-01 1.059966427747315976e+00 1.645174075611101905e-01
2.574999999999966871e+00 1.054971129063118962e+00 2.575026650167711040e+00 1.719123403303554898e-01 1.054966634284062010e+00 1.645174077637437948e-01
2.579999999999967208e+00 1.049971335055716049e+00 2.580026444557637966e+00 1.718940336285731951e-01 1.049966840690303993e+00 1.645174079661609057e-01
2.584999999999967102e+00 1.044971541246354940e+00 2.585026238749838168e+00 1.718757186721124042e-01 1.044967047295171092e+00 1.645174081667716004e-01
2.589999999999966995e+00 1.039971747593539941e+00 2.590026032785806898e+00 1.718573953221189110e-01 1.039967254057174939e+00 1.645174083674625920e-01
2.594999999999966889e+00 1.034971953898548014e+00 2.595025826864277185e+00 1.718390632914476024e-01 1.034967460777600046e+00 1.645174085642726880e-01
2.599999999999966782e+00 1.029972160513239032e+00 2.600025620633390044e+00 1.718207223720311094e-01 1.029967667808310949e+00 1.645174087700644050e-01
2.604999999999967120e+00 1.024972366996621975e+00 2.605025414534141159e+00 1.718023723411807868e-01 1.024967874708325066e+00 1.645174089745473078e-01
2.609999999999967013e+00 1.019972573689414963e+00 2.610025208225815962e+00 1.717840129199690868e-01 1.019968081818370953e+00 1.645174091739335098e-01
2.614999999999966018e+00 1.014972780511812056e+00 2.615025001788227055e+00 1.717656438854170131e-01 1.014968289058646000e+00 1.645174093764341094e-01
2.619999999999965912e+00 1.009972987558626079e+00 2.620024795126564054e+00 1.717472649974368104e-01 1.009968496523973913e+00 1.645174095798399017e-01
2.624999999999965805e+00 1.004973194528020031e+00 2.625024588542669957e+00 1.717288759844430024e-01 1.004968703912523909e+00 1.645174097812691916e-01
2.629999999999966143e+00 9.999734015974581780e-01 2.630024381859084937e+00 1.717104766230334867e-01 9.999689114017685787e-01 1.645174099880072904e-01
2.634999999999966036e+00 9.949736088116196697e-01 2.635024175031134952e+00 1.716920666097543069e-01 9.949691190363957327e-01 1.645174101891165863e-01
2.639999999999965929e+00 9.899738163778692979e-01 2.640023967851459208e+00 1.716736457223808909e-01 9.899693270237780451e-01 1.645174103977619928e-01
2.644999999999965823e+00 9.849740237629021067e-01 2.645023760853368877e+00 1.716552136561770026e-01 9.849695348306201081e-01 1.645174105986574042e-01
2.649999999999966160e+00 9.799742315229877931e-01 2.650023553480599148e+00 1.716367701452707895e-01 9.799697430131988352e-01 1.645174108048456929e-01
2.654999999999966054e+00 9.749744392187267295e-01 2.655023346172553200e+00 1.716183149261391039e-01 9.749699511321247014e-01 1.645174110102614051e-01
2.659999999999965947e+00 9.699746471711705453e-01 2.660023138608186954e+00 1.715998476809147133e-01 9.699701595084579964e-01 1.645174112165583014e-01
2.664999999999964952e+00 9.649748553950985297e-01 2.665022930772725118e+00 1.715813681668610091e-01 9.649703681569868907e-01 1.645174114219183081e-01
2.669999999999964846e+00 9.599750635247801256e-01 2.670022723031904022e+00 1.715628760610463932e-01 9.599705767119900424e-01 1.645174116305795076e-01
2.674999999999965183e+00 9.549752718986610489e-01 2.675022515047282834e+00 1.715443710735239935e-01 9.549707855119237143e-01 1.645174118390373974e-01
2.679999999999965077e+00 9.499754803614450793e-01 2.680022306974167101e+00 1.715258529119816910e-01 9.499709944015007901e-01 1.645174120455475120e-01
2.684999999999964970e+00 9.449756890552407640e-01 2.685022098670449164e+00 1.715073212280475989e-01 9.449712035228399198e-01 1.645174122500838998e-01
2.689999999999964864e+00 9.399758978662475783e-01 2.690021890249937986e+00 1.714887757326946094e-01 9.399714127621511262e-01 1.645174124553002992e-01
2.694999999999965201e+00 9.349761068416455601e-01 2.695021681665460189e+00 1.714702161093371868e-01 9.349716221666243277e-01 1.645174126638553058e-01
2.699999999999965095e+00 9.299763160175871235e-01 2.700021472880867801e+00 1.714516420274078967e-01 9.299718317724222638e-01 1.645174128770152122e-01
2.704999999999964988e+00 9.249765253271107213e-01 2.705021263963130806e+00 1.714330531610119002e-01 9.249720415125948225e-01 1.645174130873539864e-01
2.709999999999963993e+00 9.199767348125078570e-01 2.710021054869963031e+00 1.714144491459237973e-01 9.199722514294447206e-01 1.645174132929309030e-01
2.714999999999963887e+00 9.149769445067477136e-01 2.715020845568401953e+00 1.713958296759920119e-01 9.149724615559516883e-01 1.645174135066231891e-01
2.719999999999963780e+00 9.099771544832719883e-01 2.720020635985012980e+00 1.713771943350707871e-01 9.099726719655699680e-01 1.645174137138158132e-01
2.724999999999964118e+00 9.049773644695733310e-01 2.725020426392308792e+00 1.713585428387824072e-01 9.049728823858029791e-01 1.645174139231561083e-01
2.729999999999964011e+00 8.999775747021203642e-01 2.730020216553830981e+00 1.713398747916939080e-01 8.999730930531317785e-01 1.645174141366808063e-01
2.734999999999963904e+00 8.949777850482405483e-01 2.735020006602256970e+00 1.713211897984301957e-01 8.949733038348962610e-01 1.645174143491361929e-01
2.739999999999963798e+00 8.899779956968814076e-01 2.740019796348646786e+00 1.713024875212403042e-01 8.899735149200567186e-01 1.645174145582624925e-01
2.744999999999964135e+00 8.849782065398130726e-01 2.745019585901237846e+00 1.712837675533286919e-01 8.849737262003957161e-01 1.645174147680883991e-01
2.749999999999964029e+00 8.799784177166429799e-01 2.750019375120432041e+00 1.712650294977942911e-01 8.799739378155333469e-01 1.645174149819284004e-01
2.754999999999963034e+00 8.749786289616849899e-01 2.755019164271919951e+00 1.712462729811493889e-01 8.749741494997976821e-01 1.645174151940264895e-01
2.759999999999962927e+00 8.699788403798720537e-01 2.760018953250780172e+00 1.712274975771503061e-01 8.699743613581348844e-01 1.645174154096230024e-01
2.764999999999962821e+00 8.649790520297528928e-01 2.765018741998471974e+00 1.712087028516215970e-01 8.649745734491083304e-01 1.645174156244801067e-01
2.769999999999963158e+00 8.599792639736278943e-01 2.770018530452698968e+00 1.711898883988925979e-01 8.599747858350325069e-01 1.645174158365511063e-01
2.774999999999963052e+00 8.549794759701399016e-01 2.775018318854832078e+00 1.711710538038793972e-01 8.549749982745643573e-01 1.645174160533043883e-01
2.779999999999962945e+00 8.499796884883608072e-01 2.780018106735806072e+00 1.711521985846491123e-01 8.499752112367916501e-01 1.645174162680103913e-01
2.784999999999962839e+00 8.449799010861624993e-01 2.785017894537757055e+00 1.711333223201393916e-01 8.449754242796010395e-01 1.645174164856423871e-01
2.789999999999963176e+00 8.399801139413511919e-01 2.790017682082889028e+00 1.711144245501227124e-01 8.399756375808148379e-01 1.645174167044516078e-01
2.794999999999963070e+00 8.349803270091342711e-01 2.795017469416003930e+00 1.710955047804104123e-01 8.349758510956566404e-01 1.645174169178487966e-01
2.799999999999962963e+00 8.299805404327571523e-01 2.800017256393866116e+00 1.710765625812543933e-01 8.299760649673877388e-01 1.645174171363479043e-01
2.804999999999961968e+00 8.249807540112215065e-01 2.805017043217484130e+00 1.710575973985599130e-01 8.249762789950272346e-01 1.645174173583784094e-01
2.809999999999961862e+00 8.199809678700376026e-01 2.810016829761356139e+00 1.710386087938514932e-01 8.199764933041029380e-01 1.645174175754224866e-01
2.814999999999962199e+00 8.149811819976093830e-01 2.815016616037088859e+00 1.710195962394570890e-01 8.149767078830362221e-01 1.645174177959085049e-01
2.819999999999962093e+00 8.099813965180828745e-01 2.820016401920547811e+00 1.710005592262494045e-01 8.099769228559910994e-01 1.645174180124527874e-01
2.824999999999961986e+00 8.049816110212759668e-01 2.825016187821927094e+00 1.709814971834646979e-01 8.049771378128045551e-01 1.645174182309658006e-01
2.829999999999961879e+00 7.999818262413782577e-01 2.830015973007044217e+00 1.709624096296483986e-01 7.999773534876850611e-01 1.645174184502612991e-01
2.834999999999962217e+00 7.949820414679606984e-01 2.835015758186342882e+00 1.709432959712973987e-01 7.949775691702225533e-01 1.645174186781510894e-01
2.839999999999962110e+00 7.899822571134791360e-01 2.840015542947377902e+00 1.709241556421934038e-01 7.899777852728940841e-01 1.645174189001812060e-01
2.844999999999962004e+00 7.849824730481032020e-01 2.845015327419992968e+00 1.709049881108432867e-01 7.849780016658896020e-01 1.645174191212699921e-01
2.849999999999961009e+00 7.799826892944565770e-01 2.850015111581572835e+00 1.708857927395744936e-01 7.799782183718537709e-01 1.645174193415082087e-01
2.854999999999960902e+00 7.749829056739372390e-01 2.855014895610734182e+00 1.708665689548622135e-01 7.749784352122061071e-01 1.645174195682020946e-01
2.859999999999960796e+00 7.699831228093216851e-01 2.860014678884715167e+00 1.708473161097144866e-01 7.699786528097458671e-01 1.645174197876304034e-01
2.864999999999961133e+00 7.649833399883618767e-01 2.865014462115770932e+00 1.708280336421884038e-01 7.649788704522473282e-01 1.645174200156377109e-01
2.869999999999961027e+00 7.599835575646238794e-01 2.870014244950357174e+00 1.708087208135851964e-01 7.599790884933007584e-01 1.645174202415934928e-01
2.874999999999960920e+00 7.549837754771715481e-01 2.875014027449418919e+00 1.707893770416485935e-01 7.549793068719937716e-01 1.645174204682572083e-01
2.879999999999960814e+00 7.499839939245021014e-01 2.880013809414470938e+00 1.707700016475124927e-01 7.499795257868481224e-01 1.645174206975872910e-01
2.884999999999961151e+00 7.449842125549821503e-01 2.885013591197167049e+00 1.707505938961098035e-01 7.449797448862569560e-01 1.645174209226422102e-01
2.889999999999961044e+00 7.399844316180406167e-01 2.890013372548089876e+00 1.707311531125426107e-01 7.399799644196747295e-01 1.645174211495769867e-01
2.894999999999960050e+00 7.349846508880091278e-01 2.895013153692922003e+00 1.707116786057731872e-01 7.349801841614600484e-01 1.645174213774885930e-01
2.899999999999959943e+00 7.299848707054934493e-01 2.900012934291077205e+00 1.706921695741382972e-01 7.299804044522465452e-01 1.645174216092573916e-01
2.904999999999959837e+00 7.249850909165616031e-01 2.905012714496499893e+00 1.706726253011391914e-01 7.249806251381308853e-01 1.645174218414253986e-01
2.909999999999960174e+00 7.199853114611869387e-01 2.910012494369234037e+00 1.706530450174466862e-01 7.199808461591157283e-01 1.645174220733879034e-01
2.914999999999960067e+00 7.149855325742464629e-01 2.915012273674423060e+00 1.706334278900180079e-01 7.149810677501088341e-01 1.645174223041296901e-01
2.919999999999959961e+00 7.099857540213179163e-01 2.920012052646502099e+00 1.706137731491730036e-01 7.099812896767186965e-01 1.645174225324330941e-01
2.924999999999959854e+00 7.049859760423942134e-01 2.925011831045499111e+00 1.705940799491708904e-01 7.049815121789699823e-01 1.645174227704138126e-01
2.929999999999960192e+00 6.999861982586708109e-01 2.930011609250235072e+00 1.705743474374009916e-01 6.999817348780921211e-01 1.645174230044746111e-01
2.934999999999960085e+00 6.949864209982479224e-01 2.935011386932631972e+00 1.705545747193326078e-01 6.949819581022188553e-01 1.645174232386112934e-01
2.939999999999959979e+00 6.899866442510074194e-01 2.940011164102827035e+00 1.705347609164246936e-01 6.899821818412674723e-01 1.645174234779795130e-01
2.944999999999958984e+00 6.849868680909594332e-01 2.945010940686827006e+00 1.705149050806883948e-01 6.849824061692844079e-01 1.645174237105012927e-01
2.949999999999958877e+00 6.799870924079414181e-01 2.950010716794820187e+00 1.704950062884867945e-01 6.799826309761446419e-01 1.645174239484820111e-01
2.954999999999959215e+00 6.749873170097089314e-01 2.955010492619067897e+00 1.704750635802612935e-01 6.749828560696423674e-01 1.645174241866569909e-01
2.959999999999959108e+00 6.699875422491459176e-01 2.960010267806711060e+00 1.704550759359904077e-01 6.699830818027009416e-01 1.645174244262080920e-01
2.964999999999959002e+00 6.649877679511746464e-01 2.965010042532850054e+00 1.704350423275027004e-01 6.649833080002843788e-01 1.645174246689448949e-01
2.969999999999958895e+00 6.599879943360065226e-01 2.970009816577297013e+00 1.704149617015628115e-01 6.599835348826467163e-01 1.645174249081202966e-01
2.974999999999958789e+00 6.549882210005080196e-01 2.975009590343208998e+00 1.703948329770214043e-01 6.549837620466982813e-01 1.645174251529520071e-01
2.979999999999959126e+00 6.499884485222082731e-01 2.980009363253083077e+00 1.703746550615320987e-01 6.499839900700137285e-01 1.645174253949875098e-01
2.984999999999959019e+00 6.449886764951315854e-01 2.985009135712921147e+00 1.703544267668500034e-01 6.449842185466647670e-01 1.645174256372662902e-01
2.989999999999958025e+00 6.399889049163789423e-01 2.990008907725647980e+00 1.703341469361392968e-01 6.399844474738004552e-01 1.645174258862361072e-01
2.994999999999957918e+00 6.349891342829323548e-01 2.995008678794306878e+00 1.703138143750637934e-01 6.349846773484535412e-01 1.645174261359219070e-01
2.999999999999957812e+00 6.299893639247216015e-01 3.000008449589001813e+00 1.702934277944213037e-01 6.299849075006067611e-01 1.645174263783795998e-01
3.004999999999958149e+00 6.249895942581815689e-01 3.005008219693324989e+00 1.702729859099982035e-01 6.249851383467480703e-01 1.645174266257863893e-01
3.009999999999958042e+00 6.199898252336879523e-01 3.010007989156930019e+00 1.702524874289849111e-01 6.199853698373092303e-01 1.645174268821442132e-01
3.014999999999957936e+00 6.149900570295017133e-01 3.015007757801591026e+00 1.702319309454775054e-01 6.149856021506103776e-01 1.645174271310261005e-01
3.019999999999957829e+00 6.099902893398052584e-01 3.020007525933154025e+00 1.702113150409937103e-01 6.099858349808935376e-01 1.645174273831087053e-01
3.024999999999958167e+00 6.049905224155054384e-01 3.025007293300749911e+00 1.701906382929367911e-01 6.049860685791283998e-01 1.645174276392604995e-01
3.029999999999958060e+00 5.999907562409134698e-01 3.030007059920102108e+00 1.701698991496156110e-01 5.999863029296910177e-01 1.645174278901053999e-01
3.034999999999957954e+00 5.949909906190100628e-01 3.035006825988264101e+00 1.701490960846032130e-01 5.949865378356299361e-01 1.645174281477793932e-01
3.039999999999956959e+00 5.899912259448569785e-01 3.040006591110213208e+00 1.701282274867489952e-01 5.899867736920769712e-01 1.645174284036531043e-01
3.044999999999956852e+00 5.849914618125353627e-01 3.045006355691909139e+00 1.701072916821856906e-01 5.849870100931860994e-01 1.645174286627031079e-01
3.049999999999957190e+00 5.799916984498736383e-01 3.050006119505562996e+00 1.700862869560555990e-01 5.799872472668617940e-01 1.645174289269092927e-01
3.054999999999957083e+00 5.749919362205559992e-01 3.055005882187530997e+00 1.700652115120286911e-01 5.749874855768680737e-01 1.645174291837780134e-01
3.059999999999956977e+00 5.699921744666198720e-01 3.060005644395825009e+00 1.700440635181303117e-01 5.699877243653234116e-01 1.645174294517051938e-01
3.064999999999956870e+00 5.649924137720176986e-01 3.065005405546533002e+00 1.700228410632138865e-01 5.649879642162669580e-01 1.645174297145743925e-01
3.069999999999957208e+00 5.599926537141186600e-01 3.070005166062336865e+00 1.700015421476356037e-01 5.599882047071574886e-01 1.645174299807038998e-01
3.074999999999957101e+00 5.549928949270679368e-01 3.075004925309141157e+00 1.699801647217462075e-01 5.549884464722327770e-01 1.645174302498383090e-01
3.079999999999956994e+00 5.499931365734482824e-01 3.080004684124412861e+00 1.699587066509596900e-01 5.499886886741738312e-01 1.645174305199499087e-01
3.084999999999956000e+00 5.449933795111974177e-01 3.085004441650270213e+00 1.699371657057155982e-01 5.449889321710200685e-01 1.645174307898953081e-01
3.089999999999955893e+00 5.399936233353059833e-01 3.090004198291778081e+00 1.699155395816908110e-01 5.399891765578683778e-01 1.645174310647541105e-01
3.094999999999955786e+00 5.349938680063814900e-01 3.095003954088388021e+00 1.698938258665741996e-01 5.349894217954377362e-01 1.645174313396209065e-01
3.099999999999956124e+00 5.299941138311510258e-01 3.100003708733433783e+00 1.698720220597365049e-01 5.299896681905720275e-01 1.645174316124730918e-01
3.104999999999956017e+00 5.249943607499858444e-01 3.105003462286611171e+00 1.698501255683025901e-01 5.249899156837639635e-01 1.645174318945006875e-01
3.109999999999955911e+00 5.199946087300304498e-01 3.110003214780840075e+00 1.698281336450639112e-01 5.199901642422868342e-01 1.645174321727259914e-01
3.114999999999955804e+00 5.149948576576548476e-01 3.115002966329821099e+00 1.698060434800413021e-01 5.149904137526442049e-01 1.645174324562012902e-01
3.119999999999956142e+00 5.099951078727258391e-01 3.120002716593762049e+00 1.697838520988295963e-01 5.099906645548440975e-01 1.645174327419987870e-01
3.124999999999956035e+00 5.049953593195368740e-01 3.125002465628448967e+00 1.697615563940698957e-01 5.049909165933282873e-01 1.645174330279076946e-01
3.129999999999955040e+00 4.999956118565477836e-01 3.130002213575500125e+00 1.697391531608334059e-01 4.999911697267115929e-01 1.645174333187157112e-01
3.134999999999954934e+00 4.949958656123384926e-01 3.135001960306421864e+00 1.697166389619308990e-01 4.949914240837381962e-01 1.645174336121801861e-01
3.139999999999954827e+00 4.899961206993452834e-01 3.140001705708868940e+00 1.696940102555017926e-01 4.899916797770170751e-01 1.645174339035790079e-01
3.144999999999955165e+00 4.849963771618491237e-01 3.145001449738654919e+00 1.696712633122332003e-01 4.849919368510107742e-01 1.645174341996595013e-01
3.149999999999955058e+00 4.799966350496446821e-01 3.150001192346084000e+00 1.696483942229330133e-01 4.799921953557059195e-01 1.645174345001323979e-01
3.154999999999954952e+00 4.749968944224747247e-01 3.155000933471517222e+00 1.696253988638574128e-01 4.749924553510476155e-01 1.645174348042330870e-01
3.159999999999954845e+00 4.699971550174951163e-01 3.160000673377911795e+00 1.696022728753548980e-01 4.699927165744068880e-01 1.645174351114140066e-01
3.164999999999955183e+00 4.649974173115082876e-01 3.165000411588581031e+00 1.695790117290391918e-01 4.649929795028123203e-01 1.645174354193127964e-01
3.169999999999955076e+00 4.599976813170770229e-01 3.170000148091089098e+00 1.695556105667835045e-01 4.599932441490672819e-01 1.645174357244381103e-01
3.174999999999954969e+00 4.549979467394678068e-01 3.174999883180294802e+00 1.695320643323356136e-01 4.549935102186924984e-01 1.645174360409497882e-01
3.179999999999953975e+00 4.499982138951281740e-01 3.179999616539896046e+00 1.695083676433082054e-01 4.499937780284065103e-01 1.645174363562894038e-01
3.184999999999953868e+00 4.449984828554534033e-01 3.184999348098641825e+00 1.694845148060475926e-01 4.449940476498913111e-01 1.645174366807566069e-01
3.189999999999954206e+00 4.399987536158960211e-01 3.189999077861236820e+00 1.694604997829448900e-01 4.399943190789064040e-01 1.645174370024884980e-01
3.194999999999954099e+00 4.349990263004884228e-01 3.194998805703814782e+00 1.694363161825681863e-01 4.349945924398094244e-01 1.645174373338710028e-01
3.199999999999953992e+00 4.299993010673687777e-01 3.199998531468418950e+00 1.694119571859155071e-01 4.299948678910868738e-01 1.645174376687318085e-01
3.204999999999953886e+00 4.249995777080926018e-01 3.204998255363681103e+00 1.693874155502212986e-01 4.249951452246659156e-01 1.645174380037223993e-01
3.209999999999953779e+00 4.199998567883653777e-01 3.209997976824098931e+00 1.693626835605961112e-01 4.199954250066493255e-01 1.645174383417774000e-01
3.214999999999954117e+00 4.150001380019148201e-01 3.214997696156162821e+00 1.693377529809428905e-01 4.149957069311909774e-01 1.645174386859367954e-01
3.219999999999954010e+00 4.100004213015039922e-01 3.219997413407341025e+00 1.693126149744718922e-01 4.099959909515110135e-01 1.645174390392153962e-01
3.224999999999953015e+00 4.050007073531673996e-01 3.224997127911851003e+00 1.692872601228677110e-01 4.049962777341353792e-01 1.645174393902227028e-01
3.229999999999952909e+00 4.000009957647990277e-01 3.229996840062065999e+00 1.692616782965397082e-01 3.999965668874865266e-01 1.645174397494615082e-01
3.234999999999952802e+00 3.950012869076999777e-01 3.234996549486974793e+00 1.692358585934713999e-01 3.949968587834356004e-01 1.645174401204143877e-01
3.239999999999953140e+00 3.900015809948059187e-01 3.239996255973954131e+00 1.692097892900880085e-01 3.899971536355349988e-01 1.645174404888508080e-01
3.244999999999953033e+00 3.850018778147160092e-01 3.244995959734740865e+00 1.691834577351062907e-01 3.849974512330501253e-01 1.645174408645888042e-01
3.249999999999952927e+00 3.800021779986195725e-01 3.249995660138513820e+00 1.691568502553728870e-01 3.799977522078922809e-01 1.645174412521399898e-01
3.254999999999952820e+00 3.750024813679714852e-01 3.254995357364213859e+00 1.691299520164001868e-01 3.749980563823028246e-01 1.645174416386981087e-01
3.259999999999953157e+00 3.700027882587165196e-01 3.259995051076331141e+00 1.691027469224178070e-01 3.699983640930796791e-01 1.645174420369669988e-01
3.264999999999953051e+00 3.650030987699893203e-01 3.264994741176197035e+00 1.690752174605628100e-01 3.649986754402910205e-01 1.645174424482545028e-01
3.269999999999952944e+00 3.600034130910216845e-01 3.269994427475094945e+00 1.690473445203259095e-01 3.599989906141884966e-01 1.645174428615130968e-01
3.274999999999951950e+00 3.550037314231531127e-01 3.274994109772253026e+00 1.690191071794520106e-01 3.549993098172294914e-01 1.645174432791056129e-01
3.279999999999951843e+00 3.500040543200952925e-01 3.279993787514574155e+00 1.689904825394553112e-01 3.499996336043532108e-01 1.645174437117628008e-01
3.284999999999952180e+00 3.450043819134975820e-01 3.284993460571091983e+00 1.689614453996780008e-01 3.449999621085619861e-01 1.645174441548221955e-01
3.289999999999952074e+00 3.400047144015160838e-01 3.289993128744399975e+00 1.689319679590892131e-01 3.400002955295073903e-01 1.645174446082141029e-01
3.294999999999951967e+00 3.350050521858066177e-01 3.294992791633676976e+00 1.689020195033990868e-01 3.350006342705001972e-01 1.645174450731911875e-01
3.299999999999951861e+00 3.300053956470492267e-01 3.299992448859168981e+00 1.688715659472087016e-01 3.300009787140604778e-01 1.645174455533263969e-01
3.304999999999952198e+00 3.250057454743001117e-01 3.304992099732845023e+00 1.688405693519482997e-01 3.250013295512950151e-01 1.645174460432178021e-01
3.309999999999952092e+00 3.200061016053724061e-01 3.309991744318046880e+00 1.688089873749472891e-01 3.200016867223092198e-01 1.645174465456586965e-01
3.314999999999951985e+00 3.150064651264302129e-01 3.314991381529897918e+00 1.687767725760264126e-01 3.150020513158390267e-01 1.645174470688227919e-01
3.319999999999950990e+00 3.100068361868579814e-01 3.319991011220468025e+00 1.687438715584446969e-01 3.100024234841662896e-01 1.645174476009579889e-01
3.324999999999950884e+00 3.050072157609520218e-01 3.324990632417102798e+00 1.687102240970843881e-01 3.050028042048593124e-01 1.645174481611172135e-01
3.329999999999951221e+00 3.000076045900640920e-01 3.329990244380308884e+00 1.686757618830616867e-01 3.000031942229852144e-01 1.645174487351662995e-01
3.334999999999951115e+00 2.950080034909773885e-01 3.334989846295426830e+00 1.686404071775637892e-01 2.950035943595578081e-01 1.645174493408818051e-01
3.339999999999951008e+00 2.900084133930818098e-01 3.339989437235487912e+00 1.686040710922248054e-01 2.900040055488108948e-01 1.645174499608128005e-01
3.344999999999950901e+00 2.850088354377363076e-01 3.344989016061923781e+00 1.685666515369350915e-01 2.850044289376680862e-01 1.645174506137526138e-01
3.349999999999950795e+00 2.800092712543290063e-01 3.349988581148561906e+00 1.685280306698644093e-01 2.800048661619459200e-01 1.645174513018400064e-01
3.354999999999951132e+00 2.750097221395719771e-01 3.354988131202422785e+00 1.684880717845282094e-01 2.750053185258176103e-01 1.645174520159833897e-01
3.359999999999951026e+00 2.700101897898151138e-01 3.359987664531514096e+00 1.684466155001048959e-01 2.700057877343355894e-01 1.645174527729328096e-01
3.364999999999950031e+00 2.650106765139810250e-01 3.364987178832016923e+00 1.684034749255947927e-01 2.650062761066314110e-01 1.645174535716900088e-01
3.369999999999949925e+00 2.600111847067410054e-01 3.369986671715282878e+00 1.683584296941293135e-01 2.600067860494155725e-01 1.645174544239609016e-01
3.374999999999949818e+00 2.550117174243383134e-01 3.374986140132213208e+00 1.683112184172398940e-01 2.550073206332150177e-01 1.645174553270224993e-01
3.379999999999950155e+00 2.500122780111838083e-01 3.379985580746915019e+00 1.682615292403429885e-01 2.500078832194839729e-01 1.645174562975209864e-01
3.384999999999950049e+00 2.450128709072600941e-01 3.384984989129640187e+00 1.682089877187186999e-01 2.450084782686690055e-01 1.645174573438591969e-01
3.389999999999949942e+00 2.400135011473877866e-01 3.389984360257924934e+00 1.681531414541214964e-01 2.400091108403120121e-01 1.645174584751135094e-01
3.394999999999949836e+00 2.350141748717931023e-01 3.394983688006564027e+00 1.680934404538224902e-01 2.350097871046885056e-01 1.645174597088450985e-01
3.399999999999950173e+00 2.300148995067274882e-01 3.399982964967676047e+00 1.680292118892225128e-01 2.300105145248003968e-01 1.645174610583234887e-01
3.404999999999950067e+00 2.250156849060828967e-01 3.404982181309961220e+00 1.679596277533668969e-01 2.250113029997478087e-01 1.645174625522191070e-01
3.409999999999949960e+00 2.200165422066930887e-01 3.409981325924531959e+00 1.678836633029384962e-01 2.200121637222846038e-01 1.645174642167399892e-01
3.414999999999948965e+00 2.150174859008160133e-01 3.414980384353865972e+00 1.678000440925095926e-01 2.150131112541693867e-01 1.645174660782608989e-01
3.419999999999948859e+00 2.100185341937504113e-01 3.419979338435991778e+00 1.677071787934502900e-01 2.100141638874090111e-01 1.645174681831468033e-01
3.424999999999949196e+00 2.050197092240466923e-01 3.424978166086543929e+00 1.676030751871966928e-01 2.050153438689913121e-01 1.645174705915551927e-01
3.429999999999949090e+00 2.000210393103145912e-01 3.429976839054709181e+00 1.674852373713459075e-01 2.000166796532009961e-01 1.645174733548832868e-01
3.434999999999948983e+00 1.950225601145091914e-01 3.434975321763170886e+00 1.673505440423138924e-01 1.950182070713842863e-01 1.645174765686361062e-01
3.439999999999948876e+00 1.900243150182845120e-01 3.439973570935372038e+00 1.671951112170163012e-01 1.900199697155363077e-01 1.645174803268127095e-01
3.444999999999949214e+00 1.850263583440180937e-01 3.444971532378183987e+00 1.670141494111523905e-01 1.850220221667215892e-01 1.645174847528864115e-01
3.449999999999949107e+00 1.800287563049139117e-01 3.449969140035051840e+00 1.668018335380493933e-01 1.800244309516773888e-01 1.645174900071769974e-01
3.454999999999949001e+00 1.750315872738709977e-01 3.454966315719116832e+00 1.665512138137431875e-01 1.750272748156712077e-01 1.645174962711405120e-01
3.459999999999948006e+00 1.700349429145227020e-01 3.459962967981914161e+00 1.662542027773853959e-01 1.700306458530337073e-01 1.645175037434790100e-01
3.464999999999947899e+00 1.650389269829304062e-01 3.464958993308282054e+00 1.659016706955671883e-01 1.650346483020380117e-01 1.645175126669911059e-01
3.469999999999947793e+00 1.600436523910601927e-01 3.469954279045909029e+00 1.654836642816082115e-01 1.600393955944338920e-01 1.645175232934524001e-01
3.474999999999948130e+00 1.550492383438885902e-01 3.474948706258182973e+00 1.649897322141427036e-01 1.550450074724473992e-01 1.645175358762487883e-01
3.479999999999948024e+00 1.500558054735136870e-01 3.479942154578413049e+00 1.644093054234337103e-01 1.500516050995681083e-01 1.645175506814740007e-01
3.484999999999947917e+00 1.450634720142947032e-01 3.484934506023496859e+00 1.637320592858508006e-01 1.450593072132654870e-01 1.645175679501122978e-01
3.489999999999947811e+00 1.400723514143678017e-01 3.489925647373563145e+00 1.629481895868387098e-01 1.400682277188042002e-01 1.645175879102873939e-01
3.494999999999948148e+00 1.350825495437409096e-01 3.494915472958489033e+00 1.620485619007550893e-01 1.350784728866001871e-01 1.645176107424334011e-01
3.499999999999948042e+00 1.300941656088099030e-01 3.499903883741593003e+00 1.610247311965186112e-01 1.300901422630993121e-01 1.645176366242256105e-01
3.504999999999947047e+00 1.251072932653131964e-01 3.504890786207703890e+00 1.598688548708294133e-01 1.251033297858223925e-01 1.645176656875255994e-01
3.509999999999946940e+00 1.201220216894852005e-01 3.509876091294898970e+00 1.585735343783852003e-01 1.201181248602748025e-01 1.645176980468527894e-01
3.514999999999946834e+00 1.151384388670298048e-01 3.514859711109239893e+00 1.571316187689215105e-01 1.151346156563620021e-01 1.645177337874323131e-01
3.519999999999947171e+00 1.101566340237108005e-01 3.519841556498032098e+00 1.555359926455623099e-01 1.101528915466876979e-01 1.645177729766323094e-01
3.524999999999947065e+00 1.051767000105118949e-01 3.524821534668217016e+00 1.537793608796367006e-01 1.051730454988202973e-01 1.645178156845948092e-01
3.529999999999946958e+00 1.001987370526116056e-01 3.529799545440431174e+00 1.518540334573071915e-01 1.001951778303403068e-01 1.645178619463557868e-01
3.534999999999946851e+00 9.522285491212434394e-02 3.534775479088752892e+00 1.497517059258212935e-01 9.521939837656923089e-02 1.645179117951794945e-01
3.539999999999947189e+00 9.024917694981526850e-02 3.539749212280935975e+00 1.474632281839584891e-01 9.024583055619284089e-02 1.645179652681408866e-01
3.544999999999947082e+00 8.527784370613966658e-02 3.544720604498872163e+00 1.449783486569244106e-01 8.527461495531063473e-02 1.645180223782866935e-01
3.549999999999946976e+00 8.030901759181707789e-02 3.549689493349129865e+00 1.422854184981975079e-01 8.030591402023778969e-02 1.645180831536096899e-01
3.554999999999945981e+00 7.534288934981114849e-02 3.554655688101747923e+00 1.393710350736286074e-01 7.533991852105248466e-02 1.645181475949706873e-01
3.559999999999945874e+00 7.037968555817153415e-02 3.559618962187902191e+00 1.362195957527448098e-01 7.037685505546842357e-02 1.645182157179130022e-01
3.564999999999946212e+00 6.541967921843694356e-02 3.564579042611761839e+00 1.328127224285637897e-01 6.541699663776201490e-02 1.645182875287873880e-01
3.569999999999946105e+00 6.046320374219327221e-02 3.569535595963952090e+00 1.291284974524400109e-01 6.046067668538324114e-02 1.645183630326373103e-01
3.574999999999945999e+00 5.551067440748980175e-02 3.574488206964848036e+00 1.251404227065517072e-01 5.550831047484038744e-02 1.645184422252868872e-01
3.579999999999945892e+00 5.056261738746715279e-02 3.579436349435380027e+00 1.208159577788668060e-01 5.056042416917271715e-02 1.645185251054215869e-01
3.584999999999945786e+00 4.561971501776040938e-02 3.584379341028518962e+00 1.161144057354081965e-01 4.561770008320986669e-02 1.645186116545085953e-01
3.589999999999946123e+00 4.068287858771180154e-02 3.589316270436198941e+00 1.109837463582895034e-01 4.068104947106133268e-02 1.645187018630749065e-01
3.594999999999946017e+00 3.575336581324851243e-02 3.594245879913275932e+00 1.053556877169432998e-01 3.575172999272734770e-02 1.645187957075261997e-01
3.599999999999945022e+00 3.083299022702367873e-02 3.599166355881719959e+00 9.913754560946032302e-02 3.083155509298296862e-02 1.645188931356764972e-01
3.604999999999944915e+00 2.592451839279386050e-02 3.604074931705504969e+00 9.219807075086293435e-02 2.592329119437097873e-02 1.645189940813527874e-01
3.609999999999944809e+00 2.103250618240736988e-02 3.608967051391144043e+00 8.434074362216761878e-02 2.103149392938696849e-02 1.645190984269483125e-01
3.614999999999945146e+00 1.616531976767043854e-02 3.613834348541979047e+00 7.524838689550862603e-02 1.616452902480736142e-02 1.645192059678506902e-01
3.619999999999945040e+00 1.134112979897928045e-02 3.618658652021199185e+00 6.435500883195498234e-02 1.134056616373801951e-02 1.645193162211689986e-01
3.624999999999944933e+00 6.623672011734360598e-03 3.623376224424904812e+00 5.007875501768788845e-02 6.623337751143321128e-03 1.645194275776621085e-01
3.629999999999944826e+00 2.642908416289664868e-03 3.627357087530645785e+00 3.002879910863017962e-02 2.642773331781090185e-03 1.645195242702778005e-01
