# vcm_v=1.65
# vin_v vout_v m6_vds_v m6_vdsat_v m7_vds_v m7_vdsat_v
0.000000000000000000e+00 3.275750768848347150e+00 2.424693429695778946e-02 1.326118099484504098e+00 3.275746364401976862e+00 2.591364525230238081e-01
5.000000000000000104e-03 3.275441368828285071e+00 2.455633448251859016e-02 1.305321205576527088e+00 3.275436964462333123e+00 2.591364525336974922e-01
1.000000000000000021e-02 3.274642826729042167e+00 2.535487687036663829e-02 1.254891425222228962e+00 3.274638422570431029e+00 2.591364525462069857e-01
1.499999999999999944e-02 3.272684597551459795e+00 2.731310662734243166e-02 1.147544833312494017e+00 3.272680193900010082e+00 2.591364525967335131e-01
2.000000000000000042e-02 3.269841659245212195e+00 3.015604573222097073e-02 1.022412370252844038e+00 3.269837256326990182e+00 2.591364526812385827e-01
2.500000000000000139e-02 3.266462529324487996e+00 3.353517658049876005e-02 9.089674455283631715e-01 3.266458127272468204e+00 2.591364527689927755e-01
2.999999999999999889e-02 3.262741994754427832e+00 3.725571215698453287e-02 8.120530270940805595e-01 3.262737593649994938e+00 2.591364528636355136e-01
3.500000000000000333e-02 3.258766353335644794e+00 4.123135463821858693e-02 7.313935568581527713e-01 3.258761953236635200e+00 2.591364529566487773e-01
4.000000000000000083e-02 3.254599072436922924e+00 4.539863663866138682e-02 6.645999684320911260e-01 3.254594673383909953e+00 2.591364530690070112e-01
4.499999999999999833e-02 3.250284853585290179e+00 4.971285661949619711e-02 6.091367586087717001e-01 3.250280455606692875e+00 2.591364531828543871e-01
5.000000000000000278e-02 3.245856211613352915e+00 5.414149973955729306e-02 5.627961212911932742e-01 3.245851814728779150e+00 2.591364532999277936e-01
5.499999999999999334e-02 3.241337245991815053e+00 5.866046652182310694e-02 5.237863746671325149e-01 3.241332850214354799e+00 2.591364533990456742e-01
5.999999999999999084e-02 3.236746085431859932e+00 6.325162825037544678e-02 4.906907595176345227e-01 3.236741690769730173e+00 2.591364535307789096e-01
6.499999999999998834e-02 3.232096545449819835e+00 6.790116940529999923e-02 4.623983509913645040e-01 3.232092151907544952e+00 2.591364536339461067e-01
6.999999999999999278e-02 3.227399280588780783e+00 7.259843544076893807e-02 4.380380294341147951e-01 3.227394888168057197e+00 2.591364537705134752e-01
7.499999999999999722e-02 3.222662602922353958e+00 7.733511428104922203e-02 4.169237964098391203e-01 3.222658211622697166e+00 2.591364538879005197e-01
8.000000000000000167e-02 3.217893066123477031e+00 8.210465225155605395e-02 3.985119195310263818e-01 3.217888675942702115e+00 2.591364539967881964e-01
8.500000000000000611e-02 3.213095891037264007e+00 8.690182850587069296e-02 3.823681710412021872e-01 3.213091501971847119e+00 2.591364541214882244e-01
9.000000000000001055e-02 3.208275276532241982e+00 9.172244417444286313e-02 3.681429957653297169e-01 3.208270888577601010e+00 2.591364542425648732e-01
9.500000000000001499e-02 3.203434630594113042e+00 9.656309127075202170e-02 3.555527320584255802e-01 3.203430243744823880e+00 2.591364543699877787e-01
1.000000000000000056e-01 3.198576742113337978e+00 1.014209809036837051e-01 3.443653608278021139e-01 3.198572356363306834e+00 2.591364544985633178e-01
1.049999999999999961e-01 3.193703912240219100e+00 1.062938119224128009e-01 3.343896479772173191e-01 3.193699527582809949e+00 2.591364546141605163e-01
1.100000000000000006e-01 3.188818054824984038e+00 1.111796704762863935e-01 3.254668138609851935e-01 3.188813671253126092e+00 2.591364547434815147e-01
1.150000000000000050e-01 3.183920771858487875e+00 1.160769545741096032e-01 3.174640940851168880e-01 3.183916389364762178e+00 2.591364548608409146e-01
1.199999999999999956e-01 3.179013414691085782e+00 1.209843128652555028e-01 3.102697308574640100e-01 3.179009033267790052e+00 2.591364549886828184e-01
1.250000000000000000e-01 3.174097130229208918e+00 1.259005984430734137e-01 3.037890449885797817e-01 3.174092749868417052e+00 2.591364551009612271e-01
1.300000000000000044e-01 3.169172898032158070e+00 1.308248317480824874e-01 2.979413327549855217e-01 3.169168518725760109e+00 2.591364552312204750e-01
1.350000000000000089e-01 3.164241559840593077e+00 1.357561710394863119e-01 2.926573959447277273e-01 3.164237181580340064e+00 2.591364553449196917e-01
1.400000000000000133e-01 3.159303843397443856e+00 1.406938885742446133e-01 2.878775640479087072e-01 3.159299466174970039e+00 2.591364554765693273e-01
1.449999999999999900e-01 3.154360381412216086e+00 1.456373516427670878e-01 2.835500969198712085e-01 3.154356005219070003e+00 2.591364555946816250e-01
1.499999999999999944e-01 3.149411727202541922e+00 1.505860069273569912e-01 2.796298880102662254e-01 3.149407352030208163e+00 2.591364557201643049e-01
1.550000000000001099e-01 3.144458367052315850e+00 1.555393681440704057e-01 2.760774037526035896e-01 3.144453992892227934e+00 2.591364558453642108e-01
1.600000000000000866e-01 3.139500730997391020e+00 1.604970052570288963e-01 2.728578110159748937e-01 3.139496357840954932e+00 2.591364559557527980e-01
1.650000000000000910e-01 3.134539201629240157e+00 1.654585356747330926e-01 2.699402571887761781e-01 3.134534829467838790e+00 2.591364560831295183e-01
1.700000000000000955e-01 3.129574120526063208e+00 1.704236178189804107e-01 2.672972685144966998e-01 3.129569749351074126e+00 2.591364562053236065e-01
1.750000000000000999e-01 3.124605795066459191e+00 1.753919443111696119e-01 2.649042513970574220e-01 3.124601424869256849e+00 2.591364563211074890e-01
1.800000000000001044e-01 3.119634503152548088e+00 1.803632372491885960e-01 2.627390722923060862e-01 3.119630133924518933e+00 2.591364564526951741e-01
1.850000000000001088e-01 3.114660496919039900e+00 1.853372444983399092e-01 2.607817060879856208e-01 3.114656128651585920e+00 2.591364565651639862e-01
1.900000000000001132e-01 3.109684007338274103e+00 1.903137350863098043e-01 2.590139420872131226e-01 3.109679640022815938e+00 2.591364566963889060e-01
1.950000000000000899e-01 3.104705246491930026e+00 1.952924969314379922e-01 2.574191371833354780e-01 3.104700880119918960e+00 2.591364568074774888e-01
2.000000000000000944e-01 3.099724409468374020e+00 2.002733349453942047e-01 2.559820114413698944e-01 3.099720044031288868e+00 2.591364569316358946e-01
2.050000000000000988e-01 3.094741677401712021e+00 2.052560679941022037e-01 2.546884802921988156e-01 3.094737312891069791e+00 2.591364570625441788e-01
2.100000000000001033e-01 3.089757218640933001e+00 2.102405277286139018e-01 2.535255180359716753e-01 3.089752855048285785e+00 2.591364571752027834e-01
2.150000000000001077e-01 3.084771189701131178e+00 2.152265576338696917e-01 2.524810498350196775e-01 3.084766827018075031e+00 2.591364573108536073e-01
2.200000000000001121e-01 3.079783736619840173e+00 2.202140116723843022e-01 2.515438670856747772e-01 3.079779374838015116e+00 2.591364574205243243e-01
2.250000000000000888e-01 3.074794995357165828e+00 2.252027538840918885e-01 2.507035639044287723e-01 3.074790634468258066e+00 2.591364575526718950e-01
2.300000000000000933e-01 3.069805092513374856e+00 2.301926576687761128e-01 2.499504888497975919e-01 3.069800732509119889e+00 2.591364576600965752e-01
2.350000000000000977e-01 3.064814145691126868e+00 2.351836054238272133e-01 2.492757101442867884e-01 3.064809786563310823e+00 2.591364577797193869e-01
2.400000000000001021e-01 3.059822263744810922e+00 2.401754882949055925e-01 2.486709879675537138e-01 3.059817905485275880e+00 2.591364579051352868e-01
2.450000000000001066e-01 3.054829546964925147e+00 2.451682059915709921e-01 2.481287526957562939e-01 3.054825189565566035e+00 2.591364580189693956e-01
2.500000000000001110e-01 3.049836086628908038e+00 2.501616672364361804e-01 2.476420833210108974e-01 3.049831730081677961e+00 2.591364581511146903e-01
2.550000000000001155e-01 3.044841966881576933e+00 2.551557878847425798e-01 2.472046852654511129e-01 3.044837611178488945e+00 2.591364582663681082e-01
2.600000000000001199e-01 3.039847263297524194e+00 2.601504923619550880e-01 2.468108658725998994e-01 3.039842908430649082e+00 2.591364583867338811e-01
2.650000000000001243e-01 3.034852043977139147e+00 2.651457125677457172e-01 2.464555049594573943e-01 3.034847689938609872e+00 2.591364585132068799e-01
2.700000000000000733e-01 3.029856370753674089e+00 2.701413866689206245e-01 2.461340227695595906e-01 3.029852017535688002e+00 2.591364586225520794e-01
2.750000000000000777e-01 3.024860297564337941e+00 2.751374607283362805e-01 2.458423435191003092e-01 3.024855945159158122e+00 2.591364587441331024e-01
2.800000000000000822e-01 3.019863872361991053e+00 2.801338867931951193e-01 2.455768572943106964e-01 3.019859520761941862e+00 2.591364588775976197e-01
2.850000000000000866e-01 3.014867138312197881e+00 2.851306216979931918e-01 2.453343805620891993e-01 3.014862787509672071e+00 2.591364589880599811e-01
2.900000000000000910e-01 3.009870132762734851e+00 2.901276280950209063e-01 2.451121154372893907e-01 3.009865782750190011e+00 2.591364591151427144e-01
2.950000000000002065e-01 3.004872888428003819e+00 2.951248732699430222e-01 2.449076108662711915e-01 3.004868539197965926e+00 2.591364592307732195e-01
3.000000000000002109e-01 2.999875433967346794e+00 3.001223285634821991e-01 2.447187249885970084e-01 2.999871085512411106e+00 2.591364593512944237e-01
3.050000000000002154e-01 2.994877794841499963e+00 3.051199685149685870e-01 2.445435895591250020e-01 2.994873447154327017e+00 2.591364594693607026e-01
3.100000000000002198e-01 2.989879992659596031e+00 3.101177715153350944e-01 2.443805772171974977e-01 2.989875645732916976e+00 2.591364595964518180e-01
3.150000000000002243e-01 2.984882046416580170e+00 3.151157185697037733e-01 2.442282719865470075e-01 2.984877700243191878e+00 2.591364597088650079e-01
3.200000000000001732e-01 2.979883972678003090e+00 3.201137931125880853e-01 2.440854416841757024e-01 2.979879627250776153e+00 2.591364598297675736e-01
3.250000000000001776e-01 2.974885785776983038e+00 3.251119808109402265e-01 2.439510144975091943e-01 2.974881441088851997e+00 2.591364599413008007e-01
3.300000000000001821e-01 2.969887498560098038e+00 3.301102688182485090e-01 2.438240577212341942e-01 2.969883154604068043e+00 2.591364600764424209e-01
3.350000000000001865e-01 2.964889121563488050e+00 3.351086465984388085e-01 2.437037590025402933e-01 2.964884778332632198e+00 2.591364601913043186e-01
3.400000000000001910e-01 2.959890664522518033e+00 3.401071044162077839e-01 2.435894103381792963e-01 2.959886322009979143e+00 2.591364603030452129e-01
3.450000000000001954e-01 2.954892135544028964e+00 3.451056341647892878e-01 2.434803934353531873e-01 2.954887793743016022e+00 2.591364604193983068e-01
3.500000000000001998e-01 2.949893542195923146e+00 3.501042282763430769e-01 2.433761680913137937e-01 2.949889201099714864e+00 2.591364605449391068e-01
3.550000000000002043e-01 2.944894890872618021e+00 3.551028803565169922e-01 2.432762612893318022e-01 2.944890550474561053e+00 2.591364606543982152e-01
3.600000000000002087e-01 2.939896186750090123e+00 3.601015852294007225e-01 2.431802582464455131e-01 2.939891847043599071e+00 2.591364607828355870e-01
3.650000000000002132e-01 2.934897435093403839e+00 3.651003376299986058e-01 2.430877944249618949e-01 2.934893096071959029e+00 2.591364608928040103e-01
3.700000000000002176e-01 2.929898640106471941e+00 3.700991333544578765e-01 2.429985489908847995e-01 2.929894301763622977e+00 2.591364610255377232e-01
3.750000000000002220e-01 2.924899805448362144e+00 3.750979687437828169e-01 2.429122386578008996e-01 2.924895467777723912e+00 2.591364611314729838e-01
3.800000000000002265e-01 2.919900934936848103e+00 3.800968399802551190e-01 2.428286135025546078e-01 2.919896597932102100e+00 2.591364612554403202e-01
3.850000000000001754e-01 2.914902030858613102e+00 3.850957447772636044e-01 2.427474513961656866e-01 2.914897694513506998e+00 2.591364613787128235e-01
3.900000000000001799e-01 2.909903096612040940e+00 3.900946797364869822e-01 2.426685556282981993e-01 2.909898760920389904e+00 2.591364614906878083e-01
3.950000000000001843e-01 2.904904133900402030e+00 3.950936431547171779e-01 2.425917509224461976e-01 2.904899798856085180e+00 2.591364616133086107e-01
4.000000000000001887e-01 2.899905145455733191e+00 4.000926322999807105e-01 2.425168810072128034e-01 2.899900811052695815e+00 2.591364617194977793e-01
4.050000000000001932e-01 2.894906132712363966e+00 4.050916457380138169e-01 2.424438061679295986e-01 2.894901798944617077e+00 2.591364618378366735e-01
4.100000000000003086e-01 2.889907097458661145e+00 4.100906816805066080e-01 2.423724013800712951e-01 2.889902764320273931e+00 2.591364619652273271e-01
4.150000000000003131e-01 2.884908041107693055e+00 4.150897387144608097e-01 2.423025539686430863e-01 2.884903708592807980e+00 2.591364620718462075e-01
4.200000000000003175e-01 2.879908965265756127e+00 4.200888152336351156e-01 2.422341630481532060e-01 2.879904633368572053e+00 2.591364622079591062e-01
4.250000000000003220e-01 2.874909870968366032e+00 4.250879102025804102e-01 2.421671372156813939e-01 2.874905539683150213e+00 2.591364623171490966e-01
4.300000000000003264e-01 2.869910759286427027e+00 4.300870225504521138e-01 2.421013940406039067e-01 2.869906428607506221e+00 2.591364624323745924e-01
4.350000000000002753e-01 2.864911631630917999e+00 4.350861508663327881e-01 2.420368587556117057e-01 2.864907301552682029e+00 2.591364625610884098e-01
4.400000000000002798e-01 2.859912488476993975e+00 4.400852946751280803e-01 2.419734634877014900e-01 2.859908158993898830e+00 2.591364626664928172e-01
4.450000000000002842e-01 2.854913331016376787e+00 4.450844527851747223e-01 2.419111466316619941e-01 2.854909002122937078e+00 2.591364627913603225e-01
4.500000000000002887e-01 2.849914159674909797e+00 4.500836247706926918e-01 2.418498517037550866e-01 2.849909831365700974e+00 2.591364629036412848e-01
4.550000000000002931e-01 2.844914975218074016e+00 4.550828098662584864e-01 2.417895272854783950e-01 2.844910647487732813e+00 2.591364630244971101e-01
4.600000000000002975e-01 2.839915778296103088e+00 4.600820074216986910e-01 2.417301262823917940e-01 2.839911451139328857e+00 2.591364631396850249e-01
4.650000000000003020e-01 2.834916569523783902e+00 4.650812168222833165e-01 2.416716053946695864e-01 2.834912242935335058e+00 2.591364632618681219e-01
4.700000000000003064e-01 2.829917349421123163e+00 4.700804375480668873e-01 2.416139248056702882e-01 2.829913023395818072e+00 2.591364633665411144e-01
4.750000000000003109e-01 2.824918118615300955e+00 4.750796689719241073e-01 2.415570480763513939e-01 2.824913793148017049e+00 2.591364634979232973e-01
4.800000000000003153e-01 2.819918877372344923e+00 4.800789108278876172e-01 2.415009410650129917e-01 2.819914552458020029e+00 2.591364636043531067e-01
4.850000000000003197e-01 2.814919626189777091e+00 4.850781626184935136e-01 2.414455726093865107e-01 2.814915301823405880e+00 2.591364637279586214e-01
4.900000000000003242e-01 2.809920365408232090e+00 4.900774240031612883e-01 2.413909136437830949e-01 2.809916041584870960e+00 2.591364638495126105e-01
4.950000000000002731e-01 2.804921095336056158e+00 4.950766946736027130e-01 2.413369372764262999e-01 2.804916772050816132e+00 2.591364639539261994e-01
5.000000000000003331e-01 2.799921816463637025e+00 5.000759741394857905e-01 2.412836182349762104e-01 2.799917493711689076e+00 2.591364640860027158e-01
5.050000000000003375e-01 2.794922529301373970e+00 5.050752618904703617e-01 2.412309332260368089e-01 2.794918207077944139e+00 2.591364641880375963e-01
5.100000000000003419e-01 2.789923233765335908e+00 5.100745580105376931e-01 2.411788604624842958e-01 2.789918912065707968e+00 2.591364643217911046e-01
5.150000000000003464e-01 2.784923930105208001e+00 5.150738622500612429e-01 2.411273794403079040e-01 2.784919608924723011e+00 2.591364644320091060e-01
5.200000000000003508e-01 2.779924618928987012e+00 5.200731740010979820e-01 2.410764709749521062e-01 2.779920298263041101e+00 2.591364645525665034e-01
5.250000000000003553e-01 2.774925300296046782e+00 5.250724932043291382e-01 2.410261170632478911e-01 2.774920980140091142e+00 2.591364646732419175e-01
5.300000000000003597e-01 2.769925974336359786e+00 5.300718197298373013e-01 2.409763008098383119e-01 2.769921654685902013e+00 2.591364647820810774e-01
5.350000000000003642e-01 2.764926641444076960e+00 5.350711531835212753e-01 2.409270062941109014e-01 2.764922322294681045e+00 2.591364648955319927e-01
5.400000000000003686e-01 2.759927301646484921e+00 5.400704935381517302e-01 2.408782183552506118e-01 2.759922982993764151e+00 2.591364650157106930e-01
5.450000000000003730e-01 2.754927955242493010e+00 5.450698404948717268e-01 2.408299228438491868e-01 2.754923637082121068e+00 2.591364651339049807e-01
5.500000000000003775e-01 2.749928602321006110e+00 5.500691939648256756e-01 2.407821063324523947e-01 2.749924284648705086e+00 2.591364652483474917e-01
5.550000000000003819e-01 2.744929243270377128e+00 5.550685535597148501e-01 2.407347560140110088e-01 2.744924926081924177e+00 2.591364653751794256e-01
5.600000000000003864e-01 2.739929878047660861e+00 5.600679193225372998e-01 2.406878597508007034e-01 2.739925561338888205e+00 2.591364654925317201e-01
5.650000000000003908e-01 2.734930506904532876e+00 5.650672910016671935e-01 2.406414060566232083e-01 2.734926190671322033e+00 2.591364656106143194e-01
5.700000000000003952e-01 2.729931129649231014e+00 5.700666687889204276e-01 2.405953838662946986e-01 2.729926813887518122e+00 2.591364657135081240e-01
5.750000000000003997e-01 2.724931746937556909e+00 5.750660520285411081e-01 2.405497828144232964e-01 2.724927431643327846e+00 2.591364658277763855e-01
5.800000000000004041e-01 2.719932358721678156e+00 5.800654407684140423e-01 2.405045929261306059e-01 2.719928043890971203e+00 2.591364659620292166e-01
5.850000000000004086e-01 2.714932965178264102e+00 5.850648348319231751e-01 2.404598045488242908e-01 2.714928650807166832e+00 2.591364660771187101e-01
5.900000000000004130e-01 2.709933566212697986e+00 5.900642343137301182e-01 2.404154085938861041e-01 2.709929252297352154e+00 2.591364661875286135e-01
5.950000000000004174e-01 2.704934162113517004e+00 5.950636389253496361e-01 2.403713962344316002e-01 2.704929848650111879e+00 2.591364663088787101e-01
6.000000000000004219e-01 2.699934752905023050e+00 6.000630486425264642e-01 2.403277591962502124e-01 2.699930439889797196e+00 2.591364664145938135e-01
6.050000000000004263e-01 2.694935338790799051e+00 6.050624632617265242e-01 2.402844893134762072e-01 2.694931026220042103e+00 2.591364665363792841e-01
6.100000000000004308e-01 2.689935920008679204e+00 6.100618825451658012e-01 2.402415788190906121e-01 2.689931607878727871e+00 2.591364666496600022e-01
6.150000000000004352e-01 2.684936496246506987e+00 6.150613068050438947e-01 2.401990202988976975e-01 2.684932184553746826e+00 2.591364667680521872e-01
6.200000000000004396e-01 2.679937068054243809e+00 6.200607354914535740e-01 2.401568064285828918e-01 2.679932756795111004e+00 2.591364668957125139e-01
6.250000000000004441e-01 2.674937635041488182e+00 6.250601689948367401e-01 2.401149303787568912e-01 2.674933324212462882e+00 2.591364669961873091e-01
6.300000000000004485e-01 2.669938197800319823e+00 6.300596067231607478e-01 2.400733854114072974e-01 2.669933887397934136e+00 2.591364671247525231e-01
6.350000000000004530e-01 2.664938756226745920e+00 6.350590487804694817e-01 2.400321649440385063e-01 2.664934446247575028e+00 2.591364672375889855e-01
6.400000000000004574e-01 2.659939310087906961e+00 6.400584953996637516e-01 2.399912627992449032e-01 2.659935000528574012e+00 2.591364673616349812e-01
6.450000000000004619e-01 2.654939859949195124e+00 6.450579460153988975e-01 2.399506728784615017e-01 2.654935550806369893e+00 2.591364674667708812e-01
6.500000000000004663e-01 2.649940405927480924e+00 6.500574005108483711e-01 2.399103893426842993e-01 2.649936097197878926e+00 2.591364675863935818e-01
6.550000000000004707e-01 2.644940947362841133e+00 6.550568595459793642e-01 2.398704064119155932e-01 2.644936639043223181e+00 2.591364676977808146e-01
6.600000000000004752e-01 2.639941485181310998e+00 6.600563221948019255e-01 2.398307186332364893e-01 2.639937177268481872e+00 2.591364678308538116e-01
6.650000000000004796e-01 2.634942018759772964e+00 6.650557890804762451e-01 2.397913205680081983e-01 2.634937711250585846e+00 2.591364679377167746e-01
6.700000000000004841e-01 2.629942548637756783e+00 6.700552596635169778e-01 2.397522069735323891e-01 2.629938241529106158e+00 2.591364680595977799e-01
6.750000000000004885e-01 2.624943074869833026e+00 6.750547338893961857e-01 2.397133728194107138e-01 2.624938768158656011e+00 2.591364681796968772e-01
6.800000000000004929e-01 2.619943597351920062e+00 6.800542118622403542e-01 2.396748130636514040e-01 2.619939291035200846e+00 2.591364683008615111e-01
6.850000000000004974e-01 2.614944116138162133e+00 6.850536935279478712e-01 2.396365230097833032e-01 2.614939810212927096e+00 2.591364684046351119e-01
6.900000000000005018e-01 2.609944631562768791e+00 6.900531785523438266e-01 2.395984979442901119e-01 2.609940326026083834e+00 2.591364685246159150e-01
6.950000000000005063e-01 2.604945143407177977e+00 6.950526671540413481e-01 2.395607332120534005e-01 2.604940838256156965e+00 2.591364686423813790e-01
7.000000000000005107e-01 2.599945651589592899e+00 7.000521594148745308e-01 2.395232244309933034e-01 2.599941346821387000e+00 2.591364687548134982e-01
7.050000000000005151e-01 2.594946156597388143e+00 7.050516548475092016e-01 2.394859672271021089e-01 2.594941852209191158e+00 2.591364688703993724e-01
7.100000000000005196e-01 2.589946658089302911e+00 7.100511537932465700e-01 2.394489573473302102e-01 2.589942354078353048e+00 2.591364689927818099e-01
7.150000000000005240e-01 2.584947156420327019e+00 7.150506558971367888e-01 2.394121906672340983e-01 2.584942852783899792e+00 2.591364691082381766e-01
7.200000000000005285e-01 2.579947651662478858e+00 7.200501610872049874e-01 2.393756630300556132e-01 2.579943348397891967e+00 2.591364692282350224e-01
7.250000000000005329e-01 2.574948143613000173e+00 7.250496695662462798e-01 2.393393705118614934e-01 2.574943840717610843e+00 2.591364693390004192e-01
7.300000000000005373e-01 2.569948632459415183e+00 7.300491811467741954e-01 2.393033092842714871e-01 2.569944329930621052e+00 2.591364694666539181e-01
7.350000000000005418e-01 2.564949118167589859e+00 7.350486958629613987e-01 2.392674755539739018e-01 2.564944816002828087e+00 2.591364695806900875e-01
7.400000000000005462e-01 2.559949601152510024e+00 7.400482132998611462e-01 2.392318655455009935e-01 2.559945299349255965e+00 2.591364697047935928e-01
7.450000000000005507e-01 2.554950080760676201e+00 7.450477341110133267e-01 2.391964756238708079e-01 2.554945779316443843e+00 2.591364698159241975e-01
7.500000000000005551e-01 2.549950557464740086e+00 7.500472578238017718e-01 2.391613022738413030e-01 2.549946256377082943e+00 2.591364699328559951e-01
7.550000000000005596e-01 2.544951031691824017e+00 7.550467840111410034e-01 2.391263419359375975e-01 2.544946730958332903e+00 2.591364700476195826e-01
7.600000000000005640e-01 2.539951502779160819e+00 7.600463133358354995e-01 2.390915911932894877e-01 2.539947202397463855e+00 2.591364701701378004e-01
7.650000000000005684e-01 2.534951971031318863e+00 7.650458454933546371e-01 2.390570466993884036e-01 2.534947670999081026e+00 2.591364702787732899e-01
7.700000000000005729e-01 2.529952436818974082e+00 7.700453801130566767e-01 2.390227052486744996e-01 2.529948137133898101e+00 2.591364704046407730e-01
7.750000000000005773e-01 2.524952899845573029e+00 7.750449174915328143e-01 2.389885634373346002e-01 2.524948600505398044e+00 2.591364705138268221e-01
7.800000000000005818e-01 2.519953360165005041e+00 7.800444575749287957e-01 2.389546181667787095e-01 2.519949061167506166e+00 2.591364706424397757e-01
7.850000000000005862e-01 2.514953817820127835e+00 7.850440003204184336e-01 2.389208664108115887e-01 2.514949519163116154e+00 2.591364707471845996e-01
7.900000000000005906e-01 2.509954272839876932e+00 7.900435456991066197e-01 2.388873050267752984e-01 2.509949974521196836e+00 2.591364708689433138e-01
7.950000000000005951e-01 2.504954725530978976e+00 7.950430934043013487e-01 2.388539309196535121e-01 2.504950427548513048e+00 2.591364709841377234e-01
8.000000000000005995e-01 2.499955175537877050e+00 8.000426437915866273e-01 2.388207413276182967e-01 2.499950877889541179e+00 2.591364711136112109e-01
8.050000000000006040e-01 2.494955623267571809e+00 8.050421964540022124e-01 2.387877332761892124e-01 2.494951325951315191e+00 2.591364712146322913e-01
8.100000000000006084e-01 2.489956068833464986e+00 8.100417512781787899e-01 2.387549038474670871e-01 2.489951771847271011e+00 2.591364713397948938e-01
8.150000000000006128e-01 2.484956511613233943e+00 8.150413088864683075e-01 2.387222503568690035e-01 2.484952214955121974e+00 2.591364714481974030e-01
8.200000000000006173e-01 2.479956952123870906e+00 8.200408687619140657e-01 2.386897699819562069e-01 2.479952655791890948e+00 2.591364715736699242e-01
8.250000000000006217e-01 2.474957390333428986e+00 8.250404309364931521e-01 2.386574601514085125e-01 2.474953094325664793e+00 2.591364717003302176e-01
8.300000000000006262e-01 2.469957826586608007e+00 8.300399950655443781e-01 2.386253179165774008e-01 2.469953530901177974e+00 2.591364718006630152e-01
8.350000000000006306e-01 2.464958260309459082e+00 8.350395617230406131e-01 2.385933409678092088e-01 2.464953964944509135e+00 2.591364719300494057e-01
8.400000000000006350e-01 2.459958691767440087e+00 8.400391306435577299e-01 2.385615265637179017e-01 2.459954396721152126e+00 2.591364720469667149e-01
8.450000000000006395e-01 2.454959121420699830e+00 8.450387013669775627e-01 2.385298721769510966e-01 2.454954826691286840e+00 2.591364721529080817e-01
8.500000000000006439e-01 2.449959548588083180e+00 8.500382745744881063e-01 2.384983754839488101e-01 2.449955254173787011e+00 2.591364722884345051e-01
8.550000000000006484e-01 2.444959973887478100e+00 8.550378496482302637e-01 2.384670338115187915e-01 2.444955679786573022e+00 2.591364724062986125e-01
8.600000000000006528e-01 2.439960397047116203e+00 8.600374268600026184e-01 2.384358448535743025e-01 2.439956103257907127e+00 2.591364725086253151e-01
8.650000000000006573e-01 2.434960818311139974e+00 8.650370059656919963e-01 2.384048062196819917e-01 2.434956524831959790e+00 2.591364726380639971e-01
8.700000000000006617e-01 2.429961237376290217e+00 8.700365872685873470e-01 2.383739156673490012e-01 2.429956944205505120e+00 2.591364727585878103e-01
8.750000000000006661e-01 2.424961654800597000e+00 8.750361702106856931e-01 2.383431708048363018e-01 2.424957361936602052e+00 2.591364728667808204e-01
8.800000000000006706e-01 2.419962069868403898e+00 8.800357555076745442e-01 2.383125693552000102e-01 2.419957777309620806e+00 2.591364729947669976e-01
8.850000000000006750e-01 2.414962483254555980e+00 8.850353424847394734e-01 2.382821090371836925e-01 2.414958190999437093e+00 2.591364730974837771e-01
8.900000000000006795e-01 2.409962894783916010e+00 8.900349313170394794e-01 2.382517878817612123e-01 2.409958602830941210e+00 2.591364732269649251e-01
8.950000000000006839e-01 2.404963304459216022e+00 8.950345220018736114e-01 2.382216036146768134e-01 2.404959012806893170e+00 2.591364733461388181e-01
9.000000000000006883e-01 2.399963712195357868e+00 9.000341146243671098e-01 2.381915539989609976e-01 2.399959420842225910e+00 2.591364734651602220e-01
9.050000000000006928e-01 2.394964118325618063e+00 9.050337088512723227e-01 2.381616370745857081e-01 2.394959827270239039e+00 2.591364735857497048e-01
9.100000000000006972e-01 2.389964522692650917e+00 9.100333048399580349e-01 2.381318506875171881e-01 2.389960231933617063e+00 2.591364736868811969e-01
9.150000000000007017e-01 2.384964925270821823e+00 9.150329026160863854e-01 2.381021929486336897e-01 2.384960634806748914e+00 2.591364738193516204e-01
9.200000000000007061e-01 2.379965326077182919e+00 9.200325021626327704e-01 2.380726617313013993e-01 2.379961035906719147e+00 2.591364739222690172e-01
9.250000000000007105e-01 2.374965725277490947e+00 9.250321033138662052e-01 2.380432550826450944e-01 2.374961435399303156e+00 2.591364740582238202e-01
9.300000000000007150e-01 2.369966122840537981e+00 9.300317061010190400e-01 2.380139711312770912e-01 2.369961833253323213e+00 2.591364741772081981e-01
9.350000000000007194e-01 2.364966518466359968e+00 9.350313108240793092e-01 2.379848078765479935e-01 2.364962229168842800e+00 2.591364742840595037e-01
9.400000000000007239e-01 2.359966912861353183e+00 9.400309167766804919e-01 2.379557634706435942e-01 2.359962623852279062e+00 2.591364744075493887e-01
9.450000000000007283e-01 2.354967305409558787e+00 9.450305245747987470e-01 2.379268360852798136e-01 2.354963016687702027e+00 2.591364745149590809e-01
9.500000000000007327e-01 2.349967696721364963e+00 9.500301336080760883e-01 2.378980239211546943e-01 2.349963408285518973e+00 2.591364746375410255e-01
9.550000000000007372e-01 2.344968086359812798e+00 9.550297443134918574e-01 2.378693250939115100e-01 2.344963798208802963e+00 2.591364747571301974e-01
9.600000000000007416e-01 2.339968474666250131e+00 9.600293563497239724e-01 2.378407379159080126e-01 2.339964186798917822e+00 2.591364748696817766e-01
9.650000000000007461e-01 2.334968861257209038e+00 9.650289701002612297e-01 2.378122605716732063e-01 2.334964573672424937e+00 2.591364749968778081e-01
9.700000000000007505e-01 2.329969246518431181e+00 9.700285851793886138e-01 2.377838913753798078e-01 2.329964959215089060e+00 2.591364751092283814e-01
9.750000000000007550e-01 2.324969630276199961e+00 9.750282017608400409e-01 2.377556286439637956e-01 2.324965343253214023e+00 2.591364752408362726e-01
9.800000000000007594e-01 2.319970012559168016e+00 9.800278198159930731e-01 2.377274706130131088e-01 2.319965725815475999e+00 2.591364753515782993e-01
9.850000000000007638e-01 2.314970393614714794e+00 9.850274390974811389e-01 2.376994158378641919e-01 2.314966107149278862e+00 2.591364754689763905e-01
9.900000000000007683e-01 2.309970773142766109e+00 9.900270599054077358e-01 2.376714625196325870e-01 2.309966486954567966e+00 2.591364755944496889e-01
9.950000000000007727e-01 2.304971151410768027e+00 9.950266819723450062e-01 2.376436090627838948e-01 2.304966865498816020e+00 2.591364757001782260e-01
1.000000000000001110e+00 2.299971528338459859e+00 1.000026305378574065e+00 2.376158540801706076e-01 2.299967242701776993e+00 2.591364758347318165e-01
1.005000000000001004e+00 2.294971903998713980e+00 1.005025930051246963e+00 2.375881957603623862e-01 2.294967618636349904e+00 2.591364759446849186e-01
1.010000000000000009e+00 2.289972278465655098e+00 1.010025555916256979e+00 2.375606327854966893e-01 2.289967993376679001e+00 2.591364760572948955e-01
1.014999999999999902e+00 2.284972651391286025e+00 1.015025183321621949e+00 2.375331635834334043e-01 2.284968366574786192e+00 2.591364761844626163e-01
1.020000000000000018e+00 2.279973023354613826e+00 1.020024811688353905e+00 2.375057866536852968e-01 2.279968738809702966e+00 2.591364762954975198e-01
1.024999999999999911e+00 2.274973394022936191e+00 1.025024441349178916e+00 2.374785005545546890e-01 2.274969109748743001e+00 2.591364764278625277e-01
1.030000000000000027e+00 2.269973763455197968e+00 1.030024072245165012e+00 2.374513039127064962e-01 2.269969479450872907e+00 2.591364765366631073e-01
1.034999999999999920e+00 2.264974131567668802e+00 1.035023704460068972e+00 2.374241951991052091e-01 2.264969847832383198e+00 2.591364766681967802e-01
1.040000000000000036e+00 2.259974498724659053e+00 1.040023337629595979e+00 2.373971731067321123e-01 2.259970215257602000e+00 2.591364767785652168e-01
1.044999999999999929e+00 2.254974864644963883e+00 1.045022972034969966e+00 2.373702361940339123e-01 2.254970581445344013e+00 2.591364768926898154e-01
1.050000000000000044e+00 2.249975229412029876e+00 1.050022607592763002e+00 2.373433831087589096e-01 2.249970946479074030e+00 2.591364770273132945e-01
1.054999999999999050e+00 2.244975593036202088e+00 1.055022244292646905e+00 2.373166125838173102e-01 2.244971310369156203e+00 2.591364771400533895e-01
1.059999999999998943e+00 2.239975955691591025e+00 1.060021881960532042e+00 2.372899232489956989e-01 2.239971673289720133e+00 2.591364772590408205e-01
1.064999999999999059e+00 2.234976317391613065e+00 1.065021520583014913e+00 2.372633138924057916e-01 2.234972035254199074e+00 2.591364773669160848e-01
1.069999999999998952e+00 2.229976677772584015e+00 1.070021160523801917e+00 2.372367831475004907e-01 2.229972395898926152e+00 2.591364775041992141e-01
1.074999999999999067e+00 2.224977037128780921e+00 1.075020801488629996e+00 2.372103298575757024e-01 2.224972755518197953e+00 2.591364776230885014e-01
1.079999999999998961e+00 2.219977395612489079e+00 1.080020443325234059e+00 2.371839526763349082e-01 2.219973114264314873e+00 2.591364777421756860e-01
1.084999999999999076e+00 2.214977753054824916e+00 1.085020086202509892e+00 2.371576504518294048e-01 2.214973471968412877e+00 2.591364778606601860e-01
1.089999999999998970e+00 2.209978109320957174e+00 1.090019730255310959e+00 2.371314219066862072e-01 2.209973828495675807e+00 2.591364779746431202e-01
1.094999999999999085e+00 2.204978464861027998e+00 1.095019375033505105e+00 2.371052660430089942e-01 2.204974184296261797e+00 2.591364781017844732e-01
1.099999999999998979e+00 2.199978819084491999e+00 1.100019021127657037e+00 2.370791815054293095e-01 2.199974538779643218e+00 2.591364782165376246e-01
1.104999999999997984e+00 2.194979172568196191e+00 1.105018667960935952e+00 2.370531672900529074e-01 2.194974892522679966e+00 2.591364783409427774e-01
1.109999999999998099e+00 2.189979525393312088e+00 1.110018315452182991e+00 2.370272221669922907e-01 2.189975245606563981e+00 2.591364784457982906e-01
1.114999999999997993e+00 2.184979876833040180e+00 1.115017964328212985e+00 2.370013451681113048e-01 2.184975597304506856e+00 2.591364785758488165e-01
1.119999999999998108e+00 2.179980227673127047e+00 1.120017613803298895e+00 2.369755349813482126e-01 2.179975948402273822e+00 2.591364786875758885e-01
1.124999999999998002e+00 2.174980577556198114e+00 1.125017264234823955e+00 2.369497907421820038e-01 2.174976298542503184e+00 2.591364788229635896e-01
1.129999999999997895e+00 2.169980926728158011e+00 1.130016915376901965e+00 2.369241113031929913e-01 2.169976647971115113e+00 2.591364789364555277e-01
1.134999999999998010e+00 2.164981274680314982e+00 1.135016567738236892e+00 2.368984955906366929e-01 2.164976996179432955e+00 2.591364790560791165e-01
1.139999999999997904e+00 2.159981622011116986e+00 1.140016220720394990e+00 2.368729426723540088e-01 2.159977343765917102e+00 2.591364791738163809e-01
1.144999999999998019e+00 2.154981968692994077e+00 1.145015874350961971e+00 2.368474514404028952e-01 2.154977690703014037e+00 2.591364792999705235e-01
1.149999999999997025e+00 2.149982314170529207e+00 1.150015529185365093e+00 2.368220210004544080e-01 2.149978036435320039e+00 2.591364794055088239e-01
1.154999999999996918e+00 2.144982659246692958e+00 1.155015184420649987e+00 2.367966503119690036e-01 2.144978381765819009e+00 2.591364795433243051e-01
1.159999999999997033e+00 2.139983003298311814e+00 1.160014840679999937e+00 2.367713384288084033e-01 2.139978726071349868e+00 2.591364796610394761e-01
1.164999999999996927e+00 2.134983346583226194e+00 1.165014497705592955e+00 2.367460843406304916e-01 2.134979069609769020e+00 2.591364797691230182e-01
1.169999999999997042e+00 2.129983689137076919e+00 1.170014155461795102e+00 2.367208872052445900e-01 2.129979412416726170e+00 2.591364798896013122e-01
1.174999999999996936e+00 2.124984031053771094e+00 1.175013813854715039e+00 2.366957461327620915e-01 2.124979754586143965e+00 2.591364800189044915e-01
1.179999999999997051e+00 2.119984372046246790e+00 1.180013473171426908e+00 2.366706600518810877e-01 2.119980095830973799e+00 2.591364801348798874e-01
1.184999999999996945e+00 2.114984712336934081e+00 1.185013133189507961e+00 2.366456282883324935e-01 2.114980436373655959e+00 2.591364802582584170e-01
1.189999999999997060e+00 2.109985051916908105e+00 1.190012793917901046e+00 2.366206498236418099e-01 2.109980776205279795e+00 2.591364803707151276e-01
1.194999999999996954e+00 2.104985390675949031e+00 1.195012455466833989e+00 2.365957238983968924e-01 2.104981115215633913e+00 2.591364805002607796e-01
1.199999999999995959e+00 2.099985728824946829e+00 1.200012117625429919e+00 2.365708495079630047e-01 2.099981453615626048e+00 2.591364806126850162e-01
1.204999999999996074e+00 2.094986066659486834e+00 1.205011780098113050e+00 2.365460260248646862e-01 2.094981791700846863e+00 2.591364807422176786e-01
1.209999999999995968e+00 2.089986403236196111e+00 1.210011443828270084e+00 2.365212525088286055e-01 2.089982128527938077e+00 2.591364808544295850e-01
1.214999999999996083e+00 2.084986739674036027e+00 1.215011107696946979e+00 2.364965281937574937e-01 2.084982465215870828e+00 2.591364809823700766e-01
1.219999999999995977e+00 2.079987075076588088e+00 1.220010772600575111e+00 2.364718521980775090e-01 2.079982800868239057e+00 2.591364811048275096e-01
1.224999999999996092e+00 2.074987410056905901e+00 1.225010437926109974e+00 2.364472238908089941e-01 2.074983136098106140e+00 2.591364812225813163e-01
1.229999999999995985e+00 2.069987744413595010e+00 1.230010103874958904e+00 2.364226423518860920e-01 2.069983470704087836e+00 2.591364813477259887e-01
1.234999999999996101e+00 2.064988078042404140e+00 1.235009770551378949e+00 2.363981069518014955e-01 2.064983804581944860e+00 2.591364814645120140e-01
1.239999999999995994e+00 2.059988411050881041e+00 1.240009437847835017e+00 2.363736168910423874e-01 2.059984137839233842e+00 2.591364815848090086e-01
1.244999999999995000e+00 2.054988743419642105e+00 1.245009105783718040e+00 2.363491715037855934e-01 2.054984470456580947e+00 2.591364817135455856e-01
1.249999999999994893e+00 2.049989075308986219e+00 1.250008774198742900e+00 2.363247700001357976e-01 2.049984802594296163e+00 2.591364818247183788e-01
1.254999999999995008e+00 2.044989406472665916e+00 1.255008443339161950e+00 2.363004117083273015e-01 2.044985134006141791e+00 2.591364819476187908e-01
1.259999999999994902e+00 2.039989737252597024e+00 1.260008112863072016e+00 2.362760958628778996e-01 2.039985465034041212e+00 2.591364820801749791e-01
1.264999999999995017e+00 2.034990067493879007e+00 1.265007782925378965e+00 2.362518219036645883e-01 2.034985795523104990e+00 2.591364821968437093e-01
1.269999999999994911e+00 2.029990397021379067e+00 1.270007453701228028e+00 2.362275890712152993e-01 2.029986125298207877e+00 2.591364823219997060e-01
1.274999999999995026e+00 2.024990726116981943e+00 1.275007124908740019e+00 2.362033967367515030e-01 2.024986454641247047e+00 2.591364824411788170e-01
1.279999999999994920e+00 2.019991054686784082e+00 1.280006796641830036e+00 2.361792442715295870e-01 2.019986783458322943e+00 2.591364825654263182e-01
1.284999999999995035e+00 2.014991382660127783e+00 1.285006468971159110e+00 2.361551310021965111e-01 2.014987111678789855e+00 2.591364826806696886e-01
1.289999999999994040e+00 2.009991710321003211e+00 1.290006141612749957e+00 2.361310563542012020e-01 2.009987439586645053e+00 2.591364828124453901e-01
1.294999999999993934e+00 2.004992037248371162e+00 1.295005814987647996e+00 2.361070196822095957e-01 2.004987766760858214e+00 2.591364829275887849e-01
1.299999999999994049e+00 1.999992363646641014e+00 1.300005488891454064e+00 2.360830203036707875e-01 1.999988093405848044e+00 2.591364830447877021e-01
1.304999999999993943e+00 1.994992689559694998e+00 1.305005163280285929e+00 2.360590578300147957e-01 1.994988419565502102e+00 2.591364831773664834e-01
1.309999999999994058e+00 1.989993015201094062e+00 1.310004837940599076e+00 2.360351314399820044e-01 1.989988745453391994e+00 2.591364832909773819e-01
1.314999999999993952e+00 1.984993340295772901e+00 1.315004513147459919e+00 2.360112407346650898e-01 1.984989070794459076e+00 2.591364834252737892e-01
1.319999999999994067e+00 1.979993664924335928e+00 1.320004188820274926e+00 2.359873850878891066e-01 1.979989395669313978e+00 2.591364835507115050e-01
1.324999999999993960e+00 1.974993988952064905e+00 1.325003865093770106e+00 2.359635638506490940e-01 1.974989719943248012e+00 2.591364836644142744e-01
1.329999999999994076e+00 1.969994312455070951e+00 1.330003541891835894e+00 2.359397766299702881e-01 1.969990043692378956e+00 2.591364837816699240e-01
1.334999999999993969e+00 1.964994635958249081e+00 1.335003218689589932e+00 2.359160228080396104e-01 1.964990367441606933e+00 2.591364839182551116e-01
1.339999999999992975e+00 1.959994958508672891e+00 1.340002896439961066e+00 2.358923018711066022e-01 1.959990690238017086e+00 2.591364840261862756e-01
1.344999999999993090e+00 1.954995281013055086e+00 1.345002574236247028e+00 2.358686133541580965e-01 1.954991012988323895e+00 2.591364841609304914e-01
1.349999999999992983e+00 1.949995602889714963e+00 1.350002252660130964e+00 2.358449566279315901e-01 1.949991335110855983e+00 2.591364842862403095e-01
1.354999999999993099e+00 1.944995924307818091e+00 1.355001931542453963e+00 2.358213313271100009e-01 1.944991656774788025e+00 2.591364843968516074e-01
1.359999999999992992e+00 1.939996245381963025e+00 1.360001610768627023e+00 2.357977368746614899e-01 1.939991978094719904e+00 2.591364845239119141e-01
1.364999999999993108e+00 1.934996565945710012e+00 1.365001290505091891e+00 2.357741727723841052e-01 1.934992298904222086e+00 2.591364846416462919e-01
1.369999999999993001e+00 1.929996886370588971e+00 1.370000970380325978e+00 2.357506386627576944e-01 1.929992619574828039e+00 2.591364847778840907e-01
1.374999999999992895e+00 1.924997206190540044e+00 1.375000650860394913e+00 2.357271339456341874e-01 1.924992939640487011e+00 2.591364848909555874e-01
1.379999999999993010e+00 1.919997525757821899e+00 1.380000331593046026e+00 2.357036582681769077e-01 1.919993259453462109e+00 2.591364850183059954e-01
1.384999999999992015e+00 1.914997844871038968e+00 1.385000012779679990e+00 2.356802111240005881e-01 1.914993578812361985e+00 2.591364851394432067e-01
1.389999999999991909e+00 1.909998163634383905e+00 1.389999694316107925e+00 2.356567920163414043e-01 1.909993897821389064e+00 2.591364852657568885e-01
1.394999999999992024e+00 1.904998481993289028e+00 1.394999376256905066e+00 2.356334006690397886e-01 1.904994216425976994e+00 2.591364853844834171e-01
1.399999999999991918e+00 1.899998800221680995e+00 1.399999058328148083e+00 2.356100365401193886e-01 1.899994534900061982e+00 2.591364855084755114e-01
1.404999999999992033e+00 1.894999117770111985e+00 1.404998741079289903e+00 2.355866992052955966e-01 1.894994852694197984e+00 2.591364856396641270e-01
1.409999999999991926e+00 1.889999435026822994e+00 1.409998424122099081e+00 2.355633882552891911e-01 1.889995170196633989e+00 2.591364857597114879e-01
1.414999999999992042e+00 1.884999751993063910e+00 1.414998107455323950e+00 2.355401033611934924e-01 1.884995487408622994e+00 2.591364858861316955e-01
1.419999999999991935e+00 1.880000068612275976e+00 1.419997791135529042e+00 2.355168440545301056e-01 1.879995804273612903e+00 2.591364860080749843e-01
1.424999999999992051e+00 1.875000384718759960e+00 1.424997475328420915e+00 2.354936099773594083e-01 1.874996120625910034e+00 2.591364861412355225e-01
1.429999999999991944e+00 1.870000700762944001e+00 1.429997159583574984e+00 2.354704006758676083e-01 1.869996436915946969e+00 2.591364862496701171e-01
1.434999999999990949e+00 1.865001016439520987e+00 1.434996844206299915e+00 2.354472159263565068e-01 1.864996752838419924e+00 2.591364863855116218e-01
1.439999999999991065e+00 1.860001331737179964e+00 1.439996529207913989e+00 2.354240552564426103e-01 1.859997068382023944e+00 2.591364865131943196e-01
1.444999999999990958e+00 1.855001646623861911e+00 1.444996214620482000e+00 2.354009181880412083e-01 1.854997383514704890e+00 2.591364866224025731e-01
1.449999999999991074e+00 1.850001961375425941e+00 1.449995900168143947e+00 2.353778045830444976e-01 1.849997698512326094e+00 2.591364867599381117e-01
1.454999999999990967e+00 1.845002275756655985e+00 1.454995586086123893e+00 2.353547139127676047e-01 1.844998013139675930e+00 2.591364868755344220e-01
1.459999999999991083e+00 1.840002589865491922e+00 1.459995272276483957e+00 2.353316459778989900e-01 1.839998327494698938e+00 2.591364869921641834e-01
1.464999999999990976e+00 1.835002903669533003e+00 1.464994958771629108e+00 2.353086003400459980e-01 1.834998641544999032e+00 2.591364871245354085e-01
1.469999999999991092e+00 1.830003217089710921e+00 1.469994645650630982e+00 2.352855767335259862e-01 1.829998955211509903e+00 2.591364872532064267e-01
1.474999999999990985e+00 1.825003530387959927e+00 1.474994332651559104e+00 2.352625747351206054e-01 1.824999268756172022e+00 2.591364873784324785e-01
1.479999999999989990e+00 1.820003843294613954e+00 1.479994020044083980e+00 2.352395940698956134e-01 1.819999581909323982e+00 2.591364874934676821e-01
1.484999999999990106e+00 1.815004155948600095e+00 1.484993707689280962e+00 2.352166344712038892e-01 1.814999894809895098e+00 2.591364876245125792e-01
1.489999999999989999e+00 1.810004468234126085e+00 1.489993395702944978e+00 2.351936955142943098e-01 1.810000207342097989e+00 2.591364877491569851e-01
1.494999999999989893e+00 1.805004780372370998e+00 1.494993083863902061e+00 2.351707770556862864e-01 1.805000519727115948e+00 2.591364878822419726e-01
1.499999999999990008e+00 1.800005092210255953e+00 1.499992772325233981e+00 2.351478786455269976e-01 1.800000831811872093e+00 2.591364879990636916e-01
1.504999999999989901e+00 1.795005403856918980e+00 1.504992460977804924e+00 2.351250000394382866e-01 1.795001143705510005e+00 2.591364881357339223e-01
1.509999999999990017e+00 1.790005715111760987e+00 1.509992150022217983e+00 2.351021409653658023e-01 1.790001455207433034e+00 2.591364882496974831e-01
1.514999999999989910e+00 1.785006026211930941e+00 1.514991839221325076e+00 2.350793010991933940e-01 1.785001766554795033e+00 2.591364883864993862e-01
1.519999999999990026e+00 1.780006337118152038e+00 1.519991528614409892e+00 2.350564801639473123e-01 1.780002077708322084e+00 2.591364884999962093e-01
1.524999999999989031e+00 1.775006647581562902e+00 1.524991218450332919e+00 2.350336779309354085e-01 1.775002388419155919e+00 2.591364886330979056e-01
1.529999999999988924e+00 1.770006957967837025e+00 1.529990908363425994e+00 2.350108940483200126e-01 1.770002699052972917e+00 2.591364887541303119e-01
1.534999999999989040e+00 1.765007268074384905e+00 1.534990598556279950e+00 2.349881283429698930e-01 1.765003009407188017e+00 2.591364888863156857e-01
1.539999999999988933e+00 1.760007577906548937e+00 1.539990289023555947e+00 2.349653804486487862e-01 1.760003319487148055e+00 2.591364890072885840e-01
1.544999999999989049e+00 1.755007887453813975e+00 1.544989979775768907e+00 2.349426502225165914e-01 1.755003629282338107e+00 2.591364891415918192e-01
1.549999999999988942e+00 1.750008196658825010e+00 1.549989670870280056e+00 2.349199373107933031e-01 1.750003938735408049e+00 2.591364892657256891e-01
1.554999999999989058e+00 1.745008506092005973e+00 1.554989361736667020e+00 2.348972414619809046e-01 1.745004248416784920e+00 2.591364893831170080e-01
1.559999999999988951e+00 1.740008815015301025e+00 1.559989053112988078e+00 2.348745625385076918e-01 1.740004557588415102e+00 2.591364895195635842e-01
1.564999999999989067e+00 1.735009123727990987e+00 1.564988744699963075e+00 2.348519002005340084e-01 1.735004866549582969e+00 2.591364896479997904e-01
1.569999999999988960e+00 1.730009432072562969e+00 1.569988436655110009e+00 2.348292541540432099e-01 1.730005175142780960e+00 2.591364897652300159e-01
1.574999999999987965e+00 1.725009740615575993e+00 1.574988128411870081e+00 2.348066243049855006e-01 1.725005483934566985e+00 2.591364898865862743e-01
1.579999999999988081e+00 1.720010048555649984e+00 1.579987820771626916e+00 2.347840103281128021e-01 1.720005792123564969e+00 2.591364900093601764e-01
1.584999999999987974e+00 1.715010356568769101e+00 1.584987513058397912e+00 2.347614120297409068e-01 1.715006100385763066e+00 2.591364901476537752e-01
1.589999999999988090e+00 1.710010664224512089e+00 1.589987205702606099e+00 2.347388291803172988e-01 1.710006408290744018e+00 2.591364902697910200e-01
1.594999999999987983e+00 1.705010971529133945e+00 1.594986898697998923e+00 2.347162614802489888e-01 1.705006715844763043e+00 2.591364904000539870e-01
1.599999999999988098e+00 1.700011278854504093e+00 1.599986591672708958e+00 2.346937088748445865e-01 1.700007023419692009e+00 2.591364905228630833e-01
1.604999999999987992e+00 1.695011585939254939e+00 1.604986284888106018e+00 2.346711709483967900e-01 1.695007330754169095e+00 2.591364906524071254e-01
1.609999999999988107e+00 1.690011892925497028e+00 1.609985978202082002e+00 2.346486476415622080e-01 1.690007637990305067e+00 2.591364907780999149e-01
1.614999999999988001e+00 1.685012199555216972e+00 1.614985671872650963e+00 2.346261387111596985e-01 1.685007944870088981e+00 2.591364909176389064e-01
1.619999999999987006e+00 1.680012505950913004e+00 1.619985365777319997e+00 2.346036438528087131e-01 1.680008251516023954e+00 2.591364910272376809e-01
1.624999999999986899e+00 1.675012812373551929e+00 1.624985059655118080e+00 2.345811630368362932e-01 1.675008558189077013e+00 2.591364911627421219e-01
1.629999999999987015e+00 1.670013118666417995e+00 1.629984753662766961e+00 2.345586959187835052e-01 1.670008864732535958e+00 2.591364912970635093e-01
1.634999999999986908e+00 1.665013424479582005e+00 1.634984448150198055e+00 2.345362423601674018e-01 1.665009170796474924e+00 2.591364914117926799e-01
1.639999999999987024e+00 1.660013730260686993e+00 1.639984142669768996e+00 2.345138021319712884e-01 1.660009476828536945e+00 2.591364915555808834e-01
1.644999999999986917e+00 1.655014035983811027e+00 1.644983837247401937e+00 2.344913750396387109e-01 1.655009782802806084e+00 2.591364916755836134e-01
1.649999999999987033e+00 1.650014341275209961e+00 1.649983532256845908e+00 2.344689609110376105e-01 1.650010088345537973e+00 2.591364918025256259e-01
1.654999999999986926e+00 1.645014646658409907e+00 1.654983227174573024e+00 2.344465595879414999e-01 1.645010393980262053e+00 2.591364919384456234e-01
1.659999999999987041e+00 1.640014951963906009e+00 1.659982922170095021e+00 2.344241707728615121e-01 1.640010699537475025e+00 2.591364920592231225e-01
1.664999999999986047e+00 1.635015256779865922e+00 1.664982617655238917e+00 2.344017943891227862e-01 1.635011004605348983e+00 2.591364921853078207e-01
1.669999999999985940e+00 1.630015561786648970e+00 1.669982312949652048e+00 2.343794302345051095e-01 1.630011309864245028e+00 2.591364923226238126e-01
1.674999999999986056e+00 1.625015866265357989e+00 1.674982008772230913e+00 2.343570781421163984e-01 1.625011614595265108e+00 2.591364924442415840e-01
1.679999999999985949e+00 1.620016171104510017e+00 1.679981704234462914e+00 2.343347378722533125e-01 1.620011919686934032e+00 2.591364925704979227e-01
1.684999999999986064e+00 1.615016475244033023e+00 1.684981400396416085e+00 2.343124093045030054e-01 1.615012224079177994e+00 2.591364927055523903e-01
1.689999999999985958e+00 1.610016779394982001e+00 1.689981096547042094e+00 2.342900922125147889e-01 1.610012528483055094e+00 2.591364928413983915e-01
1.694999999999986073e+00 1.605017083560710045e+00 1.694980792682986959e+00 2.342677864568402935e-01 1.605012832901923092e+00 2.591364929642968051e-01
1.699999999999985967e+00 1.600017387552896020e+00 1.699980488992576033e+00 2.342454918539491060e-01 1.600013137147459075e+00 2.591364930923196752e-01
1.704999999999986082e+00 1.595017691244493108e+00 1.704980185602853915e+00 2.342232082180286112e-01 1.595013441092623108e+00 2.591364932136768218e-01
1.709999999999985976e+00 1.590017994861397943e+00 1.709979882287925967e+00 2.342009354615635919e-01 1.590013744963310049e+00 2.591364933560998951e-01
1.714999999999984981e+00 1.585018298327327102e+00 1.714979579124078946e+00 2.341786733263291065e-01 1.585014048683242027e+00 2.591364934730790992e-01
1.719999999999985096e+00 1.580018601731751016e+00 1.719979276021843084e+00 2.341564216550587885e-01 1.580014352341891026e+00 2.591364936017855891e-01
1.724999999999984990e+00 1.575018904918920049e+00 1.724978973136968019e+00 2.341341803591079074e-01 1.575014655783506079e+00 2.591364937350508213e-01
1.729999999999985105e+00 1.570019208181236081e+00 1.729978670177056976e+00 2.341119492037332106e-01 1.570014959300497059e+00 2.591364938599252099e-01
1.734999999999984999e+00 1.565019511051559897e+00 1.734978367609246952e+00 2.340897280394927948e-01 1.565015262425722087e+00 2.591364940066515077e-01
1.739999999999984892e+00 1.560019813902840946e+00 1.739978065060592050e+00 2.340675167251521083e-01 1.560015565532135939e+00 2.591364941284569068e-01
1.744999999999985008e+00 1.555020116593311963e+00 1.744977762672857979e+00 2.340453151031144097e-01 1.555015868477974017e+00 2.591364942528188164e-01
1.749999999999984901e+00 1.550020419087843049e+00 1.749977460481177971e+00 2.340231229864601914e-01 1.550016171228105977e+00 2.591364943919047814e-01
1.754999999999985016e+00 1.545020721691173993e+00 1.754977158180814012e+00 2.340009402537671923e-01 1.545016474087274938e+00 2.591364945160862243e-01
1.759999999999984022e+00 1.540021024125622029e+00 1.759976856049449978e+00 2.339787667725065079e-01 1.540016776777803020e+00 2.591364946587281781e-01
1.764999999999983915e+00 1.535021326458207103e+00 1.764976554020067034e+00 2.339566022890348929e-01 1.535017079366709059e+00 2.591364947755330217e-01
1.769999999999984031e+00 1.530021628375948017e+00 1.769976252405645933e+00 2.339344467525669991e-01 1.530017381541014965e+00 2.591364949195800182e-01
1.774999999999983924e+00 1.525021930374804935e+00 1.774975950710230066e+00 2.339122999636439881e-01 1.525017683796684898e+00 2.591364950380997123e-01
1.779999999999984039e+00 1.520022232350243030e+00 1.779975649038358032e+00 2.338901617057068116e-01 1.520017986029184920e+00 2.591364951681476847e-01
1.784999999999983933e+00 1.515022534175670899e+00 1.784975347516615019e+00 2.338680320149675862e-01 1.515018288111924960e+00 2.591364953018138739e-01
1.789999999999984048e+00 1.510022835849895051e+00 1.789975046146202953e+00 2.338459105947900962e-01 1.510018590043715969e+00 2.591364954415232846e-01
1.794999999999983942e+00 1.505023137345858908e+00 1.794974744954177970e+00 2.338237972924926134e-01 1.505018891797502034e+00 2.591364955679170134e-01
1.799999999999984057e+00 1.500023438807090992e+00 1.799974443797009993e+00 2.338016920322378012e-01 1.500019193516815896e+00 2.591364957004245739e-01
1.804999999999983951e+00 1.495023740175553950e+00 1.804974142732739040e+00 2.337795946347233089e-01 1.495019495143621979e+00 2.591364958434794752e-01
1.809999999999982956e+00 1.490024041452215897e+00 1.809973841760400992e+00 2.337575048993716931e-01 1.490019796678889064e+00 2.591364959639255727e-01
1.814999999999983071e+00 1.485024342766110061e+00 1.814973540750961956e+00 2.337354227858662870e-01 1.485020098251653931e+00 2.591364961071829232e-01
1.819999999999982965e+00 1.480024643776516990e+00 1.819973240045142049e+00 2.337133480278535957e-01 1.480020399521200902e+00 2.591364962265207961e-01
1.824999999999983080e+00 1.475024944826941020e+00 1.824972939299438046e+00 2.336912805985338903e-01 1.475020700831036091e+00 2.591364963615840900e-01
1.829999999999982974e+00 1.470025245536874081e+00 1.829972638894360015e+00 2.336692202844102006e-01 1.470021001800652094e+00 2.591364964918462799e-01
1.834999999999983089e+00 1.465025546635275067e+00 1.834972338100951950e+00 2.336471669556139941e-01 1.465021303159010913e+00 2.591364966313878804e-01
1.839999999999982983e+00 1.460025847434109902e+00 1.839972037607247035e+00 2.336251203939626875e-01 1.460021604218082913e+00 2.591364967548667186e-01
1.844999999999983098e+00 1.455026147903140998e+00 1.844971737443485083e+00 2.336030806419354955e-01 1.455021904947630063e+00 2.591364968966333171e-01
1.849999999999982991e+00 1.450026448685491909e+00 1.849971436966544092e+00 2.335810473425959932e-01 1.450022205990781909e+00 2.591364970250045197e-01
1.854999999999981997e+00 1.445026749075851047e+00 1.854971136881736982e+00 2.335590204709938056e-01 1.445022506642225979e+00 2.591364971601730072e-01
1.859999999999981890e+00 1.440027049510206103e+00 1.859970836753074952e+00 2.335369998922512125e-01 1.440022807337955957e+00 2.591364972905446096e-01
1.864999999999982006e+00 1.435027349960932952e+00 1.864970536608187901e+00 2.335149853829983080e-01 1.435023108050347940e+00 2.591364974286148870e-01
1.869999999999981899e+00 1.430027649982605009e+00 1.869970236892501081e+00 2.334929768634051994e-01 1.430023408333978896e+00 2.591364975604136256e-01
1.874999999999982014e+00 1.425027950236823937e+00 1.874969936944413940e+00 2.334709741750440049e-01 1.425023708850452042e+00 2.591364976976697765e-01
1.879999999999981908e+00 1.420028250511051970e+00 1.879969636976466907e+00 2.334489771905287059e-01 1.420024009387232944e+00 2.591364978291367804e-01
1.884999999999982023e+00 1.415028550605996083e+00 1.884969337187955007e+00 2.334269857209851917e-01 1.415024309745031017e+00 2.591364979662110213e-01
1.889999999999981917e+00 1.410028850495677943e+00 1.889969037604855906e+00 2.334049996363868895e-01 1.410024609897873038e+00 2.591364980969151910e-01
1.894999999999982032e+00 1.405029150596931009e+00 1.894968737810337922e+00 2.333830188482932944e-01 1.405024910262592019e+00 2.591364982389852134e-01
1.899999999999981037e+00 1.400029450307443080e+00 1.899968438406717031e+00 2.333610431401776930e-01 1.400025210236879980e+00 2.591364983631502250e-01
1.904999999999980931e+00 1.395029750116349998e+00 1.904968138904856056e+00 2.333390724265919924e-01 1.395025510309876093e+00 2.591364985072924232e-01
1.909999999999981046e+00 1.390030049844539928e+00 1.909967839483869945e+00 2.333171064978530052e-01 1.390025810302470077e+00 2.591364986345364163e-01
1.914999999999980940e+00 1.385030349565397945e+00 1.914967540070374064e+00 2.332951452964582006e-01 1.385026110288049006e+00 2.591364987808599252e-01
1.919999999999981055e+00 1.380030649255616026e+00 1.919967240687677990e+00 2.332731886024499990e-01 1.380026410243313073e+00 2.591364989015900178e-01
1.924999999999980949e+00 1.375030948644905049e+00 1.924966941606073068e+00 2.332512362748024037e-01 1.375026709897970045e+00 2.591364990490088727e-01
1.929999999999981064e+00 1.370031248298972049e+00 1.929966642259854925e+00 2.332292881879766133e-01 1.370027009817732067e+00 2.591364991863834843e-01
1.934999999999980957e+00 1.365031547872262996e+00 1.934966342994576038e+00 2.332073442409247910e-01 1.365027309657049104e+00 2.591364993251994986e-01
1.939999999999981073e+00 1.360031847384902903e+00 1.939966043790116057e+00 2.331854041991172910e-01 1.360027609436049056e+00 2.591364994447670766e-01
1.944999999999980966e+00 1.355032146697908946e+00 1.944965744785458028e+00 2.331634679737764060e-01 1.355027909015749987e+00 2.591364995971333074e-01
1.949999999999979972e+00 1.350032445910074097e+00 1.949965445881810089e+00 2.331415354125032924e-01 1.350028208494951087e+00 2.591364997281024873e-01
1.954999999999980087e+00 1.345032745327785051e+00 1.954965146772787099e+00 2.331196063538674978e-01 1.345028508180041049e+00 2.591364998691221833e-01
1.959999999999979980e+00 1.340033044693029973e+00 1.959964847716404002e+00 2.330976806500051068e-01 1.340028807813010925e+00 2.591364999914501088e-01
1.964999999999980096e+00 1.335033343936856909e+00 1.964964548781612974e+00 2.330757581394583000e-01 1.335029107324912090e+00 2.591365001427746728e-01
1.969999999999979989e+00 1.330033643098716079e+00 1.969964249928966016e+00 2.330538387460265037e-01 1.330029406755198984e+00 2.591365002669587803e-01
1.974999999999980105e+00 1.325033942119091979e+00 1.974963951217981073e+00 2.330319222154348946e-01 1.325029706044358102e+00 2.591365004067565092e-01
1.979999999999979998e+00 1.320034241437270106e+00 1.979963652209373981e+00 2.330100083966840097e-01 1.320030005631678938e+00 2.591365005411215838e-01
1.984999999999979892e+00 1.315034540470322089e+00 1.984963353486072890e+00 2.329880972890989999e-01 1.315030304934236893e+00 2.591365006811509053e-01
1.989999999999980007e+00 1.310034839488025904e+00 1.989963054778304041e+00 2.329661885471500105e-01 1.310030604221813944e+00 2.591365008139400739e-01
1.994999999999979012e+00 1.305035138632093084e+00 1.994962755944357014e+00 2.329442821948607134e-01 1.305030903636122952e+00 2.591365009623384230e-01
1.999999999999978906e+00 1.300035437476424027e+00 1.999962457410332961e+00 2.329223779144078965e-01 1.300031202751070980e+00 2.591365010923544210e-01
2.004999999999979021e+00 1.295035736719909902e+00 2.004962158477341827e+00 2.329004756699417922e-01 1.295031502265550083e+00 2.591365012458023975e-01
2.009999999999978915e+00 1.290036035694583916e+00 2.009961859813354845e+00 2.328785752327235947e-01 1.290031801511599019e+00 2.591365013757643276e-01
2.014999999999978808e+00 1.285036334575806904e+00 2.014961561243012955e+00 2.328566764804304023e-01 1.285032100664581955e+00 2.591365015121904203e-01
2.019999999999979146e+00 1.280036633646602917e+00 2.019961262483290110e+00 2.328347792268609107e-01 1.280032400007526050e+00 2.591365016535093768e-01
2.024999999999979039e+00 1.275036932418174951e+00 2.024960964022988197e+00 2.328128833524412133e-01 1.275032699051638962e+00 2.591365017850348895e-01
2.029999999999978932e+00 1.270037231562241908e+00 2.029960665190387203e+00 2.327909887053029037e-01 1.270032998468642038e+00 2.591365019383010115e-01
2.034999999999978826e+00 1.265037530564030011e+00 2.034960366500267792e+00 2.327690950669938919e-01 1.265033297743769047e+00 2.591365020701605903e-01
2.039999999999979163e+00 1.260037829393467979e+00 2.039960067982701020e+00 2.327472023071117946e-01 1.260033596846950044e+00 2.591365022069939128e-01
2.044999999999979057e+00 1.255038128226487970e+00 2.044959769461756949e+00 2.327253102578865085e-01 1.255033895954120071e+00 2.591365023526219780e-01
2.049999999999978950e+00 1.250038427289098086e+00 2.049959470711428811e+00 2.327034187391797126e-01 1.250034195291293893e+00 2.591365024977648757e-01
2.054999999999977955e+00 1.245038726159577891e+00 2.054959172153440150e+00 2.326815276401943133e-01 1.245034494436755068e+00 2.591365026316513887e-01
2.059999999999977849e+00 1.240039025306373111e+00 2.059958873319347017e+00 2.326596366888442902e-01 1.240034793858951989e+00 2.591365027751730832e-01
2.064999999999978186e+00 1.235039324112676917e+00 2.064958574825959126e+00 2.326377458181451974e-01 1.235035092941082935e+00 2.591365029149467758e-01
2.069999999999978080e+00 1.230039623094683066e+00 2.069958276157084054e+00 2.326158548017998873e-01 1.230035392199348099e+00 2.591365030500747957e-01
2.074999999999977973e+00 1.225039922171732076e+00 2.074957977393383945e+00 2.325939635041356923e-01 1.225035691553088890e+00 2.591365031871111779e-01
2.079999999999977867e+00 1.220040221044371043e+00 2.079957678834310819e+00 2.325720717317008024e-01 1.220035990702859952e+00 2.591365033403110196e-01
2.084999999999978204e+00 1.215040520066565932e+00 2.084957380125906035e+00 2.325501792655030875e-01 1.215036290002631025e+00 2.591365034795218847e-01
2.089999999999978098e+00 1.210040818880429025e+00 2.089957081626057978e+00 2.325282860105108984e-01 1.210036589094517945e+00 2.591365036283148071e-01
2.094999999999977991e+00 1.205041118278415979e+00 2.094956782542313878e+00 2.325063917441889116e-01 1.205036888770983028e+00 2.591365037617971989e-01
2.099999999999976996e+00 1.200041417167768021e+00 2.099956483967435172e+00 2.324844962834100026e-01 1.200037187939271055e+00 2.591365038973563739e-01
2.104999999999976890e+00 1.195041716279376942e+00 2.104956185170529182e+00 2.324625994340653867e-01 1.195037487330278925e+00 2.591365040539079789e-01
2.109999999999976783e+00 1.190042015270990072e+00 2.109955886493854127e+00 2.324407010538782070e-01 1.190037786601759962e+00 2.591365041865654750e-01
2.114999999999977121e+00 1.185042314653856010e+00 2.114955587426162964e+00 2.324188009427962942e-01 1.185038086264966095e+00 2.591365043406084756e-01
2.119999999999977014e+00 1.180042613754495040e+00 2.119955288640940960e+00 2.323968988647550082e-01 1.180038385646424048e+00 2.591365044854129773e-01
2.124999999999976907e+00 1.175042913143500067e+00 2.124954989567592989e+00 2.323749946764538943e-01 1.175038685316732945e+00 2.591365046135811201e-01
2.129999999999976801e+00 1.170043212168764057e+00 2.129954690858232080e+00 2.323530882176245982e-01 1.170038984623789080e+00 2.591365047747097861e-01
2.134999999999977138e+00 1.165043511467616089e+00 2.134954391875531154e+00 2.323311792176039892e-01 1.165039284204927972e+00 2.591365049170247237e-01
2.139999999999977032e+00 1.160043810922501972e+00 2.139954092737045954e+00 2.323092675104236060e-01 1.160039583942602981e+00 2.591365050552332239e-01
2.144999999999976037e+00 1.155044110310996075e+00 2.144953793665206998e+00 2.322873529150034089e-01 1.155039883614390028e+00 2.591365052063285823e-01
2.149999999999975930e+00 1.150044409806981083e+00 2.149953494486136041e+00 2.322654352094684072e-01 1.150040183394178905e+00 2.591365053416658792e-01
2.154999999999975824e+00 1.145044709151590956e+00 2.154953195458697124e+00 2.322435141971583017e-01 1.145040483023112010e+00 2.591365054955768188e-01
2.159999999999976161e+00 1.140045008769903001e+00 2.159952896157817825e+00 2.322215896602204122e-01 1.140040782926269980e+00 2.591365056366667918e-01
2.164999999999976055e+00 1.135045308460576052e+00 2.164952596784844197e+00 2.321996614394727931e-01 1.135041082902318976e+00 2.591365057869911004e-01
2.169999999999975948e+00 1.130045607980719069e+00 2.169952297582669054e+00 2.321777292432709028e-01 1.130041382708373066e+00 2.591365059259784775e-01
2.174999999999975842e+00 1.125045907743527085e+00 2.174951998138102915e+00 2.321557929105727003e-01 1.125041682757633055e+00 2.591365060731671277e-01
2.179999999999976179e+00 1.120046207651113956e+00 2.179951698549028816e+00 2.321338522178821029e-01 1.120041982952221904e+00 2.591365062176805845e-01
2.184999999999976072e+00 1.115046507468661963e+00 2.184951399050274023e+00 2.321119069216417974e-01 1.115042283057326999e+00 2.591365063686024151e-01
2.189999999999975966e+00 1.110046807236301003e+00 2.189951099601710194e+00 2.320899568600733043e-01 1.110042583113082904e+00 2.591365065179631055e-01
2.194999999999974971e+00 1.105047107372342907e+00 2.194950799785027939e+00 2.320680017258482108e-01 1.105042883537810106e+00 2.591365066665329842e-01
2.199999999999974865e+00 1.100047407598423899e+00 2.199950499878596144e+00 2.320460413772023889e-01 1.100043184053151935e+00 2.591365068144096950e-01
2.204999999999975202e+00 1.095047707789660985e+00 2.204950200007299799e+00 2.320240754777393999e-01 1.095043484534230949e+00 2.591365069597849069e-01
2.209999999999975095e+00 1.090048007940537911e+00 2.209949900176658932e+00 2.320021038805686053e-01 1.090043784975541108e+00 2.591365071009040233e-01
2.214999999999974989e+00 1.085048308267289041e+00 2.214949600170445176e+00 2.319801262828906918e-01 1.085044085593320107e+00 2.591365072620943066e-01
2.219999999999974882e+00 1.080048608981484914e+00 2.219949299777086882e+00 2.319581425127771879e-01 1.080044386599148032e+00 2.591365073936301999e-01
2.224999999999975220e+00 1.075048909316536072e+00 2.224948999763181945e+00 2.319361523078088128e-01 1.075044687226440088e+00 2.591365075526930739e-01
2.229999999999975113e+00 1.070049210059778044e+00 2.229948699341396168e+00 2.319141553590771121e-01 1.070044988262544017e+00 2.591365076995515992e-01
2.234999999999975007e+00 1.065049510833091961e+00 2.234948398889855081e+00 2.318921514655473970e-01 1.065045289329346057e+00 2.591365078610468053e-01
2.239999999999974012e+00 1.060049811697524991e+00 2.239948098347511962e+00 2.318701403304463948e-01 1.060045590487902034e+00 2.591365079935568083e-01
2.244999999999973905e+00 1.055050112609364987e+00 2.244947797758082952e+00 2.318481217665042116e-01 1.055045891694506910e+00 2.591365081550325855e-01
2.249999999999973799e+00 1.050050413783025993e+00 2.249947496907163114e+00 2.318260954078160130e-01 1.050046193163584940e+00 2.591365083012874271e-01
2.254999999999974136e+00 1.045050714743239961e+00 2.254947196270018939e+00 2.318040610800357892e-01 1.045046494419874961e+00 2.591365084585183221e-01
2.259999999999974030e+00 1.040051016292182107e+00 2.259946895044484094e+00 2.317820184374665138e-01 1.040046796265559959e+00 2.591365086028918907e-01
2.264999999999973923e+00 1.035051317525472081e+00 2.264946594134940927e+00 2.317599672465343874e-01 1.035047097796270021e+00 2.591365087502718878e-01
2.269999999999973817e+00 1.030051619224138904e+00 2.269946292760366191e+00 2.317379072149670927e-01 1.030047399793043050e+00 2.591365089164571756e-01
2.274999999999974154e+00 1.025051920802354966e+00 2.274945991506590826e+00 2.317158380707280974e-01 1.025047701670058986e+00 2.591365090617371858e-01
2.279999999999974047e+00 1.020052222692924948e+00 2.279945689940816145e+00 2.316937594694473967e-01 1.020048003860134056e+00 2.591365092141487136e-01
2.284999999999973053e+00 1.015052524705196912e+00 2.284945388253698084e+00 2.316716711501395076e-01 1.015048306172624093e+00 2.591365093770582884e-01
2.289999999999972946e+00 1.010052826942285042e+00 2.289945086342128011e+00 2.316495727976214114e-01 1.010048608710653051e+00 2.591365095133519869e-01
2.294999999999972840e+00 1.005053129153623104e+00 2.294944784456677045e+00 2.316274641380985932e-01 1.005048911223664909e+00 2.591365096767109799e-01
2.299999999999973177e+00 1.000053431626839018e+00 2.299944482309721039e+00 2.316053448163422068e-01 1.000049213999296915e+00 2.591365098252030874e-01
2.304999999999973070e+00 9.950537340374694395e-01 2.304944180225728889e+00 2.315832145732633907e-01 9.950495167130979368e-01 2.591365099926751792e-01
2.309999999999972964e+00 9.900540368198562646e-01 2.309943877770367138e+00 2.315610729642192944e-01 9.900498197994195282e-01 2.591365101369664248e-01
2.314999999999972857e+00 9.850543397334377005e-01 2.314943575184198021e+00 2.315389197931785881e-01 9.850501230177095557e-01 2.591365103031171846e-01
2.319999999999973195e+00 9.800546428679126620e-01 2.319943272377534171e+00 2.315167546275007926e-01 9.800504264576788138e-01 2.591365104604801961e-01
2.324999999999973088e+00 9.750549461408013485e-01 2.324942969432854945e+00 2.314945771885482118e-01 9.750507300368590480e-01 2.591365106021705778e-01
2.329999999999972982e+00 9.700552494738303722e-01 2.329942666428443054e+00 2.314723871184110882e-01 9.700510336769866404e-01 2.591365107712482740e-01
2.334999999999971987e+00 9.650555532430757921e-01 2.334942362988228215e+00 2.314501840145851974e-01 9.650513377541510840e-01 2.591365109326407845e-01
2.339999999999971880e+00 9.600558569543977683e-01 2.339942059606356040e+00 2.314279675359713906e-01 9.600516417742244180e-01 2.591365110778656167e-01
2.344999999999972218e+00 9.550561609424903509e-01 2.344941755948137807e+00 2.314057373270816120e-01 9.550519460719114617e-01 2.591365112438206997e-01
2.349999999999972111e+00 9.500564652661864784e-01 2.349941451954748128e+00 2.313834929927076067e-01 9.500522507060595867e-01 2.591365113916346830e-01
2.354999999999972005e+00 9.450567696518987759e-01 2.354941147899780152e+00 2.313612341728600863e-01 9.450525554030919650e-01 2.591365115576447220e-01
2.359999999999971898e+00 9.400570741735805314e-01 2.359940843709288139e+00 2.313389604640531949e-01 9.400528602369763176e-01 2.591365117254180728e-01
2.364999999999971791e+00 9.350573790516705230e-01 2.364940539162839084e+00 2.313166714368548871e-01 9.350531654281647453e-01 2.591365118858319772e-01
2.369999999999972129e+00 9.300576842412056067e-01 2.369940234305404125e+00 2.312943666893111927e-01 9.300534709317080928e-01 2.591365120331731164e-01
2.374999999999972022e+00 9.250579894506927303e-01 2.374939929428481200e+00 2.312720458345642882e-01 9.250537764561260756e-01 2.591365121997886156e-01
2.379999999999971028e+00 9.200582948482178836e-01 2.379939624363994977e+00 2.312497084508146061e-01 9.200540821695202265e-01 2.591365123490422806e-01
2.384999999999970921e+00 9.150586007285710366e-01 2.384939318817159037e+00 2.312273540574779906e-01 9.150543883666939493e-01 2.591365125259396107e-01
2.389999999999970814e+00 9.100589067595592496e-01 2.389939013120180089e+00 2.312049822453534076e-01 9.100546947154705135e-01 2.591365126821064124e-01
2.394999999999971152e+00 9.050592130479344632e-01 2.394938707166307079e+00 2.311825925492884126e-01 9.050550013226164037e-01 2.591365128481845082e-01
2.399999999999971045e+00 9.000595194977449864e-01 2.399938401051501913e+00 2.311601844873805989e-01 9.000553080921960269e-01 2.591365130116615734e-01
2.404999999999970939e+00 8.950598263874098848e-01 2.404938094497356182e+00 2.311377575883626079e-01 8.950556153026445472e-01 2.591365131662146104e-01
2.409999999999970832e+00 8.900601332375117636e-01 2.409937787983293944e+00 2.311153114098835060e-01 8.900559224745605569e-01 2.591365133411462907e-01
2.414999999999971170e+00 8.850604407340370017e-01 2.414937480823336813e+00 2.310928453955430895e-01 8.850562302939481985e-01 2.591365135024484845e-01
2.419999999999971063e+00 8.800607483440785472e-01 2.419937173550402054e+00 2.310703590846696909e-01 8.800565382279170734e-01 2.591365136715779172e-01
2.424999999999970957e+00 8.750610562398719594e-01 2.424936865992262991e+00 2.310478519118167873e-01 8.750568464487206155e-01 2.591365138422420111e-01
2.429999999999969962e+00 8.700613645024191101e-01 2.429936558067926189e+00 2.310253233817810004e-01 8.700571550373800145e-01 2.591365139968203057e-01
2.434999999999969855e+00 8.650616728672275713e-01 2.434936250041892958e+00 2.310027729528993934e-01 8.650574637294196068e-01 2.591365141731610811e-01
2.439999999999970193e+00 8.600619818531640703e-01 2.439935941395309893e+00 2.309801999968842945e-01 8.600577730437269919e-01 2.591365143372124091e-01
2.444999999999970086e+00 8.550622911334926357e-01 2.444935632454919183e+00 2.309576040186961943e-01 8.550580826535847390e-01 2.591365145130308245e-01
2.449999999999969980e+00 8.500626005749722935e-01 2.449935323353972905e+00 2.309349844444786026e-01 8.500583924257730795e-01 2.591365146811527853e-01
2.454999999999969873e+00 8.450629104273161829e-01 2.454935013842769909e+00 2.309123405835304954e-01 8.450587026100261356e-01 2.591365148320778911e-01
2.459999999999970210e+00 8.400632205251099549e-01 2.459934704086735202e+00 2.308896718988585062e-01 8.400590130409493206e-01 2.591365150068302148e-01
2.464999999999970104e+00 8.350635309853373656e-01 2.464934393968894799e+00 2.308669777291776914e-01 8.350593238355493719e-01 2.591365151757427099e-01
2.469999999999969997e+00 8.300638418269841168e-01 2.469934083470275876e+00 2.308442574330127062e-01 8.300596350128339740e-01 2.591365153506822727e-01
2.474999999999969003e+00 8.250641533157363483e-01 2.474933772325203840e+00 2.308215103489834885e-01 8.250599468385130253e-01 2.591365155209477966e-01
2.479999999999968896e+00 8.200644649667196973e-01 2.479933461018564156e+00 2.307987358038789960e-01 8.200602588277352556e-01 2.591365157009755116e-01
2.484999999999968789e+00 8.150647770418117943e-01 2.484933149288492960e+00 2.307759330510855966e-01 8.150605712424037197e-01 2.591365158663193058e-01
2.489999999999969127e+00 8.100650894313048411e-01 2.489932837244710040e+00 2.307531014413546078e-01 8.100608839728344890e-01 2.591365160559667147e-01
2.494999999999969020e+00 8.050654024822847532e-01 2.494932524540144136e+00 2.307302401999611063e-01 8.050611973661407905e-01 2.591365162247805110e-01
2.499999999999968914e+00 8.000657156240436052e-01 2.499932211745516053e+00 2.307073485716011896e-01 8.000615108516401230e-01 2.591365164029821866e-01
2.504999999999968807e+00 7.950660294771410008e-01 2.504931898240278176e+00 2.306844257764386064e-01 7.950618250499205120e-01 2.591365165652264047e-01
2.509999999999969145e+00 7.900663435773367382e-01 2.509931584488685807e+00 2.306614710527551959e-01 7.900621394967686228e-01 2.591365167547072801e-01
2.514999999999969038e+00 7.850666583028669265e-01 2.514931270112521045e+00 2.306384835126555066e-01 7.850624545704507629e-01 2.591365169357747189e-01
2.519999999999968043e+00 7.800669733213680956e-01 2.519930955444158904e+00 2.306154623261449932e-01 7.800627699386336600e-01 2.591365171056557171e-01
2.524999999999967937e+00 7.750672890283567540e-01 2.524930640088098865e+00 2.305924066567003883e-01 7.750630859968637987e-01 2.591365172795758731e-01
2.529999999999967830e+00 7.700676051676964562e-01 2.529930324300496913e+00 2.305693156102419095e-01 7.700634024890365970e-01 2.591365174725748233e-01
2.534999999999968168e+00 7.650679214992237576e-01 2.534930008321529815e+00 2.305461882117950112e-01 7.650637191750224719e-01 2.591365176420845073e-01
2.539999999999968061e+00 7.600682386536163904e-01 2.539929691520538046e+00 2.305230235504880931e-01 7.600640366855320185e-01 2.591365178303260963e-01
2.544999999999967955e+00 7.550685563203387574e-01 2.544929374208077189e+00 2.304998206601653887e-01 7.550643547100647224e-01 2.591365180197883200e-01
2.549999999999967848e+00 7.500688745241177458e-01 2.549929056359435009e+00 2.304765784956893937e-01 7.500646732733843303e-01 2.591365181958998898e-01
2.554999999999968185e+00 7.450691930701509591e-01 2.554928738169433888e+00 2.304532960610018999e-01 7.450649921807249720e-01 2.591365183814671180e-01
2.559999999999968079e+00 7.400695124389926605e-01 2.559928419157543100e+00 2.304299721927151878e-01 7.400653119126803237e-01 2.591365185573779040e-01
2.564999999999967972e+00 7.350698323062943018e-01 2.564928099648125848e+00 2.304066058758895974e-01 7.350656321449404729e-01 2.591365187499470868e-01
2.569999999999966978e+00 7.300701529217121788e-01 2.569927779391551148e+00 2.303831959726657941e-01 7.300659531272034597e-01 2.591365189366088839e-01
2.574999999999966871e+00 7.250704741773006390e-01 2.574927458495781973e+00 2.303597412461013960e-01 7.250662747515662643e-01 2.591365191309090155e-01
2.579999999999967208e+00 7.200707956852738789e-01 2.579927137348631216e+00 2.303362404765285087e-01 7.200665966302877141e-01 2.591365193102542763e-01
2.584999999999967102e+00 7.150711182022178036e-01 2.584926815193532956e+00 2.303126924614908033e-01 7.150669195199982342e-01 2.591365195082683814e-01
2.589999999999966995e+00 7.100714413554669591e-01 2.589926492403178848e+00 2.302890958294039891e-01 7.100672430480808872e-01 2.591365196898611223e-01
2.594999999999966889e+00 7.050717651973172906e-01 2.594926168925297816e+00 2.302654492804188935e-01 7.050675672668794691e-01 2.591365198857177865e-01
2.599999999999966782e+00 7.000720897447081370e-01 2.599925844742974057e+00 2.302417514135635113e-01 7.000678921933842780e-01 2.591365200915419220e-01
2.604999999999967120e+00 6.950724149489246884e-01 2.604925519904953024e+00 2.302180007664202110e-01 6.950682177789340166e-01 2.591365202731222839e-01
2.609999999999967013e+00 6.900727407235081046e-01 2.609925194497716205e+00 2.301941958590053017e-01 6.900685439371238017e-01 2.591365204668987232e-01
2.614999999999966018e+00 6.850730676691796361e-01 2.614924867920575213e+00 2.301703351421310051e-01 6.850688712687307280e-01 2.591365206819307154e-01
2.619999999999965912e+00 6.800733953240296614e-01 2.619924540635467203e+00 2.301464170040699864e-01 6.800691993119059031e-01 2.591365208805880838e-01
2.624999999999965805e+00 6.750737235622068511e-01 2.624924212768276810e+00 2.301224397582694037e-01 6.750695279408585048e-01 2.591365210655848239e-01
2.629999999999966143e+00 6.700740527340940389e-01 2.629923883968651843e+00 2.300984017145333016e-01 6.700698575060344275e-01 2.591365212630213910e-01
2.634999999999966036e+00 6.650743828262761781e-01 2.634923554250041100e+00 2.300743010604376915e-01 6.650701879940845718e-01 2.591365214794664196e-01
2.639999999999965929e+00 6.600747138418796567e-01 2.639923223609352831e+00 2.300501359154747127e-01 6.600705194082054916e-01 2.591365216743211075e-01
2.644999999999965823e+00 6.550750457835192719e-01 2.644922892044010876e+00 2.300259043650471902e-01 6.550708517510824835e-01 2.591365218889076227e-01
2.649999999999966160e+00 6.500753786190784922e-01 2.649922559586168180e+00 2.300016043610753902e-01 6.500711849906746220e-01 2.591365220939531033e-01
2.654999999999966054e+00 6.450757123973289708e-01 2.654922226187092171e+00 2.299772338265909100e-01 6.450715191758310540e-01 2.591365222929449263e-01
2.659999999999965947e+00 6.400760473007380824e-01 2.659921891664357219e+00 2.299527905686253870e-01 6.400718544890996453e-01 2.591365225103604009e-01
2.664999999999964952e+00 6.350763831225094691e-01 2.664921556224801868e+00 2.299282722803946966e-01 6.350721907237706354e-01 2.591365227105358882e-01
2.669999999999964846e+00 6.300767199901429194e-01 2.669921219740972074e+00 2.299036766578098079e-01 6.300725280074304102e-01 2.591365229294342876e-01
2.674999999999965183e+00 6.250770582124687280e-01 2.674920881904082837e+00 2.298790011446358028e-01 6.250728666490030783e-01 2.591365231480570741e-01
2.679999999999965077e+00 6.200773970600721441e-01 2.679920543443600867e+00 2.298542431759126037e-01 6.200732059191709222e-01 2.591365233521669142e-01
2.684999999999964970e+00 6.150777375752340959e-01 2.684920203317297194e+00 2.298294000395489090e-01 6.150735468603152345e-01 2.591365235712274062e-01
2.689999999999964864e+00 6.100780790824273936e-01 2.689919862200746969e+00 2.298044689283436082e-01 6.100738887970152957e-01 2.591365237970372215e-01
2.694999999999965201e+00 6.050784219094111904e-01 2.694919519766253213e+00 2.297794468684087876e-01 6.050742320571417254e-01 2.591365240242781143e-01
2.699999999999965095e+00 6.000787662417224055e-01 2.699919175828334961e+00 2.297543307255003886e-01 6.000745768263485713e-01 2.591365242352147158e-01
2.704999999999964988e+00 5.950791113265836429e-01 2.704918831139833113e+00 2.297291172945415128e-01 5.950749223519800069e-01 2.591365244638781928e-01
2.709999999999963993e+00 5.900794581700097297e-01 2.709918484694795016e+00 2.297038031388096979e-01 5.900752696401800890e-01 2.591365246921282228e-01
2.714999999999963887e+00 5.850798065496292111e-01 2.714918136715664954e+00 2.296783846871464918e-01 5.850756184687128103e-01 2.591365249170478058e-01
2.719999999999963780e+00 5.800801562077708695e-01 2.719917787460182979e+00 2.296528581593773877e-01 5.800759685800491727e-01 2.591365251474315734e-01
2.724999999999964118e+00 5.750805076110054870e-01 2.724917436461856024e+00 2.296272196417054046e-01 5.750763204409095053e-01 2.591365253880065223e-01
2.729999999999964011e+00 5.700808604452731743e-01 2.729917084034819919e+00 2.296014649289221943e-01 5.700766737373929027e-01 2.591365256307585074e-01
2.734999999999963904e+00 5.650812152672415323e-01 2.734916729622495879e+00 2.295755896187046119e-01 5.650770290263341655e-01 2.591365258599597765e-01
2.739999999999963798e+00 5.600815715193903088e-01 2.739916373782492087e+00 2.295495891077085904e-01 5.600773857503882347e-01 2.591365261107677065e-01
2.744999999999964135e+00 5.550819295880842219e-01 2.744916016128534864e+00 2.295234584838131975e-01 5.550777442961071229e-01 2.591365263557884879e-01
2.749999999999964029e+00 5.500822895622263786e-01 2.749915656571825906e+00 2.294971925704351878e-01 5.500781047525917788e-01 2.591365265900145154e-01
2.754999999999963034e+00 5.450826513028914633e-01 2.754915295251390894e+00 2.294707859298537878e-01 5.450784669811249428e-01 2.591365268478215134e-01
2.759999999999962927e+00 5.400830153126889854e-01 2.759914931664734894e+00 2.294442327065925047e-01 5.400788314845392790e-01 2.591365270930867104e-01
2.764999999999962821e+00 5.350833813290591934e-01 2.764914566074537117e+00 2.294175268188188010e-01 5.350791980005098480e-01 2.591365273474577902e-01
2.769999999999963158e+00 5.300837494877441713e-01 2.769914198345179823e+00 2.293906616834660017e-01 5.300795666650298665e-01 2.591365276123778760e-01
2.774999999999963052e+00 5.250841200926288366e-01 2.774913828172912211e+00 2.293636303631738926e-01 5.250799377822513714e-01 2.591365278681864170e-01
2.779999999999962945e+00 5.200844930361085972e-01 2.779913455665484978e+00 2.293364254382559975e-01 5.200803112448545429e-01 2.591365281352885908e-01
2.784999999999962839e+00 5.150848684078823680e-01 2.784913080733348867e+00 2.293090390362237108e-01 5.150806871428424971e-01 2.591365283951034826e-01
2.789999999999963176e+00 5.100852463585283658e-01 2.789912703226090862e+00 2.292814627499233926e-01 5.100810656271171917e-01 2.591365286746485919e-01
2.794999999999963070e+00 5.050856271058137281e-01 2.794912322926118797e+00 2.292536875244610972e-01 5.050814469157951514e-01 2.591365289537401195e-01
2.799999999999962963e+00 5.000860106119944248e-01 2.799911939871364108e+00 2.292257037315990065e-01 5.000818309715052701e-01 2.591365292285984778e-01
2.804999999999961968e+00 4.950863972365481813e-01 2.804911553702548854e+00 2.291975010326758877e-01 4.950822181541250089e-01 2.591365295284123738e-01
2.809999999999961862e+00 4.900867871630794070e-01 2.809911164236288172e+00 2.291690682467364126e-01 4.900826086476910981e-01 2.591365298101375725e-01
2.814999999999962199e+00 4.850871801495487134e-01 2.814910771714854043e+00 2.291403934131993059e-01 4.850830022106282780e-01 2.591365301076891114e-01
2.819999999999962093e+00 4.800875768685273215e-01 2.819910375465925156e+00 2.291114636389293135e-01 4.800833995160093126e-01 2.591365304118392054e-01
2.824999999999961986e+00 4.750879772722100824e-01 2.824909975537579054e+00 2.290822649110006992e-01 4.750838005165721745e-01 2.591365307062969969e-01
2.829999999999961879e+00 4.700883814356303092e-01 2.829909571855080852e+00 2.290527821537169939e-01 4.700842052879364852e-01 2.591365310260391741e-01
2.834999999999962217e+00 4.650887896433459900e-01 2.834909164134189030e+00 2.290229989531253063e-01 4.650846141152997215e-01 2.591365313438955820e-01
2.839999999999962110e+00 4.600892027164604769e-01 2.839908751554152122e+00 2.289928974821429097e-01 4.600850278204591803e-01 2.591365316562114218e-01
2.844999999999962004e+00 4.550896200411784775e-01 2.844908334729141952e+00 2.289624583381799083e-01 4.550854457903757977e-01 2.591365319947017132e-01
2.849999999999961009e+00 4.500900423111033888e-01 2.849907912965969903e+00 2.289316603324904886e-01 4.500858687194808083e-01 2.591365323313192803e-01
2.854999999999960902e+00 4.450904699266403086e-01 2.854907485864687011e+00 2.289004802369178082e-01 4.450862970090849191e-01 2.591365326767686161e-01
2.859999999999960796e+00 4.400909029258173177e-01 2.859907053387761078e+00 2.288688925976077870e-01 4.400867306982111926e-01 2.591365330168278192e-01
2.864999999999961133e+00 4.350913422155712751e-01 2.864906614628806025e+00 2.288368694410037874e-01 4.350871706948902240e-01 2.591365333858581255e-01
2.869999999999961027e+00 4.300917876907420223e-01 2.869906169693588804e+00 2.288043798599989909e-01 4.300876168951707768e-01 2.591365337458109153e-01
2.874999999999960920e+00 4.250922402352443896e-01 2.874905717698859053e+00 2.287713897302678101e-01 4.250880701843037235e-01 2.591365341348125240e-01
2.879999999999960814e+00 4.200927001842841846e-01 2.879905258310158089e+00 2.287378611683391072e-01 4.200885308989791844e-01 2.591365345138820220e-01
2.884999999999961151e+00 4.150931680314898231e-01 2.884904791034684113e+00 2.287037520532491097e-01 4.150889995344748118e-01 2.591365349328095813e-01
2.889999999999961044e+00 4.100936443917647112e-01 2.889904315258454037e+00 2.286690153473613096e-01 4.100894767075390912e-01 2.591365353392168225e-01
2.894999999999960050e+00 4.050941302068907235e-01 2.894903830040722159e+00 2.286335984437825042e-01 4.050899633620166918e-01 2.591365357609438091e-01
2.899999999999959943e+00 4.000946260617296857e-01 2.899903334797783838e+00 2.285974422616408874e-01 4.000904600850883064e-01 2.591365362176081266e-01
2.904999999999959837e+00 3.950951331702298730e-01 2.904902828317004193e+00 2.285604801408943065e-01 3.950909680933175072e-01 2.591365366827840799e-01
2.909999999999960174e+00 3.900956524485935106e-01 2.909902309683658039e+00 2.285226367427841965e-01 3.900914883058648197e-01 2.591365371537356910e-01
2.914999999999960067e+00 3.850961847205950916e-01 2.914901778075654093e+00 2.284838265406075875e-01 3.850920215498639942e-01 2.591365376529791154e-01
2.919999999999959961e+00 3.800967318778418758e-01 2.919901231603299951e+00 2.284439520404394908e-01 3.800925697207517273e-01 2.591365381579984750e-01
2.924999999999959854e+00 3.750972951016536272e-01 2.924900669087468152e+00 2.284029017270357009e-01 3.750931340042286122e-01 2.591365386997567799e-01
2.929999999999960192e+00 3.700978760212195184e-01 2.929900088901487898e+00 2.283605475167355126e-01 3.700937160345174060e-01 2.591365392803748890e-01
2.934999999999960085e+00 3.650984772340847839e-01 2.934899488450716909e+00 2.283167416509588044e-01 3.650943184149700871e-01 2.591365398693056266e-01
2.939999999999959979e+00 3.600991005705794223e-01 2.939898865908192160e+00 2.282713130189873985e-01 3.600949429826399983e-01 2.591365404987938104e-01
2.944999999999958984e+00 3.550997489691952169e-01 2.944898218339329965e+00 2.282240626555739893e-01 3.550955926838398891e-01 2.591365411616249892e-01
2.949999999999958877e+00 3.501004254204929111e-01 2.949897542758138869e+00 2.281747581554365023e-01 3.500962705182634194e-01 2.591365418701008227e-01
2.954999999999959215e+00 3.451011340607976763e-01 2.954896835033650859e+00 2.281231269973638121e-01 3.450969806329451939e-01 2.591365426137927086e-01
2.959999999999959108e+00 3.401018789189151903e-01 2.959896091143361829e+00 2.280688482986397980e-01 3.400977270692990273e-01 2.591365434238885879e-01
2.964999999999959002e+00 3.351026655234647933e-01 2.964895305566110029e+00 2.280115427500087888e-01 3.350985153708446740e-01 2.591365443052419115e-01
2.969999999999958895e+00 3.301034995915018144e-01 2.969894472593673118e+00 2.279507603468662880e-01 3.300993512723124912e-01 2.591365452313437179e-01
2.974999999999958789e+00 3.251043889319901736e-01 2.974893584427603876e+00 2.278859655406177132e-01 3.251002426036929127e-01 2.591365462561006083e-01
2.979999999999959126e+00 3.201053424253785806e-01 2.979892632199999003e+00 2.278165191457623973e-01 3.201011982705216918e-01 2.591365473587111112e-01
2.984999999999959019e+00 3.151063702128880095e-01 2.984891605784627977e+00 2.277416568049054069e-01 3.151022284440059273e-01 2.591365485745826813e-01
2.989999999999958025e+00 3.101074851082045725e-01 2.989890492385749887e+00 2.276604633256112120e-01 3.101033459737138065e-01 2.591365499257706762e-01
2.994999999999957918e+00 3.051087017475139773e-01 2.994889277388646853e+00 2.275718429235510931e-01 3.051045655387650268e-01 2.591365514242396917e-01
2.999999999999957812e+00 3.001100387649274226e-01 2.999887942184851219e+00 2.274744853336828909e-01 3.001059058245645894e-01 2.591365530814588869e-01
3.004999999999958149e+00 2.951115171724011943e-01 3.004886465792949046e+00 2.273668287464352955e-01 2.951073879041505865e-01 2.591365549564909054e-01
3.009999999999958042e+00 2.901131626444310996e-01 3.009884822574619090e+00 2.272470208511027101e-01 2.901090375243696173e-01 2.591365570796028139e-01
3.014999999999957936e+00 2.851150054948731749e-01 3.014882982258519029e+00 2.271128813956156123e-01 2.851108850841130860e-01 2.591365594836793074e-01
3.019999999999957829e+00 2.801170802257785808e-01 3.019880910392045870e+00 2.269618700218161977e-01 2.801129651843263790e-01 2.591365622334270147e-01
3.024999999999958167e+00 2.751194274719778732e-01 3.024878566397096957e+00 2.267910653826681056e-01 2.751153185733024031e-01 2.591365653603808217e-01
3.029999999999958060e+00 2.701220926490535135e-01 3.029875904922088914e+00 2.265971620003399134e-01 2.701179907946316128e-01 2.591365689770597780e-01
3.034999999999957954e+00 2.651251266309913035e-01 3.034872875163817874e+00 2.263764904802718081e-01 2.651210328638731184e-01 2.591365731086472945e-01
3.039999999999956959e+00 2.601285841925645159e-01 3.039869422424017031e+00 2.261250657834174005e-01 2.601244997088221211e-01 2.591365778352798799e-01
3.044999999999956852e+00 2.551325242543462934e-01 3.044865487862729037e+00 2.258386628899383131e-01 2.551284504112936724e-01 2.591365832806771796e-01
3.049999999999957190e+00 2.501370070128424161e-01 3.049861011366103991e+00 2.255129145393481027e-01 2.501329453331300190e-01 2.591365894855814922e-01
3.054999999999957083e+00 2.451420941529570130e-01 3.054855931331634800e+00 2.251434215296624075e-01 2.451380463240357133e-01 2.591365965756612932e-01
3.059999999999956977e+00 2.401478457279430934e-01 3.059850187785902786e+00 2.247258613210486866e-01 2.401438135969586884e-01 2.591366045844584742e-01
3.064999999999956870e+00 2.351543202205786109e-01 3.064843722321406005e+00 2.242560830262053939e-01 2.351503057852417922e-01 2.591366136325041203e-01
3.069999999999957208e+00 2.301615727880665929e-01 3.069836479850124089e+00 2.237301778446804112e-01 2.301575781844764912e-01 2.591366237594697752e-01
3.074999999999957101e+00 2.251696549073133879e-01 3.074828408957289039e+00 2.231445212597212013e-01 2.251656823958672060e-01 2.591366350340114089e-01
3.079999999999956994e+00 2.201786149317949970e-01 3.079819461344123877e+00 2.224957868635711045e-01 2.201746668823129915e-01 2.591366475327657182e-01
3.084999999999956000e+00 2.151884964907662123e-01 3.084809593428726959e+00 2.217809360333586888e-01 2.151845753677932016e-01 2.591366612992386242e-01
3.089999999999955893e+00 2.101993410070583934e-01 3.089798763828690120e+00 2.209971906218272109e-01 2.101954493560156123e-01 2.591366763583318189e-01
3.094999999999955786e+00 2.052111867782535903e-01 3.094786934280580049e+00 2.201419941469363040e-01 2.052073272128888959e-01 2.591366927364304740e-01
3.099999999999956124e+00 2.002240707863638114e-01 3.099774067831004842e+00 2.192129678734111020e-01 2.002202459776878107e-01 2.591367105004637184e-01
3.104999999999956017e+00 1.952380279299524013e-01 3.104760129605252938e+00 2.182078651019430104e-01 1.952342405967132932e-01 2.591367296408870202e-01
3.109999999999955911e+00 1.902530930009307120e-01 3.109745084831221806e+00 2.171245273664715036e-01 1.902493459015268951e-01 2.591367501834991871e-01
3.114999999999955804e+00 1.852693006087041128e-01 3.114728898915929189e+00 2.159608429396240870e-01 1.852655965344091049e-01 2.591367721675498226e-01
3.119999999999956142e+00 1.802866862627051092e-01 3.119711536363542148e+00 2.147147087210007910e-01 1.802830280320323053e-01 2.591367955818887903e-01
3.124999999999956035e+00 1.753052863218780011e-01 3.124692960826383814e+00 2.133839951991695905e-01 1.753016767759179861e-01 2.591368204677816922e-01
3.129999999999955040e+00 1.703251390031645940e-01 3.129673134096853993e+00 2.119665140763951905e-01 1.703215810017318088e-01 2.591368467930313946e-01
3.134999999999954934e+00 1.653462851730748973e-01 3.134652015316185203e+00 2.104599881003063055e-01 1.653427815915161914e-01 2.591368745964570119e-01
3.139999999999954827e+00 1.603687679249982956e-01 3.139629561397411894e+00 2.088620215438138916e-01 1.603653216515583957e-01 2.591369038628600907e-01
3.144999999999955165e+00 1.553926341852988890e-01 3.144605725419490128e+00 2.071700718355632131e-01 1.553892481189129982e-01 2.591369346116764172e-01
3.149999999999955058e+00 1.504179349643753050e-01 3.149580456376408044e+00 2.053814203308610975e-01 1.504146120128176112e-01 2.591369668647640068e-01
3.154999999999954952e+00 1.454447257611967970e-01 3.154553698772803116e+00 2.034931418063984920e-01 1.454414688395136990e-01 2.591370005918985919e-01
3.159999999999954845e+00 1.404730675006221063e-01 3.159525391686742957e+00 2.015020720807078891e-01 1.404698795297802116e-01 2.591370358157810139e-01
3.164999999999955183e+00 1.355030276649706877e-01 3.164495467638237081e+00 1.994047725101603941e-01 1.354999115706727875e-01 2.591370725312158174e-01
3.169999999999955076e+00 1.305346809970898136e-01 3.169463851886238803e+00 1.971974901553036064e-01 1.305316397087195879e-01 2.591371107493704029e-01
3.174999999999954969e+00 1.255681102223827061e-01 3.174430461706664985e+00 1.948761124735166050e-01 1.255651466720497933e-01 2.591371504646506896e-01
3.179999999999953975e+00 1.206034083689271064e-01 3.179395204072298142e+00 1.924361158001909877e-01 1.206005254905551938e-01 2.591371916644701900e-01
3.184999999999953868e+00 1.156406798537479019e-01 3.184357974566530913e+00 1.898725045289726132e-01 1.156378805822017991e-01 2.591372343854104754e-01
3.189999999999954206e+00 1.106800423863982946e-01 3.189318655479790987e+00 1.871797396174769978e-01 1.106773296566157944e-01 2.591372785795776901e-01
3.194999999999954099e+00 1.057216297191270055e-01 3.194277113059357021e+00 1.843516537311399028e-01 1.057190064652181044e-01 2.591373242979582159e-01
3.199999999999953992e+00 1.007655941158067947e-01 3.199233195040399824e+00 1.813813484577463941e-01 1.007630632701083939e-01 2.591373714976398790e-01
3.204999999999953886e+00 9.581211121359123339e-02 3.204186725784281986e+00 1.782610706565040948e-01 9.580967570561027546e-02 2.591374201979709802e-01
3.209999999999953779e+00 9.086138411037625318e-02 3.209137502191023117e+00 1.749820592578870959e-01 9.085904686561341315e-02 2.591374704016478070e-01
3.214999999999954117e+00 8.591364820241986777e-02 3.214085288861611822e+00 1.715343547567541871e-01 8.591141214103958923e-02 2.591375220804084112e-01
3.219999999999954010e+00 8.096918233347505378e-02 3.219029806948709993e+00 1.679065633406642000e-01 8.096705036866091998e-02 2.591375752635277085e-01
3.224999999999953015e+00 7.602831590813252660e-02 3.223970727043175000e+00 1.640855517587195000e-01 7.602629094417612254e-02 2.591376299256050730e-01
3.229999999999952909e+00 7.109144478354267882e-02 3.228907653282092838e+00 1.600560581505920954e-01 7.108952971343696081e-02 2.591376860548276206e-01
3.234999999999952802e+00 6.615905048394399302e-02 3.233840104133928861e+00 1.558001809370130053e-01 6.615724818634372006e-02 2.591377436713138138e-01
3.239999999999953140e+00 6.123172622238781670e-02 3.238767486376367799e+00 1.512966970012367129e-01 6.123003955770466716e-02 2.591378027489590896e-01
3.244999999999953033e+00 5.631021494220855850e-02 3.243689057054214953e+00 1.465201360221509985e-01 5.630864674745116732e-02 2.591378632626257783e-01
3.249999999999952927e+00 5.139546754139900919e-02 3.248603865254068079e+00 1.414394969170428007e-01 5.139402062311392710e-02 2.591379252162859248e-01
3.254999999999952820e+00 4.648872611400922672e-02 3.253510668861537170e+00 1.360164142274518928e-01 4.648740323847311284e-02 2.591379885749406919e-01
3.259999999999953157e+00 4.159166176116046998e-02 3.258407796747989860e+00 1.302024735119300114e-01 4.159046564009238889e-02 2.591380533372160122e-01
3.264999999999953051e+00 3.670659858103675344e-02 3.263292924776910020e+00 1.239351318895853954e-01 3.670553185002722874e-02 2.591381194380488195e-01
3.269999999999952944e+00 3.183691048846781779e-02 3.268162678977886149e+00 1.171312785293506936e-01 3.183597567258811267e-02 2.591381868113277198e-01
3.274999999999951950e+00 2.698777275787378124e-02 3.273011883991577164e+00 1.096765956551575966e-01 2.698697221312429048e-02 2.591382554020674744e-01
3.279999999999951843e+00 2.216774315408298959e-02 3.277831981913593928e+00 1.014071699738288007e-01 2.216707895830849137e-02 2.591383250676804750e-01
3.284999999999952180e+00 1.739250639735412038e-02 3.282607287769823134e+00 9.207624292221933127e-02 1.739198012196662910e-02 2.591383955072670831e-01
3.289999999999952074e+00 1.269543952001788920e-02 3.287304423992110980e+00 8.129697612101237369e-02 1.269505166660144999e-02 2.591384662280086237e-01
3.294999999999951967e+00 8.185754558084762378e-03 3.291814176820075044e+00 6.813360590715149268e-02 8.185502183167825407e-03 2.591385354289055809e-01
3.299999999999951861e+00 4.425141097858852589e-03 3.295574847849354949e+00 5.290172121664626220e-02 4.425003630950664381e-03 2.591385941422693073e-01
3.304999999999952198e+00 3.718090574944714951e-03 3.296281909364605855e+00 4.899293313479838319e-02 3.717974908932553113e-03 2.591386052678745777e-01
3.309999999999952092e+00 3.720387854336329892e-03 3.296279612137174908e+00 4.897306380320640140e-02 3.720272117390233113e-03 2.591386052240796101e-01
3.314999999999951985e+00 3.725804810408542018e-03 3.296274195184877076e+00 4.897153454265590344e-02 3.725688906203505901e-03 2.591386051532345025e-01
3.319999999999950990e+00 3.731363480376980943e-03 3.296268636516495931e+00 4.897094500147224777e-02 3.731247404541115920e-03 2.591386050569152166e-01
3.324999999999950884e+00 3.736981402631961088e-03 3.296263018594915994e+00 4.897067007073090117e-02 3.736865153339707923e-03 2.591386049772024802e-01
3.329999999999951221e+00 3.742614751148484135e-03 3.296257385246835980e+00 4.897049488922067262e-02 3.742498327927390022e-03 2.591386048821764931e-01
3.334999999999951115e+00 3.748255817087019822e-03 3.296251744181217802e+00 4.897037128481133983e-02 3.748139219702851122e-03 2.591386047958442185e-01
3.339999999999951008e+00 3.753902533811997143e-03 3.296246097464727853e+00 4.897028092775181779e-02 3.753785762094286049e-03 2.591386047031061790e-01
3.344999999999950901e+00 3.759552995501179960e-03 3.296240447003218055e+00 4.897021204671672678e-02 3.759436049338261022e-03 2.591386046222298178e-01
3.349999999999950795e+00 3.765206042844138935e-03 3.296234793956016151e+00 4.897015777710157780e-02 3.765088922160098051e-03 2.591386045270078209e-01
3.354999999999951132e+00 3.770860973551105194e-03 3.296229139025423027e+00 4.897011393627709319e-02 3.770743678291887946e-03 2.591386044432066882e-01
3.359999999999951026e+00 3.776517332166981922e-03 3.296223482666901017e+00 4.897007781011653016e-02 3.776399862292389997e-03 2.591386043473825063e-01
3.364999999999950031e+00 3.782174807982427184e-03 3.296217825191163797e+00 4.897004755587436309e-02 3.782057163462027027e-03 2.591386042591434236e-01
3.369999999999949925e+00 3.787833182911242141e-03 3.296212166816300915e+00 4.897002187655571243e-02 3.787715363721245055e-03 2.591386041671266960e-01
3.374999999999949818e+00 3.793492298243951108e-03 3.296206507701027189e+00 4.896999983170662735e-02 3.793374304365438199e-03 2.591386040870273799e-01
3.379999999999950155e+00 3.799152036457953928e-03 3.296200847962861946e+00 4.896998072212047082e-02 3.799033867875722947e-03 2.591386039945552944e-01
3.384999999999950049e+00 3.804812308059474929e-03 3.296195187691302930e+00 4.896996401679749172e-02 3.804693964761018954e-03 2.591386038960036275e-01
3.389999999999949942e+00 3.810473043528580898e-03 3.296189526955873195e+00 4.896994930504165733e-02 3.810354525503600875e-03 2.591386038179153140e-01
3.394999999999949836e+00 3.816134189177760802e-03 3.296183865810256908e+00 4.896993626412036310e-02 3.816015496417635156e-03 2.591386037288831989e-01
3.399999999999950173e+00 3.821795701124145947e-03 3.296178204298339853e+00 4.896992463685798797e-02 3.821676833621446157e-03 2.591386036357579137e-01
3.404999999999950067e+00 3.827457544578046107e-03 3.296172542454914201e+00 4.896991421579383746e-02 3.827338502326638192e-03 2.591386035512273089e-01
3.409999999999949960e+00 3.833119691386826112e-03 3.296166880308128988e+00 4.896990483171034803e-02 3.833000474381286892e-03 2.591386034542941808e-01
3.414999999999948965e+00 3.838782117725753843e-03 3.296161217881810934e+00 4.896989634521466128e-02 3.838662725961338850e-03 2.591386033614990203e-01
3.419999999999948859e+00 3.844444804154173185e-03 3.296155555195404041e+00 4.896988864048074791e-02 3.844325237627010949e-03 2.591386032741777035e-01
3.424999999999949196e+00 3.850107734430464976e-03 3.296149892265145098e+00 4.896988162046597010e-02 3.849987993136961151e-03 2.591386031784945754e-01
3.429999999999949090e+00 3.855770894580718214e-03 3.296144229105010925e+00 4.896987520326542831e-02 3.855650978517699990e-03 2.591386031023080183e-01
3.434999999999948983e+00 3.861434273138406818e-03 3.296138565726468794e+00 4.896986931930617792e-02 3.861314182303288156e-03 2.591386030162330933e-01
3.439999999999948876e+00 3.867097860580397204e-03 3.296132902139039977e+00 4.896986390910035292e-02 3.866977594970566045e-03 2.591386029158995741e-01
3.444999999999949214e+00 3.872761647327721112e-03 3.296127238352306144e+00 4.896985892150840236e-02 3.872641206941084945e-03 2.591386028363347194e-01
3.449999999999949107e+00 3.878425626487159040e-03 3.296121574373157781e+00 4.896985431233653180e-02 3.878305011321803164e-03 2.591386027436606843e-01
3.454999999999949001e+00 3.884089791487816985e-03 3.296115910208169186e+00 4.896985004318569340e-02 3.883969001541975885e-03 2.591386026620642880e-01
3.459999999999948006e+00 3.889754137124402152e-03 3.296110245862541976e+00 4.896984608057589755e-02 3.889633172396433913e-03 2.591386025722037800e-01
3.464999999999947899e+00 3.895418658309508786e-03 3.296104581341365858e+00 4.896984239516072313e-02 3.895297518798023894e-03 2.591386024651318731e-01
3.469999999999947793e+00 3.901083350306683035e-03 3.296098916649377042e+00 4.896983896113132895e-02 3.900962036010425116e-03 2.591386023848606945e-01
3.474999999999948130e+00 3.906748209484106962e-03 3.296093251790209067e+00 4.896983575568936847e-02 3.906626720401983575e-03 2.591386022891145058e-01
3.479999999999948024e+00 3.912413232543694372e-03 3.296087586767156186e+00 4.896983275865413737e-02 3.912291568674453046e-03 2.591386022102312170e-01
3.484999999999947917e+00 3.918078416587223237e-03 3.296081921583120078e+00 4.896982995206541206e-02 3.917956577930037376e-03 2.591386021173625043e-01
3.489999999999947811e+00 3.923743758706588376e-03 3.296076256241008196e+00 4.896982731993539117e-02 3.923621745260508220e-03 2.591386020324072947e-01
3.494999999999948148e+00 3.929409256995492622e-03 3.296070590742723905e+00 4.896982484793282325e-02 3.929287068759834689e-03 2.591386019320180978e-01
3.499999999999948042e+00 3.935074908481965214e-03 3.296064925091243936e+00 4.896982252323080209e-02 3.934952545455838724e-03 2.591386018485972165e-01
3.504999999999947047e+00 3.940740711946898005e-03 3.296059259287785093e+00 4.896982033429327086e-02 3.940618174129605598e-03 2.591386017616620907e-01
3.509999999999946940e+00 3.946406665535127402e-03 3.296053593334201004e+00 4.896981827070726739e-02 3.946283952926177285e-03 2.591386016687223792e-01
3.514999999999946834e+00 3.952072767273384635e-03 3.296047927232467867e+00 4.896981632307591259e-02 3.951949879872018734e-03 2.591386015887359173e-01
3.519999999999947171e+00 3.957739016171258825e-03 3.296042260983575112e+00 4.896981448289489808e-02 3.957615953977033918e-03 2.591386014999865761e-01
3.524999999999947065e+00 3.963405411268621295e-03 3.296036594588481972e+00 4.896981274242857146e-02 3.963282174281101966e-03 2.591386013947822864e-01
3.529999999999946958e+00 3.969071950390155694e-03 3.296030928049364039e+00 4.896981109465622234e-02 3.968948538608740861e-03 2.591386013128990085e-01
3.534999999999946851e+00 3.974738633214101174e-03 3.296025261366544168e+00 4.896980953317527779e-02 3.974615046638430016e-03 2.591386012308619091e-01
3.539999999999947189e+00 3.980405458545106627e-03 3.296019594541216957e+00 4.896980805214234261e-02 3.980281697174792299e-03 2.591386011341624274e-01
3.544999999999947082e+00 3.986072425542551943e-03 3.296013927574223068e+00 4.896980664621906204e-02 3.985948489377166837e-03 2.591386010449491795e-01
3.549999999999946976e+00 3.991739533741386382e-03 3.296008260466027906e+00 4.896980531049775764e-02 3.991615422780592226e-03 2.591386009496898235e-01
3.554999999999945981e+00 3.997406781408425168e-03 3.296002593218362975e+00 4.896980404048954100e-02 3.997282495652010326e-03 2.591386008721988099e-01
3.559999999999945874e+00 4.003074168789764846e-03 3.295996925830984914e+00 4.896980283206583268e-02 4.002949708237336403e-03 2.591386007865517094e-01
3.564999999999946212e+00 4.008741695300586765e-03 3.295991258304476812e+00 4.896980168142577722e-02 4.008617059951813388e-03 2.591386006831359889e-01
3.569999999999946105e+00 4.014409359853892377e-03 3.295985590639927132e+00 4.896980058505937677e-02 4.014284549708536411e-03 2.591386005928005276e-01
3.574999999999945999e+00 4.020077161789610727e-03 3.295979922837993126e+00 4.896979953974100325e-02 4.019952176847474412e-03 2.591386005115721147e-01
3.579999999999945892e+00 4.025745101377257995e-03 3.295974254898408784e+00 4.896979854246562985e-02 4.025619941638081123e-03 2.591386004167429147e-01
3.584999999999945786e+00 4.031413177496183733e-03 3.295968586822290991e+00 4.896979759047016822e-02 4.031287842959697422e-03 2.591386003268190130e-01
3.589999999999946123e+00 4.037081389812488368e-03 3.295962918609979031e+00 4.896979668118488227e-02 4.036955880478587666e-03 2.591386002509292741e-01
3.594999999999946017e+00 4.042749738553293171e-03 3.295957250261238869e+00 4.896979581223385308e-02 4.042624054421684043e-03 2.591386001486852275e-01
3.599999999999945022e+00 4.048418222405539973e-03 3.295951581777389006e+00 4.896979498140217879e-02 4.048292363476146960e-03 2.591386000648335797e-01
3.604999999999944915e+00 4.054086841637077887e-03 3.295945913158158991e+00 4.896979418662566336e-02 4.053960807909651187e-03 2.591385999809822094e-01
3.609999999999944809e+00 4.059755596231856382e-03 3.295940244403566144e+00 4.896979342599037943e-02 4.059629387706210381e-03 2.591385998790711187e-01
3.614999999999945146e+00 4.065424485096583336e-03 3.295934575514703813e+00 4.896979269770637688e-02 4.065298101772585326e-03 2.591385997925664264e-01
3.619999999999945040e+00 4.071093508403214947e-03 3.295928906491397914e+00 4.896979200010714156e-02 4.070966950280752172e-03 2.591385997009252873e-01
3.624999999999944933e+00 4.076762665680717414e-03 3.295923237334121847e+00 4.896979133163364278e-02 4.076635932759642422e-03 2.591385996178638962e-01
3.629999999999944826e+00 4.082431956930122896e-03 3.295917568042875168e+00 4.896979069082362662e-02 4.082305049210255277e-03 2.591385995354267835e-01
