# vcm_v=1.815
# vin_v vout_v m6_vds_v m6_vdsat_v m7_vds_v m7_vdsat_v
0.000000000000000000e+00 3.612602533075952138e+00 1.739492532856345974e-02 1.455697449369548924e+00 3.612597788104929819e+00 1.987182898650922958e-01
5.000000000000000104e-03 3.611552677643294906e+00 1.844478140720307024e-02 1.342950391320735903e+00 3.611547933257000853e+00 1.987182899081642029e-01
1.000000000000000021e-02 3.609390298792360952e+00 2.060716149355635088e-02 1.156926800836798108e+00 3.609385555607944163e+00 1.987182899998299057e-01
1.499999999999999944e-02 3.606379998208543824e+00 2.361746375554618985e-02 9.838094389468513556e-01 3.606375256689601905e+00 1.987182901244569921e-01
2.000000000000000042e-02 3.602939867877076985e+00 2.705759598317402856e-02 8.412818196053970521e-01 3.602935128251890884e+00 1.987182902685294128e-01
2.500000000000000139e-02 3.599138559562011785e+00 3.085890637318211907e-02 7.288073213665996475e-01 3.599133822017840156e+00 1.987182904231334923e-01
2.999999999999999889e-02 3.595072042404217960e+00 3.492542573147706247e-02 6.406876654083616396e-01 3.595067307072588925e+00 1.987182905972003921e-01
3.500000000000000333e-02 3.590809079214842825e+00 3.918839120895389883e-02 5.712502124475745680e-01 3.590804346187569163e+00 1.987182907690908940e-01
4.000000000000000083e-02 3.586399643997320030e+00 4.359782877467788254e-02 5.158995144387775733e-01 3.586394913337418888e+00 1.987182909515720908e-01
4.499999999999999833e-02 3.581879599614261167e+00 4.811787554634827657e-02 4.712004311209671004e-01 3.581874871364143953e+00 1.987182911343695069e-01
5.000000000000000278e-02 3.577274812942221160e+00 5.272266463325526314e-02 4.346364059844010086e-01 3.577270087129488019e+00 1.987182913265855000e-01
5.499999999999999334e-02 3.572604126850743800e+00 5.739335315559435102e-02 4.043658807578204839e-01 3.572599403492251025e+00 1.987182915112616910e-01
5.999999999999999084e-02 3.567881444894080101e+00 6.211603755156769324e-02 3.790311845312411276e-01 3.567876723998785859e+00 1.987182917064113097e-01
6.499999999999998834e-02 3.563117169907012105e+00 6.688031498077995352e-02 3.576200967998072189e-01 3.563112451478009923e+00 1.987182918943725118e-01
6.999999999999999278e-02 3.558319196034918974e+00 7.167829129362779383e-02 3.393682975010139935e-01 3.558314480070877028e+00 1.987182920932716035e-01
7.499999999999999722e-02 3.553493595374581204e+00 7.650389439010529813e-02 3.236910765856931271e-01 3.553488881870793037e+00 1.987182922817191111e-01
8.000000000000000167e-02 3.548645099210590015e+00 8.135239298313745593e-02 3.101353727238119751e-01 3.548640388159753023e+00 1.987182924753944091e-01
8.500000000000000611e-02 3.543777439539181007e+00 8.622005507454755246e-02 2.983458161602309811e-01 3.543772730931963988e+00 1.987182926687235951e-01
9.000000000000001055e-02 3.538893592634933860e+00 9.110390438823312564e-02 2.880404203120178197e-01 3.538888886460418881e+00 1.987182928666970938e-01
9.500000000000001499e-02 3.533995958109093838e+00 9.600154131174898353e-02 2.789929891963696118e-01 3.533991254355102196e+00 1.987182930549392101e-01
1.000000000000000056e-01 3.529086488968878221e+00 1.009110128369172937e-01 2.710202228630586019e-01 3.529081787622228017e+00 1.987182932523904044e-01
1.049999999999999961e-01 3.524166790085613066e+00 1.058307140916406042e-01 2.639721582846558112e-01 3.524162091132323038e+00 1.987182934445498039e-01
1.100000000000000006e-01 3.519238192415294897e+00 1.107593141193046055e-01 2.577249999173629735e-01 3.519233495840738968e+00 1.987182936355851026e-01
1.150000000000000050e-01 3.514301807379605069e+00 1.156957014977328946e-01 2.521756789041240121e-01 3.514297113168638909e+00 1.987182938260579068e-01
1.199999999999999956e-01 3.509358572287279099e+00 1.206389389177844051e-01 2.472376875494518012e-01 3.509353880424337824e+00 1.987182940178200130e-01
1.250000000000000000e-01 3.504409282724015195e+00 1.255882307934421960e-01 2.428378501706618120e-01 3.504404593193202189e+00 1.987182942095095106e-01
1.300000000000000044e-01 3.499454619346367146e+00 1.305428964678871928e-01 2.389138021254355038e-01 3.499449932131510010e+00 1.987182944038773935e-01
1.350000000000000089e-01 3.494495169312048954e+00 1.355023487831945872e-01 2.354120003917238024e-01 3.494490484396762131e+00 1.987182945935082878e-01
1.400000000000000133e-01 3.489531441943928947e+00 1.404660784163324905e-01 2.322861421639401958e-01 3.489526759311648796e+00 1.987182947780800069e-01
1.449999999999999900e-01 3.484563882896015041e+00 1.454336397131598957e-01 2.294958998425566943e-01 3.484559202530050026e+00 1.987182949706013113e-01
1.499999999999999944e-01 3.479592885248046219e+00 1.504046395938357095e-01 2.270059020344855072e-01 3.479588207131593780e+00 1.987182951576282885e-01
1.550000000000001099e-01 3.474618796844538782e+00 1.553787302137666082e-01 2.247849081398461124e-01 3.474614120960722197e+00 1.987182953474191938e-01
1.600000000000000866e-01 3.469641928852592816e+00 1.603556004057966888e-01 2.228051411768003920e-01 3.469637255184474967e+00 1.987182955340029977e-01
1.650000000000000910e-01 3.464662561358446968e+00 1.653349700836463931e-01 2.210417470296364983e-01 3.464657889889052100e+00 1.987182957204692013e-01
1.700000000000000955e-01 3.459680947051471112e+00 1.703165865579218952e-01 2.194723570194183904e-01 3.459676277763803043e+00 1.987182959064922871e-01
1.750000000000000999e-01 3.454697315394818169e+00 1.753002203654610014e-01 2.180767392391778914e-01 3.454692648271871835e+00 1.987182960910910956e-01
1.800000000000001044e-01 3.449711876281182921e+00 1.802856616135702084e-01 2.168365219655755127e-01 3.449707211305954146e+00 1.987182962816484988e-01
1.850000000000001088e-01 3.444724821215881860e+00 1.852727187969427092e-01 2.157349771419402873e-01 3.444720158371379792e+00 1.987182964643547933e-01
1.900000000000001132e-01 3.439736325348292212e+00 1.902612167662204867e-01 2.147568543734230950e-01 3.439731664617549978e+00 1.987182966459969113e-01
1.950000000000000899e-01 3.434746549049501052e+00 1.952509951503458019e-01 2.138882534197996954e-01 3.434741890415581977e+00 1.987182968311969888e-01
2.000000000000000944e-01 3.429755638692296937e+00 2.002419075765659862e-01 2.131165266281705994e-01 3.429750982138306092e+00 1.987182970157903017e-01
2.050000000000000988e-01 3.424763727390888857e+00 2.052338209307174033e-01 2.124302013693843139e-01 3.424759072899976164e+00 1.987182971969271017e-01
2.100000000000001033e-01 3.419770935768912778e+00 2.102266145892089100e-01 2.118189155541078117e-01 3.419766283324281009e+00 1.987182973824707100e-01
2.150000000000001077e-01 3.414777372212104201e+00 2.152201801663639891e-01 2.112733569388648980e-01 3.414772721797019184e+00 1.987182975627858061e-01
2.200000000000001121e-01 3.409783133937757782e+00 2.202144204449459075e-01 2.107852053381857049e-01 3.409778485535548853e+00 1.987182977412594864e-01
2.250000000000000888e-01 3.404788307349842835e+00 2.252092490210552966e-01 2.103470704358960941e-01 3.404783660943913048e+00 1.987182979204955013e-01
2.300000000000000933e-01 3.399792968827310080e+00 2.302045895158136013e-01 2.099524274022850912e-01 3.399788324401133988e+00 1.987182981008258076e-01
2.350000000000000977e-01 3.394797185859911082e+00 2.352003744395405882e-01 2.095955478099144897e-01 3.394792543397045836e+00 1.987182982814539034e-01
2.400000000000001021e-01 3.389801016836170078e+00 2.401965454037915115e-01 2.092714291731687937e-01 3.389796376320258986e+00 1.987182984616316095e-01
2.450000000000001066e-01 3.384804512900914109e+00 2.451930512638242909e-01 2.089757228272454970e-01 3.384799874315687074e+00 1.987182986386407113e-01
2.500000000000001110e-01 3.379807718508395009e+00 2.501898475654695808e-01 2.087046639612694099e-01 3.379803081837672973e+00 1.987182988146508900e-01
2.550000000000001155e-01 3.374810671707152210e+00 2.551868962602780733e-01 2.084550035094455966e-01 3.374806036934848041e+00 1.987182989968220015e-01
2.600000000000001199e-01 3.369813405319562083e+00 2.601841645259642122e-01 2.082239448857380881e-01 3.369808772429685906e+00 1.987182991708867918e-01
2.650000000000001243e-01 3.364815947968204046e+00 2.651816237400375087e-01 2.080090854447378956e-01 3.364811316944864128e+00 1.987182993479016113e-01
2.700000000000000733e-01 3.359818323832008957e+00 2.701792497236614743e-01 2.078083631297502065e-01 3.359813694659409933e+00 1.987182995264434870e-01
2.750000000000000777e-01 3.354820553458822019e+00 2.751770219290862740e-01 2.076200096904965986e-01 3.354815926121271108e+00 1.987182996999418971e-01
2.800000000000000822e-01 3.349822655023189100e+00 2.801749221818595204e-01 2.074425084420161991e-01 3.349818029505093886e+00 1.987182998703957981e-01
2.850000000000000866e-01 3.344824644008169923e+00 2.851729349990215212e-01 2.072745580794917997e-01 3.344820020294041019e+00 1.987183000451115122e-01
2.900000000000000910e-01 3.339826533330465974e+00 2.901710474639633830e-01 2.071150412457067047e-01 3.339821911404917021e+00 1.987183002185692882e-01
2.950000000000002065e-01 3.334828334247874171e+00 2.951692483189897742e-01 2.069629972097810078e-01 3.334823714095617841e+00 1.987183003942361026e-01
3.000000000000002109e-01 3.329830056849743869e+00 3.001675274748483169e-01 2.068175983114579064e-01 3.329825438455603859e+00 1.987183005660949076e-01
3.050000000000002154e-01 3.324831709402602087e+00 3.051658766651050847e-01 2.066781312290003059e-01 3.324827092751499791e+00 1.987183007419469072e-01
3.100000000000002198e-01 3.319833299091186962e+00 3.101642887051285769e-01 2.065439786108239917e-01 3.319828684168152133e+00 1.987183009104447895e-01
3.150000000000002243e-01 3.314834832467084880e+00 3.151627570434266112e-01 2.064146061758229123e-01 3.314830219257248078e+00 1.987183010823924123e-01
3.200000000000001732e-01 3.309836314835933990e+00 3.201612763744576817e-01 2.062895497408795964e-01 3.309831703324531915e+00 1.987183012566796081e-01
3.250000000000001776e-01 3.304837750827929188e+00 3.251598420681300894e-01 2.061684053508185122e-01 3.304833141000302899e+00 1.987183014233022127e-01
3.300000000000001821e-01 3.299839144996397966e+00 3.301584495712113210e-01 2.060508204509985120e-01 3.299834536837991994e+00 1.987183015974167133e-01
3.350000000000001865e-01 3.294840500590126009e+00 3.351570956350147235e-01 2.059364865372252940e-01 3.294835894086490136e+00 1.987183017654995110e-01
3.400000000000001910e-01 3.289841820998943955e+00 3.401557768698100226e-01 2.058251330179894922e-01 3.289837216135729214e+00 1.987183019335866108e-01
3.450000000000001954e-01 3.284843109317549192e+00 3.451544901809965871e-01 2.057165219286213875e-01 3.284838506080511866e+00 1.987183021060492938e-01
3.500000000000001998e-01 3.279844367328693000e+00 3.501532337859213917e-01 2.056104433333537096e-01 3.279839765703694177e+00 1.987183022727971038e-01
3.550000000000002043e-01 3.274845597804826980e+00 3.551520049122304790e-01 2.055067115484187079e-01 3.274840997777828999e+00 1.987183024404982068e-01
3.600000000000002087e-01 3.269846802598764146e+00 3.601508017072099221e-01 2.054051619834655062e-01 3.269842204155835041e+00 1.987183026049245127e-01
3.650000000000002132e-01 3.264847983267713971e+00 3.651496226137461165e-01 2.053056481665830046e-01 3.264843386395020808e+00 1.987183027754763909e-01
3.700000000000002176e-01 3.259849141497638936e+00 3.701484659459723936e-01 2.052080397700971892e-01 3.259844546181454028e+00 1.987183029393533862e-01
3.750000000000002220e-01 3.254850278636752137e+00 3.751473303557752992e-01 2.051122199062986040e-01 3.254845684863449051e+00 1.987183031103902098e-01
3.800000000000002265e-01 3.249851395775464891e+00 3.801462147528424929e-01 2.050180839694475954e-01 3.249846803531521111e+00 1.987183032756255907e-01
3.850000000000001754e-01 3.244852493992710141e+00 3.851451180583316258e-01 2.049255381273847876e-01 3.244847903264699962e+00 1.987183034438680107e-01
3.900000000000001799e-01 3.239853574638232203e+00 3.901440389225970251e-01 2.048344975232430920e-01 3.239848985412836058e+00 1.987183036045878926e-01
3.950000000000001843e-01 3.234854638597881138e+00 3.951429764598871075e-01 2.047448855971719106e-01 3.234850050861878934e+00 1.987183037710885114e-01
4.000000000000001887e-01 3.229855686253031877e+00 4.001419302889189233e-01 2.046566331979025877e-01 3.229851099993303887e+00 1.987183039380278904e-01
4.050000000000001932e-01 3.224856718701162084e+00 4.051408993123128965e-01 2.045696771445698892e-01 3.224852133904688944e+00 1.987183041004552120e-01
4.100000000000003086e-01 3.219857736445618013e+00 4.101398830268153106e-01 2.044839602752862029e-01 3.219853153099482057e+00 1.987183042679933065e-01
4.150000000000003131e-01 3.214858740162113815e+00 4.151388807568098804e-01 2.043994301713752126e-01 3.214854158253495076e+00 1.987183044256541908e-01
4.200000000000003175e-01 3.209859730569490921e+00 4.201378917835469906e-01 2.043160390661989123e-01 3.209855150085668907e+00 1.987183045897356060e-01
4.250000000000003220e-01 3.204860707983939960e+00 4.251369157909334895e-01 2.042337428766586027e-01 3.204856128912294988e+00 1.987183047547237125e-01
4.300000000000003264e-01 3.199861672850872196e+00 4.301359523336483193e-01 2.041525015066469051e-01 3.199857095178880950e+00 1.987183049163140924e-01
4.350000000000002753e-01 3.194862625777162179e+00 4.351350008049136853e-01 2.040722775192150007e-01 3.194858049492399932e+00 1.987183050829972875e-01
4.400000000000002798e-01 3.189863567255699195e+00 4.401340607119301751e-01 2.039930367603212946e-01 3.189858992345842026e+00 1.987183052420898044e-01
4.450000000000002842e-01 3.184864497366675096e+00 4.451331319746030246e-01 2.039147472928408977e-01 3.184859923819495009e+00 1.987183054049332931e-01
4.500000000000002887e-01 3.179865416556452828e+00 4.501322141466563842e-01 2.038373797307531099e-01 3.179860844359816863e+00 1.987183055661352060e-01
4.550000000000002931e-01 3.174866325228861808e+00 4.551313068243589832e-01 2.037609064982111862e-01 3.174861754370737810e+00 1.987183057281126097e-01
4.600000000000002975e-01 3.169867223549601931e+00 4.601304098421020172e-01 2.036853020336983067e-01 3.169862654018052783e+00 1.987183058897495913e-01
4.650000000000003020e-01 3.164868112160859948e+00 4.651295225577861125e-01 2.036105426097603033e-01 3.164863543944041790e+00 1.987183060465138873e-01
4.700000000000003064e-01 3.159868990859195037e+00 4.701286451749476236e-01 2.035366057411978069e-01 3.159864423945364820e+00 1.987183062084836027e-01
4.750000000000003109e-01 3.154869860037991192e+00 4.751277773002922089e-01 2.034634704989889964e-01 3.154865294415497790e+00 1.987183063694765994e-01
4.800000000000003153e-01 3.149870720078296937e+00 4.801269185528619921e-01 2.033911172248326071e-01 3.149866155735587814e+00 1.987183065306646068e-01
4.850000000000003197e-01 3.144871571251230069e+00 4.851260686616308271e-01 2.033195273387108926e-01 3.144867008176841949e+00 1.987183066842546919e-01
4.900000000000003242e-01 3.139872413493606018e+00 4.901252276898687144e-01 2.032486833998247977e-01 3.139867851676175103e+00 1.987183068469906000e-01
4.950000000000002731e-01 3.134873246967373017e+00 4.951243954757242882e-01 2.031785687555436870e-01 3.134868686395626991e+00 1.987183070022207065e-01
5.000000000000003331e-01 3.129874072034937171e+00 5.001235716568768197e-01 2.031091679037793918e-01 3.129869512697697864e+00 1.987183071595539918e-01
5.050000000000003375e-01 3.124874889006405976e+00 5.051227559233062436e-01 2.030404659468386941e-01 3.124870330892588033e+00 1.987183073225070040e-01
5.100000000000003419e-01 3.119875697881838050e+00 5.101219482750463108e-01 2.029724487904915053e-01 3.119871140980448043e+00 1.987183074808409888e-01
5.150000000000003464e-01 3.114876498673908145e+00 5.151211486995088684e-01 2.029051029553579910e-01 3.114871942974048125e+00 1.987183076365170997e-01
5.200000000000003508e-01 3.109877291993143000e+00 5.201203565862546618e-01 2.028384157023261913e-01 3.109872737484005167e+00 1.987183077970899880e-01
5.250000000000003553e-01 3.104878077341596043e+00 5.251195724333195258e-01 2.027723748121217917e-01 3.104873524012463193e+00 1.987183079523084928e-01
5.300000000000003597e-01 3.099878855356025031e+00 5.301187956040305238e-01 2.027069685747487915e-01 3.099874303196273218e+00 1.987183081087718073e-01
5.350000000000003642e-01 3.094879625974642057e+00 5.351180261602648258e-01 2.026421858462826020e-01 3.094875074973737039e+00 1.987183082624021102e-01
5.400000000000003686e-01 3.089880389323155896e+00 5.401172639763984762e-01 2.025780158655383079e-01 3.089875839470654029e+00 1.987183084240065900e-01
5.450000000000003730e-01 3.084881145686808157e+00 5.451165087672800169e-01 2.025144482323509021e-01 3.084876596972356833e+00 1.987183085775290070e-01
5.500000000000003775e-01 3.079881894928206965e+00 5.501157606703821479e-01 2.024514732327956923e-01 3.079877347341544169e+00 1.987183087331292897e-01
5.550000000000003819e-01 3.074882637264095830e+00 5.551150194690492867e-01 2.023890811894208108e-01 3.074878090795047036e+00 1.987183088893685057e-01
5.600000000000003864e-01 3.069883372793583032e+00 5.601142850642606419e-01 2.023272628589853073e-01 3.069878827432062085e+00 1.987183090431053067e-01
5.650000000000003908e-01 3.064884101710703135e+00 5.651135572620615832e-01 2.022660095227853949e-01 3.064879557446713143e+00 1.987183092028410869e-01
5.700000000000003952e-01 3.059884823947697896e+00 5.701128361302978398e-01 2.022053124452276862e-01 3.059880280771330785e+00 1.987183093582811921e-01
5.750000000000003997e-01 3.054885540014395939e+00 5.751121211592242766e-01 2.021451633945048898e-01 3.054880997915832008e+00 1.987183095120141907e-01
5.800000000000004041e-01 3.049886249549246031e+00 5.801114127104765039e-01 2.020855542688408946e-01 3.049881708518749956e+00 1.987183096629034917e-01
5.850000000000004086e-01 3.044886952703365068e+00 5.851107106330220020e-01 2.020264772886924964e-01 3.044882412731293009e+00 1.987183098194064967e-01
5.900000000000004130e-01 3.039887649606527020e+00 5.901100147971671817e-01 2.019679248682240968e-01 3.039883110683319067e+00 1.987183099768299877e-01
5.950000000000004174e-01 3.034888340383389949e+00 5.951093250783392463e-01 2.019098896689494882e-01 3.034883802499571015e+00 1.987183101268074070e-01
6.000000000000004219e-01 3.029889025246462086e+00 6.001086412641098988e-01 2.018523645099855879e-01 3.029884488392645903e+00 1.987183102840195947e-01
6.050000000000004263e-01 3.024889704039480876e+00 6.051079635108242982e-01 2.017953424066908086e-01 3.024885168206365105e+00 1.987183104385505106e-01
6.100000000000004308e-01 3.019890377092111056e+00 6.101072914889029697e-01 2.017388166209805878e-01 3.019885842270478182e+00 1.987183105921938031e-01
6.150000000000004352e-01 3.014891044338440906e+00 6.151066252643331289e-01 2.016827804855740869e-01 3.014886510519156904e+00 1.987183107430905982e-01
6.200000000000004396e-01 3.009891705829176090e+00 6.201059647864934909e-01 2.016272275830900129e-01 3.009887173003193972e+00 1.987183108970212997e-01
6.250000000000004441e-01 3.004892361756815955e+00 6.251053098629624216e-01 2.015721516469390906e-01 3.004887829915170894e+00 1.987183110517699025e-01
6.300000000000004485e-01 2.999893012030498074e+00 6.301046605846885029e-01 2.015175464045418918e-01 2.999888481164306953e+00 1.987183112015031006e-01
6.350000000000004530e-01 2.994893656660763792e+00 6.351040169412023317e-01 2.014634059245573872e-01 2.994889126761230091e+00 1.987183113572661974e-01
6.400000000000004574e-01 2.989894296189675060e+00 6.401033783905267782e-01 2.014097242754104011e-01 2.989889767248082197e+00 1.987183115049344084e-01
6.450000000000004619e-01 2.984894930220804099e+00 6.451027453291668934e-01 2.013564956838871933e-01 2.984890402228515871e+00 1.987183116620795109e-01
6.500000000000004663e-01 2.979895558940313993e+00 6.501021175710373079e-01 2.013037145665723116e-01 2.979891031888780795e+00 1.987183118160185946e-01
6.550000000000004707e-01 2.974896182427499980e+00 6.551014950369218326e-01 2.012513752590756877e-01 2.974891656308249921e+00 1.987183119628742889e-01
6.600000000000004752e-01 2.969896800588542884e+00 6.601008778207178018e-01 2.011994724197818107e-01 2.969892275393188008e+00 1.987183121152980014e-01
6.650000000000004796e-01 2.964897413815406946e+00 6.651002655305373601e-01 2.011480006910622009e-01 2.964892889535633902e+00 1.987183122710630967e-01
6.700000000000004841e-01 2.959898022000572837e+00 6.700996582739797702e-01 2.010969547723089057e-01 2.959893498628154873e+00 1.987183124178240889e-01
6.750000000000004885e-01 2.954898625226376918e+00 6.750990559687815029e-01 2.010463296717582005e-01 2.954894102753164109e+00 1.987183125705012932e-01
6.800000000000004929e-01 2.949899223544833138e+00 6.800984585630089896e-01 2.009961202259661073e-01 2.949894701962754162e+00 1.987183127230275070e-01
6.850000000000004974e-01 2.944899816954546168e+00 6.850978660581303892e-01 2.009463214386877916e-01 2.944895296255610084e+00 1.987183128721188019e-01
6.900000000000005018e-01 2.939900405531972183e+00 6.900972783777641339e-01 2.008969285809960037e-01 2.939895885708263989e+00 1.987183130227427041e-01
6.950000000000005063e-01 2.934900989329606080e+00 6.950966954694952626e-01 2.008479366471818961e-01 2.934896470373292043e+00 1.987183131786968981e-01
7.000000000000005107e-01 2.929901568399571943e+00 7.000961172812698585e-01 2.007993410737873019e-01 2.929897050302893824e+00 1.987183133296271942e-01
7.050000000000005151e-01 2.924902143110131192e+00 7.050955434449042158e-01 2.007511370980485099e-01 2.924897625865408912e+00 1.987183134754773040e-01
7.100000000000005196e-01 2.919902712862295857e+00 7.100949745594578033e-01 2.007033201513850895e-01 2.919898196461926165e+00 1.987183136290950058e-01
7.150000000000005240e-01 2.914903278311129053e+00 7.150944099699425571e-01 2.006558857215323122e-01 2.914898762747582861e+00 1.987183137746068029e-01
7.200000000000005285e-01 2.909903839110825174e+00 7.200938500222378025e-01 2.006088294222236057e-01 2.909899324376651109e+00 1.987183139294967094e-01
7.250000000000005329e-01 2.904904395672787132e+00 7.250932943050121260e-01 2.005621467663268875e-01 2.904899881760610203e+00 1.987183140802361025e-01
7.300000000000005373e-01 2.899904947847688153e+00 7.300927429676655755e-01 2.005158334495427130e-01 2.899900434750206202e+00 1.987183142306090111e-01
7.350000000000005418e-01 2.894905495561005182e+00 7.350921960847913716e-01 2.004698852406825993e-01 2.894900983270991990e+00 1.987183143809727881e-01
7.400000000000005462e-01 2.889906039122819958e+00 7.400916533463837155e-01 2.004242978149594900e-01 2.889901527633123912e+00 1.987183145261587902e-01
7.450000000000005507e-01 2.884906578519291998e+00 7.450911147663514811e-01 2.003790671752757047e-01 2.884902067822833871e+00 1.987183146791507982e-01
7.500000000000005551e-01 2.879907113521796180e+00 7.500905805733908416e-01 2.003341891386513918e-01 2.879902603611570910e+00 1.987183148247448072e-01
7.550000000000005596e-01 2.874907644598351908e+00 7.550900502995507857e-01 2.002896596479709079e-01 2.874903135467428150e+00 1.987183149781492075e-01
7.600000000000005640e-01 2.869908171331160940e+00 7.600895243627046050e-01 2.002454746496989124e-01 2.869903662972678848e+00 1.987183151259996894e-01
7.650000000000005684e-01 2.864908694339447948e+00 7.650890021436951294e-01 2.002016303137195974e-01 2.864904186746620063e+00 1.987183152754478099e-01
7.700000000000005729e-01 2.859909213166445863e+00 7.700884840993573732e-01 2.001581226386928980e-01 2.859904706332557112e+00 1.987183154252087081e-01
7.750000000000005773e-01 2.854909727953809817e+00 7.750879700881063705e-01 2.001149477687751976e-01 2.854905221872214849e+00 1.987183155713740934e-01
7.800000000000005818e-01 2.849910239050303051e+00 7.800874597612477146e-01 2.000721019415291901e-01 2.849905733714427125e+00 1.987183157227631891e-01
7.850000000000005862e-01 2.844910746187053974e+00 7.850869533877182782e-01 2.000295814092825086e-01 2.844906241590396068e+00 1.987183158676776029e-01
7.900000000000005906e-01 2.839911249505917112e+00 7.900864508257368080e-01 1.999873822871277018e-01 2.839906745642041930e+00 1.987183160170711005e-01
7.950000000000005951e-01 2.834911749207321918e+00 7.950859518749360255e-01 1.999455011142353966e-01 2.834907246069866993e+00 1.987183161655224906e-01
8.000000000000005995e-01 2.829912244994886805e+00 8.000854568317672388e-01 1.999039340646147078e-01 2.829907742577555840e+00 1.987183163167174083e-01
8.050000000000006040e-01 2.824912737169825050e+00 8.050849653950815643e-01 1.998626776779708902e-01 2.824908235466394135e+00 1.987183164658992973e-01
8.100000000000006084e-01 2.819913225791764955e+00 8.100844775053208657e-01 1.998217282528881034e-01 2.819908724796075017e+00 1.987183166162413972e-01
8.150000000000006128e-01 2.814913710623529131e+00 8.150839933997247044e-01 1.997810823446133921e-01 2.814909210329490818e+00 1.987183167631841885e-01
8.200000000000006173e-01 2.809914192060630977e+00 8.200835126828454058e-01 1.997407364734462010e-01 2.809909692462221997e+00 1.987183169134660865e-01
8.250000000000006217e-01 2.804914669789638992e+00 8.250830356681797539e-01 1.997006872080976936e-01 2.804910170880904996e+00 1.987183170623356976e-01
8.300000000000006262e-01 2.799915144124839106e+00 8.300825620415066552e-01 1.996609310361029122e-01 2.799910645899888806e+00 1.987183172077545967e-01
8.350000000000006306e-01 2.794915615124580199e+00 8.350820917445420655e-01 1.996214646535703907e-01 2.794911117577592918e+00 1.987183173524471047e-01
8.400000000000006350e-01 2.789916082769082095e+00 8.400816247971287787e-01 1.995822847161725089e-01 2.789911585894300217e+00 1.987183175052461004e-01
8.450000000000006395e-01 2.784916546901285983e+00 8.450811613563877778e-01 1.995433879495616125e-01 2.784912050693018060e+00 1.987183176491263137e-01
8.500000000000006439e-01 2.779917007717870092e+00 8.500807012257074469e-01 1.995047710014888898e-01 2.779912512170489070e+00 1.987183178013124940e-01
8.550000000000006484e-01 2.774917465205306133e+00 8.550802444186755835e-01 1.994664306971138945e-01 2.774912970313248017e+00 1.987183179439243885e-01
8.600000000000006528e-01 2.769917919548106955e+00 8.600797907508428430e-01 1.994283637614553129e-01 2.769913425305876142e+00 1.987183180957615980e-01
8.650000000000006573e-01 2.764918370689656957e+00 8.650793402788852227e-01 1.993905670703547961e-01 2.764913877091816019e+00 1.987183182410121873e-01
8.700000000000006617e-01 2.759918818630637816e+00 8.700788930021832179e-01 1.993530374501431002e-01 2.759914325671816826e+00 1.987183183877707926e-01
8.750000000000006661e-01 2.754919263619115100e+00 8.750784486727325451e-01 1.993157717956096087e-01 2.754914771294004971e+00 1.987183185380695105e-01
8.800000000000006706e-01 2.749919705206651077e+00 8.800780077390299994e-01 1.992787670333766026e-01 2.749915213510004008e+00 1.987183186829203918e-01
8.850000000000006750e-01 2.744920143821843794e+00 8.850775697725401514e-01 1.992420200928284868e-01 2.744915652748475932e+00 1.987183188330627903e-01
8.900000000000006795e-01 2.739920579562749037e+00 8.900771346752622826e-01 1.992055279785653887e-01 2.739916089107536923e+00 1.987183189775917069e-01
8.950000000000006839e-01 2.734921012130882900e+00 8.950767027457455782e-01 1.991692876583049943e-01 2.734916522288763030e+00 1.987183191261293058e-01
9.000000000000006883e-01 2.729921441926308034e+00 9.000762735839837880e-01 1.991332961576456062e-01 2.729916952692279963e+00 1.987183192733540937e-01
9.050000000000006928e-01 2.724921868717502083e+00 9.050758474215556681e-01 1.990975505781064081e-01 2.724917380086622209e+00 1.987183194221285865e-01
9.100000000000006972e-01 2.719922292664080032e+00 9.100754240989057386e-01 1.990620479775702945e-01 2.719917804631467817e+00 1.987183195677623138e-01
9.150000000000007017e-01 2.714922713567545998e+00 9.150750038145893939e-01 1.990267855114661866e-01 2.714918226128379963e+00 1.987183197171210891e-01
9.200000000000007061e-01 2.709923132013046132e+00 9.200745859835168794e-01 1.989917602390552931e-01 2.709918645162559869e+00 1.987183198600669110e-01
9.250000000000007105e-01 2.704923547282077845e+00 9.250741713242445208e-01 1.989569694450389059e-01 2.704919061015568005e+00 1.987183200137543904e-01
9.300000000000007150e-01 2.699923959938416829e+00 9.300737592730570213e-01 1.989224102693031015e-01 2.699919474251236018e+00 1.987183201602814864e-01
9.350000000000007194e-01 2.694924369884233784e+00 9.350733499278383043e-01 1.988880799105564035e-01 2.694919884771791008e+00 1.987183203046677948e-01
9.400000000000007239e-01 2.689924777214570906e+00 9.400729431936012404e-01 1.988539756883654086e-01 2.689920292672333790e+00 1.987183204535717951e-01
9.450000000000007283e-01 2.684925181846494979e+00 9.450725391533341124e-01 1.988200948842301918e-01 2.684920697869987993e+00 1.987183205983819034e-01
9.500000000000007327e-01 2.679925583852536874e+00 9.500721377345628937e-01 1.987864346848869923e-01 2.679921100437340886e+00 1.987183207484088110e-01
9.550000000000007372e-01 2.674925983197908863e+00 9.550717389721277151e-01 1.987529925408360876e-01 2.674921500339658920e+00 1.987183208936612044e-01
9.600000000000007416e-01 2.669926380271248956e+00 9.600713424774456328e-01 1.987197657992648137e-01 2.669921897965639168e+00 1.987183210359743935e-01
9.650000000000007461e-01 2.664926774553634914e+00 9.650709487694917321e-01 1.986867517162808072e-01 2.664922292796410019e+00 1.987183211878121025e-01
9.700000000000007505e-01 2.659927166351621963e+00 9.700705575417662985e-01 1.986539477964223976e-01 2.659922685138583986e+00 1.987183213298810980e-01
9.750000000000007550e-01 2.654927555854670107e+00 9.750701686048603989e-01 1.986213514413109060e-01 2.654923075181674808e+00 1.987183214815670951e-01
9.800000000000007594e-01 2.649927942621502996e+00 9.800697824000996761e-01 1.985889601893021106e-01 2.649923462484459868e+00 1.987183216235156036e-01
9.850000000000007638e-01 2.644928327269611135e+00 9.850693983100504703e-01 1.985567713760781894e-01 2.644923847664482963e+00 1.987183217750050912e-01
9.900000000000007683e-01 2.639928709400749085e+00 9.900690167330075120e-01 1.985247825908298125e-01 2.639924230323551946e+00 1.987183219229221032e-01
9.950000000000007727e-01 2.634929089269575808e+00 9.950686374143633550e-01 1.984929912595685964e-01 2.634924610716379068e+00 1.987183220671575046e-01
1.000000000000001110e+00 2.629929466774627134e+00 1.000068260455635016e+00 1.984613950677824867e-01 2.629924988741549008e+00 1.987183222102948121e-01
1.005000000000001004e+00 2.624929841977063916e+00 1.005067885795710048e+00 1.984299914402528897e-01 2.624925364460278132e+00 1.987183223593597947e-01
1.010000000000000009e+00 2.619930214847726813e+00 1.010067513463795974e+00 1.983987781091615943e-01 2.619925737843455948e+00 1.987183225043659129e-01
1.014999999999999902e+00 2.614930585622118997e+00 1.015067143224442914e+00 1.983677525388815865e-01 2.614926109126635811e+00 1.987183226561037019e-01
1.020000000000000018e+00 2.609930954195931019e+00 1.020066775182006946e+00 1.983369125371630959e-01 2.609926478205562006e+00 1.987183228011140945e-01
1.024999999999999911e+00 2.604931320480773138e+00 1.025066409424927993e+00 1.983062555950514116e-01 2.604926844991891866e+00 1.987183229493053871e-01
1.030000000000000027e+00 2.599931684645127916e+00 1.030066045784771900e+00 1.982757794943441065e-01 2.599927209654158133e+00 1.987183230939801037e-01
1.034999999999999920e+00 2.594932046619475852e+00 1.035065684331105018e+00 1.982454819258359924e-01 2.594927572122891934e+00 1.987183232397631005e-01
1.040000000000000036e+00 2.589932406807121890e+00 1.040065324660671031e+00 1.982153606115951983e-01 2.589927932801444843e+00 1.987183233875234878e-01
1.044999999999999929e+00 2.584932764611779010e+00 1.045064967369804920e+00 1.981854132317265038e-01 2.584928291093579134e+00 1.987183235327112940e-01
1.050000000000000044e+00 2.579933120488532960e+00 1.050064612003464903e+00 1.981556376303476863e-01 2.579928647454428958e+00 1.987183236774134054e-01
1.054999999999999050e+00 2.574933474263502831e+00 1.055064258735580962e+00 1.981260316418977929e-01 2.574929001710160037e+00 1.987183238284780940e-01
1.059999999999998943e+00 2.569933826206181049e+00 1.060063907296705077e+00 1.980965929727502017e-01 2.569929354130313204e+00 1.987183239764586939e-01
1.064999999999999059e+00 2.564934176104031849e+00 1.065063557899418978e+00 1.980673195533030062e-01 2.564929704502397101e+00 1.987183241163797964e-01
1.069999999999998952e+00 2.559934524158962166e+00 1.070063210341861915e+00 1.980382091838399916e-01 2.559930053028366181e+00 1.987183242670458039e-01
1.074999999999999067e+00 2.554934870190891161e+00 1.075062864804160023e+00 1.980092596338015043e-01 2.554930399528187124e+00 1.987183244100310109e-01
1.079999999999998961e+00 2.549935214371145786e+00 1.080062521115028984e+00 1.979804689511412974e-01 2.549930744173230845e+00 1.987183245604610127e-01
1.084999999999999076e+00 2.544935556629809970e+00 1.085062179344427946e+00 1.979518350324361020e-01 2.544931086893624794e+00 1.987183247033227074e-01
1.089999999999998970e+00 2.539935897059876879e+00 1.090061839399411925e+00 1.979233557355815909e-01 2.539931427782410100e+00 1.987183248536847913e-01
1.094999999999999085e+00 2.534936235775091973e+00 1.095061501166274986e+00 1.978950290721994965e-01 2.534931766953373966e+00 1.987183249964784015e-01
1.099999999999998979e+00 2.529936572504481784e+00 1.100061164916031897e+00 1.978668530691174987e-01 2.529932104135586890e+00 1.987183251465506895e-01
1.104999999999997984e+00 2.524936907688697829e+00 1.105060830208079992e+00 1.978388255581315092e-01 2.524932439769744796e+00 1.987183252942220091e-01
1.109999999999998099e+00 2.519937241214222023e+00 1.110060497155973103e+00 1.978109447607867000e-01 2.519932773742373122e+00 1.987183254355610051e-01
1.114999999999997993e+00 2.514937572649387221e+00 1.115060166191423008e+00 1.977832085432296993e-01 2.514933105621845133e+00 1.987183255847468910e-01
1.119999999999998108e+00 2.509937902669378218e+00 1.120059836639287099e+00 1.977556150087922127e-01 2.509933436083389147e+00 1.987183257310838891e-01
1.124999999999998002e+00 2.504938230897607809e+00 1.125059508876188996e+00 1.977281623378480957e-01 2.504933764750460146e+00 1.987183258791692109e-01
1.129999999999997895e+00 2.499938557461121036e+00 1.130059182775130067e+00 1.977008485061297061e-01 2.499934091750144027e+00 1.987183260246339067e-01
1.134999999999998010e+00 2.494938882427049975e+00 1.135058858269015092e+00 1.976736716463849131e-01 2.494934417149615058e+00 1.987183261701314929e-01
1.139999999999997904e+00 2.489939205815971945e+00 1.140058535337306944e+00 1.976466299175572983e-01 2.489934740969490079e+00 1.987183263192776050e-01
1.144999999999998019e+00 2.484939527599464792e+00 1.145058214008467079e+00 1.976197214150849091e-01 2.484935063181386905e+00 1.987183264625385082e-01
1.149999999999997025e+00 2.479939847869673031e+00 1.150057894190390062e+00 1.975929444096413135e-01 2.479935383877490018e+00 1.987183266139465887e-01
1.154999999999996918e+00 2.474940166583622148e+00 1.155057575926089930e+00 1.975662970352400072e-01 2.474935703014864874e+00 1.987183267562019073e-01
1.159999999999997033e+00 2.469940483671052789e+00 1.160057259285864006e+00 1.975397774457741951e-01 2.469936020523292086e+00 1.987183269044567879e-01
1.164999999999996927e+00 2.464940799377075109e+00 1.165056944024638996e+00 1.975133839553737947e-01 2.464936336647917781e+00 1.987183270533620927e-01
1.169999999999997042e+00 2.459941113570209836e+00 1.170056630273931919e+00 1.974871147432840091e-01 2.459936651257303986e+00 1.987183271973946008e-01
1.174999999999996936e+00 2.454941426447135200e+00 1.175056317837102959e+00 1.974609681459648935e-01 2.454936964548164902e+00 1.987183273487500013e-01
1.179999999999997051e+00 2.449941737539631958e+00 1.180056007182407996e+00 1.974349423613618870e-01 2.449937276052319923e+00 1.987183274942224964e-01
1.184999999999996945e+00 2.444942047470420210e+00 1.185055697687162013e+00 1.974090357236935878e-01 2.444937586392525120e+00 1.987183276402139931e-01
1.189999999999997060e+00 2.439942356069594087e+00 1.190055389521305962e+00 1.973832466460470891e-01 2.439937895398911039e+00 1.987183277858755870e-01
1.194999999999996954e+00 2.434942663098468074e+00 1.195055082923561995e+00 1.973575732943090022e-01 2.434938202832833021e+00 1.987183279337426944e-01
1.199999999999995959e+00 2.429942968860245855e+00 1.200054777590763955e+00 1.973320141122466009e-01 2.429938508997524060e+00 1.987183280795140894e-01
1.204999999999996074e+00 2.424943273363795004e+00 1.205054473514076019e+00 1.973065674533127922e-01 2.424938813901890811e+00 1.987183282276233087e-01
1.209999999999995968e+00 2.419943576543118979e+00 1.210054170759532033e+00 1.972812317656016112e-01 2.419939117479971813e+00 1.987183283747583074e-01
1.214999999999996083e+00 2.414943878285384926e+00 1.215053869439997047e+00 1.972560053154256976e-01 2.414939419618971073e+00 1.987183285187177906e-01
1.219999999999995977e+00 2.409944178721219021e+00 1.220053569424881079e+00 1.972308866529922933e-01 2.409939720449544964e+00 1.987183286690379913e-01
1.224999999999996092e+00 2.404944478033768984e+00 1.225053270531063943e+00 1.972058741829839923e-01 2.404940020154878955e+00 1.987183288129384107e-01
1.229999999999995985e+00 2.399944776064501184e+00 1.230052972917119014e+00 1.971809663859981077e-01 2.399940318576469167e+00 1.987183289638881911e-01
1.234999999999996101e+00 2.394945072896974114e+00 1.235052676499517998e+00 1.971561616704252118e-01 2.394940615797911843e+00 1.987183291059413104e-01
1.239999999999995994e+00 2.389945368432393025e+00 1.240052381377086066e+00 1.971314586441675065e-01 2.389940911720444205e+00 1.987183292534578927e-01
1.244999999999995000e+00 2.384945662703615188e+00 1.245052087517001027e+00 1.971068556670433902e-01 2.384941206376952838e+00 1.987183294032077996e-01
1.249999999999994893e+00 2.379945956030268928e+00 1.250051794599664090e+00 1.970823513732939125e-01 2.379941500087102924e+00 1.987183295489330093e-01
1.254999999999995008e+00 2.374946247955734169e+00 1.255051503081729969e+00 1.970579442602650999e-01 2.374941792394302809e+00 1.987183296953818068e-01
1.259999999999994902e+00 2.369946538948795034e+00 1.260051212494440076e+00 1.970336328869289888e-01 2.369942083767370811e+00 1.987183298426805911e-01
1.264999999999995017e+00 2.364946828782137800e+00 1.265050923065142996e+00 1.970094158609010937e-01 2.364942373979022960e+00 1.987183299937423930e-01
1.269999999999994911e+00 2.359947117509590964e+00 1.270050634740039097e+00 1.969852917243085921e-01 2.359942663083120173e+00 1.987183301365224863e-01
1.274999999999995026e+00 2.354947405074653943e+00 1.275050347575660048e+00 1.969612591209873032e-01 2.354942951023188957e+00 1.987183302818364972e-01
1.279999999999994920e+00 2.349947691651323112e+00 1.280050061398035899e+00 1.969373166783232876e-01 2.349943237973258992e+00 1.987183304314391052e-01
1.284999999999995035e+00 2.344947977240224191e+00 1.285049776206572902e+00 1.969134630151302134e-01 2.344943523933984864e+00 1.987183305771904884e-01
1.289999999999994040e+00 2.339948261552137865e+00 1.290049492290519018e+00 1.968896968020006077e-01 2.339943808616176124e+00 1.987183307238397922e-01
1.294999999999993934e+00 2.334948544978033169e+00 1.295049209258932077e+00 1.968660167173754139e-01 2.334944092410832006e+00 1.987183308719487063e-01
1.299999999999994049e+00 2.329948827490965879e+00 1.300048927138784949e+00 1.968424214260398042e-01 2.329944375291034042e+00 1.987183310210791920e-01
1.304999999999993943e+00 2.324949108791372954e+00 1.305048646229671983e+00 1.968189096413978101e-01 2.324944656957251166e+00 1.987183311723945134e-01
1.309999999999994058e+00 2.319949389346276813e+00 1.310048366064592962e+00 1.967954800536977911e-01 2.319944937876532887e+00 1.987183313161031972e-01
1.314999999999993952e+00 2.314949668742826816e+00 1.315048087056428061e+00 1.967721314686292911e-01 2.314945217636056096e+00 1.987183314670095957e-01
1.319999999999994067e+00 2.309949947386143787e+00 1.320047808800083988e+00 1.967488625727852880e-01 2.309945496640969154e+00 1.987183316148886936e-01
1.324999999999993960e+00 2.304950225001164199e+00 1.325047531570650028e+00 1.967256721390490126e-01 2.304945774616233845e+00 1.987183317586692921e-01
1.329999999999994076e+00 2.299950501741478082e+00 1.330047255214561908e+00 1.967025589893711957e-01 2.299946051715468176e+00 1.987183319095630896e-01
1.334999999999993969e+00 2.294950777420921906e+00 1.335046979918010912e+00 1.966795218309798920e-01 2.294946327752537041e+00 1.987183320567494915e-01
1.339999999999992975e+00 2.289951052482364968e+00 1.340046705238151059e+00 1.966565595877776129e-01 2.289946603170334161e+00 1.987183322016926046e-01
1.344999999999993090e+00 2.284951326394149884e+00 1.345046431706665935e+00 1.966336709686175022e-01 2.284946877437226131e+00 1.987183323503615984e-01
1.349999999999992983e+00 2.279951599555544828e+00 1.350046158924310902e+00 1.966108549529000105e-01 2.279947150952506885e+00 1.987183324957776942e-01
1.354999999999993099e+00 2.274951872070460013e+00 1.355045886787203946e+00 1.965881102105893063e-01 2.274947423820115056e+00 1.987183326420688123e-01
1.359999999999992992e+00 2.269952143425825852e+00 1.360045615808435082e+00 1.965654357463831048e-01 2.269947695527001041e+00 1.987183327942501909e-01
1.364999999999993108e+00 2.264952414120898982e+00 1.365045345488772988e+00 1.965428304418654071e-01 2.264947966572449900e+00 1.987183329410167898e-01
1.369999999999993001e+00 2.259952683797735062e+00 1.370045076186185984e+00 1.965202930870063869e-01 2.259948236598540827e+00 1.987183330906968082e-01
1.374999999999992895e+00 2.254952952939618172e+00 1.375044807417411974e+00 1.964978227014675116e-01 2.254948506088579219e+00 1.987183332363033073e-01
1.379999999999993010e+00 2.249953221192810826e+00 1.380044539536211978e+00 1.964754181693907920e-01 2.249948774688852904e+00 1.987183333864611934e-01
1.384999999999992015e+00 2.244953488742681191e+00 1.385044272357242034e+00 1.964530784582249057e-01 2.244949042584750920e+00 1.987183335332572132e-01
1.389999999999991909e+00 2.239953755430689863e+00 1.390044006039063085e+00 1.964308024485436899e-01 2.239949309617761841e+00 1.987183336837951009e-01
1.394999999999992024e+00 2.234954021546287084e+00 1.395043740292245982e+00 1.964085891760405100e-01 2.234949576077352784e+00 1.987183338286457879e-01
1.399999999999991918e+00 2.229954286748466075e+00 1.400043475457821041e+00 1.963864375695106024e-01 2.229949841622544060e+00 1.987183339758497036e-01
1.404999999999992033e+00 2.224954551422229088e+00 1.405043211150805993e+00 1.963643466135961135e-01 2.224950106638356129e+00 1.987183341225310096e-01
1.409999999999991926e+00 2.219954815103620138e+00 1.410042947835177918e+00 1.963423154354582978e-01 2.219950370660855210e+00 1.987183342764292093e-01
1.414999999999992042e+00 2.214955078341346972e+00 1.415042684962249053e+00 1.963203428994896027e-01 2.214950634238773031e+00 1.987183344201217949e-01
1.419999999999991935e+00 2.209955340811462055e+00 1.420042422855990027e+00 1.962984282082221865e-01 2.209950897048178042e+00 1.987183345720265060e-01
1.424999999999992051e+00 2.204955602560858097e+00 1.425042161469529001e+00 1.962765702023933079e-01 2.204951159135990046e+00 1.987183347184630910e-01
1.429999999999991944e+00 2.199955863668491940e+00 1.430041900723926007e+00 1.962547680455105914e-01 2.199951420581181871e+00 1.987183348650990999e-01
1.434999999999990949e+00 2.194956124182680934e+00 1.435041640570885901e+00 1.962330208491097072e-01 2.194951681432093071e+00 1.987183350140603877e-01
1.439999999999991065e+00 2.189956383946196183e+00 1.440041381167654899e+00 1.962113276266982120e-01 2.189951941531512070e+00 1.987183351666872988e-01
1.444999999999990958e+00 2.184956643296799950e+00 1.445041122176490944e+00 1.961896875265115026e-01 2.184952201217224221e+00 1.987183353112395023e-01
1.449999999999991074e+00 2.179956901850346185e+00 1.450040863981560957e+00 1.961680996653261122e-01 2.179952460105099021e+00 1.987183354603409002e-01
1.454999999999990967e+00 2.174957159818291075e+00 1.455040606371422074e+00 1.961465631438195079e-01 2.174952718406614860e+00 1.987183356080219898e-01
1.459999999999991083e+00 2.169957417237696973e+00 1.460040349309035923e+00 1.961250770754162098e-01 2.169952976158850966e+00 1.987183357609604017e-01
1.464999999999990976e+00 2.164957673937693006e+00 1.465040092965290031e+00 1.961036406595111081e-01 2.164953233190956006e+00 1.987183359055653131e-01
1.469999999999991092e+00 2.159957930158383999e+00 1.470039837100092894e+00 1.960822530072743874e-01 2.159953489743053900e+00 1.987183360532822907e-01
1.474999999999990985e+00 2.154958185760505796e+00 1.475039581852731985e+00 1.960609132590810100e-01 2.154953745675896926e+00 1.987183362030680023e-01
1.479999999999989990e+00 2.149958440987347785e+00 1.480039326979933012e+00 1.960396206752501869e-01 2.149954001232790013e+00 1.987183363567842087e-01
1.484999999999990106e+00 2.144958695565378992e+00 1.485039072755244050e+00 1.960183744130211958e-01 2.144954256140223947e+00 1.987183365056021112e-01
1.489999999999989999e+00 2.139958949480159855e+00 1.490038819193119091e+00 1.959971737471055964e-01 2.139954510383773822e+00 1.987183366483445124e-01
1.494999999999989893e+00 2.134959203024322960e+00 1.495038566000945979e+00 1.959760177657478009e-01 2.134954764256089987e+00 1.987183367968808900e-01
1.499999999999990008e+00 2.129959456003576168e+00 1.500038313373031951e+00 1.959549057901898983e-01 2.129955017562894959e+00 1.987183369529005039e-01
1.504999999999989901e+00 2.124959708337541997e+00 1.505038061389766035e+00 1.959338370691320885e-01 2.124955270223830794e+00 1.987183370965495133e-01
1.509999999999990017e+00 2.119959960260076048e+00 1.510037809817315946e+00 1.959128108055100126e-01 2.119955522472765974e+00 1.987183372509911117e-01
1.514999999999989910e+00 2.114960211715469995e+00 1.515037558711396892e+00 1.958918262867954119e-01 2.114955774254009935e+00 1.987183373942930098e-01
1.519999999999990026e+00 2.109960462652339164e+00 1.520037308123417086e+00 1.958708827720566092e-01 2.109956025516193101e+00 1.987183375449891043e-01
1.524999999999989031e+00 2.104960713090576974e+00 1.525037058033491988e+00 1.958499795848104019e-01 2.104956276279226213e+00 1.987183376943403024e-01
1.529999999999988924e+00 2.099960963213447940e+00 1.530036808258373959e+00 1.958291160210436088e-01 2.099956526726383998e+00 1.987183378451246873e-01
1.534999999999989040e+00 2.094961212707517006e+00 1.535036559111514931e+00 1.958082912910573126e-01 2.094956776544250943e+00 1.987183379916437898e-01
1.539999999999988933e+00 2.089961461861661984e+00 1.540036310304045974e+00 1.957875048599123924e-01 2.089957026021718178e+00 1.987183381470546961e-01
1.544999999999989049e+00 2.084961710431684878e+00 1.545036062080183958e+00 1.957667559215894026e-01 2.084957274914600145e+00 1.987183382926251130e-01
1.549999999999988942e+00 2.079961958643139042e+00 1.550035814214385965e+00 1.957460439180510048e-01 2.079957523448467960e+00 1.987183384426534083e-01
1.554999999999989058e+00 2.074962206546957066e+00 1.555035566655736057e+00 1.957253681422514990e-01 2.074957771674263984e+00 1.987183385905783028e-01
1.559999999999988951e+00 2.069962453863582130e+00 1.560035319683799937e+00 1.957047280000570877e-01 2.069958019312446940e+00 1.987183387456069872e-01
1.564999999999989067e+00 2.064962700688397046e+00 1.565035073203211002e+00 1.956841227897662128e-01 2.064958266458415181e+00 1.987183388958103092e-01
1.569999999999988960e+00 2.059962947373264797e+00 1.570034826862120036e+00 1.956635519495953102e-01 2.059958513464041907e+00 1.987183390417817941e-01
1.574999999999987965e+00 2.054963193472759020e+00 1.575034581105964948e+00 1.956430148250465906e-01 2.054958759883914965e+00 1.987183391939965904e-01
1.579999999999988081e+00 2.049963439273597032e+00 1.580034335648039967e+00 1.956225108666523882e-01 2.049959006004764994e+00 1.987183393429831912e-01
1.584999999999987974e+00 2.044963684591265984e+00 1.585034090672867935e+00 1.956020394840360110e-01 2.044959251642092024e+00 1.987183394899725009e-01
1.589999999999988090e+00 2.039963929739088133e+00 1.590033845867143913e+00 1.955816000054665105e-01 2.039959497109227193e+00 1.987183396406775882e-01
1.594999999999987983e+00 2.034964174297670070e+00 1.595033601650269972e+00 1.955611919688312883e-01 2.034959741986793968e+00 1.987183397939263907e-01
1.599999999999988098e+00 2.029964418565100015e+00 1.600033357724168992e+00 1.955408147040720024e-01 2.029959986572890784e+00 1.987183399455265120e-01
1.604999999999987992e+00 2.024964662326511178e+00 1.605033114303719977e+00 1.955204678235973881e-01 2.024960230652660176e+00 1.987183400945592981e-01
1.609999999999988107e+00 2.019964905977190028e+00 1.610032870993646892e+00 1.955001505885083923e-01 2.019960474621404156e+00 1.987183402434953006e-01
1.614999999999988001e+00 2.014965149136514810e+00 1.615032628174585039e+00 1.954798625688931868e-01 2.014960718098508963e+00 1.987183403947271054e-01
1.619999999999987006e+00 2.009965391945911950e+00 1.620032385705115985e+00 1.954596032013407869e-01 2.009960961225413900e+00 1.987183405435342942e-01
1.624999999999986899e+00 2.004965634552036136e+00 1.625032143438595922e+00 1.954393720361063125e-01 2.004961204148785203e+00 1.987183406915815909e-01
1.629999999999987015e+00 1.999965876759346894e+00 1.630031901570575092e+00 1.954191684604318080e-01 1.999961446673091059e+00 1.987183408430548970e-01
1.634999999999986908e+00 1.994966118659021959e+00 1.635031660009887089e+00 1.953989920955432891e-01 1.994961688889520968e+00 1.987183409967732128e-01
1.639999999999987024e+00 1.989966360308927040e+00 1.640031418698677079e+00 1.953788423052782997e-01 1.989961930855949968e+00 1.987183411475726136e-01
1.644999999999986917e+00 1.984966601523296958e+00 1.645031177822718016e+00 1.953587187112947043e-01 1.984962172386625978e+00 1.987183412939171057e-01
1.649999999999987033e+00 1.979966842428098062e+00 1.650030937256053987e+00 1.953386208278969915e-01 1.979962413607522009e+00 1.987183414509633983e-01
1.654999999999986926e+00 1.974967083151569103e+00 1.655030696870456008e+00 1.953185481410074920e-01 1.974962654646887028e+00 1.987183415993719893e-01
1.659999999999987041e+00 1.969967323464629994e+00 1.660030456895013939e+00 1.952985001689105105e-01 1.969962895275652937e+00 1.987183417476839076e-01
1.664999999999986047e+00 1.964967563506093029e+00 1.665030217190921036e+00 1.952784765679609069e-01 1.964963135632640023e+00 1.987183419014992014e-01
1.669999999999985940e+00 1.959967803454105928e+00 1.670029977580042013e+00 1.952584768381606106e-01 1.959963375896004889e+00 1.987183420506153930e-01
1.674999999999986056e+00 1.954968042912696990e+00 1.675029738458357009e+00 1.952385005333449886e-01 1.954963615669784049e+00 1.987183422028732105e-01
1.679999999999985949e+00 1.949968282295686084e+00 1.680029499412051930e+00 1.952185472197121019e-01 1.949963855367808918e+00 1.987183423568671947e-01
1.684999999999986064e+00 1.944968521213013002e+00 1.685029260831196973e+00 1.951986164476970098e-01 1.944964094600027948e+00 1.987183425050262076e-01
1.689999999999985958e+00 1.939968759991530067e+00 1.690029022388950031e+00 1.951787078928456098e-01 1.939964333693297904e+00 1.987183426553484900e-01
1.694999999999986073e+00 1.934968998459112077e+00 1.695028784257442078e+00 1.951588211112018079e-01 1.934964572475506905e+00 1.987183428110591010e-01
1.699999999999985967e+00 1.929969236619399009e+00 1.700028546433040022e+00 1.951389556325568986e-01 1.929964810950300924e+00 1.987183429591292960e-01
1.704999999999986082e+00 1.924969474643603018e+00 1.705028308744541921e+00 1.951191111751509888e-01 1.924965049288900110e+00 1.987183431082439888e-01
1.709999999999985976e+00 1.919969712557985986e+00 1.710028071165694108e+00 1.950992872232147068e-01 1.919965287517575003e+00 1.987183432610852007e-01
1.714999999999984981e+00 1.914969949905753088e+00 1.715027834153294073e+00 1.950794835521744985e-01 1.914965525179538108e+00 1.987183434113775904e-01
1.719999999999985096e+00 1.909970187184967028e+00 1.720027597209289993e+00 1.950596997019677092e-01 1.909965762772859899e+00 1.987183435680897892e-01
1.724999999999984990e+00 1.904970424276597907e+00 1.725027360452717096e+00 1.950399353127066082e-01 1.904966000178518026e+00 1.987183437162677035e-01
1.729999999999985105e+00 1.899970661109364078e+00 1.730027123954865909e+00 1.950201900313693892e-01 1.899966237325237950e+00 1.987183438681943137e-01
1.734999999999984999e+00 1.894970897605958049e+00 1.735026887793051031e+00 1.950004635426458022e-01 1.894966474135721057e+00 1.987183440210389118e-01
1.739999999999984892e+00 1.889971134050143053e+00 1.740026651683515890e+00 1.949807553588192022e-01 1.889966710893735025e+00 1.987183441730666078e-01
1.744999999999985008e+00 1.884971370284461045e+00 1.745026415783718976e+00 1.949610653601734078e-01 1.884966947441830909e+00 1.987183443286121010e-01
1.749999999999984901e+00 1.879971606149978935e+00 1.750026180252606034e+00 1.949413930793570116e-01 1.879967183621082061e+00 1.987183444804052901e-01
1.754999999999985016e+00 1.874971841963883890e+00 1.755025944772995894e+00 1.949217382043292868e-01 1.874967419748680975e+00 1.987183446298748934e-01
1.759999999999984022e+00 1.869972077544957978e+00 1.760025709526110926e+00 1.949021003857945022e-01 1.869967655643417048e+00 1.987183447825535132e-01
1.764999999999983915e+00 1.864972313043609109e+00 1.765025474361550106e+00 1.948824793828161095e-01 1.864967891455705074e+00 1.987183449349851916e-01
1.769999999999984031e+00 1.859972548081145982e+00 1.770025239658008953e+00 1.948628748051028925e-01 1.859968126806861077e+00 1.987183450863748979e-01
1.774999999999983924e+00 1.854972783042172058e+00 1.775025005030890890e+00 1.948432864601818137e-01 1.854968362081492073e+00 1.987183452372121018e-01
1.779999999999984039e+00 1.849973017908383088e+00 1.780024770498503939e+00 1.948237139290615871e-01 1.849968597261300918e+00 1.987183453945045863e-01
1.784999999999983933e+00 1.844973252559725996e+00 1.785024536180910948e+00 1.948041569512518889e-01 1.844968832226242084e+00 1.987183455425405865e-01
1.789999999999984048e+00 1.839973486998019103e+00 1.790024302076294926e+00 1.947846152993523983e-01 1.839969066978137890e+00 1.987183456953847127e-01
1.794999999999983942e+00 1.834973721143227987e+00 1.795024068264696959e+00 1.947650886289143957e-01 1.834969301436959910e+00 1.987183458535008995e-01
1.799999999999984057e+00 1.829973955358696003e+00 1.800023834382779020e+00 1.947455767106076041e-01 1.829969535966057048e+00 1.987183460063522977e-01
1.804999999999983951e+00 1.824974189252315915e+00 1.805023600822653007e+00 1.947260791977875050e-01 1.824969770173328065e+00 1.987183461587657129e-01
1.809999999999982956e+00 1.819974422968015926e+00 1.810023367440394937e+00 1.947065959093602916e-01 1.819970004202706937e+00 1.987183463075390122e-01
1.814999999999983071e+00 1.814974656576282985e+00 1.815023134165524077e+00 1.946871265639328052e-01 1.814970238124683943e+00 1.987183464636284869e-01
1.819999999999982965e+00 1.809974890084731891e+00 1.820022900990430070e+00 1.946676708286916024e-01 1.809970471946880988e+00 1.987183466156614009e-01
1.824999999999983080e+00 1.804975123278609095e+00 1.825022668129868020e+00 1.946482286029304065e-01 1.804970705454548963e+00 1.987183467686793881e-01
1.829999999999982974e+00 1.799975356458048958e+00 1.830022435283712889e+00 1.946287994367127960e-01 1.799970938947826893e+00 1.987183469245538125e-01
1.834999999999983089e+00 1.794975589477076028e+00 1.835022202597939911e+00 1.946093832782820887e-01 1.794971172280745098e+00 1.987183470781407890e-01
1.839999999999982983e+00 1.789975822253722981e+00 1.840021970154523956e+00 1.945899797771319106e-01 1.789971405371340030e+00 1.987183472297686104e-01
1.844999999999983098e+00 1.784976054850972105e+00 1.845021737890486069e+00 1.945705887314055083e-01 1.784971638282599082e+00 1.987183473816160062e-01
1.849999999999982991e+00 1.779976287451404016e+00 1.850021505623246965e+00 1.945512099163561881e-01 1.779971871197107980e+00 1.987183475357892082e-01
1.854999999999981997e+00 1.774976519936785957e+00 1.855021273471048948e+00 1.945318430912648944e-01 1.774972103996635964e+00 1.987183476934598902e-01
1.859999999999981890e+00 1.769976752305070011e+00 1.860021041435939049e+00 1.945124879935049012e-01 1.769972336679143998e+00 1.987183478416059967e-01
1.864999999999982006e+00 1.764976984317967901e+00 1.865020809756211095e+00 1.944931445136099946e-01 1.764972569006344916e+00 1.987183479972254030e-01
1.869999999999981899e+00 1.759977216402830891e+00 1.870020578004516043e+00 1.944738123965328025e-01 1.759972801405593978e+00 1.987183481525441053e-01
1.874999999999982014e+00 1.754977448233717041e+00 1.875020346506802937e+00 1.944544913546356890e-01 1.754973033550955019e+00 1.987183483033229114e-01
1.879999999999981908e+00 1.749977680113830036e+00 1.880020114959868982e+00 1.944351812579258043e-01 1.749973265745635054e+00 1.987183484606634964e-01
1.884999999999982023e+00 1.744977911655724023e+00 1.885019883751164027e+00 1.944158819040678887e-01 1.744973497602192891e+00 1.987183486184067038e-01
1.889999999999981917e+00 1.739978143104280894e+00 1.890019652635807956e+00 1.943965930290056099e-01 1.739973729365513977e+00 1.987183487669842985e-01
1.894999999999982032e+00 1.734978374547609059e+00 1.895019421525699022e+00 1.943773145350732867e-01 1.734973961123710051e+00 1.987183489242018986e-01
1.899999999999981037e+00 1.729978605786413937e+00 1.900019190620132026e+00 1.943580461446056118e-01 1.729974192677490974e+00 1.987183490750938919e-01
1.904999999999980931e+00 1.724978837071716953e+00 1.905018959668091094e+00 1.943387877260042973e-01 1.724974424277881946e+00 1.987183492314429922e-01
1.909999999999981046e+00 1.719979068031534997e+00 1.910018729041560004e+00 1.943195390562890978e-01 1.719974655552902965e+00 1.987183493865578021e-01
1.914999999999980940e+00 1.714979298931780027e+00 1.915018498474631015e+00 1.943002999789341934e-01 1.714974886768469986e+00 1.987183495446243897e-01
1.919999999999981055e+00 1.709979529906263007e+00 1.920018267833496051e+00 1.942810702843645876e-01 1.709975118058399080e+00 1.987183496960815976e-01
1.924999999999980949e+00 1.704979760448849913e+00 1.925018037624292910e+00 1.942618498399565075e-01 1.704975348916555999e+00 1.987183498524837943e-01
1.929999999999981064e+00 1.699979991362170040e+00 1.930017807044394074e+00 1.942426384431628905e-01 1.699975580145576037e+00 1.987183500047000062e-01
1.934999999999980957e+00 1.694980221777200091e+00 1.935017576962825059e+00 1.942234359332437876e-01 1.694975810876439892e+00 1.987183501593421109e-01
1.939999999999981073e+00 1.689980452045005910e+00 1.940017347028522909e+00 1.942042421380575923e-01 1.689976041460214962e+00 1.987183503148468033e-01
1.944999999999980966e+00 1.684980682397168028e+00 1.945017117009911978e+00 1.941850568918452036e-01 1.684976272128485109e+00 1.987183504742172091e-01
1.949999999999979972e+00 1.679980912540826932e+00 1.950016887199850890e+00 1.941658800242818950e-01 1.679976502588395926e+00 1.987183506259012078e-01
1.954999999999980087e+00 1.674981142679712098e+00 1.955016657394615054e+00 1.941467114133829108e-01 1.674976733043678001e+00 1.987183507842585906e-01
1.959999999999979980e+00 1.669981372683309928e+00 1.960016427724720955e+00 1.941275508308948072e-01 1.669976963363821065e+00 1.987183509424697014e-01
1.964999999999980096e+00 1.664981602627904067e+00 1.965016198113884949e+00 1.941083982016350018e-01 1.664977193625114094e+00 1.987183510936068043e-01
1.969999999999979989e+00 1.659981832580228911e+00 1.970015968495375969e+00 1.940892533236263096e-01 1.659977423894291038e+00 1.987183512513533978e-01
1.974999999999980105e+00 1.654982062414205979e+00 1.975015738995276049e+00 1.940701160659248914e-01 1.654977654045278967e+00 1.987183514060655021e-01
1.979999999999979998e+00 1.649982292093340908e+00 1.980015509650079997e+00 1.940509863150375047e-01 1.649977884041585963e+00 1.987183515657026944e-01
1.984999999999979892e+00 1.644982521496785921e+00 1.985015280580640029e+00 1.940318637952130887e-01 1.644978113762366911e+00 1.987183517206309036e-01
1.989999999999980007e+00 1.639982751116122017e+00 1.990015051295374926e+00 1.940127485127519924e-01 1.639978343699205032e+00 1.987183518739245036e-01
1.994999999999979012e+00 1.634982980585846013e+00 1.995014822159790979e+00 1.939936403076613081e-01 1.634978573486600917e+00 1.987183520325732922e-01
1.999999999999978906e+00 1.629983209841953107e+00 2.000014593237897209e+00 1.939745389450031055e-01 1.629978803060551984e+00 1.987183521913842010e-01
2.004999999999979021e+00 1.624983439322136070e+00 2.005014364091997958e+00 1.939554443499678094e-01 1.624979032858753891e+00 1.987183523437706933e-01
2.009999999999978915e+00 1.619983668439090030e+00 2.010014135309404981e+00 1.939363564007980933e-01 1.619979262293905098e+00 1.987183524997883921e-01
2.014999999999978808e+00 1.614983897597084939e+00 2.015013906485846995e+00 1.939172749083442060e-01 1.614979491770277109e+00 1.987183526612061046e-01
2.019999999999979146e+00 1.609984126568178908e+00 2.020013677849270106e+00 1.938981998038614984e-01 1.609979721059930924e+00 1.987183528160582080e-01
2.024999999999979039e+00 1.604984355678084063e+00 2.025013449073962857e+00 1.938791309128672091e-01 1.604979950488583107e+00 1.987183529734478094e-01
2.029999999999978932e+00 1.599984584555613987e+00 2.030013220531113216e+00 1.938600681515691981e-01 1.599980179685047021e+00 1.987183531280931892e-01
2.034999999999978826e+00 1.594984813420297076e+00 2.035012992001196785e+00 1.938410113143939906e-01 1.594980408868855948e+00 1.987183532853261936e-01
2.039999999999979163e+00 1.589985042300327001e+00 2.040012763456018785e+00 1.938219603377965006e-01 1.589980638068205110e+00 1.987183534458616119e-01
2.044999999999979057e+00 1.584985270965262094e+00 2.045012535126024211e+00 1.938029150916885934e-01 1.584980867052655951e+00 1.987183536012372131e-01
2.049999999999978950e+00 1.579985499647819092e+00 2.050012306778496995e+00 1.937838754657253970e-01 1.579981096054926093e+00 1.987183537577361936e-01
2.054999999999977955e+00 1.574985728279103103e+00 2.055012078482337134e+00 1.937648412673773080e-01 1.574981325006123978e+00 1.987183539155832068e-01
2.059999999999977849e+00 1.569985957041694968e+00 2.060011850054960014e+00 1.937458124553597949e-01 1.569981554088835107e+00 1.987183540723660991e-01
2.064999999999978186e+00 1.564986185495853999e+00 2.065011621936112096e+00 1.937267888631356016e-01 1.564981782863319015e+00 1.987183542289203131e-01
2.069999999999978080e+00 1.559986413748333911e+00 2.070011394019043216e+00 1.937077703578728993e-01 1.559982011436332083e+00 1.987183543875674918e-01
2.074999999999977973e+00 1.554986642294807098e+00 2.075011165808076097e+00 1.936887568803566106e-01 1.554982240303548924e+00 1.987183545495135872e-01
2.079999999999977867e+00 1.549986870554334928e+00 2.080010937884154032e+00 1.936697483028564093e-01 1.549982468884034015e+00 1.987183547081552981e-01
2.084999999999978204e+00 1.544987098994170083e+00 2.085010709780025895e+00 1.936507444559520952e-01 1.544982697645042924e+00 1.987183548618891016e-01
2.089999999999978098e+00 1.539987327074640922e+00 2.090010482035367989e+00 1.936317452972048103e-01 1.539982926046904899e+00 1.987183550241398977e-01
2.094999999999977991e+00 1.534987555403404036e+00 2.095010254042521058e+00 1.936127506649500118e-01 1.534983154697280971e+00 1.987183551828692885e-01
2.099999999999976996e+00 1.529987783416459024e+00 2.100010026365490834e+00 1.935937604318457017e-01 1.529983383032170963e+00 1.987183553419817061e-01
2.104999999999976890e+00 1.524988011514438080e+00 2.105009798603641791e+00 1.935747745083760130e-01 1.524983611452209953e+00 1.987183554969685073e-01
2.109999999999976783e+00 1.519988239344457037e+00 2.110009571109864979e+00 1.935557927943888090e-01 1.519983839604517994e+00 1.987183556589429134e-01
2.114999999999977121e+00 1.514988467436978903e+00 2.115009343353694060e+00 1.935368152016183063e-01 1.514984068019558094e+00 1.987183558160962871e-01
2.119999999999977014e+00 1.509988695373863044e+00 2.120009115753271001e+00 1.935178415372729999e-01 1.509984296279194949e+00 1.987183559762840113e-01
2.124999999999976907e+00 1.504988923234577891e+00 2.125008888229134918e+00 1.934988717497231892e-01 1.504984524462894990e+00 1.987183561307510060e-01
2.129999999999976801e+00 1.499989151164982104e+00 2.130008660635422935e+00 1.934799057478515105e-01 1.499984752716523095e+00 1.987183562898635070e-01
2.134999999999977138e+00 1.494989378920309031e+00 2.135008433216905033e+00 1.934609433720247129e-01 1.494984980795313056e+00 1.987183564526736890e-01
2.139999999999977032e+00 1.489989606866856997e+00 2.140008205607283998e+00 1.934419845595979071e-01 1.489985209065566973e+00 1.987183566121419054e-01
2.144999999999976037e+00 1.484989834569204969e+00 2.145007978241983082e+00 1.934230291476405905e-01 1.484985437091864924e+00 1.987183567716974131e-01
2.149999999999975930e+00 1.479990062298838893e+00 2.150007750849519006e+00 1.934040770823141908e-01 1.479985665145695961e+00 1.987183569309418918e-01
2.154999999999975824e+00 1.474990289861465964e+00 2.155007523624182131e+00 1.933851282047459874e-01 1.474985893032769058e+00 1.987183570939649035e-01
2.159999999999976161e+00 1.469990517520046058e+00 2.160007296303017021e+00 1.933661824269276019e-01 1.469986121016046976e+00 1.987183572530835107e-01
2.164999999999976055e+00 1.464990745302430009e+00 2.165007068858173067e+00 1.933472396566104090e-01 1.464986349123382992e+00 1.987183574144739950e-01
2.169999999999975948e+00 1.459990972749892979e+00 2.170006841748377102e+00 1.933282998144792986e-01 1.459986576896054045e+00 1.987183575742647867e-01
2.174999999999975842e+00 1.454991200288646036e+00 2.175006614547418060e+00 1.933093627274387882e-01 1.454986804760274977e+00 1.987183577328049122e-01
2.179999999999976179e+00 1.449991428031921936e+00 2.180006387142066959e+00 1.932904282958846087e-01 1.449987032829280098e+00 1.987183578943055862e-01
2.184999999999976072e+00 1.444991655345347903e+00 2.185006160166695910e+00 1.932714964673480917e-01 1.444987260468699075e+00 1.987183580561125984e-01
2.189999999999975966e+00 1.439991882944128054e+00 2.190005932906105013e+00 1.932525670788440009e-01 1.439987488393738024e+00 1.987183582151589023e-01
2.194999999999974971e+00 1.434992110562121059e+00 2.195005705626433823e+00 1.932336400744535110e-01 1.434987716338258945e+00 1.987183583714950130e-01
2.199999999999974865e+00 1.429992337815860992e+00 2.200005478711151152e+00 1.932147152923200106e-01 1.429987943918799020e+00 1.987183585376930961e-01
2.204999999999975202e+00 1.424992565184880045e+00 2.205005251680725920e+00 1.931957926428533867e-01 1.424988171614891108e+00 1.987183586953414072e-01
2.209999999999975095e+00 1.419992792730226938e+00 2.210005024474110957e+00 1.931768720285670093e-01 1.419988399487587039e+00 1.987183588566359127e-01
2.214999999999974989e+00 1.414993019999315038e+00 2.215004797543894011e+00 1.931579533442291940e-01 1.414988627084303952e+00 1.987183590179190940e-01
2.219999999999974882e+00 1.409993247431315933e+00 2.220004570450905046e+00 1.931390364647483093e-01 1.409988854844214989e+00 1.987183591781301051e-01
2.224999999999975220e+00 1.404993474624347982e+00 2.225004343597028811e+00 1.931201213000303119e-01 1.404989082365440956e+00 1.987183593432864936e-01
2.229999999999975113e+00 1.399993702074312063e+00 2.230004116486364207e+00 1.931012076981616921e-01 1.399989310143884946e+00 1.987183595030020122e-01
2.234999999999975007e+00 1.394993929505063068e+00 2.235003889395057897e+00 1.930822956019032921e-01 1.394989537903406074e+00 1.987183596688565923e-01
2.239999999999974012e+00 1.389994156741636067e+00 2.240003662498076142e+00 1.930633848580415035e-01 1.389989765469040961e+00 1.987183598282221131e-01
2.244999999999973905e+00 1.384994384123160893e+00 2.245003435456292884e+00 1.930444753763085053e-01 1.384989993179922108e+00 1.987183599946288903e-01
2.249999999999973799e+00 1.379994611270376037e+00 2.250003208648966968e+00 1.930255670604658080e-01 1.379990220656790889e+00 1.987183601519849074e-01
2.254999999999974136e+00 1.374994838600287039e+00 2.255002981659098182e+00 1.930066597667902950e-01 1.374990448316655067e+00 1.987183603201558013e-01
2.259999999999974030e+00 1.369995065841522086e+00 2.260002754758057009e+00 1.929877533869532868e-01 1.369990675888147047e+00 1.987183604777826018e-01
2.264999999999973923e+00 1.364995292986350028e+00 2.265002527953579037e+00 1.929688478311203936e-01 1.364990903363537011e+00 1.987183606402548874e-01
2.269999999999973817e+00 1.359995520286702009e+00 2.270002300993731126e+00 1.929499429531137122e-01 1.359991130994758990e+00 1.987183608061534879e-01
2.274999999999974154e+00 1.354995747740189938e+00 2.275002073880906028e+00 1.929310386983477121e-01 1.354991358779428889e+00 1.987183609726717037e-01
2.279999999999974047e+00 1.349995975061915043e+00 2.280001846900002072e+00 1.929121348531540048e-01 1.349991586432649937e+00 1.987183611300515074e-01
2.284999999999973053e+00 1.344996202344759917e+00 2.285001619958141106e+00 1.928932313688664080e-01 1.344991814047306944e+00 1.987183612952345135e-01
2.289999999999972946e+00 1.339996429473558015e+00 2.290001393170487010e+00 1.928743281322896908e-01 1.339992041508238030e+00 1.987183614610057991e-01
2.294999999999972840e+00 1.334996656695921047e+00 2.295001166289433847e+00 1.928554249919877950e-01 1.334992269063056014e+00 1.987183616208043069e-01
2.299999999999973177e+00 1.329996884070965057e+00 2.300000939255864907e+00 1.928365218023589955e-01 1.329992496770882049e+00 1.987183617859397122e-01
2.304999999999973070e+00 1.324997111216134948e+00 2.305000712452338174e+00 1.928176185305625068e-01 1.324992724249161036e+00 1.987183619541350865e-01
2.309999999999972964e+00 1.319997338433267942e+00 2.310000485577015983e+00 1.927987149865298122e-01 1.319992951799735970e+00 1.987183621180634019e-01
2.314999999999972857e+00 1.314997565947124025e+00 2.315000258405143008e+00 1.927798110941831011e-01 1.314993179647369059e+00 1.987183622840532904e-01
2.319999999999973195e+00 1.309997793326260984e+00 2.320000031368159910e+00 1.927609066620240008e-01 1.309993407360620976e+00 1.987183624481350108e-01
2.324999999999973088e+00 1.304998020581024099e+00 2.324999804455726959e+00 1.927420016149883064e-01 1.304993634949842107e+00 1.987183626092343114e-01
2.329999999999972982e+00 1.299998247833286991e+00 2.329999577545969203e+00 1.927230958236753888e-01 1.299993862536904965e+00 1.987183627745393866e-01
2.334999999999971987e+00 1.294998475257103099e+00 2.334999350464836976e+00 1.927041891483184111e-01 1.294994090295870093e+00 1.987183629428760923e-01
2.339999999999971880e+00 1.289998702557455079e+00 2.339999123507347178e+00 1.926852814531472002e-01 1.289994317931723034e+00 1.987183631042379051e-01
2.344999999999972218e+00 1.284998929952620994e+00 2.344998896455222859e+00 1.926663726557893974e-01 1.284994545662744070e+00 1.987183632740119055e-01
2.349999999999972111e+00 1.279999157353131967e+00 2.349998669397940887e+00 1.926474625546094888e-01 1.279994773399466990e+00 1.987183634405355059e-01
2.354999999999972005e+00 1.274999384662464985e+00 2.354998442432020944e+00 1.926285510802601131e-01 1.274995001045374110e+00 1.987183636028896916e-01
2.359999999999971898e+00 1.269999612352193941e+00 2.359998215085893136e+00 1.926096380310285960e-01 1.269995229072041987e+00 1.987183637722612084e-01
2.364999999999971791e+00 1.264999839749521016e+00 2.364997988032353948e+00 1.925907233255902129e-01 1.264995456806675911e+00 1.987183639369961008e-01
2.369999999999972129e+00 1.260000067312035066e+00 2.369997760813820964e+00 1.925718068187184939e-01 1.259995684706868957e+00 1.987183640990065892e-01
2.374999999999972022e+00 1.255000294742558031e+00 2.374997533727471133e+00 1.925528883580361061e-01 1.254995912475447062e+00 1.987183642711322085e-01
2.379999999999971028e+00 1.250000522386699009e+00 2.379997306427700021e+00 1.925339677884732870e-01 1.249996140458021987e+00 1.987183644366080082e-01
2.384999999999970921e+00 1.245000749985706978e+00 2.384997079173257983e+00 1.925150449997209134e-01 1.244996368395844932e+00 1.987183646057882891e-01
2.389999999999970814e+00 1.240000977629619916e+00 2.389996851874109041e+00 1.924961198273494045e-01 1.239996596378962979e+00 1.987183647677228104e-01
2.394999999999971152e+00 1.235001205308094985e+00 2.394996624540603136e+00 1.924771921067064961e-01 1.234996824397031068e+00 1.987183649401401131e-01
2.399999999999971045e+00 1.230001432862537047e+00 2.399996397331329856e+00 1.924582617662393136e-01 1.229997052291462056e+00 1.987183651059805101e-01
2.404999999999970939e+00 1.225001660711654949e+00 2.404996169827589014e+00 1.924393285375591012e-01 1.224997280480967010e+00 1.987183652745919960e-01
2.409999999999970832e+00 1.220001888456522021e+00 2.409995942428305060e+00 1.924203923940341898e-01 1.219997508566623923e+00 1.987183654421137979e-01
2.414999999999971170e+00 1.215002116277901001e+00 2.414995714952720807e+00 1.924014530916327015e-01 1.214997736729199085e+00 1.987183656102385065e-01
2.419999999999971063e+00 1.210002344121789974e+00 2.419995487454840166e+00 1.923825105207818131e-01 1.209997964914693913e+00 1.987183657799052872e-01
2.424999999999970957e+00 1.205002571947147993e+00 2.424995259975704975e+00 1.923635644962322921e-01 1.204998193082073010e+00 1.987183659449653916e-01
2.429999999999969962e+00 1.200002799958951982e+00 2.429995032310340974e+00 1.923446148636266950e-01 1.199998421436317964e+00 1.987183661152862879e-01
2.434999999999969855e+00 1.195003028018390978e+00 2.434994804597561124e+00 1.923256614816457044e-01 1.194998649838620031e+00 1.987183662825663111e-01
2.439999999999970193e+00 1.190003256088516981e+00 2.439994576874317200e+00 1.923067041675149136e-01 1.189998878252036985e+00 1.987183664527905902e-01
2.444999999999970086e+00 1.185003484319282041e+00 2.444994348990658928e+00 1.922877427586451027e-01 1.184999106826525983e+00 1.987183666231190082e-01
2.449999999999969980e+00 1.180003712348252964e+00 2.449994121309022166e+00 1.922687771163804904e-01 1.179999335199656940e+00 1.987183667958151989e-01
2.454999999999969873e+00 1.175003940558668081e+00 2.454993893446169917e+00 1.922498070157628025e-01 1.174999563754673959e+00 1.987183669654306872e-01
2.459999999999970210e+00 1.170004168835361957e+00 2.459993665517271832e+00 1.922308323277364950e-01 1.169999792376416048e+00 1.987183671352764081e-01
2.464999999999970104e+00 1.165004397206530040e+00 2.464993437494135797e+00 1.922118528355737099e-01 1.165000021093081983e+00 1.987183673045793963e-01
2.469999999999969997e+00 1.160004625558940017e+00 2.469993209489993014e+00 1.921928684181828939e-01 1.160000249791445892e+00 1.987183674749790907e-01
2.474999999999969003e+00 1.155004854220464949e+00 2.474992981176979967e+00 1.921738788251436125e-01 1.155000478799385055e+00 1.987183676416867106e-01
2.479999999999968896e+00 1.150005082681901047e+00 2.479992753064296007e+00 1.921548839473485037e-01 1.150000707607699901e+00 1.987183678156783095e-01
2.484999999999968789e+00 1.145005311338537002e+00 2.484992524756659993e+00 1.921358835239201923e-01 1.145000936611686004e+00 1.987183679851176055e-01
2.489999999999969127e+00 1.140005540064749079e+00 2.489992296379694992e+00 1.921168774179319028e-01 1.140001165685722961e+00 1.987183681581830008e-01
2.494999999999969020e+00 1.135005768803011961e+00 2.494992067990933204e+00 1.920978654213590098e-01 1.135001394772293004e+00 1.987183683288800962e-01
2.499999999999968914e+00 1.130005997667921980e+00 2.499991839475776967e+00 1.920788473568730004e-01 1.130001623985994907e+00 1.987183685003293954e-01
2.504999999999968807e+00 1.125006226699611034e+00 2.504991610794102819e+00 1.920598229964594061e-01 1.125001853366967008e+00 1.987183686725642884e-01
2.509999999999969145e+00 1.120006455672978962e+00 2.509991382171009811e+00 1.920407921539865892e-01 1.120002082690114920e+00 1.987183688473034004e-01
2.514999999999969038e+00 1.115006684856779895e+00 2.514991153337745811e+00 1.920217546331703939e-01 1.115002312224200098e+00 1.987183690172749095e-01
2.519999999999968043e+00 1.110006913993516031e+00 2.519990924551818168e+00 1.920027102101259930e-01 1.110002541711726076e+00 1.987183691942200070e-01
2.524999999999967937e+00 1.105007143117064050e+00 2.524990695779348204e+00 1.919836586889087926e-01 1.105002771186579080e+00 1.987183693683653996e-01
2.529999999999967830e+00 1.100007372628510893e+00 2.529990466619251865e+00 1.919645998718567947e-01 1.100003001049850937e+00 1.987183695404144967e-01
2.534999999999968168e+00 1.095007602022405990e+00 2.534990237576987049e+00 1.919455334862547879e-01 1.095003230796095961e+00 1.987183697131243987e-01
2.539999999999968061e+00 1.090007831544540062e+00 2.539990008406764144e+00 1.919264593551104903e-01 1.090003460671111979e+00 1.987183698847133084e-01
2.544999999999967955e+00 1.085008061283702085e+00 2.544989779019795950e+00 1.919073773050405940e-01 1.085003690763693962e+00 1.987183700579349122e-01
2.549999999999967848e+00 1.080008291057310998e+00 2.549989549598670191e+00 1.918882869767478960e-01 1.080003920891267066e+00 1.987183702338022884e-01
2.554999999999968185e+00 1.075008520861387984e+00 2.554989320147368126e+00 1.918691882478822108e-01 1.075004151049858914e+00 1.987183704095600023e-01
2.559999999999968079e+00 1.070008750982196943e+00 2.559989090379629850e+00 1.918500808646985967e-01 1.070004381525738957e+00 1.987183705869980110e-01
2.564999999999967972e+00 1.065008981032405933e+00 2.564988860682789973e+00 1.918309645606864899e-01 1.065004611931583911e+00 1.987183707565746971e-01
2.569999999999966978e+00 1.060009211284637098e+00 2.569988630784231010e+00 1.918118391151585889e-01 1.060004842540019920e+00 1.987183709325910930e-01
2.574999999999966871e+00 1.055009441657376090e+00 2.574988400765473973e+00 1.917927042732326115e-01 1.055005073269541072e+00 1.987183711137121001e-01
2.579999999999967208e+00 1.050009671993507032e+00 2.579988170783633183e+00 1.917735597908394873e-01 1.050005303963039927e+00 1.987183712881236131e-01
2.584999999999967102e+00 1.045009902597370921e+00 2.584987940534375195e+00 1.917544054221911876e-01 1.045005534924863033e+00 1.987183714645154031e-01
2.589999999999966995e+00 1.040010133206692000e+00 2.589987710279976874e+00 1.917352408962975097e-01 1.040005765892739964e+00 1.987183716407114886e-01
2.594999999999966889e+00 1.035010364040886088e+00 2.594987479801032837e+00 1.917160659369100961e-01 1.035005997086096974e+00 1.987183718205152994e-01
2.599999999999966782e+00 1.030010594981036087e+00 2.599987249216459961e+00 1.916968802971492081e-01 1.030006228386022959e+00 1.987183719941121862e-01
2.604999999999967120e+00 1.025010826157767951e+00 2.604987018395636955e+00 1.916776837051878124e-01 1.025006459923152091e+00 1.987183721726346886e-01
2.609999999999967013e+00 1.020011057349506922e+00 2.609986787560143018e+00 1.916584758841269887e-01 1.020006691475916938e+00 1.987183723515031086e-01
2.614999999999966018e+00 1.015011288845925952e+00 2.614986556420311192e+00 1.916392565385411917e-01 1.015006923333998889e+00 1.987183725265000978e-01
2.619999999999965912e+00 1.010011520389753059e+00 2.619986325233416125e+00 1.916200254033637862e-01 1.010007155240133958e+00 1.987183727101106134e-01
2.624999999999965805e+00 1.005011751981897072e+00 2.624986093998555869e+00 1.916007821776120890e-01 1.005007387195238966e+00 1.987183728862620125e-01
2.629999999999966143e+00 1.000011983900322088e+00 2.629985862437769217e+00 1.915815265672821954e-01 1.000007619477286003e+00 1.987183730652428981e-01
2.634999999999966036e+00 9.950122157404166501e-01 2.634985630955673841e+00 1.915622582568690113e-01 9.950078516816736052e-01 1.987183732466802077e-01
2.639999999999965929e+00 9.900124480333261090e-01 2.639985399021128831e+00 1.915429769789508962e-01 9.900080843395542285e-01 1.987183734285009884e-01
2.644999999999965823e+00 9.850126804089995858e-01 2.644985167004190174e+00 1.915236823780024078e-01 9.850083170808870969e-01 1.987183736025855130e-01
2.649999999999966160e+00 9.800129130256891585e-01 2.649984934746611120e+00 1.915043741789037024e-01 9.800085500639323932e-01 1.987183737890579893e-01
2.654999999999966054e+00 9.750131455749624365e-01 2.654984702556828946e+00 1.914850520146917090e-01 9.750087829802679407e-01 1.987183739647238045e-01
2.659999999999965947e+00 9.700133783437649981e-01 2.659984470147906954e+00 1.914657155701471047e-01 9.700090161168481995e-01 1.987183741501848122e-01
2.664999999999964952e+00 9.650136114125871245e-01 2.664984237439353976e+00 1.914463645378376988e-01 9.650092495541731097e-01 1.987183743302534111e-01
2.669999999999964846e+00 9.600138446694472805e-01 2.669984004543162204e+00 1.914269985403793950e-01 9.600094831802714612e-01 1.987183745108775934e-01
2.674999999999965183e+00 9.550140780520450789e-01 2.674983771521636022e+00 1.914076172525145114e-01 9.550097169328521929e-01 1.987183746953785080e-01
2.679999999999965077e+00 9.500143116792969522e-01 2.679983538255866105e+00 1.913882203353758082e-01 9.500099509308425061e-01 1.987183748796026994e-01
2.684999999999964970e+00 9.450145454616176721e-01 2.684983304835442119e+00 1.913688073863061001e-01 9.450101850846677198e-01 1.987183750589983089e-01
2.689999999999964864e+00 9.400147793807036578e-01 2.689983071278673865e+00 1.913493780805664013e-01 9.400104193760346893e-01 1.987183752416757099e-01
2.694999999999965201e+00 9.350150135988997135e-01 2.694982837423224975e+00 1.913299320034103079e-01 9.350106539672990991e-01 1.987183754267655977e-01
2.699999999999965095e+00 9.300152479830785524e-01 2.699982603402227177e+00 1.913104688471529979e-01 9.300108887253447643e-01 1.987183756098515053e-01
2.704999999999964988e+00 9.250154827594769813e-01 2.704982368989449881e+00 1.912909881296737946e-01 9.250111238764203714e-01 1.987183757940622908e-01
2.709999999999963993e+00 9.200157174625473999e-01 2.709982134650449126e+00 1.912714895353070099e-01 9.200113589549897553e-01 1.987183759800545957e-01
2.714999999999963887e+00 9.150159526070638094e-01 2.714981899870457127e+00 1.912519726432266864e-01 9.150115944758381303e-01 1.987183761675646865e-01
2.719999999999963780e+00 9.100161878698145301e-01 2.719981664972690893e+00 1.912324370032139897e-01 9.100118301157669176e-01 1.987183763518658997e-01
2.724999999999964118e+00 9.050164233724444784e-01 2.724981429835514835e+00 1.912128822282506135e-01 9.050120659964332459e-01 1.987183765381697054e-01
2.729999999999964011e+00 9.000166591979450459e-01 2.729981194375945108e+00 1.911933079107722977e-01 9.000123022008407192e-01 1.987183767240051080e-01
2.734999999999963904e+00 8.950168951610066870e-01 2.734980958779296145e+00 1.911737135905126894e-01 8.950125385436931147e-01 1.987183769177215953e-01
2.739999999999963798e+00 8.900171314838871695e-01 2.739980722823319947e+00 1.911540988486470916e-01 8.900127752472614118e-01 1.987183771051486969e-01
2.744999999999964135e+00 8.850173679809358873e-01 2.744980486693673782e+00 1.911344631890815049e-01 8.850130121259089933e-01 1.987183772933233117e-01
2.749999999999964029e+00 8.800176047690229097e-01 2.749980250273496907e+00 1.911148061850719004e-01 8.800132492965200282e-01 1.987183774763494060e-01
2.754999999999963034e+00 8.750178419574012878e-01 2.754980013453542931e+00 1.910951274061002125e-01 8.750134868683604461e-01 1.987183776696589133e-01
2.759999999999962927e+00 8.700180792582159484e-01 2.759979776521675809e+00 1.910754263085895077e-01 8.700137245535907171e-01 1.987183778595640882e-01
2.764999999999962821e+00 8.650183167850400423e-01 2.764979539364330829e+00 1.910557024266459902e-01 8.650139624657989801e-01 1.987183780495800078e-01
2.769999999999963158e+00 8.600185547815044629e-01 2.769979301737886868e+00 1.910359552595284061e-01 8.600142008486313383e-01 1.987183782387076103e-01
2.774999999999963052e+00 8.550187928468631071e-01 2.774979064043098909e+00 1.910161843229845891e-01 8.550144393013570099e-01 1.987183784257995911e-01
2.779999999999962945e+00 8.500190315610325342e-01 2.779978825700057943e+00 1.909963890682276066e-01 8.500146784039087633e-01 1.987183786196237978e-01
2.784999999999962839e+00 8.450192701560581554e-01 2.784978587476729217e+00 1.909765689585299908e-01 8.450149173883484410e-01 1.987183788109531113e-01
2.789999999999963176e+00 8.400195094225182402e-01 2.789978348582542012e+00 1.909567235155119058e-01 8.400151570452709660e-01 1.987183790028287100e-01
2.794999999999963070e+00 8.350197488787216571e-01 2.794978109499199892e+00 1.909368521292388876e-01 8.350153968930020820e-01 1.987183792004287020e-01
2.799999999999962963e+00 8.300199885580923365e-01 2.799977870193287810e+00 1.909169542431130018e-01 8.300156369649843713e-01 1.987183793911377894e-01
2.804999999999961968e+00 8.250202286571948207e-01 2.804977630468251881e+00 1.908970292989569106e-01 8.250158774577994736e-01 1.987183795861139080e-01
2.809999999999961862e+00 8.200204691590897710e-01 2.809977390341039882e+00 1.908770767158662895e-01 8.200161183545273680e-01 1.987183797781875982e-01
2.814999999999962199e+00 8.150207099380395448e-01 2.814977149937404111e+00 1.908570958783528115e-01 8.150163595294485086e-01 1.987183799772540005e-01
2.819999999999962093e+00 8.100209509574369804e-01 2.819976909293961054e+00 1.908370861746601921e-01 8.100166009459763838e-01 1.987183801721797982e-01
2.824999999999961986e+00 8.050211923867891528e-01 2.824976668241215183e+00 1.908170469691490012e-01 8.050168427736374976e-01 1.987183803672679105e-01
2.829999999999961879e+00 8.000214343301195186e-01 2.829976426675152812e+00 1.907969776456905076e-01 8.000170851164757346e-01 1.987183805644301138e-01
2.834999999999962217e+00 7.950216765395907714e-01 2.834976184843625013e+00 1.907768775081044033e-01 7.950173277266753269e-01 1.987183807617259046e-01
2.839999999999962110e+00 7.900219191087671788e-01 2.839975942653079954e+00 1.907567459414263866e-01 7.900175706978220802e-01 1.987183809570254867e-01
2.844999999999962004e+00 7.850221622679782740e-01 2.844975699873197872e+00 1.907365822347099893e-01 7.850178142602671771e-01 1.987183811618082885e-01
2.849999999999961009e+00 7.800224055681610480e-01 2.849975456953059094e+00 1.907163856945628955e-01 7.800180579649717005e-01 1.987183813577030056e-01
2.854999999999960902e+00 7.750226492928504740e-01 2.854975213609138862e+00 1.906961555915948903e-01 7.750183020954930502e-01 1.987183815614740889e-01
2.859999999999960796e+00 7.700228936190569584e-01 2.859974969664441868e+00 1.906758911925748867e-01 7.700185468288665014e-01 1.987183817569941058e-01
2.864999999999961133e+00 7.650231382465335628e-01 2.864974725419228818e+00 1.906555917598070082e-01 7.650187918648695407e-01 1.987183819578887123e-01
2.869999999999961027e+00 7.600233834970140379e-01 2.869974480551777063e+00 1.906352565314748115e-01 7.600190375252614539e-01 1.987183821627266922e-01
2.874999999999960920e+00 7.550236289444001159e-01 2.874974235488203966e+00 1.906148846922575968e-01 7.550192833839707296e-01 1.987183823685358952e-01
2.879999999999960814e+00 7.500238747783214421e-01 2.879973990038894094e+00 1.905944754569877109e-01 7.500195296306538806e-01 1.987183825712550977e-01
2.884999999999961151e+00 7.450241213681465524e-01 2.884973743834493121e+00 1.905740279959050876e-01 7.450197766347070871e-01 1.987183827712037110e-01
2.889999999999961044e+00 7.400243682110385635e-01 2.889973497377853917e+00 1.905535414701713948e-01 7.400200238933219987e-01 1.987183829800603929e-01
2.894999999999960050e+00 7.350246156942148446e-01 2.894973250281776878e+00 1.905330150009905132e-01 7.350202717937460717e-01 1.987183831850939109e-01
2.899999999999959943e+00 7.300248636533979152e-01 2.899973002710556802e+00 1.905124477148956996e-01 7.300205201717318015e-01 1.987183833915882047e-01
2.904999999999959837e+00 7.250251121519113440e-01 2.904972754600886109e+00 1.904918386898042104e-01 7.250207690906345093e-01 1.987183835947347876e-01
2.909999999999960174e+00 7.200253610392337578e-01 2.909972506103303047e+00 1.904711870034442034e-01 7.200210183999645741e-01 1.987183838048063866e-01
2.914999999999960067e+00 7.150256105884409408e-01 2.914972256944751816e+00 1.904504916997850905e-01 7.150212683728317531e-01 1.987183840113092015e-01
2.919999999999959961e+00 7.100258607002842837e-01 2.919972007224501898e+00 1.904297517566093945e-01 7.100215189100211877e-01 1.987183842220016095e-01
2.924999999999959854e+00 7.050261111370446088e-01 2.924971757180288900e+00 1.904089662068088051e-01 7.050217697738496714e-01 1.987183844359297069e-01
2.929999999999960192e+00 7.000263623860973894e-01 2.929971506324757780e+00 1.903881340128505129e-01 7.000220214517290929e-01 1.987183846494202100e-01
2.934999999999960085e+00 6.950266140095209266e-01 2.934971255095855103e+00 1.903672540666712931e-01 6.950222735057759449e-01 1.987183848578331080e-01
2.939999999999959979e+00 6.900268664284112674e-01 2.939971003072499922e+00 1.903463253146928102e-01 6.900225263571246881e-01 1.987183850735969870e-01
2.944999999999958984e+00 6.850271192939771936e-01 2.944970750603510989e+00 1.903253466387176129e-01 6.850227796570249605e-01 1.987183852887736968e-01
2.949999999999958877e+00 6.800273729950276902e-01 2.949970497300100192e+00 1.903043168298328980e-01 6.800230337943274916e-01 1.987183855019956091e-01
2.954999999999959215e+00 6.750276272481414708e-01 2.954970243445711908e+00 1.902832347485876041e-01 6.750232884856538496e-01 1.987183857199943116e-01
2.959999999999959108e+00 6.700278819748746173e-01 2.959969989118814926e+00 1.902620991510848014e-01 6.700235436526050803e-01 1.987183859321504098e-01
2.964999999999959002e+00 6.650281374954829516e-01 2.964969733999177848e+00 1.902409087556805878e-01 6.650237996154830800e-01 1.987183861523361961e-01
2.969999999999958895e+00 6.600283938952316021e-01 2.969969478001563967e+00 1.902196623164333911e-01 6.600240564596007165e-01 1.987183863730692113e-01
2.974999999999958789e+00 6.550286507113014522e-01 2.974969221588815049e+00 1.901983584660771887e-01 6.550243137221885004e-01 1.987183865909039893e-01
2.979999999999959126e+00 6.500289082106291971e-01 2.979968964494028150e+00 1.901769958171529995e-01 6.500245716702345300e-01 1.987183868150491084e-01
2.984999999999959019e+00 6.450291665340728287e-01 2.984968706576370145e+00 1.901555729588124966e-01 6.450248304446503100e-01 1.987183870350159864e-01
2.989999999999958025e+00 6.400294256548022531e-01 2.989968447862702217e+00 1.901340884280776911e-01 6.400250900186607028e-01 1.987183872558810904e-01
2.994999999999957918e+00 6.350296855969190801e-01 2.994968188328952952e+00 1.901125406947392904e-01 6.350253504164243834e-01 1.987183874831154051e-01
2.999999999999957812e+00 6.300299460922360595e-01 2.999967928243341131e+00 1.900909282310233872e-01 6.300256113698140537e-01 1.987183877051796888e-01
3.004999999999958149e+00 6.250302076859952649e-01 3.004967667060658876e+00 1.900692493938641869e-01 6.250258734241334047e-01 1.987183879336638925e-01
3.009999999999958042e+00 6.200304698897980415e-01 3.009967405269339924e+00 1.900475025316487876e-01 6.200261360910479524e-01 1.987183881604935864e-01
3.014999999999957936e+00 6.150307329356223818e-01 3.014967142637440034e+00 1.900256859254814967e-01 6.150263996026023028e-01 1.987183883934657003e-01
3.019999999999957829e+00 6.100309969710906444e-01 3.019966879017378147e+00 1.900037977775717035e-01 6.100266641064885365e-01 1.987183886222801954e-01
3.024999999999958167e+00 6.050312620156432786e-01 3.024966614389748010e+00 1.899818362469823108e-01 6.050269296222192672e-01 1.987183888591332048e-01
3.029999999999958060e+00 6.000315278539574138e-01 3.029966348969915124e+00 1.899597994187033900e-01 6.000271959345471195e-01 1.987183890887994075e-01
3.034999999999957954e+00 5.950317945430469990e-01 3.034966082700906842e+00 1.899376853132848930e-01 5.950274631005646464e-01 1.987183893225092091e-01
3.039999999999956959e+00 5.900320623018160404e-01 3.039965815363861790e+00 1.899154918944896131e-01 5.900277313392567891e-01 1.987183895637927022e-01
3.044999999999956852e+00 5.850323310644398589e-01 3.044965547024649943e+00 1.898932170248834039e-01 5.850280005848847997e-01 1.987183898030588924e-01
3.049999999999957190e+00 5.800326004877547348e-01 3.049965278026485205e+00 1.898708584716445047e-01 5.800282704943743317e-01 1.987183900401487957e-01
3.054999999999957083e+00 5.750328712656482821e-01 3.054965007675523925e+00 1.898484139511409929e-01 5.750285417617054806e-01 1.987183902840669036e-01
3.059999999999956977e+00 5.700331432972802759e-01 3.059964736072661839e+00 1.898258810800139973e-01 5.700288142861357210e-01 1.987183905234435055e-01
3.064999999999956870e+00 5.650334161255159415e-01 3.064964463675087014e+00 1.898032573622676078e-01 5.650290876106311977e-01 1.987183907709602071e-01
3.069999999999957208e+00 5.600336901673017564e-01 3.069964190065908038e+00 1.897805402342747083e-01 5.600293621522458576e-01 1.987183910125938924e-01
3.074999999999957101e+00 5.550339653612468283e-01 3.074963915306573092e+00 1.897577269578893944e-01 5.550296378496999417e-01 1.987183912601029057e-01
3.079999999999956994e+00 5.500342419853154752e-01 3.079963639119180918e+00 1.897348147697058007e-01 5.500299149810737864e-01 1.987183915164874026e-01
3.084999999999956000e+00 5.450345196747434784e-01 3.084963361868561016e+00 1.897118007082768953e-01 5.450301931817269629e-01 1.987183917656900056e-01
3.089999999999955893e+00 5.400347985075200086e-01 3.089963083476789052e+00 1.896886817269604064e-01 5.400304725297768726e-01 1.987183920209029953e-01
3.094999999999955786e+00 5.350350786877129394e-01 3.094962803739869095e+00 1.896654546020092036e-01 5.350307532294265034e-01 1.987183922767669919e-01
3.099999999999956124e+00 5.300353603780649792e-01 3.099962522495129935e+00 1.896421160250406079e-01 5.300310354435607829e-01 1.987183925354306102e-01
3.104999999999956017e+00 5.250356434007130702e-01 3.104962239920519007e+00 1.896186624488704064e-01 5.250313189944663117e-01 1.987183927932797134e-01
3.109999999999955911e+00 5.200359278020414422e-01 3.109961955969728020e+00 1.895950902257695914e-01 5.200316039286849712e-01 1.987183930545660115e-01
3.114999999999955804e+00 5.150362137076740510e-01 3.114961670517220949e+00 1.895713954848892990e-01 5.150318903720063624e-01 1.987183933254992874e-01
3.119999999999956142e+00 5.100365012449969981e-01 3.119961383435701840e+00 1.895475741835732086e-01 5.100321784519926682e-01 1.987183935895807940e-01
3.124999999999956035e+00 5.050367902927064279e-01 3.124961094846571807e+00 1.895236220838240060e-01 5.050324680475247741e-01 1.987183938576163877e-01
3.129999999999955040e+00 5.000370808821799073e-01 3.129960804718554979e+00 1.894995346787523016e-01 5.000327591901759794e-01 1.987183941347513971e-01
3.134999999999954934e+00 4.950373732665980242e-01 3.134960512798575127e+00 1.894753072539629990e-01 4.950330521333344835e-01 1.987183944047568041e-01
3.139999999999954827e+00 4.900376673700748142e-01 3.139960219162632793e+00 1.894509348655512015e-01 4.900333468013334803e-01 1.987183946847078109e-01
3.144999999999955165e+00 4.850379634848422938e-01 3.144959923518617195e+00 1.894264122137334083e-01 4.850336434866384105e-01 1.987183949659107884e-01
3.149999999999955058e+00 4.800382613229317030e-01 3.149959626154620995e+00 1.894017337633913112e-01 4.800339419015274833e-01 1.987183952501336004e-01
3.154999999999954952e+00 4.750385610687998805e-01 3.154959326886325854e+00 1.893768936207957942e-01 4.750342422307209933e-01 1.987183955368405919e-01
3.159999999999954845e+00 4.700388629530606877e-01 3.159959025483258799e+00 1.893518855567075942e-01 4.700345447051125780e-01 1.987183958283275098e-01
3.164999999999955183e+00 4.650391668180304805e-01 3.164958722103258015e+00 1.893267029567496096e-01 4.650348491673171880e-01 1.987183961236324015e-01
3.169999999999955076e+00 4.600394729711752007e-01 3.169958416439019988e+00 1.893013387568978079e-01 4.600351559251192879e-01 1.987183964264223890e-01
3.174999999999954969e+00 4.550397814314238176e-01 3.174958108471789053e+00 1.892757854868994116e-01 4.550354649977889077e-01 1.987183967273954133e-01
3.179999999999953975e+00 4.500400923269580744e-01 3.179957798073568931e+00 1.892500351230639866e-01 4.500357765138722765e-01 1.987183970279677026e-01
3.184999999999953868e+00 4.450404055644411883e-01 3.184957485337898131e+00 1.892240791524150978e-01 4.450360903804230217e-01 1.987183973409477056e-01
3.189999999999954206e+00 4.400407216790541143e-01 3.189957169729805919e+00 1.891979084393944077e-01 4.400364071330415960e-01 1.987183976576910871e-01
3.194999999999954099e+00 4.350410402226997930e-01 3.194956851697619005e+00 1.891715131885726986e-01 4.350367263240830784e-01 1.987183979760888952e-01
3.199999999999953992e+00 4.300413617710888148e-01 3.199956530665879040e+00 1.891448828846991059e-01 4.300370485297436152e-01 1.987183982991146125e-01
3.204999999999953886e+00 4.250416861730172968e-01 3.204956206786048867e+00 1.891180062287214081e-01 4.250373735993437929e-01 1.987183986302102079e-01
3.209999999999953779e+00 4.200420136975254182e-01 3.209955879789380795e+00 1.890908710518003077e-01 4.200377018024913922e-01 1.987183989632795023e-01
3.214999999999954117e+00 4.150423445989304128e-01 3.214955549421866010e+00 1.890634641788878079e-01 4.150380333941174893e-01 1.987183993047720865e-01
3.219999999999954010e+00 4.100426791480912825e-01 3.219955215412981797e+00 1.890357714042993909e-01 4.100383686457477195e-01 1.987183996527331076e-01
3.224999999999953015e+00 4.050430169903052047e-01 3.224954878117801016e+00 1.890077772470752926e-01 4.050387072034046243e-01 1.987183999997627903e-01
3.229999999999952909e+00 4.000433588224154846e-01 3.229954536839878099e+00 1.889794649643982138e-01 4.000390497647207111e-01 1.987184003631208007e-01
3.234999999999952802e+00 3.950437048696358033e-01 3.234954191354431963e+00 1.889508162604935093e-01 3.950393965557731923e-01 1.987184007274385988e-01
3.239999999999953140e+00 3.900440551218479768e-01 3.239953841672062129e+00 1.889218111753085960e-01 3.900397475673884062e-01 1.987184011021775887e-01
3.244999999999953033e+00 3.850444099482501770e-01 3.244953487424087957e+00 1.888924278480346997e-01 3.850401031698013066e-01 1.987184014831306078e-01
3.249999999999952927e+00 3.800447695430194117e-01 3.249953128416910975e+00 1.888626422710137087e-01 3.800404635583293778e-01 1.987184018740202895e-01
3.254999999999952820e+00 3.750451345703140760e-01 3.254952763987001951e+00 1.888324280386581011e-01 3.750408293983895081e-01 1.987184022776256054e-01
3.259999999999953157e+00 3.700455048406752212e-01 3.259952394324523883e+00 1.888017559670638057e-01 3.700412005019149131e-01 1.987184026854169061e-01
3.264999999999953051e+00 3.650458811650877933e-01 3.264952018619267093e+00 1.887705937540702095e-01 3.650415776814346924e-01 1.987184031065684087e-01
3.269999999999952944e+00 3.600462639714123725e-01 3.269951636444233145e+00 1.887389055194388932e-01 3.600419613665277740e-01 1.987184035412530025e-01
3.274999999999951950e+00 3.550466533957887805e-01 3.274951247664246168e+00 1.887066512529204099e-01 3.550423516952527225e-01 1.987184039863215124e-01
3.279999999999951843e+00 3.500470504455960863e-01 3.279950851273004009e+00 1.886737862436776991e-01 3.500427496771367775e-01 1.987184044477144917e-01
3.284999999999952180e+00 3.450474554463767163e-01 3.284950446946178992e+00 1.886402602733402989e-01 3.450431556401363786e-01 1.987184049261246921e-01
3.289999999999952074e+00 3.400478689947589728e-01 3.289950034088505948e+00 1.886060167966981116e-01 3.400435701836045932e-01 1.987184054134394084e-01
3.294999999999951967e+00 3.350482921115371937e-01 3.294949611680737078e+00 1.885709918676460872e-01 3.350439943314176272e-01 1.987184059213963072e-01
3.299999999999951861e+00 3.300487256454402996e-01 3.299949178875898781e+00 1.885351128919834085e-01 3.300444289358087091e-01 1.987184064523365989e-01
3.304999999999952198e+00 3.250491703433909252e-01 3.304948734929073151e+00 1.884982970564562099e-01 3.250448747476997191e-01 1.987184070003328862e-01
3.309999999999952092e+00 3.200496275176761274e-01 3.309948278530268073e+00 1.884604495946405889e-01 3.200453330839608812e-01 1.987184075719188037e-01
3.314999999999951985e+00 3.150500986556040162e-01 3.314947808194816048e+00 1.884214614480687888e-01 3.150458054371758077e-01 1.987184081724908125e-01
3.319999999999950990e+00 3.100505849519378798e-01 3.319947322731009010e+00 1.883812065886638076e-01 3.100462930082091839e-01 1.987184087964173895e-01
3.324999999999950884e+00 3.050510884377501952e-01 3.324946820111319923e+00 1.883395386884398892e-01 3.050467978352218168e-01 1.987184094577361115e-01
3.329999999999951221e+00 3.000516109513852725e-01 3.329946298501547997e+00 1.882962869263221095e-01 3.000473217648355062e-01 1.987184101605020958e-01
3.334999999999951115e+00 2.950521550209260213e-01 3.334945755378468935e+00 1.882512509141416046e-01 2.950478673348477798e-01 1.987184108952423089e-01
3.339999999999951008e+00 2.900527237133871949e-01 3.339945187680802174e+00 1.882041943714549970e-01 2.900484376237307815e-01 1.987184116863622008e-01
3.344999999999950901e+00 2.850533199913626858e-01 3.344944592452745891e+00 1.881548371364958061e-01 2.850490356076668119e-01 1.987184125239279120e-01
3.349999999999950795e+00 2.800539484831289783e-01 3.349943965074125174e+00 1.881028452668022932e-01 2.800496659311285108e-01 1.987184134315808925e-01
3.354999999999951132e+00 2.750546135930562741e-01 3.354943301150274060e+00 1.880478185832482885e-01 2.750503330178967754e-01 1.987184144009422893e-01
3.359999999999951026e+00 2.700553209471650007e-01 3.359942595066860882e+00 1.879892750299493875e-01 2.700510425173723861e-01 1.987184154610527054e-01
3.364999999999950031e+00 2.650560780982119113e-01 3.364941839285279901e+00 1.879266309173160121e-01 2.650518020106142902e-01 1.987184166139945862e-01
3.369999999999949925e+00 2.600568936663592012e-01 3.369941025202573215e+00 1.878591762853427105e-01 2.600526201522022074e-01 1.987184178864943029e-01
3.374999999999949818e+00 2.550577777368516763e-01 3.374940142754502048e+00 1.877860438213611871e-01 2.550535070694068818e-01 1.987184192920251891e-01
3.379999999999950155e+00 2.500587432842137914e-01 3.379939178992275028e+00 1.877061705025953875e-01 2.500544757882355862e-01 1.987184208498747051e-01
3.384999999999950049e+00 2.450598063280721994e-01 3.384938117927855039e+00 1.876182503005542901e-01 2.450555423915226905e-01 1.987184226063579973e-01
3.389999999999949942e+00 2.400609862999374122e-01 3.389936940168552848e+00 1.875206770035384995e-01 2.400567263884473002e-01 1.987184245914818126e-01
3.394999999999949836e+00 2.350623067616197936e-01 3.394935622200201841e+00 1.874114768860287994e-01 2.350580514361536866e-01 1.987184268512925123e-01
3.399999999999950173e+00 2.300637975157399928e-01 3.399934134278459030e+00 1.872882323131201954e-01 2.300595474538804086e-01 1.987184294477198909e-01
3.404999999999950067e+00 2.250654938434664132e-01 3.404932441192999981e+00 1.871479994589317075e-01 2.250612498645488957e-01 1.987184324480555930e-01
3.409999999999949960e+00 2.200674389986758961e-01 3.409930499775204016e+00 1.869872274071293916e-01 2.200632020926520105e-01 1.987184359328529049e-01
3.414999999999948965e+00 2.150696841708850116e-01 3.414928258936754890e+00 1.868016895583922976e-01 2.150654555302211057e-01 1.987184400117520122e-01
3.419999999999948859e+00 2.100722894987540890e-01 3.419925658656917111e+00 1.865864429214434128e-01 2.100680705519060998e-01 1.987184447888155070e-01
3.424999999999949196e+00 2.050753238232018993e-01 3.424922630229033871e+00 1.863358328029678102e-01 2.050711162673266863e-01 1.987184504059580081e-01
3.429999999999949090e+00 2.000788637623927002e-01 3.429919097183625976e+00 1.860435578621678077e-01 2.000746695922152874e-01 1.987184570085269997e-01
3.434999999999948983e+00 1.950829924197315102e-01 3.434914976576775913e+00 1.857028019714656031e-01 1.950788139491826112e-01 1.987184647473083099e-01
3.439999999999948876e+00 1.900877972707953056e-01 3.439910181098107866e+00 1.853064244374915959e-01 1.900836371444593054e-01 1.987184737939189927e-01
3.444999999999949214e+00 1.850933672454821988e-01 3.444904621982672221e+00 1.848471843094101064e-01 1.850892284381220887e-01 1.987184843014024871e-01
3.449999999999949107e+00 1.800997897525747071e-01 3.449898211980435114e+00 1.843179638472318971e-01 1.800956755567398870e-01 1.987184964329447023e-01
3.454999999999949001e+00 1.751071497554602119e-01 3.454890866275476036e+00 1.837119560096804882e-01 1.751030637589371108e-01 1.987185103411300002e-01
3.459999999999948006e+00 1.701155266116760878e-01 3.459882505642872808e+00 1.830227906962655082e-01 1.701114726677958044e-01 1.987185261451653862e-01
3.464999999999947899e+00 1.651249945915544970e-01 3.464873055928198831e+00 1.822445914097003961e-01 1.651209767857763078e-01 1.987185439635495987e-01
3.469999999999947793e+00 1.601356234579807136e-01 3.469862447467466193e+00 1.813719679243769867e-01 1.601316460738833880e-01 1.987185638893602946e-01
3.474999999999948130e+00 1.551474773829326914e-01 3.474850616171475171e+00 1.803999598733418974e-01 1.551435448699867992e-01 1.987185860141479077e-01
3.479999999999948024e+00 1.501606181799761963e-01 3.479837500294931996e+00 1.793239497866042087e-01 1.501567351245254034e-01 1.987186103971314011e-01
3.484999999999947917e+00 1.451751053721145879e-01 3.484823040370526925e+00 1.781395600707721960e-01 1.451712764722513094e-01 1.987186371000594087e-01
3.489999999999947811e+00 1.401909984216959948e-01 3.489807176981024828e+00 1.768425456879708924e-01 1.401872284660921064e-01 1.987186661629624096e-01
3.494999999999948148e+00 1.352083574943439004e-01 3.494789849997161024e+00 1.754286883016424048e-01 1.352046513447739962e-01 1.987186976211970102e-01
3.499999999999948042e+00 1.302272453218664972e-01 3.499770996716352833e+00 1.738936950345638943e-01 1.302236078989522927e-01 1.987187315028688950e-01
3.504999999999947047e+00 1.252477289336023092e-01 3.504750550132701203e+00 1.722331015383828934e-01 1.252441652052672105e-01 1.987187678406389935e-01
3.509999999999946940e+00 1.202698805115832020e-01 3.509728438082940993e+00 1.704421771973932964e-01 1.202663954837329963e-01 1.987188066407890030e-01
3.514999999999946834e+00 1.152937793139540978e-01 3.514704581323905952e+00 1.685158303152899106e-01 1.152903780229261044e-01 1.987188479282006037e-01
3.519999999999947171e+00 1.103195136971120011e-01 3.519678891511076824e+00 1.664485093173007912e-01 1.103162012035106970e-01 1.987188917107212960e-01
3.524999999999947065e+00 1.053471830007514931e-01 3.524651269314075908e+00 1.642340957354238018e-01 1.053439643843585988e-01 1.987189379954150958e-01
3.529999999999946958e+00 1.003768988647815025e-01 3.529621603100161042e+00 1.618657836324892130e-01 1.003737792202941959e-01 1.987189867938788101e-01
3.534999999999946851e+00 9.540878978032107938e-02 3.534589764383501809e+00 1.593359412726700897e-01 9.540577421364970778e-02 1.987190381062209077e-01
3.539999999999947189e+00 9.044300425903895047e-02 3.539555604656051901e+00 1.566359456121355909e-01 9.044009788401030647e-02 1.987190919459488059e-01
3.544999999999947082e+00 8.547971341787263810e-02 3.544518952802957035e+00 1.537559798321183058e-01 8.547692135321649509e-02 1.987191483020719074e-01
3.549999999999946976e+00 8.051911921192189681e-02 3.549479606869681003e+00 1.506847844840475126e-01 8.051644657828738172e-02 1.987192071907399882e-01
3.554999999999945981e+00 7.556146095750726488e-02 3.554437327538915170e+00 1.474093404072311930e-01 7.555891287443117221e-02 1.987192685977932916e-01
3.559999999999945874e+00 7.060702500641014012e-02 3.559391828456222928e+00 1.439144605602515059e-01 7.060460658905176601e-02 1.987193325262787136e-01
3.564999999999946212e+00 6.565615846443861869e-02 3.564342762511237162e+00 1.401822545917398022e-01 6.565387481986273421e-02 1.987193989773035074e-01
3.569999999999946105e+00 6.070928947690434896e-02 3.569289701551796146e+00 1.361914130705957904e-01 6.070714569960222740e-02 1.987194679366890981e-01
3.574999999999945999e+00 5.576695255632335702e-02 3.574232111055708039e+00 1.319162256979506953e-01 5.576495372266199180e-02 1.987195394021488981e-01
3.579999999999945892e+00 5.082983095596028261e-02 3.579169307756295826e+00 1.273252090624470978e-01 5.082798211685213285e-02 1.987196133554202104e-01
3.584999999999945786e+00 4.589881556363462067e-02 3.584100400747296966e+00 1.223791242441114036e-01 4.589712173461302225e-02 1.987196897835966092e-01
3.589999999999946123e+00 4.097510397330639265e-02 3.589024192409095093e+00 1.170280296648112950e-01 4.097357012029235329e-02 1.987197686584460943e-01
3.594999999999946017e+00 3.606036009785174024e-02 3.593939018792430051e+00 1.112067156879995022e-01 3.605899111591281958e-02 1.987198499457281942e-01
3.599999999999945022e+00 3.115700091339590125e-02 3.598842462867795966e+00 1.048273111307022054e-01 3.115580159301500895e-02 1.987199336004160100e-01
3.604999999999944915e+00 2.626874077028462998e-02 3.603730810202625978e+00 9.776662718044810962e-02 2.626771574001085865e-02 1.987200195293485905e-01
3.609999999999944809e+00 2.140176180836450906e-02 3.608597878520805047e+00 8.984299783835301978e-02 2.140091542712163966e-02 1.987201076137012079e-01
3.614999999999945146e+00 1.656749131235002101e-02 3.613432240287696828e+00 8.077051404710081095e-02 1.656682744261528048e-02 1.987201976000143866e-01
3.619999999999945040e+00 1.179084490757109985e-02 3.618208979338890963e+00 7.006361652822738761e-02 1.179036633745511944e-02 1.987202889585878984e-01
3.624999999999944933e+00 7.159426870889579186e-03 3.622840489544265186e+00 5.641901762842085888e-02 7.159132685486624403e-03 1.987203798668910892e-01
3.629999999999944826e+00 3.343982702453865159e-03 3.626656011382975109e+00 3.934479228802927747e-02 3.343843910559641131e-03 1.987204564867597889e-01
